date,doy,month,year,rainfall_mm,rainfall_src,temp_max_c,temp_min_c,temp_src,district,is_rabi,et0_mm,kc_wheat,kc_paddy,etc_wheat_mm,crop_water_demand_mcm,paddy_demand_mcm,total_crop_draft_mcm,canal_supply_mcm,gw_draft_mcm,rain_recharge_mcm,total_recharge_mcm,net_flux_mcm,cumulative_decline_m,gw_level_mbgl,rolling_7d_rainfall,rolling_30d_temp,rolling_14d_demand,rain_anom_30d,stress_index
2021-10-01,274,10,2021,0.0,generated,32.0,17.9,generated,Moga,0,5.091,0.0,1.2,0.0,0.0,9.108,9.108,4.692,9.2998,0.0,0.0,9.2998,0.03335669822799872,30.4,0.0,32.0,0.0,0.0,0.787
2021-10-02,275,10,2021,0.0,generated,30.9,16.8,generated,Moga,0,4.927,0.0,1.2,0.0,0.0,8.8149,8.8149,4.541,9.0067,0.0,0.0125,8.9942,0.06561724771318532,30.432,0.0,31.45,0.0,0.0,0.762
2021-10-03,276,10,2021,0.0,generated,31.8,22.2,generated,Moga,0,4.344,0.0,1.189,0.0,0.0,7.7028,7.7028,3.9681,7.8946,0.0,0.036,7.8586,0.09380444463401137,30.46,0.0,31.57,0.0,0.0,0.665
2021-10-04,277,10,2021,0.0,generated,32.2,16.8,generated,Moga,0,5.16,0.0,1.175,0.0,0.0,9.0409,9.0409,4.6574,9.2327,0.0,0.0681,9.1646,0.12667603186360057,30.493,0.0,31.72,0.0,0.0,0.781
2021-10-05,278,10,2021,0.0,generated,33.4,21.1,generated,Moga,0,4.878,0.0,1.161,0.0,0.0,8.444,8.444,4.3499,8.6358,0.0,0.1099,8.5259,0.15725699841360619,30.524,0.0,32.06,0.0,0.0,0.73
2021-10-06,279,10,2021,0.0,generated,31.3,17.7,generated,Moga,0,4.783,0.0,1.147,0.0,0.0,8.1792,8.1792,4.2135,8.371,0.0,0.1595,8.2115,0.18671008285507706,30.553,0.0,31.93,0.0,0.0,0.707
2021-10-07,280,10,2021,0.82,generated,29.7,20.0,generated,Moga,0,4.045,0.0,1.133,0.0,0.0,5.6171,5.6171,2.8937,5.8089,0.1463,0.216,5.5929,0.20677082368220576,30.573,0.82,31.61,0.0,0.75,0.485
2021-10-08,281,10,2021,4.98,generated,30.9,15.8,generated,Moga,0,4.836,0.0,1.119,0.0,0.0,0.9363,0.9363,0.4823,1.1281,0.8886,0.2752,0.8529,0.20982995594159845,30.576,5.8,31.52,0.0,5.32,0.081
2021-10-09,282,10,2021,3.2,generated,28.7,19.0,generated,Moga,0,3.896,0.0,1.105,0.0,0.0,1.7662,1.7662,0.9099,1.958,0.571,0.331,1.627,0.2156656135205511,30.582,9.0,31.21,0.0,8.25,0.153
2021-10-10,283,10,2021,0.0,generated,28.5,16.0,generated,Moga,0,4.222,0.0,1.09,0.0,0.0,6.8643,6.8643,3.5362,7.0561,0.0,0.3845,6.6716,0.23959536257742003,30.606,9.0,30.94,0.0,8.25,0.593
2021-10-11,284,10,2021,0.0,generated,27.4,12.9,generated,Moga,0,4.279,0.0,1.076,0.0,0.0,6.8658,6.8658,3.5369,7.0576,0.0,0.4424,6.6152,0.2633230298295222,30.63,9.0,30.62,0.0,8.25,0.593
2021-10-12,285,10,2021,0.0,generated,26.6,14.5,generated,Moga,0,3.922,0.0,1.062,0.0,0.0,6.2104,6.2104,3.1993,6.4022,0.0,0.5041,5.8981,0.28447849621443355,30.651,9.0,30.28,0.0,8.25,0.537
2021-10-13,286,10,2021,0.0,generated,25.7,9.5,generated,Moga,0,4.159,0.0,1.048,0.0,0.0,6.4983,6.4983,3.3476,6.6901,0.0,0.5684,6.1217,0.3064360457293161,30.673,9.0,29.93,0.0,8.25,0.561
2021-10-14,287,10,2021,0.0,generated,27.3,15.4,generated,Moga,0,3.914,0.0,1.034,0.0,0.0,6.0329,6.0329,3.1079,6.2247,0.0,0.6353,5.5894,0.3264843143696457,30.693,8.18,29.74,0.0,8.25,0.521
2021-10-15,288,10,2021,0.0,generated,27.8,15.4,generated,Moga,0,3.992,0.0,1.02,0.0,0.0,6.069,6.069,3.1265,6.2608,0.0,0.7038,5.557,0.34641617385496837,30.713,3.2,29.61,0.0,8.25,0.524
2021-10-16,289,10,2021,0.0,generated,29.9,23.2,generated,Moga,0,3.279,0.0,1.006,0.0,0.0,4.9163,4.9163,2.5326,5.1081,0.0,0.7738,4.3343,0.36196244121382576,30.729,0.0,29.63,0.0,8.25,0.425
2021-10-17,290,10,2021,0.0,generated,30.1,22.1,generated,Moga,0,3.521,0.0,0.991,0.0,0.0,5.2049,5.2049,2.6813,5.3967,0.0,0.8434,4.5533,0.3782941723940255,30.745,0.0,29.66,0.0,8.25,0.45
2021-10-18,291,10,2021,0.0,generated,30.4,18.3,generated,Moga,0,4.128,0.0,0.977,0.0,0.0,6.0145,6.0145,3.0984,6.2063,0.0,0.913,5.2933,0.3972803751961062,30.764,0.0,29.7,0.0,8.25,0.52
2021-10-19,292,10,2021,0.0,generated,33.9,22.8,generated,Moga,0,4.298,0.0,0.963,0.0,0.0,6.1709,6.1709,3.1789,6.3627,0.0,0.9834,5.3793,0.4165748409289999,30.783,0.0,29.92,0.0,8.25,0.533
2021-10-20,293,10,2021,0.0,generated,35.9,21.9,generated,Moga,0,4.848,0.0,0.949,0.0,0.0,6.8596,6.8596,3.5337,7.0514,0.0,1.0548,5.9966,0.43808348075373,30.805,0.0,30.22,0.0,8.25,0.593
2021-10-21,294,10,2021,0.0,generated,34.1,20.3,generated,Moga,0,4.605,0.0,0.935,0.0,0.0,6.4176,6.4176,3.306,6.6094,0.0,1.1279,5.4815,0.4577446605912844,30.824,0.0,30.4,0.0,8.25,0.554
2021-10-22,295,10,2021,3.23,generated,33.3,16.2,generated,Moga,0,4.811,0.0,0.921,0.0,0.0,1.9131,1.9131,0.9855,2.1049,0.5763,1.2018,0.9031,0.46098404549666483,30.828,3.23,30.54,0.0,11.21,0.165
2021-10-23,296,10,2021,0.0,generated,34.7,20.4,generated,Moga,0,4.655,0.0,0.907,0.0,0.0,6.2917,6.2917,3.2412,6.4835,0.0,1.2705,5.213,0.479682072704468,30.846,3.23,30.72,0.0,11.21,0.544
2021-10-24,297,10,2021,0.0,generated,30.0,14.9,generated,Moga,0,4.215,0.0,0.892,0.0,0.0,5.6075,5.6075,2.8887,5.7993,0.0,1.34,4.4593,0.495676678159611,30.862,3.23,30.69,0.0,11.21,0.484
2021-10-25,298,10,2021,0.0,generated,29.4,15.1,generated,Moga,0,4.051,0.0,0.878,0.0,0.0,5.3049,5.3049,2.7328,5.4967,0.0,1.4092,4.0875,0.5103379053939016,30.877,3.23,30.64,0.0,11.21,0.458
2021-10-26,299,10,2021,0.0,generated,28.5,14.9,generated,Moga,0,3.868,0.0,0.864,0.0,0.0,4.9837,4.9837,2.5674,5.1755,0.0,1.4774,3.6981,0.5236021667946394,30.89,3.23,30.55,0.0,11.21,0.431
2021-10-27,300,10,2021,0.0,generated,26.0,16.1,generated,Moga,0,3.223,0.0,0.85,0.0,0.0,4.0837,4.0837,2.1037,4.2755,0.0,1.5444,2.7311,0.533398287289611,30.9,3.23,30.39,0.0,11.21,0.353
2021-10-28,301,10,2021,0.0,generated,26.2,14.8,generated,Moga,0,3.384,0.0,0.0,0.0,0.0,0.0,0.0,0.0,0.1918,0.0,1.6087,-1.4169,0.52831623231673,30.895,3.23,30.24,0.0,11.21,0.0
2021-10-29,302,10,2021,0.0,generated,23.1,12.4,generated,Moga,0,3.021,0.0,0.0,0.0,0.0,0.0,0.0,0.0,0.1918,0.0,1.6649,-1.4731,0.523032551298107,30.89,0.0,29.99,0.0,11.21,0.0
2021-10-30,303,10,2021,17.56,generated,28.9,22.6,generated,Moga,0,2.82,0.0,0.0,0.0,0.0,0.0,0.0,0.0,0.1918,3.1332,1.7136,-1.5218,0.5175742349747983,30.884,17.56,29.95,0.0,27.31,0.0
2021-10-31,304,10,2021,0.0,generated,28.5,19.3,generated,Moga,0,3.239,0.0,0.0,0.0,0.0,0.0,0.0,0.0,0.1918,0.0,1.7578,-1.566,0.5119574447741303,30.879,17.56,29.84,0.0,27.31,0.0
2021-11-01,305,11,2021,0.0,generated,28.3,13.5,generated,Moga,1,3.786,0.4,0.0,1.514,1.3151,0.0,1.3151,0.6775,1.5069,0.0,1.7953,-0.2884,0.5109228694364387,30.878,17.56,29.75,0.094,27.31,0.114
2021-11-02,306,11,2021,0.0,generated,25.2,11.0,generated,Moga,1,3.415,0.4,0.0,1.366,1.1864,0.0,1.1864,0.6112,1.3782,0.0,1.8286,-0.4504,0.5093073171540395,30.876,17.56,29.53,0.179,27.31,0.102
2021-11-03,307,11,2021,0.0,generated,25.9,14.1,generated,Moga,1,3.255,0.4,0.0,1.302,1.1307,0.0,1.1307,0.5825,1.3225,0.0,1.8577,-0.5352,0.5073876425022196,30.874,17.56,29.32,0.259,27.31,0.098
2021-11-04,308,11,2021,0.0,generated,30.1,18.0,generated,Moga,1,3.624,0.4,0.0,1.449,1.2588,0.0,1.2588,0.6485,1.4506,0.0,1.8828,-0.4322,0.5058373298472267,30.872,17.56,29.21,0.349,27.31,0.109
2021-11-05,309,11,2021,7.24,generated,29.0,19.2,generated,Moga,1,3.242,0.4,0.0,1.297,0.0,0.0,0.0,0.0,0.1918,1.2918,1.9044,-1.7126,0.49969439289853546,30.866,24.8,29.13,0.349,33.94,0.0
2021-11-06,310,11,2021,1.27,generated,30.5,16.4,generated,Moga,1,3.802,0.4,0.0,1.521,0.2292,0.0,0.2292,0.1181,0.421,0.2266,1.9221,-1.5011,0.494310217849977,30.861,8.51,29.16,0.366,34.29,0.02
2021-11-07,311,11,2021,0.0,generated,31.9,18.7,generated,Moga,1,3.818,0.4,0.0,1.527,1.3262,0.0,1.3262,0.6832,1.518,0.0,1.9356,-0.4176,0.49281234009548486,30.859,8.51,29.19,0.46,29.31,0.115
2021-11-08,312,11,2021,0.0,generated,25.3,11.8,generated,Moga,1,3.234,0.4,0.0,1.294,1.1235,0.0,1.1235,0.5788,1.3153,0.0,1.9466,-0.6313,0.49054793314864664,30.857,8.51,29.08,0.541,26.11,0.097
2021-11-09,313,11,2021,0.0,generated,24.6,11.4,generated,Moga,1,3.128,0.4,0.0,1.251,1.0868,0.0,1.0868,0.5599,1.2786,0.0,1.955,-0.6764,0.48812169736441874,30.855,8.51,28.95,0.618,26.11,0.094
2021-11-10,314,11,2021,0.0,generated,24.3,10.0,generated,Moga,1,3.158,0.4,0.0,1.263,1.097,0.0,1.097,0.5651,1.2888,0.0,1.961,-0.6722,0.4857106084876808,30.852,8.51,28.85,0.697,26.11,0.095
2021-11-11,315,11,2021,0.0,generated,23.2,13.8,generated,Moga,1,2.642,0.4,0.0,1.057,0.9177,0.0,0.9177,0.4728,1.1095,0.0,1.9647,-0.8552,0.48264298213684964,30.849,8.51,28.73,0.762,26.11,0.079
2021-11-12,316,11,2021,0.0,generated,20.7,10.6,generated,Moga,1,2.507,0.4,0.0,1.003,0.8709,0.0,0.8709,0.4486,1.0627,0.0,1.9662,-0.9035,0.47940233337355603,30.846,1.27,28.57,0.824,26.11,0.075
2021-11-13,317,11,2021,0.0,generated,20.1,6.4,generated,Moga,1,2.693,0.4,0.0,1.077,0.9355,0.0,0.9355,0.4819,1.1273,0.0,1.9654,-0.8381,0.47639605243619215,30.843,0.0,28.33,0.891,26.11,0.081
2021-11-14,318,11,2021,0.0,generated,17.6,0.8,generated,Moga,1,2.577,0.4,0.0,1.031,0.8952,0.0,0.8952,0.4612,1.087,0.0,1.9628,-0.8758,0.47325473183477007,30.84,0.0,27.99,0.955,26.11,0.077
2021-11-15,319,11,2021,0.0,generated,19.7,11.4,generated,Moga,1,2.223,0.4,0.0,0.889,0.7724,0.0,0.7724,0.3979,0.9642,0.0,1.9583,-0.9941,0.46968892502985815,30.836,0.0,27.65,0.916,26.11,0.067
2021-11-16,320,11,2021,0.0,generated,21.8,8.3,generated,Moga,1,2.776,0.4,0.0,1.11,0.9644,0.0,0.9644,0.4968,1.1562,0.0,1.9521,-0.7959,0.46683427204864625,30.833,0.0,27.37,0.901,26.11,0.083
2021-11-17,321,11,2021,0.0,generated,24.2,11.1,generated,Moga,1,2.934,0.4,0.0,1.173,1.019,0.0,1.019,0.5249,1.2108,0.0,1.9444,-0.7336,0.4642029314944243,30.831,0.0,27.16,0.893,26.11,0.088
2021-11-18,322,11,2021,0.0,generated,23.7,10.2,generated,Moga,1,2.902,0.4,0.0,1.161,1.0081,0.0,1.0081,0.5193,1.1999,0.0,1.9356,-0.7357,0.46156422687738874,30.828,0.0,26.82,0.875,26.11,0.087
2021-11-19,323,11,2021,0.0,generated,22.2,7.3,generated,Moga,1,2.839,0.4,0.0,1.136,0.9863,0.0,0.9863,0.5081,1.1781,0.0,1.9256,-0.7475,0.45888297009895945,30.826,0.0,26.37,0.945,26.11,0.085
2021-11-20,324,11,2021,0.0,generated,25.2,13.1,generated,Moga,1,2.888,0.4,0.0,1.155,1.0033,0.0,1.0033,0.5169,1.1951,0.0,1.9147,-0.7196,0.45630196209853846,30.823,0.0,26.07,1.0,26.11,0.087
2021-11-21,325,11,2021,0.0,generated,24.7,14.0,generated,Moga,1,2.716,0.4,0.0,1.086,0.9434,0.0,0.9434,0.486,1.1352,0.0,1.9028,-0.7676,0.4535485584927922,30.82,0.0,25.78,0.973,22.88,0.082
2021-11-22,326,11,2021,1.79,generated,25.3,12.7,generated,Moga,1,2.904,0.417,0.0,1.21,0.0,0.0,0.0,0.0,0.1918,0.3194,1.8901,-1.6983,0.44745694731087865,30.814,1.79,25.47,0.893,24.52,0.0
2021-11-23,327,11,2021,0.0,generated,27.3,11.5,generated,Moga,1,3.27,0.433,0.0,1.417,1.2305,0.0,1.2305,0.6339,1.4223,0.0,1.8756,-0.4533,0.44583105964524167,30.812,1.79,25.38,0.903,24.52,0.106
2021-11-24,328,11,2021,7.78,generated,24.9,12.7,generated,Moga,1,2.813,0.45,0.0,1.266,0.0,0.0,0.0,0.0,0.1918,1.3882,1.8609,-1.6691,0.43984446255961296,30.806,9.57,25.23,0.825,31.65,0.0
2021-11-25,329,11,2021,0.0,generated,25.0,12.6,generated,Moga,1,2.822,0.467,0.0,1.317,1.1435,0.0,1.1435,0.5891,1.3353,0.0,1.8454,-0.5101,0.43801496629822506,30.805,9.57,25.11,0.841,31.65,0.099
2021-11-26,330,11,2021,0.0,generated,27.0,10.7,generated,Moga,1,3.224,0.483,0.0,1.558,1.3532,0.0,1.3532,0.6971,1.545,0.0,1.8297,-0.2847,0.4369937508947182,30.804,9.57,25.15,0.875,31.65,0.117
2021-11-27,331,11,2021,0.0,generated,26.7,14.7,generated,Moga,1,2.892,0.5,0.0,1.446,1.2559,0.0,1.2559,0.647,1.4477,0.0,1.8142,-0.3665,0.43567904521924705,30.802,9.57,25.16,0.898,31.65,0.109
2021-11-28,332,11,2021,0.0,generated,25.8,14.6,generated,Moga,1,2.746,0.517,0.0,1.419,1.232,0.0,1.232,0.6347,1.4238,0.0,1.7988,-0.375,0.43433394476360626,30.801,9.57,25.25,0.922,31.65,0.106
2021-11-29,333,11,2021,0.0,generated,27.7,16.4,generated,Moga,1,2.88,0.533,0.0,1.536,1.3339,0.0,1.3339,0.6872,1.5257,0.0,1.7834,-0.2577,0.43340953726345033,30.8,7.78,25.21,0.962,14.09,0.115
2021-11-30,334,11,2021,0.0,generated,25.3,9.7,generated,Moga,1,2.985,0.55,0.0,1.642,1.4258,0.0,1.4258,0.7345,1.6176,0.0,1.7682,-0.1506,0.4328692405481884,30.8,7.78,25.11,0.995,14.09,0.123
2021-12-01,335,12,2021,0.0,generated,23.0,10.0,generated,Moga,1,2.637,0.567,0.0,1.494,1.2978,0.0,1.2978,0.6686,1.4896,0.0,1.7534,-0.2638,0.4319231181454549,30.799,0.0,24.93,1.015,14.09,0.112
2021-12-02,336,12,2021,0.0,generated,23.7,10.1,generated,Moga,1,2.719,0.583,0.0,1.586,1.3772,0.0,1.3772,0.7095,1.569,0.0,1.7387,-0.1697,0.4313145249502957,30.798,0.0,24.88,1.042,14.09,0.119
2021-12-03,337,12,2021,0.0,generated,21.5,16.9,generated,Moga,1,1.68,0.6,0.0,1.008,0.8753,0.0,0.8753,0.4509,1.0671,0.0,1.7242,-0.6571,0.4289574616736264,30.796,0.0,24.73,1.034,14.09,0.076
2021-12-04,338,12,2021,0.0,generated,21.6,-0.4,generated,Moga,1,2.81,0.617,0.0,1.733,1.5049,0.0,1.5049,0.7753,1.6967,0.0,1.7094,-0.0127,0.4289119024895715,30.796,0.0,24.45,1.07,14.09,0.13
2021-12-05,339,12,2021,0.0,generated,20.5,2.5,generated,Moga,1,2.614,0.633,0.0,1.656,1.4377,0.0,1.4377,0.7406,1.6295,0.0,1.6951,-0.0656,0.42867673015550134,30.795,0.0,24.17,1.105,6.85,0.124
2021-12-06,340,12,2021,0.0,generated,20.1,-1.0,generated,Moga,1,2.634,0.65,0.0,1.712,1.4867,0.0,1.4867,0.7659,1.6785,0.0,1.6811,-0.0026,0.42866731114329976,30.795,0.0,23.82,1.211,5.58,0.128
2021-12-07,341,12,2021,0.0,generated,22.3,2.7,generated,Moga,1,2.804,0.667,0.0,1.87,1.6236,0.0,1.6236,0.8364,1.8154,0.0,1.6676,0.1478,0.4291973013724411,30.796,0.0,23.5,1.239,5.58,0.14
2021-12-08,342,12,2021,0.0,generated,23.4,17.8,generated,Moga,1,1.895,0.683,0.0,1.295,1.1243,0.0,1.1243,0.5792,1.3161,0.0,1.6548,-0.3387,0.42798252480408866,30.795,0.0,23.44,1.319,5.58,0.097
2021-12-09,343,12,2021,0.0,generated,22.5,15.7,generated,Moga,1,2.001,0.7,0.0,1.401,1.2166,0.0,1.2166,0.6267,1.4084,0.0,1.6418,-0.2334,0.42714527318302026,30.794,0.0,23.37,1.325,5.58,0.105
2021-12-10,344,12,2021,0.0,generated,22.0,5.7,generated,Moga,1,2.652,0.717,0.0,1.9,1.6504,0.0,1.6504,0.8502,1.8422,0.0,1.6289,0.2133,0.4279102187809518,30.795,0.0,23.29,1.346,5.58,0.143
2021-12-11,345,12,2021,0.0,generated,22.1,0.1,generated,Moga,1,2.807,0.733,0.0,2.059,1.7879,0.0,1.7879,0.921,1.9797,0.0,1.6167,0.363,0.42921216934170997,30.796,0.0,23.25,1.384,5.58,0.154
2021-12-12,346,12,2021,0.0,generated,22.3,0.3,generated,Moga,1,2.822,0.75,0.0,2.116,1.8378,0.0,1.8378,0.9467,2.0296,0.0,1.6053,0.4243,0.43073395608382026,30.797,0.0,23.31,1.427,5.58,0.159
2021-12-13,347,12,2021,0.0,generated,21.7,9.1,generated,Moga,1,2.432,0.767,0.0,1.865,1.6194,0.0,1.6194,0.8342,1.8112,0.0,1.5948,0.2164,0.43151020823997105,30.798,0.0,23.36,1.448,5.58,0.14
2021-12-14,348,12,2021,0.0,generated,21.1,-0.9,generated,Moga,1,2.697,0.783,0.0,2.113,1.8347,0.0,1.8347,0.9451,2.0265,0.0,1.5847,0.4418,0.43309476981890743,30.8,0.0,23.48,1.477,5.58,0.159
2021-12-15,349,12,2021,0.0,generated,25.2,11.5,generated,Moga,1,2.754,0.8,0.0,2.203,1.9136,0.0,1.9136,0.9858,2.1054,0.0,1.5754,0.53,0.4349956691858945,30.802,0.0,23.66,1.521,5.58,0.165
2021-12-16,350,12,2021,0.0,generated,24.4,6.1,generated,Moga,1,2.908,0.817,0.0,2.374,2.0621,0.0,2.0621,1.0623,2.2539,0.0,1.567,0.6869,0.43745960607871875,30.804,0.0,23.75,1.57,5.58,0.178
2021-12-17,351,12,2021,0.0,generated,24.3,11.3,generated,Moga,1,2.638,0.833,0.0,2.198,1.9089,0.0,1.9089,0.9834,2.1007,0.0,1.5595,0.5412,0.4394009613511121,30.806,0.0,23.75,1.643,5.58,0.165
2021-12-18,352,12,2021,0.0,generated,20.6,10.8,generated,Moga,1,2.154,0.85,0.0,1.831,1.5899,0.0,1.5899,0.819,1.7817,0.0,1.5526,0.2291,0.4402225675049066,30.807,0.0,23.65,1.65,5.58,0.137
2021-12-19,353,12,2021,0.0,generated,19.3,1.2,generated,Moga,1,2.45,0.867,0.0,2.123,1.8441,0.0,1.8441,0.95,2.0359,0.0,1.546,0.4899,0.4419796567751939,30.809,0.0,23.55,1.679,5.58,0.159
2021-12-20,354,12,2021,0.0,generated,24.0,6.1,generated,Moga,1,2.853,0.883,0.0,2.52,2.1887,0.0,2.1887,1.1275,2.3805,0.0,1.54,0.8405,0.44499451911497595,30.812,0.0,23.51,1.729,5.58,0.189
2021-12-21,355,12,2021,0.0,generated,27.9,19.3,generated,Moga,1,2.493,0.9,0.0,2.243,1.9482,0.0,1.9482,1.0036,2.14,0.0,1.5349,0.6051,0.4471649826212379,30.814,0.0,23.62,1.752,5.58,0.168
2021-12-22,356,12,2021,0.0,generated,26.4,8.6,generated,Moga,1,3.059,0.917,0.0,2.804,2.4349,0.0,2.4349,1.2543,2.6267,0.0,1.5304,1.0963,0.4510973096984299,30.818,0.0,23.65,1.846,3.79,0.21
2021-12-23,357,12,2021,18.81,generated,47.5,3.5,telemetry,Moga,1,5.902,0.933,0.0,5.508,0.0,0.0,0.0,0.0,0.1918,3.3563,1.5271,-1.3353,0.44630793166528065,30.813,18.81,24.33,1.759,21.03,0.0
2021-12-24,358,12,2021,0.0,generated,42.0,24.0,telemetry,Moga,1,4.432,0.95,0.0,4.21,3.6565,0.0,3.6565,1.8837,3.8483,0.0,1.5242,2.3241,0.4546440935129945,30.821,18.81,24.9,1.902,13.25,0.316
2021-12-25,359,12,2021,0.0,generated,49.0,10.0,telemetry,Moga,1,6.08,0.967,0.0,5.877,5.1042,0.0,5.1042,2.6294,5.296,0.0,1.5242,3.7718,0.46817301415366613,30.835,18.81,25.7,2.139,13.25,0.441
2021-12-26,360,12,2021,0.0,generated,49.0,0.0,telemetry,Moga,1,6.102,0.983,0.0,6.0,5.2108,0.0,5.2108,2.6844,5.4026,0.0,1.5287,3.8739,0.4820679277598402,30.849,18.81,26.43,2.38,13.25,0.45
2021-12-27,361,12,2021,0.0,generated,49.0,5.0,telemetry,Moga,1,6.133,1.0,0.0,6.133,5.3257,0.0,5.3257,2.7435,5.5175,0.0,1.5376,3.9799,0.4963430080798474,30.863,18.81,27.17,2.644,13.25,0.46
2021-12-28,362,12,2021,0.0,generated,46.0,10.0,telemetry,Moga,1,5.68,1.017,0.0,5.775,5.015,0.0,5.015,2.5835,5.2068,0.0,1.5507,3.6561,0.5094569074883623,30.876,18.81,27.85,2.872,13.25,0.433
2021-12-29,363,12,2021,0.0,generated,45.0,0.0,telemetry,Moga,1,5.598,1.033,0.0,5.785,5.0236,0.0,5.0236,2.5879,5.2154,0.0,1.567,3.6484,0.5225429536193444,30.889,18.81,28.42,3.094,13.25,0.434
2021-12-30,364,12,2021,0.0,generated,24.3,18.1,generated,Moga,1,2.015,1.05,0.0,2.116,1.8373,0.0,1.8373,0.9465,2.0291,0.0,1.5864,0.4427,0.5241307402899135,30.891,0.0,28.39,3.078,13.25,0.159
2021-12-31,365,12,2021,0.0,generated,23.2,1.2,generated,Moga,1,2.926,1.067,0.0,3.121,2.7106,0.0,2.7106,1.3964,2.9024,0.0,1.6042,1.2982,0.5287871671973613,30.895,0.0,28.4,3.135,13.25,0.234
2022-01-01,1,1,2022,0.0,generated,19.8,4.6,generated,Moga,1,2.438,1.083,0.0,2.641,2.2939,0.0,2.2939,1.1817,2.4857,0.0,1.6216,0.8641,0.5318864226528818,30.899,0.0,28.27,3.185,13.25,0.198
2022-01-02,2,1,2022,0.0,generated,47.0,0.0,telemetry,Moga,1,5.918,1.1,0.0,6.51,5.6533,0.0,5.6533,2.9123,5.8451,0.0,1.6382,4.2069,0.5469759515208993,30.914,0.0,29.12,3.457,13.25,0.488
2022-01-03,3,1,2022,0.0,generated,42.0,19.0,telemetry,Moga,1,4.855,1.117,0.0,5.422,4.7085,0.0,4.7085,2.4256,4.9003,0.0,1.6584,3.2419,0.558603925621182,30.925,0.0,29.8,3.637,13.25,0.407
2022-01-04,4,1,2022,0.0,generated,48.0,25.0,telemetry,Moga,1,5.475,1.133,0.0,6.205,5.3887,0.0,5.3887,2.776,5.5805,0.0,1.6808,3.8997,0.572591391255717,30.939,0.0,30.71,3.883,13.25,0.466
2022-01-05,5,1,2022,0.0,generated,17.8,11.1,generated,Moga,1,1.761,1.15,0.0,2.025,1.7584,0.0,1.7584,0.9058,1.9502,0.0,1.706,0.2442,0.5734672585332931,30.94,0.0,30.64,3.835,13.25,0.152
2022-01-06,6,1,2022,0.0,generated,17.3,3.7,generated,Moga,1,2.209,1.15,0.0,2.54,2.206,0.0,2.206,1.1364,2.3978,0.0,1.7288,0.669,0.5758669948973086,30.943,0.0,30.47,3.992,13.25,0.191
2022-01-07,7,1,2022,0.0,generated,18.3,14.3,generated,Moga,1,1.449,1.15,0.0,1.666,1.4468,0.0,1.4468,0.7453,1.6386,0.0,1.7498,-0.1112,0.575468023487616,30.942,0.0,30.3,3.834,13.25,0.125
2022-01-08,8,1,2022,0.0,generated,17.7,3.3,generated,Moga,1,2.29,1.15,0.0,2.633,2.2868,0.0,2.2868,1.178,2.4786,0.0,1.7683,0.7103,0.578015762296092,30.945,0.0,30.14,3.633,13.25,0.198
2022-01-09,9,1,2022,0.0,generated,41.5,0.5,telemetry,Moga,1,5.318,1.15,0.0,6.116,5.3114,0.0,5.3114,2.7362,5.5032,0.0,1.7855,3.7177,0.5913505611379611,30.958,0.0,30.79,3.64,13.25,0.459
2022-01-10,10,1,2022,0.0,generated,28.0,0.0,telemetry,Moga,1,3.617,1.15,0.0,4.16,3.6123,0.0,3.6123,1.8609,3.8041,0.0,1.8056,1.9985,0.5985187890070376,30.965,0.0,30.99,3.518,13.25,0.312
2022-01-11,11,1,2022,0.0,generated,38.0,2.0,telemetry,Moga,1,4.896,1.15,0.0,5.631,4.8899,0.0,4.8899,2.519,5.0817,0.0,1.8261,3.2556,0.6101961364815052,30.977,0.0,31.51,3.509,13.25,0.422
2022-01-12,12,1,2022,0.0,generated,24.0,8.1,generated,Moga,1,2.927,1.15,0.0,3.366,2.9232,0.0,2.9232,1.5059,3.115,0.0,1.8486,1.2664,0.6147386383258573,30.981,0.0,31.59,3.359,13.25,0.253
2022-01-13,13,1,2022,0.0,generated,21.1,5.0,generated,Moga,1,2.697,1.15,0.0,3.101,2.6934,0.0,2.6934,1.3875,2.8852,0.0,1.8702,1.015,0.6183794282654814,30.985,0.0,31.59,3.42,13.25,0.233
2022-01-14,14,1,2022,0.0,generated,16.5,5.1,generated,Moga,1,2.114,1.15,0.0,2.431,2.1112,0.0,2.1112,1.0876,2.303,0.0,1.8906,0.4124,0.6198587090185639,30.987,0.0,31.3,3.377,13.25,0.182
2022-01-15,15,1,2022,0.0,generated,19.8,5.6,generated,Moga,1,2.529,1.15,0.0,2.908,2.5253,0.0,2.5253,1.3009,2.7171,0.0,1.9091,0.808,0.6227568792959356,30.989,0.0,31.14,3.394,13.25,0.218
2022-01-16,16,1,2022,0.0,generated,20.2,4.2,generated,Moga,1,2.654,1.15,0.0,3.052,2.6502,0.0,2.6502,1.3653,2.842,0.0,1.9264,0.9156,0.6260409964869998,30.993,0.0,31.01,3.179,13.25,0.229
2022-01-17,17,1,2022,0.0,generated,20.0,11.2,telemetry,Moga,1,2.203,1.15,0.0,2.533,2.1997,0.0,2.1997,1.1332,2.3915,0.0,1.9427,0.4488,0.6276507075612213,30.994,0.0,30.99,3.0,13.25,0.19
2022-01-18,18,1,2022,0.0,generated,45.0,6.0,telemetry,Moga,1,6.044,1.15,0.0,6.95,6.036,0.0,6.036,3.1095,6.2278,0.0,1.9575,4.2703,0.642967526686322,31.01,0.0,31.84,3.046,13.25,0.521
2022-01-19,19,1,2022,0.0,generated,25.9,8.8,generated,Moga,1,3.267,1.15,0.0,3.757,3.2626,0.0,3.2626,1.6807,3.4544,0.0,1.9761,1.4783,0.6482699428315265,31.015,0.0,31.91,3.154,13.25,0.282
2022-01-20,20,1,2022,0.0,generated,22.1,7.5,generated,Moga,1,2.816,1.15,0.0,3.238,2.8119,0.0,2.8119,1.4486,3.0037,0.0,1.9944,1.0093,0.6518902677832952,31.019,0.0,31.71,3.197,13.25,0.243
2022-01-21,21,1,2022,0.0,generated,21.0,6.4,generated,Moga,1,2.736,1.15,0.0,3.147,2.7328,0.0,2.7328,1.4078,2.9246,0.0,2.0117,0.9129,0.6551648106366182,31.022,0.0,31.53,3.289,13.25,0.236
2022-01-22,22,1,2022,0.0,generated,19.0,9.2,generated,Moga,1,2.284,1.15,0.0,2.626,2.2809,0.0,2.2809,1.175,2.4727,0.0,2.0279,0.4448,0.6567600701485801,31.023,0.0,30.58,3.289,-5.56,0.197
2022-01-23,23,1,2022,0.02,generated,19.0,13.2,generated,Moga,1,1.878,1.15,0.0,2.16,1.8587,0.0,1.8587,0.9575,2.0505,0.0036,2.0426,0.0079,0.6567882682883166,31.023,0.02,29.82,3.042,-5.54,0.161
2022-01-24,24,1,2022,0.0,generated,19.9,0.9,generated,Moga,1,2.846,1.15,0.0,3.273,2.842,0.0,2.842,1.4641,3.0338,0.0,2.0553,0.9785,0.6602980657871058,31.027,0.02,28.85,2.987,-5.54,0.246
2022-01-25,25,1,2022,0.0,generated,18.7,14.7,generated,Moga,1,1.607,1.15,0.0,1.849,1.6054,0.0,1.6054,0.827,1.7972,0.0,2.0673,-0.2701,0.6593291079350415,31.026,0.02,27.84,2.752,-5.54,0.139
2022-01-26,26,1,2022,0.0,generated,19.6,5.0,generated,Moga,1,2.696,1.15,0.0,3.101,2.693,0.0,2.693,1.3873,2.8848,0.0,2.0772,0.8076,0.6622259062985991,31.029,0.02,26.86,2.736,-5.54,0.233
2022-01-27,27,1,2022,0.0,generated,34.0,0.0,telemetry,Moga,1,4.788,1.15,0.0,5.506,4.7821,0.0,4.7821,2.4635,4.9739,0.0,2.0864,2.8875,0.672582730414331,31.039,0.02,26.46,2.885,-5.54,0.413
2022-01-28,28,1,2022,0.37,generated,18.6,7.7,generated,Moga,1,2.427,1.15,0.0,2.791,2.1036,0.0,2.1036,1.0837,2.2954,0.066,2.098,0.1974,0.6732907362939947,31.04,0.39,25.58,2.885,-5.2,0.182
2022-01-29,29,1,2022,0.0,generated,41.0,0.0,telemetry,Moga,1,5.864,1.15,0.0,6.743,5.8563,0.0,5.8563,3.0169,6.0481,0.0,2.1081,3.94,0.6874229203611115,31.054,0.39,26.13,3.123,-5.2,0.506
2022-01-30,30,1,2022,0.0,generated,48.0,0.0,telemetry,Moga,1,6.971,1.15,0.0,8.017,6.9623,0.0,6.9623,3.5866,7.1541,0.0,2.1218,5.0323,0.7054728113862401,31.072,0.37,26.96,3.431,-5.2,0.602
2022-01-31,31,1,2022,0.0,generated,17.0,3.2,generated,Moga,1,2.512,1.15,0.0,2.889,2.5088,0.0,2.5088,1.2924,2.7006,0.0,2.1404,0.5602,0.7074819981978251,31.074,0.37,26.87,3.453,-5.2,0.217
2022-02-01,32,2,2022,0.0,telemetry,47.0,1.0,telemetry,Moga,1,6.919,1.15,0.0,7.956,6.9097,0.0,6.9097,3.5595,7.1015,0.0,2.1574,4.9441,0.7252156260599444,31.092,0.37,26.87,3.515,-5.2,0.597
2022-02-02,33,2,2022,0.1,telemetry,25.9,10.0,telemetry,Moga,1,3.503,1.15,0.0,4.029,3.4119,0.0,3.4119,1.7576,3.6037,0.0178,2.1788,1.4249,0.7303264433478293,31.097,0.47,26.33,3.526,-5.11,0.295
2022-02-03,34,2,2022,5.1,telemetry,19.1,14.4,telemetry,Moga,1,1.854,1.15,0.0,2.132,0.0,0.0,0.0,0.0,0.1918,0.91,2.1995,-2.0077,0.7231251603640046,31.09,5.57,25.37,3.325,-0.43,0.0
2022-02-04,35,2,2022,0.0,telemetry,22.8,9.7,telemetry,Moga,1,3.072,1.15,0.0,3.532,3.0676,0.0,3.0676,1.5803,3.2594,0.0,2.2155,1.0439,0.7268693596059195,31.094,5.2,25.53,3.349,-0.43,0.265
2022-02-05,36,2,2022,0.8,telemetry,23.4,7.8,telemetry,Moga,1,3.311,1.15,0.0,3.808,2.6168,0.0,2.6168,1.348,2.8086,0.1427,2.2307,0.5779,0.7289420581166998,31.096,6.0,25.74,3.373,0.3,0.226
2022-02-06,37,2,2022,0.0,telemetry,24.1,9.4,telemetry,Moga,1,3.349,1.15,0.0,3.851,3.3448,0.0,3.3448,1.7231,3.5366,0.0,2.2447,1.2919,0.7335759553534632,31.1,6.0,25.93,3.479,0.3,0.289
2022-02-07,38,2,2022,0.0,telemetry,26.9,12.8,telemetry,Moga,1,3.6,1.15,0.0,4.14,3.5956,0.0,3.5956,1.8523,3.7874,0.0,2.2583,1.5291,0.7390604977732845,31.106,6.0,26.24,3.533,0.3,0.311
2022-02-08,39,2,2022,0.0,telemetry,28.4,12.8,telemetry,Moga,1,3.891,1.15,0.0,4.474,3.8855,0.0,3.8855,2.0016,4.0773,0.0,2.272,1.8053,0.7455357729847718,31.112,6.0,25.8,3.696,0.3,0.336
2022-02-09,40,2,2022,0.0,telemetry,27.2,16.6,telemetry,Moga,1,3.34,1.15,0.0,3.841,3.3356,0.0,3.3356,1.7183,3.5274,0.0,2.2861,1.2413,0.7499880903859243,31.117,5.9,25.77,3.741,0.3,0.288
2022-02-10,41,2,2022,0.0,telemetry,28.1,13.1,telemetry,Moga,1,3.871,1.15,0.0,4.452,3.8662,0.0,3.8662,1.9917,4.058,0.0,2.2998,1.7582,0.7562944525763887,31.123,0.8,25.44,3.676,0.3,0.334
2022-02-11,42,2,2022,0.0,telemetry,27.8,11.9,telemetry,Moga,1,3.937,1.15,0.0,4.527,3.9316,0.0,3.9316,2.0254,4.1234,0.0,2.3138,1.8096,0.7627850739576688,31.129,0.8,25.57,3.807,0.3,0.34
2022-02-12,43,2,2022,0.0,telemetry,29.7,11.2,telemetry,Moga,1,4.346,1.15,0.0,4.998,4.3404,0.0,4.3404,2.236,4.5322,0.0,2.3282,2.204,0.7706903412300616,31.137,0.0,25.86,3.698,0.3,0.375
2022-02-13,44,2,2022,0.0,telemetry,30.0,12.5,telemetry,Moga,1,4.347,1.15,0.0,4.999,4.3417,0.0,4.3417,2.2366,4.5335,0.0,2.3435,2.19,0.7785454912483709,31.145,0.0,26.31,3.511,0.3,0.375
2022-02-14,45,2,2022,0.0,telemetry,30.0,13.8,telemetry,Moga,1,4.284,1.15,0.0,4.927,4.2785,0.0,4.2785,2.2041,4.4703,0.0,2.3595,2.1108,0.7861163949046941,31.153,0.0,26.65,3.638,0.3,0.37
2022-02-15,46,2,2022,0.0,telemetry,30.0,15.0,telemetry,Moga,1,4.216,1.15,0.0,4.848,4.2104,0.0,4.2104,2.169,4.4022,0.0,2.3762,2.026,0.7933833450150458,31.16,0.0,26.97,3.445,0.3,0.364
2022-02-16,47,2,2022,0.0,telemetry,30.0,12.1,telemetry,Moga,1,4.473,1.15,0.0,5.144,4.467,0.0,4.467,2.3012,4.6588,0.0,2.3932,2.2656,0.8015094715475154,31.168,0.0,27.31,3.52,0.3,0.386
2022-02-17,48,2,2022,0.0,telemetry,32.5,12.8,telemetry,Moga,1,4.922,1.15,0.0,5.66,4.9156,0.0,4.9156,2.5323,5.1074,0.0,2.411,2.6964,0.8111809069599137,31.178,0.0,26.89,3.871,0.3,0.425
2022-02-18,49,2,2022,0.0,telemetry,30.6,13.4,telemetry,Moga,1,4.559,1.15,0.0,5.243,4.553,0.0,4.553,2.3455,4.7448,0.0,2.43,2.3148,0.8194836046008127,31.186,0.0,27.05,3.977,0.3,0.393
2022-02-19,50,2,2022,0.0,telemetry,30.3,14.0,telemetry,Moga,1,4.488,1.15,0.0,5.161,4.4821,0.0,4.4821,2.309,4.6739,0.0,2.4496,2.2243,0.8274616969082463,31.194,0.0,27.32,4.111,0.3,0.387
2022-02-20,51,2,2022,0.0,telemetry,30.3,14.7,telemetry,Moga,1,4.462,1.15,0.0,5.131,4.4562,0.0,4.4562,2.2956,4.648,0.0,2.4696,2.1784,0.8352751023032153,31.202,0.0,27.63,4.19,0.3,0.385
2022-02-21,52,2,2022,0.0,telemetry,32.8,12.5,telemetry,Moga,1,5.147,1.15,0.0,5.919,5.1402,0.0,5.1402,2.648,5.332,0.0,2.49,2.842,0.8454689960154926,31.212,0.0,28.09,4.3,0.3,0.444
2022-02-22,53,2,2022,0.0,telemetry,31.2,10.9,telemetry,Moga,1,4.98,1.15,0.0,5.727,4.9735,0.0,4.9735,2.5621,5.1653,0.0,2.5115,2.6538,0.8549878185497595,31.222,0.0,28.5,4.378,0.28,0.43
2022-02-23,54,2,2022,0.07,telemetry,30.9,17.2,telemetry,Moga,1,4.44,1.15,0.0,5.105,4.373,0.0,4.373,2.2528,4.5648,0.0125,2.5338,2.031,0.8622726684276862,31.229,0.07,28.86,4.452,0.35,0.378
2022-02-24,55,2,2022,0.8,telemetry,30.9,15.9,telemetry,Moga,1,4.607,1.15,0.0,5.298,3.9107,0.0,3.9107,2.0146,4.1025,0.1427,2.556,1.5465,0.8678196141067371,31.234,0.87,29.27,4.455,1.08,0.338
2022-02-25,56,2,2022,0.07,telemetry,31.8,16.0,telemetry,Moga,1,4.821,1.15,0.0,5.544,4.7538,0.0,4.7538,2.4489,4.9456,0.0125,2.5776,2.368,0.8763132769581341,31.243,0.94,29.68,4.514,1.14,0.411
2022-02-26,57,2,2022,0.4,telemetry,26.5,16.0,telemetry,Moga,1,3.707,1.15,0.0,4.263,3.356,0.0,3.356,1.7288,3.5478,0.0714,2.5995,0.9483,0.8797144856100201,31.246,1.34,29.43,4.444,1.51,0.29
2022-02-27,58,2,2022,0.0,telemetry,29.1,10.0,telemetry,Moga,1,4.817,1.15,0.0,5.54,4.8108,0.0,4.8108,2.4783,5.0026,0.0,2.62,2.3826,0.8882605091413219,31.255,1.34,29.78,4.477,1.14,0.416
2022-02-28,59,2,2022,0.0,telemetry,29.4,13.1,telemetry,Moga,1,4.686,1.15,0.0,5.389,4.6802,0.0,4.6802,2.411,4.872,0.0,2.6409,2.2311,0.8962630183271487,31.263,1.34,29.39,4.506,1.14,0.404
2022-03-01,60,3,2022,0.0,telemetry,31.9,15.0,telemetry,Moga,1,5.077,1.15,0.0,5.838,5.0703,0.0,5.0703,2.612,5.2621,0.0,2.6621,2.6,0.9055888094241883,31.272,1.34,28.85,4.567,1.14,0.438
2022-03-02,61,3,2022,0.0,telemetry,33.2,15.0,telemetry,Moga,1,5.39,1.15,0.0,6.198,5.383,0.0,5.383,2.7731,5.5748,0.0,2.684,2.8908,0.9159576884850563,31.283,1.27,29.39,4.633,1.14,0.465
2022-03-03,62,3,2022,0.07,telemetry,27.8,18.8,telemetry,Moga,1,3.744,1.15,0.0,4.306,3.6788,0.0,3.6788,1.8951,3.8706,0.0125,2.7069,1.1637,0.9201316407038673,31.287,0.54,28.75,4.544,1.2,0.318
2022-03-04,63,3,2022,0.07,telemetry,30.3,15.0,telemetry,Moga,1,4.839,1.15,0.0,5.565,4.7719,0.0,4.7719,2.4583,4.9637,0.0125,2.7284,2.2353,0.9281491312439794,31.295,0.54,28.9,4.56,1.17,0.412
2022-03-05,64,3,2022,0.0,telemetry,33.2,16.6,telemetry,Moga,1,5.358,1.15,0.0,6.162,5.3512,0.0,5.3512,2.7567,5.543,0.0,2.7501,2.7929,0.9381666417262297,31.305,0.14,29.37,4.622,-3.93,0.462
2022-03-06,65,3,2022,0.0,telemetry,33.5,18.4,telemetry,Moga,1,5.273,1.15,0.0,6.063,5.2657,0.0,5.2657,2.7126,5.4575,0.0,2.7727,2.6848,0.9477964150293087,31.314,0.14,29.73,4.68,-3.93,0.455
2022-03-07,66,3,2022,0.0,telemetry,34.0,20.0,telemetry,Moga,1,5.235,1.15,0.0,6.02,5.228,0.0,5.228,2.6932,5.4198,0.0,2.796,2.6238,0.9572074960675477,31.324,0.14,30.08,4.686,-4.73,0.452
2022-03-08,67,3,2022,0.0,telemetry,37.2,18.8,telemetry,Moga,1,6.177,1.15,0.0,7.104,6.1694,0.0,6.1694,3.1782,6.3612,0.0,2.8198,3.5414,0.9699098680514497,31.337,0.14,30.52,4.772,-4.73,0.533
2022-03-09,68,3,2022,0.0,telemetry,35.9,18.4,telemetry,Moga,1,5.953,1.15,0.0,6.846,5.9452,0.0,5.9452,3.0627,6.137,0.0,2.8453,3.2917,0.9817165347387973,31.348,0.14,30.82,4.884,-4.73,0.514
2022-03-10,69,3,2022,0.0,telemetry,36.2,19.7,telemetry,Moga,1,5.923,1.15,0.0,6.811,5.9153,0.0,5.9153,3.0473,6.1071,0.0,2.8721,3.235,0.9933199968318616,31.36,0.07,31.08,5.027,-4.73,0.511
2022-03-11,70,3,2022,0.0,telemetry,37.2,19.7,telemetry,Moga,1,6.208,1.15,0.0,7.139,6.1998,0.0,6.1998,3.1938,6.3916,0.0,2.8999,3.4917,1.0058442164533288,31.372,0.0,31.41,5.13,-4.73,0.536
2022-03-12,71,3,2022,0.0,telemetry,39.0,20.3,telemetry,Moga,1,6.627,1.15,0.0,7.621,6.6187,0.0,6.6187,3.4096,6.8105,0.0,2.929,3.8815,1.0197666142367907,31.386,0.0,31.77,5.363,-4.73,0.572
2022-03-13,72,3,2022,0.0,telemetry,40.3,22.2,telemetry,Moga,1,6.784,1.15,0.0,7.802,6.7755,0.0,6.7755,3.4904,6.9673,0.0,2.9598,4.0075,1.034140945000933,31.401,0.0,32.19,5.504,-4.73,0.585
2022-03-14,73,3,2022,0.0,telemetry,42.5,23.4,telemetry,Moga,1,7.258,1.15,0.0,8.346,7.2483,0.0,7.2483,3.734,7.4401,0.0,2.9923,4.4478,1.0500944367930365,31.417,0.0,32.62,5.687,-4.73,0.626
2022-03-15,74,3,2022,0.0,telemetry,41.9,25.0,telemetry,Moga,1,6.939,1.15,0.0,7.979,6.9296,0.0,6.9296,3.5698,7.1214,0.0,3.027,4.0944,1.064780309081654,31.431,0.0,33.01,5.82,-4.73,0.599
2022-03-16,75,3,2022,0.0,telemetry,43.4,25.9,telemetry,Moga,1,7.272,1.15,0.0,8.363,7.2626,0.0,7.2626,3.7413,7.4544,0.0,3.0632,4.3912,1.0805307167870994,31.447,0.0,33.46,5.954,-4.73,0.627
2022-03-17,76,3,2022,0.0,telemetry,45.3,26.0,telemetry,Moga,1,7.831,1.15,0.0,9.006,7.8213,0.0,7.8213,4.0292,8.0131,0.0,3.1012,4.9119,1.0981488656479517,31.465,0.0,33.97,6.25,-4.73,0.676
2022-03-18,77,3,2022,0.0,telemetry,44.7,28.1,telemetry,Moga,1,7.411,1.15,0.0,8.522,7.4012,0.0,7.4012,3.8127,7.593,0.0,3.1415,4.4515,1.1141156529594882,31.481,0.0,34.46,6.438,-4.73,0.639
2022-03-19,78,3,2022,0.0,telemetry,44.7,28.8,telemetry,Moga,1,7.345,1.15,0.0,8.446,7.3352,0.0,7.3352,3.7787,7.527,0.0,3.1833,4.3437,1.1296958620292619,31.496,0.0,34.87,6.58,-4.73,0.634
2022-03-20,79,3,2022,0.0,telemetry,45.0,27.2,telemetry,Moga,1,7.725,1.15,0.0,8.884,7.7152,0.0,7.7152,3.9745,7.907,0.0,3.2262,4.6808,1.1464849341967642,31.513,0.0,35.35,6.755,-4.73,0.667
2022-03-21,80,3,2022,0.0,telemetry,44.1,27.8,telemetry,Moga,1,7.416,1.15,0.0,8.529,7.4067,0.0,7.4067,3.8156,7.5985,0.0,3.2707,4.3278,1.162007819379439,31.529,0.0,35.81,6.91,-4.73,0.64
2022-03-22,81,3,2022,0.0,telemetry,43.1,26.0,telemetry,Moga,1,7.442,1.129,0.0,8.404,7.2985,0.0,7.2985,3.7598,7.4903,0.0,3.3162,4.1741,1.176979690377757,31.544,0.0,36.23,6.991,-4.73,0.631
2022-03-23,82,3,2022,0.0,telemetry,43.1,25.0,telemetry,Moga,1,7.628,1.109,0.0,8.456,7.3433,0.0,7.3433,3.7829,7.5351,0.0,3.3622,4.1729,1.1919471533389694,31.559,0.0,36.58,7.091,-4.73,0.634
2022-03-24,83,3,2022,0.0,telemetry,42.8,27.2,telemetry,Moga,1,7.253,1.088,0.0,7.89,6.8518,0.0,6.8518,3.5297,7.0436,0.0,3.4088,3.6348,1.2049846692675514,31.572,0.0,36.96,7.158,-4.73,0.592
2022-03-25,84,3,2022,0.0,telemetry,43.4,25.6,telemetry,Moga,1,7.718,1.067,0.0,8.235,7.152,0.0,7.152,3.6844,7.3438,0.0,3.4551,3.8887,1.2189328673104611,31.586,0.0,37.38,7.226,-4.8,0.618
2022-03-26,85,3,2022,0.0,telemetry,44.7,25.4,telemetry,Moga,1,8.167,1.046,0.0,8.545,7.4208,0.0,7.4208,3.8228,7.6126,0.0,3.5015,4.1111,1.2336787989627374,31.6,0.0,37.84,7.283,-5.6,0.641
2022-03-27,86,3,2022,0.0,telemetry,47.5,23.4,telemetry,Moga,1,9.246,1.026,0.0,9.483,8.235,0.0,8.235,4.2423,8.4268,0.0,3.5482,4.8786,1.2511773866808211,31.618,0.0,38.36,7.387,-5.67,0.711
2022-03-28,87,3,2022,0.0,telemetry,48.2,25.0,telemetry,Moga,1,9.318,1.005,0.0,9.363,8.1316,0.0,8.1316,4.189,8.3234,0.0,3.5964,4.727,1.2681324302857704,31.635,0.0,39.09,7.45,-6.07,0.703
2022-03-29,88,3,2022,0.0,telemetry,48.5,24.4,telemetry,Moga,1,9.522,0.984,0.0,9.371,8.1379,0.0,8.1379,4.1923,8.3297,0.0,3.6455,4.6842,1.2849336895585997,31.652,0.0,39.73,7.537,-6.07,0.703
2022-03-30,89,3,2022,0.0,telemetry,48.5,25.6,telemetry,Moga,1,9.434,0.963,0.0,9.089,7.8931,0.0,7.8931,4.0661,8.0849,0.0,3.6956,4.3893,1.300677385192459,31.667,0.0,40.37,7.582,-6.07,0.682
2022-03-31,90,3,2022,0.0,telemetry,46.9,27.8,telemetry,Moga,1,8.708,0.943,0.0,8.209,7.1289,0.0,7.1289,3.6725,7.3207,0.0,3.746,3.5747,1.313499173226651,31.68,0.0,40.87,7.532,-6.07,0.616
2022-04-01,91,4,2022,0.0,telemetry,47.8,24.7,telemetry,Moga,1,9.434,0.922,0.0,8.697,7.5532,0.0,7.5532,3.891,7.745,0.0,3.7956,3.9494,1.3276648279023129,31.694,0.0,41.36,7.543,-6.07,0.653
2022-04-02,92,4,2022,0.0,telemetry,48.5,24.7,telemetry,Moga,1,9.686,0.901,0.0,8.729,7.581,0.0,7.581,3.9054,7.7728,0.0,3.845,3.9278,1.3417529998849262,31.708,0.0,42.05,7.561,-6.14,0.655
2022-04-03,93,4,2022,0.0,telemetry,48.8,25.8,telemetry,Moga,1,9.692,0.88,0.0,8.534,7.4113,0.0,7.4113,3.8179,7.6031,0.0,3.8942,3.7089,1.3550562192028668,31.722,0.0,42.66,7.539,-6.21,0.64
2022-04-04,94,4,2022,0.0,telemetry,48.4,25.8,telemetry,Moga,1,9.62,0.86,0.0,8.271,7.1825,0.0,7.1825,3.7001,7.3743,0.0,3.9428,3.4315,1.3673644968708347,31.734,0.0,43.17,7.523,-6.21,0.621
2022-04-05,95,4,2022,0.0,telemetry,48.8,23.8,telemetry,Moga,1,10.018,0.839,0.0,8.405,7.2995,0.0,7.2995,3.7603,7.4913,0.0,3.9905,3.5008,1.3799214103810573,31.747,0.0,43.68,7.523,-6.21,0.631
2022-04-06,96,4,2022,0.0,telemetry,48.8,24.2,telemetry,Moga,1,10.021,0.818,0.0,8.2,7.1215,0.0,7.1215,3.6687,7.3133,0.0,4.0374,3.2759,1.3916715538594475,31.758,0.0,44.17,7.507,-6.21,0.615
2022-04-07,97,4,2022,0.0,telemetry,48.4,25.4,telemetry,Moga,1,9.806,0.798,0.0,7.821,6.7923,0.0,6.7923,3.4991,6.9841,0.0,4.0833,2.9008,1.402076249129432,31.769,0.0,44.55,7.503,-6.21,0.587
2022-04-08,98,4,2022,0.0,telemetry,48.4,25.8,telemetry,Moga,1,9.801,0.777,0.0,7.613,6.6119,0.0,6.6119,3.4061,6.8037,0.0,4.1277,2.676,1.4116744668112655,31.778,0.0,44.96,7.464,-6.21,0.571
2022-04-09,99,4,2022,0.0,telemetry,47.9,27.1,telemetry,Moga,1,9.513,0.756,0.0,7.193,6.2466,0.0,6.2466,3.2179,6.4384,0.0,4.1705,2.2679,1.4198089839487205,31.786,0.0,45.35,7.38,-6.21,0.54
2022-04-10,100,4,2022,0.0,telemetry,47.9,26.3,telemetry,Moga,1,9.666,0.735,0.0,7.108,6.1732,0.0,6.1732,3.1801,6.365,0.0,4.2112,2.1538,1.4275343399233917,31.794,0.0,45.71,7.233,-6.21,0.533
2022-04-11,101,4,2022,0.0,telemetry,28.2,19.8,generated,Moga,1,4.609,0.715,0.0,3.294,2.8607,0.0,2.8607,1.4737,3.0525,0.0,4.2498,-1.1973,1.4232400025071785,31.79,0.0,45.35,6.857,-6.21,0.247
2022-04-12,102,4,2022,0.0,telemetry,30.5,18.8,generated,Moga,1,5.548,0.694,0.0,3.85,3.3433,0.0,3.3433,1.7223,3.5351,0.0,4.2818,-0.7467,1.4205617653617406,31.787,0.0,45.02,6.514,-6.21,0.289
2022-04-13,103,4,2022,0.0,telemetry,32.1,10.9,generated,Moga,1,6.942,0.673,0.0,4.673,4.0586,0.0,4.0586,2.0908,4.2504,0.0,4.3084,-0.058,1.4203536085427737,31.787,0.0,44.68,6.24,-6.21,0.351
2022-04-14,104,4,2022,0.0,telemetry,32.2,16.4,generated,Moga,1,6.446,0.652,0.0,4.206,3.6526,0.0,3.6526,1.8816,3.8444,0.0,4.3311,-0.4867,1.4186079929573499,31.785,0.0,44.35,5.992,-6.21,0.316
2022-04-15,105,4,2022,0.0,telemetry,31.1,11.8,generated,Moga,1,6.669,0.632,0.0,4.213,3.6586,0.0,3.6586,1.8847,3.8504,0.0,4.3494,-0.499,1.4168179924990687,31.783,0.0,43.94,5.714,-6.21,0.316
2022-04-16,106,4,2022,0.07,telemetry,30.1,8.1,generated,Moga,1,6.72,0.611,0.0,4.106,3.5048,0.0,3.5048,1.8055,3.6966,0.0125,4.3639,-0.6673,1.4144245472237453,31.781,0.07,43.44,5.423,-6.15,0.303
2022-04-17,107,4,2022,0.0,telemetry,29.5,21.6,generated,Moga,1,4.749,0.59,0.0,2.803,2.4342,0.0,2.4342,1.254,2.626,0.0,4.3745,-1.7485,1.4081530102659836,31.775,0.07,42.93,5.067,-6.15,0.21
2022-04-18,108,4,2022,0.0,telemetry,30.4,15.4,generated,Moga,1,6.166,0.57,0.0,3.512,3.0498,0.0,3.0498,1.5711,3.2416,0.0,4.3801,-1.1385,1.4040694499774953,31.771,0.07,42.45,4.772,-6.15,0.263
2022-04-19,109,4,2022,0.0,telemetry,31.6,11.7,generated,Moga,1,6.91,0.549,0.0,3.792,3.293,0.0,3.293,1.6964,3.4848,0.0,4.3819,-0.8971,1.4008516144566512,31.767,0.07,42.01,4.486,-6.15,0.284
2022-04-20,110,4,2022,0.0,telemetry,39.9,28.0,telemetry,Moga,1,7.034,0.528,0.0,3.714,3.2257,0.0,3.2257,1.6617,3.4175,0.0,4.3807,-0.9632,1.3973969650712628,31.764,0.07,41.87,4.208,-6.15,0.279
2022-04-21,111,4,2022,5.07,telemetry,36.7,23.7,telemetry,Moga,1,6.843,0.507,0.0,3.472,0.0,0.0,0.0,0.0,0.1918,0.9046,4.3764,-4.1846,1.382387452833365,31.749,5.14,41.65,3.722,-1.5,0.0
2022-04-22,112,4,2022,0.07,telemetry,35.9,21.4,telemetry,Moga,1,7.018,0.487,0.0,3.415,2.9047,0.0,2.9047,1.4964,3.0965,0.0125,4.3658,-1.2693,1.3778346826265342,31.744,5.21,41.41,3.458,-1.44,0.251
2022-04-23,113,4,2022,0.0,telemetry,36.4,19.0,telemetry,Moga,1,7.555,0.466,0.0,3.52,3.0566,0.0,3.0566,1.5746,3.2484,0.0,4.3526,-1.1042,1.3738739842582304,31.741,5.14,41.2,3.23,-1.44,0.264
2022-04-24,114,4,2022,0.0,telemetry,36.7,19.0,telemetry,Moga,1,7.67,0.445,0.0,3.414,2.965,0.0,2.965,1.5274,3.1568,0.0,4.3374,-1.1806,1.3696395352888733,31.736,5.14,40.98,3.001,-1.44,0.256
2022-04-25,115,4,2022,1.27,telemetry,38.8,21.9,telemetry,Moga,1,7.93,0.424,0.0,3.366,1.8311,0.0,1.8311,0.9433,2.0229,0.2266,4.32,-2.2971,1.3614000866819904,31.728,6.41,40.78,2.927,-0.27,0.158
2022-04-26,116,4,2022,0.0,telemetry,39.1,20.3,telemetry,Moga,1,8.277,0.404,0.0,3.341,2.9016,0.0,2.9016,1.4948,3.0934,0.0,4.2995,-1.2061,1.357073938731552,31.724,6.41,40.5,2.895,-0.27,0.251
2022-04-27,117,4,2022,0.0,telemetry,40.7,18.8,telemetry,Moga,1,8.97,0.383,0.0,3.435,2.983,0.0,2.983,1.5367,3.1748,0.0,4.2774,-1.1026,1.353119145807187,31.72,6.41,40.25,2.819,-0.27,0.258
2022-04-28,118,4,2022,0.0,telemetry,42.3,20.9,telemetry,Moga,1,9.239,0.362,0.0,3.346,2.9062,0.0,2.9062,1.4971,3.098,0.0,4.2539,-1.1559,1.348973029256628,31.716,1.34,40.04,2.765,-0.27,0.251
2022-04-29,119,4,2022,0.0,telemetry,42.6,23.6,telemetry,Moga,1,8.996,0.341,0.0,3.072,2.6677,0.0,2.6677,1.3743,2.8595,0.0,4.2292,-1.3697,1.344060191517064,31.711,1.27,39.85,2.695,-0.27,0.23
2022-04-30,120,4,2022,0.0,telemetry,42.3,22.0,telemetry,Moga,1,9.151,0.321,0.0,2.935,2.5488,0.0,2.5488,1.313,2.7406,0.0,4.203,-1.4624,1.3388148438866367,31.705,1.27,39.69,2.626,-0.27,0.22
2022-05-01,121,5,2022,0.0,telemetry,41.2,23.8,telemetry,Moga,0,8.555,0.0,0.0,0.0,0.0,0.0,0.0,0.0,0.1918,0.0,4.1753,-3.9835,1.324526589088235,31.691,1.27,39.47,2.452,-0.27,0.0
2022-05-02,122,5,2022,0.0,telemetry,39.6,25.2,telemetry,Moga,0,7.788,0.0,0.0,0.0,0.0,0.0,0.0,0.0,0.1918,0.0,4.1429,-3.9511,1.3103546690746095,31.677,0.0,39.18,2.235,-0.27,0.0
2022-05-03,123,5,2022,0.0,telemetry,37.8,26.8,telemetry,Moga,0,6.811,0.0,0.0,0.0,0.0,0.0,0.0,0.0,0.1918,0.0,4.1061,-3.9143,1.2963146109898094,31.663,0.0,38.81,1.999,-0.27,0.0
2022-05-04,124,5,2022,9.67,telemetry,36.2,21.9,telemetry,Moga,0,7.28,0.0,0.0,0.0,0.0,0.0,0.0,0.0,0.1918,1.7254,4.0655,-3.8737,1.2824204197622637,31.649,9.67,38.4,1.769,8.59,0.0
2022-05-05,125,5,2022,0.27,telemetry,36.2,19.8,telemetry,Moga,0,7.64,0.0,0.0,0.0,0.0,0.0,0.0,0.0,0.1918,0.0482,4.0227,-3.8309,1.2686797862591124,31.635,9.94,37.98,1.769,8.84,0.0
2022-05-06,126,5,2022,0.0,telemetry,37.0,22.8,telemetry,Moga,0,7.422,0.0,0.0,0.0,0.0,0.0,0.0,0.0,0.1918,0.0,3.9767,-3.7849,1.2551040768124964,31.622,9.94,37.59,1.561,8.84,0.0
2022-05-07,127,5,2022,0.0,telemetry,38.8,20.3,telemetry,Moga,0,8.429,0.0,0.0,0.0,0.0,0.0,0.0,0.0,0.1918,0.0,3.9278,-3.736,1.2417035591127674,31.608,9.94,37.27,1.343,8.84,0.0
2022-05-08,128,5,2022,0.0,telemetry,40.2,22.5,telemetry,Moga,0,8.577,0.0,0.0,0.0,0.0,0.0,0.0,0.0,0.1918,0.0,3.8765,-3.6847,1.2284873440738169,31.595,9.94,37.0,1.131,8.84,0.0
2022-05-09,129,5,2022,0.0,telemetry,40.2,24.6,telemetry,Moga,0,8.242,0.0,0.0,0.0,0.0,0.0,0.0,0.0,0.1918,0.0,3.8228,-3.631,1.2154634662743031,31.582,9.94,36.74,1.001,8.84,0.0
2022-05-10,130,5,2022,0.0,telemetry,39.7,26.0,telemetry,Moga,0,7.81,0.0,0.0,0.0,0.0,0.0,0.0,0.0,0.1918,0.0,3.7673,-3.5755,1.202638959598096,31.569,9.94,36.47,0.793,8.84,0.0
2022-05-11,131,5,2022,0.0,telemetry,40.4,26.2,telemetry,Moga,0,8.038,0.0,0.0,0.0,0.0,0.0,0.0,0.0,0.1918,0.0,3.71,-3.5182,1.1900199283394188,31.557,0.27,36.87,0.58,8.84,0.0
2022-05-12,132,5,2022,0.0,telemetry,42.8,26.0,telemetry,Moga,0,8.949,0.0,0.0,0.0,0.0,0.0,0.0,0.0,0.1918,0.0,3.6512,-3.4594,1.1776116140241462,31.544,0.0,37.28,0.373,8.84,0.0
2022-05-13,133,5,2022,0.0,telemetry,42.6,24.6,telemetry,Moga,0,9.139,0.0,0.0,0.0,0.0,0.0,0.0,0.0,0.1918,0.0,3.5912,-3.3994,1.1654184581854168,31.532,0.0,37.63,0.182,8.84,0.0
2022-05-14,134,5,2022,0.0,telemetry,44.2,23.0,telemetry,Moga,0,9.936,0.0,0.0,0.0,0.0,0.0,0.0,0.0,0.1918,0.0,3.5302,-3.3384,1.1534441613191055,31.52,0.0,38.03,0.0,8.84,0.0
2022-05-15,135,5,2022,0.0,telemetry,44.8,24.4,telemetry,Moga,0,9.955,0.0,1.05,0.0,0.0,10.8149,10.8149,5.5713,11.0067,0.0,3.4684,7.5383,1.1804828257470708,31.547,0.0,38.49,0.0,8.84,0.934
2022-05-16,136,5,2022,0.0,telemetry,38.8,27.8,telemetry,Moga,0,7.141,0.0,1.05,0.0,0.0,7.758,7.758,3.9965,7.9498,0.0,3.4207,4.5291,1.196727940708088,31.563,0.0,38.78,0.0,8.77,0.67
2022-05-17,137,5,2022,0.0,telemetry,40.2,25.7,telemetry,Moga,0,8.156,0.0,1.05,0.0,0.0,8.8609,8.8609,4.5647,9.0527,0.0,3.3819,5.6708,1.2170680710213169,31.584,0.0,39.14,0.0,8.77,0.766
2022-05-18,138,5,2022,0.0,telemetry,40.4,25.7,telemetry,Moga,0,8.242,0.0,1.05,0.0,0.0,8.9539,8.9539,4.6126,9.1457,0.0,3.3528,5.7929,1.237845987172919,31.604,0.0,39.47,0.0,8.77,0.774
2022-05-19,139,5,2022,0.0,telemetry,42.8,24.6,telemetry,Moga,0,9.302,0.0,1.05,0.0,0.0,10.1061,10.1061,5.2062,10.2979,0.0,3.3329,6.965,1.2628282153764276,31.629,0.0,39.84,0.0,8.77,0.873
2022-05-20,140,5,2022,0.0,telemetry,43.1,26.0,telemetry,Moga,0,9.179,0.0,1.05,0.0,0.0,9.9726,9.9726,5.1374,10.1644,0.0,3.3229,6.8415,1.2873674712896428,31.654,0.0,39.95,0.0,8.77,0.862
2022-05-21,141,5,2022,0.0,telemetry,39.7,24.6,telemetry,Moga,0,8.242,0.0,1.05,0.0,0.0,8.9546,8.9546,4.613,9.1464,0.0,3.3219,5.8245,1.3082590736410957,31.675,0.0,40.05,0.0,3.7,0.774
2022-05-22,142,5,2022,0.0,telemetry,38.8,22.0,telemetry,Moga,0,8.401,0.0,1.05,0.0,0.0,9.127,9.127,4.7018,9.3188,0.0,3.3276,5.9912,1.3297483176507536,31.696,0.0,40.15,0.0,3.63,0.789
2022-05-23,143,5,2022,10.27,telemetry,42.7,25.7,generated,Moga,0,9.129,0.0,1.05,0.0,0.0,0.1651,0.1651,0.0851,0.3569,1.8325,3.3399,-2.983,1.319048897036595,31.686,10.27,40.36,0.0,13.04,0.014
2022-05-24,144,5,2022,0.33,telemetry,28.1,21.4,telemetry,Moga,0,4.696,0.0,1.05,0.0,0.0,4.7609,4.7609,2.4526,4.9527,0.0589,3.3472,1.6055,1.3248075490866993,31.691,10.6,40.07,0.0,13.35,0.411
2022-05-25,145,5,2022,0.0,telemetry,31.6,18.4,telemetry,Moga,0,6.638,0.0,1.05,0.0,0.0,7.2114,7.2114,3.715,7.4032,0.0,3.3549,4.0483,1.3393279855745832,31.706,10.6,39.83,0.0,12.08,0.623
2022-05-26,146,5,2022,0.0,telemetry,36.2,21.1,telemetry,Moga,0,7.714,0.0,1.05,0.0,0.0,8.3805,8.3805,4.3172,8.5723,0.0,3.3663,5.206,1.3580008454230361,31.725,10.6,39.73,0.0,12.08,0.724
2022-05-27,147,5,2022,0.0,telemetry,38.8,23.8,telemetry,Moga,0,8.136,0.0,1.05,0.0,0.0,8.8391,8.8391,4.5535,9.0309,0.0,3.3827,5.6482,1.3782599046934225,31.745,10.6,39.67,0.0,12.08,0.764
2022-05-28,148,5,2022,8.6,telemetry,39.1,25.4,telemetry,Moga,0,7.934,0.0,1.05,0.0,0.0,0.334,0.334,0.1721,0.5258,1.5345,3.4042,-2.8784,1.3679355382982654,31.735,19.2,39.56,0.0,19.96,0.029
2022-05-29,149,5,2022,0.0,telemetry,39.9,22.8,telemetry,Moga,0,8.714,0.0,1.05,0.0,0.0,9.4668,9.4668,4.8768,9.6586,0.0,3.4199,6.2387,1.3903124514583105,31.757,19.2,39.47,0.0,19.96,0.818
2022-05-30,150,5,2022,0.0,telemetry,38.8,24.6,telemetry,Moga,0,8.005,0.0,1.05,0.0,0.0,8.6966,8.6966,4.4801,8.8884,0.0,3.4417,5.4467,1.409848733567172,31.776,8.93,39.36,0.0,19.96,0.751
2022-05-31,151,5,2022,0.0,telemetry,39.9,24.1,telemetry,Moga,0,8.503,0.0,1.05,0.0,0.0,9.2374,9.2374,4.7587,9.4292,0.0,3.4679,5.9613,1.4312308010613637,31.798,8.6,39.31,0.0,19.96,0.798
2022-06-01,152,6,2022,0.0,telemetry,42.0,23.3,telemetry,Moga,0,9.379,0.0,1.052,0.0,0.0,10.2069,10.2069,5.2581,10.3987,0.0,3.4989,6.8998,1.455979254539126,31.823,8.6,39.39,0.0,19.96,0.882
2022-06-02,153,6,2022,0.0,telemetry,41.5,23.8,telemetry,Moga,0,9.132,0.0,1.055,0.0,0.0,9.9726,9.9726,5.1374,10.1644,0.0,3.5355,6.6289,1.479756062855756,31.846,8.6,39.52,0.0,19.96,0.862
2022-06-03,154,6,2022,0.0,telemetry,42.3,22.8,telemetry,Moga,0,9.573,0.0,1.059,0.0,0.0,10.4906,10.4906,5.4042,10.6824,0.0,3.5768,7.1056,1.5052424464523586,31.872,8.6,39.72,0.0,10.29,0.906
2022-06-04,155,6,2022,0.0,telemetry,43.1,22.8,telemetry,Moga,0,9.852,0.0,1.063,0.0,0.0,10.8334,10.8334,5.5808,11.0252,0.0,3.6232,7.402,1.5317919958301929,31.898,0.0,39.95,0.0,10.02,0.936
2022-06-05,156,6,2022,0.0,telemetry,43.4,24.6,telemetry,Moga,0,9.684,0.0,1.066,0.0,0.0,10.6846,10.6846,5.5042,10.8764,0.0,3.6746,7.2018,1.5576235414993382,31.924,0.0,40.16,0.0,10.02,0.923
2022-06-06,157,6,2022,0.0,telemetry,42.8,26.8,telemetry,Moga,0,9.077,0.0,1.07,0.0,0.0,10.0493,10.0493,5.1769,10.2411,0.0,3.7303,6.5108,1.580976758828204,31.948,0.0,40.3,0.0,10.02,0.868
2022-06-07,158,6,2022,0.0,telemetry,43.4,27.3,telemetry,Moga,0,9.206,0.0,1.074,0.0,0.0,10.2264,10.2264,5.2681,10.4182,0.0,3.7889,6.6293,1.6047550045601324,31.971,0.0,40.4,0.0,10.02,0.884
2022-06-08,159,6,2022,0.0,telemetry,43.1,27.6,telemetry,Moga,0,9.037,0.0,1.077,0.0,0.0,10.0732,10.0732,5.1892,10.265,0.0,3.8503,6.4147,1.62776336121878,31.994,0.0,40.5,0.0,10.02,0.87
2022-06-09,160,6,2022,0.0,telemetry,43.1,26.0,telemetry,Moga,0,9.354,0.0,1.081,0.0,0.0,10.4611,10.4611,5.3891,10.6529,0.0,3.914,6.7389,1.6519344609281652,32.019,0.0,40.61,0.0,10.02,0.904
2022-06-10,161,6,2022,0.0,telemetry,42.3,27.8,telemetry,Moga,0,8.699,0.0,1.085,0.0,0.0,9.7619,9.7619,5.0289,9.9537,0.0,3.9803,5.9734,1.6733600560841213,32.04,0.0,40.68,0.0,10.02,0.843
2022-06-11,162,6,2022,0.0,telemetry,41.5,27.3,telemetry,Moga,0,8.506,0.0,1.088,0.0,0.0,9.5771,9.5771,4.9337,9.7689,0.0,4.0477,5.7212,1.6938808056935428,32.061,0.0,40.63,0.0,10.02,0.827
2022-06-12,163,6,2022,0.0,telemetry,41.5,25.7,telemetry,Moga,0,8.838,0.0,1.092,0.0,0.0,9.9839,9.9839,5.1432,10.1757,0.0,4.116,6.0597,1.7156159775034863,32.082,0.0,40.6,0.0,10.02,0.863
2022-06-13,164,6,2022,0.0,telemetry,41.8,27.8,telemetry,Moga,0,8.516,0.0,1.095,0.0,0.0,9.6522,9.6522,4.9723,9.844,0.0,4.1853,5.6587,1.7359126670891232,32.103,0.0,40.52,0.0,10.02,0.834
2022-06-14,165,6,2022,0.0,telemetry,41.5,27.3,telemetry,Moga,0,8.513,0.0,1.099,0.0,0.0,9.6812,9.6812,4.9873,9.873,0.0,4.2551,5.6179,1.7560630120675784,32.123,0.0,40.41,0.0,10.02,0.836
2022-06-15,166,6,2022,0.0,telemetry,42.6,26.5,telemetry,Moga,0,9.093,0.0,1.103,0.0,0.0,10.3744,10.3744,5.3444,10.5662,0.0,4.3252,6.241,1.7784481856848675,32.145,0.0,40.53,0.0,10.02,0.896
2022-06-16,167,6,2022,4.27,telemetry,38.6,26.0,telemetry,Moga,0,7.699,0.0,1.106,0.0,0.0,4.5463,4.5463,2.342,4.7381,2.0952,4.3965,0.3416,1.7796734050417442,32.146,4.27,40.48,0.0,13.93,0.393
2022-06-17,168,6,2022,10.13,telemetry,30.5,20.6,telemetry,Moga,0,5.906,0.0,1.11,0.0,0.0,0.0,0.0,0.0,0.1918,4.9706,4.4623,-4.2705,1.7643557410745343,32.131,14.4,40.15,0.0,23.22,0.0
2022-06-18,169,6,2022,3.87,telemetry,26.2,20.1,telemetry,Moga,0,4.379,0.0,1.114,0.0,0.0,1.1658,1.1658,0.6006,1.3576,1.899,4.5192,-3.1616,1.753015765775882,32.12,18.27,39.6,0.0,26.77,0.101
2022-06-19,170,6,2022,0.2,telemetry,29.2,21.4,telemetry,Moga,0,5.212,0.0,1.117,0.0,0.0,5.8187,5.8187,2.9975,6.0105,0.0981,4.5669,1.4436,1.7581935266913116,32.125,18.47,39.13,0.0,26.95,0.503
2022-06-20,171,6,2022,0.07,telemetry,32.4,22.2,telemetry,Moga,0,6.237,0.0,1.121,0.0,0.0,7.1607,7.1607,3.6888,7.3525,0.0343,4.6114,2.7411,1.7680254965691646,32.135,18.54,38.89,0.0,27.01,0.619
2022-06-21,172,6,2022,0.47,telemetry,28.4,18.7,telemetry,Moga,0,5.576,0.0,1.125,0.0,0.0,6.003,6.003,3.0925,6.1948,0.2306,4.6544,1.5404,1.7735506316757548,32.14,19.01,38.54,0.0,27.44,0.519
2022-06-22,173,6,2022,0.0,telemetry,31.6,21.9,telemetry,Moga,0,6.006,0.0,1.128,0.0,0.0,7.0113,7.0113,3.6119,7.2031,0.0,4.6947,2.5084,1.7825479286041548,32.149,19.01,38.17,0.0,17.18,0.606
2022-06-23,174,6,2022,0.0,telemetry,34.8,22.5,telemetry,Moga,0,7.051,0.0,1.132,0.0,0.0,8.257,8.257,4.2536,8.4488,0.0,4.7335,3.7153,1.7958739542998612,32.163,14.74,38.4,0.0,16.84,0.713
2022-06-24,175,6,2022,0.0,telemetry,36.7,21.7,telemetry,Moga,0,7.877,0.0,1.135,0.0,0.0,9.254,9.254,4.7672,9.4458,0.0,4.7727,4.6731,1.812635430309427,32.179,4.61,38.57,0.0,16.84,0.8
2022-06-25,176,6,2022,0.0,telemetry,38.0,22.2,telemetry,Moga,0,8.237,0.0,1.139,0.0,0.0,9.7078,9.7078,5.001,9.8996,0.0,4.8135,5.0861,1.8308782171638414,32.198,0.74,38.63,0.0,16.84,0.839
2022-06-26,177,6,2022,0.0,telemetry,38.6,25.4,telemetry,Moga,0,7.825,0.0,1.143,0.0,0.0,9.2518,9.2518,4.7661,9.4436,0.0,4.8564,4.5872,1.8473317672305316,32.214,0.54,38.62,0.0,16.84,0.799
2022-06-27,178,6,2022,0.0,telemetry,39.1,28.1,telemetry,Moga,0,7.37,0.0,1.146,0.0,0.0,8.7417,8.7417,4.5033,8.9335,0.0,4.9004,4.0331,1.8617979092353674,32.228,0.47,38.62,0.0,8.24,0.755
2022-06-28,179,6,2022,0.0,telemetry,39.1,30.0,telemetry,Moga,0,6.825,0.0,1.15,0.0,0.0,8.1204,8.1204,4.1832,8.3122,0.0,4.9446,3.3676,1.8738768125102212,32.241,0.0,38.59,0.0,8.24,0.702
2022-06-29,180,6,2022,0.0,telemetry,38.0,28.6,telemetry,Moga,0,6.767,0.0,1.154,0.0,0.0,8.078,8.078,4.1614,8.2698,0.0,4.9882,3.2816,1.8856473451604416,32.252,0.0,38.57,0.0,8.24,0.698
2022-06-30,181,6,2022,6.0,telemetry,34.3,24.1,telemetry,Moga,0,6.481,0.0,1.157,0.0,0.0,1.8501,1.8501,0.9531,2.0419,2.9441,5.031,-2.9891,1.874925991204203,32.242,6.0,38.38,0.0,13.74,0.16
2022-07-01,182,7,2022,3.6,telemetry,29.4,22.2,telemetry,Moga,0,5.048,0.0,1.161,0.0,0.0,2.4464,2.4464,1.2603,2.6382,1.7665,5.0668,-2.4286,1.8662150457512416,32.233,9.6,37.96,0.0,17.05,0.211
2022-07-02,183,7,2022,0.0,telemetry,33.5,25.4,telemetry,Moga,0,5.8,0.0,1.165,0.0,0.0,6.988,6.988,3.5999,7.1798,0.0,5.0961,2.0837,1.873688967685338,32.24,9.6,37.69,0.0,17.05,0.604
2022-07-03,184,7,2022,0.07,telemetry,32.1,25.7,telemetry,Moga,0,5.092,0.0,1.168,0.0,0.0,6.0822,6.0822,3.1333,6.274,0.0343,5.1242,1.1498,1.8778130282045737,32.244,9.67,37.35,0.0,17.11,0.525
2022-07-04,185,7,2022,0.0,telemetry,35.3,26.2,telemetry,Moga,0,6.308,0.0,1.172,0.0,0.0,7.6482,7.6482,3.94,7.84,0.0,5.15,2.69,1.8874614550813762,32.254,9.67,37.09,0.0,17.11,0.661
2022-07-05,186,7,2022,0.0,telemetry,37.0,28.1,telemetry,Moga,0,6.465,0.0,1.175,0.0,0.0,7.8628,7.8628,4.0505,8.0546,0.0,5.1758,2.8788,1.8977872238102735,32.264,9.67,36.88,0.0,17.11,0.679
2022-07-06,187,7,2022,6.73,telemetry,33.8,27.3,telemetry,Moga,0,5.301,0.0,1.179,0.0,0.0,0.0,0.0,0.0,0.1918,3.3023,5.2017,-5.0099,1.8798174761174087,32.246,16.4,36.58,0.0,23.28,0.0
2022-07-07,188,7,2022,0.0,telemetry,33.7,25.2,telemetry,Moga,0,5.92,0.0,1.183,0.0,0.0,7.2442,7.2442,3.7319,7.436,0.0,5.2196,2.2164,1.8877671920135592,32.254,10.4,36.26,0.0,23.28,0.626
2022-07-08,189,7,2022,0.0,telemetry,37.0,28.1,telemetry,Moga,0,6.449,0.0,1.186,0.0,0.0,7.9165,7.9165,4.0782,8.1083,0.0,5.2375,2.8708,1.8980641521121127,32.265,6.8,36.05,0.0,23.28,0.684
2022-07-09,190,7,2022,10.2,telemetry,35.3,23.3,telemetry,Moga,0,6.999,0.0,1.19,0.0,0.0,0.0,0.0,0.0,0.1918,5.005,5.2563,-5.0645,1.879898710474335,32.247,17.0,35.79,0.0,32.63,0.0
2022-07-10,191,7,2022,0.0,telemetry,30.2,23.8,telemetry,Moga,0,4.857,0.0,1.194,0.0,0.0,5.9986,5.9986,3.0902,6.1904,0.0,5.2689,0.9215,1.8832038307161159,32.25,16.93,35.39,0.0,32.63,0.518
2022-07-11,192,7,2022,0.07,telemetry,34.2,24.6,telemetry,Moga,0,6.261,0.0,1.197,0.0,0.0,7.6838,7.6838,3.9583,7.8756,0.0343,5.2803,2.5953,1.8925125732665686,32.259,17.0,35.15,0.0,32.69,0.664
2022-07-12,193,7,2022,0.0,telemetry,34.3,27.3,telemetry,Moga,0,5.499,0.0,1.2,0.0,0.0,6.8279,6.8279,3.5174,7.0197,0.0,5.2929,1.7268,1.8987062572410405,32.265,17.0,34.91,0.0,32.69,0.59
2022-07-13,194,7,2022,0.6,telemetry,32.6,26.6,generated,Moga,0,4.96,0.0,1.2,0.0,0.0,5.5407,5.5407,2.8543,5.7325,0.2944,5.3053,0.4272,1.9002384439055466,32.267,10.87,34.6,0.0,33.24,0.479
2022-07-14,195,7,2022,0.07,telemetry,31.8,23.5,telemetry,Moga,0,5.587,0.0,1.2,0.0,0.0,6.865,6.865,3.5365,7.0568,0.0343,5.316,1.7408,1.906482235273943,32.273,10.94,34.28,0.0,33.31,0.593
2022-07-15,196,7,2022,0.0,telemetry,29.2,22.7,telemetry,Moga,0,4.754,0.0,1.2,0.0,0.0,5.9025,5.9025,3.0407,6.0943,0.0,5.3268,0.7675,1.9092351951224222,32.276,10.94,33.83,0.0,33.31,0.51
2022-07-16,197,7,2022,0.17,telemetry,34.0,22.2,telemetry,Moga,0,6.712,0.0,1.2,0.0,0.0,8.1575,8.1575,4.2023,8.3493,0.0834,5.3362,3.0131,1.9200427560739346,32.287,0.91,33.68,0.0,29.19,0.705
2022-07-17,198,7,2022,8.1,telemetry,30.0,22.5,telemetry,Moga,0,5.128,0.0,1.2,0.0,0.0,0.0,0.0,0.0,0.1918,3.9746,5.3475,-5.1557,1.9015503563807243,32.268,9.01,33.66,0.0,26.49,0.0
2022-07-18,199,7,2022,0.27,telemetry,34.7,29.8,generated,Moga,0,4.703,0.0,1.2,0.0,0.0,5.5611,5.5611,2.8648,5.7529,0.1325,5.3523,0.4006,1.9029871139768992,32.27,9.21,33.94,0.0,22.86,0.48
2022-07-19,200,7,2022,0.0,telemetry,35.1,29.7,telemetry,Moga,0,4.945,0.0,1.2,0.0,0.0,6.1403,6.1403,3.1632,6.3321,0.0,5.356,0.9761,1.906488101656724,32.273,9.21,34.14,0.0,22.66,0.53
2022-07-20,201,7,2022,14.4,telemetry,31.6,24.7,telemetry,Moga,0,5.109,0.0,1.2,0.0,0.0,0.0,0.0,0.0,0.1918,7.0659,5.3593,-5.1675,1.8879531533914702,32.255,23.01,34.11,0.0,35.8,0.0
2022-07-21,202,7,2022,68.2,telemetry,27.6,22.8,telemetry,Moga,0,3.982,0.0,1.2,0.0,0.0,0.0,0.0,0.0,0.1918,33.4648,5.3594,-5.1676,1.8694180084626975,32.236,91.14,34.09,0.0,97.84,0.0
2022-07-22,203,7,2022,8.27,telemetry,32.1,24.4,telemetry,Moga,0,5.393,0.0,1.2,0.0,0.0,0.0,0.0,0.0,0.1918,4.058,5.3775,-5.1857,1.85081774252178,32.217,99.41,34.1,0.0,105.42,0.0
2022-07-23,204,7,2022,0.2,telemetry,31.6,25.2,telemetry,Moga,0,4.924,0.0,1.2,0.0,0.0,5.9076,5.9076,3.0433,6.0994,0.0981,5.3899,0.7095,1.8533625220120815,32.22,99.44,34.0,0.0,105.61,0.51
2022-07-24,205,7,2022,0.47,telemetry,33.2,24.9,telemetry,Moga,0,5.677,0.0,1.2,0.0,0.0,6.5645,6.5645,3.3817,6.7563,0.2306,5.4021,1.3542,1.8582199072487406,32.225,91.81,33.88,0.0,106.04,0.567
2022-07-25,206,7,2022,2.33,telemetry,32.4,25.7,telemetry,Moga,0,5.092,0.0,1.2,0.0,0.0,3.9564,3.9564,2.0381,4.1482,1.1433,5.415,-1.2668,1.8536762999610212,32.22,93.87,33.69,0.0,108.17,0.342
2022-07-26,207,7,2022,0.0,telemetry,32.4,26.2,telemetry,Moga,0,4.916,0.0,1.2,0.0,0.0,6.1033,6.1033,3.1441,6.2951,0.0,5.4256,0.8695,1.8567950314568404,32.223,93.87,33.49,0.0,108.17,0.527
2022-07-27,208,7,2022,0.27,telemetry,32.9,25.4,telemetry,Moga,0,5.379,0.0,1.2,0.0,0.0,6.4002,6.4002,3.2971,6.592,0.1325,5.4362,1.1558,1.8609405596434154,32.228,79.74,33.28,0.0,108.42,0.553
2022-07-28,209,7,2022,4.2,telemetry,32.4,24.9,telemetry,Moga,0,5.312,0.0,1.2,0.0,0.0,2.3956,2.3956,1.2341,2.5874,2.0609,5.4473,-2.8599,1.8506825884086797,32.217,15.74,33.06,0.0,112.27,0.207
2022-07-29,210,7,2022,1.47,telemetry,30.0,23.8,telemetry,Moga,0,4.638,0.0,1.2,0.0,0.0,4.2561,4.2561,2.1925,4.4479,0.7213,5.4548,-1.0069,1.847071122415252,32.214,8.94,32.79,0.0,113.62,0.368
2022-07-30,211,7,2022,9.4,telemetry,30.8,23.5,telemetry,Moga,0,5.051,0.0,1.2,0.0,0.0,0.0,0.0,0.0,0.1918,4.6124,5.4604,-5.2686,1.8281734848132822,32.195,18.14,32.67,0.0,116.23,0.0
2022-07-31,212,7,2022,1.53,telemetry,29.4,21.7,telemetry,Moga,0,4.993,0.0,1.2,0.0,0.0,4.6351,4.6351,2.3878,4.8269,0.7507,5.4617,-0.6348,1.8258967155243355,32.193,19.2,32.67,0.0,114.04,0.4
2022-08-01,213,8,2022,0.47,telemetry,31.6,22.7,telemetry,Moga,0,5.554,0.0,1.2,0.0,0.0,6.411,6.411,3.3026,6.6028,0.2306,5.4622,1.1406,1.8299877532233757,32.197,17.34,32.61,0.0,114.47,0.554
2022-08-02,214,8,2022,0.07,telemetry,33.2,24.6,telemetry,Moga,0,5.659,0.0,1.2,0.0,0.0,6.9543,6.9543,3.5825,7.1461,0.0343,5.4642,1.6819,1.8360204321407692,32.203,17.41,32.65,0.0,114.46,0.601
2022-08-03,215,8,2022,0.0,telemetry,34.0,25.2,telemetry,Moga,0,5.797,0.0,1.2,0.0,0.0,7.1981,7.1981,3.7081,7.3899,0.0,5.468,1.9219,1.8429138527599909,32.21,17.14,32.6,0.0,114.46,0.622
2022-08-04,216,8,2022,0.07,telemetry,31.6,25.4,telemetry,Moga,0,4.742,0.0,1.2,0.0,0.0,5.8155,5.8155,2.9959,6.0073,0.0343,5.4738,0.5335,1.8448273495939025,32.211,13.01,32.42,0.0,114.53,0.502
2022-08-05,217,8,2022,0.0,telemetry,29.7,24.6,telemetry,Moga,0,4.166,0.0,1.2,0.0,0.0,5.172,5.172,2.6644,5.3638,0.0,5.4795,-0.1157,1.8444123242232129,32.211,11.54,32.29,0.0,107.8,0.447
2022-08-06,218,8,2022,0.2,telemetry,32.4,24.6,telemetry,Moga,0,5.293,0.0,1.2,0.0,0.0,6.3654,6.3654,3.2791,6.5572,0.0981,5.4841,1.0731,1.8482611650730718,32.215,2.34,32.24,0.0,107.98,0.55
2022-08-07,219,8,2022,0.07,telemetry,31.3,26.0,telemetry,Moga,0,4.366,0.0,1.2,0.0,0.0,5.3488,5.3488,2.7554,5.5406,0.0343,5.4895,0.0511,1.848444433415885,32.215,0.88,32.05,0.0,108.04,0.462
2022-08-08,220,8,2022,0.0,telemetry,33.2,24.9,telemetry,Moga,0,5.497,0.0,1.2,0.0,0.0,6.8249,6.8249,3.5159,7.0167,0.0,5.494,1.5227,1.8539059554491002,32.221,0.41,31.98,0.0,97.84,0.59
2022-08-09,221,8,2022,0.0,telemetry,35.3,27.3,telemetry,Moga,0,5.641,0.0,1.2,0.0,0.0,7.0036,7.0036,3.6079,7.1954,0.0,5.4998,1.6956,1.859987867484617,32.227,0.34,32.15,0.0,97.84,0.605
2022-08-10,222,8,2022,2.27,telemetry,35.1,26.0,telemetry,Moga,0,5.908,0.0,1.2,0.0,0.0,5.0294,5.0294,2.5909,5.2212,1.1139,5.5068,-0.2856,1.8589634024373303,32.226,2.61,32.18,0.0,99.85,0.435
2022-08-11,223,8,2022,0.0,telemetry,31.8,25.4,telemetry,Moga,0,4.741,0.0,1.2,0.0,0.0,5.8871,5.8871,3.0327,6.0789,0.0,5.5132,0.5657,1.860992468598356,32.228,2.54,32.1,0.0,99.85,0.509
2022-08-12,224,8,2022,0.0,telemetry,34.0,24.1,telemetry,Moga,0,5.937,0.0,1.2,0.0,0.0,7.3719,7.3719,3.7976,7.5637,0.0,5.5193,2.0444,1.8683255212157184,32.235,2.54,32.15,0.0,99.25,0.637
2022-08-13,225,8,2022,0.07,telemetry,33.4,26.5,telemetry,Moga,0,5.037,0.0,1.2,0.0,0.0,6.1819,6.1819,3.1846,6.3737,0.0343,5.527,0.8467,1.8713624291422013,32.238,2.41,32.2,0.0,99.25,0.534
2022-08-14,226,8,2022,0.93,telemetry,33.2,24.1,telemetry,Moga,0,5.61,0.0,1.2,0.0,0.0,6.0108,6.0108,3.0965,6.2026,0.4563,5.5347,0.6679,1.8737581132395376,32.24,3.27,32.33,0.0,100.1,0.519
2022-08-15,227,8,2022,0.27,telemetry,30.8,23.3,telemetry,Moga,0,4.903,0.0,1.2,0.0,0.0,5.8086,5.8086,2.9923,6.0004,0.1325,5.5423,0.4581,1.8754010969489558,32.242,3.54,32.23,0.0,100.18,0.502
2022-08-16,228,8,2022,0.0,telemetry,33.2,24.4,telemetry,Moga,0,5.501,0.0,1.2,0.0,0.0,6.8297,6.8297,3.5183,7.0215,0.0,5.5494,1.4721,1.8806812162620088,32.247,3.54,32.33,0.0,92.08,0.59
2022-08-17,229,8,2022,0.0,telemetry,30.2,24.6,telemetry,Moga,0,4.242,0.0,1.2,0.0,0.0,5.2675,5.2675,2.7136,5.4593,0.0,5.5572,-0.0979,1.8803300236890683,32.247,1.27,32.18,0.0,91.81,0.455
2022-08-18,230,8,2022,0.0,telemetry,32.9,24.4,telemetry,Moga,0,5.354,0.0,1.2,0.0,0.0,6.6473,6.6473,3.4244,6.8391,0.0,5.5635,1.2756,1.884905376136647,32.252,1.27,32.11,0.0,91.81,0.574
2022-08-19,231,8,2022,0.0,telemetry,32.9,24.1,telemetry,Moga,0,5.412,0.0,1.2,0.0,0.0,6.7191,6.7191,3.4614,6.9109,0.0,5.5703,1.3406,1.8897140357146125,32.256,1.27,32.15,0.0,77.41,0.58
2022-08-20,232,8,2022,0.0,telemetry,33.5,24.4,telemetry,Moga,0,5.537,0.0,1.2,0.0,0.0,6.8754,6.8754,3.5419,7.0672,0.0,5.5775,1.4897,1.8950573296524404,32.262,1.2,32.35,0.0,9.21,0.594
2022-08-21,233,8,2022,0.0,telemetry,33.8,25.2,telemetry,Moga,0,5.427,0.0,1.2,0.0,0.0,6.7388,6.7388,3.4715,6.9306,0.0,5.5854,1.3452,1.8998824317818874,32.267,0.27,32.41,0.0,0.94,0.582
2022-08-22,234,8,2022,0.0,telemetry,34.6,25.7,telemetry,Moga,0,5.577,0.0,1.2,0.0,0.0,6.9247,6.9247,3.5673,7.1165,0.0,5.5936,1.5229,1.9053448417630885,32.272,0.0,32.51,0.0,0.74,0.598
2022-08-23,235,8,2022,0.0,telemetry,33.7,26.2,telemetry,Moga,0,5.08,0.0,1.2,0.0,0.0,6.3071,6.3071,3.2491,6.4989,0.0,5.6023,0.8966,1.9085606280319274,32.275,0.0,32.52,0.0,0.27,0.545
2022-08-24,236,8,2022,0.27,telemetry,31.3,24.6,telemetry,Moga,0,4.583,0.0,1.2,0.0,0.0,5.4115,5.4115,2.7877,5.6033,0.1325,5.6107,-0.0074,1.9085340741542203,32.275,0.27,32.49,0.0,-1.81,0.468
2022-08-25,237,8,2022,0.0,telemetry,31.9,24.1,telemetry,Moga,0,4.931,0.0,1.2,0.0,0.0,6.1229,6.1229,3.1542,6.3147,0.0,5.6175,0.6972,1.9110346703264491,32.278,0.27,32.47,0.0,-1.81,0.529
2022-08-26,238,8,2022,0.0,telemetry,32.1,24.6,telemetry,Moga,0,4.854,0.0,1.2,0.0,0.0,6.0264,6.0264,3.1045,6.2182,0.0,5.6238,0.5944,1.9131666270861645,32.28,0.27,32.44,0.0,-2.08,0.521
2022-08-27,239,8,2022,0.0,telemetry,31.8,24.6,telemetry,Moga,0,4.721,0.0,1.2,0.0,0.0,5.8622,5.8622,3.0199,6.054,0.0,5.6294,0.4246,1.9146895476670602,32.281,0.27,32.42,0.0,-6.28,0.506
2022-08-28,240,8,2022,0.0,telemetry,33.2,23.8,telemetry,Moga,0,5.408,0.0,1.2,0.0,0.0,6.7147,6.7147,3.4591,6.9065,0.0,5.6341,1.2724,1.9192533031495256,32.286,0.27,32.53,0.0,-7.75,0.58
2022-08-29,241,8,2022,0.0,telemetry,33.3,23.7,telemetry,Moga,0,5.443,0.0,1.2,0.0,0.0,6.7578,6.7578,3.4813,6.9496,0.0,5.6392,1.3104,1.923953522306424,32.291,0.27,32.61,0.0,-17.15,0.584
2022-08-30,242,8,2022,0.0,telemetry,34.8,25.2,telemetry,Moga,0,5.596,0.0,1.2,0.0,0.0,6.9475,6.9475,3.579,7.1393,0.0,5.6446,1.4947,1.929314829195668,32.296,0.27,32.79,0.0,-18.68,0.6
2022-08-31,243,8,2022,0.0,telemetry,34.8,24.6,telemetry,Moga,0,5.707,0.0,1.2,0.0,0.0,7.086,7.086,3.6504,7.2778,0.0,5.6505,1.6273,1.9351516507341362,32.302,0.0,32.9,0.0,-19.15,0.612
2022-09-01,244,9,2022,0.0,telemetry,35.9,24.9,telemetry,Moga,0,5.988,0.0,1.2,0.0,0.0,7.4347,7.4347,3.83,7.6265,0.0,5.6571,1.9694,1.9422155980837956,32.309,0.0,32.99,0.0,-19.22,0.642
2022-09-02,245,9,2022,0.0,telemetry,35.6,24.9,telemetry,Moga,0,5.861,0.0,1.2,0.0,0.0,7.2774,7.2774,3.749,7.4692,0.0,5.6647,1.8045,1.9486879945866669,32.315,0.0,33.04,0.0,-19.22,0.629
2022-09-03,246,9,2022,0.0,telemetry,34.8,24.4,telemetry,Moga,0,5.675,0.0,1.2,0.0,0.0,7.0458,7.0458,3.6297,7.2376,0.0,5.673,1.5646,1.9542997990909667,32.321,0.0,33.15,0.0,-19.29,0.609
2022-09-04,247,9,2022,0.0,telemetry,34.5,23.3,telemetry,Moga,0,5.775,0.0,1.2,0.0,0.0,7.1707,7.1707,3.694,7.3625,0.0,5.6817,1.6808,1.9603286466364698,32.327,0.0,33.31,0.0,-19.29,0.62
2022-09-05,248,9,2022,0.0,telemetry,33.7,23.5,telemetry,Moga,0,5.451,0.0,1.2,0.0,0.0,6.7675,6.7675,3.4863,6.9593,0.0,5.6907,1.2686,1.9648788694243149,32.332,0.0,33.35,0.0,-19.49,0.585
2022-09-06,249,9,2022,0.0,telemetry,32.6,22.0,telemetry,Moga,0,5.375,0.0,1.2,0.0,0.0,6.6738,6.6738,3.438,6.8656,0.0,5.6995,1.1661,1.9690613515410003,32.336,0.0,33.4,0.0,-19.56,0.577
2022-09-07,250,9,2022,0.0,telemetry,33.2,23.0,telemetry,Moga,0,5.34,0.0,1.2,0.0,0.0,6.6307,6.6307,3.4158,6.8225,0.0,5.708,1.1145,1.9730588697798956,32.34,0.0,33.4,0.0,-19.56,0.573
2022-09-08,251,9,2022,0.0,telemetry,32.9,24.4,telemetry,Moga,0,4.909,0.0,1.2,0.0,0.0,6.0955,6.0955,3.1401,6.2873,0.0,5.716,0.5713,1.9751078583966457,32.342,0.0,33.32,0.0,-19.56,0.527
2022-09-09,252,9,2022,0.2,telemetry,33.7,24.4,telemetry,Moga,0,5.154,0.0,1.2,0.0,0.0,6.1922,6.1922,3.1899,6.384,0.0981,5.7229,0.6611,1.9774789609551784,32.344,0.2,33.27,0.0,-21.65,0.535
2022-09-10,253,9,2022,0.0,telemetry,33.8,24.9,telemetry,Moga,0,5.048,0.0,1.2,0.0,0.0,6.268,6.268,3.229,6.4598,0.0,5.729,0.7308,1.9801003537023736,32.347,0.2,33.34,0.0,-21.65,0.542
2022-09-11,254,9,2022,0.0,telemetry,32.6,23.8,telemetry,Moga,0,4.872,0.0,1.2,0.0,0.0,6.0494,6.0494,3.1164,6.2412,0.0,5.7342,0.507,1.9819189513200213,32.349,0.2,33.29,0.0,-21.65,0.523
2022-09-12,255,9,2022,0.0,telemetry,32.9,23.0,telemetry,Moga,0,5.113,0.0,1.2,0.0,0.0,6.3483,6.3483,3.2703,6.5401,0.0,5.7383,0.8018,1.9847947377402815,32.351,0.2,33.27,0.0,-21.72,0.548
2022-09-13,256,9,2022,0.0,telemetry,32.9,24.6,telemetry,Moga,0,4.738,0.0,1.2,0.0,0.0,5.8831,5.8831,3.0307,6.0749,0.0,5.7419,0.333,1.9859891274827302,32.353,0.2,33.26,0.0,-22.65,0.508
2022-09-14,257,9,2022,0.93,telemetry,31.8,23.8,telemetry,Moga,0,4.532,0.0,1.2,0.0,0.0,4.6724,4.6724,2.407,4.8642,0.4563,5.7443,-0.8801,1.9828324467109018,32.349,1.13,33.3,0.0,-22.07,0.404
2022-09-15,258,9,2022,0.27,telemetry,31.6,22.8,telemetry,Moga,0,4.666,0.0,1.2,0.0,0.0,5.5141,5.5141,2.8406,5.7059,0.1325,5.7442,-0.0383,1.982694964585989,32.349,1.4,33.24,0.0,-21.82,0.476
2022-09-16,259,9,2022,0.0,telemetry,31.8,21.4,telemetry,Moga,0,4.977,0.0,1.2,0.0,0.0,6.1792,6.1792,3.1832,6.371,0.0,5.7429,0.6281,1.9849479925540354,32.352,1.2,33.3,0.0,-21.82,0.534
2022-09-17,260,9,2022,0.0,telemetry,32.7,22.5,telemetry,Moga,0,5.012,0.0,1.2,0.0,0.0,6.2224,6.2224,3.2055,6.4142,0.0,5.7411,0.6731,1.9873623718471163,32.354,1.2,33.29,0.0,-21.82,0.538
2022-09-18,261,9,2022,0.0,telemetry,34.0,23.6,telemetry,Moga,0,5.165,0.0,1.2,0.0,0.0,6.4126,6.4126,3.3035,6.6044,0.0,5.739,0.8654,1.9904665565715136,32.357,1.2,33.33,0.0,-21.82,0.554
2022-09-19,262,9,2022,0.0,telemetry,33.7,23.7,telemetry,Moga,0,5.025,0.0,1.2,0.0,0.0,6.2385,6.2385,3.2138,6.4303,0.0,5.7368,0.6935,1.9929540655700493,32.36,1.2,33.33,0.0,-21.82,0.539
2022-09-20,263,9,2022,0.0,telemetry,33.0,23.7,telemetry,Moga,0,4.781,0.0,1.2,0.0,0.0,5.9362,5.9362,3.058,6.128,0.0,5.7343,0.3937,1.9943661463481852,32.361,1.2,33.31,0.0,-21.82,0.513
2022-09-21,264,9,2022,8.93,telemetry,31.9,23.3,telemetry,Moga,0,4.496,0.0,1.2,0.0,0.0,0.0,0.0,0.0,0.1918,4.3818,5.7311,-5.5393,1.9744975338078359,32.341,9.2,33.22,0.0,-13.64,0.0
2022-09-22,265,9,2022,0.53,telemetry,29.8,21.9,telemetry,Moga,0,4.119,0.0,1.2,0.0,0.0,4.5676,4.5676,2.353,4.7594,0.2601,5.7226,-0.9632,1.971042595891393,32.338,9.46,33.09,0.0,-13.15,0.395
2022-09-23,266,9,2022,6.27,telemetry,27.2,22.6,telemetry,Moga,0,3.056,0.0,1.2,0.0,0.0,0.0,0.0,0.0,0.1918,3.0766,5.7124,-5.5206,1.9512413256708627,32.318,15.73,32.95,0.0,-7.67,0.0
2022-09-24,267,9,2022,43.07,telemetry,23.3,20.5,telemetry,Moga,0,2.203,0.0,1.2,0.0,0.0,0.0,0.0,0.0,0.1918,21.1338,5.6965,-5.5047,1.9314971243006542,32.298,58.8,32.66,0.0,31.81,0.0
2022-09-25,268,9,2022,28.27,telemetry,29.1,20.1,telemetry,Moga,0,4.192,0.0,1.2,0.0,0.0,0.0,0.0,0.0,0.1918,13.8717,5.6897,-5.4979,1.9117769824421587,32.278,87.07,32.56,0.0,57.72,0.0
2022-09-26,269,9,2022,0.2,telemetry,29.0,20.1,telemetry,Moga,0,4.138,0.0,1.2,0.0,0.0,4.9314,4.9314,2.5404,5.1232,0.0981,5.6863,-0.5631,1.9097571615793936,32.276,87.27,32.47,0.0,57.91,0.426
2022-09-27,270,9,2022,0.0,telemetry,31.2,20.1,telemetry,Moga,0,4.712,0.0,1.2,0.0,0.0,5.8499,5.8499,3.0136,6.0417,0.0,5.6822,0.3595,1.9110467788064829,32.278,87.27,32.4,0.0,57.91,0.505
2022-09-28,271,9,2022,0.07,telemetry,30.8,23.0,telemetry,Moga,0,4.037,0.0,1.2,0.0,0.0,4.9404,4.9404,2.5451,5.1322,0.0343,5.6785,-0.5463,1.9090874089332808,32.276,78.41,32.32,0.0,57.97,0.427
2022-09-29,272,9,2022,0.13,telemetry,31.5,22.3,telemetry,Moga,0,4.357,0.0,1.2,0.0,0.0,5.2747,5.2747,2.7173,5.4665,0.0638,5.674,-0.2075,1.9083432362019042,32.275,78.01,32.21,0.0,58.09,0.456
2022-09-30,273,9,2022,0.0,telemetry,33.0,21.2,telemetry,Moga,0,4.924,0.0,1.2,0.0,0.0,6.1134,6.1134,3.1493,6.3052,0.0,5.6692,0.636,1.9106244646216377,32.277,71.74,32.15,0.0,58.09,0.528
2022-10-01,274,10,2022,0.0,telemetry,33.7,20.8,telemetry,Moga,0,5.131,0.0,1.2,0.0,0.0,6.3713,6.3713,3.2822,6.5631,0.0,5.6652,0.8979,1.9138449271648255,32.28,28.67,32.08,0.0,58.09,0.55
2022-10-02,275,10,2022,0.07,telemetry,32.6,21.6,telemetry,Moga,0,4.692,0.0,1.2,0.0,0.0,5.7527,5.7527,2.9635,5.9445,0.0125,5.6624,0.2821,1.9148568970787048,32.282,0.47,31.98,0.0,58.15,0.497
2022-10-03,276,10,2022,0.0,telemetry,31.9,19.4,telemetry,Moga,0,4.807,0.0,1.189,0.0,0.0,5.9162,5.9162,3.0477,6.108,0.0,5.6596,0.4484,1.9164651721808803,32.283,0.27,31.88,0.0,58.15,0.511
2022-10-04,277,10,2022,0.0,telemetry,31.7,18.4,telemetry,Moga,0,4.858,0.0,1.175,0.0,0.0,5.9068,5.9068,3.0429,6.0986,0.0,5.6572,0.4414,1.9180484972027738,32.285,0.27,31.79,0.0,58.15,0.51
2022-10-05,278,10,2022,0.07,telemetry,33.0,20.1,telemetry,Moga,0,4.918,0.0,1.161,0.0,0.0,5.8358,5.8358,3.0063,6.0276,0.0125,5.655,0.3726,1.9193850593332769,32.286,0.27,31.76,0.0,58.22,0.504
2022-10-06,279,10,2022,0.0,telemetry,29.5,18.8,telemetry,Moga,0,4.208,0.0,1.147,0.0,0.0,4.9934,4.9934,2.5724,5.1852,0.0,5.6529,-0.4677,1.9177076001117455,32.284,0.14,31.66,0.0,58.22,0.431
2022-10-07,280,10,2022,0.0,telemetry,26.8,18.4,telemetry,Moga,0,3.566,0.0,1.133,0.0,0.0,4.1793,4.1793,2.153,4.3711,0.0,5.6497,-1.2786,1.9131215457417403,32.28,0.14,31.45,0.0,58.29,0.361
2022-10-08,281,10,2022,0.07,telemetry,25.8,19.4,telemetry,Moga,0,3.091,0.0,1.119,0.0,0.0,3.5051,3.5051,1.8057,3.6969,0.0125,5.6444,-1.9475,1.9061363770904238,32.273,0.21,31.21,0.0,58.77,0.303
2022-10-09,282,10,2022,0.0,telemetry,25.3,17.2,telemetry,Moga,0,3.338,0.0,1.105,0.0,0.0,3.8143,3.8143,1.9649,4.0061,0.0,5.6361,-1.63,1.900289769594835,32.267,0.14,30.93,0.0,58.83,0.33
2022-10-10,283,10,2022,0.4,telemetry,22.6,18.7,telemetry,Moga,0,2.264,0.0,1.09,0.0,0.0,2.1421,2.1421,1.1035,2.3339,0.0714,5.6256,-3.2917,1.8884828926352955,32.255,0.54,30.56,0.0,59.2,0.185
2022-10-11,284,10,2022,8.53,telemetry,25.8,18.4,telemetry,Moga,0,3.214,0.0,1.076,0.0,0.0,0.0,0.0,0.0,0.1918,1.522,5.6108,-5.419,1.8690457832275724,32.236,9.07,30.33,0.0,67.02,0.0
2022-10-12,285,10,2022,0.0,telemetry,27.4,15.1,telemetry,Moga,0,4.026,0.0,1.062,0.0,0.0,4.4249,4.4249,2.2795,4.6167,0.0,5.5903,-0.9736,1.8655537062262173,32.232,9.0,30.15,0.0,67.02,0.382
2022-10-13,286,10,2022,0.0,telemetry,29.0,15.1,telemetry,Moga,0,4.337,0.0,1.048,0.0,0.0,4.7026,4.7026,2.4226,4.8944,0.0,5.5694,-0.675,1.863132654926298,32.23,9.0,30.02,0.0,67.02,0.406
2022-10-14,287,10,2022,0.0,telemetry,28.4,14.6,telemetry,Moga,0,4.231,0.0,1.034,0.0,0.0,4.5261,4.5261,2.3316,4.7179,0.0,5.5486,-0.8307,1.8601532378720802,32.227,9.0,29.9,0.0,66.09,0.391
2022-10-15,288,10,2022,0.0,telemetry,30.1,15.1,telemetry,Moga,0,4.502,0.0,1.02,0.0,0.0,4.7501,4.7501,2.447,4.9419,0.0,5.5276,-0.5857,1.8580525722332069,32.225,8.93,29.85,0.0,65.82,0.41
2022-10-16,289,10,2022,0.0,telemetry,29.9,16.3,telemetry,Moga,0,4.309,0.0,1.006,0.0,0.0,4.483,4.483,2.3094,4.6748,0.0,5.5067,-0.8319,1.8550685758180843,32.222,8.93,29.79,0.0,65.82,0.387
2022-10-17,290,10,2022,0.0,telemetry,31.3,14.9,telemetry,Moga,0,4.697,0.0,0.991,0.0,0.0,4.8186,4.8186,2.4823,5.0104,0.0,5.4857,-0.4753,1.8533637544074812,32.22,8.53,29.74,0.0,65.82,0.416
2022-10-18,291,10,2022,0.0,telemetry,31.3,14.6,telemetry,Moga,0,4.689,0.0,0.977,0.0,0.0,4.7409,4.7409,2.4423,4.9327,0.0,5.465,-0.5323,1.8514546502242073,32.218,0.0,29.65,0.0,65.82,0.41
2022-10-19,292,10,2022,0.0,telemetry,30.6,15.6,telemetry,Moga,0,4.427,0.0,0.963,0.0,0.0,4.4121,4.4121,2.2729,4.6039,0.0,5.4444,-0.8405,1.8484400135615504,32.215,0.0,29.55,0.0,65.82,0.381
2022-10-20,293,10,2022,0.0,telemetry,31.0,15.6,telemetry,Moga,0,4.475,0.0,0.949,0.0,0.0,4.3943,4.3943,2.2637,4.5861,0.0,5.4235,-0.8374,1.8454363725236613,32.212,0.0,29.48,0.0,65.82,0.38
2022-10-21,294,10,2022,0.0,telemetry,29.2,14.9,telemetry,Moga,0,4.151,0.0,0.935,0.0,0.0,4.015,4.015,2.0683,4.2068,0.0,5.4024,-1.1956,1.841148076410326,32.208,0.0,29.39,0.0,56.89,0.347
2022-10-22,295,10,2022,0.0,telemetry,27.4,13.5,telemetry,Moga,0,3.899,0.0,0.921,0.0,0.0,3.7147,3.7147,1.9136,3.9065,0.0,5.3805,-1.474,1.8358612056899115,32.203,0.0,29.31,0.0,56.63,0.321
2022-10-23,296,10,2022,0.0,telemetry,28.4,12.1,telemetry,Moga,0,4.17,0.0,0.907,0.0,0.0,3.9114,3.9114,2.015,4.1032,0.0,5.3575,-1.2543,1.8313623288473502,32.198,0.0,29.35,0.0,50.36,0.338
2022-10-24,297,10,2022,0.0,telemetry,29.2,12.1,telemetry,Moga,0,4.284,0.0,0.892,0.0,0.0,3.9562,3.9562,2.038,4.148,0.0,5.3338,-1.1858,1.827109169742576,32.194,0.0,29.55,0.0,7.29,0.342
2022-10-25,298,10,2022,0.07,telemetry,28.8,12.4,telemetry,Moga,0,4.16,0.0,0.878,0.0,0.0,3.7079,3.7079,1.9101,3.8997,0.0125,5.3095,-1.4098,1.8220524912384837,32.189,0.07,29.54,0.0,-20.92,0.32
2022-10-26,299,10,2022,0.0,telemetry,28.8,12.4,telemetry,Moga,0,4.13,0.0,0.864,0.0,0.0,3.6923,3.6923,1.9021,3.8841,0.0,5.2844,-1.4003,1.8170299478470981,32.184,0.07,29.53,0.0,-21.12,0.319
2022-10-27,300,10,2022,0.0,telemetry,30.2,12.8,telemetry,Moga,0,4.322,0.0,0.85,0.0,0.0,3.8008,3.8008,1.958,3.9926,0.0,5.2585,-1.2659,1.8124894464691033,32.179,0.07,29.5,0.0,-21.12,0.328
2022-10-28,301,10,2022,0.0,telemetry,27.9,13.5,telemetry,Moga,0,3.824,0.0,0.0,0.0,0.0,0.0,0.0,0.0,0.1918,0.0,5.2321,-5.0403,1.7944109665506665,32.161,0.07,29.4,0.0,-21.19,0.0
2022-10-29,302,10,2022,0.0,telemetry,29.6,12.8,telemetry,Moga,0,4.153,0.0,0.0,0.0,0.0,0.0,0.0,0.0,0.1918,0.0,5.1999,-5.0081,1.7764476851729722,32.143,0.07,29.34,0.0,-21.32,0.0
2022-10-30,303,10,2022,0.0,telemetry,29.9,12.8,telemetry,Moga,0,4.176,0.0,0.0,0.0,0.0,0.0,0.0,0.0,0.1918,0.0,5.1626,-4.9708,1.758618173596102,32.125,0.07,29.24,0.0,-19.86,0.0
2022-10-31,304,10,2022,0.0,telemetry,30.3,13.1,telemetry,Moga,0,4.195,0.0,0.0,0.0,0.0,0.0,0.0,0.0,0.1918,0.0,5.1206,-4.9288,1.7409392965142947,32.108,0.07,29.12,0.0,-19.86,0.0
2022-11-01,305,11,2022,0.0,telemetry,30.3,14.6,telemetry,Moga,1,4.055,0.4,0.0,1.622,2.0761,0.0,2.0761,1.0695,2.2679,0.0,5.0744,-2.8065,1.7308729179945466,32.098,0.0,29.05,0.148,-19.93,0.179
2022-11-02,306,11,2022,0.0,telemetry,29.5,15.6,telemetry,Moga,1,3.798,0.4,0.0,1.519,1.9444,0.0,1.9444,1.0017,2.1362,0.0,5.0271,-2.8909,1.7205036145461174,32.087,0.0,28.97,0.287,-19.93,0.168
2022-11-03,307,11,2022,0.0,telemetry,28.1,13.5,telemetry,Moga,1,3.697,0.4,0.0,1.479,1.8929,0.0,1.8929,0.9751,2.0847,0.0,4.9789,-2.8942,1.7101227293171541,32.077,0.0,28.85,0.422,-19.93,0.164
2022-11-04,308,11,2022,0.0,telemetry,28.8,13.9,telemetry,Moga,1,3.762,0.4,0.0,1.505,1.9259,0.0,1.9259,0.9921,2.1177,0.0,4.9297,-2.812,1.700036741362142,32.067,0.0,28.71,0.56,-20.0,0.166
2022-11-05,309,11,2022,0.0,telemetry,27.4,15.6,telemetry,Moga,1,3.337,0.4,0.0,1.335,1.7085,0.0,1.7085,0.8801,1.9003,0.0,4.8797,-2.9794,1.6893502172185437,32.056,0.0,28.64,0.682,-19.39,0.148
2022-11-06,310,11,2022,0.0,telemetry,28.5,16.7,telemetry,Moga,1,3.407,0.4,0.0,1.363,1.7442,0.0,1.7442,0.8985,1.936,0.0,4.8288,-2.8928,1.6789742843258884,32.046,0.0,28.69,0.807,-19.29,0.151
2022-11-07,311,11,2022,0.0,telemetry,29.5,14.6,telemetry,Moga,1,3.75,0.4,0.0,1.5,1.92,0.0,1.92,0.9891,2.1118,0.0,4.7772,-2.6654,1.669414054227726,32.036,0.0,28.82,0.944,-19.36,0.166
2022-11-08,312,11,2022,0.0,telemetry,22.0,11.9,telemetry,Moga,1,2.674,0.4,0.0,1.07,1.3691,0.0,1.3691,0.7053,1.5609,0.0,4.7252,-3.1643,1.6580642416034512,32.025,0.0,28.71,1.042,-19.36,0.118
2022-11-09,313,11,2022,0.0,telemetry,26.3,13.5,telemetry,Moga,1,3.244,0.4,0.0,1.298,1.6609,0.0,1.6609,0.8556,1.8527,0.0,4.6722,-2.8195,1.6479510596527855,32.015,0.0,28.83,1.16,-19.76,0.143
2022-11-10,314,11,2022,0.0,telemetry,25.9,15.1,telemetry,Moga,1,3.007,0.4,0.0,1.203,1.5397,0.0,1.5397,0.7932,1.7315,0.0,4.6188,-2.8873,1.637594745940673,32.004,0.0,28.83,1.27,-28.29,0.133
2022-11-11,315,11,2022,0.0,telemetry,26.0,10.7,telemetry,Moga,1,3.356,0.4,0.0,1.343,1.7184,0.0,1.7184,0.8852,1.9102,0.0,4.5649,-2.6547,1.628072770870227,31.995,0.0,28.79,1.393,-28.29,0.148
2022-11-12,316,11,2022,0.0,telemetry,24.8,10.1,telemetry,Moga,1,3.187,0.4,0.0,1.275,1.6318,0.0,1.6318,0.8406,1.8236,0.0,4.5109,-2.6873,1.6184340281196,31.985,0.0,28.65,1.509,-28.29,0.141
2022-11-13,317,11,2022,0.0,telemetry,23.9,8.5,telemetry,Moga,1,3.127,0.4,0.0,1.251,1.6007,0.0,1.6007,0.8246,1.7925,0.0,4.4567,-2.6642,1.6088781693251208,31.976,0.0,28.5,1.624,-28.29,0.138
2022-11-14,318,11,2022,0.07,telemetry,20.1,12.9,telemetry,Moga,1,2.143,0.4,0.0,0.857,1.0076,0.0,1.0076,0.5191,1.1994,0.0125,4.4023,-3.2029,1.597389807798996,31.964,0.07,28.16,1.696,-28.22,0.087
2022-11-15,319,11,2022,0.0,telemetry,23.0,10.8,telemetry,Moga,1,2.805,0.4,0.0,1.122,1.4359,0.0,1.4359,0.7397,1.6277,0.0,4.3472,-2.7195,1.5876354934522454,31.954,0.07,27.93,1.65,-28.22,0.124
2022-11-16,320,11,2022,0.0,telemetry,23.7,10.8,telemetry,Moga,1,2.895,0.4,0.0,1.158,1.4824,0.0,1.4824,0.7637,1.6742,0.0,4.2919,-2.6177,1.578246139861569,31.945,0.07,27.68,1.617,-28.22,0.128
2022-11-17,321,11,2022,0.0,telemetry,22.6,8.7,telemetry,Moga,1,2.851,0.4,0.0,1.141,1.4598,0.0,1.4598,0.752,1.6516,0.0,4.2367,-2.5851,1.5689737082921782,31.936,0.07,27.39,1.586,-28.22,0.126
2022-11-18,322,11,2022,0.0,telemetry,24.2,6.0,telemetry,Moga,1,3.19,0.4,0.0,1.276,1.6333,0.0,1.6333,0.8414,1.8251,0.0,4.1816,-2.3565,1.5605212197328964,31.927,0.07,27.18,1.565,-28.22,0.141
2022-11-19,323,11,2022,0.0,telemetry,24.0,7.8,telemetry,Moga,1,3.065,0.4,0.0,1.226,1.5693,0.0,1.5693,0.8084,1.7611,0.0,4.127,-2.3659,1.5520353333694117,31.919,0.07,26.94,1.555,-28.22,0.136
2022-11-20,324,11,2022,0.0,telemetry,23.0,7.2,telemetry,Moga,1,2.939,0.4,0.0,1.176,1.5045,0.0,1.5045,0.775,1.6963,0.0,4.0726,-2.3763,1.5435118557085818,31.91,0.07,26.74,1.538,-28.22,0.13
2022-11-21,325,11,2022,0.0,telemetry,23.8,6.9,telemetry,Moga,1,3.046,0.4,0.0,1.218,1.5593,0.0,1.5593,0.8033,1.7511,0.0,4.0186,-2.2675,1.5353785866914118,31.902,0.0,26.62,1.512,-28.22,0.135
2022-11-22,326,11,2022,0.0,telemetry,23.5,6.4,telemetry,Moga,1,3.01,0.417,0.0,1.254,1.6055,0.0,1.6055,0.8271,1.7973,0.0,3.9651,-2.1678,1.5276030368243236,31.894,0.0,26.45,1.529,-28.07,0.139
2022-11-23,327,11,2022,0.0,telemetry,25.0,7.8,telemetry,Moga,1,3.136,0.433,0.0,1.359,1.7396,0.0,1.7396,0.8962,1.9314,0.0,3.9121,-1.9807,1.5204984682698865,31.887,0.0,26.31,1.535,-28.07,0.15
2022-11-24,328,11,2022,0.0,telemetry,25.1,6.5,telemetry,Moga,1,3.188,0.45,0.0,1.435,1.8362,0.0,1.8362,0.9459,2.028,0.0,3.86,-1.832,1.5139275808736585,31.881,0.0,26.19,1.556,-27.49,0.159
2022-11-25,329,11,2022,0.0,telemetry,27.7,6.2,telemetry,Moga,1,3.528,0.467,0.0,1.646,2.107,0.0,2.107,1.0854,2.2988,0.0,3.8087,-1.5099,1.5085119109329659,31.875,0.0,26.15,1.584,-27.49,0.182
2022-11-26,330,11,2022,0.0,telemetry,23.5,5.3,telemetry,Moga,1,2.993,0.483,0.0,1.447,1.8516,0.0,1.8516,0.9539,2.0434,0.0,3.7587,-1.7153,1.5023594254094006,31.869,0.0,25.93,1.599,-27.49,0.16
2022-11-27,331,11,2022,0.0,telemetry,22.6,5.0,telemetry,Moga,1,2.875,0.5,0.0,1.438,1.8399,0.0,1.8399,0.9478,2.0317,0.0,3.7096,-1.6779,1.4963409584359233,31.863,0.0,25.75,1.617,-27.49,0.159
2022-11-28,332,11,2022,0.33,telemetry,21.0,3.9,telemetry,Moga,1,2.701,0.517,0.0,1.395,1.3647,0.0,1.3647,0.703,1.5565,0.0589,3.6615,-2.105,1.4887908222311184,31.855,0.33,25.47,1.642,-27.19,0.118
2022-11-29,333,11,2022,0.0,telemetry,22.8,6.6,telemetry,Moga,1,2.812,0.533,0.0,1.5,1.9196,0.0,1.9196,0.9889,2.1114,0.0,3.6136,-1.5022,1.4834027785463917,31.85,0.33,25.23,1.677,-27.19,0.166
2022-11-30,334,11,2022,0.0,telemetry,22.4,6.0,telemetry,Moga,1,2.774,0.55,0.0,1.526,1.9531,0.0,1.9531,1.0061,2.1449,0.0,3.5667,-1.4218,1.4783028984381577,31.845,0.33,24.97,1.71,-27.19,0.169
2022-12-01,335,12,2022,0.0,telemetry,22.9,7.8,telemetry,Moga,1,2.747,0.567,0.0,1.557,1.9924,0.0,1.9924,1.0264,2.1842,0.0,3.521,-1.3368,1.4735081203175033,31.84,0.33,24.72,1.748,-27.19,0.172
2022-12-02,336,12,2022,0.0,telemetry,22.4,6.7,telemetry,Moga,1,2.723,0.583,0.0,1.588,2.0331,0.0,2.0331,1.0474,2.2249,0.0,3.4763,-1.2514,1.4690194982805371,31.836,0.33,24.48,1.777,-27.19,0.176
2022-12-03,337,12,2022,0.0,telemetry,21.0,6.0,telemetry,Moga,1,2.566,0.6,0.0,1.54,1.9706,0.0,1.9706,1.0152,2.1624,0.0,3.4328,-1.2704,1.4644627798541683,31.831,0.33,24.25,1.806,-27.19,0.17
2022-12-04,338,12,2022,0.0,telemetry,21.0,5.0,telemetry,Moga,1,2.599,0.617,0.0,1.603,2.0514,0.0,2.0514,1.0568,2.2432,0.0,3.3903,-1.1471,1.4603482854176677,31.827,0.33,23.99,1.845,-27.19,0.177
2022-12-05,339,12,2022,0.0,telemetry,19.6,4.9,telemetry,Moga,1,2.423,0.633,0.0,1.534,1.9639,0.0,1.9639,1.0117,2.1557,0.0,3.3489,-1.1932,1.4560683682866509,31.823,0.0,23.73,1.873,-27.19,0.17
2022-12-06,340,12,2022,0.07,telemetry,22.4,7.3,telemetry,Moga,1,2.66,0.65,0.0,1.729,2.1233,0.0,2.1233,1.0938,2.3151,0.0125,3.3085,-0.9934,1.452505170822245,31.819,0.07,23.52,1.91,-27.13,0.183
2022-12-07,341,12,2022,0.0,telemetry,21.6,8.6,telemetry,Moga,1,2.48,0.667,0.0,1.653,2.1159,0.0,2.1159,1.09,2.3077,0.0,3.2693,-0.9616,1.449056224114417,31.816,0.07,23.26,1.937,-27.13,0.183
2022-12-08,342,12,2022,0.0,telemetry,23.7,7.5,telemetry,Moga,1,2.803,0.683,0.0,1.915,2.4514,0.0,2.4514,1.2628,2.6432,0.0,3.2311,-0.5879,1.4469474708832248,31.814,0.07,23.32,1.981,-27.13,0.212
2022-12-09,343,12,2022,0.0,telemetry,20.4,5.4,telemetry,Moga,1,2.473,0.7,0.0,1.731,2.2156,0.0,2.2156,1.1414,2.4074,0.0,3.1945,-0.7871,1.4441242641047838,31.811,0.07,23.12,1.989,-27.13,0.191
2022-12-10,344,12,2022,0.07,telemetry,22.6,7.2,telemetry,Moga,1,2.663,0.717,0.0,1.908,2.3532,0.0,2.3532,1.2123,2.545,0.0125,3.159,-0.614,1.4419218478077183,31.809,0.14,23.01,2.025,-27.06,0.203
2022-12-11,345,12,2022,0.07,telemetry,23.3,7.8,telemetry,Moga,1,2.719,0.733,0.0,1.994,2.4627,0.0,2.4627,1.2687,2.6545,0.0125,3.1248,-0.4703,1.4402348035788373,31.807,0.21,22.92,2.069,-27.0,0.213
2022-12-12,346,12,2022,0.07,telemetry,22.5,6.1,telemetry,Moga,1,2.687,0.75,0.0,2.015,2.4901,0.0,2.4901,1.2828,2.6819,0.0125,3.092,-0.4101,1.4387636937549986,31.805,0.28,22.84,2.15,-26.94,0.215
2022-12-13,347,12,2022,0.07,telemetry,21.9,6.1,telemetry,Moga,1,2.609,0.767,0.0,2.0,2.4704,0.0,2.4704,1.2726,2.6622,0.0125,3.0606,-0.3984,1.4373347246529882,31.804,0.28,22.78,2.189,-26.87,0.213
2022-12-14,348,12,2022,0.07,telemetry,19.8,4.5,telemetry,Moga,1,2.414,0.783,0.0,1.891,2.3312,0.0,2.3312,1.2009,2.523,0.0125,3.0304,-0.5074,1.4355147570162334,31.802,0.35,22.77,2.216,-26.88,0.201
2022-12-15,349,12,2022,0.07,telemetry,19.8,3.7,telemetry,Moga,1,2.441,0.8,0.0,1.953,2.4096,0.0,2.4096,1.2413,2.6014,0.0125,3.0012,-0.3998,1.4340806705041382,31.801,0.42,22.66,2.246,-26.81,0.208
2022-12-16,350,12,2022,0.07,telemetry,19.8,3.7,telemetry,Moga,1,2.438,0.817,0.0,1.991,2.4592,0.0,2.4592,1.2669,2.651,0.0125,2.9731,-0.3221,1.4329253239432598,31.8,0.49,22.53,2.276,-26.75,0.212
2022-12-17,351,12,2022,0.07,telemetry,20.1,3.2,telemetry,Moga,1,2.488,0.833,0.0,2.073,2.564,0.0,2.564,1.3208,2.7558,0.0125,2.9461,-0.1903,1.4322427899806653,31.799,0.49,22.45,2.319,-26.68,0.222
2022-12-18,352,12,2022,0.07,telemetry,17.5,4.8,generated,Moga,1,2.119,0.85,0.0,1.801,2.2156,0.0,2.2156,1.1414,2.4074,0.0125,2.9203,-0.5129,1.4304032788353327,31.797,0.49,22.22,2.33,-26.62,0.191
2022-12-19,353,12,2022,0.13,telemetry,19.8,2.0,generated,Moga,1,2.486,0.867,0.0,2.155,2.5914,0.0,2.5914,1.335,2.7832,0.0232,2.8951,-0.1119,1.430002060426126,31.797,0.55,22.08,2.375,-26.5,0.224
2022-12-20,354,12,2022,0.0,telemetry,20.8,4.7,generated,Moga,1,2.516,0.883,0.0,2.223,2.845,0.0,2.845,1.4656,3.0368,0.0,2.871,0.1658,1.4305967048822585,31.797,0.48,22.01,2.427,-26.5,0.246
2022-12-21,355,12,2022,0.07,telemetry,21.8,2.8,generated,Moga,1,2.694,0.9,0.0,2.424,3.0134,0.0,3.0134,1.5524,3.2052,0.0125,2.8484,0.3568,1.431876531347509,31.799,0.48,21.94,2.491,-26.44,0.26
2022-12-22,356,12,2022,0.0,telemetry,22.6,4.2,generated,Moga,1,2.749,0.917,0.0,2.519,3.2247,0.0,3.2247,1.6612,3.4165,0.0,2.8273,0.5892,1.4339897677520612,31.801,0.41,21.91,2.546,-26.44,0.279
2022-12-23,357,12,2022,0.0,telemetry,23.4,1.4,generated,Moga,1,2.911,0.933,0.0,2.717,3.477,0.0,3.477,1.7912,3.6688,0.0,2.808,0.8608,1.437077201331388,31.804,0.34,21.86,2.636,-24.87,0.3
2022-12-24,358,12,2022,0.0,telemetry,20.0,6.2,generated,Moga,1,2.36,0.95,0.0,2.242,2.8701,0.0,2.8701,1.4785,3.0619,0.0,2.7907,0.2712,1.4380500587387592,31.805,0.27,21.69,2.673,-24.87,0.248
2022-12-25,359,12,2022,0.07,telemetry,19.9,3.2,generated,Moga,1,2.469,0.967,0.0,2.386,2.9649,0.0,2.9649,1.5274,3.1567,0.0125,2.7743,0.3824,1.4394215182286116,31.806,0.27,21.43,2.709,-24.81,0.256
2022-12-26,360,12,2022,0.13,telemetry,18.7,12.0,generated,Moga,1,1.768,0.983,0.0,1.739,2.0593,0.0,2.0593,1.0609,2.2511,0.0232,2.7591,-0.508,1.437599467978192,31.804,0.27,21.27,2.678,-24.69,0.178
2022-12-27,361,12,2022,0.07,telemetry,18.4,-1.0,generated,Moga,1,2.409,1.0,0.0,2.409,2.9934,0.0,2.9934,1.5421,3.1852,0.0125,2.7436,0.4416,1.4391833979622406,31.806,0.34,21.13,2.716,-24.62,0.259
2022-12-28,362,12,2022,0.07,telemetry,18.4,6.5,generated,Moga,1,2.157,1.017,0.0,2.193,2.7171,0.0,2.7171,1.3997,2.9089,0.0125,2.7292,0.1797,1.4398279329726598,31.806,0.34,21.04,2.743,-24.89,0.235
2022-12-29,363,12,2022,0.27,telemetry,17.5,2.3,generated,Moga,1,2.236,1.033,0.0,2.311,2.6128,0.0,2.6128,1.346,2.8046,0.0482,2.7154,0.0892,1.4401477372072984,31.807,0.61,20.87,2.758,-24.64,0.226
2022-12-30,364,12,2022,0.0,telemetry,18.3,2.1,generated,Moga,1,2.338,1.05,0.0,2.455,3.1426,0.0,3.1426,1.6189,3.3344,0.0,2.7021,0.6323,1.4424155234644849,31.809,0.61,20.73,2.807,-24.64,0.272
2022-12-31,365,12,2022,0.2,telemetry,19.2,-1.0,generated,Moga,1,2.514,1.067,0.0,2.682,3.1769,0.0,3.1769,1.6366,3.3687,0.0357,2.69,0.6787,1.4448498683664892,31.811,0.81,20.61,2.85,-24.46,0.274
2023-01-01,1,1,2023,0.2,telemetry,14.8,1.6,generated,Moga,1,1.969,1.083,0.0,2.133,2.4748,0.0,2.4748,1.2749,2.6666,0.0357,2.679,-0.0124,1.4448053379808659,31.811,0.94,20.35,2.869,-24.27,0.214
2023-01-02,2,1,2023,0.2,telemetry,11.3,-1.0,generated,Moga,1,1.682,1.1,0.0,1.851,2.113,0.0,2.113,1.0885,2.3048,0.0357,2.6681,-0.3633,1.4435021812433866,31.81,1.01,20.03,2.835,-24.09,0.183
2023-01-03,3,1,2023,0.27,telemetry,8.8,0.2,generated,Moga,1,1.371,1.117,0.0,1.531,1.6143,0.0,1.6143,0.8316,1.8061,0.0482,2.6568,-0.8507,1.440450781313207,31.807,1.21,19.62,2.747,-23.84,0.139
2023-01-04,4,1,2023,0.0,telemetry,8.0,-1.0,generated,Moga,1,1.343,1.133,0.0,1.523,1.9488,0.0,1.9488,1.0039,2.1406,0.0,2.6445,-0.5039,1.4386433471649462,31.805,1.14,19.24,2.671,-23.84,0.168
2023-01-05,5,1,2023,0.0,telemetry,8.2,-1.0,generated,Moga,1,1.369,1.15,0.0,1.574,2.0152,0.0,2.0152,1.0381,2.207,0.0,2.6317,-0.4247,1.437120049800894,31.804,0.87,18.76,2.584,-23.91,0.174
2023-01-06,6,1,2023,0.0,telemetry,9.2,-1.0,generated,Moga,1,1.48,1.15,0.0,1.702,2.1789,0.0,2.1789,1.1225,2.3707,0.0,2.6185,-0.2478,1.436231151267218,31.803,0.87,18.35,2.492,-23.91,0.188
2023-01-07,7,1,2023,0.07,telemetry,12.1,1.7,generated,Moga,1,1.692,1.15,0.0,1.946,2.4008,0.0,2.4008,1.2368,2.5926,0.0125,2.6053,-0.0127,1.4361856985754373,31.803,0.74,17.96,2.458,-23.85,0.207
2023-01-08,8,1,2023,0.13,telemetry,11.8,3.5,generated,Moga,1,1.563,1.15,0.0,1.798,2.1348,0.0,2.1348,1.0997,2.3266,0.0232,2.5923,-0.2657,1.4352327638862938,31.802,0.67,17.68,2.399,-23.73,0.184
2023-01-09,9,1,2023,0.2,telemetry,8.1,4.9,telemetry,Moga,1,0.931,1.15,0.0,1.07,1.1141,0.0,1.1141,0.5739,1.3059,0.0357,2.5792,-1.2733,1.4306657518033328,31.797,0.67,17.19,2.331,-23.62,0.096
2023-01-10,10,1,2023,0.0,telemetry,11.8,4.3,telemetry,Moga,1,1.522,1.15,0.0,1.75,2.2398,0.0,2.2398,1.1538,2.4316,0.0,2.5646,-0.133,1.430188685332024,31.797,0.4,16.81,2.277,-23.69,0.194
2023-01-11,11,1,2023,0.0,telemetry,12.6,4.4,telemetry,Moga,1,1.626,1.15,0.0,1.87,2.3931,0.0,2.3931,1.2328,2.5849,0.0,2.5502,0.0347,1.4303130620344198,31.797,0.4,16.48,2.254,-23.76,0.207
2023-01-12,12,1,2023,0.07,telemetry,11.5,6.1,telemetry,Moga,1,1.34,1.15,0.0,1.542,1.8834,0.0,1.8834,0.9702,2.0752,0.0125,2.5362,-0.461,1.428659373714111,31.795,0.47,16.13,2.202,-23.76,0.163
2023-01-13,13,1,2023,0.07,telemetry,11.6,5.2,telemetry,Moga,1,1.444,1.15,0.0,1.661,2.0359,0.0,2.0359,1.0488,2.2277,0.0125,2.522,-0.2943,1.4276038928612298,31.794,0.54,15.86,2.123,-23.77,0.176
2023-01-14,14,1,2023,0.0,telemetry,11.9,0.1,telemetry,Moga,1,1.79,1.15,0.0,2.058,2.6344,0.0,2.6344,1.3571,2.8262,0.0,2.5076,0.3186,1.4287465105123895,31.795,0.47,15.6,2.084,-23.84,0.228
2023-01-15,15,1,2023,0.0,telemetry,13.0,-2.5,telemetry,Moga,1,1.997,1.15,0.0,2.296,2.9387,0.0,2.9387,1.5139,3.1305,0.0,2.4941,0.6364,1.431029157250307,31.798,0.34,15.37,2.118,-23.91,0.254
2023-01-16,16,1,2023,0.0,telemetry,13.5,-2.0,telemetry,Moga,1,2.05,1.15,0.0,2.358,3.0178,0.0,3.0178,1.5546,3.2096,0.0,2.4817,0.7279,1.4336399335524252,31.8,0.14,15.15,2.182,-23.98,0.261
2023-01-17,17,1,2023,0.0,telemetry,13.5,-3.0,telemetry,Moga,1,2.081,1.15,0.0,2.394,3.0636,0.0,3.0636,1.5782,3.2554,0.0,2.4705,0.7849,1.4364551337320217,31.803,0.14,15.02,2.286,-24.05,0.265
2023-01-18,18,1,2023,0.0,telemetry,13.5,-1.4,telemetry,Moga,1,2.058,1.15,0.0,2.366,3.0287,0.0,3.0287,1.5602,3.2205,0.0,2.4605,0.76,1.439181164243443,31.806,0.14,14.81,2.363,-24.18,0.262
2023-01-19,19,1,2023,0.0,telemetry,16.7,3.9,telemetry,Moga,1,2.259,1.15,0.0,2.598,3.3257,0.0,3.3257,1.7132,3.5175,0.0,2.4515,1.066,1.4430047415943466,31.81,0.07,14.67,2.456,-24.18,0.287
2023-01-20,20,1,2023,0.53,telemetry,13.0,5.4,telemetry,Moga,1,1.682,1.15,0.0,1.935,1.8009,0.0,1.8009,0.9277,1.9927,0.0946,2.4439,-0.4512,1.4413865027531132,31.808,0.53,14.38,2.429,-23.76,0.156
2023-01-21,21,1,2023,0.0,telemetry,14.6,2.8,telemetry,Moga,1,2.07,1.15,0.0,2.38,3.0461,0.0,3.0461,1.5692,3.2379,0.0,2.4355,0.8024,1.4442646567440816,31.811,0.53,14.11,2.476,-23.76,0.263
2023-01-22,22,1,2023,0.07,telemetry,14.6,2.8,telemetry,Moga,1,2.082,1.15,0.0,2.394,2.9747,0.0,2.9747,1.5324,3.1665,0.0125,2.428,0.7385,1.4469133840767001,31.814,0.6,13.82,2.535,-23.7,0.257
2023-01-23,23,1,2023,0.0,telemetry,16.2,6.0,telemetry,Moga,1,2.124,1.15,0.0,2.442,3.1258,0.0,3.1258,1.6103,3.3176,0.0,2.4214,0.8962,1.4501279096042736,31.817,0.6,13.69,2.679,-23.7,0.27
2023-01-24,24,1,2023,8.53,telemetry,13.5,1.7,telemetry,Moga,1,2.02,1.15,0.0,2.323,0.0,0.0,0.0,0.0,0.1918,1.522,2.4157,-2.2239,1.4421512458991212,31.809,9.13,13.48,2.519,-15.95,0.0
2023-01-25,25,1,2023,6.2,telemetry,14.6,5.5,telemetry,Moga,1,1.957,1.15,0.0,2.251,0.0,0.0,0.0,0.0,0.1918,1.1063,2.4077,-2.2159,1.4342030648596973,31.801,15.33,13.34,2.348,-10.39,0.0
2023-01-26,26,1,2023,0.13,telemetry,14.0,2.3,telemetry,Moga,1,2.081,1.15,0.0,2.393,2.8969,0.0,2.8969,1.4923,3.0887,0.0232,2.3975,0.6912,1.4366823435683327,31.803,15.46,13.19,2.421,-10.34,0.25
2023-01-27,27,1,2023,0.0,telemetry,14.6,-1.4,telemetry,Moga,1,2.303,1.15,0.0,2.649,3.3899,0.0,3.3899,1.7463,3.5817,0.0,2.3883,1.1934,1.4409630048739774,31.808,14.93,13.07,2.517,-10.41,0.293
2023-01-28,28,1,2023,0.0,telemetry,16.7,-1.0,telemetry,Moga,1,2.563,1.15,0.0,2.948,3.7728,0.0,3.7728,1.9436,3.9646,0.0,2.3807,1.5839,1.4466443279696328,31.813,14.93,13.04,2.599,-10.65,0.326
2023-01-29,29,1,2023,0.13,telemetry,11.9,0.6,telemetry,Moga,1,1.933,1.15,0.0,2.223,2.6791,0.0,2.6791,1.3801,2.8709,0.0232,2.3751,0.4958,1.4484227720020533,31.815,14.99,12.83,2.58,-10.53,0.231
2023-01-30,30,1,2023,3.13,telemetry,15.1,8.1,telemetry,Moga,1,1.872,1.15,0.0,2.153,0.0,0.0,0.0,0.0,0.1918,0.5585,2.3699,-2.1781,1.4406104581762647,31.807,18.12,12.69,2.365,-7.87,0.0
2023-01-31,31,1,2023,0.2,telemetry,10.9,4.4,telemetry,Moga,1,1.573,1.15,0.0,1.809,2.0592,0.0,2.0592,1.0608,2.251,0.0357,2.3617,-0.1107,1.4402132445980993,31.807,9.79,12.56,2.293,-7.88,0.178
2023-02-01,32,2,2023,0.13,telemetry,18.0,4.0,telemetry,Moga,1,2.63,1.15,0.0,3.024,3.7046,0.0,3.7046,1.9084,3.8964,0.0232,2.3534,1.543,1.4457477239667533,31.812,3.72,12.78,2.341,-7.96,0.32
2023-02-02,33,2,2023,0.07,telemetry,20.5,4.0,telemetry,Moga,1,3.0,1.15,0.0,3.45,4.3257,0.0,4.3257,2.2284,4.5175,0.0125,2.3471,2.1704,1.4535325661137557,31.82,3.66,13.17,2.413,-8.16,0.374
2023-02-03,34,2,2023,0.13,telemetry,21.2,4.4,telemetry,Moga,1,3.104,1.15,0.0,3.57,4.4024,0.0,4.4024,2.2679,4.5942,0.0232,2.3435,2.2507,1.4616053169323946,31.828,3.79,13.61,2.598,-7.62,0.38
2023-02-04,35,2,2023,0.0,telemetry,21.6,5.4,telemetry,Moga,1,3.14,1.15,0.0,3.611,4.6215,0.0,4.6215,2.3808,4.8133,0.0,2.3426,2.4707,1.4704673503453383,31.837,3.79,14.06,2.711,-7.62,0.399
2023-02-05,36,2,2023,0.0,telemetry,22.3,5.4,telemetry,Moga,1,3.266,1.15,0.0,3.756,4.8073,0.0,4.8073,2.4765,4.9991,0.0,2.3443,2.6548,1.4799896140596702,31.847,3.66,14.5,2.842,-7.55,0.415
2023-02-06,37,2,2023,0.07,telemetry,20.1,9.0,telemetry,Moga,1,2.725,1.15,0.0,3.134,3.9213,0.0,3.9213,2.0201,4.1131,0.0125,2.3487,1.7644,1.4863180573266341,31.853,0.6,14.76,2.899,-7.56,0.339
2023-02-07,38,2,2023,0.0,telemetry,19.8,7.2,telemetry,Moga,1,2.829,1.15,0.0,3.254,4.1645,0.0,4.1645,2.1453,4.3563,0.0,2.3544,2.0019,1.4934983991885404,31.86,0.4,15.03,3.196,-7.69,0.36
2023-02-08,39,2,2023,0.0,telemetry,20.1,5.1,telemetry,Moga,1,3.02,1.15,0.0,3.473,4.4454,0.0,4.4454,2.2901,4.6372,0.0,2.3616,2.2756,1.5016606113922024,31.868,0.27,15.43,3.514,-7.89,0.384
2023-02-09,40,2,2023,0.07,telemetry,21.1,6.6,telemetry,Moga,1,3.114,1.15,0.0,3.581,4.4942,0.0,4.4942,2.3152,4.686,0.0125,2.3705,2.3155,1.5099660575578753,31.877,0.27,15.74,3.628,-7.82,0.388
2023-02-10,41,2,2023,0.2,telemetry,21.2,9.7,telemetry,Moga,1,2.935,1.15,0.0,3.375,4.0645,0.0,4.0645,2.0938,4.2563,0.0357,2.3809,1.8754,1.5166926155456946,31.883,0.34,16.03,3.676,-7.64,0.351
2023-02-11,42,2,2023,0.0,telemetry,20.4,7.7,telemetry,Moga,1,2.976,1.15,0.0,3.423,4.3808,0.0,4.3808,2.2568,4.5726,0.0,2.3923,2.1803,1.5245128387897782,31.891,0.34,16.32,3.719,-7.71,0.378
2023-02-12,43,2,2023,0.07,telemetry,17.2,5.1,telemetry,Moga,1,2.66,1.15,0.0,3.059,3.826,0.0,3.826,1.971,4.0178,0.0125,2.4049,1.6129,1.5302979323927617,31.897,0.41,16.51,3.801,-7.71,0.331
2023-02-13,44,2,2023,0.2,telemetry,17.6,2.1,telemetry,Moga,1,2.897,1.15,0.0,3.332,4.0085,0.0,4.0085,2.065,4.2003,0.0357,2.4178,1.7825,1.5366912919085751,31.903,0.54,16.7,4.088,-7.53,0.346
2023-02-14,45,2,2023,0.47,telemetry,20.6,4.8,telemetry,Moga,1,3.25,1.15,0.0,3.738,4.1849,0.0,4.1849,2.1559,4.3767,0.0839,2.4313,1.9454,1.5436690977854728,31.91,1.01,16.95,4.239,-7.1,0.362
2023-02-15,46,2,2023,0.0,telemetry,23.7,5.8,telemetry,Moga,1,3.72,1.15,0.0,4.278,5.475,0.0,5.475,2.8205,5.6668,0.0,2.4455,3.2213,1.5552233044260075,31.922,1.01,17.29,4.366,-7.1,0.473
2023-02-16,47,2,2023,0.0,telemetry,23.3,5.3,telemetry,Moga,1,3.706,1.15,0.0,4.262,5.4547,0.0,5.4547,2.81,5.6465,0.0,2.462,3.1845,1.5666453661525688,31.933,0.94,17.62,4.446,-7.1,0.471
2023-02-17,48,2,2023,0.0,telemetry,23.8,6.4,telemetry,Moga,1,3.762,1.15,0.0,4.327,5.5377,0.0,5.5377,2.8528,5.7295,0.0,2.4807,3.2488,1.578298138549059,31.945,0.74,17.96,4.528,-7.1,0.478
2023-02-18,49,2,2023,0.07,telemetry,23.8,6.9,telemetry,Moga,1,3.764,1.15,0.0,4.328,5.4505,0.0,5.4505,2.8078,5.6423,0.0125,2.5014,3.1409,1.5895639419312042,31.956,0.81,18.2,4.587,-7.04,0.471
2023-02-19,50,2,2023,0.07,telemetry,24.1,5.3,telemetry,Moga,1,3.921,1.15,0.0,4.509,5.6818,0.0,5.6818,2.927,5.8736,0.0125,2.5238,3.3498,1.6015791082812376,31.968,0.81,18.57,4.649,-7.5,0.491
2023-02-20,51,2,2023,0.07,telemetry,23.8,11.5,telemetry,Moga,1,3.485,1.15,0.0,4.008,5.0403,0.0,5.0403,2.5965,5.2321,0.0125,2.548,2.6841,1.6112065107584495,31.978,0.68,18.88,4.729,-7.44,0.435
2023-02-21,52,2,2023,0.0,telemetry,23.6,11.8,telemetry,Moga,1,3.444,1.15,0.0,3.96,5.069,0.0,5.069,2.6113,5.2608,0.0,2.5729,2.6879,1.6208473507372005,31.987,0.21,19.18,4.794,-7.51,0.438
2023-02-22,53,2,2023,0.07,telemetry,23.8,5.4,telemetry,Moga,1,3.954,1.15,0.0,4.547,5.7303,0.0,5.7303,2.952,5.9221,0.0125,2.5986,3.3235,1.6327682517150204,31.999,0.28,19.43,4.886,-7.44,0.495
2023-02-23,54,2,2023,0.07,telemetry,24.4,4.0,telemetry,Moga,1,4.142,1.15,0.0,4.764,6.0076,0.0,6.0076,3.0948,6.1994,0.0125,2.6257,3.5737,1.6455865478179612,32.012,0.35,19.79,4.994,-15.9,0.519
2023-02-24,55,2,2023,0.07,telemetry,24.4,6.9,telemetry,Moga,1,4.04,1.15,0.0,4.646,5.857,0.0,5.857,3.0172,6.0488,0.0125,2.6545,3.3943,1.6577613827394386,32.024,0.42,20.12,5.122,-21.97,0.506
2023-02-25,56,2,2023,0.0,telemetry,25.3,5.6,telemetry,Moga,1,4.292,1.15,0.0,4.936,6.3176,0.0,6.3176,3.2545,6.5094,0.0,2.6846,3.8248,1.6714803965851486,32.038,0.35,20.5,5.26,-22.1,0.546
2023-02-26,57,2,2023,0.0,telemetry,26.0,6.9,telemetry,Moga,1,4.385,1.15,0.0,5.043,6.4546,0.0,6.4546,3.3251,6.6464,0.0,2.7164,3.93,1.6855766337177784,32.052,0.28,20.88,5.448,-22.06,0.558
2023-02-27,58,2,2023,0.0,telemetry,24.4,10.4,telemetry,Moga,1,3.887,1.15,0.0,4.47,5.7208,0.0,5.7208,2.9471,5.9126,0.0,2.75,3.1626,1.696920475377907,32.064,0.21,21.13,5.57,-22.06,0.494
2023-02-28,59,2,2023,0.0,telemetry,21.1,9.1,telemetry,Moga,1,3.388,1.15,0.0,3.896,4.9862,0.0,4.9862,2.5686,5.178,0.0,2.784,2.394,1.7055071922529084,32.072,0.21,21.44,5.627,-22.19,0.431
2023-03-01,60,3,2023,1.47,telemetry,23.8,10.9,telemetry,Moga,1,3.78,1.15,0.0,4.347,3.7039,0.0,3.7039,1.9081,3.8957,0.2623,2.8175,1.0782,1.7093744072217183,32.076,1.61,21.73,5.501,-23.98,0.32
2023-03-02,61,3,2023,0.0,telemetry,24.4,8.8,telemetry,Moga,1,4.097,1.15,0.0,4.711,6.0302,0.0,6.0302,3.1065,6.222,0.0,2.8489,3.3731,1.7214732645437225,32.088,1.54,22.18,5.542,-24.18,0.521
2023-03-03,62,3,2023,0.0,telemetry,24.1,8.8,telemetry,Moga,1,4.068,1.15,0.0,4.679,5.9883,0.0,5.9883,3.0849,6.1801,0.0,2.8811,3.299,1.7333060290847782,32.1,1.47,22.38,5.574,-24.3,0.517
2023-03-04,63,3,2023,0.0,telemetry,25.4,6.6,telemetry,Moga,1,4.482,1.15,0.0,5.154,6.5971,0.0,6.5971,3.3985,6.7889,0.0,2.9142,3.8747,1.7472039223257774,32.114,1.47,22.55,5.656,-24.36,0.57
2023-03-05,64,3,2023,0.0,telemetry,24.4,7.8,telemetry,Moga,1,4.254,1.15,0.0,4.892,6.2612,0.0,6.2612,3.2255,6.453,0.0,2.9487,3.5043,1.759773207268145,32.126,1.47,22.65,5.697,-24.49,0.541
2023-03-06,65,3,2023,0.0,telemetry,25.2,10.1,telemetry,Moga,1,4.272,1.15,0.0,4.913,6.2883,0.0,6.2883,3.2394,6.4801,0.0,2.984,3.4961,1.772312933841623,32.139,1.47,22.77,5.787,-24.49,0.543
2023-03-07,66,3,2023,0.0,telemetry,25.4,10.2,telemetry,Moga,1,4.334,1.15,0.0,4.984,6.3797,0.0,6.3797,3.2865,6.5715,0.0,3.0201,3.5514,1.7850511222569723,32.152,1.47,22.88,5.88,-24.49,0.551
2023-03-08,67,3,2023,0.0,telemetry,26.5,8.6,telemetry,Moga,1,4.703,1.15,0.0,5.408,6.9218,0.0,6.9218,3.5658,7.1136,0.0,3.0569,4.0567,1.799601731659351,32.166,0.0,23.09,5.965,-24.56,0.598
2023-03-09,68,3,2023,0.0,telemetry,26.2,10.7,telemetry,Moga,1,4.518,1.15,0.0,5.196,6.6501,0.0,6.6501,3.4258,6.8419,0.0,3.0951,3.7468,1.8130409811977364,32.18,0.0,23.3,6.011,-24.56,0.575
2023-03-10,69,3,2023,0.0,telemetry,27.0,10.1,telemetry,Moga,1,4.763,1.15,0.0,5.477,7.0102,0.0,7.0102,3.6113,7.202,0.0,3.134,4.068,1.827632181214519,32.194,0.0,23.53,6.094,-24.56,0.606
2023-03-11,70,3,2023,0.0,telemetry,28.6,12.6,telemetry,Moga,1,4.928,1.15,0.0,5.668,7.254,0.0,7.254,3.7369,7.4458,0.0,3.1741,4.2717,1.842954060906653,32.21,0.0,23.78,6.16,-24.63,0.627
2023-03-12,71,3,2023,0.0,telemetry,29.2,13.4,telemetry,Moga,1,5.02,1.15,0.0,5.773,7.3886,0.0,7.3886,3.8062,7.5804,0.0,3.2155,4.3649,1.8586102163230658,32.225,0.0,24.05,6.227,-24.83,0.638
2023-03-13,72,3,2023,0.0,telemetry,29.1,14.0,telemetry,Moga,1,4.971,1.15,0.0,5.717,7.317,0.0,7.317,3.7694,7.5088,0.0,3.2582,4.2506,1.8738563173084684,32.24,0.0,24.34,6.341,-24.83,0.632
2023-03-14,73,3,2023,0.0,telemetry,28.4,13.6,telemetry,Moga,1,4.884,1.15,0.0,5.617,7.1892,0.0,7.1892,3.7035,7.381,0.0,3.302,4.079,1.8884870902387902,32.255,0.0,24.71,6.499,-24.9,0.621
2023-03-15,74,3,2023,0.0,telemetry,29.2,14.4,telemetry,Moga,1,5.017,1.15,0.0,5.77,7.3847,0.0,7.3847,3.8042,7.5765,0.0,3.3464,4.2301,1.903659657084859,32.27,0.0,25.1,6.761,-25.1,0.638
2023-03-16,75,3,2023,0.0,telemetry,28.9,14.2,telemetry,Moga,1,5.0,1.15,0.0,5.75,7.3598,0.0,7.3598,3.7914,7.5516,0.0,3.3917,4.1599,1.9185805230834183,32.285,0.0,25.38,6.856,-25.57,0.636
2023-03-17,76,3,2023,0.13,telemetry,23.0,14.4,telemetry,Moga,1,3.57,1.15,0.0,4.105,5.0883,0.0,5.0883,2.6212,5.2801,0.0232,3.4376,1.8425,1.925189240705634,32.292,0.13,25.35,6.792,-25.45,0.44
2023-03-18,77,3,2023,26.13,telemetry,19.2,13.1,telemetry,Moga,1,2.814,1.15,0.0,3.236,0.0,0.0,0.0,0.0,0.1918,4.6624,3.4809,-3.2891,1.9133917622842587,32.28,26.26,25.22,6.321,-1.5,0.0
2023-03-19,78,3,2023,0.93,telemetry,26.7,16.5,generated,Moga,1,4.249,1.15,0.0,4.886,5.0724,0.0,5.0724,2.6131,5.2642,0.1659,3.5185,1.7457,1.919653381078701,32.286,27.19,25.31,6.236,-0.65,0.438
2023-03-20,79,3,2023,3.6,telemetry,22.1,6.6,generated,Moga,1,4.3,1.15,0.0,4.945,1.854,0.0,1.854,0.9551,2.0458,0.6424,3.5542,-1.5084,1.9142430289292025,32.281,30.79,25.26,5.919,2.58,0.16
2023-03-21,80,3,2023,0.33,telemetry,22.2,15.0,telemetry,Moga,1,3.338,1.15,0.0,3.839,4.4919,0.0,4.4919,2.314,4.6837,0.0589,3.5842,1.0995,1.9181868911292614,32.285,31.12,25.19,5.784,2.81,0.388
2023-03-22,81,3,2023,0.27,telemetry,23.7,11.9,telemetry,Moga,1,4.204,1.129,0.0,4.748,5.7316,0.0,5.7316,2.9526,5.9234,0.0482,3.6119,2.3115,1.9264776612874088,32.293,31.39,25.19,5.699,2.99,0.495
2023-03-23,82,3,2023,0.13,telemetry,25.4,11.8,telemetry,Moga,1,4.642,1.109,0.0,5.146,6.4197,0.0,6.4197,3.3071,6.6115,0.0232,3.6394,2.9721,1.93713809718131,32.304,31.52,25.25,5.683,3.11,0.555
2023-03-24,83,3,2023,6.67,telemetry,21.9,13.4,telemetry,Moga,1,3.595,1.088,0.0,3.91,0.0,0.0,0.0,0.0,0.1918,1.1901,3.6674,-3.4756,1.9246718013410473,32.291,38.06,25.19,5.182,9.15,0.0
2023-03-25,84,3,2023,0.33,telemetry,23.3,12.0,telemetry,Moga,1,4.168,1.067,0.0,4.448,5.2714,0.0,5.2714,2.7156,5.4632,0.0589,3.688,1.7752,1.9310392979111377,32.298,12.26,25.15,5.041,9.39,0.455
2023-03-26,85,3,2023,0.2,telemetry,23.3,12.0,telemetry,Moga,1,4.192,1.046,0.0,4.386,5.3578,0.0,5.3578,2.7601,5.5496,0.0357,3.708,1.8416,1.937644644662032,32.304,11.53,25.11,4.896,9.5,0.463
2023-03-27,86,3,2023,0.27,telemetry,24.1,11.0,telemetry,Moga,1,4.525,1.026,0.0,4.641,5.5954,0.0,5.5954,2.8825,5.7872,0.0482,3.7278,2.0594,1.9450314974192884,32.312,8.2,25.07,4.773,9.75,0.483
2023-03-28,87,3,2023,0.13,telemetry,25.4,12.0,telemetry,Moga,1,4.751,1.005,0.0,4.775,5.9448,0.0,5.9448,3.0625,6.1366,0.0232,3.7474,2.3892,1.9536010365824867,32.32,8.0,25.05,4.684,9.87,0.514
2023-03-29,88,3,2023,0.13,telemetry,26.2,13.1,telemetry,Moga,1,4.846,0.984,0.0,4.769,5.938,0.0,5.938,3.059,6.1298,0.0232,3.7675,2.3623,1.9620742563332179,32.329,7.86,25.11,4.58,9.99,0.513
2023-03-30,89,3,2023,0.07,telemetry,26.5,11.5,telemetry,Moga,1,5.123,0.963,0.0,4.935,6.2271,0.0,6.2271,3.2079,6.4189,0.0125,3.7878,2.6311,1.9715114301332646,32.338,7.8,25.29,4.499,10.05,0.538
2023-03-31,90,3,2023,0.13,telemetry,18.2,8.8,telemetry,Moga,1,3.467,0.943,0.0,3.268,4.017,0.0,4.017,2.0694,4.2088,0.0232,3.8088,0.4,1.9729461093256895,32.34,1.26,25.11,4.423,8.7,0.347
2023-04-01,91,4,2023,6.0,telemetry,22.5,9.6,telemetry,Moga,1,4.415,0.922,0.0,4.07,0.0,0.0,0.0,0.0,0.1918,1.0706,3.8273,-3.6355,1.9599062087616885,32.327,6.93,25.04,4.423,14.2,0.0
2023-04-02,92,4,2023,0.27,telemetry,24.9,9.9,telemetry,Moga,1,4.976,0.901,0.0,4.484,5.3945,0.0,5.3945,2.779,5.5863,0.0482,3.8388,1.7475,1.9661742006283194,32.333,7.0,25.07,4.446,14.45,0.466
2023-04-03,93,4,2023,0.07,telemetry,21.3,12.7,telemetry,Moga,1,3.743,0.88,0.0,3.296,4.1289,0.0,4.1289,2.127,4.3207,0.0125,3.8505,0.4702,1.9678608635565524,32.335,6.8,24.93,4.608,14.51,0.357
2023-04-04,94,4,2023,0.07,telemetry,24.2,11.4,telemetry,Moga,1,4.694,0.86,0.0,4.036,5.0763,0.0,5.0763,2.6151,5.2681,0.0125,3.8605,1.4076,1.972909649408357,32.34,6.74,24.93,4.65,14.57,0.439
2023-04-05,95,4,2023,0.13,telemetry,29.0,13.3,telemetry,Moga,1,5.716,0.839,0.0,4.796,5.9717,0.0,5.9717,3.0763,6.1635,0.0232,3.8703,2.2932,1.9811347887811512,32.348,6.74,25.05,4.667,14.69,0.516
2023-04-06,96,4,2023,0.0,telemetry,28.1,9.9,telemetry,Moga,1,5.842,0.818,0.0,4.78,6.1182,0.0,6.1182,3.1518,6.31,0.0,3.8812,2.4288,1.98984643440965,32.356,6.67,25.14,4.646,14.69,0.529
2023-04-07,97,4,2023,0.0,telemetry,31.5,13.8,telemetry,Moga,1,6.362,0.798,0.0,5.074,6.494,0.0,6.494,3.3454,6.6858,0.0,3.8932,2.7926,1.999863093717942,32.367,6.54,25.31,5.11,14.69,0.561
2023-04-08,98,4,2023,0.0,telemetry,30.8,8.0,telemetry,Moga,1,6.67,0.777,0.0,5.182,6.6321,0.0,6.6321,3.4165,6.8239,0.0,3.9066,2.9173,2.0103267973585512,32.377,0.54,25.46,5.207,14.69,0.573
2023-04-09,99,4,2023,0.0,telemetry,33.0,12.3,telemetry,Moga,1,6.942,0.756,0.0,5.249,6.7178,0.0,6.7178,3.4607,6.9096,0.0,3.9216,2.988,2.0210440779227303,32.388,0.27,25.66,5.304,14.69,0.58
2023-04-10,100,4,2023,0.0,telemetry,29.6,5.4,telemetry,Moga,1,6.579,0.735,0.0,4.838,6.192,0.0,6.192,3.1898,6.3838,0.0,3.9381,2.4457,2.029816221351261,32.396,0.2,25.7,5.347,14.69,0.535
2023-04-11,101,4,2023,0.0,telemetry,35.3,10.4,telemetry,Moga,1,7.718,0.715,0.0,5.515,7.0592,0.0,7.0592,3.6366,7.251,0.0,3.9553,3.2957,2.0416374447972787,32.408,0.13,25.9,5.426,14.69,0.61
2023-04-12,102,4,2023,0.0,telemetry,34.4,16.7,telemetry,Moga,1,6.968,0.694,0.0,4.835,6.1889,0.0,6.1889,3.1882,6.3807,0.0,3.9741,2.4066,2.0502694639330774,32.417,0.0,26.08,5.444,14.69,0.535
2023-04-13,103,4,2023,0.0,telemetry,33.8,14.6,telemetry,Moga,1,7.061,0.673,0.0,4.753,6.0836,0.0,6.0836,3.134,6.2754,0.0,3.9933,2.2821,2.0584549404679415,32.425,0.0,26.26,5.434,14.69,0.526
2023-04-14,104,4,2023,0.0,telemetry,36.9,17.6,telemetry,Moga,1,7.624,0.652,0.0,4.974,6.3666,0.0,6.3666,3.2798,6.5584,0.0,4.0126,2.5458,2.0675861341783763,32.434,0.0,26.51,5.602,14.69,0.55
2023-04-15,105,4,2023,0.07,telemetry,39.8,18.0,telemetry,Moga,1,8.433,0.632,0.0,5.327,6.7287,0.0,6.7287,3.4663,6.9205,0.0125,4.0325,2.888,2.077945042418489,32.445,0.07,26.88,6.082,14.76,0.581
2023-04-16,106,4,2023,0.0,telemetry,39.1,19.8,telemetry,Moga,1,8.059,0.611,0.0,4.924,6.3024,0.0,6.3024,3.2467,6.4942,0.0,4.0532,2.441,2.086700557706918,32.453,0.07,27.41,6.147,14.63,0.544
2023-04-17,107,4,2023,0.0,telemetry,37.6,17.2,telemetry,Moga,1,7.957,0.59,0.0,4.696,6.0109,0.0,6.0109,3.0965,6.2027,0.0,4.0741,2.1286,2.094335471782892,32.461,0.07,28.03,6.282,-11.5,0.519
2023-04-18,108,4,2023,0.0,telemetry,35.9,21.9,telemetry,Moga,1,6.836,0.57,0.0,3.893,4.9826,0.0,4.9826,2.5668,5.1744,0.0,4.0948,1.0796,2.098207939531803,32.465,0.07,28.33,6.275,-12.43,0.43
2023-04-19,109,4,2023,1.47,telemetry,30.6,16.2,telemetry,Moga,1,6.138,0.549,0.0,3.369,2.4522,0.0,2.4522,1.2633,2.644,0.2623,4.1137,-1.4697,2.0929362496747665,32.46,1.54,28.62,6.024,-14.68,0.212
2023-04-20,110,4,2023,0.47,telemetry,31.9,16.5,telemetry,Moga,1,6.494,0.528,0.0,3.429,3.7899,0.0,3.7899,1.9524,3.9817,0.0839,4.1279,-0.1462,2.0924119730342463,32.459,2.01,28.94,5.857,-14.58,0.327
2023-04-21,111,4,2023,1.93,telemetry,32.6,13.3,telemetry,Moga,1,7.079,0.507,0.0,3.591,2.1642,0.0,2.1642,1.1149,2.356,0.3444,4.1392,-1.7832,2.086015866649274,32.453,3.94,29.24,5.548,-12.66,0.187
2023-04-22,112,4,2023,0.0,telemetry,31.2,14.4,telemetry,Moga,1,6.602,0.487,0.0,3.213,4.1119,0.0,4.1119,2.1183,4.3037,0.0,4.146,0.1577,2.0865815179267226,32.453,3.87,29.43,5.368,-12.78,0.355
2023-04-23,113,4,2023,0.0,telemetry,29.0,13.5,telemetry,Moga,1,6.12,0.466,0.0,2.851,3.6491,0.0,3.6491,1.8798,3.8409,0.0,4.151,-0.3101,2.0854693881521267,32.452,3.87,29.67,5.149,-19.45,0.315
2023-04-24,114,4,2023,0.0,telemetry,33.4,13.7,telemetry,Moga,1,7.33,0.445,0.0,3.263,4.1759,0.0,4.1759,2.1512,4.3677,0.0,4.1536,0.2141,2.0862372604763015,32.453,3.87,30.0,5.005,-19.78,0.361
2023-04-25,115,4,2023,0.0,telemetry,33.8,16.2,telemetry,Moga,1,7.194,0.424,0.0,3.053,3.9076,0.0,3.9076,2.013,4.0994,0.0,4.1549,-0.0555,2.086038269129861,32.453,3.87,30.35,4.78,-19.87,0.338
2023-04-26,116,4,2023,0.0,telemetry,35.9,19.1,telemetry,Moga,1,7.462,0.404,0.0,3.012,3.8553,0.0,3.8553,1.9861,4.0471,0.0,4.1545,-0.1074,2.085653103001569,32.452,2.4,30.75,4.613,-20.14,0.333
2023-04-27,117,4,2023,0.07,telemetry,33.7,20.5,telemetry,Moga,1,6.576,0.383,0.0,2.518,3.1334,0.0,3.1334,1.6142,3.3252,0.0125,4.1525,-0.8273,2.08268572953673,32.449,2.0,31.02,4.402,-20.21,0.271
2023-04-28,118,4,2023,0.0,telemetry,33.4,19.1,telemetry,Moga,1,6.735,0.362,0.0,2.439,3.1221,0.0,3.1221,1.6084,3.3139,0.0,4.1481,-0.8342,2.079693694410941,32.446,0.07,31.26,4.17,-20.34,0.27
2023-04-29,119,4,2023,0.0,telemetry,28.4,18.8,telemetry,Moga,1,5.201,0.341,0.0,1.776,2.2731,0.0,2.2731,1.171,2.4649,0.0,4.1414,-1.6765,2.073680413457249,32.44,0.07,31.33,3.852,-20.41,0.196
2023-04-30,120,4,2023,0.0,telemetry,28.0,17.6,telemetry,Moga,1,5.324,0.321,0.0,1.707,2.1854,0.0,2.1854,1.1258,2.3772,0.0,4.1315,-1.7543,2.0673880996987086,32.434,0.07,31.65,3.558,-20.54,0.189
2023-05-01,121,5,2023,0.07,telemetry,27.3,16.9,telemetry,Moga,0,5.246,0.0,0.0,0.0,0.0,0.0,0.0,0.0,0.1918,0.0125,4.1185,-3.9267,2.0533036680741104,32.42,0.14,31.81,3.129,-26.48,0.0
2023-05-02,122,5,2023,0.73,telemetry,26.9,15.1,telemetry,Moga,0,5.449,0.0,0.0,0.0,0.0,0.0,0.0,0.0,0.1918,0.1303,4.0998,-3.908,2.0392864811577285,32.406,0.87,31.88,2.773,-26.08,0.0
2023-05-03,123,5,2023,0.67,telemetry,28.0,16.2,telemetry,Moga,0,5.618,0.0,0.0,0.0,0.0,0.0,0.0,0.0,0.1918,0.1195,4.0759,-3.8841,2.025355095991632,32.392,1.54,32.1,2.598,-25.53,0.0
2023-05-04,124,5,2023,0.0,telemetry,31.5,15.8,telemetry,Moga,0,6.749,0.0,0.0,0.0,0.0,0.0,0.0,0.0,0.1918,0.0,4.0472,-3.8554,2.0115264027175654,32.378,1.47,32.35,2.327,-24.8,0.0
2023-05-05,125,5,2023,0.0,telemetry,31.9,17.2,telemetry,Moga,0,6.688,0.0,0.0,0.0,0.0,0.0,0.0,0.0,0.1918,0.0,4.0142,-3.8224,1.997816044056406,32.364,1.47,32.44,2.172,-24.9,0.0
2023-05-06,126,5,2023,0.13,telemetry,34.8,19.8,telemetry,Moga,0,7.212,0.0,0.0,0.0,0.0,0.0,0.0,0.0,0.1918,0.0232,3.9773,-3.7855,1.9842381643122906,32.351,1.6,32.67,1.879,-24.79,0.0
2023-05-07,127,5,2023,0.0,telemetry,35.5,19.1,telemetry,Moga,0,7.559,0.0,0.0,0.0,0.0,0.0,0.0,0.0,0.1918,0.0,3.9368,-3.745,1.9708054422168382,32.337,1.6,32.8,1.618,-24.79,0.0
2023-05-08,128,5,2023,0.13,telemetry,34.4,15.6,telemetry,Moga,0,7.698,0.0,0.0,0.0,0.0,0.0,0.0,0.0,0.1918,0.0232,3.8932,-3.7014,1.957529321646725,32.324,1.66,32.92,1.32,-24.67,0.0
2023-05-09,129,5,2023,0.2,telemetry,34.4,16.5,telemetry,Moga,0,7.607,0.0,0.0,0.0,0.0,0.0,0.0,0.0,0.1918,0.0357,3.8467,-3.6549,1.9444199616940403,32.311,1.13,32.97,1.041,-24.48,0.0
2023-05-10,130,5,2023,0.13,telemetry,35.2,16.5,telemetry,Moga,0,7.863,0.0,0.0,0.0,0.0,0.0,0.0,0.0,0.1918,0.0232,3.7977,-3.6059,1.9314863581689714,32.298,0.59,33.15,0.765,-24.36,0.0
2023-05-11,131,5,2023,0.0,telemetry,38.7,18.3,telemetry,Moga,0,8.729,0.0,0.0,0.0,0.0,0.0,0.0,0.0,0.1918,0.0,3.7464,-3.5546,1.9187364930749309,32.285,0.59,33.27,0.541,-24.36,0.0
2023-05-12,132,5,2023,0.0,telemetry,40.5,18.7,telemetry,Moga,0,9.257,0.0,0.0,0.0,0.0,0.0,0.0,0.0,0.1918,0.0,3.6932,-3.5014,1.9061774329594037,32.273,0.59,33.47,0.318,-24.36,0.0
2023-05-13,133,5,2023,0.0,telemetry,40.9,23.0,telemetry,Moga,0,8.821,0.0,0.0,0.0,0.0,0.0,0.0,0.0,0.1918,0.0,3.6383,-3.4465,1.8938153333116357,32.26,0.46,33.71,0.156,-24.36,0.0
2023-05-14,134,5,2023,0.0,telemetry,38.0,25.1,telemetry,Moga,0,7.442,0.0,0.0,0.0,0.0,0.0,0.0,0.0,0.1918,0.0,3.5819,-3.3901,1.8816555039783542,32.248,0.46,33.74,0.0,-24.36,0.0
2023-05-15,135,5,2023,0.0,telemetry,40.1,22.3,telemetry,Moga,0,8.695,0.0,1.05,0.0,0.0,10.0358,10.0358,5.17,10.2276,0.0,3.5243,6.7033,1.9056990637216222,32.272,0.33,33.75,0.0,-24.43,0.867
2023-05-16,136,5,2023,0.0,telemetry,38.0,23.0,telemetry,Moga,0,7.882,0.0,1.05,0.0,0.0,9.0969,9.0969,4.6863,9.2887,0.0,3.4794,5.8093,1.9265361243328962,32.293,0.13,33.72,0.0,-24.43,0.786
2023-05-17,137,5,2023,0.0,telemetry,38.1,21.0,telemetry,Moga,0,8.264,0.0,1.05,0.0,0.0,9.5378,9.5378,4.9134,9.7296,0.0,3.4449,6.2847,1.949078298975886,32.316,0.0,33.73,0.0,-24.43,0.824
2023-05-18,138,5,2023,1.67,telemetry,31.0,16.7,telemetry,Moga,0,6.658,0.0,1.05,0.0,0.0,5.8734,5.8734,3.0257,6.0652,0.298,3.4206,2.6446,1.9585638790692521,32.325,1.67,33.57,0.0,-22.9,0.507
2023-05-19,139,5,2023,0.0,telemetry,33.8,19.2,telemetry,Moga,0,7.167,0.0,1.05,0.0,0.0,8.2717,8.2717,4.2612,8.4635,0.0,3.401,5.0625,1.9767220468957758,32.343,1.67,33.68,0.0,-24.37,0.715
2023-05-20,140,5,2023,0.0,telemetry,38.4,19.9,telemetry,Moga,0,8.563,0.0,1.05,0.0,0.0,9.883,9.883,5.0912,10.0748,0.0,3.3888,6.686,2.0007036259213615,32.367,1.67,33.89,0.0,-24.84,0.854
2023-05-21,141,5,2023,0.0,telemetry,41.5,21.2,telemetry,Moga,0,9.404,0.0,1.05,0.0,0.0,10.8534,10.8534,5.5911,11.0452,0.0,3.3855,7.6597,2.0281776663799027,32.395,1.67,34.19,0.0,-26.77,0.938
2023-05-22,142,5,2023,0.0,telemetry,41.5,23.3,telemetry,Moga,0,9.107,0.0,1.05,0.0,0.0,10.5108,10.5108,5.4147,10.7026,0.0,3.3917,7.3109,2.0544004007311796,32.421,1.67,34.53,0.0,-26.77,0.908
2023-05-23,143,5,2023,0.8,telemetry,40.7,25.7,telemetry,Moga,0,8.411,0.0,1.05,0.0,0.0,8.8334,8.8334,4.5505,9.0252,0.1427,3.4063,5.6189,2.0745544564501355,32.441,2.47,34.92,0.0,-25.18,0.763
2023-05-24,144,5,2023,22.33,telemetry,34.0,19.5,telemetry,Moga,0,7.233,0.0,1.05,0.0,0.0,0.0,0.0,0.0,0.1918,3.9844,3.4262,-3.2344,2.062953296570459,32.43,24.8,34.94,0.0,-4.69,0.0
2023-05-25,145,5,2023,2.27,telemetry,29.4,18.5,telemetry,Moga,0,5.884,0.0,1.05,0.0,0.0,4.3411,4.3411,2.2363,4.5329,0.405,3.4419,1.091,2.0668665293167505,32.434,25.4,34.8,0.0,-2.61,0.375
2023-05-26,146,5,2023,0.2,telemetry,29.5,17.8,telemetry,Moga,0,6.059,0.0,1.05,0.0,0.0,6.7739,6.7739,3.4896,6.9657,0.0357,3.457,3.5087,2.0794517231851075,32.446,25.6,34.58,0.0,-2.42,0.585
2023-05-27,147,5,2023,2.67,telemetry,28.8,17.8,telemetry,Moga,0,5.832,0.0,1.05,0.0,0.0,3.859,3.859,1.988,4.0508,0.4764,3.4745,0.5763,2.0815188871000685,32.448,28.27,34.42,0.0,-0.05,0.333
2023-05-28,148,5,2023,0.0,telemetry,32.4,19.2,telemetry,Moga,0,6.785,0.0,1.05,0.0,0.0,7.8305,7.8305,4.0339,8.0223,0.0,3.4905,4.5318,2.0977734861944493,32.464,28.27,34.39,0.0,0.67,0.677
2023-05-29,149,5,2023,3.87,telemetry,28.8,16.7,telemetry,Moga,0,6.047,0.0,1.05,0.0,0.0,2.8575,2.8575,1.472,3.0493,0.6905,3.5103,-0.461,2.096119845262578,32.463,32.14,34.4,0.0,4.22,0.247
2023-05-30,150,5,2023,1.87,telemetry,28.1,17.1,telemetry,Moga,0,5.75,0.0,1.05,0.0,0.0,4.6119,4.6119,2.3758,4.8037,0.3337,3.5272,1.2765,2.1006983416010376,32.467,33.21,34.4,0.0,5.93,0.398
2023-05-31,151,5,2023,5.87,telemetry,22.4,17.1,telemetry,Moga,0,3.713,0.0,1.05,0.0,0.0,0.0,0.0,0.0,0.1918,1.0474,3.5436,-3.3518,2.0886761807402228,32.455,16.75,34.24,0.0,11.24,0.0
2023-06-01,152,6,2023,0.13,telemetry,25.3,15.3,telemetry,Moga,0,5.18,0.0,1.052,0.0,0.0,5.8456,5.8456,3.0114,6.0374,0.0638,3.5536,2.4838,2.097585100282107,32.464,14.61,34.19,0.0,10.63,0.505
2023-06-02,153,6,2023,1.33,telemetry,27.4,16.3,telemetry,Moga,0,5.684,0.0,1.055,0.0,0.0,5.1474,5.1474,2.6517,5.3392,0.6526,3.5651,1.7741,2.103948354554673,32.471,15.74,34.17,0.0,11.18,0.445
2023-06-03,154,6,2023,0.0,telemetry,31.3,17.8,telemetry,Moga,0,6.7,0.0,1.059,0.0,0.0,7.7996,7.7996,4.018,7.9914,0.0,3.5775,4.4139,2.1197801964856464,32.486,13.07,34.16,0.0,11.18,0.674
2023-06-04,155,6,2023,0.0,telemetry,33.1,20.6,telemetry,Moga,0,6.802,0.0,1.063,0.0,0.0,7.9456,7.9456,4.0932,8.1374,0.0,3.5938,4.5436,2.1360773891690314,32.503,13.07,34.2,0.0,11.18,0.686
2023-06-05,156,6,2023,0.0,telemetry,35.2,19.9,telemetry,Moga,0,7.648,0.0,1.066,0.0,0.0,8.9648,8.9648,4.6182,9.1566,0.0,3.6138,5.5428,2.1559585446947755,32.523,9.2,34.21,0.0,11.05,0.775
2023-06-06,157,6,2023,0.2,telemetry,34.5,20.3,telemetry,Moga,0,7.348,0.0,1.07,0.0,0.0,8.4231,8.4231,4.3392,8.6149,0.0981,3.6385,4.9764,2.1738078511193017,32.54,7.53,34.18,0.0,11.24,0.728
2023-06-07,158,6,2023,0.07,telemetry,32.1,18.5,telemetry,Moga,0,6.861,0.0,1.074,0.0,0.0,8.0201,8.0201,4.1316,8.2119,0.0343,3.667,4.5449,2.190109644570492,32.557,1.73,34.1,0.0,11.17,0.693
2023-06-08,159,6,2023,0.13,telemetry,35.3,19.9,telemetry,Moga,0,7.695,0.0,1.077,0.0,0.0,8.9687,8.9687,4.6202,9.1605,0.0638,3.6981,5.4624,2.2097021575243794,32.576,1.73,34.13,0.0,11.09,0.775
2023-06-09,160,6,2023,0.0,telemetry,37.8,22.4,telemetry,Moga,0,8.122,0.0,1.081,0.0,0.0,9.6501,9.6501,4.9713,9.8419,0.0,3.733,6.1089,2.2316135450128356,32.598,0.4,34.22,0.0,10.96,0.834
2023-06-10,161,6,2023,0.67,telemetry,38.4,21.0,telemetry,Moga,0,8.565,0.0,1.085,0.0,0.0,9.4779,9.4779,4.8826,9.6697,0.3288,3.7722,5.8975,2.252766825788743,32.619,1.07,34.21,0.0,11.57,0.819
2023-06-11,162,6,2023,0.0,telemetry,33.1,20.3,telemetry,Moga,0,6.885,0.0,1.088,0.0,0.0,8.2348,8.2348,4.2422,8.4266,0.0,3.8152,4.6114,2.269307048579652,32.636,1.07,33.96,0.0,11.57,0.711
2023-06-12,163,6,2023,0.0,telemetry,36.7,22.1,telemetry,Moga,0,7.801,0.0,1.092,0.0,0.0,9.3626,9.3626,4.8232,9.5544,0.0,3.8597,5.6947,2.289732839323382,32.656,1.07,33.82,0.0,11.57,0.809
2023-06-13,164,6,2023,0.33,telemetry,38.5,24.6,telemetry,Moga,0,7.961,0.0,1.095,0.0,0.0,9.2243,9.2243,4.7519,9.4161,0.1619,3.9071,5.509,2.3094927516859807,32.676,1.2,33.84,0.0,11.88,0.797
2023-06-14,165,6,2023,0.0,telemetry,37.0,22.8,telemetry,Moga,0,7.779,0.0,1.099,0.0,0.0,9.3983,9.3983,4.8415,9.5901,0.0,3.9569,5.6332,2.329698155829814,32.696,1.13,33.74,0.0,11.88,0.812
2023-06-15,166,6,2023,3.07,telemetry,32.1,21.0,telemetry,Moga,0,6.396,0.0,1.103,0.0,0.0,4.4611,4.4611,2.2981,4.6529,1.5064,4.0089,0.644,2.33200797701644,32.699,4.07,33.54,0.0,14.69,0.385
2023-06-16,167,6,2023,0.0,telemetry,34.9,22.4,telemetry,Moga,0,7.11,0.0,1.106,0.0,0.0,8.6464,8.6464,4.4542,8.8382,0.0,4.0574,4.7808,2.349155863775458,32.716,4.07,33.43,0.0,15.05,0.747
2023-06-17,168,6,2023,0.0,telemetry,36.3,23.9,telemetry,Moga,0,7.303,0.0,1.11,0.0,0.0,8.9106,8.9106,4.5903,9.1024,0.0,4.1071,4.9953,2.3670732114463613,32.734,3.4,33.61,0.0,14.22,0.77
2023-06-18,169,6,2023,0.0,telemetry,32.0,25.6,telemetry,Moga,0,5.105,0.0,1.114,0.0,0.0,6.2486,6.2486,3.219,6.4404,0.0,4.1581,2.2823,2.375259330004946,32.742,3.4,33.55,0.0,14.54,0.54
2023-06-19,170,6,2023,1.73,telemetry,37.0,23.8,telemetry,Moga,0,7.583,0.0,1.117,0.0,0.0,7.437,7.437,3.8312,7.6288,0.8489,4.2067,3.4221,2.387533828359522,32.754,5.13,33.5,0.0,16.14,0.643
2023-06-20,171,6,2023,0.0,telemetry,38.1,24.9,telemetry,Moga,0,7.755,0.0,1.121,0.0,0.0,9.5554,9.5554,4.9225,9.7472,0.0,4.2552,5.492,2.407232681114816,32.774,4.8,33.39,0.0,16.15,0.826
2023-06-21,172,6,2023,0.0,telemetry,37.8,27.0,telemetry,Moga,0,7.142,0.0,1.125,0.0,0.0,8.8288,8.8288,4.5482,9.0206,0.0,4.3058,4.7148,2.4241438176199797,32.791,4.8,33.27,0.0,16.19,0.763
2023-06-22,173,6,2023,0.0,telemetry,36.7,27.0,telemetry,Moga,0,6.694,0.0,1.128,0.0,0.0,8.3012,8.3012,4.2764,8.493,0.0,4.3573,4.1357,2.4389779865203844,32.806,1.73,33.13,0.0,15.39,0.717
2023-06-23,174,6,2023,0.0,telemetry,37.0,28.1,telemetry,Moga,0,6.501,0.0,1.132,0.0,0.0,8.0882,8.0882,4.1666,8.28,0.0,4.4087,3.8713,2.4528637623272926,32.82,1.73,33.23,0.0,-6.94,0.699
2023-06-24,175,6,2023,0.0,telemetry,37.0,27.8,telemetry,Moga,0,6.589,0.0,1.135,0.0,0.0,8.2234,8.2234,4.2363,8.4152,0.0,4.4596,3.9556,2.467051612023873,32.834,1.73,33.49,0.0,-9.21,0.71
2023-06-25,176,6,2023,0.0,telemetry,33.1,22.4,telemetry,Moga,0,6.446,0.0,1.139,0.0,0.0,8.0707,8.0707,4.1576,8.2625,0.0,4.5103,3.7522,2.4805099617681163,32.847,1.73,33.61,0.0,-9.41,0.697
2023-06-26,177,6,2023,0.0,telemetry,29.6,22.1,telemetry,Moga,0,5.17,0.0,1.143,0.0,0.0,6.4937,6.4937,3.3452,6.6855,0.0,4.5604,2.1251,2.4881321809740324,32.855,0.0,33.63,0.0,-12.08,0.561
2023-06-27,178,6,2023,0.0,telemetry,32.8,24.6,telemetry,Moga,0,5.757,0.0,1.146,0.0,0.0,7.2538,7.2538,3.7368,7.4456,0.0,4.6078,2.8378,2.498311022523922,32.865,0.0,33.65,0.0,-12.08,0.627
2023-06-28,179,6,2023,1.07,telemetry,31.7,23.8,telemetry,Moga,0,5.533,0.0,1.15,0.0,0.0,5.8277,5.8277,3.0021,6.0195,0.525,4.6535,1.366,2.5032107762570748,32.87,1.07,33.74,0.0,-14.97,0.503
2023-06-29,180,6,2023,0.13,telemetry,33.8,24.9,telemetry,Moga,0,6.076,0.0,1.154,0.0,0.0,7.5621,7.5621,3.8956,7.7539,0.0638,4.6961,3.0578,2.5141786186246438,32.881,1.2,33.93,0.0,-16.72,0.653
2023-06-30,181,6,2023,0.0,telemetry,33.5,24.9,telemetry,Moga,0,5.951,0.0,1.157,0.0,0.0,7.5699,7.5699,3.8996,7.7617,0.0,4.7378,3.0239,2.525024712478343,32.892,1.2,34.3,0.0,-22.09,0.654
2023-07-01,182,7,2023,5.13,telemetry,33.8,23.1,telemetry,Moga,0,6.528,0.0,1.161,0.0,0.0,2.9232,2.9232,1.5059,3.115,2.5172,4.7786,-1.6636,2.519057524477776,32.886,6.33,34.59,0.0,-17.22,0.253
2023-07-02,183,7,2023,0.0,telemetry,34.5,23.8,telemetry,Moga,0,6.623,0.0,1.165,0.0,0.0,8.4783,8.4783,4.3676,8.6701,0.0,4.8142,3.8559,2.5328881154843805,32.9,6.33,34.82,0.0,-18.55,0.732
2023-07-03,184,7,2023,0.0,telemetry,37.0,27.0,telemetry,Moga,0,6.787,0.0,1.168,0.0,0.0,8.7155,8.7155,4.4898,8.9073,0.0,4.8504,4.0569,2.547439375275786,32.914,6.33,35.01,0.0,-18.54,0.753
2023-07-04,185,7,2023,0.0,telemetry,35.3,25.6,telemetry,Moga,0,6.472,0.0,1.172,0.0,0.0,8.3369,8.3369,4.2948,8.5287,0.0,4.8877,3.641,2.5604990820613334,32.927,6.33,35.09,0.0,-18.54,0.72
2023-07-05,186,7,2023,23.0,telemetry,27.8,22.1,telemetry,Moga,0,4.393,0.0,1.175,0.0,0.0,0.0,0.0,0.0,0.1918,11.2858,4.9252,-4.7334,2.5435211994324005,32.91,28.26,34.84,0.0,2.54,0.0
2023-07-06,187,7,2023,1.6,telemetry,29.5,23.1,telemetry,Moga,0,4.798,0.0,1.179,0.0,0.0,4.4824,4.4824,2.3091,4.6742,0.7851,4.9604,-0.2862,2.5424945625297837,32.909,29.73,34.67,0.0,4.37,0.387
2023-07-07,188,7,2023,0.0,telemetry,31.7,23.1,telemetry,Moga,0,5.696,0.0,1.183,0.0,0.0,7.4052,7.4052,3.8148,7.597,0.0,4.9916,2.6054,2.5518396143615387,32.918,29.73,34.66,0.0,4.3,0.64
2023-07-08,189,7,2023,11.53,telemetry,27.4,22.8,telemetry,Moga,0,3.95,0.0,1.186,0.0,0.0,0.0,0.0,0.0,0.1918,5.6576,5.0225,-4.8307,2.53451291946778,32.901,36.13,34.4,0.0,14.74,0.0
2023-07-09,190,7,2023,23.53,telemetry,27.4,23.1,telemetry,Moga,0,3.829,0.0,1.19,0.0,0.0,0.0,0.0,0.0,0.1918,11.5458,5.0472,-4.8554,2.517097399759272,32.884,59.66,34.05,0.0,37.16,0.0
2023-07-10,191,7,2023,3.2,telemetry,27.1,22.4,telemetry,Moga,0,3.953,0.0,1.194,0.0,0.0,1.7595,1.7595,0.9064,1.9513,1.5702,5.0712,-3.1199,2.5059069370033575,32.873,62.86,33.67,0.0,39.42,0.152
2023-07-11,192,7,2023,0.0,telemetry,32.1,22.4,telemetry,Moga,0,6.007,0.0,1.197,0.0,0.0,7.9053,7.9053,4.0724,8.0971,0.0,5.0892,3.0079,2.5166957042137192,32.883,62.86,33.64,0.0,39.43,0.683
2023-07-12,193,7,2023,0.0,telemetry,32.7,24.9,telemetry,Moga,0,5.566,0.0,1.2,0.0,0.0,7.3418,7.3418,3.7821,7.5336,0.0,5.109,2.4246,2.5253923995502308,32.892,39.86,33.51,0.0,39.43,0.634
2023-07-13,194,7,2023,0.0,telemetry,31.7,24.2,telemetry,Moga,0,5.353,0.0,1.2,0.0,0.0,7.0602,7.0602,3.6371,7.252,0.0,5.1295,2.1225,2.533005378628203,32.9,38.26,33.28,0.0,39.15,0.61
2023-07-14,195,7,2023,0.0,telemetry,31.3,24.9,telemetry,Moga,0,4.955,0.0,1.2,0.0,0.0,6.5357,6.5357,3.3669,6.7275,0.0,5.1503,1.5772,2.538662441799638,32.905,38.26,33.09,0.0,39.15,0.565
2023-07-15,196,7,2023,0.4,telemetry,33.8,24.9,telemetry,Moga,0,5.995,0.0,1.2,0.0,0.0,7.4694,7.4694,3.8479,7.6612,0.1963,5.1706,2.4906,2.547595782090384,32.914,27.13,33.15,0.0,36.45,0.645
2023-07-16,197,7,2023,0.07,telemetry,31.3,24.9,telemetry,Moga,0,4.943,0.0,1.2,0.0,0.0,6.4428,6.4428,3.319,6.6346,0.0343,5.1918,1.4428,2.552770934189694,32.919,3.67,33.03,0.0,36.53,0.557
2023-07-17,198,7,2023,0.0,telemetry,32.4,24.9,telemetry,Moga,0,5.408,0.0,1.2,0.0,0.0,7.1331,7.1331,3.6746,7.3249,0.0,5.2122,2.1127,2.5603488749649865,32.927,0.47,32.9,0.0,37.2,0.616
2023-07-18,199,7,2023,5.27,telemetry,32.1,26.0,telemetry,Moga,0,4.912,0.0,1.2,0.0,0.0,0.931,0.931,0.4796,1.1228,2.5859,5.2328,-4.11,2.545607159165349,32.912,5.74,32.9,0.0,42.06,0.08
2023-07-19,200,7,2023,3.53,telemetry,29.9,24.5,telemetry,Moga,0,4.433,0.0,1.2,0.0,0.0,2.0769,2.0769,1.0699,2.2687,1.7321,5.247,-2.9783,2.534924577092775,32.902,9.27,32.66,0.0,43.56,0.179
2023-07-20,201,7,2023,0.0,telemetry,34.5,26.3,telemetry,Moga,0,5.843,0.0,1.2,0.0,0.0,7.7069,7.7069,3.9702,7.8987,0.0,5.2563,2.6424,2.5444023936747824,32.911,9.27,32.54,0.0,44.76,0.666
2023-07-21,202,7,2023,0.0,telemetry,36.0,27.4,telemetry,Moga,0,6.136,0.0,1.2,0.0,0.0,8.0932,8.0932,4.1692,8.285,0.0,5.2675,3.0175,2.555225685819188,32.922,9.27,32.48,0.0,50.44,0.699
2023-07-22,203,7,2023,0.2,telemetry,29.0,25.2,telemetry,Moga,0,3.694,0.0,1.2,0.0,0.0,4.6527,4.6527,2.3968,4.8445,0.0981,5.2809,-0.4364,2.553660510310547,32.92,9.07,32.23,0.0,51.32,0.402
2023-07-23,204,7,2023,0.0,telemetry,33.8,25.8,telemetry,Moga,0,5.672,0.0,1.2,0.0,0.0,7.4822,7.4822,3.8545,7.674,0.0,5.2916,2.3824,2.5622057410577623,32.929,9.0,32.12,0.0,51.33,0.646
2023-07-24,205,7,2023,0.0,telemetry,34.4,26.8,telemetry,Moga,0,5.612,0.0,1.2,0.0,0.0,7.4029,7.4029,3.8136,7.5947,0.0,5.3037,2.291,2.5704232514841006,32.937,9.0,32.03,0.0,51.37,0.64
2023-07-25,206,7,2023,13.2,telemetry,33.3,22.6,telemetry,Moga,0,6.284,0.0,1.2,0.0,0.0,0.0,0.0,0.0,0.1918,6.477,5.3168,-5.125,2.5520407585404845,32.919,16.93,32.04,0.0,63.67,0.0
2023-07-26,207,7,2023,0.47,telemetry,29.6,23.6,telemetry,Moga,0,4.558,0.0,1.2,0.0,0.0,5.4981,5.4981,2.8324,5.6899,0.2306,5.3259,0.364,2.5533465063523613,32.92,13.87,32.04,0.0,64.1,0.475
2023-07-27,208,7,2023,9.53,telemetry,31.7,25.8,telemetry,Moga,0,4.73,0.0,1.2,0.0,0.0,0.0,0.0,0.0,0.1918,4.6762,5.3339,-5.1421,2.5349026917874986,32.902,23.4,32.0,0.0,72.86,0.0
2023-07-28,209,7,2023,27.13,telemetry,28.0,23.6,telemetry,Moga,0,3.819,0.0,1.2,0.0,0.0,0.0,0.0,0.0,0.1918,13.3123,5.337,-5.1452,2.5164478474400647,32.883,50.53,31.88,0.0,97.01,0.0
2023-07-29,210,7,2023,0.0,telemetry,32.2,24.8,telemetry,Moga,0,5.249,0.0,1.2,0.0,0.0,6.9235,6.9235,3.5667,7.1153,0.0,5.3424,1.7729,2.5228067950768565,32.889,50.33,31.83,0.0,97.0,0.598
2023-07-30,211,7,2023,0.67,telemetry,31.7,24.2,telemetry,Moga,0,5.211,0.0,1.2,0.0,0.0,6.1409,6.1409,3.1635,6.3327,0.3288,5.3494,0.9833,2.5263337724829045,32.893,51.0,31.77,0.0,98.4,0.531
2023-07-31,212,7,2023,0.0,telemetry,33.3,24.8,telemetry,Moga,0,5.669,0.0,1.2,0.0,0.0,7.4776,7.4776,3.8521,7.6694,0.0,5.3569,2.3125,2.534628458309006,32.901,51.0,31.75,0.0,93.39,0.646
2023-08-01,213,8,2023,0.0,telemetry,34.4,25.8,telemetry,Moga,0,5.818,0.0,1.2,0.0,0.0,7.6736,7.6736,3.9531,7.8654,0.0,5.3663,2.4991,2.543592121346623,32.91,37.8,31.75,0.0,93.43,0.663
2023-08-02,214,8,2023,0.0,telemetry,34.3,25.3,telemetry,Moga,0,5.901,0.0,1.2,0.0,0.0,7.7836,7.7836,4.0097,7.9754,0.0,5.3779,2.5975,2.552908841787133,32.92,37.33,31.66,0.0,93.44,0.672
2023-08-03,215,8,2023,0.0,telemetry,33.8,25.3,telemetry,Moga,0,5.692,0.0,1.2,0.0,0.0,7.5075,7.5075,3.8675,7.6993,0.0,5.3915,2.3078,2.5611865442996122,32.928,27.8,31.61,0.0,93.44,0.649
2023-08-04,216,8,2023,0.07,telemetry,33.3,25.3,telemetry,Moga,0,5.48,0.0,1.2,0.0,0.0,7.1511,7.1511,3.6839,7.3429,0.0343,5.4065,1.9364,2.5681321380402187,32.935,0.74,31.79,0.0,70.51,0.618
2023-08-05,217,8,2023,4.13,telemetry,33.8,25.2,telemetry,Moga,0,5.692,0.0,1.2,0.0,0.0,3.1183,3.1183,1.6064,3.3101,2.0265,5.4222,-2.1121,2.560556240799142,32.927,4.87,31.93,0.0,72.69,0.269
2023-08-06,218,8,2023,0.0,telemetry,33.3,24.7,telemetry,Moga,0,5.618,0.0,1.2,0.0,0.0,7.4103,7.4103,3.8174,7.6021,0.0,5.4347,2.1674,2.5683302317995866,32.935,4.2,31.99,0.0,72.71,0.64
2023-08-07,219,8,2023,0.0,telemetry,32.2,24.8,telemetry,Moga,0,5.143,0.0,1.2,0.0,0.0,6.7833,6.7833,3.4944,6.9751,0.0,5.4485,1.5266,2.5738059687103547,32.94,4.2,32.15,0.0,61.19,0.586
2023-08-08,220,8,2023,0.0,telemetry,32.2,25.3,telemetry,Moga,0,4.98,0.0,1.2,0.0,0.0,6.5684,6.5684,3.3837,6.7602,0.0,5.4625,1.2977,2.5784606477403322,32.945,4.2,32.31,0.0,37.66,0.567
2023-08-09,221,8,2023,0.0,telemetry,32.8,24.8,telemetry,Moga,0,5.353,0.0,1.2,0.0,0.0,7.0614,7.0614,3.6377,7.2532,0.0,5.4764,1.7768,2.5848337628306686,32.951,4.2,32.5,0.0,34.46,0.61
2023-08-10,222,8,2023,0.0,telemetry,32.2,24.8,telemetry,Moga,0,5.102,0.0,1.2,0.0,0.0,6.7294,6.7294,3.4667,6.9212,0.0,5.4908,1.4304,2.589964340267496,32.957,4.2,32.5,0.0,34.65,0.581
2023-08-11,223,8,2023,0.0,telemetry,32.8,24.2,telemetry,Moga,0,5.485,0.0,1.2,0.0,0.0,7.2343,7.2343,3.7268,7.4261,0.0,5.5052,1.9209,2.5968543412494522,32.963,4.13,32.5,0.0,34.65,0.625
2023-08-12,224,8,2023,0.0,telemetry,33.3,24.2,telemetry,Moga,0,5.656,0.0,1.2,0.0,0.0,7.4604,7.4604,3.8432,7.6522,0.0,5.5202,2.132,2.6045014139877347,32.971,0.0,32.56,0.0,34.65,0.645
2023-08-13,225,8,2023,0.0,telemetry,32.8,24.2,telemetry,Moga,0,5.453,0.0,1.2,0.0,0.0,7.1925,7.1925,3.7052,7.3843,0.0,5.5361,1.8482,2.6111306323428,32.978,0.0,32.61,0.0,34.65,0.621
2023-08-14,226,8,2023,0.0,telemetry,30.6,23.6,telemetry,Moga,0,4.756,0.0,1.2,0.0,0.0,6.2739,6.2739,3.232,6.4657,0.0,5.5523,0.9134,2.6144068161946095,32.981,0.0,32.5,0.0,34.33,0.542
2023-08-15,227,8,2023,0.0,telemetry,32.8,24.8,telemetry,Moga,0,5.261,0.0,1.2,0.0,0.0,6.9397,6.9397,3.575,7.1315,0.0,5.5675,1.564,2.6200164960131835,32.987,0.0,32.55,0.0,34.28,0.6
2023-08-16,228,8,2023,2.33,telemetry,33.3,23.7,telemetry,Moga,0,5.708,0.0,1.2,0.0,0.0,5.016,5.016,2.584,5.2078,1.1433,5.5827,-0.3749,2.6186717720016546,32.985,2.33,32.58,0.0,36.42,0.433
2023-08-17,229,8,2023,0.0,telemetry,33.3,24.2,telemetry,Moga,0,5.57,0.0,1.2,0.0,0.0,7.3466,7.3466,3.7846,7.5384,0.0,5.5961,1.9423,2.625638614882705,32.992,2.33,32.62,0.0,31.15,0.635
2023-08-18,230,8,2023,0.0,telemetry,33.8,24.8,telemetry,Moga,0,5.586,0.0,1.2,0.0,0.0,7.3682,7.3682,3.7957,7.56,0.0,5.61,1.95,2.632632892910505,32.999,2.33,32.75,0.0,27.62,0.637
2023-08-19,231,8,2023,0.13,telemetry,30.0,24.2,telemetry,Moga,0,4.261,0.0,1.2,0.0,0.0,5.477,5.477,2.8215,5.6688,0.0638,5.6245,0.0443,2.6327918109579747,32.999,2.46,32.6,0.0,27.74,0.473
2023-08-20,232,8,2023,6.87,telemetry,34.4,25.2,telemetry,Moga,0,5.669,0.0,1.2,0.0,0.0,0.3412,0.3412,0.1758,0.533,3.371,5.6369,-5.1039,2.6144851066957178,32.981,9.33,32.55,0.0,34.03,0.029
2023-08-21,233,8,2023,0.0,telemetry,34.4,25.2,telemetry,Moga,0,5.649,0.0,1.2,0.0,0.0,7.4515,7.4515,3.8387,7.6433,0.0,5.6429,2.0004,2.6216602841989007,32.988,9.33,32.73,0.0,33.83,0.644
2023-08-22,234,8,2023,0.0,telemetry,34.4,26.4,telemetry,Moga,0,5.315,0.0,1.2,0.0,0.0,7.011,7.011,3.6117,7.2028,0.0,5.6501,1.5527,2.6272293621506337,32.994,9.33,32.75,0.0,33.83,0.606
2023-08-23,235,8,2023,0.0,telemetry,31.7,24.7,telemetry,Moga,0,4.728,0.0,1.2,0.0,0.0,6.2359,6.2359,3.2124,6.4277,0.0,5.658,0.7697,2.629990243243528,32.997,7.0,32.66,0.0,33.83,0.539
2023-08-24,236,8,2023,0.0,telemetry,32.2,24.2,telemetry,Moga,0,5.035,0.0,1.2,0.0,0.0,6.6417,6.6417,3.4215,6.8335,0.0,5.6652,1.1683,2.6341808402057576,33.001,7.0,32.62,0.0,20.66,0.574
2023-08-25,237,8,2023,0.0,telemetry,33.8,24.8,telemetry,Moga,0,5.448,0.0,1.2,0.0,0.0,7.1856,7.1856,3.7017,7.3774,0.0,5.6723,1.7051,2.6402965561883187,33.007,7.0,32.76,0.0,20.19,0.621
2023-08-26,238,8,2023,0.0,telemetry,32.8,23.2,telemetry,Moga,0,5.45,0.0,1.2,0.0,0.0,7.1884,7.1884,3.7031,7.3802,0.0,5.6802,1.7,2.6463940541839497,33.013,6.87,32.8,0.0,10.66,0.621
2023-08-27,239,8,2023,0.0,telemetry,32.8,24.2,telemetry,Moga,0,5.194,0.0,1.2,0.0,0.0,6.8507,6.8507,3.5291,7.0425,0.0,5.6887,1.3538,2.651249872666546,33.018,0.0,32.96,0.0,-16.47,0.592
2023-08-28,240,8,2023,0.0,telemetry,31.2,22.0,telemetry,Moga,0,5.131,0.0,1.2,0.0,0.0,6.7675,6.7675,3.4863,6.9593,0.0,5.6972,1.2621,2.655776680930186,33.022,0.0,32.92,0.0,-16.47,0.585
2023-08-29,241,8,2023,0.2,telemetry,33.3,23.6,telemetry,Moga,0,5.465,0.0,1.2,0.0,0.0,6.9893,6.9893,3.6005,7.1811,0.0981,5.7057,1.4754,2.6610688292788636,33.028,0.2,32.98,0.0,-16.96,0.604
2023-08-30,242,8,2023,3.4,telemetry,33.8,24.2,telemetry,Moga,0,5.479,0.0,1.2,0.0,0.0,3.5907,3.5907,1.8498,3.7825,1.6683,5.7143,-1.9318,2.654139777209669,33.021,3.6,32.99,0.0,-13.84,0.31
2023-08-31,243,8,2023,0.67,telemetry,34.4,24.2,telemetry,Moga,0,5.659,0.0,1.2,0.0,0.0,6.732,6.732,3.468,6.9238,0.3288,5.7198,1.204,2.6584584349877174,33.025,4.27,32.99,0.0,-13.23,0.582
2023-09-01,244,9,2023,2.0,telemetry,35.4,24.8,telemetry,Moga,0,5.841,0.0,1.2,0.0,0.0,5.5419,5.5419,2.8549,5.7337,0.9814,5.7255,0.0082,2.6584877241278866,33.025,6.27,33.03,0.0,-11.4,0.479
2023-09-02,245,9,2023,0.0,telemetry,33.8,24.8,telemetry,Moga,0,5.269,0.0,1.2,0.0,0.0,6.9503,6.9503,3.5805,7.1421,0.0,5.7304,1.4117,2.6635511805675307,33.03,6.27,33.03,0.0,-11.4,0.6
2023-09-03,246,9,2023,0.0,telemetry,33.8,23.6,telemetry,Moga,0,5.513,0.0,1.2,0.0,0.0,7.272,7.272,3.7462,7.4638,0.0,5.7357,1.7281,2.669749494874535,33.036,6.27,33.05,0.0,-11.47,0.628
2023-09-04,247,9,2023,0.0,telemetry,33.8,23.1,telemetry,Moga,0,5.591,0.0,1.2,0.0,0.0,7.3742,7.3742,3.7988,7.566,0.0,5.7418,1.8242,2.676292638509719,33.043,6.27,33.05,0.0,-15.6,0.637
2023-09-05,248,9,2023,0.0,telemetry,34.3,23.2,telemetry,Moga,0,5.704,0.0,1.2,0.0,0.0,7.5242,7.5242,3.8761,7.716,0.0,5.7487,1.9673,2.6833491597178565,33.05,6.07,33.08,0.0,-15.6,0.65
2023-09-06,249,9,2023,0.0,telemetry,34.9,22.6,telemetry,Moga,0,5.976,0.0,1.2,0.0,0.0,7.8829,7.8829,4.0609,8.0747,0.0,5.7564,2.3183,2.69166434851996,33.058,2.67,33.17,0.0,-15.6,0.681
2023-09-07,250,9,2023,0.0,telemetry,34.9,23.1,telemetry,Moga,0,5.857,0.0,1.2,0.0,0.0,7.7251,7.7251,3.9796,7.9169,0.0,5.7655,2.1514,2.699380945184843,33.066,2.0,33.26,0.0,-15.6,0.667
2023-09-08,251,9,2023,0.0,telemetry,34.4,24.2,telemetry,Moga,0,5.453,0.0,1.2,0.0,0.0,7.193,7.193,3.7055,7.3848,0.0,5.7756,1.6092,2.7051530232471905,33.072,0.0,33.31,0.0,-15.6,0.621
2023-09-09,252,9,2023,0.0,telemetry,32.8,24.2,telemetry,Moga,0,4.898,0.0,1.2,0.0,0.0,6.4603,6.4603,3.328,6.6521,0.0,5.7857,0.8664,2.708260728740337,33.075,0.0,33.33,0.0,-15.58,0.558
2023-09-10,253,9,2023,0.0,telemetry,31.7,22.1,telemetry,Moga,0,4.971,0.0,1.2,0.0,0.0,6.5564,6.5564,3.3775,6.7482,0.0,5.7948,0.9534,2.711680337814917,33.078,0.0,33.3,0.0,-15.58,0.566
2023-09-11,254,9,2023,0.0,telemetry,32.2,22.1,telemetry,Moga,0,5.101,0.0,1.2,0.0,0.0,6.7278,6.7278,3.4658,6.9196,0.0,5.8032,1.1164,2.7156846009378977,33.082,0.0,33.26,0.0,-15.58,0.581
2023-09-12,255,9,2023,0.0,telemetry,33.8,24.8,telemetry,Moga,0,5.019,0.0,1.2,0.0,0.0,6.62,6.62,3.4103,6.8118,0.0,5.8111,1.0007,2.71927389103509,33.086,0.0,33.29,0.0,-15.58,0.572
2023-09-13,256,9,2023,0.0,telemetry,34.4,25.8,telemetry,Moga,0,4.963,0.0,1.2,0.0,0.0,6.5464,6.5464,3.3724,6.7382,0.0,5.8183,0.9199,2.722573399757602,33.089,0.0,33.42,0.0,-15.58,0.566
2023-09-14,257,9,2023,0.0,telemetry,34.9,26.3,telemetry,Moga,0,4.988,0.0,1.2,0.0,0.0,6.5792,6.5792,3.3893,6.771,0.0,5.8245,0.9465,2.7259682261647544,33.093,0.0,33.49,0.0,-15.5,0.568
2023-09-15,258,9,2023,18.47,telemetry,29.0,21.6,telemetry,Moga,0,4.098,0.0,1.2,0.0,0.0,0.0,0.0,0.0,0.1918,9.063,5.8304,-5.6386,2.7057436106766484,33.072,18.47,33.35,0.0,-0.88,0.0
2023-09-16,259,9,2023,18.4,telemetry,32.8,22.6,telemetry,Moga,0,5.051,0.0,1.2,0.0,0.0,0.0,0.0,0.0,0.1918,9.0286,5.8338,-5.642,2.6855067300927957,33.052,36.87,33.33,0.0,15.99,0.0
2023-09-17,260,9,2023,22.33,telemetry,26.9,22.6,telemetry,Moga,0,3.05,0.0,1.2,0.0,0.0,0.0,0.0,0.0,0.1918,10.957,5.8352,-5.6434,2.6652650061452667,33.032,59.2,33.1,0.0,36.46,0.0
2023-09-18,261,9,2023,0.07,telemetry,33.0,25.7,generated,Moga,0,4.378,0.0,1.2,0.0,0.0,5.698,5.698,2.9353,5.8898,0.0343,5.8364,0.0534,2.665456651469094,33.032,59.27,33.2,0.0,36.39,0.492
2023-09-19,262,9,2023,22.13,telemetry,32.9,23.4,generated,Moga,0,4.839,0.0,1.2,0.0,0.0,0.0,0.0,0.0,0.1918,10.8589,5.8369,-5.6451,2.645208609864301,33.012,81.4,33.15,0.0,49.81,0.0
2023-09-20,263,9,2023,2.67,telemetry,33.9,25.0,generated,Moga,0,4.789,0.0,1.2,0.0,0.0,3.4442,3.4442,1.7743,3.636,1.3101,5.8376,-2.2016,2.6373119281513837,33.004,84.07,33.13,0.0,52.25,0.298
2023-09-21,264,9,2023,0.07,telemetry,31.8,23.7,generated,Moga,0,4.378,0.0,1.2,0.0,0.0,5.6979,5.6979,2.9353,5.8897,0.0343,5.8358,0.0539,2.6375053409587097,33.004,84.14,33.05,0.0,53.06,0.492
2023-09-22,265,9,2023,0.53,telemetry,30.5,19.4,generated,Moga,0,4.781,0.0,1.2,0.0,0.0,5.7266,5.7266,2.9501,5.9184,0.2601,5.8338,0.0846,2.6378086898818465,33.004,66.2,33.01,0.0,53.59,0.495
2023-09-23,266,9,2023,13.53,telemetry,32.8,24.5,generated,Moga,0,4.465,0.0,1.2,0.0,0.0,0.0,0.0,0.0,0.1918,6.639,5.8319,-5.6401,2.617578702588225,32.984,61.33,33.03,0.0,66.52,0.0
2023-09-24,267,9,2023,0.13,telemetry,33.0,24.6,generated,Moga,0,4.479,0.0,1.2,0.0,0.0,5.7653,5.7653,2.97,5.9571,0.0638,5.8272,0.1299,2.618044653716541,32.985,39.13,33.0,0.0,70.23,0.498
2023-09-25,268,9,2023,0.07,telemetry,32.9,23.8,generated,Moga,0,4.588,0.0,1.2,0.0,0.0,5.9755,5.9755,3.0783,6.1673,0.0343,5.8228,0.3445,2.619280263854213,32.986,39.13,33.0,0.0,72.65,0.516
2023-09-26,269,9,2023,0.0,telemetry,29.5,21.7,generated,Moga,0,3.97,0.0,1.2,0.0,0.0,5.2367,5.2367,2.6977,5.4285,0.0,5.819,-0.3905,2.6178797409535464,32.985,17.0,32.89,0.0,72.66,0.452
2023-09-27,270,9,2023,0.0,telemetry,31.9,23.8,generated,Moga,0,4.229,0.0,1.2,0.0,0.0,5.5777,5.5777,2.8734,5.7695,0.0,5.8145,-0.045,2.61771822492702,32.984,14.33,32.92,0.0,72.66,0.482
2023-09-28,271,9,2023,0.07,telemetry,33.0,21.9,telemetry,Moga,0,4.876,0.0,1.2,0.0,0.0,6.3541,6.3541,3.2733,6.5459,0.0343,5.81,0.7359,2.620357747132165,32.987,14.33,32.91,0.0,72.53,0.549
2023-09-29,272,9,2023,0.0,telemetry,33.3,20.5,telemetry,Moga,0,5.139,0.0,1.2,0.0,0.0,6.7781,6.7781,3.4917,6.9699,0.0,5.8065,1.1634,2.624530786131361,32.991,13.8,32.89,0.0,69.14,0.586
2023-09-30,273,9,2023,0.07,telemetry,33.0,19.8,telemetry,Moga,0,5.126,0.0,1.2,0.0,0.0,6.6851,6.6851,3.4438,6.8769,0.0343,5.8043,1.0726,2.6283778352166003,32.995,0.34,32.84,0.0,68.54,0.578
2023-10-01,274,10,2023,0.0,telemetry,32.6,13.7,telemetry,Moga,0,5.646,0.0,1.2,0.0,0.0,7.4473,7.4473,3.8365,7.6391,0.0,5.8034,1.8357,2.634962098015681,33.002,0.21,32.75,0.0,66.54,0.643
2023-10-02,275,10,2023,0.0,telemetry,32.6,10.0,telemetry,Moga,0,5.856,0.0,1.2,0.0,0.0,7.7243,7.7243,3.9792,7.9161,0.0,5.8046,2.1115,2.6425358164340174,33.009,0.14,32.71,0.0,66.54,0.667
2023-10-03,276,10,2023,0.0,telemetry,32.6,17.2,telemetry,Moga,0,5.244,0.0,1.189,0.0,0.0,6.8558,6.8558,3.5318,7.0476,0.0,5.8079,1.2397,2.6469822271605468,33.014,0.14,32.67,0.0,66.54,0.592
2023-10-04,277,10,2023,0.0,telemetry,33.7,18.7,telemetry,Moga,0,5.297,0.0,1.175,0.0,0.0,6.843,6.843,3.5252,7.0348,0.0,5.8122,1.2226,2.651367619133058,33.018,0.14,32.67,0.0,66.54,0.591
2023-10-05,278,10,2023,0.0,telemetry,33.7,17.6,telemetry,Moga,0,5.383,0.0,1.161,0.0,0.0,6.8697,6.8697,3.5389,7.0615,0.0,5.8171,1.2444,2.6558310996159564,33.022,0.07,32.65,0.0,66.55,0.594
2023-10-06,279,10,2023,0.07,telemetry,34.1,18.3,telemetry,Moga,0,5.363,0.0,1.147,0.0,0.0,6.6842,6.6842,3.4434,6.876,0.0125,5.8227,1.0533,2.6596092315810616,33.026,0.14,32.62,0.0,66.61,0.577
2023-10-07,280,10,2023,0.0,telemetry,34.1,20.1,telemetry,Moga,0,5.116,0.0,1.133,0.0,0.0,6.3704,6.3704,3.2817,6.5622,0.0,5.8285,0.7337,2.6622407158584345,33.029,0.07,32.59,0.0,66.61,0.55
2023-10-08,281,10,2023,0.0,telemetry,34.4,21.5,telemetry,Moga,0,4.969,0.0,1.119,0.0,0.0,6.1104,6.1104,3.1478,6.3022,0.0,5.8342,0.468,2.6639192415924198,33.031,0.07,32.59,0.0,66.62,0.528
2023-10-09,282,10,2023,0.0,telemetry,34.1,23.0,telemetry,Moga,0,4.637,0.0,1.105,0.0,0.0,5.6303,5.6303,2.9005,5.8221,0.0,5.8393,-0.0172,2.663857401923105,33.031,0.07,32.64,0.0,66.62,0.486
2023-10-10,283,10,2023,2.27,telemetry,31.9,18.0,telemetry,Moga,0,4.753,0.0,1.09,0.0,0.0,3.2467,3.2467,1.6725,3.4385,0.405,5.8432,-2.4047,2.655232074323587,33.022,2.34,32.64,0.0,68.73,0.28
2023-10-11,284,10,2023,0.0,telemetry,31.5,16.9,telemetry,Moga,0,4.752,0.0,1.076,0.0,0.0,5.6216,5.6216,2.896,5.8134,0.0,5.843,-0.0296,2.655125867218014,33.022,2.34,32.62,0.0,69.44,0.486
2023-10-12,285,10,2023,0.0,telemetry,31.9,17.2,telemetry,Moga,0,4.774,0.0,1.062,0.0,0.0,5.5733,5.5733,2.8711,5.7651,0.0,5.8419,-0.0768,2.654850223410558,33.021,2.34,32.56,0.0,69.44,0.482
2023-10-13,286,10,2023,0.0,telemetry,33.6,18.0,telemetry,Moga,0,5.027,0.0,1.048,0.0,0.0,5.7906,5.7906,2.983,5.9824,0.0,5.84,0.1424,2.655360896102874,33.022,2.27,32.53,0.0,69.44,0.5
2023-10-14,287,10,2023,0.0,telemetry,33.0,19.1,telemetry,Moga,0,4.738,0.0,1.034,0.0,0.0,5.3844,5.3844,2.7738,5.5762,0.0,5.8376,-0.2614,2.6544233528543506,33.021,2.27,32.47,0.0,69.44,0.465
2023-10-15,288,10,2023,2.27,telemetry,28.3,16.9,telemetry,Moga,0,3.925,0.0,1.02,0.0,0.0,1.9494,1.9494,1.0042,2.1412,0.405,5.8341,-3.6929,2.6411776084078027,33.008,4.54,32.44,0.0,53.06,0.168
2023-10-16,289,10,2023,14.0,telemetry,23.3,15.8,telemetry,Moga,0,2.922,0.0,1.006,0.0,0.0,0.0,0.0,0.0,0.1918,2.498,5.8252,-5.6334,2.6209715358095744,32.988,18.54,32.13,0.0,47.49,0.0
2023-10-17,290,10,2023,1.07,telemetry,24.0,14.4,telemetry,Moga,0,3.251,0.0,0.991,0.0,0.0,2.377,2.377,1.2245,2.5688,0.1909,5.8104,-3.2416,2.609344491401955,32.976,17.34,32.03,0.0,26.14,0.205
2023-10-18,291,10,2023,0.0,telemetry,26.5,13.7,telemetry,Moga,0,3.818,0.0,0.977,0.0,0.0,4.101,4.101,2.1126,4.2928,0.0,5.7916,-1.4988,2.6039684357929636,32.971,17.34,31.81,0.0,26.07,0.354
2023-10-19,292,10,2023,0.0,telemetry,26.9,14.0,telemetry,Moga,0,3.84,0.0,0.963,0.0,0.0,4.0651,4.0651,2.0941,4.2569,0.0,5.7715,-1.5146,2.598535904786734,32.965,17.34,31.61,0.0,3.94,0.351
2023-10-20,293,10,2023,0.0,telemetry,27.6,14.4,telemetry,Moga,0,3.911,0.0,0.949,0.0,0.0,4.0801,4.0801,2.1019,4.2719,0.0,5.75,-1.4781,2.5932341739656515,32.96,17.34,31.4,0.0,1.27,0.353
2023-10-21,294,10,2023,0.0,telemetry,29.0,14.4,telemetry,Moga,0,4.157,0.0,0.935,0.0,0.0,4.272,4.272,2.2007,4.4638,0.0,5.7274,-1.2636,2.5887019461738086,32.955,17.34,31.31,0.0,1.2,0.369
2023-10-22,295,10,2023,0.0,telemetry,26.9,16.5,telemetry,Moga,0,3.483,0.0,0.921,0.0,0.0,3.5251,3.5251,1.816,3.7169,0.0,5.7039,-1.987,2.581574765003922,32.948,15.07,31.19,0.0,0.67,0.305
2023-10-23,296,10,2023,1.93,telemetry,28.3,15.5,telemetry,Moga,0,3.855,0.0,0.907,0.0,0.0,1.7533,1.7533,0.9032,1.9451,0.3444,5.6788,-3.7337,2.5681827261364716,32.935,3.0,31.04,0.0,-11.09,0.151
2023-10-24,297,10,2023,0.0,telemetry,28.3,15.5,telemetry,Moga,0,3.827,0.0,0.892,0.0,0.0,3.7545,3.7545,1.9341,3.9463,0.0,5.6499,-1.7036,2.562072281071028,32.929,1.93,30.88,0.0,-11.22,0.324
2023-10-25,298,10,2023,0.0,telemetry,29.4,14.7,telemetry,Moga,0,4.087,0.0,0.878,0.0,0.0,3.9457,3.9457,2.0326,4.1375,0.0,5.6201,-1.4826,2.5567545468879405,32.923,1.93,30.77,0.0,-11.29,0.341
2023-10-26,299,10,2023,1.0,telemetry,30.8,14.4,telemetry,Moga,0,4.345,0.0,0.864,0.0,0.0,3.0365,3.0365,1.5643,3.2283,0.1784,5.5897,-2.3614,2.5482845304451365,32.915,2.93,30.81,0.0,-10.37,0.262
2023-10-27,300,10,2023,0.0,telemetry,30.5,13.7,telemetry,Moga,0,4.311,0.0,0.85,0.0,0.0,4.0282,4.0282,2.0751,4.22,0.0,5.5578,-1.3378,2.5434860563243777,32.91,2.93,30.76,0.0,-10.37,0.348
2023-10-28,301,10,2023,0.0,telemetry,28.7,14.8,telemetry,Moga,0,3.859,0.0,0.0,0.0,0.0,0.0,0.0,0.0,0.1918,0.0,5.5257,-5.3339,2.524354307466864,32.891,2.93,30.62,0.0,-10.44,0.0
2023-10-29,302,10,2023,0.0,telemetry,29.4,15.8,telemetry,Moga,0,3.871,0.0,0.0,0.0,0.0,0.0,0.0,0.0,0.1918,0.0,5.4879,-5.2961,2.505358022989566,32.872,2.93,30.49,0.0,-10.44,0.0
2023-10-30,303,10,2023,0.0,telemetry,29.4,16.5,telemetry,Moga,0,3.775,0.0,0.0,0.0,0.0,0.0,0.0,0.0,0.1918,0.0,5.445,-5.2532,2.486515666791525,32.853,1.0,30.37,0.0,-10.51,0.0
2023-10-31,304,10,2023,0.0,telemetry,29.4,15.4,telemetry,Moga,0,3.852,0.0,0.0,0.0,0.0,0.0,0.0,0.0,0.1918,0.0,5.3974,-5.2056,2.4678439743204548,32.834,1.0,30.26,0.0,-10.51,0.0
2023-11-01,305,11,2023,0.07,telemetry,28.3,16.2,telemetry,Moga,1,3.542,0.4,0.0,1.417,1.5363,0.0,1.5363,0.7914,1.7281,0.0125,5.3456,-3.6175,2.4548684949354094,32.822,1.07,30.12,0.11,-10.44,0.133
2023-11-02,306,11,2023,0.0,telemetry,28.7,15.5,telemetry,Moga,1,3.66,0.4,0.0,1.464,1.6697,0.0,1.6697,0.8601,1.8615,0.0,5.2922,-3.4307,2.4425632882847195,32.809,0.07,29.99,0.229,-10.44,0.144
2023-11-03,307,11,2023,0.0,telemetry,28.0,15.8,telemetry,Moga,1,3.476,0.4,0.0,1.39,1.5859,0.0,1.5859,0.817,1.7777,0.0,5.2374,-3.4597,2.4301539246540766,32.797,0.07,29.8,0.342,-10.44,0.137
2023-11-04,308,11,2023,0.2,telemetry,27.6,16.2,telemetry,Moga,1,3.337,0.4,0.0,1.335,1.2945,0.0,1.2945,0.6669,1.4863,0.0357,5.1814,-3.6951,2.4169001564063564,32.784,0.27,29.6,0.435,-10.26,0.112
2023-11-05,309,11,2023,0.0,telemetry,28.7,13.3,telemetry,Moga,1,3.764,0.4,0.0,1.506,1.7171,0.0,1.7171,0.8846,1.9089,0.0,5.124,-3.2151,2.4053680388773793,32.772,0.27,29.42,0.557,-10.33,0.148
2023-11-06,310,11,2023,0.0,telemetry,28.3,12.6,telemetry,Moga,1,3.721,0.4,0.0,1.488,1.6974,0.0,1.6974,0.8744,1.8892,0.0,5.066,-3.1768,2.393973494248922,32.761,0.27,29.22,0.679,-10.33,0.147
2023-11-07,311,11,2023,0.0,telemetry,28.0,13.0,telemetry,Moga,1,3.616,0.4,0.0,1.447,1.6499,0.0,1.6499,0.8499,1.8417,0.0,5.0074,-3.1657,2.3826187823733944,32.749,0.27,29.01,0.796,-10.33,0.143
2023-11-08,312,11,2023,0.0,telemetry,27.6,14.4,telemetry,Moga,1,3.414,0.4,0.0,1.365,1.5573,0.0,1.5573,0.8022,1.7491,0.0,4.9483,-3.1992,2.37114389314117,32.738,0.2,28.79,0.908,-10.33,0.135
2023-11-09,313,11,2023,0.0,telemetry,26.5,14.8,telemetry,Moga,1,3.163,0.4,0.0,1.265,1.4432,0.0,1.4432,0.7435,1.635,0.0,4.8887,-3.2537,2.35947345138222,32.726,0.2,28.61,1.011,-12.6,0.125
2023-11-10,314,11,2023,5.6,telemetry,19.4,13.0,telemetry,Moga,1,2.055,0.4,0.0,0.822,0.0,0.0,0.0,0.0,0.1918,0.9992,4.8286,-4.6368,2.342842070741375,32.709,5.8,28.21,1.011,-7.47,0.0
2023-11-11,315,11,2023,0.07,telemetry,23.3,10.1,telemetry,Moga,1,2.975,0.4,0.0,1.19,1.2776,0.0,1.2776,0.6582,1.4694,0.0125,4.7669,-3.2975,2.331014430457251,32.698,5.67,27.92,1.102,-7.4,0.11
2023-11-12,316,11,2023,0.07,telemetry,24.8,11.5,telemetry,Moga,1,3.092,0.4,0.0,1.237,1.3308,0.0,1.3308,0.6856,1.5226,0.0125,4.7049,-3.1823,2.319600103682947,32.686,5.74,27.63,1.197,-7.34,0.115
2023-11-13,317,11,2023,0.0,telemetry,24.4,9.4,telemetry,Moga,1,3.149,0.4,0.0,1.26,1.4367,0.0,1.4367,0.7401,1.6285,0.0,4.6427,-3.0142,2.308788694159558,32.675,5.74,27.34,1.3,-7.34,0.124
2023-11-14,318,11,2023,0.0,telemetry,25.5,10.8,telemetry,Moga,1,3.21,0.4,0.0,1.284,1.4642,0.0,1.4642,0.7543,1.656,0.0,4.5806,-2.9246,2.2982987105524084,32.665,5.74,27.25,1.404,-9.6,0.127
2023-11-15,319,11,2023,0.0,telemetry,25.8,10.4,telemetry,Moga,1,3.26,0.4,0.0,1.304,1.4873,0.0,1.4873,0.7662,1.6791,0.0,4.5186,-2.8395,2.288113776075329,32.655,5.74,27.33,1.401,-23.6,0.128
2023-11-16,320,11,2023,0.0,telemetry,25.1,11.2,telemetry,Moga,1,3.083,0.4,0.0,1.233,1.4064,0.0,1.4064,0.7245,1.5982,0.0,4.457,-2.8588,2.2778596297291105,32.645,5.74,27.37,1.382,-24.67,0.122
2023-11-17,321,11,2023,0.0,telemetry,26.5,11.5,telemetry,Moga,1,3.259,0.4,0.0,1.303,1.4866,0.0,1.4866,0.7658,1.6784,0.0,4.3957,-2.7173,2.2681132476419914,32.635,0.14,27.37,1.375,-24.67,0.128
2023-11-18,322,11,2023,0.0,telemetry,26.2,10.4,telemetry,Moga,1,3.262,0.4,0.0,1.305,1.488,0.0,1.488,0.7665,1.6798,0.0,4.3346,-2.6548,2.2585910108496283,32.625,0.07,27.35,1.389,-24.67,0.129
2023-11-19,323,11,2023,0.0,telemetry,24.4,11.2,telemetry,Moga,1,2.923,0.4,0.0,1.169,1.3335,0.0,1.3335,0.687,1.5253,0.0,4.2741,-2.7488,2.2487316924892014,32.615,0.0,27.24,1.361,-24.67,0.115
2023-11-20,324,11,2023,0.07,telemetry,24.0,11.5,telemetry,Moga,1,2.824,0.4,0.0,1.13,1.2088,0.0,1.2088,0.6227,1.4006,0.0125,4.214,-2.8134,2.238640527333885,32.605,0.07,27.07,1.326,-24.61,0.104
2023-11-21,325,11,2023,0.0,telemetry,24.4,10.5,telemetry,Moga,1,2.937,0.4,0.0,1.175,1.3399,0.0,1.3399,0.6903,1.5317,0.0,4.1542,-2.6225,2.2292341867103413,32.596,0.07,26.99,1.304,-24.61,0.116
2023-11-22,326,11,2023,0.0,telemetry,24.0,8.7,telemetry,Moga,1,2.969,0.417,0.0,1.237,1.4111,0.0,1.4111,0.7269,1.6029,0.0,4.0948,-2.4919,2.2202961201197113,32.587,0.07,26.85,1.294,-26.54,0.122
2023-11-23,327,11,2023,0.0,telemetry,24.0,8.3,telemetry,Moga,1,2.975,0.433,0.0,1.289,1.4702,0.0,1.4702,0.7574,1.662,0.0,4.0361,-2.3741,2.2117807040979702,32.578,0.07,26.7,1.296,-26.54,0.127
2023-11-24,328,11,2023,0.0,telemetry,24.0,8.6,telemetry,Moga,1,2.944,0.45,0.0,1.325,1.511,0.0,1.511,0.7784,1.7028,0.0,3.9781,-2.2753,2.203619654604763,32.57,0.07,26.52,1.404,-26.54,0.131
2023-11-25,329,11,2023,0.0,telemetry,23.0,9.0,telemetry,Moga,1,2.769,0.467,0.0,1.292,1.4736,0.0,1.4736,0.7591,1.6654,0.0,3.9209,-2.2555,2.1955295459474815,32.562,0.07,26.26,1.418,-27.54,0.127
2023-11-26,330,11,2023,0.0,telemetry,22.3,10.1,telemetry,Moga,1,2.587,0.483,0.0,1.251,1.4264,0.0,1.4264,0.7348,1.6182,0.0,3.8645,-2.2463,2.187472410710163,32.554,0.07,25.99,1.425,-27.54,0.123
2023-11-27,331,11,2023,0.0,telemetry,19.4,11.9,telemetry,Moga,1,1.987,0.5,0.0,0.993,1.133,0.0,1.133,0.5837,1.3248,0.0,3.8089,-2.4841,2.178562523394949,32.545,0.0,25.68,1.403,-27.54,0.098
2023-11-28,332,11,2023,0.73,telemetry,22.6,11.5,telemetry,Moga,1,2.507,0.517,0.0,1.295,0.6495,0.0,0.6495,0.3346,0.8413,0.1303,3.7536,-2.9123,2.168116745653746,32.535,0.73,25.45,1.345,-26.84,0.056
2023-11-29,333,11,2023,0.2,telemetry,22.6,11.2,telemetry,Moga,1,2.519,0.533,0.0,1.343,1.3044,0.0,1.3044,0.672,1.4962,0.0357,3.6981,-2.2019,2.1602188496823236,32.527,0.93,25.23,1.332,-26.66,0.113
2023-11-30,334,11,2023,8.4,telemetry,19.1,11.5,telemetry,Moga,1,1.954,0.55,0.0,1.074,0.0,0.0,0.0,0.0,0.1918,1.4988,3.6435,-3.4517,2.14783840212591,32.514,9.33,24.88,1.231,-18.96,0.0
2023-12-01,335,12,2023,0.0,telemetry,22.3,9.4,telemetry,Moga,1,2.577,0.567,0.0,1.46,1.6657,0.0,1.6657,0.8581,1.8575,0.0,3.5889,-1.7314,2.1416280416313516,32.508,9.33,24.68,1.244,-19.03,0.144
2023-12-02,336,12,2023,0.2,telemetry,22.6,9.0,telemetry,Moga,1,2.632,0.583,0.0,1.536,1.5236,0.0,1.5236,0.7849,1.7154,0.0357,3.5358,-1.8204,2.135098596589133,32.502,9.53,24.48,1.246,-18.85,0.132
2023-12-03,337,12,2023,0.0,telemetry,22.2,8.6,telemetry,Moga,1,2.592,0.6,0.0,1.555,1.7736,0.0,1.7736,0.9137,1.9654,0.0,3.4838,-1.5184,2.129652264644108,32.496,9.53,24.29,1.278,-18.85,0.153
2023-12-04,338,12,2023,0.07,telemetry,21.2,8.0,telemetry,Moga,1,2.483,0.617,0.0,1.531,1.6668,0.0,1.6668,0.8587,1.8586,0.0125,3.4333,-1.5747,2.1240040097626736,32.491,9.6,24.07,1.311,-18.98,0.144
2023-12-05,339,12,2023,0.07,telemetry,21.6,8.3,telemetry,Moga,1,2.512,0.633,0.0,1.591,1.7344,0.0,1.7344,0.8935,1.9262,0.0125,3.3841,-1.4579,2.1187748182616954,32.485,8.94,23.84,1.339,-18.92,0.15
2023-12-06,340,12,2023,0.07,telemetry,22.3,7.6,telemetry,Moga,1,2.632,0.65,0.0,1.711,1.8717,0.0,1.8717,0.9642,2.0635,0.0125,3.3362,-1.2727,2.1142098433089873,32.481,8.81,23.64,1.372,-18.85,0.162
2023-12-07,341,12,2023,0.0,telemetry,22.6,6.9,telemetry,Moga,1,2.696,0.667,0.0,1.797,2.05,0.0,2.05,1.0561,2.2418,0.0,3.2898,-1.048,2.110450804731737,32.477,0.41,23.46,1.413,-18.85,0.177
2023-12-08,342,12,2023,0.13,telemetry,21.9,6.5,telemetry,Moga,1,2.618,0.683,0.0,1.789,1.8924,0.0,1.8924,0.9749,2.0842,0.0232,3.2451,-1.1609,2.106286904209851,32.473,0.54,23.27,1.44,-18.73,0.163
2023-12-09,343,12,2023,0.0,telemetry,21.9,6.1,telemetry,Moga,1,2.629,0.7,0.0,1.84,2.0989,0.0,2.0989,1.0813,2.2907,0.0,3.2018,-0.9111,2.1030190910175253,32.47,0.34,23.11,1.485,-18.73,0.181
2023-12-10,344,12,2023,0.13,telemetry,20.5,6.5,telemetry,Moga,1,2.43,0.717,0.0,1.742,1.8384,0.0,1.8384,0.9471,2.0302,0.0232,3.16,-1.1298,2.0989665440341425,32.466,0.47,23.15,1.514,-24.2,0.159
2023-12-11,345,12,2023,0.13,telemetry,20.8,5.1,telemetry,Moga,1,2.523,0.733,0.0,1.85,1.9624,0.0,1.9624,1.0109,2.1542,0.0232,3.1195,-0.9653,2.0955041001765595,32.462,0.53,23.07,1.574,-24.15,0.17
2023-12-12,346,12,2023,0.13,telemetry,19.1,5.8,telemetry,Moga,1,2.281,0.75,0.0,1.71,1.8027,0.0,1.8027,0.9287,1.9945,0.0232,3.0803,-1.0858,2.0916094164819303,32.458,0.59,22.88,1.656,-24.09,0.156
2023-12-13,347,12,2023,0.0,telemetry,20.1,4.7,telemetry,Moga,1,2.446,0.767,0.0,1.875,2.1388,0.0,2.1388,1.1018,2.3306,0.0,3.0422,-0.7116,2.089057051324466,32.456,0.52,22.73,1.716,-24.09,0.185
2023-12-14,348,12,2023,0.07,telemetry,22.1,12.9,generated,Moga,1,2.207,0.783,0.0,1.729,1.8917,0.0,1.8917,0.9745,2.0835,0.0125,3.0055,-0.922,2.085749912649766,32.452,0.59,22.62,1.851,-24.02,0.163
2023-12-15,349,12,2023,0.13,telemetry,25.0,20.0,generated,Moga,1,1.855,0.8,0.0,1.484,1.5444,0.0,1.5444,0.7956,1.7362,0.0232,2.9699,-1.2337,2.0813247710273535,32.448,0.59,22.59,1.842,-23.89,0.133
2023-12-16,350,12,2023,0.07,telemetry,25.4,3.4,generated,Moga,1,3.106,0.817,0.0,2.537,2.8132,0.0,2.8132,1.4492,3.005,0.0125,2.9349,0.0701,2.081576268984489,32.448,0.66,22.6,1.934,-23.82,0.243
2023-12-17,351,12,2023,0.0,telemetry,27.5,15.8,generated,Moga,1,2.773,0.833,0.0,2.311,2.6355,0.0,2.6355,1.3577,2.8273,0.0,2.9021,-0.0748,2.0813078268245087,32.448,0.53,22.64,1.996,-23.82,0.228
2023-12-18,352,12,2023,0.13,telemetry,26.0,16.6,generated,Moga,1,2.462,0.85,0.0,2.093,2.2387,0.0,2.2387,1.1533,2.4305,0.0232,2.8713,-0.4408,2.0797267549471052,32.446,0.53,22.63,2.037,-23.69,0.193
2023-12-19,353,12,2023,1.07,telemetry,25.6,3.6,generated,Moga,1,3.12,0.867,0.0,2.704,1.8742,0.0,1.8742,0.9655,2.066,0.1909,2.8417,-0.7757,2.0769443901110924,32.444,1.47,22.67,2.047,-22.7,0.162
2023-12-20,354,12,2023,0.07,telemetry,24.9,12.1,generated,Moga,1,2.666,0.883,0.0,2.355,2.6062,0.0,2.6062,1.3426,2.798,0.0125,2.813,-0.015,2.076890706868409,32.444,1.54,22.7,2.099,-22.71,0.225
2023-12-21,355,12,2023,0.0,telemetry,22.8,4.1,generated,Moga,1,2.774,0.9,0.0,2.497,2.8479,0.0,2.8479,1.4671,3.0397,0.0,2.7859,0.2538,2.077801102794069,32.444,1.47,22.65,2.156,-22.7,0.246
2023-12-22,356,12,2023,0.07,telemetry,23.0,1.0,generated,Moga,1,2.871,0.917,0.0,2.631,2.9214,0.0,2.9214,1.505,3.1132,0.0125,2.7607,0.3525,2.0790654866616496,32.446,1.41,22.61,2.23,-22.64,0.252
2023-12-23,357,12,2023,0.0,telemetry,22.1,6.0,generated,Moga,1,2.626,0.933,0.0,2.451,2.7954,0.0,2.7954,1.4401,2.9872,0.0,2.7374,0.2498,2.0799615566431044,32.447,1.34,22.55,2.279,-22.64,0.242
2023-12-24,358,12,2023,0.13,telemetry,23.1,2.2,generated,Moga,1,2.863,0.95,0.0,2.719,2.9535,0.0,2.9535,1.5215,3.1453,0.0232,2.7156,0.4297,2.0815027007063076,32.448,1.47,22.52,2.359,-22.52,0.255
2023-12-25,359,12,2023,0.07,telemetry,23.7,18.2,generated,Moga,1,1.871,0.967,0.0,1.808,1.9825,0.0,1.9825,1.0213,2.1743,0.0125,2.6956,-0.5213,2.0796329371224527,32.446,1.41,22.54,2.36,-22.45,0.171
2023-12-26,360,12,2023,0.13,telemetry,27.4,16.1,generated,Moga,1,2.74,0.983,0.0,2.694,2.9246,0.0,2.9246,1.5066,3.1164,0.0232,2.6758,0.4406,2.081213337401049,32.448,0.47,22.71,2.441,-22.32,0.253
2023-12-27,361,12,2023,0.2,telemetry,24.3,7.3,generated,Moga,1,2.859,1.0,0.0,2.859,3.0329,0.0,3.0329,1.5624,3.2247,0.0357,2.6575,0.5672,2.083247645174687,32.45,0.6,22.88,2.504,-22.13,0.262
2023-12-28,362,12,2023,0.13,telemetry,23.8,16.4,generated,Moga,1,2.131,1.017,0.0,2.167,2.3229,0.0,2.3229,1.1966,2.5147,0.0232,2.6409,-0.1262,2.082795010883989,32.449,0.73,22.92,2.535,-22.73,0.201
2023-12-29,363,12,2023,0.0,telemetry,19.2,5.4,generated,Moga,1,2.315,1.033,0.0,2.393,2.7288,0.0,2.7288,1.4057,2.9206,0.0,2.6248,0.2958,2.083856145878201,32.45,0.66,22.8,2.62,-22.91,0.236
2023-12-30,364,12,2023,0.0,telemetry,18.5,2.8,generated,Moga,1,2.339,1.05,0.0,2.456,2.8011,0.0,2.8011,1.443,2.9929,0.0,2.6096,0.3833,2.0852308138091677,32.452,0.66,22.78,2.619,-31.31,0.242
2023-12-31,365,12,2023,0.0,telemetry,18.4,1.8,generated,Moga,1,2.364,1.067,0.0,2.521,2.8758,0.0,2.8758,1.4815,3.0676,0.0,2.5956,0.472,2.086923836487894,32.454,0.53,22.65,2.636,-31.29,0.248
2024-01-01,1,1,2024,0.07,telemetry,15.0,-1.0,generated,Moga,1,2.068,1.083,0.0,2.24,2.4753,0.0,2.4753,1.2752,2.6671,0.0125,2.5826,0.0845,2.087226861470539,32.454,0.53,22.4,2.653,-31.41,0.214
2024-01-02,2,1,2024,0.0,telemetry,18.4,14.0,generated,Moga,1,1.491,1.1,0.0,1.64,1.8702,0.0,1.8702,0.9634,2.062,0.0,2.5701,-0.5081,2.085404337272678,32.452,0.4,22.27,2.653,-31.4,0.162
2024-01-03,3,1,2024,0.0,telemetry,21.8,5.0,generated,Moga,1,2.68,1.117,0.0,2.993,3.4139,0.0,3.4139,1.7587,3.6057,0.0,2.5572,1.0485,2.089165040723085,32.456,0.2,22.29,2.71,-31.44,0.295
2024-01-04,4,1,2024,0.07,telemetry,24.5,6.3,generated,Moga,1,2.978,1.133,0.0,3.375,3.7693,0.0,3.7693,1.9418,3.9611,0.0125,2.5461,1.415,2.094240402304662,32.461,0.14,22.39,2.776,-31.45,0.326
2024-01-05,5,1,2024,0.0,telemetry,28.4,6.4,generated,Moga,1,3.482,1.15,0.0,4.005,4.5675,0.0,4.5675,2.353,4.7593,0.0,2.5371,2.2222,2.102211015515556,32.469,0.14,22.59,2.894,-31.52,0.395
2024-01-06,6,1,2024,0.07,telemetry,24.9,5.7,generated,Moga,1,3.07,1.15,0.0,3.53,3.9464,0.0,3.9464,2.033,4.1382,0.0125,2.5312,1.607,2.107975169253254,32.475,0.21,22.67,2.976,-31.46,0.341
2024-01-07,7,1,2024,0.0,telemetry,22.2,5.5,generated,Moga,1,2.747,1.15,0.0,3.159,3.6034,0.0,3.6034,1.8563,3.7952,0.0,2.5272,1.268,2.1125233426706465,32.479,0.21,22.68,3.022,-31.58,0.311
2024-01-08,8,1,2024,0.0,telemetry,23.5,1.5,generated,Moga,1,3.03,1.15,0.0,3.485,3.9745,0.0,3.9745,2.0475,4.1663,0.0,2.5245,1.6418,2.118412175610778,32.485,0.14,22.73,3.165,-31.57,0.343
2024-01-09,9,1,2024,0.0,telemetry,27.4,11.3,generated,Moga,1,3.191,1.15,0.0,3.67,4.1852,0.0,4.1852,2.156,4.377,0.0,2.5235,1.8535,2.12506021097288,32.492,0.14,22.96,3.255,-31.68,0.362
2024-01-10,10,1,2024,0.0,telemetry,23.5,17.3,generated,Moga,1,2.045,1.15,0.0,2.351,2.6817,0.0,2.6817,1.3815,2.8735,0.0,2.5244,0.3491,2.1263122844083635,32.493,0.14,23.05,3.23,-31.81,0.232
2024-01-11,11,1,2024,0.0,telemetry,32.3,12.6,generated,Moga,1,3.857,1.15,0.0,4.435,5.0585,0.0,5.0585,2.6059,5.2503,0.0,2.5249,2.7254,2.1360876768467425,32.503,0.07,23.49,3.425,-31.94,0.437
2024-01-12,12,1,2024,0.13,telemetry,25.4,9.8,generated,Moga,1,3.032,1.15,0.0,3.487,3.8287,0.0,3.8287,1.9724,4.0205,0.0232,2.5284,1.4921,2.141439727194947,32.508,0.2,23.67,3.504,-31.82,0.331
2024-01-13,13,1,2024,0.6,telemetry,26.1,6.4,generated,Moga,1,3.293,1.15,0.0,3.786,3.6376,0.0,3.6376,1.8739,3.8294,0.1071,2.5328,1.2966,2.1460905280040685,32.513,0.73,23.8,3.563,-31.33,0.314
2024-01-14,14,1,2024,0.4,telemetry,28.3,7.3,generated,Moga,1,3.571,1.15,0.0,4.107,4.2295,0.0,4.2295,2.1788,4.4213,0.0714,2.5379,1.8834,2.1528460690208604,32.519,1.13,23.91,3.66,-31.09,0.365
2024-01-15,15,1,2024,1.27,telemetry,26.2,4.2,generated,Moga,1,3.405,1.15,0.0,3.916,3.0327,0.0,3.0327,1.5623,3.2245,0.2266,2.5444,0.6801,2.15528555646629,32.522,2.4,23.94,3.7,-30.0,0.262
2024-01-16,16,1,2024,0.13,telemetry,29.5,11.9,generated,Moga,1,3.572,1.15,0.0,4.107,4.5366,0.0,4.5366,2.337,4.7284,0.0232,2.5506,2.1778,2.16309679131122,32.53,2.53,24.01,3.89,-29.88,0.392
2024-01-17,17,1,2024,0.07,telemetry,30.9,21.7,generated,Moga,1,2.974,1.15,0.0,3.42,3.8204,0.0,3.8204,1.9681,4.0122,0.0125,2.5586,1.4536,2.16831069365816,32.535,2.6,24.17,3.919,-29.95,0.33
2024-01-18,18,1,2024,0.07,telemetry,33.1,21.4,generated,Moga,1,3.444,1.15,0.0,3.961,4.4376,0.0,4.4376,2.286,4.6294,0.0125,2.567,2.0624,2.1757080692478863,32.542,2.67,24.42,3.967,-30.95,0.383
2024-01-19,19,1,2024,0.13,telemetry,32.0,10.0,generated,Moga,1,4.09,1.15,0.0,4.704,5.2166,0.0,5.2166,2.6873,5.4084,0.0232,2.5768,2.8316,2.185864596666458,32.553,2.67,24.66,4.014,-30.9,0.451
2024-01-20,20,1,2024,0.0,telemetry,30.0,22.5,generated,Moga,1,2.727,1.15,0.0,3.136,3.5764,0.0,3.5764,1.8424,3.7682,0.0,2.5888,1.1794,2.190094976781215,32.557,2.07,24.9,3.987,-30.86,0.309
2024-01-21,21,1,2024,0.0,telemetry,29.6,10.7,generated,Moga,1,3.751,1.15,0.0,4.313,4.9197,0.0,4.9197,2.5344,5.1115,0.0,2.6005,2.511,2.199101325447587,32.566,1.67,25.12,4.081,-30.93,0.425
2024-01-22,22,1,2024,0.0,telemetry,29.5,12.0,generated,Moga,1,3.688,1.15,0.0,4.241,4.8374,0.0,4.8374,2.492,5.0292,0.0,2.6139,2.4153,2.2077645253859086,32.574,0.4,25.36,4.143,-30.92,0.418
2024-01-23,23,1,2024,0.07,telemetry,27.2,13.4,generated,Moga,1,3.256,1.15,0.0,3.745,4.1915,0.0,4.1915,2.1593,4.3833,0.0125,2.6286,1.7547,2.2140582840508816,32.581,0.34,25.5,4.143,-30.99,0.362
2024-01-24,24,1,2024,0.13,telemetry,23.8,5.0,generated,Moga,1,3.232,1.15,0.0,3.717,4.0913,0.0,4.0913,2.1076,4.2831,0.0232,2.6436,1.6395,2.2199388205898734,32.587,0.4,25.5,4.244,-30.23,0.353
2024-01-25,25,1,2024,0.0,telemetry,26.2,6.9,generated,Moga,1,3.516,1.15,0.0,4.043,4.611,0.0,4.611,2.3754,4.8028,0.0,2.6587,2.1441,2.227629163786069,32.594,0.33,25.46,4.212,-29.84,0.398
2024-01-26,26,1,2024,0.07,telemetry,31.3,14.3,generated,Moga,1,3.925,1.15,0.0,4.513,5.0678,0.0,5.0678,2.6107,5.2596,0.0125,2.6746,2.585,2.2369009167581857,32.604,0.27,25.7,4.3,-29.97,0.438
2024-01-27,27,1,2024,0.13,telemetry,28.3,16.9,generated,Moga,1,3.219,1.15,0.0,3.702,4.0737,0.0,4.0737,2.0986,4.2655,0.0232,2.6919,1.5736,2.24254524274836,32.609,0.4,25.85,4.332,-29.98,0.352
2024-01-28,28,1,2024,0.0,telemetry,32.0,15.4,generated,Moga,1,4.016,1.15,0.0,4.619,5.2676,0.0,5.2676,2.7136,5.4594,0.0,2.7089,2.7505,2.2524107630988097,32.619,0.4,26.27,4.406,-29.98,0.455
2024-01-29,29,1,2024,0.0,telemetry,30.6,13.3,generated,Moga,1,3.953,1.15,0.0,4.546,5.1851,0.0,5.1851,2.6711,5.3769,0.0,2.7274,2.6495,2.2619141768855044,32.629,0.4,26.68,4.559,-29.97,0.448
2024-01-30,30,1,2024,0.13,telemetry,32.8,13.8,generated,Moga,1,4.313,1.15,0.0,4.959,5.5083,0.0,5.5083,2.8376,5.7001,0.0232,2.747,2.9531,2.2725065345352444,32.639,0.46,27.16,4.629,-29.59,0.476
2024-01-31,31,1,2024,1.07,telemetry,26.1,19.2,generated,Moga,1,2.575,1.15,0.0,2.962,2.1678,0.0,2.1678,1.1167,2.3596,0.1909,2.768,-0.4084,2.2710415095201086,32.638,1.4,27.53,4.511,-28.66,0.187
2024-02-01,32,2,2024,1.4,telemetry,26.9,13.1,generated,Moga,1,3.427,1.15,0.0,3.941,2.9159,0.0,2.9159,1.5021,3.1077,0.2498,2.786,0.3217,2.2721954342222292,32.639,2.8,27.81,4.402,-27.37,0.252
2024-02-02,33,2,2024,0.27,telemetry,35.5,0.0,telemetry,Moga,1,5.205,1.15,0.0,5.986,6.52,0.0,6.52,3.3588,6.7118,0.0482,2.8021,3.9097,2.286218847280264,32.653,3.0,28.27,4.495,-27.11,0.563
2024-02-03,34,2,2024,0.07,telemetry,29.5,18.5,generated,Moga,1,3.431,1.15,0.0,3.946,4.4202,0.0,4.4202,2.2771,4.612,0.0125,2.8213,1.7907,2.292641845213079,32.659,2.94,28.43,4.556,-27.11,0.382
2024-02-04,35,2,2024,2.53,telemetry,31.0,0.0,telemetry,Moga,1,4.621,1.15,0.0,5.314,3.2338,0.0,3.2338,1.6659,3.4256,0.4514,2.8403,0.5853,2.2947410724300537,32.661,5.47,28.52,4.435,-24.79,0.279
2024-02-05,36,2,2024,0.13,telemetry,31.0,0.0,telemetry,Moga,1,4.654,1.15,0.0,5.352,5.9562,0.0,5.9562,3.0683,6.148,0.0232,2.858,3.29,2.3065418245905605,32.673,5.6,28.72,4.515,-24.74,0.515
2024-02-06,37,2,2024,0.13,telemetry,22.5,0.5,generated,Moga,1,3.475,1.15,0.0,3.996,4.4092,0.0,4.4092,2.2714,4.601,0.0232,2.8777,1.7233,2.312723136134554,32.679,5.6,28.73,4.531,-24.61,0.381
2024-02-07,38,2,2024,0.0,telemetry,26.1,7.8,generated,Moga,1,3.786,1.15,0.0,4.353,4.9653,0.0,4.9653,2.5579,5.1571,0.0,2.8971,2.26,2.320829414710982,32.687,4.53,28.82,4.593,-24.61,0.429
2024-02-08,39,2,2024,0.07,telemetry,24.0,4.0,generated,Moga,1,3.648,1.15,0.0,4.195,4.705,0.0,4.705,2.4238,4.8968,0.0125,2.917,1.9798,2.3279307320406404,32.695,3.2,28.71,4.6,-24.55,0.406
2024-02-09,40,2,2024,0.0,telemetry,22.0,6.2,generated,Moga,1,3.276,1.15,0.0,3.768,4.2974,0.0,4.2974,2.2138,4.4892,0.0,2.9369,1.5523,2.3334986233164465,32.7,2.93,28.66,4.545,-24.54,0.371
2024-02-10,41,2,2024,0.0,telemetry,22.7,3.3,generated,Moga,1,3.531,1.15,0.0,4.061,4.6316,0.0,4.6316,2.386,4.8234,0.0,2.9562,1.8672,2.34019585579256,32.707,2.86,28.34,4.585,-24.53,0.4
2024-02-11,42,2,2024,0.0,telemetry,20.4,1.2,generated,Moga,1,3.286,1.15,0.0,3.779,4.3101,0.0,4.3101,2.2204,4.5019,0.0,2.9755,1.5264,2.345670933518157,32.712,0.33,28.17,4.516,-24.66,0.372
2024-02-12,43,2,2024,0.13,telemetry,17.4,-1.0,generated,Moga,1,2.946,1.15,0.0,3.388,3.7161,0.0,3.7161,1.9144,3.9079,0.0232,2.9941,0.9138,2.348948517738883,32.716,0.33,27.88,4.411,-25.13,0.321
2024-02-13,44,2,2024,0.0,telemetry,18.6,-1.0,generated,Moga,1,3.134,1.15,0.0,3.604,4.1106,0.0,4.1106,2.1176,4.3024,0.0,3.0114,1.291,2.353579064297751,32.72,0.2,27.56,4.311,-25.52,0.355
2024-02-14,45,2,2024,0.0,telemetry,20.8,6.0,generated,Moga,1,3.218,1.15,0.0,3.701,4.2208,0.0,4.2208,2.1744,4.4126,0.0,3.0279,1.3847,2.3585455626603014,32.725,0.2,27.38,4.458,-26.75,0.365
2024-02-15,46,2,2024,0.0,telemetry,23.8,17.7,generated,Moga,1,2.572,1.15,0.0,2.957,3.3731,0.0,3.3731,1.7377,3.5649,0.0,3.0439,0.521,2.3604142674577266,32.727,0.13,27.19,4.491,-26.88,0.291
2024-02-16,47,2,2024,0.07,telemetry,25.7,7.7,generated,Moga,1,3.983,1.15,0.0,4.58,5.1444,0.0,5.1444,2.6501,5.3362,0.0125,3.0581,2.2781,2.368585241053605,32.735,0.2,27.01,4.392,-26.88,0.444
2024-02-17,48,2,2024,0.0,telemetry,29.6,11.0,generated,Moga,1,4.505,1.15,0.0,5.18,5.9084,0.0,5.9084,3.0437,6.1002,0.0,3.0732,3.027,2.3794424907517024,32.746,0.2,26.9,4.499,-26.95,0.51
2024-02-18,49,2,2024,0.0,telemetry,29.0,22.7,generated,Moga,1,3.026,1.15,0.0,3.48,3.9689,0.0,3.9689,2.0446,4.1607,0.0,3.0901,1.0706,2.3832826907289526,32.75,0.2,26.8,4.551,-27.08,0.343
2024-02-19,50,2,2024,0.0,telemetry,26.5,0.0,telemetry,Moga,1,4.448,1.15,0.0,5.115,5.8335,0.0,5.8335,3.0051,6.0253,0.0,3.1058,2.9195,2.3937542914907115,32.76,0.07,26.68,4.542,-27.07,0.504
2024-02-20,51,2,2024,0.27,telemetry,42.5,0.0,telemetry,Moga,1,7.136,1.15,0.0,8.207,9.0528,0.0,9.0528,4.6636,9.2446,0.0482,3.1232,6.1214,2.415710803321908,32.782,0.34,27.11,4.874,-26.82,0.782
2024-02-21,52,2,2024,0.27,telemetry,18.3,2.8,generated,Moga,1,3.152,1.15,0.0,3.625,3.827,0.0,3.827,1.9715,4.0188,0.0482,3.1463,0.8725,2.4188402165398992,32.785,0.61,26.74,4.793,-26.57,0.331
2024-02-22,53,2,2024,0.0,telemetry,21.9,9.1,generated,Moga,1,3.389,1.15,0.0,3.898,4.4457,0.0,4.4457,2.2902,4.6375,0.0,3.1676,1.4699,2.4241123595145253,32.791,0.61,26.56,4.774,-26.63,0.384
2024-02-23,54,2,2024,0.0,telemetry,22.6,7.9,generated,Moga,1,3.632,1.15,0.0,4.176,4.7634,0.0,4.7634,2.4539,4.9552,0.0,3.188,1.7672,2.430450938860785,32.797,0.54,26.52,4.808,-26.76,0.412
2024-02-24,55,2,2024,0.0,telemetry,18.4,-1.0,generated,Moga,1,3.37,1.15,0.0,3.875,4.42,0.0,4.42,2.277,4.6118,0.0,3.2079,1.4039,2.4354863443303456,32.802,0.54,26.26,4.792,-26.75,0.382
2024-02-25,56,2,2024,0.0,telemetry,21.2,-0.8,generated,Moga,1,3.82,1.15,0.0,4.393,5.0099,0.0,5.0099,2.5809,5.2017,0.0,3.2269,1.9748,2.442569475842311,32.809,0.54,25.92,4.842,-26.82,0.433
2024-02-26,57,2,2024,0.0,telemetry,23.5,3.6,generated,Moga,1,4.097,1.15,0.0,4.712,5.3739,0.0,5.3739,2.7684,5.5657,0.0,3.2459,2.3198,2.450890340956031,32.818,0.54,25.76,4.961,-26.95,0.464
2024-02-27,58,2,2024,0.0,telemetry,22.1,7.6,generated,Moga,1,3.669,1.15,0.0,4.219,4.8122,0.0,4.8122,2.479,5.004,0.0,3.2652,1.7388,2.4571272041144656,32.824,0.27,25.43,5.011,-26.95,0.416
2024-02-28,59,2,2024,0.0,telemetry,26.8,22.8,generated,Moga,1,2.532,1.15,0.0,2.912,3.3216,0.0,3.3216,1.7111,3.5134,0.0,3.284,0.2294,2.4579498664955444,32.825,0.0,25.31,4.947,-26.95,0.287
2024-02-29,60,2,2024,0.0,telemetry,25.9,12.6,generated,Moga,1,4.045,1.15,0.0,4.652,5.3058,0.0,5.3058,2.7333,5.4976,0.0,3.3004,2.1972,2.465830738809841,32.832,0.0,25.08,5.085,-26.96,0.458
2024-03-01,61,3,2024,0.87,telemetry,9.5,0.0,telemetry,Moga,1,2.096,1.15,0.0,2.41,1.7635,0.0,1.7635,0.9085,1.9553,0.1552,3.3172,-1.3619,2.460945795937525,32.828,0.87,24.52,4.843,-27.23,0.152
2024-03-02,62,3,2024,6.67,telemetry,26.5,0.5,telemetry,Moga,1,4.847,1.15,0.0,5.574,0.0,0.0,0.0,0.0,0.1918,1.1901,3.3296,-3.1378,2.449691040566687,32.816,7.54,24.51,4.421,-22.52,0.0
2024-03-03,63,3,2024,3.13,telemetry,43.0,0.0,telemetry,Moga,1,7.882,1.15,0.0,9.064,6.857,0.0,6.857,3.5324,7.0488,0.5585,3.3364,3.7124,2.4630069195816615,32.83,10.67,24.76,4.628,-19.92,0.592
2024-03-04,64,3,2024,0.0,telemetry,30.0,0.0,telemetry,Moga,1,5.533,1.15,0.0,6.363,7.2572,0.0,7.2572,3.7386,7.449,0.0,3.3468,4.1022,2.477720601111708,32.844,10.67,24.78,4.729,-19.99,0.627
2024-03-05,65,3,2024,0.0,telemetry,29.7,9.7,generated,Moga,1,5.201,1.15,0.0,5.981,6.8219,0.0,6.8219,3.5143,7.0137,0.0,3.3609,3.6528,2.490822595191902,32.857,10.67,24.73,4.57,-22.52,0.589
2024-03-06,66,3,2024,0.13,telemetry,27.2,8.9,generated,Moga,1,4.789,1.15,0.0,5.508,6.1335,0.0,6.1335,3.1597,6.3253,0.0232,3.3775,2.9478,2.501395672407995,32.868,10.8,24.61,4.735,-22.53,0.53
2024-03-07,67,3,2024,0.0,telemetry,32.8,18.9,generated,Moga,1,5.117,1.15,0.0,5.885,6.7116,0.0,6.7116,3.4575,6.9034,0.0,3.3956,3.5078,2.513977352851057,32.881,10.8,24.95,4.897,-22.66,0.58
2024-03-08,68,3,2024,0.07,telemetry,28.5,10.0,generated,Moga,1,5.045,1.15,0.0,5.802,6.5372,0.0,6.5372,3.3676,6.729,0.0125,3.4158,3.3132,2.5258611423993327,32.893,10.0,25.03,5.023,-22.6,0.565
2024-03-09,69,3,2024,0.0,telemetry,27.6,15.6,generated,Moga,1,4.35,1.15,0.0,5.003,5.7056,0.0,5.7056,2.9392,5.8974,0.0,3.4376,2.4598,2.5346839482662746,32.901,3.33,25.15,5.115,-22.67,0.493
2024-03-10,70,3,2024,0.0,telemetry,25.8,3.9,generated,Moga,1,4.902,1.15,0.0,5.638,6.4301,0.0,6.4301,3.3125,6.6219,0.0,3.4597,3.1622,2.546026144456425,32.913,0.2,25.28,5.217,-22.67,0.556
2024-03-11,71,3,2024,0.0,telemetry,25.4,14.5,generated,Moga,1,4.025,1.15,0.0,4.629,5.2798,0.0,5.2798,2.7199,5.4716,0.0,3.483,1.9886,2.5531587566234952,32.92,0.2,25.37,5.21,-22.67,0.456
2024-03-12,72,3,2024,0.0,telemetry,25.3,12.9,generated,Moga,1,4.224,1.15,0.0,4.858,5.5407,0.0,5.5407,2.8543,5.7325,0.0,3.5059,2.2266,2.561145283691206,32.928,0.2,25.53,5.262,-22.67,0.479
2024-03-13,73,3,2024,0.0,telemetry,26.3,8.5,generated,Moga,1,4.86,1.15,0.0,5.588,6.3738,0.0,6.3738,3.2835,6.5656,0.0,3.5286,3.037,2.572038602326185,32.939,0.07,25.83,5.48,-22.8,0.551
2024-03-14,74,3,2024,1.0,telemetry,32.4,20.2,generated,Moga,1,5.073,1.15,0.0,5.834,5.5221,0.0,5.5221,2.8447,5.7139,0.1784,3.5522,2.1617,2.5797921465935367,32.946,1.07,26.29,5.495,-21.88,0.477
2024-03-15,75,3,2024,0.07,telemetry,35.2,21.3,generated,Moga,1,5.69,1.15,0.0,6.544,7.3835,0.0,7.3835,3.8036,7.5753,0.0125,3.5757,3.9996,2.5941379542957383,32.961,1.07,26.77,5.897,-21.82,0.638
2024-03-16,76,3,2024,0.0,telemetry,28.7,14.8,telemetry,Moga,1,4.918,1.15,0.0,5.655,6.4502,0.0,6.4502,3.3228,6.642,0.0,3.6014,3.0406,2.605043972759671,32.972,1.07,26.93,6.357,-21.8,0.557
2024-03-17,77,3,2024,0.0,telemetry,27.8,16.2,telemetry,Moga,1,4.549,1.15,0.0,5.231,5.9666,0.0,5.9666,3.0737,6.1584,0.0,3.6278,2.5306,2.614120686470834,32.981,1.07,27.0,6.294,-19.7,0.515
2024-03-18,78,3,2024,0.0,telemetry,27.8,15.5,telemetry,Moga,1,4.672,1.15,0.0,5.372,6.1275,0.0,6.1275,3.1566,6.3193,0.0,3.6542,2.6651,2.6236800555321644,32.99,1.07,26.94,6.213,-19.62,0.529
2024-03-19,79,3,2024,0.0,telemetry,28.8,16.9,telemetry,Moga,1,4.764,1.15,0.0,5.478,6.2481,0.0,6.2481,3.2187,6.4399,0.0,3.6806,2.7593,2.633577186910208,33.0,1.07,26.93,6.172,-19.32,0.54
2024-03-20,80,3,2024,0.0,telemetry,30.0,17.0,telemetry,Moga,1,5.089,1.15,0.0,5.852,6.6748,0.0,6.6748,3.4385,6.8666,0.0,3.7072,3.1594,2.644909216759379,33.012,1.07,27.05,6.211,-19.29,0.577
2024-03-21,81,3,2024,0.0,telemetry,27.0,18.5,telemetry,Moga,1,4.064,1.129,0.0,4.59,5.2346,0.0,5.2346,2.6966,5.4264,0.0,3.7346,1.6918,2.650977248211265,33.018,0.07,26.53,6.105,-19.54,0.452
2024-03-22,82,3,2024,0.0,telemetry,30.2,19.9,telemetry,Moga,1,4.755,1.109,0.0,5.271,6.0123,0.0,6.0123,3.0972,6.2041,0.0,3.7607,2.4434,2.659741341021867,33.026,0.0,26.93,6.068,-19.8,0.519
2024-03-23,83,3,2024,0.07,telemetry,30.3,19.2,telemetry,Moga,1,4.93,1.088,0.0,5.363,6.0372,0.0,6.0372,3.1101,6.229,0.0125,3.7865,2.4425,2.66850212902941,33.035,0.07,27.21,6.092,-19.18,0.522
2024-03-24,84,3,2024,0.0,telemetry,30.0,19.1,telemetry,Moga,1,4.89,1.067,0.0,5.218,5.9518,0.0,5.9518,3.0661,6.1436,0.0,3.8121,2.3315,2.6768647175844245,33.044,0.07,27.46,6.057,-19.15,0.514
2024-03-25,85,3,2024,0.0,telemetry,30.1,19.5,telemetry,Moga,1,4.878,1.046,0.0,5.104,5.8218,0.0,5.8218,2.9991,6.0136,0.0,3.8374,2.1762,2.684670438783601,33.051,0.07,27.85,6.096,-19.13,0.503
2024-03-26,86,3,2024,0.0,telemetry,28.3,18.8,telemetry,Moga,1,4.508,1.026,0.0,4.623,5.2728,0.0,5.2728,2.7163,5.4646,0.0,3.8621,1.6025,2.690418395679275,33.057,0.07,28.08,6.077,-19.11,0.456
2024-03-27,87,3,2024,0.2,telemetry,30.1,26.1,generated,Moga,1,3.265,1.005,0.0,3.28,3.5137,0.0,3.5137,1.8101,3.7055,0.0357,3.8855,-0.18,2.6897728734285695,33.056,0.27,28.3,5.873,-18.92,0.304
2024-03-28,88,3,2024,0.27,telemetry,33.6,14.6,generated,Moga,1,6.53,0.984,0.0,6.426,7.022,0.0,7.022,3.6174,7.2138,0.0482,3.9052,3.3086,2.70164009668346,33.068,0.54,28.69,5.98,-18.66,0.607
2024-03-29,89,3,2024,0.0,telemetry,29.8,7.8,generated,Moga,1,6.17,0.963,0.0,5.944,6.7797,0.0,6.7797,3.4926,6.9715,0.0,3.9265,3.045,2.7125620875262277,33.079,0.54,28.79,5.937,-18.65,0.586
2024-03-30,90,3,2024,0.13,telemetry,32.6,23.8,generated,Moga,1,4.93,0.943,0.0,4.648,5.1525,0.0,5.1525,2.6543,5.3443,0.0232,3.9486,1.3957,2.717568105124656,33.084,0.6,29.01,5.844,-18.52,0.445
2024-03-31,91,3,2024,0.0,telemetry,26.3,16.4,generated,Moga,1,4.473,0.922,0.0,4.124,4.7037,0.0,4.7037,2.4231,4.8955,0.0,3.9694,0.9261,2.7208898727812265,33.088,0.6,29.57,5.754,-18.89,0.406
2024-04-01,92,4,2024,0.0,telemetry,29.3,13.8,generated,Moga,1,5.654,0.901,0.0,5.096,5.8118,0.0,5.8118,2.994,6.0036,0.0,3.9882,2.0154,2.7281187132178553,33.095,0.6,29.66,5.731,-25.54,0.502
2024-04-02,93,4,2024,0.13,telemetry,30.6,11.8,generated,Moga,1,6.202,0.88,0.0,5.461,6.0805,0.0,6.0805,3.1324,6.2723,0.0232,4.0067,2.2656,2.7362449405976887,33.103,0.73,29.25,5.719,-28.55,0.525
2024-04-03,94,4,2024,0.0,telemetry,32.1,18.7,telemetry,Moga,1,5.829,0.86,0.0,5.011,5.7155,0.0,5.7155,2.9443,5.9073,0.0,4.0253,1.882,2.7429953192868446,33.11,0.53,29.32,5.651,-28.54,0.494
2024-04-04,95,4,2024,0.0,telemetry,33.1,21.9,telemetry,Moga,1,5.615,0.839,0.0,4.711,5.3728,0.0,5.3728,2.7678,5.5646,0.0,4.0434,1.5212,2.74845157095951,33.115,0.26,29.43,5.661,-28.53,0.464
2024-04-05,96,4,2024,0.0,telemetry,32.3,21.2,telemetry,Moga,1,5.523,0.818,0.0,4.519,5.1544,0.0,5.1544,2.6553,5.3462,0.0,4.0606,1.2856,2.7530629325452862,33.12,0.26,29.6,5.599,-28.66,0.445
2024-04-06,97,4,2024,0.0,telemetry,32.0,20.5,telemetry,Moga,1,5.584,0.798,0.0,4.454,5.0796,0.0,5.0796,2.6168,5.2714,0.0,4.0765,1.1949,2.75734877157826,33.124,0.13,29.58,5.531,-28.66,0.439
2024-04-07,98,4,2024,0.0,telemetry,31.7,18.3,telemetry,Moga,1,5.883,0.777,0.0,4.57,5.2127,0.0,5.2127,2.6853,5.4045,0.0,4.0912,1.3133,2.7620592013978693,33.129,0.13,29.68,5.478,-28.73,0.45
2024-04-08,99,4,2024,0.0,telemetry,33.6,21.0,telemetry,Moga,1,6.039,0.756,0.0,4.566,5.2073,0.0,5.2073,2.6825,5.3991,0.0,4.105,1.2941,2.7667009376102203,33.133,0.13,29.88,5.434,-28.73,0.45
2024-04-09,100,4,2024,0.0,telemetry,33.7,22.2,telemetry,Moga,1,5.878,0.735,0.0,4.322,4.9297,0.0,4.9297,2.5395,5.1215,0.0,4.1178,1.0037,2.7703009652410557,33.137,0.0,30.15,5.41,-28.73,0.426
2024-04-10,101,4,2024,0.0,telemetry,31.8,12.7,generated,Moga,1,6.66,0.715,0.0,4.759,5.428,0.0,5.428,2.7962,5.6198,0.0,4.1294,1.4904,2.775646788375059,33.142,0.0,30.36,5.546,-28.73,0.469
2024-04-11,102,4,2024,0.0,telemetry,31.8,13.6,generated,Moga,1,6.602,0.694,0.0,4.581,5.2247,0.0,5.2247,2.6915,5.4165,0.0,4.1405,1.276,2.7802236334567403,33.147,0.0,30.58,5.418,-28.73,0.451
2024-04-12,103,4,2024,0.0,telemetry,34.8,22.0,generated,Moga,1,6.342,0.673,0.0,4.269,4.8689,0.0,4.8689,2.5082,5.0607,0.0,4.1508,0.9099,2.783487178703031,33.15,0.0,30.86,5.282,-28.73,0.421
2024-04-13,104,4,2024,1.8,telemetry,32.4,22.6,telemetry,Moga,1,5.463,0.652,0.0,3.564,2.0417,0.0,2.0417,1.0518,2.2335,0.3212,4.16,-1.9265,2.7765772261577006,33.143,1.8,30.86,5.059,-28.08,0.176
2024-04-14,105,4,2024,2.93,telemetry,27.9,22.1,telemetry,Moga,1,3.986,0.632,0.0,2.518,0.0,0.0,0.0,0.0,0.1918,0.5228,4.1644,-3.9726,2.7623282057640774,33.129,4.73,30.62,4.723,-25.46,0.0
2024-04-15,106,4,2024,1.07,telemetry,30.1,20.1,telemetry,Moga,1,5.267,0.611,0.0,3.218,2.4604,0.0,2.4604,1.2675,2.6522,0.1909,4.1618,-1.5096,2.7569133836968303,33.124,5.8,30.66,4.484,-24.48,0.213
2024-04-16,107,4,2024,0.0,telemetry,32.0,18.9,telemetry,Moga,1,6.101,0.59,0.0,3.601,4.1071,0.0,4.1071,2.1158,4.2989,0.0,4.156,0.1429,2.757425891800685,33.124,5.8,30.8,4.343,-24.48,0.355
2024-04-17,108,4,2024,0.0,telemetry,32.3,19.9,telemetry,Moga,1,6.047,0.57,0.0,3.444,3.9281,0.0,3.9281,2.0236,4.1199,0.0,4.1493,-0.0294,2.757320409265278,33.124,5.8,30.95,4.215,-24.48,0.339
2024-04-18,109,4,2024,0.0,telemetry,28.4,22.7,telemetry,Moga,1,4.064,0.549,0.0,2.23,2.5434,0.0,2.5434,1.3102,2.7352,0.0,4.1416,-1.4064,2.752276024576578,33.119,5.8,30.94,4.013,-24.35,0.22
2024-04-19,110,4,2024,1.93,telemetry,30.3,21.3,telemetry,Moga,1,5.154,0.528,0.0,2.721,0.9367,0.0,0.9367,0.4825,1.1285,0.3444,4.131,-3.0025,2.7415066445309044,33.108,7.73,30.95,3.712,-22.55,0.081
2024-04-20,111,4,2024,0.53,telemetry,33.0,21.6,telemetry,Moga,1,6.021,0.507,0.0,3.055,2.8819,0.0,2.8819,1.4846,3.0737,0.0946,4.1159,-1.0422,2.7377684996140688,33.104,6.46,31.15,3.555,-21.9,0.249
2024-04-21,112,4,2024,0.0,telemetry,32.8,21.2,telemetry,Moga,1,6.054,0.487,0.0,2.946,3.3596,0.0,3.3596,1.7307,3.5514,0.0,4.0992,-0.5478,2.735803796957073,33.102,3.53,31.24,3.423,-21.9,0.29
2024-04-22,113,4,2024,0.0,telemetry,31.3,22.6,telemetry,Moga,1,5.254,0.466,0.0,2.448,2.7917,0.0,2.7917,1.4381,2.9835,0.0,4.0815,-1.098,2.73186533818478,33.099,2.46,31.27,3.25,-21.97,0.241
2024-04-23,114,4,2024,2.8,telemetry,30.1,22.8,telemetry,Moga,1,4.775,0.445,0.0,2.125,0.0,0.0,0.0,0.0,0.1918,0.4996,4.0624,-3.8706,2.7179823615084793,33.085,5.26,31.27,2.898,-19.4,0.0
2024-04-24,115,4,2024,0.0,telemetry,33.7,25.1,telemetry,Moga,1,5.546,0.424,0.0,2.354,2.6843,0.0,2.6843,1.3828,2.8761,0.0,4.0383,-1.1622,2.713813648773761,33.08,5.26,31.39,2.702,-19.4,0.232
2024-04-25,116,4,2024,0.0,telemetry,34.8,21.6,telemetry,Moga,1,6.717,0.404,0.0,2.711,3.0922,0.0,3.0922,1.593,3.284,0.0,4.0132,-0.7292,2.7111980791267394,33.078,5.26,31.61,2.55,-19.4,0.267
2024-04-26,117,4,2024,0.07,telemetry,35.4,23.8,telemetry,Moga,1,6.508,0.383,0.0,2.492,2.7624,0.0,2.7624,1.4231,2.9542,0.0125,3.9877,-1.0335,2.7074910849846634,33.074,3.4,31.79,2.399,-19.53,0.239
2024-04-27,118,4,2024,0.0,telemetry,26.3,19.7,telemetry,Moga,1,4.238,0.362,0.0,1.535,1.7506,0.0,1.7506,0.9018,1.9424,0.0,3.9614,-2.019,2.700249202203901,33.067,2.87,31.54,2.378,-19.8,0.151
2024-04-28,119,4,2024,0.0,telemetry,32.7,22.0,telemetry,Moga,1,5.988,0.341,0.0,2.045,2.3322,0.0,2.3322,1.2014,2.524,0.0,3.9331,-1.4091,2.6951950410009706,33.062,2.87,31.64,2.545,-19.8,0.201
2024-04-29,120,4,2024,1.4,telemetry,24.6,18.3,telemetry,Moga,1,4.006,0.321,0.0,1.285,0.0,0.0,0.0,0.0,0.1918,0.2498,3.9037,-3.7119,2.6818810533454687,33.049,4.27,31.37,2.369,-18.65,0.0
2024-04-30,121,4,2024,0.0,telemetry,31.1,19.7,telemetry,Moga,0,5.947,0.0,0.0,0.0,0.0,0.0,0.0,0.0,0.1918,0.0,3.8704,-3.6786,2.6686864311832488,33.035,1.47,31.53,2.076,-18.64,0.0
2024-05-01,122,5,2024,0.0,telemetry,29.1,18.2,telemetry,Moga,0,5.594,0.0,0.0,0.0,0.0,0.0,0.0,0.0,0.1918,0.0,3.8334,-3.6416,2.6556245036751243,33.022,1.47,31.53,1.795,-18.58,0.0
2024-05-02,123,5,2024,0.0,telemetry,32.1,19.2,telemetry,Moga,0,6.396,0.0,0.0,0.0,0.0,0.0,0.0,0.0,0.1918,0.0,3.7931,-3.6013,2.6427072629637114,33.009,1.47,31.58,1.614,-18.66,0.0
2024-05-03,124,5,2024,0.0,telemetry,32.4,20.4,telemetry,Moga,0,6.292,0.0,0.0,0.0,0.0,0.0,0.0,0.0,0.1918,0.0,3.7498,-3.558,2.6299454588149365,32.997,1.4,31.59,1.547,-18.66,0.0
2024-05-04,125,5,2024,0.0,telemetry,32.0,24.6,telemetry,Moga,0,5.166,0.0,0.0,0.0,0.0,0.0,0.0,0.0,0.1918,0.0,3.7038,-3.512,2.6173486809794384,32.984,1.4,31.55,1.341,-18.66,0.0
2024-05-05,126,5,2024,0.0,telemetry,36.4,24.9,telemetry,Moga,0,6.784,0.0,0.0,0.0,0.0,0.0,0.0,0.0,0.1918,0.0,3.6554,-3.4636,2.6049254389662035,32.972,1.4,31.69,1.101,-18.65,0.0
2024-05-06,127,5,2024,0.0,telemetry,37.9,23.2,telemetry,Moga,0,7.672,0.0,0.0,0.0,0.0,0.0,0.0,0.0,0.1918,0.0,3.6049,-3.4131,2.5926832367572503,32.959,0.0,31.88,0.902,-18.65,0.0
2024-05-07,128,5,2024,0.0,telemetry,38.0,26.7,telemetry,Moga,0,6.993,0.0,0.0,0.0,0.0,0.0,0.0,0.0,0.1918,0.0,3.5526,-3.3608,2.580628643828159,32.947,0.0,32.09,0.902,-18.64,0.0
2024-05-08,129,5,2024,0.0,telemetry,36.6,27.3,telemetry,Moga,0,6.307,0.0,0.0,0.0,0.0,0.0,0.0,0.0,0.1918,0.0,3.4987,-3.3069,2.5687673626548,32.935,0.0,32.19,0.71,-18.62,0.0
2024-05-09,130,5,2024,0.0,telemetry,35.7,26.1,telemetry,Moga,0,6.286,0.0,0.0,0.0,0.0,0.0,0.0,0.0,0.1918,0.0,3.4434,-3.2516,2.55710428930663,32.924,0.0,32.26,0.489,-18.61,0.0
2024-05-10,131,5,2024,0.0,telemetry,35.0,26.8,telemetry,Moga,0,5.821,0.0,0.0,0.0,0.0,0.0,0.0,0.0,0.1918,0.0,3.387,-3.1952,2.5456435664415205,32.912,0.0,32.37,0.292,-18.61,0.0
2024-05-11,132,5,2024,0.07,telemetry,33.3,24.9,telemetry,Moga,0,5.685,0.0,0.0,0.0,0.0,0.0,0.0,0.0,0.1918,0.0125,3.3296,-3.1378,2.534388791131303,32.901,0.07,32.42,0.167,-18.54,0.0
2024-05-12,133,5,2024,0.0,telemetry,28.1,23.5,telemetry,Moga,0,3.919,0.0,0.0,0.0,0.0,0.0,0.0,0.0,0.1918,0.0,3.2715,-3.0797,2.5233426059312682,32.89,0.07,32.19,0.0,-18.54,0.0
2024-05-13,134,5,2024,0.0,telemetry,35.9,24.0,telemetry,Moga,0,6.916,0.0,0.0,0.0,0.0,0.0,0.0,0.0,0.1918,0.0,3.2127,-3.0209,2.51250724286914,32.879,0.07,32.31,0.0,-20.34,0.0
2024-05-14,135,5,2024,0.0,telemetry,38.3,25.6,telemetry,Moga,0,7.457,0.0,1.05,0.0,0.0,8.5819,8.5819,4.421,8.7737,0.0,3.1534,5.6203,2.5326660908334713,32.899,0.07,32.66,0.0,-23.27,0.741
2024-05-15,136,5,2024,0.0,telemetry,39.1,25.5,telemetry,Moga,0,7.785,0.0,1.05,0.0,0.0,8.9588,8.9588,4.6151,9.1506,0.0,3.1057,6.0449,2.5543482185127013,32.921,0.07,32.96,0.0,-24.34,0.774
2024-05-16,137,5,2024,0.0,telemetry,40.0,28.4,telemetry,Moga,0,7.475,0.0,1.05,0.0,0.0,8.6021,8.6021,4.4314,8.7939,0.0,3.069,5.7249,2.5748825205498047,32.942,0.07,33.22,0.0,-24.34,0.743
2024-05-17,138,5,2024,0.0,telemetry,40.9,29.3,telemetry,Moga,0,7.616,0.0,1.05,0.0,0.0,8.7652,8.7652,4.5154,8.957,0.0,3.042,5.915,2.5960984741586333,32.963,0.07,33.51,0.0,-24.2,0.757
2024-05-18,139,5,2024,6.33,telemetry,41.6,29.2,telemetry,Moga,0,7.932,0.0,1.05,0.0,0.0,2.5416,2.5416,1.3093,2.7334,1.1295,3.0243,-0.2909,2.5950550955429614,32.962,6.33,33.95,0.0,-18.4,0.22
2024-05-19,140,5,2024,0.0,telemetry,41.2,29.7,telemetry,Moga,0,7.657,0.0,1.05,0.0,0.0,8.8121,8.8121,4.5396,9.0039,0.0,3.0074,5.9965,2.616563520417178,32.983,6.33,34.31,0.0,-20.33,0.761
2024-05-20,141,5,2024,0.0,telemetry,41.3,29.6,telemetry,Moga,0,7.735,0.0,1.05,0.0,0.0,8.9012,8.9012,4.5855,9.093,0.0,2.999,6.094,2.638421606864574,33.005,6.33,34.59,0.0,-20.86,0.769
2024-05-21,142,5,2024,0.0,telemetry,40.2,28.9,telemetry,Moga,0,7.483,0.0,1.05,0.0,0.0,8.6118,8.6118,4.4364,8.8036,0.0,2.9986,5.805,2.6592432254800653,33.026,6.33,34.84,0.0,-20.86,0.744
2024-05-22,143,5,2024,0.0,telemetry,40.1,30.0,telemetry,Moga,0,7.152,0.0,1.05,0.0,0.0,8.2305,8.2305,4.24,8.4223,0.0,3.005,5.4173,2.678674033258785,33.045,6.33,35.13,0.0,-20.8,0.711
2024-05-23,144,5,2024,0.0,telemetry,37.9,29.3,telemetry,Moga,0,6.427,0.0,1.05,0.0,0.0,7.3958,7.3958,3.81,7.5876,0.0,3.0173,4.5703,2.695067036172343,33.062,6.33,35.39,0.0,-21.73,0.639
2024-05-24,145,5,2024,0.0,telemetry,37.6,23.5,telemetry,Moga,0,7.75,0.0,1.05,0.0,0.0,8.9189,8.9189,4.5946,9.1107,0.0,3.0336,6.0771,2.716864419341736,33.084,6.33,35.52,0.0,-21.55,0.771
2024-05-25,146,5,2024,0.0,telemetry,39.2,27.7,telemetry,Moga,0,7.428,0.0,1.05,0.0,0.0,8.5478,8.5478,4.4034,8.7396,0.0,3.0558,5.6838,2.73725108672075,33.104,0.0,35.67,0.0,-21.53,0.738
2024-05-26,147,5,2024,0.0,telemetry,41.6,29.1,telemetry,Moga,0,8.04,0.0,1.05,0.0,0.0,9.2524,9.2524,4.7664,9.4442,0.0,3.0828,6.3614,2.7600681149575967,33.127,0.0,35.87,0.0,-21.38,0.799
2024-05-27,148,5,2024,0.0,telemetry,41.7,30.7,telemetry,Moga,0,7.671,0.0,1.05,0.0,0.0,8.8277,8.8277,4.5476,9.0195,0.0,3.1152,5.9043,2.781245800752373,33.148,0.0,36.39,0.0,-21.38,0.763
2024-05-28,149,5,2024,0.0,telemetry,42.9,30.9,telemetry,Moga,0,8.124,0.0,1.05,0.0,0.0,9.3492,9.3492,4.8163,9.541,0.0,3.1518,6.3892,2.8041627836278313,33.171,0.0,36.73,0.0,-21.05,0.808
2024-05-29,150,5,2024,0.07,telemetry,43.0,31.5,telemetry,Moga,0,8.011,0.0,1.05,0.0,0.0,9.143,9.143,4.71,9.3348,0.0125,3.1929,6.1419,2.826192661910549,33.193,0.07,37.34,0.0,-22.23,0.79
2024-05-30,151,5,2024,0.0,telemetry,38.7,31.9,telemetry,Moga,0,5.948,0.0,1.05,0.0,0.0,6.8447,6.8447,3.5261,7.0365,0.0,3.2378,3.7987,2.839817774849508,33.206,0.07,37.59,0.0,-21.74,0.591
2024-05-31,152,5,2024,0.0,telemetry,41.9,30.0,telemetry,Moga,0,7.971,0.0,1.052,0.0,0.0,9.1892,9.1892,4.7338,9.381,0.0,3.283,6.098,2.861690108737278,33.228,0.07,38.02,0.0,-21.73,0.794
2024-06-01,153,6,2024,0.73,telemetry,41.5,31.8,telemetry,Moga,0,7.296,0.0,1.055,0.0,0.0,7.6449,7.6449,3.9383,7.8367,0.3582,3.3316,4.5051,2.877849165414906,33.244,0.8,38.33,0.0,-20.95,0.66
2024-06-02,154,6,2024,0.07,telemetry,39.6,28.2,telemetry,Moga,0,7.516,0.0,1.059,0.0,0.0,8.6478,8.6478,4.4549,8.8396,0.0343,3.3813,5.4583,2.8974271178035824,33.264,0.87,38.57,0.0,-20.89,0.747
2024-06-03,155,6,2024,0.0,telemetry,40.7,29.7,telemetry,Moga,0,7.574,0.0,1.063,0.0,0.0,8.822,8.822,4.5447,9.0138,0.0,3.4331,5.5807,2.9174440045789907,33.284,0.87,38.86,0.0,-20.89,0.762
2024-06-04,156,6,2024,0.07,telemetry,39.2,26.7,telemetry,Moga,0,7.736,0.0,1.066,0.0,0.0,8.9651,8.9651,4.6184,9.1569,0.0343,3.487,5.6699,2.937780912693616,33.304,0.94,38.96,0.0,-20.83,0.775
2024-06-05,157,6,2024,0.27,telemetry,39.7,25.1,telemetry,Moga,0,8.275,0.0,1.07,0.0,0.0,9.4095,9.4095,4.8473,9.6013,0.1325,3.5429,6.0584,2.959511337577143,33.326,1.14,39.02,0.0,-20.56,0.813
2024-06-06,158,6,2024,0.07,telemetry,38.2,26.5,telemetry,Moga,0,7.405,0.0,1.074,0.0,0.0,8.6367,8.6367,4.4492,8.8285,0.0343,3.6012,5.2273,2.9782606793019277,33.345,1.21,39.02,0.0,-20.49,0.746
2024-06-07,159,6,2024,0.0,telemetry,37.8,28.1,telemetry,Moga,0,6.826,0.0,1.077,0.0,0.0,8.06,8.06,4.1521,8.2518,0.0,3.6605,4.5913,2.994728758562919,33.361,1.21,39.06,0.0,-20.48,0.696
2024-06-08,160,6,2024,0.0,telemetry,37.4,27.0,telemetry,Moga,0,6.967,0.0,1.081,0.0,0.0,8.254,8.254,4.2521,8.4458,0.0,3.7198,4.726,3.0116799906323237,33.378,0.48,39.12,0.0,-20.48,0.713
2024-06-09,161,6,2024,0.0,telemetry,39.9,27.7,telemetry,Moga,0,7.791,0.0,1.085,0.0,0.0,9.2608,9.2608,4.7707,9.4526,0.0,3.7793,5.6733,3.032029210291674,33.399,0.41,39.28,0.0,-20.42,0.8
2024-06-10,162,6,2024,0.0,telemetry,40.5,28.4,telemetry,Moga,0,7.859,0.0,1.088,0.0,0.0,9.3737,9.3737,4.8289,9.5655,0.0,3.8401,5.7254,3.0525650940103253,33.419,0.41,39.52,0.0,-20.49,0.81
2024-06-11,163,6,2024,0.0,telemetry,41.5,29.6,telemetry,Moga,0,7.961,0.0,1.092,0.0,0.0,9.5265,9.5265,4.9076,9.7183,0.0,3.9023,5.816,3.0734259394871826,33.44,0.34,39.97,0.0,-20.49,0.823
2024-06-12,164,6,2024,0.0,telemetry,42.7,29.9,telemetry,Moga,0,8.375,0.0,1.095,0.0,0.0,10.0552,10.0552,5.18,10.247,0.0,3.9659,6.2811,3.095955262626399,33.463,0.07,40.2,0.0,-20.47,0.869
2024-06-13,165,6,2024,0.0,telemetry,41.7,31.5,telemetry,Moga,0,7.519,0.0,1.099,0.0,0.0,9.0579,9.0579,4.6662,9.2497,0.0,4.0312,5.2185,3.114673001798903,33.481,0.0,40.31,0.0,-20.47,0.783
2024-06-14,166,6,2024,0.0,telemetry,41.6,30.2,telemetry,Moga,0,7.848,0.0,1.103,0.0,0.0,9.4858,9.4858,4.8866,9.6776,0.0,4.0968,5.5808,3.134690393054369,33.501,0.0,40.39,0.0,-20.21,0.82
2024-06-15,167,6,2024,0.0,telemetry,41.9,30.6,telemetry,Moga,0,7.866,0.0,1.106,0.0,0.0,9.5383,9.5383,4.9137,9.7301,0.0,4.163,5.5671,3.1546586034408315,33.521,0.0,40.46,0.0,-20.21,0.824
2024-06-16,168,6,2024,0.0,telemetry,42.8,31.4,telemetry,Moga,0,8.026,0.0,1.11,0.0,0.0,9.764,9.764,5.0299,9.9558,0.0,4.2298,5.726,3.175196887280274,33.542,0.0,40.52,0.0,-20.21,0.844
2024-06-17,169,6,2024,0.0,telemetry,42.6,27.4,telemetry,Moga,0,8.913,0.0,1.114,0.0,0.0,10.8793,10.8793,5.6045,11.0711,0.0,4.2972,6.7739,3.1994935745544386,33.566,0.0,40.55,0.0,-26.54,0.94
2024-06-18,170,6,2024,0.0,telemetry,41.7,29.9,telemetry,Moga,0,7.972,0.0,1.117,0.0,0.0,9.7627,9.7627,5.0293,9.9545,0.0,4.3667,5.5878,3.2195358795012665,33.586,0.0,40.57,0.0,-26.4,0.843
2024-06-19,171,6,2024,0.0,telemetry,41.3,25.5,telemetry,Moga,0,8.812,0.0,1.121,0.0,0.0,10.8258,10.8258,5.5769,11.0176,0.0,4.4365,6.5811,3.243141176901529,33.61,0.0,40.57,0.0,-26.4,0.935
2024-06-20,172,6,2024,7.0,telemetry,37.3,27.6,telemetry,Moga,0,6.776,0.0,1.125,0.0,0.0,1.1087,1.1087,0.5711,1.3005,3.4348,4.5078,-3.2073,3.231637298173755,33.598,7.0,40.47,0.0,-19.98,0.096
2024-06-21,173,6,2024,0.07,telemetry,33.7,27.7,telemetry,Moga,0,5.143,0.0,1.128,0.0,0.0,6.2824,6.2824,3.2364,6.4742,0.0343,4.5697,1.9045,3.2384683226581825,33.605,7.07,40.26,0.0,-19.92,0.543
2024-06-22,174,6,2024,0.0,telemetry,38.7,27.5,telemetry,Moga,0,7.373,0.0,1.132,0.0,0.0,9.1459,9.1459,4.7115,9.3377,0.0,4.6275,4.7102,3.25536288204148,33.622,7.07,40.29,0.0,-19.92,0.79
2024-06-23,175,6,2024,0.0,telemetry,38.7,28.7,telemetry,Moga,0,7.047,0.0,1.135,0.0,0.0,8.7701,8.7701,4.5179,8.9619,0.0,4.6853,4.2766,3.270702219822943,33.637,7.07,40.32,0.0,-19.92,0.758
2024-06-24,176,6,2024,0.0,telemetry,39.6,29.1,telemetry,Moga,0,7.31,0.0,1.139,0.0,0.0,9.1269,9.1269,4.7017,9.3187,0.0,4.7425,4.5762,3.2871162770897704,33.654,7.07,40.34,0.0,-19.92,0.789
2024-06-25,177,6,2024,0.0,telemetry,39.0,30.0,telemetry,Moga,0,6.786,0.0,1.143,0.0,0.0,8.4986,8.4986,4.3781,8.6904,0.0,4.7995,3.8909,3.3010723480891633,33.668,7.07,40.25,0.0,-19.92,0.734
2024-06-26,178,6,2024,0.53,telemetry,38.7,31.0,telemetry,Moga,0,6.316,0.0,1.146,0.0,0.0,7.3574,7.3574,3.7902,7.5492,0.2601,4.8553,2.6939,3.3107348206143516,33.677,7.6,40.15,0.0,-19.43,0.636
2024-06-27,179,6,2024,53.27,telemetry,35.9,26.6,telemetry,Moga,0,6.464,0.0,1.15,0.0,0.0,0.0,0.0,0.0,0.1918,26.1388,4.9087,-4.7169,3.29381627471854,33.66,53.87,39.92,0.0,29.49,0.0
2024-06-28,180,6,2024,0.0,telemetry,37.8,30.4,telemetry,Moga,0,6.099,0.0,1.154,0.0,0.0,7.7111,7.7111,3.9724,7.9029,0.0,4.97,2.9329,3.3043360536389463,33.671,53.8,39.74,0.0,29.43,0.666
2024-06-29,181,6,2024,0.0,telemetry,33.6,28.4,telemetry,Moga,0,4.805,0.0,1.157,0.0,0.0,6.0941,6.0941,3.1394,6.2859,0.0,5.0292,1.2567,3.3088436210845114,33.675,53.8,39.57,0.0,29.43,0.527
2024-06-30,182,6,2024,0.0,telemetry,37.3,31.1,telemetry,Moga,0,5.587,0.0,1.161,0.0,0.0,7.1091,7.1091,3.6623,7.3009,0.0,5.0841,2.2168,3.3167948991050613,33.683,53.8,39.42,0.0,29.86,0.614
2024-07-01,183,7,2024,0.0,telemetry,36.2,28.8,telemetry,Moga,0,5.901,0.0,1.165,0.0,0.0,7.5319,7.5319,3.8801,7.7237,0.0,5.1363,2.5874,3.3260753036919266,33.693,53.8,39.24,0.0,29.13,0.651
2024-07-02,184,7,2024,1.47,telemetry,36.4,29.2,telemetry,Moga,0,5.852,0.0,1.168,0.0,0.0,5.9002,5.9002,3.0395,6.092,0.7213,5.1866,0.9054,3.329322747497819,33.696,55.27,39.14,0.0,30.41,0.51
2024-07-03,185,7,2024,0.2,telemetry,36.1,27.3,telemetry,Moga,0,6.325,0.0,1.172,0.0,0.0,7.904,7.904,4.0718,8.0958,0.0981,5.2333,2.8625,3.339589910128117,33.706,54.94,38.98,0.0,30.59,0.683
2024-07-04,186,7,2024,46.13,telemetry,30.8,27.5,telemetry,Moga,0,3.671,0.0,1.175,0.0,0.0,0.0,0.0,0.0,0.1918,22.6353,5.279,-5.0872,3.321343209636198,33.688,47.8,38.7,0.0,74.72,0.0
2024-07-05,187,7,2024,0.0,telemetry,34.8,25.0,telemetry,Moga,0,6.422,0.0,1.179,0.0,0.0,8.2993,8.2993,4.2754,8.4911,0.0,5.3305,3.1606,3.332679848339086,33.699,47.8,38.54,0.0,74.59,0.717
2024-07-06,188,7,2024,14.8,telemetry,32.3,24.2,telemetry,Moga,0,5.632,0.0,1.183,0.0,0.0,0.0,0.0,0.0,0.1918,7.2621,5.3814,-5.1896,3.314065731879375,33.681,62.6,38.34,0.0,88.08,0.0
2024-07-07,189,7,2024,1.33,telemetry,34.2,29.1,generated,Moga,0,4.795,0.0,1.186,0.0,0.0,4.7923,4.7923,2.4688,4.9841,0.6526,5.426,-0.4419,3.3124806395641078,33.679,63.93,38.22,0.0,90.26,0.414
2024-07-08,190,7,2024,0.93,telemetry,35.7,27.2,telemetry,Moga,0,6.159,0.0,1.19,0.0,0.0,7.0218,7.0218,3.6173,7.2136,0.4563,5.4663,1.7473,3.318747786655965,33.685,64.86,38.17,0.0,93.08,0.607
2024-07-09,191,7,2024,0.0,telemetry,34.9,24.0,telemetry,Moga,0,6.685,0.0,1.194,0.0,0.0,8.7461,8.7461,4.5056,8.9379,0.0,5.5055,3.4324,3.3310591648548176,33.698,63.39,38.0,0.0,93.34,0.756
2024-07-10,192,7,2024,0.4,telemetry,35.5,29.3,telemetry,Moga,0,5.351,0.0,1.197,0.0,0.0,6.5854,6.5854,3.3925,6.7772,0.1963,5.5456,1.2316,3.335476801122996,33.702,63.59,37.83,0.0,93.71,0.569
2024-07-11,193,7,2024,0.13,telemetry,35.3,29.3,telemetry,Moga,0,5.248,0.0,1.2,0.0,0.0,6.7605,6.7605,3.4827,6.9523,0.0638,5.5835,1.3688,3.34038629750158,33.707,17.59,37.63,0.0,93.83,0.584
2024-07-12,194,7,2024,34.67,telemetry,33.1,22.3,telemetry,Moga,0,6.388,0.0,1.2,0.0,0.0,0.0,0.0,0.0,0.1918,17.0121,5.6196,-5.4278,3.3209176233648487,33.688,52.26,37.31,0.0,125.61,0.0
2024-07-13,195,7,2024,0.0,telemetry,35.7,26.1,telemetry,Moga,0,6.439,0.0,1.2,0.0,0.0,8.4684,8.4684,4.3625,8.6602,0.0,5.6581,3.0021,3.3316857759523164,33.698,37.46,37.11,0.0,125.61,0.732
2024-07-14,196,7,2024,0.0,telemetry,35.5,28.2,telemetry,Moga,0,5.717,0.0,1.2,0.0,0.0,7.5196,7.5196,3.8737,7.7114,0.0,5.6972,2.0142,3.3389105136789414,33.706,36.13,36.9,0.0,125.64,0.65
2024-07-15,197,7,2024,0.0,telemetry,36.8,28.7,telemetry,Moga,0,6.124,0.0,1.2,0.0,0.0,8.0544,8.0544,4.1492,8.2462,0.0,5.7355,2.5107,3.347916027673108,33.715,35.2,36.73,0.0,125.65,0.696
2024-07-16,198,7,2024,0.0,telemetry,37.8,30.3,telemetry,Moga,0,6.036,0.0,1.2,0.0,0.0,7.9393,7.9393,4.0899,8.1311,0.0,5.7737,2.3574,3.356371524557213,33.723,35.2,36.57,0.0,125.65,0.686
2024-07-17,199,7,2024,0.07,telemetry,36.1,30.9,telemetry,Moga,0,4.966,0.0,1.2,0.0,0.0,6.4551,6.4551,3.3254,6.6469,0.0343,5.8116,0.8353,3.359367572466307,33.726,34.87,36.35,0.0,126.15,0.558
2024-07-18,200,7,2024,0.0,telemetry,34.6,24.7,telemetry,Moga,0,6.329,0.0,1.2,0.0,0.0,8.3245,8.3245,4.2884,8.5163,0.0,5.8471,2.6692,3.3689414638296578,33.736,34.74,36.11,0.0,126.44,0.719
2024-07-19,201,7,2024,0.0,telemetry,36.2,29.1,telemetry,Moga,0,5.691,0.0,1.2,0.0,0.0,7.4844,7.4844,3.8556,7.6762,0.0,5.8829,1.7933,3.3753738584564785,33.742,0.07,35.94,0.0,126.44,0.647
2024-07-20,202,7,2024,0.0,telemetry,36.7,28.6,telemetry,Moga,0,6.069,0.0,1.2,0.0,0.0,7.982,7.982,4.1119,8.1738,0.0,5.9176,2.2562,3.3834665432258992,33.75,0.07,35.92,0.0,119.44,0.69
2024-07-21,203,7,2024,0.0,telemetry,36.0,25.4,telemetry,Moga,0,6.664,0.0,1.2,0.0,0.0,8.7644,8.7644,4.515,8.9562,0.0,5.9519,3.0043,3.394242303620085,33.761,0.07,36.0,0.0,119.39,0.757
2024-07-22,204,7,2024,0.0,telemetry,35.8,28.3,telemetry,Moga,0,5.752,0.0,1.2,0.0,0.0,7.5652,7.5652,3.8972,7.757,0.0,5.987,1.77,3.40059113514835,33.767,0.07,35.9,0.0,119.39,0.654
2024-07-23,205,7,2024,0.0,telemetry,34.4,23.5,telemetry,Moga,0,6.492,0.0,1.2,0.0,0.0,8.5386,8.5386,4.3987,8.7304,0.0,6.0208,2.7096,3.410309810497631,33.777,0.07,35.76,0.0,119.39,0.738
2024-07-24,206,7,2024,0.0,telemetry,35.5,28.9,telemetry,Moga,0,5.394,0.0,1.2,0.0,0.0,7.0938,7.0938,3.6544,7.2856,0.0,6.0549,1.2307,3.414723936168983,33.781,0.0,35.62,0.0,120.49,0.613
2024-07-25,207,7,2024,8.47,telemetry,35.3,26.1,telemetry,Moga,0,6.166,0.0,1.2,0.0,0.0,0.0,0.0,0.0,0.1918,4.1561,6.0872,-5.8954,3.393578294149138,33.76,8.47,35.5,0.0,128.3,0.0
2024-07-26,208,7,2024,3.6,telemetry,35.2,27.1,telemetry,Moga,0,5.828,0.0,1.2,0.0,0.0,3.8337,3.8337,1.9749,4.0255,1.7665,6.1111,-2.0856,3.3860974896118186,33.753,12.07,35.38,0.0,131.86,0.331
2024-07-27,209,7,2024,0.0,telemetry,35.5,27.9,telemetry,Moga,0,5.698,0.0,1.2,0.0,0.0,7.4945,7.4945,3.8608,7.6863,0.0,6.131,1.5553,3.3916762371482267,33.758,12.07,35.37,0.0,80.85,0.647
2024-07-28,210,7,2024,0.0,telemetry,35.2,27.4,telemetry,Moga,0,5.715,0.0,1.2,0.0,0.0,7.5163,7.5163,3.872,7.7081,0.0,6.1506,1.5575,3.397262788079401,33.764,12.07,35.28,0.0,80.85,0.649
2024-07-29,211,7,2024,2.53,telemetry,35.1,27.5,telemetry,Moga,0,5.63,0.0,1.2,0.0,0.0,4.6875,4.6875,2.4148,4.8793,1.2414,6.17,-1.2907,3.3926333095850794,33.759,14.6,35.33,0.0,83.22,0.405
2024-07-30,212,7,2024,6.73,telemetry,36.9,29.1,telemetry,Moga,0,5.888,0.0,1.2,0.0,0.0,0.7655,0.7655,0.3943,0.9573,3.3023,6.1862,-5.2289,3.3738780154985553,33.741,21.33,35.32,0.0,89.39,0.066
2024-07-31,213,7,2024,0.0,telemetry,34.4,28.6,telemetry,Moga,0,4.917,0.0,1.2,0.0,0.0,6.4672,6.4672,3.3316,6.659,0.0,6.1958,0.4632,3.375539300086493,33.742,21.33,35.26,0.0,89.39,0.559
2024-08-01,214,8,2024,2.47,telemetry,30.3,26.0,telemetry,Moga,0,3.937,0.0,1.2,0.0,0.0,2.525,2.525,1.3008,2.7168,1.212,6.2046,-3.4878,3.3630293022813467,33.73,15.33,35.06,0.0,90.19,0.218
2024-08-02,215,8,2024,3.73,telemetry,35.7,26.7,telemetry,Moga,0,6.061,0.0,1.2,0.0,0.0,4.0051,4.0051,2.0632,4.1969,1.8303,6.208,-2.0111,3.3558157708630256,33.722,15.46,35.04,0.0,93.41,0.346
2024-08-03,216,8,2024,0.07,telemetry,33.2,26.3,telemetry,Moga,0,5.138,0.0,1.2,0.0,0.0,6.6806,6.6806,3.4415,6.8724,0.0343,6.2092,0.6632,3.358194727850211,33.725,15.53,35.12,0.0,47.35,0.577
2024-08-04,217,8,2024,0.0,telemetry,30.9,25.9,telemetry,Moga,0,4.239,0.0,1.2,0.0,0.0,5.5755,5.5755,2.8722,5.7673,0.0,6.2104,-0.4431,3.3566053132654803,33.723,15.53,34.99,0.0,47.69,0.482
2024-08-05,218,8,2024,0.0,telemetry,35.0,27.2,telemetry,Moga,0,5.59,0.0,1.2,0.0,0.0,7.3526,7.3526,3.7877,7.5444,0.0,6.2103,1.3341,3.361390637590283,33.728,13.0,35.08,0.0,32.89,0.635
2024-08-06,219,8,2024,0.0,telemetry,34.5,26.4,telemetry,Moga,0,5.607,0.0,1.2,0.0,0.0,7.3744,7.3744,3.7989,7.5662,0.0,6.2112,1.355,3.3662508631311896,33.733,6.27,35.09,0.0,31.56,0.637
2024-08-07,220,8,2024,0.53,telemetry,30.0,28.2,telemetry,Moga,0,2.563,0.0,1.2,0.0,0.0,2.7919,2.7919,1.4383,2.9837,0.2601,6.2131,-3.2294,3.3546676225400733,33.721,6.8,34.9,0.0,31.12,0.241
2024-08-08,221,8,2024,0.0,telemetry,35.3,26.9,telemetry,Moga,0,5.756,0.0,1.2,0.0,0.0,7.571,7.571,3.9002,7.7628,0.0,6.2098,1.553,3.360237982922684,33.727,4.33,34.92,0.0,31.12,0.654
2024-08-09,222,8,2024,0.0,telemetry,34.8,27.8,telemetry,Moga,0,5.262,0.0,1.2,0.0,0.0,6.9207,6.9207,3.5652,7.1125,0.0,6.2081,0.9044,3.3634820044610723,33.73,0.6,34.89,0.0,30.72,0.598
2024-08-10,223,8,2024,15.8,telemetry,32.5,29.1,telemetry,Moga,0,3.62,0.0,1.2,0.0,0.0,0.0,0.0,0.0,0.1918,7.7528,6.2069,-6.0151,3.341907031562792,33.709,16.33,34.8,0.0,45.07,0.0
2024-08-11,224,8,2024,24.53,telemetry,32.6,25.7,telemetry,Moga,0,4.967,0.0,1.2,0.0,0.0,0.0,0.0,0.0,0.1918,12.0365,6.2028,-6.011,3.320346822349568,33.687,40.86,34.78,0.0,32.89,0.0
2024-08-12,225,8,2024,0.0,telemetry,34.6,27.4,telemetry,Moga,0,5.259,0.0,1.2,0.0,0.0,6.9163,6.9163,3.5629,7.1081,0.0,6.1995,0.9086,3.323605661419258,33.69,40.86,34.75,0.0,32.89,0.598
2024-08-13,226,8,2024,2.13,telemetry,34.0,28.5,telemetry,Moga,0,4.606,0.0,1.2,0.0,0.0,3.7629,3.7629,1.9385,3.9547,1.0452,6.1975,-2.2428,3.3155613012868237,33.682,42.99,34.7,0.0,34.84,0.325
2024-08-14,227,8,2024,0.0,telemetry,35.0,26.7,telemetry,Moga,0,5.595,0.0,1.2,0.0,0.0,7.3582,7.3582,3.7906,7.55,0.0,6.1929,1.3571,3.3204290839262502,33.687,42.46,34.64,0.0,34.84,0.636
2024-08-15,228,8,2024,1.87,telemetry,32.5,25.3,telemetry,Moga,0,4.986,0.0,1.2,0.0,0.0,4.5391,4.5391,2.3383,4.7309,0.9176,6.1901,-1.4592,3.3151952009947836,33.682,44.33,34.46,0.0,36.75,0.392
2024-08-16,229,8,2024,3.33,telemetry,35.0,26.8,telemetry,Moga,0,5.531,0.0,1.2,0.0,0.0,3.7224,3.7224,1.9176,3.9142,1.634,6.1858,-2.2716,3.3070473129914126,33.674,47.66,34.42,0.0,39.73,0.322
2024-08-17,230,8,2024,1.0,telemetry,34.4,27.2,telemetry,Moga,0,5.155,0.0,1.2,0.0,0.0,5.6933,5.6933,2.9329,5.8851,0.4907,6.1796,-0.2945,3.3059909955965194,33.673,32.86,34.42,0.0,40.65,0.492
2024-08-18,231,8,2024,0.07,telemetry,34.0,28.3,telemetry,Moga,0,4.605,0.0,1.2,0.0,0.0,5.9794,5.9794,3.0803,6.1712,0.0343,6.1734,-0.0022,3.3059830131396444,33.673,8.4,34.34,0.0,40.72,0.517
2024-08-19,232,8,2024,0.0,telemetry,33.1,27.1,generated,Moga,0,4.607,0.0,1.2,0.0,0.0,6.0593,6.0593,3.1215,6.2511,0.0,6.1673,0.0838,3.3062835312751155,33.673,8.4,34.22,0.0,41.29,0.523
2024-08-20,233,8,2024,1.6,telemetry,33.1,23.3,generated,Moga,0,5.635,0.0,1.2,0.0,0.0,5.6795,5.6795,2.9258,5.8713,0.7851,6.1613,-0.29,3.305243268980698,33.672,7.87,34.13,0.0,42.76,0.491
2024-08-21,234,8,2024,1.93,telemetry,33.6,24.6,generated,Moga,0,5.486,0.0,1.2,0.0,0.0,5.1321,5.1321,2.6438,5.3239,0.947,6.1555,-0.8316,3.3022604286004547,33.669,9.8,34.05,0.0,44.53,0.443
2024-08-22,235,8,2024,0.07,telemetry,34.3,27.9,telemetry,Moga,0,4.805,0.0,1.2,0.0,0.0,6.2436,6.2436,3.2164,6.4354,0.0343,6.1492,0.2862,3.3032868090111056,33.67,8.0,34.05,0.0,44.59,0.539
2024-08-23,236,8,2024,9.8,telemetry,35.1,27.1,telemetry,Moga,0,5.353,0.0,1.2,0.0,0.0,0.0,0.0,0.0,0.1918,4.8087,6.1434,-5.9516,3.281939595418249,33.649,14.47,34.04,0.0,53.58,0.0
2024-08-24,237,8,2024,3.6,telemetry,34.9,26.5,telemetry,Moga,0,5.419,0.0,1.2,0.0,0.0,3.2955,3.2955,1.6977,3.4873,1.7665,6.133,-2.6457,3.2724498801441038,33.639,17.07,34.02,0.0,48.41,0.285
2024-08-25,238,8,2024,0.0,telemetry,34.3,29.3,generated,Moga,0,4.259,0.0,1.2,0.0,0.0,5.6019,5.6019,2.8858,5.7937,0.0,6.1208,-0.3271,3.271276507060522,33.638,17.0,33.99,0.0,44.81,0.484
2024-08-26,239,8,2024,0.33,telemetry,34.6,24.8,generated,Moga,0,5.688,0.0,1.2,0.0,0.0,7.1202,7.1202,3.668,7.312,0.1619,6.1088,1.2032,3.2755923100764224,33.642,17.33,33.96,0.0,45.11,0.615
2024-08-27,240,8,2024,19.27,telemetry,34.5,24.4,generated,Moga,0,5.721,0.0,1.2,0.0,0.0,0.0,0.0,0.0,0.1918,9.4555,6.099,-5.9072,3.254404303731985,33.621,35.0,33.94,0.0,62.77,0.0
2024-08-28,241,8,2024,3.53,telemetry,33.2,27.0,telemetry,Moga,0,4.525,0.0,1.2,0.0,0.0,2.1919,2.1919,1.1292,2.3837,1.7321,6.0888,-3.7051,3.2411148419700053,33.608,36.6,33.88,0.0,63.5,0.189
2024-08-29,242,8,2024,15.6,telemetry,28.9,25.8,telemetry,Moga,0,3.003,0.0,1.2,0.0,0.0,0.0,0.0,0.0,0.1918,7.6547,6.0755,-5.8837,3.220010984097544,33.587,52.13,33.61,0.0,71.35,0.0
2024-08-30,243,8,2024,0.0,telemetry,34.0,25.9,telemetry,Moga,0,5.113,0.0,1.2,0.0,0.0,6.7242,6.7242,3.464,6.916,0.0,6.0611,0.8549,3.223077383961672,33.59,42.33,33.6,0.0,71.41,0.581
2024-08-31,244,8,2024,0.0,telemetry,34.9,27.0,telemetry,Moga,0,5.132,0.0,1.2,0.0,0.0,6.7503,6.7503,3.4774,6.9421,0.0,6.0489,0.8932,3.226281093427776,33.593,38.73,33.75,0.0,69.1,0.583
2024-09-01,245,9,2024,0.0,telemetry,34.1,27.7,telemetry,Moga,0,4.594,0.0,1.2,0.0,0.0,6.0426,6.0426,3.1129,6.2344,0.0,6.0388,0.1956,3.2269826844729645,33.594,38.73,33.7,0.0,65.37,0.522
2024-09-02,246,9,2024,0.0,telemetry,34.2,27.3,telemetry,Moga,0,4.734,0.0,1.2,0.0,0.0,6.2267,6.2267,3.2077,6.4185,0.0,6.0297,0.3888,3.2283771303447146,33.595,38.4,33.73,0.0,65.3,0.538
2024-09-03,247,9,2024,3.13,telemetry,33.2,23.3,telemetry,Moga,0,5.354,0.0,1.2,0.0,0.0,3.6974,3.6974,1.9047,3.8892,1.5358,6.0218,-2.1326,3.220727972808485,33.587,22.26,33.81,0.0,68.17,0.319
2024-09-04,248,9,2024,7.07,telemetry,33.2,26.9,telemetry,Moga,0,4.417,0.0,1.2,0.0,0.0,0.0,0.0,0.0,0.1918,3.4691,6.0125,-5.8207,3.199850016218256,33.566,25.8,33.75,0.0,74.65,0.0
2024-09-05,249,9,2024,5.27,telemetry,34.4,27.4,telemetry,Moga,0,4.717,0.0,1.2,0.0,0.0,0.671,0.671,0.3457,0.8628,2.5859,5.9986,-5.1358,3.181428758372925,33.548,15.47,33.74,0.0,79.48,0.058
2024-09-06,250,9,2024,0.0,telemetry,33.2,24.5,telemetry,Moga,0,5.013,0.0,1.2,0.0,0.0,6.5929,6.5929,3.3963,6.7847,0.0,5.9807,0.804,3.1843125659903926,33.551,15.47,33.85,0.0,78.95,0.57
2024-09-07,251,9,2024,0.07,telemetry,33.8,26.2,telemetry,Moga,0,4.777,0.0,1.2,0.0,0.0,6.2063,6.2063,3.1972,6.3981,0.0343,5.9653,0.4328,3.18586509248245,33.553,15.54,33.8,0.0,79.02,0.536
2024-09-08,252,9,2024,0.0,telemetry,34.4,27.1,telemetry,Moga,0,4.732,0.0,1.2,0.0,0.0,6.2232,6.2232,3.2059,6.415,0.0,5.9516,0.4634,3.1875272968909214,33.554,15.54,33.79,0.0,79.02,0.538
2024-09-09,253,9,2024,0.0,telemetry,34.8,27.9,telemetry,Moga,0,4.634,0.0,1.2,0.0,0.0,6.0941,6.0941,3.1394,6.2859,0.0,5.9395,0.3464,3.1887697843005176,33.555,15.54,33.86,0.0,63.22,0.527
2024-09-10,254,9,2024,0.47,telemetry,31.6,26.7,telemetry,Moga,0,3.711,0.0,1.2,0.0,0.0,4.3673,4.3673,2.2498,4.5591,0.2306,5.9287,-1.3696,3.1838574179058714,33.551,12.88,33.83,0.0,39.12,0.377
2024-09-11,255,9,2024,0.13,telemetry,35.5,26.0,telemetry,Moga,0,5.315,0.0,1.2,0.0,0.0,6.8482,6.8482,3.5279,7.04,0.0638,5.9168,1.1232,3.187886183300052,33.555,5.94,33.86,0.0,39.24,0.592
2024-09-12,256,9,2024,7.0,telemetry,35.2,26.8,telemetry,Moga,0,4.997,0.0,1.2,0.0,0.0,0.0,0.0,0.0,0.1918,3.4348,5.9072,-5.7154,3.1673859835314815,33.534,7.67,33.9,0.0,43.52,0.0
2024-09-13,257,9,2024,0.07,telemetry,32.4,25.4,telemetry,Moga,0,4.342,0.0,1.2,0.0,0.0,5.634,5.634,2.9024,5.8258,0.0343,5.893,-0.0672,3.167144864730291,33.534,7.74,33.81,0.0,43.59,0.487
2024-09-14,258,9,2024,0.07,telemetry,33.2,25.5,telemetry,Moga,0,4.573,0.0,1.2,0.0,0.0,5.9375,5.9375,3.0587,6.1293,0.0343,5.8797,0.2496,3.168040147729785,33.535,7.74,33.84,0.0,43.32,0.513
2024-09-15,259,9,2024,0.0,telemetry,33.6,27.0,telemetry,Moga,0,4.295,0.0,1.2,0.0,0.0,5.6489,5.6489,2.91,5.8407,0.0,5.8676,-0.0269,3.167943764560805,33.535,7.74,33.79,0.0,41.52,0.488
2024-09-16,260,9,2024,0.0,telemetry,33.6,25.5,telemetry,Moga,0,4.658,0.0,1.2,0.0,0.0,6.126,6.126,3.1558,6.3178,0.0,5.8561,0.4617,3.1695997564503746,33.536,7.74,33.76,0.0,42.39,0.529
2024-09-17,261,9,2024,0.0,telemetry,34.4,27.2,telemetry,Moga,0,4.482,0.0,1.2,0.0,0.0,5.8945,5.8945,3.0366,6.0863,0.0,5.8458,0.2405,3.1704622213950397,33.537,7.27,33.78,0.0,42.32,0.509
2024-09-18,262,9,2024,0.0,telemetry,35.6,24.1,telemetry,Moga,0,5.521,0.0,1.2,0.0,0.0,7.262,7.262,3.741,7.4538,0.0,5.8364,1.6174,3.176263386675577,33.543,7.14,33.86,0.0,44.17,0.627
2024-09-19,263,9,2024,0.0,telemetry,30.5,25.3,telemetry,Moga,0,3.54,0.0,1.2,0.0,0.0,4.6562,4.6562,2.3986,4.848,0.0,5.8296,-0.9816,3.172742554058292,33.539,0.14,33.77,0.0,42.79,0.402
2024-09-20,264,9,2024,0.0,telemetry,34.5,23.6,telemetry,Moga,0,5.224,0.0,1.2,0.0,0.0,6.8702,6.8702,3.5392,7.062,0.0,5.8215,1.2405,3.177192128227529,33.544,0.07,33.8,0.0,40.86,0.594
2024-09-21,265,9,2024,0.0,telemetry,34.4,25.8,telemetry,Moga,0,4.716,0.0,1.2,0.0,0.0,6.202,6.202,3.195,6.3938,0.0,5.8154,0.5784,3.1792669185964537,33.546,0.0,33.81,0.0,40.84,0.536
2024-09-22,266,9,2024,0.0,telemetry,34.3,28.5,telemetry,Moga,0,3.954,0.0,1.2,0.0,0.0,5.2,5.2,2.6788,5.3918,0.0,5.81,-0.4182,3.1777667693220546,33.544,0.0,33.78,0.0,32.17,0.449
2024-09-23,267,9,2024,0.0,telemetry,35.2,28.2,telemetry,Moga,0,4.343,0.0,1.2,0.0,0.0,5.7124,5.7124,2.9428,5.9042,0.0,5.8041,0.1001,3.1781259277285643,33.545,0.0,33.79,0.0,28.58,0.494
2024-09-24,268,9,2024,0.0,telemetry,36.3,28.2,telemetry,Moga,0,4.695,0.0,1.2,0.0,0.0,6.1748,6.1748,3.181,6.3666,0.0,5.7982,0.5684,3.1801647878874086,33.547,0.0,33.86,0.0,28.58,0.533
2024-09-25,269,9,2024,0.0,telemetry,35.7,28.8,telemetry,Moga,0,4.306,0.0,1.2,0.0,0.0,5.6636,5.6636,2.9176,5.8554,0.0,5.793,0.0624,3.1803887807705453,33.547,0.0,33.89,0.0,28.25,0.489
2024-09-26,270,9,2024,0.0,telemetry,32.9,24.9,telemetry,Moga,0,4.299,0.0,1.2,0.0,0.0,5.6543,5.6543,2.9128,5.8461,0.0,5.7876,0.0585,3.180598488495092,33.547,0.0,33.84,0.0,8.98,0.489
2024-09-27,271,9,2024,1.8,telemetry,29.5,25.1,telemetry,Moga,0,3.059,0.0,1.2,0.0,0.0,2.0794,2.0794,1.0712,2.2712,0.8832,5.7822,-3.511,3.1680052020293124,33.535,1.8,33.72,0.0,7.11,0.18
2024-09-28,272,9,2024,1.53,telemetry,31.1,24.5,telemetry,Moga,0,3.764,0.0,1.2,0.0,0.0,3.2944,3.2944,1.6971,3.4862,0.7507,5.7724,-2.2862,3.1598050683690277,33.526,3.33,33.79,0.0,-7.09,0.285
2024-09-29,273,9,2024,0.0,telemetry,32.1,24.5,telemetry,Moga,0,4.057,0.0,1.2,0.0,0.0,5.336,5.336,2.7488,5.5278,0.0,5.7602,-0.2324,3.1589715374436946,33.526,3.33,33.73,0.0,-7.08,0.461
2024-09-30,274,9,2024,0.0,telemetry,32.4,25.2,telemetry,Moga,0,3.966,0.0,1.2,0.0,0.0,5.2156,5.2156,2.6868,5.4074,0.0,5.748,-0.3406,3.157749857770516,33.524,3.33,33.64,0.0,-7.08,0.451
2024-10-01,275,10,2024,0.0,telemetry,33.6,26.0,telemetry,Moga,0,4.134,0.0,1.2,0.0,0.0,5.4374,5.4374,2.8011,5.6292,0.0,5.7357,-0.1065,3.15736801757832,33.524,3.33,33.63,0.0,-7.08,0.47
2024-10-02,276,10,2024,0.0,telemetry,34.0,25.6,telemetry,Moga,0,4.317,0.0,1.189,0.0,0.0,5.6281,5.6281,2.8993,5.8199,0.0,5.7235,0.0964,3.1577139341727536,33.524,3.33,33.62,0.0,-7.08,0.486
2024-10-03,277,10,2024,0.07,telemetry,35.5,25.5,telemetry,Moga,0,4.748,0.0,1.175,0.0,0.0,6.0389,6.0389,3.1109,6.2307,0.0125,5.7117,0.519,3.159575662647558,33.526,3.4,33.7,0.0,-10.15,0.522
2024-10-04,278,10,2024,0.0,telemetry,34.6,25.8,telemetry,Moga,0,4.396,0.0,1.161,0.0,0.0,5.5945,5.5945,2.882,5.7863,0.0,5.7008,0.0855,3.1598824394416143,33.527,1.6,33.74,0.0,-17.22,0.483
2024-10-05,279,10,2024,0.0,telemetry,33.6,25.4,telemetry,Moga,0,4.153,0.0,1.147,0.0,0.0,5.221,5.221,2.6896,5.4128,0.0,5.6901,-0.2773,3.1588877822117847,33.526,0.07,33.72,0.0,-22.48,0.451
2024-10-06,280,10,2024,1.47,telemetry,31.2,20.7,telemetry,Moga,0,4.317,0.0,1.133,0.0,0.0,3.7679,3.7679,1.941,3.9597,0.2623,5.6791,-1.7194,3.1527205071136857,33.519,1.54,33.65,0.0,-21.14,0.326
2024-10-07,281,10,2024,0.07,telemetry,32.7,22.1,telemetry,Moga,0,4.45,0.0,1.119,0.0,0.0,5.3799,5.3799,2.7715,5.5717,0.0125,5.6661,-0.0944,3.152382059584268,33.519,1.61,33.61,0.0,-21.14,0.465
2024-10-08,282,10,2024,0.0,telemetry,32.4,23.2,telemetry,Moga,0,4.154,0.0,1.105,0.0,0.0,5.0283,5.0283,2.5903,5.2201,0.0,5.6531,-0.433,3.1508289862810375,33.517,1.61,33.55,0.0,-21.14,0.434
2024-10-09,283,10,2024,0.0,telemetry,31.9,22.4,telemetry,Moga,0,4.131,0.0,1.09,0.0,0.0,4.9375,4.9375,2.5436,5.1293,0.0,5.6397,-0.5104,3.1489981925729342,33.516,1.61,33.45,0.0,-20.95,0.427
2024-10-10,284,10,2024,0.0,telemetry,32.0,22.4,telemetry,Moga,0,4.128,0.0,1.076,0.0,0.0,4.8699,4.8699,2.5087,5.0617,0.0,5.6259,-0.5642,3.146974626278698,33.514,1.54,33.46,0.0,-21.42,0.421
2024-10-11,285,10,2024,0.0,telemetry,31.7,21.9,telemetry,Moga,0,4.105,0.0,1.062,0.0,0.0,4.7785,4.7785,2.4617,4.9703,0.0,5.6115,-0.6412,3.144674875277581,33.511,1.54,33.34,0.0,-21.55,0.413
2024-10-12,286,10,2024,0.0,telemetry,32.3,21.7,telemetry,Moga,0,4.258,0.0,1.048,0.0,0.0,4.8905,4.8905,2.5193,5.0823,0.0,5.5964,-0.5141,3.1428307333705305,33.509,1.54,33.24,0.0,-28.55,0.423
2024-10-13,287,10,2024,0.0,telemetry,31.1,21.7,telemetry,Moga,0,3.928,0.0,1.034,0.0,0.0,4.4503,4.4503,2.2926,4.6421,0.0,5.581,-0.9389,3.1394631473821892,33.506,0.07,33.2,0.0,-28.62,0.384
2024-10-14,288,10,2024,0.0,telemetry,31.9,22.2,telemetry,Moga,0,4.019,0.0,1.02,0.0,0.0,4.492,4.492,2.3141,4.6838,0.0,5.5646,-0.8808,3.136304036096882,33.503,0.0,33.15,0.0,-28.5,0.388
2024-10-15,289,10,2024,0.0,telemetry,31.9,22.3,telemetry,Moga,0,3.974,0.0,1.006,0.0,0.0,4.3799,4.3799,2.2563,4.5717,0.0,5.5473,-0.9756,3.132804750678548,33.499,0.0,33.1,0.0,-27.34,0.378
2024-10-16,290,10,2024,0.0,telemetry,31.7,22.7,telemetry,Moga,0,3.829,0.0,0.991,0.0,0.0,4.1603,4.1603,2.1432,4.3521,0.0,5.5291,-1.177,3.128582986346347,33.495,0.0,33.03,0.0,-27.25,0.359
2024-10-17,291,10,2024,0.0,telemetry,31.4,21.8,telemetry,Moga,0,3.873,0.0,0.977,0.0,0.0,4.1486,4.1486,2.1372,4.3404,0.0,5.5098,-1.1694,3.1243884990792687,33.491,0.0,32.93,0.0,-27.25,0.358
2024-10-18,292,10,2024,0.0,telemetry,32.0,22.1,telemetry,Moga,0,3.944,0.0,0.963,0.0,0.0,4.1636,4.1636,2.1449,4.3554,0.0,5.4895,-1.1341,3.120320791241773,33.487,0.0,32.81,0.0,-27.25,0.36
2024-10-19,293,10,2024,0.0,telemetry,30.7,22.1,telemetry,Moga,0,3.597,0.0,0.949,0.0,0.0,3.7408,3.7408,1.9271,3.9326,0.0,5.4682,-1.5356,3.11481285122978,33.481,0.0,32.82,0.0,-27.25,0.323
2024-10-20,294,10,2024,0.53,telemetry,32.3,22.0,telemetry,Moga,0,3.974,0.0,0.935,0.0,0.0,3.493,3.493,1.7994,3.6848,0.0946,5.4455,-1.7607,3.1084974189377115,33.475,0.53,32.75,0.0,-26.76,0.302
2024-10-21,295,10,2024,0.0,telemetry,30.4,21.9,telemetry,Moga,0,3.504,0.0,0.921,0.0,0.0,3.5357,3.5357,1.8214,3.7275,0.0,5.4213,-1.6938,3.1024219769992154,33.469,0.53,32.61,0.0,-26.76,0.305
2024-10-22,296,10,2024,0.0,telemetry,22.5,6.2,generated,Moga,0,3.523,0.0,0.907,0.0,0.0,3.5009,3.5009,1.8035,3.6927,0.0,5.3957,-1.703,3.096313573885249,33.463,0.53,32.22,0.0,-26.6,0.302
2024-10-23,297,10,2024,0.0,telemetry,25.6,13.4,generated,Moga,0,3.511,0.0,0.892,0.0,0.0,3.4339,3.4339,1.769,3.6257,0.0,5.3688,-1.7431,3.0900614435548617,33.457,0.53,31.9,0.0,-26.6,0.297
2024-10-24,298,10,2024,0.0,telemetry,24.8,4.2,generated,Moga,0,3.922,0.0,0.878,0.0,0.0,3.775,3.775,1.9447,3.9668,0.0,5.3406,-1.3738,3.085133859549253,33.452,0.53,31.52,0.0,-26.6,0.326
2024-10-25,299,10,2024,0.0,telemetry,26.9,19.4,generated,Moga,0,2.978,0.0,0.864,0.0,0.0,2.8206,2.8206,1.453,3.0124,0.0,5.3118,-2.2994,3.0768864809683154,33.444,0.53,31.22,0.0,-26.52,0.244
2024-10-26,300,10,2024,0.0,telemetry,28.1,13.9,generated,Moga,0,3.854,0.0,0.85,0.0,0.0,3.5909,3.5909,1.8499,3.7827,0.0,5.281,-1.4983,3.0715122204184744,33.438,0.53,31.06,0.0,-26.52,0.31
2024-10-27,301,10,2024,0.47,telemetry,27.7,16.3,generated,Moga,0,3.517,0.0,0.0,0.0,0.0,0.0,0.0,0.0,0.1918,0.0839,5.2497,-5.0579,3.0533705181486868,33.42,0.47,31.0,0.0,-27.89,0.0
2024-10-28,302,10,2024,0.0,telemetry,31.7,22.8,telemetry,Moga,0,3.492,0.0,0.0,0.0,0.0,0.0,0.0,0.0,0.1918,0.0,5.2129,-5.0211,3.0353606813526492,33.402,0.47,31.02,0.0,-29.42,0.0
2024-10-29,303,10,2024,0.0,telemetry,30.6,21.3,telemetry,Moga,0,3.442,0.0,0.0,0.0,0.0,0.0,0.0,0.0,0.1918,0.0,5.1712,-4.9794,3.0175005588180466,33.384,0.47,30.97,0.0,-29.42,0.0
2024-10-30,304,10,2024,0.0,telemetry,31.5,21.1,telemetry,Moga,0,3.642,0.0,0.0,0.0,0.0,0.0,0.0,0.0,0.1918,0.0,5.1249,-4.9331,2.999806316688402,33.366,0.47,30.94,0.0,-29.42,0.0
2024-10-31,305,10,2024,0.0,telemetry,32.2,20.5,telemetry,Moga,1,3.84,0.4,0.0,1.536,1.945,0.0,1.945,1.002,2.1368,0.0,5.0746,-2.9378,2.9892689095311327,33.356,0.47,30.9,0.139,-29.41,0.168
2024-11-01,306,11,2024,0.0,telemetry,30.6,19.6,telemetry,Moga,1,3.592,0.4,0.0,1.437,1.8195,0.0,1.8195,0.9373,2.0113,0.0,5.0233,-3.012,2.978465372887983,33.345,0.47,30.78,0.269,-29.41,0.157
2024-11-02,307,11,2024,0.0,telemetry,30.2,19.6,telemetry,Moga,1,3.485,0.4,0.0,1.394,1.7653,0.0,1.7653,0.9094,1.9571,0.0,4.971,-3.0139,2.967655051846908,33.334,0.47,30.61,0.395,-29.48,0.153
2024-11-03,308,11,2024,0.0,telemetry,30.3,20.0,telemetry,Moga,1,3.431,0.4,0.0,1.372,1.738,0.0,1.738,0.8953,1.9298,0.0,4.9178,-2.988,2.9569377370628263,33.324,0.0,30.46,0.519,-29.46,0.15
2024-11-04,309,11,2024,0.0,telemetry,29.8,19.4,telemetry,Moga,1,3.38,0.4,0.0,1.352,1.7121,0.0,1.7121,0.882,1.9039,0.0,4.8637,-2.9598,2.946321339343594,33.313,0.0,30.34,0.641,-29.46,0.148
2024-11-05,310,11,2024,0.0,telemetry,29.7,18.9,telemetry,Moga,1,3.396,0.4,0.0,1.359,1.7204,0.0,1.7204,0.8863,1.9122,0.0,4.809,-2.8968,2.93593102151226,33.303,0.0,30.29,0.764,-30.93,0.149
2024-11-06,311,11,2024,0.0,telemetry,29.6,19.8,telemetry,Moga,1,3.244,0.4,0.0,1.297,1.643,0.0,1.643,0.8464,1.8348,0.0,4.7537,-2.9189,2.9254613513553203,33.292,0.0,30.18,0.882,-31.0,0.142
2024-11-07,312,11,2024,0.0,telemetry,28.9,19.4,telemetry,Moga,1,3.131,0.4,0.0,1.252,1.5859,0.0,1.5859,0.817,1.7777,0.0,4.6979,-2.9202,2.9149870266552926,33.282,0.0,30.07,0.995,-31.0,0.137
2024-11-08,313,11,2024,0.0,telemetry,26.3,19.0,generated,Moga,1,2.629,0.4,0.0,1.051,1.3315,0.0,1.3315,0.6859,1.5233,0.0,4.6416,-3.1183,2.9038023661368206,33.27,0.0,29.88,1.09,-31.0,0.115
2024-11-09,314,11,2024,0.0,telemetry,27.5,19.8,telemetry,Moga,1,2.748,0.4,0.0,1.099,1.392,0.0,1.392,0.7171,1.5838,0.0,4.5845,-3.0007,2.8930393762601114,33.26,0.0,29.73,1.189,-30.54,0.12
2024-11-10,315,11,2024,0.0,telemetry,28.1,19.6,telemetry,Moga,1,2.882,0.4,0.0,1.153,1.46,0.0,1.46,0.7521,1.6518,0.0,4.527,-2.8752,2.882726728640568,33.249,0.0,29.61,1.294,-30.53,0.126
2024-11-11,316,11,2024,0.0,telemetry,28.6,19.4,telemetry,Moga,1,2.99,0.4,0.0,1.196,1.5145,0.0,1.5145,0.7802,1.7063,0.0,4.4692,-2.7629,2.8728165701731707,33.239,0.0,29.49,1.402,-30.53,0.131
2024-11-12,317,11,2024,0.0,telemetry,28.3,19.6,telemetry,Moga,1,2.886,0.4,0.0,1.154,1.4616,0.0,1.4616,0.7529,1.6534,0.0,4.4114,-2.758,2.862924292567392,33.23,0.0,29.39,1.506,-30.53,0.126
2024-11-13,318,11,2024,0.07,telemetry,26.5,16.6,telemetry,Moga,1,2.883,0.4,0.0,1.153,1.3717,0.0,1.3717,0.7066,1.5635,0.0125,4.3535,-2.79,2.852917061104848,33.22,0.07,29.21,1.604,-30.46,0.119
2024-11-14,319,11,2024,0.0,telemetry,26.9,16.2,telemetry,Moga,1,2.979,0.4,0.0,1.191,1.5088,0.0,1.5088,0.7773,1.7006,0.0,4.2956,-2.595,2.843609320346466,33.21,0.07,29.05,1.573,-30.46,0.13
2024-11-15,320,11,2024,0.13,telemetry,26.4,16.4,telemetry,Moga,1,2.851,0.4,0.0,1.14,1.2798,0.0,1.2798,0.6593,1.4716,0.0232,4.2379,-2.7663,2.8336872381921445,33.2,0.2,28.87,1.535,-30.34,0.111
2024-11-16,321,11,2024,0.07,telemetry,25.8,16.4,telemetry,Moga,1,2.727,0.4,0.0,1.091,1.2926,0.0,1.2926,0.6659,1.4844,0.0125,4.1801,-2.6957,2.8240184049214796,33.191,0.27,28.68,1.501,-30.28,0.112
2024-11-17,322,11,2024,0.0,telemetry,25.2,16.3,telemetry,Moga,1,2.614,0.4,0.0,1.046,1.3241,0.0,1.3241,0.6821,1.5159,0.0,4.1224,-2.6065,2.814669428817269,33.181,0.27,28.46,1.471,-30.28,0.114
2024-11-18,323,11,2024,0.0,telemetry,25.5,15.9,telemetry,Moga,1,2.696,0.4,0.0,1.078,1.3655,0.0,1.3655,0.7034,1.5573,0.0,4.0649,-2.5076,2.8056751466795573,33.172,0.27,28.28,1.447,-30.28,0.118
2024-11-19,324,11,2024,0.0,telemetry,25.6,15.8,telemetry,Moga,1,2.708,0.4,0.0,1.083,1.3719,0.0,1.3719,0.7067,1.5637,0.0,4.0077,-2.444,2.796908881198087,33.164,0.27,28.06,1.422,-30.8,0.119
2024-11-20,325,11,2024,0.0,telemetry,25.2,15.0,telemetry,Moga,1,2.705,0.4,0.0,1.082,1.3702,0.0,1.3702,0.7059,1.562,0.0,3.9509,-2.3889,2.7883401943181907,33.155,0.2,27.89,1.402,-30.8,0.118
2024-11-21,326,11,2024,0.0,telemetry,24.9,15.4,telemetry,Moga,1,2.6,0.417,0.0,1.083,1.3719,0.0,1.3719,0.7067,1.5637,0.0,3.8946,-2.3309,2.7799797103173978,33.147,0.2,27.97,1.387,-30.8,0.119
2024-11-22,327,11,2024,0.0,telemetry,25.5,15.1,telemetry,Moga,1,2.717,0.433,0.0,1.177,1.4909,0.0,1.4909,0.768,1.6827,0.0,3.8387,-2.156,2.7722464016182684,33.139,0.07,27.96,1.398,-30.8,0.129
2024-11-23,328,11,2024,0.0,telemetry,25.0,15.3,telemetry,Moga,1,2.6,0.45,0.0,1.17,1.4818,0.0,1.4818,0.7634,1.6736,0.0,3.7836,-2.11,2.764678289006848,33.131,0.0,27.97,1.405,-30.8,0.128
2024-11-24,329,11,2024,0.0,telemetry,26.6,17.5,telemetry,Moga,1,2.632,0.467,0.0,1.228,1.5552,0.0,1.5552,0.8012,1.747,0.0,3.7291,-1.9821,2.757568727064016,33.124,0.0,27.96,1.411,-30.8,0.134
2024-11-25,330,11,2024,0.0,telemetry,25.6,15.7,telemetry,Moga,1,2.636,0.483,0.0,1.274,1.6133,0.0,1.6133,0.8311,1.8051,0.0,3.6755,-1.8704,2.750859830594597,33.118,0.0,27.88,1.419,-30.8,0.139
2024-11-26,331,11,2024,0.0,telemetry,24.7,15.0,telemetry,Moga,1,2.543,0.5,0.0,1.272,1.6102,0.0,1.6102,0.8295,1.802,0.0,3.6229,-1.8209,2.7443287446419298,33.111,0.0,27.78,1.429,-31.27,0.139
2024-11-27,332,11,2024,0.0,telemetry,24.9,14.3,telemetry,Moga,1,2.629,0.517,0.0,1.358,1.7201,0.0,1.7201,0.8861,1.9119,0.0,3.5711,-1.6592,2.7383774437074817,33.105,0.0,27.55,1.454,-31.21,0.149
2024-11-28,333,11,2024,0.0,telemetry,25.0,14.3,telemetry,Moga,1,2.634,0.533,0.0,1.405,1.7786,0.0,1.7786,0.9162,1.9704,0.0,3.5205,-1.5501,2.7328176808005127,33.099,0.0,27.36,1.473,-31.2,0.154
2024-11-29,334,11,2024,0.0,telemetry,25.1,14.8,telemetry,Moga,1,2.594,0.55,0.0,1.427,1.8065,0.0,1.8065,0.9306,1.9983,0.0,3.4709,-1.4726,2.727535570925449,33.094,0.0,27.15,1.511,-30.5,0.156
2024-11-30,335,11,2024,0.0,telemetry,24.6,14.6,telemetry,Moga,1,2.522,0.567,0.0,1.429,1.8098,0.0,1.8098,0.9323,2.0016,0.0,3.4226,-1.421,2.72243868249962,33.089,0.0,26.9,1.548,-30.5,0.156
2024-12-01,336,12,2024,0.0,telemetry,24.5,14.1,telemetry,Moga,1,2.542,0.583,0.0,1.483,1.8776,0.0,1.8776,0.9672,2.0694,0.0,3.3754,-1.306,2.7177542373425685,33.084,0.0,26.69,1.587,-30.48,0.162
2024-12-02,337,12,2024,0.0,telemetry,25.6,14.0,telemetry,Moga,1,2.711,0.6,0.0,1.626,2.0597,0.0,2.0597,1.0611,2.2515,0.0,3.3294,-1.0779,2.713887830895738,33.081,0.0,26.54,1.637,-30.48,0.178
2024-12-03,338,12,2024,0.0,telemetry,25.4,15.7,telemetry,Moga,1,2.52,0.617,0.0,1.554,1.9676,0.0,1.9676,1.0136,2.1594,0.0,3.2849,-1.1255,2.709850802373961,33.076,0.0,26.38,1.68,-30.47,0.17
2024-12-04,339,12,2024,0.0,telemetry,31.8,20.4,generated,Moga,1,3.117,0.633,0.0,1.974,2.4997,0.0,2.4997,1.2877,2.6915,0.0,3.2416,-0.5501,2.7078775163626077,33.075,0.0,26.44,1.76,-30.47,0.216
2024-12-05,340,12,2024,0.0,telemetry,28.1,16.9,generated,Moga,1,2.827,0.65,0.0,1.838,2.3273,0.0,2.3273,1.1989,2.5191,0.0,3.2003,-0.6812,2.7054340572189086,33.072,0.0,26.39,1.828,-30.46,0.201
2024-12-06,341,12,2024,0.0,telemetry,22.5,12.6,telemetry,Moga,1,2.325,0.667,0.0,1.55,1.9629,0.0,1.9629,1.0112,2.1547,0.0,3.1606,-1.0059,2.7018259618570566,33.068,0.0,26.15,1.862,-30.46,0.17
2024-12-07,342,12,2024,0.0,telemetry,22.2,12.2,telemetry,Moga,1,2.308,0.683,0.0,1.577,1.9968,0.0,1.9968,1.0287,2.1886,0.0,3.122,-0.9334,2.6984781260744337,33.065,0.0,25.93,1.899,-30.45,0.173
2024-12-08,343,12,2024,0.0,telemetry,20.5,11.5,telemetry,Moga,1,2.109,0.7,0.0,1.476,1.8695,0.0,1.8695,0.9631,2.0613,0.0,3.0844,-1.0231,2.6948085593129285,33.061,0.0,25.74,1.921,-30.45,0.162
2024-12-09,344,12,2024,0.0,telemetry,19.9,14.3,generated,Moga,1,1.714,0.717,0.0,1.228,1.5554,0.0,1.5554,0.8013,1.7472,0.0,3.0476,-1.3004,2.690144250018364,33.057,0.0,25.48,1.917,-30.44,0.134
2024-12-10,345,12,2024,0.0,telemetry,20.4,11.1,telemetry,Moga,1,2.119,0.733,0.0,1.554,1.9677,0.0,1.9677,1.0137,2.1595,0.0,3.0113,-0.8518,2.6870891369643406,33.054,0.0,25.23,1.943,-30.43,0.17
2024-12-11,346,12,2024,0.0,telemetry,22.0,9.9,telemetry,Moga,1,2.427,0.75,0.0,1.82,2.3049,0.0,2.3049,1.1874,2.4967,0.0,2.9759,-0.4792,2.6853702890305087,33.052,0.0,25.01,1.985,-30.42,0.199
2024-12-12,347,12,2024,0.0,telemetry,19.1,11.3,telemetry,Moga,1,1.902,0.767,0.0,1.458,1.8467,0.0,1.8467,0.9513,2.0385,0.0,2.942,-0.9035,2.6821296357734177,33.049,0.0,24.7,1.989,-30.42,0.16
2024-12-13,348,12,2024,0.0,telemetry,21.0,11.0,telemetry,Moga,1,2.203,0.783,0.0,1.726,2.1851,0.0,2.1851,1.1257,2.3769,0.0,2.9088,-0.5319,2.680221822796728,33.047,0.0,24.52,2.016,-30.48,0.189
2024-12-14,349,12,2024,0.0,telemetry,21.4,9.3,telemetry,Moga,1,2.374,0.8,0.0,1.899,2.4047,0.0,2.4047,1.2388,2.5965,0.0,2.8768,-0.2803,2.6792164952337516,33.046,0.0,24.33,2.059,-30.47,0.208
2024-12-15,350,12,2024,0.0,telemetry,21.6,10.3,telemetry,Moga,1,2.333,0.817,0.0,1.905,2.4128,0.0,2.4128,1.243,2.6046,0.0,2.8462,-0.2416,2.6783498977585607,33.045,0.0,24.17,2.097,-30.6,0.208
2024-12-16,351,12,2024,0.0,telemetry,20.6,9.0,telemetry,Moga,1,2.282,0.833,0.0,1.901,2.4077,0.0,2.4077,1.2403,2.5995,0.0,2.817,-0.2175,2.677569774883287,33.044,0.0,24.0,2.122,-30.67,0.208
2024-12-17,352,12,2024,0.0,telemetry,22.4,9.7,telemetry,Moga,1,2.478,0.85,0.0,2.106,2.6667,0.0,2.6667,1.3738,2.8585,0.0,2.7891,0.0694,2.6778187644675344,33.044,0.0,23.91,2.172,-30.65,0.23
2024-12-18,353,12,2024,0.0,telemetry,21.9,10.6,telemetry,Moga,1,2.35,0.867,0.0,2.037,2.5791,0.0,2.5791,1.3286,2.7709,0.0,2.7627,0.0082,2.677848003282954,33.044,0.0,23.79,2.178,-30.56,0.223
2024-12-19,354,12,2024,0.0,telemetry,21.5,9.3,telemetry,Moga,1,2.381,0.883,0.0,2.103,2.6628,0.0,2.6628,1.3717,2.8546,0.0,2.7378,0.1168,2.6782670103371533,33.045,0.0,23.65,2.202,-30.56,0.23
2024-12-20,355,12,2024,0.0,telemetry,21.1,11.0,telemetry,Moga,1,2.209,0.9,0.0,1.988,2.5171,0.0,2.5171,1.2967,2.7089,0.0,2.7142,-0.0053,2.678247926986152,33.045,0.0,23.51,2.241,-30.56,0.217
2024-12-21,356,12,2024,0.0,telemetry,21.8,9.7,telemetry,Moga,1,2.397,0.917,0.0,2.197,2.7822,0.0,2.7822,1.4333,2.974,0.0,2.6918,0.2822,2.6792601819598914,33.046,0.0,23.41,2.297,-30.55,0.24
2024-12-22,357,12,2024,0.0,telemetry,21.6,11.0,telemetry,Moga,1,2.281,0.933,0.0,2.129,2.6962,0.0,2.6962,1.389,2.888,0.0,2.6708,0.2172,2.680039334365947,33.047,0.0,23.28,2.356,-30.55,0.233
2024-12-23,358,12,2024,4.2,telemetry,16.8,11.1,telemetry,Moga,1,1.559,0.95,0.0,1.481,0.0,0.0,0.0,0.0,0.1918,0.7494,2.651,-2.4592,2.6712187033630985,33.038,4.2,23.01,2.245,-26.69,0.0
2024-12-24,359,12,2024,0.0,telemetry,20.9,13.3,telemetry,Moga,1,1.98,0.967,0.0,1.914,2.4242,0.0,2.4242,1.2488,2.616,0.0,2.6292,-0.0132,2.671171286494295,33.038,4.2,22.82,2.278,-26.69,0.209
2024-12-25,360,12,2024,0.07,telemetry,23.9,12.5,telemetry,Moga,1,2.505,0.983,0.0,2.463,3.0305,0.0,3.0305,1.5612,3.2223,0.0125,2.6084,0.6139,2.6733730753624276,33.04,4.27,22.76,2.33,-26.61,0.262
2024-12-26,361,12,2024,0.0,telemetry,24.2,13.1,telemetry,Moga,1,2.506,1.0,0.0,2.506,3.1735,0.0,3.1735,1.6348,3.3653,0.0,2.5894,0.7759,2.676155929287219,33.043,4.27,22.74,2.424,-26.6,0.274
2024-12-27,362,12,2024,10.8,telemetry,24.0,7.3,generated,Moga,1,2.825,1.017,0.0,2.873,0.0,0.0,0.0,0.0,0.1918,1.9271,2.5723,-2.3805,2.6676175617249194,33.034,15.07,22.71,2.268,-16.68,0.0
2024-12-28,363,12,2024,1.2,telemetry,26.6,8.5,generated,Moga,1,3.114,1.033,0.0,3.218,2.5701,0.0,2.5701,1.324,2.7619,0.2141,2.554,0.2079,2.668363252497835,33.035,16.27,22.77,2.28,-15.58,0.222
2024-12-29,364,12,2024,0.0,telemetry,25.8,14.3,generated,Moga,1,2.663,1.05,0.0,2.796,3.5412,0.0,3.5412,1.8243,3.733,0.0,2.5369,1.1961,2.672653287625432,33.039,16.27,22.79,2.361,-15.58,0.306
2024-12-30,365,12,2024,0.0,telemetry,26.3,15.7,generated,Moga,1,2.627,1.067,0.0,2.802,3.5483,0.0,3.5483,1.8279,3.7401,0.0,2.5222,1.2179,2.677021671935999,33.044,12.07,22.85,2.442,-15.58,0.307
2024-12-31,366,12,2024,0.0,telemetry,24.9,14.1,generated,Moga,1,2.555,1.083,0.0,2.768,3.5055,0.0,3.5055,1.8059,3.6973,0.0,2.5096,1.1877,2.681281711861001,33.048,12.07,22.86,2.502,-15.58,0.303
2025-01-01,1,1,2025,0.0,telemetry,15.1,10.6,telemetry,Moga,1,1.355,1.083,0.0,1.468,1.8594,0.0,1.8594,0.9579,2.0512,0.0,2.4989,-0.4477,2.679675749022737,33.046,12.0,22.51,2.451,-15.58,0.161
2025-01-02,2,1,2025,1.6,telemetry,19.5,10.6,telemetry,Moga,1,2.048,1.1,0.0,2.253,0.8531,0.0,0.8531,0.4395,1.0449,0.2855,2.4878,-1.4429,2.674500358882523,33.041,13.6,22.31,2.322,-14.11,0.074
2025-01-03,3,1,2025,0.0,telemetry,22.1,13.9,telemetry,Moga,1,2.149,1.117,0.0,2.399,3.0385,0.0,3.0385,1.5653,3.2303,0.0,2.475,0.7553,2.677209307149472,33.044,2.8,21.99,2.359,-14.11,0.263
2025-01-04,4,1,2025,0.0,telemetry,24.7,12.7,telemetry,Moga,1,2.658,1.133,0.0,3.013,3.8151,0.0,3.8151,1.9654,4.0069,0.0,2.4637,1.5432,2.682744631732552,33.049,1.6,21.88,2.433,-14.11,0.33
2025-01-05,5,1,2025,0.0,telemetry,22.1,14.3,telemetry,Moga,1,2.121,1.15,0.0,2.439,3.0883,0.0,3.0883,1.5909,3.2801,0.0,2.4546,0.8255,2.6857056179476317,33.052,1.6,21.86,2.461,-14.1,0.267
2025-01-06,6,1,2025,0.07,telemetry,20.7,13.9,telemetry,Moga,1,1.937,1.15,0.0,2.228,2.7325,0.0,2.7325,1.4077,2.9243,0.0125,2.4466,0.4777,2.687418921166498,33.054,1.67,21.81,2.656,-14.04,0.236
2025-01-07,7,1,2025,0.0,telemetry,17.1,10.7,telemetry,Moga,1,1.703,1.15,0.0,1.959,2.4807,0.0,2.4807,1.2779,2.6725,0.0,2.4393,0.2332,2.6882555444180793,33.055,1.67,21.7,2.66,-14.04,0.214
2025-01-08,8,1,2025,0.0,telemetry,18.9,9.9,telemetry,Moga,1,2.06,1.15,0.0,2.369,2.9994,0.0,2.9994,1.5451,3.1912,0.0,2.432,0.7592,2.690978526064874,33.058,1.67,21.67,2.658,-14.04,0.259
2025-01-09,9,1,2025,0.07,telemetry,19.5,9.1,telemetry,Moga,1,2.216,1.15,0.0,2.548,3.1385,0.0,3.1385,1.6168,3.3303,0.0125,2.4257,0.9046,2.6942231780081705,33.061,0.14,21.64,2.655,-13.97,0.271
2025-01-10,10,1,2025,0.0,telemetry,19.1,10.6,telemetry,Moga,1,2.046,1.15,0.0,2.353,2.9797,0.0,2.9797,1.535,3.1715,0.0,2.4204,0.7511,2.6969173788691267,33.064,0.14,21.54,2.868,-13.97,0.257
2025-01-11,11,1,2025,0.07,telemetry,18.6,10.4,telemetry,Moga,1,1.997,1.15,0.0,2.296,2.8193,0.0,2.8193,1.4524,3.0111,0.0125,2.4157,0.5954,2.6990528868178822,33.066,0.21,21.52,2.886,-13.9,0.244
2025-01-12,12,1,2025,0.4,telemetry,17.2,12.6,telemetry,Moga,1,1.521,1.15,0.0,1.749,1.7099,0.0,1.7099,0.8809,1.9017,0.0714,2.4115,-0.5098,2.6972242628951397,33.064,0.61,21.4,2.755,-13.48,0.148
2025-01-13,13,1,2025,0.07,telemetry,21.4,10.0,telemetry,Moga,1,2.464,1.15,0.0,2.834,3.5,0.0,3.5,1.803,3.6918,0.0125,2.4062,1.2856,2.70183536002306,33.068,0.61,21.4,2.751,-13.38,0.302
2025-01-14,14,1,2025,0.0,telemetry,20.6,9.2,telemetry,Moga,1,2.417,1.15,0.0,2.78,3.5198,0.0,3.5198,1.8132,3.7116,0.0,2.4024,1.3092,2.7065313150727173,33.073,0.61,21.36,2.752,-13.28,0.304
2025-01-15,15,1,2025,0.0,telemetry,22.1,10.3,telemetry,Moga,1,2.57,1.15,0.0,2.955,3.7419,0.0,3.7419,1.9276,3.9337,0.0,2.3998,1.5339,2.7120329831840504,33.079,0.61,21.41,2.887,-13.27,0.323
2025-01-16,16,1,2025,0.0,telemetry,16.1,11.7,telemetry,Moga,1,1.47,1.15,0.0,1.691,2.1413,0.0,2.1413,1.1031,2.3331,0.0,2.3988,-0.0657,2.7117972180543455,33.078,0.54,21.2,2.979,-13.26,0.185
2025-01-17,17,1,2025,0.07,telemetry,19.9,12.4,telemetry,Moga,1,2.067,1.15,0.0,2.377,2.9213,0.0,2.9213,1.5049,3.1131,0.0125,2.397,0.7161,2.714365698341617,33.081,0.61,21.14,2.971,-13.19,0.252
2025-01-18,18,1,2025,0.0,telemetry,18.7,11.9,telemetry,Moga,1,1.929,1.15,0.0,2.219,2.8094,0.0,2.8094,1.4473,3.0012,0.0,2.3955,0.6057,2.71653812847503,33.083,0.54,21.04,2.899,-13.18,0.243
2025-01-19,19,1,2025,0.0,telemetry,21.4,11.8,telemetry,Moga,1,2.395,1.15,0.0,2.755,3.4885,0.0,3.4885,1.7971,3.6803,0.0,2.3942,1.2861,2.7211511661998835,33.088,0.14,21.05,2.927,-13.18,0.301
2025-01-20,20,1,2025,0.0,telemetry,24.6,15.6,telemetry,Moga,1,2.57,1.15,0.0,2.955,3.7426,0.0,3.7426,1.928,3.9344,0.0,2.3939,1.5405,2.726676606094371,33.093,0.07,21.15,2.999,-13.18,0.323
2025-01-21,21,1,2025,0.0,telemetry,25.3,13.5,telemetry,Moga,1,2.905,1.15,0.0,3.341,4.2307,0.0,4.2307,2.1795,4.4225,0.0,2.395,2.0275,2.7339490423066515,33.101,0.07,21.27,3.124,-13.18,0.366
2025-01-22,22,1,2025,0.07,telemetry,23.6,14.1,telemetry,Moga,1,2.583,1.15,0.0,2.971,3.6736,0.0,3.6736,1.8925,3.8654,0.0125,2.3979,1.4675,2.7392128200468586,33.106,0.14,21.5,3.173,-17.31,0.317
2025-01-23,23,1,2025,0.0,telemetry,21.0,11.9,telemetry,Moga,1,2.377,1.15,0.0,2.734,3.4619,0.0,3.4619,1.7834,3.6537,0.0,2.4017,1.252,2.7437034634100983,33.11,0.14,21.5,3.196,-17.3,0.299
2025-01-24,24,1,2025,0.0,telemetry,23.3,11.3,telemetry,Moga,1,2.815,1.15,0.0,3.237,4.0992,0.0,4.0992,2.1117,4.291,0.0,2.4061,1.8849,2.7504641291072214,33.117,0.07,21.48,3.276,-17.37,0.354
2025-01-25,25,1,2025,0.07,telemetry,22.9,11.9,telemetry,Moga,1,2.72,1.15,0.0,3.128,3.872,0.0,3.872,1.9947,4.0638,0.0125,2.4119,1.6519,2.756389079971999,33.123,0.14,21.44,3.351,-17.3,0.335
2025-01-26,26,1,2025,0.0,telemetry,19.1,10.1,telemetry,Moga,1,2.279,1.15,0.0,2.621,3.3186,0.0,3.3186,1.7096,3.5104,0.0,2.4187,1.0917,2.760304908869982,33.127,0.14,21.27,3.466,-28.09,0.287
2025-01-27,27,1,2025,0.0,telemetry,8.7,-0.5,generated,Moga,1,1.567,1.15,0.0,1.803,2.2826,0.0,2.2826,1.1759,2.4744,0.0,2.4255,0.0489,2.760480330380367,33.127,0.14,20.68,3.379,-29.29,0.197
2025-01-28,28,1,2025,0.07,telemetry,23.5,14.9,telemetry,Moga,1,2.577,1.15,0.0,2.964,3.6646,0.0,3.6646,1.8878,3.8564,0.0125,2.4309,1.4255,2.765593170366439,33.132,0.21,20.6,3.389,-29.22,0.317
2025-01-29,29,1,2025,0.0,telemetry,20.6,12.3,telemetry,Moga,1,2.359,1.15,0.0,2.713,3.4359,0.0,3.4359,1.77,3.6277,0.0,2.437,1.1907,2.769863839106395,33.137,0.14,20.41,3.367,-29.21,0.297
2025-01-30,30,1,2025,0.0,telemetry,22.7,13.8,telemetry,Moga,1,2.589,1.15,0.0,2.977,3.7702,0.0,3.7702,1.9422,3.962,0.0,2.4434,1.5186,2.775310819944728,33.142,0.14,20.34,3.484,-29.12,0.326
2025-01-31,31,1,2025,0.0,telemetry,23.6,13.1,telemetry,Moga,1,2.839,1.15,0.0,3.265,4.1345,0.0,4.1345,2.1299,4.3263,0.0,2.4504,1.8759,2.782039304879871,33.149,0.14,20.62,3.57,-29.01,0.357
2025-02-01,32,2,2025,0.0,telemetry,20.6,7.3,generated,Moga,1,2.826,1.15,0.0,3.25,4.1151,0.0,4.1151,2.1199,4.3069,0.0,2.4585,1.8484,2.788669083661608,33.155,0.07,20.66,3.664,-30.58,0.356
2025-02-02,33,2,2025,0.0,telemetry,24.8,2.8,generated,Moga,1,3.642,1.15,0.0,4.189,5.3043,0.0,5.3043,2.7325,5.4961,0.0,2.4676,3.0285,2.799531726887894,33.166,0.07,20.75,3.793,-30.58,0.458
2025-02-03,34,2,2025,0.0,telemetry,19.6,13.0,telemetry,Moga,1,2.168,1.15,0.0,2.493,3.1572,0.0,3.1572,1.6264,3.349,0.0,2.4792,0.8698,2.8026515748510312,33.169,0.07,20.58,3.751,-30.37,0.273
2025-02-04,35,2,2025,0.0,telemetry,22.5,13.0,telemetry,Moga,1,2.731,1.15,0.0,3.141,3.977,0.0,3.977,2.0488,4.1688,0.0,2.4901,1.6787,2.8086728083094767,33.175,0.0,20.59,3.733,-30.36,0.344
2025-02-05,36,2,2025,0.0,telemetry,20.1,11.7,telemetry,Moga,1,2.452,1.15,0.0,2.819,3.5704,0.0,3.5704,1.8393,3.7622,0.0,2.5015,1.2607,2.8131948416885413,33.18,0.0,20.57,3.726,-30.42,0.308
2025-02-06,37,2,2025,0.0,telemetry,29.4,12.5,generated,Moga,1,4.028,1.15,0.0,4.632,5.8652,0.0,5.8652,3.0215,6.057,0.0,2.5127,3.5443,2.8259076249471735,33.193,0.0,20.98,3.898,-30.42,0.507
2025-02-07,38,2,2025,0.0,telemetry,21.1,10.4,telemetry,Moga,1,2.795,1.15,0.0,3.214,4.0699,0.0,4.0699,2.0966,4.2617,0.0,2.5269,1.7348,2.8321299663351533,33.199,0.0,21.05,3.896,-30.41,0.352
2025-02-08,39,2,2025,0.0,telemetry,20.9,10.3,telemetry,Moga,1,2.789,1.15,0.0,3.208,4.0622,0.0,4.0622,2.0926,4.254,0.0,2.5414,1.7126,2.8382727600010003,33.205,0.0,21.1,3.909,-30.48,0.351
2025-02-09,40,2,2025,0.0,telemetry,25.4,11.8,telemetry,Moga,1,3.469,1.15,0.0,3.989,5.0512,0.0,5.0512,2.6021,5.243,0.0,2.5561,2.6869,2.8479102965536205,33.215,0.0,21.31,4.033,-30.48,0.436
2025-02-10,41,2,2025,0.0,telemetry,23.2,13.6,telemetry,Moga,1,2.92,1.15,0.0,3.357,4.2516,0.0,4.2516,2.1902,4.4434,0.0,2.5722,1.8712,2.85462179120403,33.221,0.0,21.46,4.174,-30.55,0.367
2025-02-11,42,2,2025,0.0,telemetry,24.4,12.6,telemetry,Moga,1,3.27,1.15,0.0,3.76,4.7616,0.0,4.7616,2.4529,4.9534,0.0,2.5887,2.3647,2.8631036458903463,33.23,0.0,21.7,4.252,-30.94,0.411
2025-02-12,43,2,2025,0.0,telemetry,23.7,13.3,telemetry,Moga,1,3.092,1.15,0.0,3.556,4.5034,0.0,4.5034,2.3199,4.6952,0.0,2.606,2.0892,2.8705972394999826,33.237,0.0,21.78,4.328,-31.01,0.389
2025-02-13,44,2,2025,0.0,telemetry,21.6,10.4,telemetry,Moga,1,3.01,1.15,0.0,3.462,4.3838,0.0,4.3838,2.2583,4.5756,0.0,2.6238,1.9518,2.8775981413070917,33.244,0.0,21.81,4.372,-31.01,0.379
2025-02-14,45,2,2025,0.0,telemetry,23.9,10.1,telemetry,Moga,1,3.466,1.15,0.0,3.986,5.0474,0.0,5.0474,2.6002,5.2392,0.0,2.6417,2.5975,2.886914825142241,33.254,0.0,21.87,4.437,-31.01,0.436
2025-02-15,46,2,2025,0.0,telemetry,24.9,13.9,telemetry,Moga,1,3.332,1.15,0.0,3.832,4.853,0.0,4.853,2.5,5.0448,0.0,2.6607,2.3841,2.8954659910608735,33.262,0.0,22.17,4.49,-31.0,0.419
2025-02-16,47,2,2025,0.0,telemetry,23.6,12.4,telemetry,Moga,1,3.26,1.15,0.0,3.749,4.7478,0.0,4.7478,2.4458,4.9396,0.0,2.6804,2.2592,2.9035691794928358,33.27,0.0,22.29,4.45,-31.07,0.41
2025-02-17,48,2,2025,0.0,telemetry,25.8,14.0,telemetry,Moga,1,3.55,1.15,0.0,4.083,5.1702,0.0,5.1702,2.6634,5.362,0.0,2.7006,2.6614,2.913115238714093,33.28,0.0,22.53,4.594,-31.07,0.447
2025-02-18,49,2,2025,0.0,telemetry,25.7,15.3,telemetry,Moga,1,3.411,1.15,0.0,3.923,4.9679,0.0,4.9679,2.5592,5.1597,0.0,2.7216,2.4381,2.9218601170053224,33.289,0.0,22.67,4.665,-31.07,0.429
2025-02-19,50,2,2025,0.0,telemetry,24.8,12.4,telemetry,Moga,1,3.567,1.15,0.0,4.102,5.1939,0.0,5.1939,2.6756,5.3857,0.0,2.7433,2.6424,2.931338097797969,33.298,0.0,22.68,4.781,-31.05,0.449
2025-02-20,51,2,2025,0.87,telemetry,18.6,12.1,telemetry,Moga,1,2.369,1.15,0.0,2.725,2.3561,0.0,2.3561,1.2137,2.5479,0.1552,2.7656,-0.2177,2.93055712459102,33.297,0.87,22.45,4.53,-30.23,0.204
2025-02-21,52,2,2025,0.0,telemetry,24.1,13.2,telemetry,Moga,1,3.398,1.15,0.0,3.908,4.9491,0.0,4.9491,2.5495,5.1409,0.0,2.7849,2.356,2.9390076482856653,33.306,0.87,22.47,4.593,-30.3,0.428
2025-02-22,53,2,2025,0.0,telemetry,22.9,15.5,telemetry,Moga,1,2.864,1.15,0.0,3.293,4.17,0.0,4.17,2.1482,4.3618,0.0,2.8047,1.5571,2.944592568071587,33.311,0.87,22.53,4.6,-30.3,0.36
2025-02-23,54,2,2025,0.0,telemetry,21.2,11.8,generated,Moga,1,3.014,1.15,0.0,3.466,4.3892,0.0,4.3892,2.2611,4.581,0.0,2.824,1.757,2.950894750716989,33.318,0.87,22.46,4.553,-30.3,0.379
2025-02-24,55,2,2025,0.0,telemetry,25.3,14.0,telemetry,Moga,1,3.635,1.15,0.0,4.18,5.293,0.0,5.293,2.7267,5.4848,0.0,2.8429,2.6419,2.960370747406018,33.327,0.87,22.54,4.628,-30.37,0.457
2025-02-25,56,2,2025,0.0,telemetry,20.1,15.8,telemetry,Moga,1,2.156,1.15,0.0,2.479,3.1398,0.0,3.1398,1.6175,3.3316,0.0,2.8628,0.4688,2.9620522574349515,33.329,0.87,22.58,4.512,-30.37,0.271
2025-02-26,57,2,2025,0.0,telemetry,17.7,11.3,generated,Moga,1,2.394,1.15,0.0,2.753,3.4862,0.0,3.4862,1.7959,3.678,0.0,2.8806,0.7974,2.9649125227116544,33.332,0.87,22.88,4.439,-30.37,0.301
2025-02-27,58,2,2025,0.07,telemetry,17.3,12.4,telemetry,Moga,1,2.133,1.15,0.0,2.453,3.0173,0.0,3.0173,1.5544,3.2091,0.0125,2.8968,0.3123,2.966032614372393,33.333,0.07,22.67,4.341,-30.38,0.261
2025-02-28,59,2,2025,0.13,telemetry,17.4,12.8,telemetry,Moga,1,2.097,1.15,0.0,2.412,2.8899,0.0,2.8899,1.4887,3.0817,0.0232,2.911,0.1707,2.9666447689287154,33.333,0.2,22.56,4.187,-30.26,0.25
2025-03-01,60,3,2025,0.0,telemetry,24.5,14.4,telemetry,Moga,1,3.544,1.15,0.0,4.076,5.1613,0.0,5.1613,2.6589,5.3531,0.0,2.9232,2.4299,2.9753604631947557,33.342,0.2,22.62,4.209,-30.19,0.446
2025-03-02,61,3,2025,0.0,telemetry,24.6,14.8,telemetry,Moga,1,3.54,1.15,0.0,4.071,5.1549,0.0,5.1549,2.6556,5.3467,0.0,2.9365,2.4102,2.984005400093792,33.351,0.2,22.66,4.238,-29.63,0.445
2025-03-03,62,3,2025,0.0,telemetry,20.6,13.7,telemetry,Moga,1,2.788,1.15,0.0,3.206,4.0601,0.0,4.0601,2.0916,4.2519,0.0,2.9509,1.301,2.9886719216124273,33.355,0.2,22.66,4.159,-29.37,0.351
2025-03-04,63,3,2025,0.0,telemetry,22.4,12.6,telemetry,Moga,1,3.38,1.15,0.0,3.887,4.9217,0.0,4.9217,2.5354,5.1135,0.0,2.9647,2.1488,2.996379316133993,33.363,0.2,22.58,4.156,-29.37,0.425
2025-03-05,64,3,2025,0.0,telemetry,22.2,11.8,telemetry,Moga,1,3.456,1.15,0.0,3.975,5.0335,0.0,5.0335,2.593,5.2253,0.0,2.9791,2.2462,3.0044358978061423,33.371,0.2,22.66,4.144,-29.37,0.435
2025-03-06,65,3,2025,0.0,telemetry,24.4,13.3,telemetry,Moga,1,3.787,1.15,0.0,4.355,5.5148,0.0,5.5148,2.841,5.7066,0.0,2.9943,2.7123,3.0141644551222426,33.381,0.13,22.73,4.37,-29.36,0.476
2025-03-07,66,3,2025,0.0,telemetry,25.2,13.7,telemetry,Moga,1,3.945,1.15,0.0,4.537,5.7447,0.0,5.7447,2.9594,5.9365,0.0,3.0107,2.9258,3.0246586522236667,33.391,0.0,22.9,4.427,-29.36,0.496
2025-03-08,67,3,2025,0.0,telemetry,26.4,15.0,telemetry,Moga,1,4.087,1.15,0.0,4.7,5.9523,0.0,5.9523,3.0663,6.1441,0.0,3.0286,3.1155,3.0358332584109076,33.402,0.0,22.8,4.554,-29.35,0.514
2025-03-09,68,3,2025,0.0,telemetry,27.7,15.3,telemetry,Moga,1,4.381,1.15,0.0,5.038,6.3801,0.0,6.3801,3.2867,6.5719,0.0,3.0481,3.5238,3.048472376668292,33.415,0.0,23.02,4.696,-29.35,0.551
2025-03-10,69,3,2025,0.0,telemetry,26.6,18.0,telemetry,Moga,1,3.748,1.15,0.0,4.31,5.4581,0.0,5.4581,2.8117,5.6499,0.0,3.0696,2.5803,3.057727301035173,33.424,0.0,23.21,4.708,-29.35,0.472
2025-03-11,70,3,2025,0.0,telemetry,28.2,19.8,telemetry,Moga,1,3.887,1.15,0.0,4.47,5.6606,0.0,5.6606,2.9161,5.8524,0.0,3.0917,2.7607,3.0676294685779006,33.434,0.0,23.3,4.888,-29.35,0.489
2025-03-12,71,3,2025,0.0,telemetry,28.4,19.6,telemetry,Moga,1,4.005,1.15,0.0,4.606,5.8323,0.0,5.8323,3.0045,6.0241,0.0,3.1145,2.9096,3.0780657707276395,33.445,0.0,23.47,5.056,-29.35,0.504
2025-03-13,72,3,2025,0.0,telemetry,29.0,17.6,telemetry,Moga,1,4.511,1.15,0.0,5.188,6.5699,0.0,6.5699,3.3845,6.7617,0.0,3.1381,3.6236,3.0910628792291694,33.458,0.0,23.63,5.31,-29.35,0.568
2025-03-14,73,3,2025,0.2,telemetry,25.5,19.6,telemetry,Moga,1,3.207,1.15,0.0,3.688,4.4175,0.0,4.4175,2.2757,4.6093,0.0357,3.1635,1.4458,3.096248558246393,33.463,0.2,23.69,5.419,-29.09,0.382
2025-03-15,74,3,2025,0.0,telemetry,22.0,16.5,telemetry,Moga,1,2.862,1.15,0.0,3.291,4.1672,0.0,4.1672,2.1467,4.359,0.0,3.1876,1.1714,3.1004501462756546,33.467,0.2,23.7,5.348,-29.08,0.36
2025-03-16,75,3,2025,0.0,telemetry,27.1,14.7,telemetry,Moga,1,4.517,1.15,0.0,5.194,6.5774,0.0,6.5774,3.3884,6.7692,0.0,3.21,3.5592,3.113216316724538,33.48,0.2,23.81,5.449,-29.08,0.568
2025-03-17,76,3,2025,0.0,telemetry,27.4,16.4,telemetry,Moga,1,4.391,1.15,0.0,5.05,6.3951,0.0,6.3951,3.2944,6.5869,0.0,3.2342,3.3527,3.125241959904812,33.492,0.2,23.89,5.616,-29.08,0.553
2025-03-18,77,3,2025,0.0,telemetry,28.0,15.5,telemetry,Moga,1,4.693,1.15,0.0,5.396,6.8337,0.0,6.8337,3.5204,7.0255,0.0,3.2596,3.7659,3.1387494242007614,33.505,0.2,24.04,5.753,-29.08,0.59
2025-03-19,78,3,2025,0.0,telemetry,28.8,16.9,telemetry,Moga,1,4.735,1.15,0.0,5.445,6.8953,0.0,6.8953,3.5521,7.0871,0.0,3.2869,3.8002,3.152380167619093,33.519,0.2,24.14,5.886,-29.08,0.596
2025-03-20,79,3,2025,0.0,telemetry,29.5,18.2,telemetry,Moga,1,4.756,1.15,0.0,5.47,6.9264,0.0,6.9264,3.5681,7.1182,0.0,3.3157,3.8025,3.16601887747553,33.533,0.2,24.26,5.986,-29.08,0.598
2025-03-21,80,3,2025,0.0,telemetry,29.4,18.7,telemetry,Moga,1,4.678,1.15,0.0,5.38,6.813,0.0,6.813,3.5097,7.0048,0.0,3.3461,3.6587,3.1791418678867385,33.546,0.0,24.42,6.063,-29.08,0.589
2025-03-22,81,3,2025,0.0,telemetry,30.4,19.0,telemetry,Moga,1,4.933,1.129,0.0,5.571,7.0544,0.0,7.0544,3.6341,7.2462,0.0,3.3777,3.8685,3.1930175473380054,33.56,0.0,24.81,6.142,-29.95,0.609
2025-03-23,82,3,2025,0.0,telemetry,29.7,17.1,telemetry,Moga,1,5.057,1.109,0.0,5.606,7.0989,0.0,7.0989,3.657,7.2907,0.0,3.4106,3.8801,3.206934842478509,33.574,0.0,25.0,6.193,-29.94,0.613
2025-03-24,83,3,2025,0.0,telemetry,29.9,16.8,telemetry,Moga,1,5.18,1.088,0.0,5.635,7.1354,0.0,7.1354,3.6758,7.3272,0.0,3.4447,3.8825,3.2208606184612565,33.588,0.0,25.23,6.313,-29.94,0.616
2025-03-25,84,3,2025,0.0,telemetry,31.5,18.0,telemetry,Moga,1,5.468,1.067,0.0,5.835,7.389,0.0,7.389,3.8065,7.5808,0.0,3.48,4.1008,3.235569541451525,33.602,0.0,25.57,6.436,-29.94,0.638
2025-03-26,85,3,2025,0.0,telemetry,33.3,22.7,telemetry,Moga,1,5.245,1.046,0.0,5.488,6.9495,0.0,6.9495,3.58,7.1413,0.0,3.5166,3.6247,3.2485708582025903,33.615,0.0,25.84,6.516,-29.94,0.6
2025-03-27,86,3,2025,2.07,telemetry,33.1,24.9,telemetry,Moga,1,4.74,1.026,0.0,4.861,3.578,0.0,3.578,1.8432,3.7698,0.3694,3.5537,0.2161,3.2493460849188085,33.616,2.07,26.27,6.302,-28.03,0.309
2025-03-28,87,3,2025,0.0,telemetry,26.4,18.9,telemetry,Moga,1,3.939,1.005,0.0,3.959,5.0128,0.0,5.0128,2.5824,5.2046,0.0,3.5869,1.6177,3.2551485690748243,33.622,2.07,26.56,6.345,-28.01,0.433
2025-03-29,88,3,2025,0.0,telemetry,27.1,15.5,telemetry,Moga,1,4.761,0.984,0.0,4.686,5.9336,0.0,5.9336,3.0567,6.1254,0.0,3.6181,2.5073,3.2641416817431153,33.631,2.07,26.89,6.471,-28.08,0.513
2025-03-30,89,3,2025,0.0,telemetry,30.1,15.6,telemetry,Moga,1,5.563,0.963,0.0,5.36,6.7874,0.0,6.7874,3.4965,6.9792,0.0,3.6488,3.3304,3.2760872021674747,33.643,2.07,27.31,6.486,-28.2,0.586
2025-03-31,90,3,2025,0.0,telemetry,30.6,18.6,telemetry,Moga,1,5.307,0.943,0.0,5.002,6.3347,0.0,6.3347,3.2633,6.5265,0.0,3.6801,2.8464,3.286296846796664,33.653,2.07,27.52,6.482,-28.2,0.547
2025-04-01,91,4,2025,0.0,telemetry,30.2,16.3,telemetry,Moga,1,5.558,0.922,0.0,5.124,6.4886,0.0,6.4886,3.3426,6.6804,0.0,3.7112,2.9692,3.296946877998497,33.664,2.07,27.7,6.457,-28.2,0.561
2025-04-02,92,4,2025,0.07,telemetry,30.2,16.8,telemetry,Moga,1,5.518,0.901,0.0,4.973,6.2085,0.0,6.2085,3.1983,6.4003,0.0125,3.7423,2.658,3.306480517226071,33.673,2.14,28.02,6.408,-28.12,0.536
2025-04-03,93,4,2025,0.0,telemetry,32.0,20.3,telemetry,Moga,1,5.514,0.88,0.0,4.855,6.148,0.0,6.148,3.1672,6.3398,0.0,3.7731,2.5667,3.315686878329658,33.682,0.07,28.34,6.352,-28.12,0.531
2025-04-04,94,4,2025,0.0,telemetry,32.5,22.2,telemetry,Moga,1,5.341,0.86,0.0,4.592,5.8147,0.0,5.8147,2.9955,6.0065,0.0,3.8033,2.2032,3.3235893295862056,33.69,0.07,28.69,6.281,-28.12,0.502
2025-04-05,95,4,2025,0.0,telemetry,33.8,18.9,telemetry,Moga,1,6.312,0.839,0.0,5.296,6.7058,0.0,6.7058,3.4545,6.8976,0.0,3.8326,3.065,3.3345831049962196,33.701,0.07,29.0,6.256,-28.12,0.579
2025-04-06,96,4,2025,0.0,telemetry,34.4,19.1,telemetry,Moga,1,6.484,0.818,0.0,5.306,6.7189,0.0,6.7189,3.4613,6.9107,0.0,3.8621,3.0486,3.345518010942586,33.712,0.07,29.31,6.229,-28.12,0.58
2025-04-07,97,4,2025,0.0,telemetry,27.9,20.9,telemetry,Moga,1,4.174,0.798,0.0,3.329,4.2153,0.0,4.2153,2.1715,4.4071,0.0,3.8918,0.5153,3.347366335135863,33.714,0.07,29.36,6.02,-28.12,0.364
2025-04-08,98,4,2025,0.0,telemetry,34.2,18.3,generated,Moga,1,6.596,0.777,0.0,5.124,6.4885,0.0,6.4885,3.3426,6.6803,0.0,3.9182,2.7621,3.357273410131027,33.724,0.07,29.57,5.956,-28.12,0.561
2025-04-09,99,4,2025,0.0,telemetry,35.5,25.4,telemetry,Moga,1,5.784,0.756,0.0,4.373,5.5379,0.0,5.5379,2.8529,5.7297,0.0,3.9447,1.785,3.3636758540408818,33.73,0.0,29.87,5.855,-28.12,0.478
2025-04-10,100,4,2025,0.0,telemetry,36.0,26.7,telemetry,Moga,1,5.678,0.735,0.0,4.176,5.2879,0.0,5.2879,2.7241,5.4797,0.0,3.9699,1.5098,3.3690912578989884,33.736,0.0,30.13,5.977,-28.12,0.457
2025-04-11,101,4,2025,0.47,telemetry,27.5,18.8,telemetry,Moga,1,4.596,0.715,0.0,3.284,3.5659,0.0,3.5659,1.837,3.7577,0.0839,3.9935,-0.2358,3.3682454997160884,33.735,0.47,30.1,5.874,-27.69,0.308
2025-04-12,102,4,2025,0.4,telemetry,32.0,20.5,telemetry,Moga,1,5.708,0.694,0.0,3.961,4.5104,0.0,4.5104,2.3235,4.7022,0.0714,4.0133,0.6889,3.37071642194015,33.737,0.87,30.2,5.772,-27.32,0.39
2025-04-13,103,4,2025,0.07,telemetry,29.5,19.5,telemetry,Moga,1,5.132,0.673,0.0,3.455,4.2863,0.0,4.2863,2.2081,4.4781,0.0125,4.0309,0.4472,3.372320419771872,33.739,0.94,30.33,5.594,-27.31,0.37
2025-04-14,104,4,2025,0.0,telemetry,33.6,11.6,generated,Moga,1,7.3,0.652,0.0,4.763,6.031,0.0,6.031,3.1069,6.2228,0.0,4.0461,2.1767,3.3801278976546176,33.747,0.94,30.72,5.572,-27.07,0.521
2025-04-15,105,4,2025,0.0,telemetry,32.9,15.3,generated,Moga,1,6.798,0.632,0.0,4.295,5.4383,0.0,5.4383,2.8015,5.6301,0.0,4.0614,1.5687,3.385754522751197,33.752,0.94,30.91,5.497,-26.98,0.47
2025-04-16,106,4,2025,0.0,telemetry,32.8,18.6,generated,Moga,1,6.364,0.611,0.0,3.888,4.9241,0.0,4.9241,2.5367,5.1159,0.0,4.076,1.0399,3.389484387455621,33.756,0.94,31.09,5.405,-26.98,0.425
2025-04-17,107,4,2025,0.0,telemetry,32.4,24.5,generated,Moga,1,5.066,0.59,0.0,2.99,3.7868,0.0,3.7868,1.9508,3.9786,0.0,4.0893,-0.1107,3.3890875009392816,33.756,0.94,31.24,5.237,-26.98,0.327
2025-04-18,108,4,2025,18.07,telemetry,31.3,19.6,generated,Moga,1,5.787,0.57,0.0,3.296,0.0,0.0,0.0,0.0,0.1918,3.2242,4.0996,-3.9078,3.3750708145612958,33.742,18.54,31.32,4.821,-10.41,0.0
2025-04-19,109,4,2025,0.0,telemetry,34.9,23.8,generated,Moga,1,6.168,0.549,0.0,3.385,4.2861,0.0,4.2861,2.208,4.4779,0.0,4.1047,0.3732,3.3764093011493945,33.743,18.14,31.5,4.648,-10.25,0.37
2025-04-20,110,4,2025,0.0,telemetry,31.4,14.8,generated,Moga,1,6.566,0.528,0.0,3.467,4.3905,0.0,4.3905,2.2618,4.5823,0.0,4.1084,0.4739,3.3781090751540486,33.745,18.07,31.57,4.482,-10.21,0.379
2025-04-21,111,4,2025,0.0,telemetry,26.2,6.4,generated,Moga,1,6.0,0.507,0.0,3.044,3.8543,0.0,3.8543,1.9855,4.0461,0.0,4.1109,-0.0648,3.377876623465343,33.745,18.07,31.43,4.456,-10.21,0.333
2025-04-22,112,4,2025,0.0,telemetry,29.0,18.0,generated,Moga,1,5.435,0.487,0.0,2.644,3.3486,0.0,3.3486,1.725,3.5404,0.0,4.1116,-0.5712,3.375827856368204,33.742,18.07,31.41,4.232,-10.21,0.289
2025-04-23,113,4,2025,0.0,telemetry,30.4,12.2,generated,Moga,1,6.64,0.466,0.0,3.093,3.9172,0.0,3.9172,2.018,4.109,0.0,4.1099,-0.0009,3.3758245606719477,33.742,18.07,31.42,4.116,-9.97,0.338
2025-04-24,114,4,2025,0.0,telemetry,28.6,6.6,generated,Moga,1,6.631,0.445,0.0,2.952,3.7378,0.0,3.7378,1.9255,3.9296,0.0,4.1069,-0.1773,3.37518876360065,33.742,18.07,31.33,4.006,-9.97,0.323
2025-04-25,115,4,2025,0.0,telemetry,26.5,16.1,generated,Moga,1,5.052,0.424,0.0,2.144,2.715,0.0,2.715,1.3986,2.9068,0.0,4.1023,-1.1955,3.370900754465479,33.738,0.0,31.1,3.945,-9.97,0.235
2025-04-26,116,4,2025,0.0,telemetry,30.5,10.6,generated,Moga,1,6.875,0.404,0.0,2.775,3.5145,0.0,3.5145,1.8105,3.7063,0.0,4.0949,-0.3886,3.3695068033049935,33.736,0.0,31.01,3.874,-12.04,0.304
2025-04-27,117,4,2025,0.0,telemetry,33.5,29.5,generated,Moga,1,3.975,0.383,0.0,1.522,1.9273,0.0,1.9273,0.9929,2.1191,0.0,4.0861,-1.967,3.3624514210922944,33.729,0.0,31.25,3.705,-12.04,0.167
2025-04-28,118,4,2025,0.0,telemetry,32.4,11.8,generated,Moga,1,7.322,0.362,0.0,2.652,3.3581,0.0,3.3581,1.7299,3.5499,0.0,4.0738,-0.5239,3.360572116452287,33.727,0.0,31.43,3.514,-12.04,0.29
2025-04-29,119,4,2025,0.0,telemetry,33.0,11.0,generated,Moga,1,7.569,0.341,0.0,2.585,3.273,0.0,3.273,1.6861,3.4648,0.0,4.0604,-0.5956,3.358435978142407,33.725,0.0,31.52,3.36,-11.92,0.283
2025-04-30,120,4,2025,0.0,telemetry,34.8,14.6,generated,Moga,1,7.767,0.321,0.0,2.491,3.1545,0.0,3.1545,1.625,3.3463,0.0,4.0457,-0.6994,3.3559275312358063,33.723,0.0,31.66,3.233,-11.92,0.273
2025-05-01,121,5,2025,0.0,telemetry,32.4,23.8,generated,Moga,0,5.488,0.0,0.0,0.0,0.0,0.0,0.0,0.0,0.1918,0.0,4.0297,-3.8379,3.3421616573031874,33.709,0.0,31.74,2.963,-11.92,0.0
2025-05-02,122,5,2025,3.0,telemetry,33.8,16.4,generated,Moga,0,7.316,0.0,0.0,0.0,0.0,0.0,0.0,0.0,0.1918,0.5353,4.0083,-3.8165,3.3284725066306287,33.695,3.0,31.86,2.963,-9.24,0.0
2025-05-03,123,5,2025,0.2,telemetry,37.2,23.6,generated,Moga,0,7.286,0.0,0.0,0.0,0.0,0.0,0.0,0.0,0.1918,0.0357,3.9824,-3.7906,3.314876334026705,33.682,3.2,32.03,2.656,-9.06,0.0
2025-05-04,124,5,2025,8.93,telemetry,38.0,23.4,generated,Moga,0,7.615,0.0,0.0,0.0,0.0,0.0,0.0,0.0,0.1918,1.5934,3.952,-3.7602,3.3013892524906465,33.668,12.13,32.21,2.343,-0.87,0.0
2025-05-05,125,5,2025,0.2,telemetry,39.7,24.2,generated,Moga,0,8.068,0.0,0.0,0.0,0.0,0.0,0.0,0.0,0.1918,0.0357,3.9187,-3.7269,3.288021421819329,33.655,12.33,32.41,2.068,-0.69,0.0
2025-05-06,126,5,2025,0.0,telemetry,41.7,29.4,generated,Moga,0,7.726,0.0,0.0,0.0,0.0,0.0,0.0,0.0,0.1918,0.0,3.8818,-3.69,3.274786215725741,33.641,12.33,32.65,1.828,-0.69,0.0
2025-05-07,127,5,2025,0.0,telemetry,41.5,24.8,generated,Moga,0,8.617,0.0,0.0,0.0,0.0,0.0,0.0,0.0,0.1918,0.0,3.8414,-3.6496,3.2616957715043973,33.628,12.33,33.11,1.549,-0.69,0.0
2025-05-08,128,5,2025,4.67,telemetry,39.7,26.6,generated,Moga,0,7.649,0.0,0.0,0.0,0.0,0.0,0.0,0.0,0.1918,0.8333,3.798,-3.6062,3.2487609731428555,33.615,17.0,33.29,1.282,3.59,0.0
2025-05-09,129,5,2025,0.2,telemetry,40.1,26.1,generated,Moga,0,7.917,0.0,0.0,0.0,0.0,0.0,0.0,0.0,0.1918,0.0357,3.7526,-3.5608,3.2359891692658267,33.603,14.2,33.44,1.088,3.78,0.0
2025-05-10,130,5,2025,7.73,telemetry,40.7,27.6,generated,Moga,0,7.833,0.0,0.0,0.0,0.0,0.0,0.0,0.0,0.1918,1.3793,3.7047,-3.5129,3.2233889955407315,33.59,21.73,33.6,0.837,10.86,0.0
2025-05-11,131,5,2025,0.0,telemetry,39.1,26.2,generated,Moga,0,7.564,0.0,0.0,0.0,0.0,0.0,0.0,0.0,0.1918,0.0,3.6558,-3.464,3.2109642662917497,33.578,12.8,33.99,0.699,10.4,0.0
2025-05-12,132,5,2025,0.0,telemetry,38.7,28.0,generated,Moga,0,6.998,0.0,0.0,0.0,0.0,0.0,0.0,0.0,0.1918,0.0,3.6049,-3.4131,3.1987219570927885,33.565,12.6,34.21,0.459,10.0,0.0
2025-05-13,133,5,2025,0.0,telemetry,36.9,18.7,generated,Moga,0,8.152,0.0,0.0,0.0,0.0,0.0,0.0,0.0,0.1918,0.0,3.5524,-3.3606,3.1866681568687563,33.553,12.6,34.46,0.225,9.93,0.0
2025-05-14,134,5,2025,0.0,telemetry,39.7,24.6,generated,Moga,0,8.149,0.0,0.0,0.0,0.0,0.0,0.0,0.0,0.1918,0.0,3.4984,-3.3066,3.1748081320960795,33.541,12.6,34.66,0.0,9.93,0.0
2025-05-15,135,5,2025,0.0,telemetry,36.8,23.1,generated,Moga,0,7.434,0.0,1.05,0.0,0.0,9.5427,9.5427,4.9159,9.7345,0.0,3.4431,6.2914,3.1973743158102303,33.564,7.93,34.79,0.0,9.93,0.824
2025-05-16,136,5,2025,0.0,telemetry,35.4,24.7,generated,Moga,0,6.595,0.0,1.05,0.0,0.0,8.4658,8.4658,4.3612,8.6576,0.0,3.3998,5.2578,3.216232928733175,33.583,7.73,34.88,0.0,9.93,0.731
2025-05-17,137,5,2025,0.0,telemetry,34.5,25.1,generated,Moga,0,6.159,0.0,1.05,0.0,0.0,7.9067,7.9067,4.0731,8.0985,0.0,3.3662,4.7323,3.2332066644505923,33.6,0.0,34.95,0.0,9.93,0.683
2025-05-18,138,5,2025,0.0,telemetry,36.9,21.2,generated,Moga,0,7.847,0.0,1.05,0.0,0.0,10.0736,10.0736,5.1894,10.2654,0.0,3.3408,6.9246,3.2580440596192655,33.625,0.0,35.13,0.0,-7.62,0.87
2025-05-19,139,5,2025,0.0,telemetry,40.4,26.8,generated,Moga,0,8.026,0.0,1.05,0.0,0.0,10.3024,10.3024,5.3073,10.4942,0.0,3.3258,7.1684,3.2837559747855423,33.65,0.0,35.32,0.0,-7.62,0.89
2025-05-20,140,5,2025,0.0,telemetry,38.1,24.3,generated,Moga,0,7.719,0.0,1.05,0.0,0.0,9.9082,9.9082,5.1042,10.1,0.0,3.3207,6.7793,3.3080722082193312,33.675,0.0,35.54,0.0,-7.62,0.856
2025-05-21,141,5,2025,0.07,telemetry,38.1,22.3,generated,Moga,0,8.102,0.0,1.05,0.0,0.0,10.315,10.315,5.3138,10.5068,0.0125,3.3242,7.1826,3.3338350704467126,33.7,0.07,35.94,0.0,-7.55,0.891
2025-05-22,142,5,2025,0.0,telemetry,40.6,26.3,generated,Moga,0,8.241,0.0,1.05,0.0,0.0,10.5792,10.5792,5.4499,10.771,0.0,3.336,7.435,3.3605029173738856,33.727,0.07,36.32,0.0,-7.55,0.914
2025-05-23,143,5,2025,0.0,telemetry,38.6,20.3,generated,Moga,0,8.607,0.0,1.05,0.0,0.0,11.0483,11.0483,5.6915,11.2401,0.0,3.356,7.8841,3.388781840937817,33.755,0.07,36.6,0.0,-7.55,0.955
2025-05-24,144,5,2025,10.27,telemetry,35.1,24.4,generated,Moga,0,6.631,0.0,1.05,0.0,0.0,0.0,0.0,0.0,0.1918,1.8325,3.3839,-3.1921,3.377332391348108,33.744,10.34,36.81,0.0,1.86,0.0
2025-05-25,145,5,2025,4.13,telemetry,35.5,21.9,generated,Moga,0,7.32,0.0,1.05,0.0,0.0,4.5144,4.5144,2.3256,4.7062,0.7369,3.4053,1.3009,3.381998312070935,33.749,14.47,37.11,0.0,5.65,0.39
2025-05-26,146,5,2025,0.0,telemetry,34.5,19.4,generated,Moga,0,7.432,0.0,1.05,0.0,0.0,9.5399,9.5399,4.9145,9.7317,0.0,3.4262,6.3055,3.4046149008465467,33.771,14.47,37.25,0.0,5.65,0.824
2025-05-27,147,5,2025,0.0,telemetry,37.3,27.6,generated,Moga,0,6.696,0.0,1.05,0.0,0.0,8.5954,8.5954,4.4279,8.7872,0.0,3.4529,5.3343,3.4237481630651914,33.79,14.47,37.37,0.0,5.65,0.743
2025-05-28,148,5,2025,0.0,telemetry,38.7,17.8,generated,Moga,0,9.017,0.0,1.05,0.0,0.0,11.5747,11.5747,5.9627,11.7665,0.0,3.4835,8.283,3.453457924328717,33.82,14.4,37.58,0.0,5.65,1.0
2025-05-29,149,5,2025,0.0,telemetry,42.0,30.1,generated,Moga,0,7.964,0.0,1.05,0.0,0.0,10.2236,10.2236,5.2667,10.4154,0.0,3.5217,6.8937,3.4781844021452226,33.845,14.4,37.88,0.0,5.65,0.883
2025-05-30,150,5,2025,2.6,telemetry,40.7,30.5,generated,Moga,0,7.319,0.0,1.05,0.0,0.0,6.2826,6.2826,3.2365,6.4744,0.4639,3.565,2.9094,3.488619862083555,33.855,17.0,38.08,0.0,8.04,0.543
2025-05-31,151,5,2025,0.07,telemetry,36.8,24.6,generated,Moga,0,7.276,0.0,1.05,0.0,0.0,9.2551,9.2551,4.7678,9.4469,0.0125,3.6079,5.839,3.5095634392597956,33.876,6.8,38.23,0.0,8.1,0.8
2025-06-01,152,6,2025,0.0,telemetry,36.8,32.8,generated,Moga,0,4.523,0.0,1.052,0.0,0.0,5.8156,5.8156,2.9959,6.0074,0.0,3.6539,2.3535,3.51800485493024,33.885,2.67,38.33,0.0,5.16,0.502
2025-06-02,153,6,2025,0.0,telemetry,39.1,25.7,generated,Moga,0,7.906,0.0,1.055,0.0,0.0,10.2019,10.2019,5.2555,10.3937,0.0,3.6982,6.6955,3.542020480355406,33.909,2.67,38.39,0.0,4.97,0.881
2025-06-03,154,6,2025,8.33,telemetry,35.1,25.0,generated,Moga,0,6.548,0.0,1.059,0.0,0.0,0.0,0.0,0.0,0.1918,4.0874,3.7467,-3.5549,3.5292698665174,33.896,11.0,38.29,0.0,3.67,0.0
2025-06-04,155,6,2025,1.13,telemetry,35.5,24.3,generated,Moga,0,6.878,0.0,1.063,0.0,0.0,7.5676,7.5676,3.8985,7.7594,0.5545,3.7882,3.9712,3.54351400518995,33.91,12.13,38.15,0.0,4.52,0.654
2025-06-05,156,6,2025,0.2,telemetry,39.2,30.6,generated,Moga,0,6.663,0.0,1.066,0.0,0.0,8.4429,8.4429,4.3494,8.6347,0.0981,3.8309,4.8038,3.560744375255564,33.927,12.33,38.07,0.0,4.72,0.729
2025-06-06,157,6,2025,0.0,telemetry,36.7,21.3,generated,Moga,0,7.923,0.0,1.07,0.0,0.0,10.3648,10.3648,5.3394,10.5566,0.0,3.8756,6.681,3.584708074665919,33.951,9.73,37.91,0.0,4.73,0.895
2025-06-07,158,6,2025,0.0,telemetry,38.5,28.2,generated,Moga,0,7.086,0.0,1.074,0.0,0.0,9.3011,9.3011,4.7915,9.4929,0.0,3.9244,5.5685,3.6046811097575113,33.971,9.66,37.87,0.0,0.06,0.804
2025-06-08,159,6,2025,0.0,telemetry,34.7,27.3,generated,Moga,0,5.733,0.0,1.077,0.0,0.0,7.5509,7.5509,3.8899,7.7427,0.0,3.9757,3.767,3.6181927691925697,33.985,9.66,37.69,0.0,-0.14,0.652
2025-06-09,160,6,2025,0.0,telemetry,35.7,18.3,generated,Moga,0,8.075,0.0,1.081,0.0,0.0,10.6704,10.6704,5.4969,10.8622,0.0,4.0265,6.8357,3.6427110764210426,34.009,9.66,37.52,0.0,-7.87,0.922
2025-06-10,161,6,2025,0.0,telemetry,42.5,32.0,telemetry,Moga,0,7.711,0.0,1.085,0.0,0.0,10.224,10.224,5.2669,10.4158,0.0,4.0813,6.3345,3.6654319567914664,34.032,1.33,37.64,0.0,-7.87,0.883
2025-06-11,162,6,2025,0.0,telemetry,41.9,32.0,telemetry,Moga,0,7.449,0.0,1.088,0.0,0.0,9.9103,9.9103,5.1053,10.1021,0.0,4.1388,5.9633,3.686821256341639,34.053,0.2,37.74,0.0,-7.87,0.856
2025-06-12,163,6,2025,0.0,telemetry,40.8,30.7,telemetry,Moga,0,7.362,0.0,1.092,0.0,0.0,9.8264,9.8264,5.0621,10.0182,0.0,4.1984,5.8198,3.707695863950747,34.074,0.0,37.87,0.0,-7.87,0.849
2025-06-13,164,6,2025,0.0,telemetry,40.8,26.7,telemetry,Moga,0,8.376,0.0,1.095,0.0,0.0,11.217,11.217,5.7785,11.4088,0.0,4.2596,7.1492,3.7333386099662036,34.1,0.0,37.91,0.0,-7.87,0.969
2025-06-14,165,6,2025,0.0,telemetry,40.3,29.4,telemetry,Moga,0,7.523,0.0,1.099,0.0,0.0,10.1086,10.1086,5.2075,10.3004,0.0,4.3242,5.9762,3.754774138772793,34.121,0.0,38.03,0.0,-7.87,0.873
2025-06-15,166,6,2025,0.27,telemetry,38.8,27.6,telemetry,Moga,0,7.388,0.0,1.103,0.0,0.0,9.631,9.631,4.9614,9.8228,0.1325,4.3902,5.4326,3.774259990853125,34.141,0.27,38.14,0.0,-7.62,0.832
2025-06-16,167,6,2025,0.0,telemetry,38.1,29.0,telemetry,Moga,0,6.706,0.0,1.106,0.0,0.0,9.0708,9.0708,4.6728,9.2626,0.0,4.4568,4.8058,3.791497694604364,34.158,0.27,38.26,0.0,-7.62,0.784
2025-06-17,168,6,2025,6.2,telemetry,34.0,28.0,telemetry,Moga,0,5.176,0.0,1.11,0.0,0.0,0.0,0.0,0.0,0.1918,3.0423,4.5229,-4.3311,3.775962816491374,34.143,6.47,38.16,0.0,-1.94,0.0
2025-06-18,169,6,2025,5.6,telemetry,37.6,28.1,telemetry,Moga,0,6.76,0.0,1.114,0.0,0.0,2.6636,2.6636,1.3722,2.8554,2.7478,4.5785,-1.7231,3.769782396820627,34.136,12.07,38.07,0.0,3.19,0.23
2025-06-19,170,6,2025,0.07,telemetry,36.3,28.6,telemetry,Moga,0,6.038,0.0,1.117,0.0,0.0,8.1615,8.1615,4.2044,8.3533,0.0343,4.6278,3.7255,3.783145062983477,34.15,12.14,38.01,0.0,3.26,0.705
2025-06-20,171,6,2025,0.0,telemetry,31.6,27.4,telemetry,Moga,0,4.197,0.0,1.121,0.0,0.0,5.7517,5.7517,2.963,5.9435,0.0,4.6768,1.2667,3.787688634696321,34.154,12.14,37.79,0.0,3.77,0.497
2025-06-21,172,6,2025,0.0,telemetry,33.1,26.8,telemetry,Moga,0,5.189,0.0,1.125,0.0,0.0,7.1338,7.1338,3.675,7.3256,0.0,4.7219,2.6037,3.7970274582918693,34.164,12.14,37.54,0.0,3.78,0.616
2025-06-22,173,6,2025,0.73,telemetry,33.7,27.5,telemetry,Moga,0,5.217,0.0,1.128,0.0,0.0,6.3084,6.3084,3.2498,6.5002,0.3582,4.7655,1.7347,3.803249503149851,34.17,12.6,37.38,0.0,4.44,0.545
2025-06-23,174,6,2025,0.4,telemetry,34.3,29.4,telemetry,Moga,0,4.757,0.0,1.132,0.0,0.0,6.0947,6.0947,3.1397,6.2865,0.1963,4.8066,1.4799,3.808557554351636,34.175,13.0,37.35,0.0,-5.46,0.527
2025-06-24,175,6,2025,1.13,telemetry,32.7,27.4,telemetry,Moga,0,4.767,0.0,1.135,0.0,0.0,5.2481,5.2481,2.7036,5.4399,0.5545,4.845,0.5949,3.81069126290374,34.177,7.93,37.26,0.0,-8.55,0.453
2025-06-25,176,6,2025,0.27,telemetry,42.2,34.0,generated,Moga,0,6.925,0.0,1.139,0.0,0.0,9.3143,9.3143,4.7983,9.5061,0.1325,4.88,4.6261,3.827284295008511,34.194,2.6,37.52,0.0,-8.31,0.805
2025-06-26,177,6,2025,0.07,telemetry,33.2,29.6,telemetry,Moga,0,4.037,0.0,1.143,0.0,0.0,5.5546,5.5546,2.8615,5.7464,0.0343,4.917,0.8294,3.830259239545933,34.197,2.6,37.38,0.0,-8.2,0.48
2025-06-27,178,6,2025,0.2,telemetry,35.7,28.5,telemetry,Moga,0,5.789,0.0,1.146,0.0,0.0,7.8686,7.8686,4.0535,8.0604,0.0981,4.9506,3.1098,3.841413677184325,34.208,2.8,37.28,0.0,-3.57,0.68
2025-06-28,179,6,2025,0.0,telemetry,34.9,27.2,telemetry,Moga,0,5.858,0.0,1.15,0.0,0.0,8.2359,8.2359,4.2427,8.4277,0.0,4.9841,3.4436,3.8537650956742384,34.22,2.8,37.04,0.0,-3.57,0.712
2025-06-29,180,6,2025,3.73,telemetry,31.2,27.9,telemetry,Moga,0,3.716,0.0,1.154,0.0,0.0,0.8163,0.8163,0.4205,1.0081,1.8303,5.0181,-4.01,3.8393819403001705,34.206,5.8,36.73,0.0,-2.76,0.071
2025-06-30,181,6,2025,1.2,telemetry,31.1,26.5,telemetry,Moga,0,4.315,0.0,1.157,0.0,0.0,4.6522,4.6522,2.3966,4.844,0.5888,5.0436,-0.1996,3.8386659901805578,34.205,6.6,36.54,0.0,-1.73,0.402
2025-07-01,182,7,2025,4.87,telemetry,29.1,26.0,telemetry,Moga,0,3.446,0.0,1.161,0.0,0.0,0.0,0.0,0.0,0.1918,2.3896,5.0656,-4.8738,3.8211844117712523,34.188,10.34,36.28,0.0,2.74,0.0
2025-07-02,183,7,2025,0.2,telemetry,36.8,26.8,telemetry,Moga,0,6.764,0.0,1.165,0.0,0.0,9.3865,9.3865,4.8355,9.5783,0.0981,5.0795,4.4988,3.837320792860739,34.204,10.27,36.2,0.0,3.04,0.811
2025-07-03,184,7,2025,0.07,telemetry,34.2,28.2,telemetry,Moga,0,5.173,0.0,1.168,0.0,0.0,7.3025,7.3025,3.7619,7.4943,0.0343,5.097,2.3973,3.845919549453289,34.213,10.27,36.17,0.0,-5.2,0.631
2025-07-04,185,7,2025,0.07,telemetry,34.2,27.4,telemetry,Moga,0,5.459,0.0,1.172,0.0,0.0,7.7344,7.7344,3.9844,7.9262,0.0343,5.1148,2.8114,3.856003432747992,34.223,10.14,36.13,0.0,-2.43,0.668
2025-07-05,186,7,2025,0.0,telemetry,32.8,27.9,telemetry,Moga,0,4.587,0.0,1.175,0.0,0.0,6.5924,6.5924,3.3961,6.7842,0.0,5.1336,1.6506,3.861923942783113,34.229,10.14,35.92,0.0,-2.63,0.57
2025-07-06,187,7,2025,0.0,telemetry,35.3,25.8,telemetry,Moga,0,6.409,0.0,1.179,0.0,0.0,9.2388,9.2388,4.7594,9.4306,0.0,5.1515,4.2791,3.877272307542256,34.244,6.41,35.87,0.0,-1.39,0.798
2025-07-07,188,7,2025,2.67,telemetry,36.1,26.7,telemetry,Moga,0,6.482,0.0,1.183,0.0,0.0,6.1783,6.1783,3.1828,6.3701,1.3101,5.1723,1.1978,3.881568698724975,34.248,7.88,35.79,0.0,1.17,0.534
2025-07-08,189,7,2025,0.0,telemetry,33.3,28.9,telemetry,Moga,0,4.404,0.0,1.186,0.0,0.0,6.3876,6.3876,3.2906,6.5794,0.0,5.1924,1.387,3.886543473953669,34.253,3.01,35.74,0.0,1.24,0.552
2025-07-09,190,7,2025,0.8,telemetry,33.0,26.3,telemetry,Moga,0,5.269,0.0,1.19,0.0,0.0,6.6932,6.6932,3.448,6.885,0.3925,5.2113,1.6737,3.8925467224465167,34.259,3.61,35.65,0.0,1.98,0.578
2025-07-10,191,7,2025,6.6,telemetry,30.7,24.9,telemetry,Moga,0,4.706,0.0,1.194,0.0,0.0,0.0,0.0,0.0,0.1918,3.2385,5.2297,-5.0379,3.8744768318130607,34.241,10.14,35.26,0.0,8.06,0.0
2025-07-11,192,7,2025,0.6,telemetry,34.0,27.6,telemetry,Moga,0,5.264,0.0,1.197,0.0,0.0,6.9748,6.9748,3.5931,7.1666,0.2944,5.2406,1.926,3.8813851000279715,34.248,10.67,35.0,0.0,8.62,0.603
2025-07-12,193,7,2025,11.27,telemetry,36.0,27.3,telemetry,Moga,0,6.238,0.0,1.2,0.0,0.0,0.0,0.0,0.0,0.1918,5.53,5.252,-5.0602,3.863235069928102,34.23,21.94,34.84,0.0,21.84,0.0
2025-07-13,194,7,2025,0.47,telemetry,31.0,28.6,telemetry,Moga,0,3.15,0.0,1.2,0.0,0.0,4.0492,4.0492,2.086,4.241,0.2306,5.2584,-1.0174,3.859585747625625,34.226,22.41,34.51,0.0,22.27,0.35
2025-07-14,195,7,2025,7.47,telemetry,34.4,27.3,telemetry,Moga,0,5.532,0.0,1.2,0.0,0.0,0.0,0.0,0.0,0.1918,3.6654,5.2618,-5.07,3.84140068803219,34.208,27.21,34.31,0.0,29.12,0.0
2025-07-15,196,7,2025,4.33,telemetry,33.7,27.4,telemetry,Moga,0,5.172,0.0,1.2,0.0,0.0,2.4778,2.4778,1.2764,2.6696,2.1247,5.2594,-2.5898,3.8321114242992937,34.199,31.54,34.14,0.0,32.82,0.214
2025-07-16,197,7,2025,1.33,telemetry,34.2,27.3,telemetry,Moga,0,5.429,0.0,1.2,0.0,0.0,6.3553,6.3553,3.2739,6.5471,0.6526,5.2542,1.2929,3.836748924885764,34.203,32.07,34.01,0.0,34.04,0.549
2025-07-17,198,7,2025,0.27,telemetry,32.4,24.5,generated,Moga,0,5.526,0.0,1.2,0.0,0.0,7.778,7.778,4.0068,7.9698,0.1325,5.2504,2.7194,3.8465027713882325,34.213,25.74,33.96,0.0,28.09,0.672
2025-07-18,199,7,2025,2.07,telemetry,30.5,21.6,generated,Moga,0,5.554,0.0,1.2,0.0,0.0,5.6588,5.6588,2.9151,5.8506,1.0157,5.2497,0.6009,3.8486582099070987,34.215,27.21,33.72,0.0,24.39,0.489
2025-07-19,200,7,2025,0.07,telemetry,30.0,20.2,generated,Moga,0,5.693,0.0,1.2,0.0,0.0,8.2671,8.2671,4.2588,8.4589,0.0343,5.2494,3.2095,3.860170166491964,34.227,16.01,33.51,0.0,24.38,0.714
2025-07-20,201,7,2025,0.07,telemetry,31.7,28.3,telemetry,Moga,0,3.731,0.0,1.2,0.0,0.0,5.3882,5.3882,2.7757,5.58,0.0343,5.2524,0.3276,3.8613453237216975,34.228,15.61,33.52,0.0,24.45,0.466
2025-07-21,202,7,2025,0.67,telemetry,29.2,26.1,telemetry,Moga,0,3.382,0.0,1.2,0.0,0.0,4.1475,4.1475,2.1366,4.3393,0.3288,5.2544,-0.9151,3.85806309971669,34.225,8.81,33.39,0.0,25.06,0.358
2025-07-22,203,7,2025,3.47,telemetry,30.1,25.9,telemetry,Moga,0,3.961,0.0,1.2,0.0,0.0,1.6867,1.6867,0.8689,1.8785,1.7027,5.254,-3.3755,3.8459557555346113,34.213,7.95,33.27,0.0,27.51,0.146
2025-07-23,204,7,2025,2.0,telemetry,31.7,25.7,telemetry,Moga,0,4.799,0.0,1.2,0.0,0.0,4.6345,4.6345,2.3875,4.8263,0.9814,5.2492,-0.4229,3.844439022638126,34.211,8.62,33.18,0.0,28.94,0.4
2025-07-24,205,7,2025,0.13,telemetry,34.1,26.9,telemetry,Moga,0,5.451,0.0,1.2,0.0,0.0,7.8388,7.8388,4.0382,8.0306,0.0638,5.2437,2.7869,3.8544350169515598,34.221,8.48,33.23,0.0,27.93,0.677
2025-07-25,206,7,2025,0.07,telemetry,35.4,27.4,generated,Moga,0,5.843,0.0,1.2,0.0,0.0,8.4868,8.4868,4.372,8.6786,0.0343,5.2415,3.4371,3.866763432987667,34.233,6.48,33.0,0.0,28.43,0.733
2025-07-26,207,7,2025,0.07,telemetry,34.1,29.7,generated,Moga,0,4.37,0.0,1.2,0.0,0.0,6.325,6.325,3.2583,6.5168,0.0343,5.2429,1.2739,3.8713325739894247,34.238,6.48,33.03,0.0,28.73,0.546
2025-07-27,208,7,2025,4.07,telemetry,36.2,28.2,telemetry,Moga,0,5.917,0.0,1.2,0.0,0.0,3.8662,3.8662,1.9917,4.058,1.9971,5.2449,-1.1869,3.8670755108257064,34.234,10.48,33.05,0.0,32.26,0.334
2025-07-28,209,7,2025,0.73,telemetry,33.4,27.0,telemetry,Moga,0,5.071,0.0,1.2,0.0,0.0,6.5517,6.5517,3.3751,6.7435,0.3582,5.2454,1.4981,3.8724490170028876,34.239,10.54,33.0,0.0,32.93,0.566
2025-07-29,210,7,2025,10.8,telemetry,33.1,26.8,telemetry,Moga,0,4.995,0.0,1.2,0.0,0.0,0.0,0.0,0.0,0.1918,5.2994,5.247,-5.0552,3.854316885420993,34.221,17.87,33.06,0.0,39.31,0.0
2025-07-30,211,7,2025,5.4,telemetry,29.2,26.6,telemetry,Moga,0,3.065,0.0,1.2,0.0,0.0,0.0,0.0,0.0,0.1918,2.6497,5.2446,-5.0528,3.836193449494904,34.203,21.27,33.0,0.0,43.62,0.0
2025-07-31,212,7,2025,17.33,telemetry,32.1,26.9,telemetry,Moga,0,4.477,0.0,1.2,0.0,0.0,0.0,0.0,0.0,0.1918,8.5036,5.2365,-5.0447,3.8180990790440874,34.185,38.47,33.1,0.0,54.64,0.0
2025-08-01,213,8,2025,6.73,telemetry,27.6,24.9,telemetry,Moga,0,2.998,0.0,1.2,0.0,0.0,0.0,0.0,0.0,0.1918,3.3023,5.2279,-5.0361,3.800035591685597,34.167,45.13,32.79,0.0,60.81,0.0
2025-08-02,214,8,2025,0.4,telemetry,31.0,24.5,telemetry,Moga,0,4.799,0.0,1.2,0.0,0.0,6.5528,6.5528,3.3757,6.7446,0.1963,5.2149,1.5297,3.805522271545685,34.172,45.46,32.68,0.0,61.42,0.566
2025-08-03,215,8,2025,1.4,telemetry,34.3,27.0,telemetry,Moga,0,5.397,0.0,1.2,0.0,0.0,6.2256,6.2256,3.2071,6.4174,0.687,5.2046,1.2128,3.8098722954106736,34.177,42.79,32.69,0.0,62.64,0.538
2025-08-04,216,8,2025,0.07,telemetry,33.6,28.1,telemetry,Moga,0,4.693,0.0,1.2,0.0,0.0,6.7996,6.7996,3.5028,6.9914,0.0343,5.1967,1.7947,3.8163096032983916,34.183,42.13,32.71,0.0,62.7,0.587
2025-08-05,217,8,2025,0.53,telemetry,32.6,25.5,telemetry,Moga,0,5.123,0.0,1.2,0.0,0.0,6.87,6.87,3.5391,7.0618,0.2601,5.1912,1.8706,3.8230190684946557,34.19,31.86,32.62,0.0,63.19,0.594
2025-08-06,218,8,2025,0.0,telemetry,33.3,26.9,telemetry,Moga,0,4.96,0.0,1.2,0.0,0.0,7.2771,7.2771,3.7488,7.4689,0.0,5.1882,2.2807,3.8311993606971044,34.198,26.46,32.53,0.0,60.52,0.629
2025-08-07,219,8,2025,0.0,telemetry,30.4,26.8,telemetry,Moga,0,3.595,0.0,1.2,0.0,0.0,5.2736,5.2736,2.7167,5.4654,0.0,5.1879,0.2775,3.8321945978464154,34.199,9.13,32.43,0.0,60.56,0.456
2025-08-08,220,8,2025,0.0,telemetry,35.3,25.4,generated,Moga,0,6.17,0.0,1.2,0.0,0.0,9.0516,9.0516,4.6629,9.2434,0.0,5.1873,4.0561,3.8467432171199807,34.213,2.4,32.51,0.0,59.76,0.782
2025-08-09,221,8,2025,0.13,telemetry,33.5,29.1,generated,Moga,0,4.183,0.0,1.2,0.0,0.0,5.9783,5.9783,3.0797,6.1701,0.0638,5.1914,0.9787,3.8502534575346017,34.217,2.13,32.6,0.0,53.28,0.516
2025-08-10,222,8,2025,0.0,telemetry,33.4,25.0,generated,Moga,0,5.518,0.0,1.2,0.0,0.0,8.0949,8.0949,4.1701,8.2867,0.0,5.1959,3.0908,3.861339667769302,34.228,0.73,32.58,0.0,54.0,0.699
2025-08-11,223,8,2025,0.07,telemetry,33.9,26.7,generated,Moga,0,5.213,0.0,1.2,0.0,0.0,7.5628,7.5628,3.896,7.7546,0.0343,5.2034,2.5512,3.8704904915547673,34.237,0.73,32.51,0.0,44.84,0.653
2025-08-12,224,8,2025,1.2,telemetry,33.6,26.0,generated,Moga,0,5.285,0.0,1.2,0.0,0.0,6.3011,6.3011,3.246,6.4929,0.5888,5.2129,1.28,3.8750815876942384,34.242,1.4,32.6,0.0,45.47,0.544
2025-08-13,225,8,2025,0.0,telemetry,34.9,28.2,generated,Moga,0,5.13,0.0,1.2,0.0,0.0,7.526,7.526,3.877,7.7178,0.0,5.223,2.4948,3.884029936844604,34.251,1.4,32.62,0.0,38.17,0.65
2025-08-14,226,8,2025,9.8,telemetry,34.5,28.6,generated,Moga,0,4.8,0.0,1.2,0.0,0.0,0.0,0.0,0.0,0.1918,4.8087,5.2348,-5.043,3.865941608060781,34.233,11.2,32.64,0.0,42.83,0.0
2025-08-15,227,8,2025,2.53,telemetry,34.3,26.4,generated,Moga,0,5.402,0.0,1.2,0.0,0.0,4.8948,4.8948,2.5216,5.0866,1.2414,5.2416,-0.155,3.865385618317673,34.232,13.73,32.65,0.0,43.97,0.423
2025-08-16,228,8,2025,0.0,telemetry,33.5,25.4,generated,Moga,0,5.351,0.0,1.2,0.0,0.0,7.8502,7.8502,4.044,8.042,0.0,5.2478,2.7942,3.8754078076114538,34.242,13.6,32.68,0.0,43.98,0.678
2025-08-17,229,8,2025,0.0,telemetry,33.3,27.4,generated,Moga,0,4.639,0.0,1.2,0.0,0.0,6.8055,6.8055,3.5059,6.9973,0.0,5.2566,1.7407,3.8816514357924388,34.248,13.6,32.78,0.0,41.99,0.588
2025-08-18,230,8,2025,0.0,telemetry,33.4,27.6,generated,Moga,0,4.599,0.0,1.2,0.0,0.0,6.7464,6.7464,3.4754,6.9382,0.0,5.2662,1.672,3.8876486059848756,34.254,13.53,32.89,0.0,41.93,0.583
2025-08-19,231,8,2025,0.0,telemetry,33.4,26.4,generated,Moga,0,4.972,0.0,1.2,0.0,0.0,7.2949,7.2949,3.758,7.4867,0.0,5.2765,2.2102,3.8955762874159143,34.262,12.33,32.95,0.0,41.86,0.63
2025-08-20,232,8,2025,0.07,telemetry,34.0,25.6,generated,Moga,0,5.417,0.0,1.2,0.0,0.0,7.8615,7.8615,4.0499,8.0533,0.0343,5.2881,2.7652,3.905494666806901,34.272,12.4,33.11,0.0,41.39,0.679
2025-08-21,233,8,2025,0.27,telemetry,35.1,28.4,generated,Moga,0,5.018,0.0,1.2,0.0,0.0,7.033,7.033,3.6231,7.2248,0.1325,5.3014,1.9234,3.9123935374057557,34.279,2.87,33.27,0.0,38.32,0.608
2025-08-22,234,8,2025,0.0,telemetry,35.8,28.9,generated,Moga,0,5.136,0.0,1.2,0.0,0.0,7.5348,7.5348,3.8816,7.7266,0.0,5.3157,2.4109,3.9210410360059353,34.288,0.34,33.41,0.0,36.33,0.651
2025-08-23,235,8,2025,0.0,telemetry,36.5,27.6,generated,Moga,0,5.777,0.0,1.2,0.0,0.0,8.4752,8.4752,4.366,8.667,0.0,5.3312,3.3358,3.9330060692539073,34.3,0.34,33.49,0.0,37.02,0.732
2025-08-24,236,8,2025,23.27,telemetry,35.9,26.4,generated,Moga,0,5.839,0.0,1.2,0.0,0.0,0.0,0.0,0.0,0.1918,11.4183,5.349,-5.1572,3.9145082167690695,34.281,23.61,33.51,0.0,58.58,0.0
2025-08-25,237,8,2025,21.07,telemetry,33.8,26.7,generated,Moga,0,4.936,0.0,1.2,0.0,0.0,0.0,0.0,0.0,0.1918,10.3387,5.3663,-5.1745,3.8959483447419934,34.263,44.68,33.5,0.0,77.82,0.0
2025-08-26,238,8,2025,7.93,telemetry,32.8,26.0,generated,Moga,0,4.727,0.0,1.2,0.0,0.0,0.0,0.0,0.0,0.1918,3.8911,5.3825,-5.1907,3.877330265617586,34.244,52.61,33.38,0.0,81.05,0.0
2025-08-27,239,8,2025,0.0,telemetry,32.3,28.2,generated,Moga,0,3.722,0.0,1.2,0.0,0.0,5.4599,5.4599,2.8127,5.6517,0.0,5.3929,0.2588,3.8782585521422983,34.245,52.54,33.35,0.0,81.92,0.472
2025-08-28,240,8,2025,0.0,telemetry,32.5,23.1,generated,Moga,0,5.326,0.0,1.2,0.0,0.0,7.814,7.814,4.0254,8.0058,0.0,5.4022,2.6036,3.8875971003168606,34.254,52.27,33.33,0.0,71.42,0.675
2025-08-29,241,8,2025,0.0,telemetry,31.5,23.4,generated,Moga,0,4.886,0.0,1.2,0.0,0.0,7.1683,7.1683,3.6928,7.3601,0.0,5.4142,1.9459,3.8945768446428186,34.261,52.27,33.4,0.0,67.32,0.619
2025-08-30,242,8,2025,0.93,telemetry,32.3,25.3,generated,Moga,0,4.658,0.0,1.2,0.0,0.0,5.7053,5.7053,2.9391,5.8971,0.4563,5.4273,0.4698,3.8962619999804766,34.263,53.2,33.41,0.0,50.84,0.493
2025-08-31,243,8,2025,28.73,telemetry,32.3,25.6,generated,Moga,0,4.552,0.0,1.2,0.0,0.0,0.0,0.0,0.0,0.1918,14.0974,5.4399,-5.2481,3.8774379714434435,34.244,58.66,33.57,0.0,70.45,0.0
2025-09-01,244,9,2025,28.67,telemetry,33.0,27.0,generated,Moga,0,4.386,0.0,1.2,0.0,0.0,0.0,0.0,0.0,0.1918,14.068,5.455,-5.2632,3.858559994538792,34.225,66.26,33.63,0.0,96.33,0.0
2025-09-02,245,9,2025,6.4,telemetry,35.0,22.1,generated,Moga,0,6.208,0.0,1.2,0.0,0.0,1.6838,1.6838,0.8674,1.8756,3.1404,5.4725,-3.5969,3.845658483078066,34.212,64.73,33.66,0.0,100.79,0.145
2025-09-03,246,9,2025,56.2,telemetry,33.3,24.3,generated,Moga,0,5.19,0.0,1.2,0.0,0.0,0.0,0.0,0.0,0.1918,27.5765,5.4864,-5.2946,3.8266676817233978,34.193,120.93,33.65,0.0,152.5,0.0
2025-09-04,247,9,2025,6.6,telemetry,33.8,26.1,generated,Moga,0,4.896,0.0,1.2,0.0,0.0,0.0,0.0,0.0,0.1918,3.2385,5.514,-5.3222,3.8075780899994522,34.174,127.53,33.69,0.0,158.61,0.0
2025-09-05,248,9,2025,0.13,telemetry,31.9,21.0,generated,Moga,0,5.373,0.0,1.2,0.0,0.0,7.7244,7.7244,3.9792,7.9162,0.0638,5.5353,2.3809,3.8161179529870592,34.183,127.66,33.64,0.0,159.17,0.667
2025-09-06,249,9,2025,19.13,telemetry,31.7,23.6,generated,Moga,0,4.735,0.0,1.2,0.0,0.0,0.0,0.0,0.0,0.1918,9.3868,5.5594,-5.3676,3.796865509838578,34.164,145.86,33.68,0.0,176.7,0.0
2025-09-07,250,9,2025,6.87,telemetry,32.4,25.1,generated,Moga,0,4.582,0.0,1.2,0.0,0.0,0.0,0.0,0.0,0.1918,3.371,5.5824,-5.3906,3.7775303291688815,34.144,124.0,33.59,0.0,183.01,0.0
2025-09-08,251,9,2025,0.07,telemetry,32.4,27.1,generated,Moga,0,3.968,0.0,1.2,0.0,0.0,5.7364,5.7364,2.9551,5.9282,0.0343,5.6,0.3282,3.7787075548922795,34.145,95.4,33.55,0.0,182.94,0.496
2025-09-09,252,9,2025,0.0,telemetry,30.9,19.3,generated,Moga,0,5.27,0.0,1.2,0.0,0.0,7.7321,7.7321,3.9832,7.9239,0.0,5.6178,2.3061,3.7869792469144334,34.154,89.0,33.47,0.0,182.94,0.668
2025-09-10,253,9,2025,0.0,telemetry,31.7,19.9,generated,Moga,0,5.375,0.0,1.2,0.0,0.0,7.8857,7.8857,4.0623,8.0775,0.0,5.6383,2.4392,3.7957280504978557,34.162,32.8,33.39,0.0,182.91,0.681
2025-09-11,254,9,2025,0.07,telemetry,32.0,26.1,generated,Moga,0,4.063,0.0,1.2,0.0,0.0,5.8754,5.8754,3.0267,6.0672,0.0343,5.6616,0.4056,3.7971828045104785,34.164,26.27,33.34,0.0,181.79,0.508
2025-09-12,255,9,2025,0.0,telemetry,31.4,20.5,generated,Moga,0,5.13,0.0,1.2,0.0,0.0,7.5266,7.5266,3.8773,7.7184,0.0,5.6845,2.0339,3.804477955693676,34.171,26.14,33.22,0.0,182.37,0.65
2025-09-13,256,9,2025,0.07,telemetry,31.9,26.9,generated,Moga,0,3.729,0.0,1.2,0.0,0.0,5.3851,5.3851,2.7741,5.5769,0.0343,5.7092,-0.1323,3.8040032936159465,34.171,7.08,33.14,0.0,172.64,0.465
2025-09-14,257,9,2025,0.0,telemetry,32.9,22.0,generated,Moga,0,5.25,0.0,1.2,0.0,0.0,7.702,7.702,3.9677,7.8938,0.0,5.7326,2.1612,3.8117551562232976,34.178,0.21,33.09,0.0,170.12,0.665
2025-09-15,258,9,2025,0.0,telemetry,35.2,22.3,generated,Moga,0,5.843,0.0,1.2,0.0,0.0,8.5727,8.5727,4.4162,8.7645,0.0,5.7578,3.0067,3.822539771095886,34.189,0.14,33.15,0.0,170.12,0.741
2025-09-16,259,9,2025,0.0,telemetry,34.6,26.9,generated,Moga,0,4.683,0.0,1.2,0.0,0.0,6.8696,6.8696,3.5389,7.0614,0.0,5.7857,1.2757,3.8271154849527984,34.194,0.14,33.19,0.0,170.12,0.594
2025-09-17,260,9,2025,0.0,telemetry,34.6,25.8,generated,Moga,0,4.921,0.0,1.2,0.0,0.0,7.2201,7.2201,3.7194,7.4119,0.0,5.8137,1.5982,3.8328478623138698,34.199,0.14,33.23,0.0,170.12,0.624
2025-09-18,261,9,2025,0.0,telemetry,31.7,19.9,generated,Moga,0,5.147,0.0,1.2,0.0,0.0,7.5513,7.5513,3.8901,7.7431,0.0,5.8422,1.9009,3.8396661408552117,34.206,0.07,33.17,0.0,170.12,0.652
2025-09-19,262,9,2025,0.2,telemetry,31.8,24.8,generated,Moga,0,4.168,0.0,1.2,0.0,0.0,5.8701,5.8701,3.024,6.0619,0.0981,5.8714,0.1905,3.840349353991695,34.207,0.27,33.1,0.0,170.23,0.507
2025-09-20,263,9,2025,0.0,telemetry,32.0,17.9,generated,Moga,0,5.453,0.0,1.2,0.0,0.0,8.0003,8.0003,4.1214,8.1921,0.0,5.8991,2.293,3.848574073530207,34.215,0.2,33.0,0.0,169.96,0.691
2025-09-21,264,9,2025,0.0,telemetry,33.5,21.6,generated,Moga,0,5.283,0.0,1.2,0.0,0.0,7.7508,7.7508,3.9928,7.9426,0.0,5.928,2.0146,3.8558002154178,34.222,0.2,32.92,0.0,169.96,0.67
2025-09-22,265,9,2025,0.0,telemetry,33.3,26.5,generated,Moga,0,4.176,0.0,1.2,0.0,0.0,6.1259,6.1259,3.1558,6.3177,0.0,5.9576,0.3601,3.8570919367955327,34.224,0.2,32.81,0.0,169.96,0.529
2025-09-23,266,9,2025,0.0,telemetry,34.2,25.2,generated,Moga,0,4.755,0.0,1.2,0.0,0.0,6.9757,6.9757,3.5935,7.1675,0.0,5.9855,1.182,3.861331606326207,34.228,0.2,32.76,0.0,146.69,0.603
2025-09-24,267,9,2025,0.0,telemetry,32.4,24.7,generated,Moga,0,4.265,0.0,1.2,0.0,0.0,6.2576,6.2576,3.2236,6.4494,0.0,6.013,0.4364,3.8628970309092483,34.23,0.2,32.71,0.0,125.62,0.541
2025-09-25,268,9,2025,0.0,telemetry,33.6,23.4,generated,Moga,0,4.874,0.0,1.2,0.0,0.0,7.15,7.15,3.6833,7.3418,0.0,6.0389,1.3029,3.867570225593854,34.234,0.2,32.74,0.0,117.69,0.618
2025-09-26,269,9,2025,0.07,telemetry,35.6,28.2,generated,Moga,0,4.428,0.0,1.2,0.0,0.0,6.411,6.411,3.3026,6.6028,0.0343,6.0646,0.5382,3.8695005788638466,34.236,0.07,32.85,0.0,117.75,0.554
2025-09-27,270,9,2025,0.0,telemetry,34.9,26.0,generated,Moga,0,4.685,0.0,1.2,0.0,0.0,6.8732,6.8732,3.5407,7.065,0.0,6.089,0.976,3.873001216960887,34.24,0.07,32.93,0.0,117.9,0.594
2025-09-28,271,9,2025,0.0,telemetry,33.8,20.6,generated,Moga,0,5.287,0.0,1.2,0.0,0.0,7.7569,7.7569,3.996,7.9487,0.0,6.1128,1.8359,3.8795864142156287,34.246,0.07,33.0,0.0,118.03,0.67
2025-09-29,272,9,2025,0.0,telemetry,35.0,27.8,generated,Moga,0,4.242,0.0,1.2,0.0,0.0,6.2233,6.2233,3.2059,6.4151,0.0,6.137,0.2781,3.8805839469644057,34.247,0.07,33.09,0.0,117.1,0.538
2025-09-30,273,9,2025,0.0,telemetry,34.5,23.1,generated,Moga,0,5.023,0.0,1.2,0.0,0.0,7.3688,7.3688,3.796,7.5606,0.0,6.1595,1.4011,3.88560946088154,34.252,0.07,33.17,0.0,88.37,0.637
2025-10-01,274,10,2025,0.0,telemetry,38.4,31.1,generated,Moga,0,4.503,0.0,1.2,0.0,0.0,6.606,6.606,3.4031,6.7978,0.0,6.1819,0.6159,3.8878185608782623,34.254,0.07,33.35,0.0,59.7,0.571
2025-10-02,275,10,2025,0.0,telemetry,39.9,22.8,generated,Moga,0,6.403,0.0,1.2,0.0,0.0,9.3939,9.3939,4.8393,9.5857,0.0,6.2031,3.3826,3.899951327488872,34.267,0.07,33.51,0.0,53.3,0.812
2025-10-03,276,10,2025,0.0,telemetry,37.9,26.5,generated,Moga,0,5.283,0.0,1.189,0.0,0.0,7.6822,7.6822,3.9575,7.874,0.0,6.2269,1.6471,3.905859054367407,34.273,0.0,33.66,0.0,-2.89,0.664
2025-10-04,277,10,2025,0.0,telemetry,38.3,27.4,generated,Moga,0,5.198,0.0,1.175,0.0,0.0,7.4685,7.4685,3.8474,7.6603,0.0,6.2507,1.4096,3.9109150918354327,34.278,0.0,33.81,0.0,-9.49,0.645
2025-10-05,278,10,2025,0.47,telemetry,35.6,25.3,generated,Moga,0,4.781,0.0,1.161,0.0,0.0,6.214,6.214,3.2012,6.4058,0.0839,6.274,0.1318,3.911387813983968,34.278,0.47,33.94,0.0,-9.19,0.537
2025-10-06,279,10,2025,5.53,telemetry,29.7,17.6,generated,Moga,0,4.421,0.0,1.147,0.0,0.0,0.0,0.0,0.0,0.1918,0.9867,6.2953,-6.1035,3.8894955080826814,34.256,6.0,33.87,0.0,-23.13,0.0
2025-10-07,280,10,2025,0.13,telemetry,28.4,7.9,generated,Moga,0,4.957,0.0,1.133,0.0,0.0,6.706,6.706,3.4546,6.8978,0.0232,6.3069,0.5909,3.8916150852567695,34.258,6.13,33.74,0.0,-29.88,0.579
2025-10-08,281,10,2025,0.53,telemetry,27.3,12.8,generated,Moga,0,4.359,0.0,1.119,0.0,0.0,5.3159,5.3159,2.7385,5.5077,0.0946,6.3178,-0.8101,3.888709353219919,34.255,6.66,33.57,0.0,-29.46,0.459
2025-10-09,282,10,2025,0.07,telemetry,25.4,15.7,generated,Moga,0,3.587,0.0,1.105,0.0,0.0,4.758,4.758,2.4511,4.9498,0.0125,6.3263,-1.3765,3.8837720323184217,34.25,6.73,33.38,0.0,-29.4,0.411
2025-10-10,283,10,2025,0.0,telemetry,22.2,7.9,generated,Moga,0,3.704,0.0,1.09,0.0,0.0,4.9382,4.9382,2.5439,5.13,0.0,6.3317,-1.2017,3.879461750744497,34.246,6.73,33.07,0.0,-29.4,0.427
2025-10-11,284,10,2025,0.07,telemetry,23.9,15.1,generated,Moga,0,3.276,0.0,1.076,0.0,0.0,4.2254,4.2254,2.1767,4.4172,0.0125,6.3344,-1.9172,3.872585003087237,34.239,6.8,32.8,0.0,-29.4,0.365
2025-10-12,285,10,2025,0.0,telemetry,26.9,10.7,generated,Moga,0,4.331,0.0,1.062,0.0,0.0,5.6238,5.6238,2.8971,5.8156,0.0,6.3337,-0.5181,3.8707266482377354,34.237,6.33,32.65,0.0,-29.4,0.486
2025-10-13,286,10,2025,0.0,telemetry,30.1,13.1,generated,Moga,0,4.742,0.0,1.048,0.0,0.0,6.0756,6.0756,3.1299,6.2674,0.0,6.3317,-0.0643,3.870496022725904,34.237,0.8,32.59,0.0,-29.47,0.525
2025-10-14,287,10,2025,0.0,telemetry,30.0,18.2,generated,Moga,0,4.171,0.0,1.034,0.0,0.0,5.2724,5.2724,2.7161,5.4642,0.0,6.3291,-0.8649,3.8673938153376626,34.234,0.67,32.49,0.0,-29.47,0.456
2025-10-15,288,10,2025,0.0,telemetry,27.7,15.9,generated,Moga,0,3.914,0.0,1.02,0.0,0.0,4.8795,4.8795,2.5137,5.0713,0.0,6.3248,-1.2535,3.862897705832276,34.23,0.14,32.24,0.0,-29.47,0.422
2025-10-16,289,10,2025,0.0,telemetry,29.9,14.3,generated,Moga,0,4.502,0.0,1.006,0.0,0.0,5.5344,5.5344,2.8511,5.7262,0.0,6.3184,-0.5922,3.860773467165502,34.227,0.07,32.08,0.0,-29.47,0.478
2025-10-17,290,10,2025,0.0,telemetry,29.7,21.3,generated,Moga,0,3.559,0.0,0.991,0.0,0.0,4.3138,4.3138,2.2223,4.5056,0.0,6.311,-1.8054,3.8542979183717163,34.221,0.07,31.92,0.0,-29.47,0.373
2025-10-18,291,10,2025,0.0,telemetry,28.6,15.3,generated,Moga,0,4.081,0.0,0.977,0.0,0.0,4.8764,4.8764,2.5121,5.0682,0.0,6.3009,-1.2327,3.849876502768018,34.217,0.0,31.82,0.0,-29.47,0.421
2025-10-19,292,10,2025,0.0,telemetry,29.1,14.1,generated,Moga,0,4.265,0.0,0.963,0.0,0.0,5.0221,5.0221,2.5871,5.2139,0.0,6.2891,-1.0752,3.8460198319358607,34.213,0.0,31.73,0.0,-29.67,0.434
2025-10-20,293,10,2025,0.0,telemetry,30.0,20.3,generated,Moga,0,3.712,0.0,0.949,0.0,0.0,4.3062,4.3062,2.2183,4.498,0.0,6.276,-1.778,3.8396423420895145,34.206,0.0,31.66,0.0,-29.63,0.372
2025-10-21,294,10,2025,0.0,telemetry,28.4,16.4,generated,Moga,0,3.836,0.0,0.935,0.0,0.0,4.384,4.384,2.2584,4.5758,0.0,6.2606,-1.6848,3.833599160479931,34.2,0.0,31.49,0.0,-29.63,0.379
2025-10-22,295,10,2025,0.0,telemetry,28.6,18.0,generated,Moga,0,3.659,0.0,0.921,0.0,0.0,4.1186,4.1186,2.1217,4.3104,0.0,6.2434,-1.933,3.826665973634314,34.193,0.0,31.33,0.0,-29.63,0.356
2025-10-23,296,10,2025,0.0,telemetry,26.6,17.6,generated,Moga,0,3.249,0.0,0.907,0.0,0.0,3.6012,3.6012,1.8552,3.793,0.0,6.2239,-2.4309,3.8179467625781505,34.185,0.0,31.08,0.0,-29.63,0.311
2025-10-24,297,10,2025,0.0,telemetry,26.1,11.3,generated,Moga,0,3.784,0.0,0.892,0.0,0.0,4.1283,4.1283,2.1267,4.3201,0.0,6.2018,-1.8817,3.8111972768316345,34.178,0.0,30.87,0.0,-29.63,0.357
2025-10-25,298,10,2025,0.0,telemetry,24.0,16.9,generated,Moga,0,2.726,0.0,0.878,0.0,0.0,2.9275,2.9275,1.5081,3.1193,0.0,6.1781,-3.0588,3.800225982729447,34.167,0.0,30.55,0.0,-29.63,0.253
2025-10-26,299,10,2025,0.0,telemetry,25.9,15.4,generated,Moga,0,3.309,0.0,0.864,0.0,0.0,3.4954,3.4954,1.8007,3.6872,0.0,6.1511,-2.4639,3.7913883683636254,34.158,0.0,30.23,0.0,-29.7,0.302
2025-10-27,300,10,2025,0.0,telemetry,28.4,19.5,generated,Moga,0,3.284,0.0,0.85,0.0,0.0,3.4122,3.4122,1.7578,3.604,0.0,6.122,-2.518,3.7823567162222798,34.149,0.0,30.01,0.0,-29.66,0.295
2025-10-28,301,10,2025,0.0,telemetry,29.0,19.3,generated,Moga,0,3.419,0.0,0.0,0.0,0.0,0.0,0.0,0.0,0.1918,0.0,6.0908,-5.899,3.7611978951344303,34.128,0.0,29.85,0.0,-29.66,0.0
2025-10-29,302,10,2025,0.0,telemetry,31.0,16.1,generated,Moga,0,4.147,0.0,0.0,0.0,0.0,0.0,0.0,0.0,0.1918,0.0,6.0531,-5.8613,3.7401743366354268,34.107,0.0,29.72,0.0,-29.66,0.0
2025-10-30,303,10,2025,0.0,telemetry,27.7,14.1,generated,Moga,0,3.681,0.0,0.0,0.0,0.0,0.0,0.0,0.0,0.1918,0.0,6.0095,-5.8177,3.7193073527175073,34.086,0.0,29.49,0.0,-29.66,0.0
2025-10-31,304,10,2025,0.0,telemetry,30.1,15.3,generated,Moga,0,3.99,0.0,0.0,0.0,0.0,0.0,0.0,0.0,0.1918,0.0,5.9604,-5.7686,3.6986162564950553,34.065,0.0,29.21,0.0,-29.66,0.0
2025-11-01,305,11,2025,0.0,telemetry,28.8,11.0,generated,Moga,1,4.044,0.4,0.0,1.618,1.7839,0.0,1.7839,0.919,1.9757,0.0,5.9065,-3.9308,3.6845171259143985,34.051,0.0,28.84,0.127,-29.66,0.154
2025-11-02,306,11,2025,0.0,telemetry,30.0,15.1,generated,Moga,1,3.932,0.4,0.0,1.573,1.7345,0.0,1.7345,0.8935,1.9263,0.0,5.8506,-3.9243,3.670441300581077,34.037,0.0,28.58,0.251,-29.66,0.15
2025-11-03,307,11,2025,0.0,telemetry,29.7,16.2,generated,Moga,1,3.753,0.4,0.0,1.501,1.6556,0.0,1.6556,0.8529,1.8474,0.0,5.7929,-3.9455,3.6562894162841957,34.023,0.0,28.29,0.37,-29.66,0.143
2025-11-04,308,11,2025,0.73,telemetry,29.9,12.0,generated,Moga,1,4.081,0.4,0.0,1.632,0.9998,0.0,0.9998,0.515,1.1916,0.1303,5.7336,-4.542,3.63999826130022,34.007,0.73,28.1,0.441,-29.46,0.086
2025-11-05,309,11,2025,0.0,telemetry,30.6,16.4,generated,Moga,1,3.847,0.4,0.0,1.539,1.6969,0.0,1.6969,0.8742,1.8887,0.0,5.6719,-3.7832,3.6264285364605047,33.993,0.73,28.13,0.562,-34.99,0.147
2025-11-06,310,11,2025,0.0,telemetry,31.4,15.8,generated,Moga,1,4.014,0.4,0.0,1.606,1.7706,0.0,1.7706,0.9121,1.9624,0.0,5.6091,-3.6467,3.6133483470689867,33.98,0.73,28.23,0.689,-35.12,0.153
2025-11-07,311,11,2025,0.0,telemetry,33.2,16.3,generated,Moga,1,4.265,0.4,0.0,1.706,1.8811,0.0,1.8811,0.9691,2.0729,0.0,5.5455,-3.4726,3.6008926137918182,33.968,0.73,28.43,0.823,-35.65,0.163
2025-11-08,312,11,2025,0.0,telemetry,29.2,16.3,generated,Moga,1,3.527,0.4,0.0,1.411,1.5556,0.0,1.5556,0.8014,1.7474,0.0,5.4814,-3.734,3.587499393242874,33.954,0.73,28.56,0.934,-35.72,0.134
2025-11-09,313,11,2025,0.0,telemetry,28.4,15.9,generated,Moga,1,3.397,0.4,0.0,1.359,1.4985,0.0,1.4985,0.772,1.6903,0.0,5.4164,-3.7261,3.5741344138725197,33.941,0.73,28.76,1.041,-35.72,0.129
2025-11-10,314,11,2025,0.0,telemetry,25.2,8.5,generated,Moga,1,3.383,0.4,0.0,1.353,1.4923,0.0,1.4923,0.7688,1.6841,0.0,5.3507,-3.6666,3.56098297272153,33.928,0.73,28.81,1.148,-35.79,0.129
2025-11-11,315,11,2025,0.0,telemetry,24.5,15.1,generated,Moga,1,2.736,0.4,0.0,1.095,1.207,0.0,1.207,0.6218,1.3988,0.0,5.2844,-3.8856,3.5470461809573024,33.914,0.0,28.73,1.234,-35.79,0.104
2025-11-12,316,11,2025,0.0,telemetry,25.2,17.5,generated,Moga,1,2.562,0.4,0.0,1.025,1.1301,0.0,1.1301,0.5822,1.3219,0.0,5.2172,-3.8953,3.533074609401387,33.9,0.0,28.56,1.315,-35.79,0.098
2025-11-13,317,11,2025,0.0,telemetry,26.3,12.3,generated,Moga,1,3.253,0.4,0.0,1.301,1.4348,0.0,1.4348,0.7391,1.6266,0.0,5.1492,-3.5226,3.5204398275460225,33.887,0.0,28.44,1.417,-35.78,0.124
2025-11-14,318,11,2025,0.0,telemetry,29.9,16.4,generated,Moga,1,3.504,0.4,0.0,1.401,1.5454,0.0,1.5454,0.7961,1.7372,0.0,5.081,-3.3438,3.508446396479073,33.875,0.0,28.51,1.528,-35.78,0.134
2025-11-15,319,11,2025,0.0,telemetry,29.6,12.7,generated,Moga,1,3.705,0.4,0.0,1.482,1.6344,0.0,1.6344,0.842,1.8262,0.0,5.0128,-3.1866,3.497016629352598,33.864,0.0,28.5,1.517,-35.77,0.141
2025-11-16,320,11,2025,0.0,telemetry,29.1,18.9,generated,Moga,1,3.071,0.4,0.0,1.228,1.3544,0.0,1.3544,0.6977,1.5462,0.0,4.9449,-3.3987,3.4848259982224046,33.851,0.0,28.48,1.49,-35.77,0.117
2025-11-17,321,11,2025,0.0,telemetry,27.8,15.3,generated,Moga,1,3.181,0.4,0.0,1.272,1.403,0.0,1.403,0.7228,1.5948,0.0,4.877,-3.2822,3.473053248556408,33.84,0.0,28.46,1.472,-35.77,0.121
2025-11-18,322,11,2025,0.0,telemetry,25.5,11.6,generated,Moga,1,3.08,0.4,0.0,1.232,1.3587,0.0,1.3587,0.6999,1.5505,0.0,4.8093,-3.2588,3.461364673483683,33.828,0.0,28.34,1.497,-35.77,0.117
2025-11-19,323,11,2025,0.0,telemetry,23.6,9.5,generated,Moga,1,2.915,0.4,0.0,1.166,1.2857,0.0,1.2857,0.6623,1.4775,0.0,4.7417,-3.2642,3.4496567371897005,33.816,0.0,28.12,1.468,-35.77,0.111
2025-11-20,324,11,2025,0.0,telemetry,25.6,15.0,generated,Moga,1,2.788,0.4,0.0,1.115,1.2295,0.0,1.2295,0.6334,1.4213,0.0,4.6742,-3.2529,3.4379891553939426,33.805,0.0,28.03,1.429,-35.77,0.106
2025-11-21,325,11,2025,0.0,telemetry,27.1,7.3,generated,Moga,1,3.481,0.4,0.0,1.392,1.5352,0.0,1.5352,0.7909,1.727,0.0,4.6069,-2.8799,3.427659436089665,33.794,0.0,27.98,1.405,-35.77,0.133
2025-11-22,326,11,2025,0.0,telemetry,28.2,18.5,generated,Moga,1,2.849,0.417,0.0,1.187,1.309,0.0,1.309,0.6743,1.5008,0.0,4.5403,-3.0395,3.416757352598617,33.783,0.0,28.03,1.387,-35.77,0.113
2025-11-23,327,11,2025,0.0,telemetry,29.6,15.4,generated,Moga,1,3.358,0.433,0.0,1.455,1.6047,0.0,1.6047,0.8267,1.7965,0.0,4.4741,-2.6776,3.4071534073437957,33.774,0.0,28.15,1.395,-35.77,0.139
2025-11-24,328,11,2025,0.0,telemetry,29.0,17.2,generated,Moga,1,3.091,0.45,0.0,1.391,1.5338,0.0,1.5338,0.7901,1.7256,0.0,4.4087,-2.6831,3.397529541900806,33.764,0.0,28.32,1.398,-35.77,0.133
2025-11-25,329,11,2025,0.0,telemetry,28.9,17.2,generated,Moga,1,3.059,0.467,0.0,1.428,1.5742,0.0,1.5742,0.811,1.766,0.0,4.3442,-2.5782,3.3882820995110947,33.755,0.0,28.42,1.424,-35.77,0.136
2025-11-26,330,11,2025,0.13,telemetry,24.2,9.6,generated,Moga,1,2.889,0.483,0.0,1.396,1.3965,0.0,1.3965,0.7194,1.5883,0.0232,4.2805,-2.6922,3.3786256187706685,33.745,0.13,28.28,1.443,-35.65,0.121
2025-11-27,331,11,2025,0.0,telemetry,25.4,17.9,generated,Moga,1,2.343,0.5,0.0,1.172,1.2919,0.0,1.2919,0.6655,1.4837,0.0,4.2175,-2.7338,3.36881985349112,33.735,0.13,28.16,1.433,-35.65,0.112
2025-11-28,332,11,2025,0.0,telemetry,26.3,15.1,generated,Moga,1,2.782,0.517,0.0,1.437,1.5849,0.0,1.5849,0.8165,1.7767,0.0,4.1551,-2.3784,3.3602889206439883,33.727,0.13,28.0,1.435,-35.65,0.137
2025-11-29,333,11,2025,0.0,telemetry,25.4,7.6,generated,Moga,1,3.111,0.533,0.0,1.659,1.8297,0.0,1.8297,0.9426,2.0215,0.0,4.0937,-2.0722,3.352856322005701,33.719,0.13,27.92,1.449,-35.65,0.158
2025-11-30,334,11,2025,0.0,telemetry,26.1,18.5,generated,Moga,1,2.367,0.55,0.0,1.302,1.4354,0.0,1.4354,0.7394,1.6272,0.0,4.0336,-2.4064,3.3442248786373527,33.711,0.13,27.79,1.455,-35.65,0.124
2025-12-01,335,12,2025,0.0,telemetry,27.7,7.0,generated,Moga,1,3.41,0.567,0.0,1.933,2.131,0.0,2.131,1.0978,2.3228,0.0,3.9744,-1.6516,3.3383010366180024,33.705,0.13,27.75,1.507,-35.65,0.184
2025-12-02,336,12,2025,0.0,telemetry,28.1,16.7,generated,Moga,1,2.884,0.583,0.0,1.682,1.8548,0.0,1.8548,0.9555,2.0466,0.0,3.9168,-1.8702,3.3315927904329676,33.698,0.13,27.69,1.543,-35.65,0.16
2025-12-03,337,12,2025,0.0,telemetry,26.4,4.4,generated,Moga,1,3.296,0.6,0.0,1.978,2.181,0.0,2.181,1.1235,2.3728,0.0,3.8607,-1.4879,3.3262560851020173,33.693,0.0,27.58,1.607,-35.65,0.188
2025-12-04,338,12,2025,0.0,telemetry,22.1,2.8,generated,Moga,1,2.804,0.617,0.0,1.729,1.9064,0.0,1.9064,0.9821,2.0982,0.0,3.8062,-1.708,3.3201296939276754,33.687,0.0,27.32,1.655,-36.38,0.165
2025-12-05,339,12,2025,0.0,telemetry,21.1,4.2,generated,Moga,1,2.632,0.633,0.0,1.667,1.8383,0.0,1.8383,0.947,2.0301,0.0,3.7531,-1.723,3.3139496117970793,33.681,0.0,27.0,1.677,-36.38,0.159
2025-12-06,340,12,2025,0.0,telemetry,20.2,9.4,generated,Moga,1,2.246,0.65,0.0,1.46,1.6099,0.0,1.6099,0.8293,1.8017,0.0,3.7011,-1.8994,3.307136630910555,33.674,0.0,26.63,1.698,-36.38,0.139
2025-12-07,341,12,2025,0.0,telemetry,21.3,5.2,generated,Moga,1,2.604,0.667,0.0,1.736,1.9147,0.0,1.9147,0.9864,2.1065,0.0,3.65,-1.5435,3.3016002017620054,33.668,0.0,26.23,1.72,-36.38,0.165
2025-12-08,342,12,2025,0.0,telemetry,18.9,0.2,generated,Moga,1,2.466,0.683,0.0,1.685,1.8581,0.0,1.8581,0.9572,2.0499,0.0,3.6002,-1.5503,3.296039487765352,33.663,0.0,25.89,1.743,-36.38,0.161
2025-12-09,343,12,2025,0.0,telemetry,15.2,-1.0,generated,Moga,1,2.084,0.7,0.0,1.459,1.609,0.0,1.609,0.8289,1.8008,0.0,3.5516,-1.7508,3.28975985890364,33.656,0.0,25.45,1.746,-36.38,0.139
2025-12-10,344,12,2025,0.0,telemetry,15.2,0.6,generated,Moga,1,2.038,0.717,0.0,1.46,1.6105,0.0,1.6105,0.8297,1.8023,0.0,3.5037,-1.7014,3.2836573191143743,33.65,0.0,25.12,1.761,-36.38,0.139
2025-12-11,345,12,2025,0.0,telemetry,14.3,-1.0,generated,Moga,1,1.981,0.733,0.0,1.452,1.6017,0.0,1.6017,0.8251,1.7935,0.0,3.4566,-1.6631,3.2776920475296416,33.644,0.0,24.78,1.783,-36.38,0.138
2025-12-12,346,12,2025,0.0,telemetry,17.9,11.3,generated,Moga,1,1.721,0.75,0.0,1.291,1.4231,0.0,1.4231,0.7331,1.6149,0.0,3.4103,-1.7954,3.2712521586685854,33.638,0.0,24.53,1.772,-36.38,0.123
2025-12-13,347,12,2025,0.0,telemetry,15.5,-1.0,generated,Moga,1,2.1,0.767,0.0,1.61,1.7754,0.0,1.7754,0.9146,1.9672,0.0,3.3646,-1.3974,3.266239919963615,33.633,0.0,24.17,1.768,-36.38,0.153
2025-12-14,348,12,2025,0.27,telemetry,18.0,-1.0,generated,Moga,1,2.363,0.783,0.0,1.851,1.7438,0.0,1.7438,0.8983,1.9356,0.0482,3.3199,-1.3843,3.2612745668603984,33.628,0.27,23.78,1.79,-36.13,0.151
2025-12-15,349,12,2025,0.0,telemetry,16.3,-1.0,generated,Moga,1,2.179,0.8,0.0,1.743,1.9223,0.0,1.9223,0.9903,2.1141,0.0,3.2763,-1.1622,3.2571059966207034,33.624,0.27,23.33,1.775,-36.13,0.166
2025-12-16,350,12,2025,0.0,telemetry,18.8,2.0,generated,Moga,1,2.377,0.817,0.0,1.941,2.1406,0.0,2.1406,1.1027,2.3324,0.0,3.2339,-0.9015,3.253872602394196,33.621,0.27,22.99,1.795,-36.13,0.185
2025-12-17,351,12,2025,0.0,telemetry,22.0,9.5,generated,Moga,1,2.437,0.833,0.0,2.031,2.2399,0.0,2.2399,1.1539,2.4317,0.0,3.1929,-0.7612,3.251142253992346,33.618,0.27,22.8,1.8,-36.13,0.194
2025-12-18,352,12,2025,0.07,telemetry,23.3,4.1,generated,Moga,1,2.835,0.85,0.0,2.41,2.5799,0.0,2.5799,1.329,2.7717,0.0125,3.1535,-0.3818,3.249772736953548,33.616,0.34,22.72,1.848,-36.07,0.223
2025-12-19,353,12,2025,0.0,telemetry,23.0,11.9,generated,Moga,1,2.411,0.867,0.0,2.09,2.3044,0.0,2.3044,1.1871,2.4962,0.0,3.1161,-0.6199,3.2475493447061368,33.614,0.34,22.7,1.881,-36.07,0.199
2025-12-20,354,12,2025,0.0,telemetry,21.7,4.1,generated,Moga,1,2.644,0.883,0.0,2.335,2.5754,0.0,2.5754,1.3267,2.7672,0.0,3.0801,-0.3129,3.246427038838661,33.613,0.34,22.57,1.95,-36.07,0.223
2025-12-21,355,12,2025,0.0,telemetry,21.3,0.3,generated,Moga,1,2.691,0.9,0.0,2.422,2.6705,0.0,2.6705,1.3757,2.8623,0.0,3.0459,-0.1836,3.2457685664236697,33.612,0.07,22.38,2.004,-36.07,0.231
2025-12-22,356,12,2025,0.2,telemetry,22.6,18.6,generated,Moga,1,1.577,0.917,0.0,1.446,1.3741,0.0,1.3741,0.7079,1.5659,0.0357,3.0135,-1.4476,3.240576424505861,33.607,0.27,22.19,1.969,-35.88,0.119
2025-12-23,357,12,2025,0.0,telemetry,24.2,11.2,generated,Moga,1,2.63,0.933,0.0,2.455,2.7069,0.0,2.7069,1.3945,2.8987,0.0,2.981,-0.0823,3.2402812884207552,33.607,0.27,22.01,2.048,-35.53,0.234
2025-12-24,358,12,2025,0.07,telemetry,23.9,12.7,generated,Moga,1,2.484,0.95,0.0,2.36,2.5254,0.0,2.5254,1.301,2.7172,0.0125,2.9503,-0.2331,3.2394451992835833,33.606,0.34,21.84,2.113,-35.47,0.218
2025-12-25,359,12,2025,0.0,telemetry,27.4,15.2,generated,Moga,1,2.811,0.967,0.0,2.717,2.9965,0.0,2.9965,1.5437,3.1883,0.0,2.9211,0.2672,3.2404037199205,33.607,0.27,21.79,2.213,-35.46,0.259
2025-12-26,360,12,2025,0.0,telemetry,22.8,8.4,generated,Moga,1,2.612,0.983,0.0,2.568,2.8322,0.0,2.8322,1.459,3.024,0.0,2.8938,0.1302,3.2408705829086464,33.608,0.27,21.75,2.313,-35.59,0.245
2025-12-27,361,12,2025,0.07,telemetry,19.4,-1.0,generated,Moga,1,2.517,1.0,0.0,2.517,2.698,0.0,2.698,1.3899,2.8898,0.0125,2.8683,0.0215,3.240947821649067,33.608,0.34,21.55,2.379,-34.63,0.233
2025-12-28,362,12,2025,0.07,telemetry,16.1,-1.0,generated,Moga,1,2.167,1.017,0.0,2.203,2.352,0.0,2.352,1.2116,2.5438,0.0125,2.8441,-0.3003,3.239870810643933,33.607,0.41,21.21,2.423,-34.46,0.203
2025-12-29,363,12,2025,0.0,telemetry,13.3,-1.0,generated,Moga,1,1.875,1.033,0.0,1.938,2.137,0.0,2.137,1.1009,2.3288,0.0,2.8207,-0.4919,3.2381064813489995,33.605,0.21,20.8,2.438,-34.46,0.185
2025-12-30,364,12,2025,0.0,telemetry,15.5,-1.0,generated,Moga,1,2.111,1.05,0.0,2.217,2.4446,0.0,2.4446,1.2593,2.6364,0.0,2.7978,-0.1614,3.2375275874874623,33.604,0.21,20.45,2.46,-34.46,0.211
2025-12-31,365,12,2025,0.0,telemetry,16.2,11.9,generated,Moga,1,1.373,1.067,0.0,1.465,1.6155,0.0,1.6155,0.8322,1.8073,0.0,2.7758,-0.9685,3.23405379114086,33.601,0.14,20.07,2.415,-34.46,0.14
2026-01-01,1,1,2026,0.07,telemetry,12.8,6.0,generated,Moga,1,1.479,1.083,0.0,1.602,1.6892,0.0,1.6892,0.8702,1.881,0.0125,2.7535,-0.8725,3.230924314486204,33.598,0.21,19.56,2.352,-34.4,0.146
2026-01-02,2,1,2026,0.0,telemetry,8.9,-1.0,generated,Moga,1,1.43,1.1,0.0,1.573,1.735,0.0,1.735,0.8938,1.9268,0.0,2.7311,-0.8043,3.228039532964322,33.595,0.21,18.97,2.311,-34.27,0.15
2026-01-03,3,1,2026,0.07,telemetry,12.6,-1.0,generated,Moga,1,1.824,1.117,0.0,2.037,2.1692,0.0,2.1692,1.1175,2.361,0.0125,2.7086,-0.3476,3.2267926770284885,33.593,0.21,18.66,2.282,-34.2,0.187
2026-01-04,4,1,2026,0.07,telemetry,13.8,-0.7,generated,Moga,1,1.949,1.133,0.0,2.209,2.3591,0.0,2.3591,1.2153,2.5509,0.0125,2.6868,-0.1359,3.2263053032510243,33.593,0.21,18.41,2.26,-34.14,0.204
2026-01-05,5,1,2026,0.0,telemetry,14.5,10.5,generated,Moga,1,1.278,1.15,0.0,1.47,1.6209,0.0,1.6209,0.835,1.8127,0.0,2.6658,-0.8531,3.2232454392466408,33.59,0.21,18.22,2.277,-34.14,0.14
2026-01-06,6,1,2026,0.07,telemetry,14.6,10.6,generated,Moga,1,1.287,1.15,0.0,1.48,1.5547,0.0,1.5547,0.8009,1.7465,0.0125,2.6446,-0.8981,3.220024201320635,33.587,0.28,18.0,2.195,-34.07,0.134
2026-01-07,7,1,2026,0.07,telemetry,14.6,-1.0,generated,Moga,1,2.064,1.15,0.0,2.373,2.54,0.0,2.54,1.3085,2.7318,0.0125,2.6231,0.1087,3.2204140254124534,33.587,0.35,17.86,2.196,-34.0,0.219
2026-01-08,8,1,2026,0.0,telemetry,21.4,5.4,generated,Moga,1,2.661,1.15,0.0,3.06,3.3744,0.0,3.3744,1.7383,3.5662,0.0,2.6028,0.9634,3.223869521658383,33.591,0.28,18.06,2.223,-34.0,0.292
2026-01-09,9,1,2026,0.0,telemetry,25.0,14.7,generated,Moga,1,2.587,1.15,0.0,2.975,3.2801,0.0,3.2801,1.6897,3.4719,0.0,2.5847,0.8872,3.2270516421751925,33.594,0.28,18.39,2.255,-34.0,0.283
2026-01-10,10,1,2026,0.0,telemetry,30.9,13.0,generated,Moga,1,3.615,1.15,0.0,4.157,4.5843,0.0,4.5843,2.3616,4.7761,0.0,2.5686,2.2075,3.2349696244451613,33.602,0.21,18.94,2.39,-34.0,0.396
2026-01-11,11,1,2026,0.0,telemetry,33.0,20.4,generated,Moga,1,3.41,1.15,0.0,3.922,4.3244,0.0,4.3244,2.2277,4.5162,0.0,2.556,1.9602,3.242000475115929,33.609,0.14,19.45,2.531,-33.99,0.374
2026-01-12,12,1,2026,0.13,telemetry,29.0,7.0,generated,Moga,1,3.641,1.15,0.0,4.188,4.4745,0.0,4.4745,2.305,4.6663,0.0232,2.5464,2.1199,3.2496042363158857,33.616,0.27,19.9,2.698,-33.84,0.387
2026-01-13,13,1,2026,0.0,telemetry,32.5,28.5,generated,Moga,1,2.105,1.15,0.0,2.42,2.6689,0.0,2.6689,1.3749,2.8607,0.0,2.5397,0.321,3.2507556506894244,33.617,0.2,20.38,2.714,-34.1,0.231
2026-01-14,14,1,2026,0.0,telemetry,35.7,31.6,generated,Moga,1,2.281,1.15,0.0,2.623,2.8921,0.0,2.8921,1.4899,3.0839,0.0,2.5332,0.5507,3.252730953215698,33.619,0.13,21.03,2.805,-34.1,0.25
2026-01-15,15,1,2026,0.07,telemetry,36.3,21.3,generated,Moga,1,3.971,1.15,0.0,4.566,4.9582,0.0,4.9582,2.5542,5.15,0.0125,2.5272,2.6228,3.2621385321752636,33.629,0.2,21.61,3.038,-34.04,0.428
2026-01-16,16,1,2026,0.0,telemetry,36.3,27.5,generated,Moga,1,3.26,1.15,0.0,3.749,4.1345,0.0,4.1345,2.1299,4.3263,0.0,2.5245,1.8018,3.268601361429923,33.635,0.2,22.09,3.21,-34.04,0.357
2026-01-17,17,1,2026,0.07,telemetry,37.6,24.1,generated,Moga,1,3.974,1.15,0.0,4.57,4.962,0.0,4.962,2.5562,5.1538,0.0125,2.5236,2.6302,3.278035240422498,33.645,0.27,22.56,3.409,-34.04,0.429
2026-01-18,18,1,2026,0.07,telemetry,39.3,25.8,generated,Moga,1,4.135,1.15,0.0,4.755,5.1664,0.0,5.1664,2.6615,5.3582,0.0125,2.5257,2.8325,3.2881949359354032,33.655,0.34,23.11,3.61,-33.98,0.446
2026-01-19,19,1,2026,0.0,telemetry,34.5,29.5,generated,Moga,1,2.503,1.15,0.0,2.878,3.1738,0.0,3.1738,1.635,3.3656,0.0,2.5306,0.835,3.2911898035694214,33.658,0.21,23.53,3.721,-33.98,0.274
2026-01-20,20,1,2026,0.07,telemetry,37.5,28.5,generated,Moga,1,3.445,1.15,0.0,3.961,4.2912,0.0,4.2912,2.2106,4.483,0.0125,2.5355,1.9475,3.2981752116326155,33.665,0.28,24.07,3.916,-33.91,0.371
2026-01-21,21,1,2026,0.0,telemetry,37.8,33.8,generated,Moga,1,2.437,1.15,0.0,2.803,3.0906,0.0,3.0906,1.5921,3.2824,0.0,2.5418,0.7406,3.3008317597389802,33.667,0.28,24.58,3.955,-34.11,0.267
2026-01-22,22,1,2026,0.07,telemetry,36.0,26.2,generated,Moga,1,3.501,1.15,0.0,4.026,4.3625,0.0,4.3625,2.2473,4.5543,0.0125,2.5477,2.0066,3.3080291388576617,33.675,0.28,24.97,4.026,-34.04,0.377
2026-01-23,23,1,2026,29.0,telemetry,33.4,16.0,generated,Moga,1,4.079,1.15,0.0,4.691,0.0,0.0,0.0,0.0,0.1918,5.1745,2.555,-2.3632,3.299552710153013,33.666,29.28,25.29,3.792,-7.53,0.0
2026-01-24,24,1,2026,0.0,telemetry,26.6,9.9,generated,Moga,1,3.411,1.15,0.0,3.922,4.325,0.0,4.325,2.228,4.5168,0.0,2.5617,1.9551,3.3065652232554474,33.673,29.21,25.26,3.773,-7.53,0.374
2026-01-25,25,1,2026,0.0,telemetry,28.3,13.6,generated,Moga,1,3.461,1.15,0.0,3.98,4.3891,0.0,4.3891,2.2611,4.5809,0.0,2.5698,2.0111,3.313778593133043,33.68,29.14,25.45,3.778,-7.52,0.379
2026-01-26,26,1,2026,0.07,telemetry,25.6,16.4,generated,Moga,1,2.759,1.15,0.0,3.173,3.4218,0.0,3.4218,1.7627,3.6136,0.0125,2.5793,1.0343,3.317488546320756,33.684,29.21,25.65,3.703,-7.53,0.296
2026-01-27,27,1,2026,4.27,telemetry,25.8,4.7,generated,Moga,1,3.582,1.15,0.0,4.12,0.0,0.0,0.0,0.0,0.1918,0.7619,2.5886,-2.3968,3.3088916233983956,33.676,33.41,25.98,3.512,-3.68,0.0
2026-01-28,28,1,2026,0.07,telemetry,20.8,1.4,generated,Moga,1,3.023,1.15,0.0,3.477,3.757,0.0,3.757,1.9354,3.9488,0.0125,2.5937,1.3551,3.313752046000874,33.68,33.48,26.23,3.574,-3.61,0.325
2026-01-29,29,1,2026,0.0,telemetry,22.2,8.5,generated,Moga,1,2.934,1.15,0.0,3.374,3.7205,0.0,3.7205,1.9166,3.9123,0.0,2.5995,1.3128,3.318460725365803,33.685,33.41,26.45,3.485,-3.61,0.321
2026-01-30,30,1,2026,0.0,telemetry,20.9,5.5,generated,Moga,1,2.928,1.15,0.0,3.368,3.7137,0.0,3.7137,1.9131,3.9055,0.0,2.6059,1.2996,3.3231221827913373,33.69,4.41,26.61,3.455,-3.61,0.321
2026-01-31,31,1,2026,0.07,telemetry,12.2,-1.0,generated,Moga,1,2.061,1.15,0.0,2.37,2.5359,0.0,2.5359,1.3064,2.7277,0.0125,2.6127,0.115,3.323534514366963,33.69,4.48,26.59,3.282,-3.62,0.219
2026-02-01,32,2,2026,0.27,telemetry,16.5,-0.5,generated,Moga,1,2.596,1.15,0.0,2.985,2.995,0.0,2.995,1.5429,3.1868,0.0482,2.6184,0.5684,3.3255732226363897,33.692,4.75,26.84,3.127,-3.37,0.259
2026-02-02,33,2,2026,0.07,telemetry,17.6,8.4,generated,Moga,1,2.296,1.15,0.0,2.64,2.8342,0.0,2.8342,1.46,3.026,0.0125,2.6236,0.4024,3.3270164219413383,33.694,4.75,27.01,3.103,-3.38,0.245
2026-02-03,34,2,2026,0.0,telemetry,20.9,14.8,generated,Moga,1,2.179,1.15,0.0,2.506,2.7633,0.0,2.7633,1.4235,2.9551,0.0,2.6282,0.3269,3.3281889674895297,33.695,0.48,27.24,2.993,-3.45,0.239
2026-02-04,35,2,2026,0.13,telemetry,22.7,2.7,generated,Moga,1,3.4,1.15,0.0,3.909,4.1679,0.0,4.1679,2.1471,4.3597,0.0232,2.632,1.7277,3.3343858473866046,33.701,0.54,27.52,3.07,-3.33,0.36
2026-02-05,36,2,2026,0.0,telemetry,24.7,2.7,generated,Moga,1,3.709,1.15,0.0,4.265,4.7032,0.0,4.7032,2.4229,4.895,0.0,2.6371,2.2579,3.3424845204228713,33.709,0.54,27.85,3.095,-3.4,0.406
2026-02-06,37,2,2026,0.07,telemetry,23.9,15.2,generated,Moga,1,2.785,1.15,0.0,3.203,3.455,0.0,3.455,1.7798,3.6468,0.0125,2.644,1.0028,3.3460812367544577,33.713,0.61,28.16,3.342,-3.41,0.298
2026-02-07,38,2,2026,0.07,telemetry,21.9,0.4,generated,Moga,1,3.418,1.15,0.0,3.931,4.2579,0.0,4.2579,2.1935,4.4497,0.0125,2.651,1.7987,3.3525329941983055,33.719,0.61,28.18,3.337,-3.34,0.368
2026-02-08,39,2,2026,0.0,telemetry,22.2,8.1,generated,Moga,1,3.174,1.15,0.0,3.65,4.0248,0.0,4.0248,2.0734,4.2166,0.0,2.6589,1.5577,3.3581200260143307,33.725,0.34,28.09,3.311,-3.34,0.348
2026-02-09,40,2,2026,0.0,telemetry,25.9,14.0,generated,Moga,1,3.365,1.15,0.0,3.87,4.2672,0.0,4.2672,2.1983,4.459,0.0,2.6676,1.7914,3.3645456146710013,33.731,0.27,27.92,3.371,-3.34,0.369
2026-02-10,41,2,2026,0.07,telemetry,26.9,16.2,generated,Moga,1,3.35,1.15,0.0,3.853,4.1717,0.0,4.1717,2.1491,4.3635,0.0125,2.6771,1.6864,3.370594594260173,33.737,0.34,27.72,3.669,-3.28,0.36
2026-02-11,42,2,2026,0.0,telemetry,26.3,9.1,generated,Moga,1,3.861,1.15,0.0,4.44,4.8958,0.0,4.8958,2.5221,5.0876,0.0,2.6872,2.4004,3.379204321079531,33.746,0.21,27.63,3.75,-3.41,0.423
2026-02-12,43,2,2026,0.07,telemetry,25.2,8.8,generated,Moga,1,3.723,1.15,0.0,4.281,4.6439,0.0,4.6439,2.3923,4.8357,0.0125,2.699,2.1367,3.3868684128227824,33.754,0.28,27.38,3.816,-3.34,0.401
2026-02-13,44,2,2026,0.07,telemetry,28.3,6.3,generated,Moga,1,4.381,1.15,0.0,5.038,5.4789,0.0,5.4789,2.8225,5.6707,0.0125,2.7118,2.9589,3.3974815042677013,33.764,0.28,27.14,3.942,-3.28,0.473
2026-02-14,45,2,2026,0.0,telemetry,32.1,10.1,generated,Moga,1,4.892,1.15,0.0,5.626,6.2034,0.0,6.2034,3.1957,6.3952,0.0,2.7267,3.6685,3.410639684331401,33.777,0.21,27.0,4.204,-3.35,0.536
2026-02-15,46,2,2026,0.07,telemetry,33.6,12.5,generated,Moga,1,5.068,1.15,0.0,5.829,6.3501,0.0,6.3501,3.2713,6.5419,0.0125,2.7445,3.7974,3.4242601297648267,33.791,0.28,26.91,4.444,-3.28,0.549
2026-02-16,47,2,2026,0.07,telemetry,30.7,14.5,generated,Moga,1,4.425,1.15,0.0,5.089,5.5341,0.0,5.5341,2.8509,5.7259,0.0125,2.7652,2.9607,3.4348797025907913,33.802,0.35,26.68,4.637,-3.29,0.478
2026-02-17,48,2,2026,0.07,telemetry,28.1,16.3,generated,Moga,1,3.767,1.15,0.0,4.332,4.6998,0.0,4.6998,2.4211,4.8916,0.0125,2.7872,2.1044,3.4424276296024283,33.809,0.35,26.3,4.775,-3.3,0.406
2026-02-18,49,2,2026,0.73,telemetry,26.0,5.7,generated,Moga,1,4.187,1.15,0.0,4.815,4.5099,0.0,4.5099,2.3233,4.7017,0.1303,2.8094,1.8923,3.449214832516685,33.816,1.08,26.02,4.8,-2.63,0.39
2026-02-19,50,2,2026,0.07,telemetry,28.1,13.5,generated,Moga,1,4.104,1.15,0.0,4.72,5.1272,0.0,5.1272,2.6413,5.319,0.0125,2.8315,2.4875,3.4581369572342093,33.825,1.08,25.71,4.83,-2.63,0.443
2026-02-20,51,2,2026,0.0,telemetry,29.8,12.2,generated,Moga,1,4.563,1.15,0.0,5.247,5.7864,0.0,5.7864,2.9809,5.9782,0.0,2.8542,3.124,3.469342118696396,33.836,1.01,25.44,4.997,-2.56,0.5
2026-02-21,52,2,2026,0.07,telemetry,29.2,16.9,generated,Moga,1,4.046,1.15,0.0,4.653,5.0536,0.0,5.0536,2.6034,5.2454,0.0125,2.8783,2.3671,3.477832319576677,33.844,1.08,25.21,5.053,-2.57,0.437
2026-02-22,53,2,2026,0.07,telemetry,26.3,10.5,generated,Moga,1,4.094,1.15,0.0,4.708,5.1142,0.0,5.1142,2.6346,5.306,0.0125,2.9027,2.4033,3.4864524083446837,33.853,1.08,24.98,5.131,-31.5,0.442
2026-02-23,54,2,2026,0.0,telemetry,24.0,2.0,generated,Moga,1,4.14,1.15,0.0,4.761,5.2506,0.0,5.2506,2.7049,5.4424,0.0,2.9274,2.515,3.495473283656251,33.862,1.01,24.89,5.201,-31.5,0.454
2026-02-24,55,2,2026,0.0,telemetry,23.1,10.0,generated,Moga,1,3.589,1.15,0.0,4.128,4.5519,0.0,4.5519,2.3449,4.7437,0.0,2.9524,1.7913,3.5018982255063946,33.869,0.94,24.72,5.229,-31.5,0.393
2026-02-25,56,2,2026,0.0,telemetry,25.9,3.9,generated,Moga,1,4.461,1.15,0.0,5.13,5.6568,0.0,5.6568,2.9141,5.8486,0.0,2.9768,2.8718,3.512198775301491,33.879,0.21,24.73,5.283,-31.57,0.489
2026-02-26,57,2,2026,0.07,telemetry,25.8,11.8,generated,Moga,1,4.012,1.15,0.0,4.614,5.0106,0.0,5.0106,2.5812,5.2024,0.0125,3.0021,2.2003,3.520090951882231,33.887,0.21,24.73,5.309,-35.78,0.433
2026-02-27,58,2,2026,0.0,telemetry,26.5,15.1,generated,Moga,1,3.846,1.15,0.0,4.423,4.8772,0.0,4.8772,2.5125,5.069,0.0,3.0272,2.0418,3.5274145426724033,33.894,0.21,24.92,5.266,-35.84,0.421
2026-02-28,59,2,2026,0.0,telemetry,30.7,8.7,generated,Moga,1,5.228,1.15,0.0,6.012,6.63,0.0,6.63,3.4155,6.8218,0.0,3.052,3.7698,3.540936301355541,33.908,0.14,25.2,5.297,-35.83,0.573
2026-03-01,60,3,2026,0.0,telemetry,29.3,14.2,generated,Moga,1,4.601,1.15,0.0,5.291,5.8348,0.0,5.8348,3.0058,6.0266,0.0,3.0787,2.9479,3.551509734551444,33.918,0.07,25.48,5.26,-35.83,0.504
2026-03-02,61,3,2026,0.0,telemetry,35.1,23.0,generated,Moga,1,4.914,1.15,0.0,5.651,6.2316,0.0,6.2316,3.2102,6.4234,0.0,3.1062,3.3172,3.5634077562697297,33.93,0.07,26.24,5.31,-35.9,0.538
2026-03-03,62,3,2026,0.0,telemetry,38.2,24.5,generated,Moga,1,5.525,1.15,0.0,6.353,7.0059,0.0,7.0059,3.6091,7.1977,0.0,3.1349,4.0628,3.5779802619500343,33.945,0.07,26.97,5.474,-36.17,0.605
2026-03-04,63,3,2026,0.0,telemetry,37.2,22.4,generated,Moga,1,5.6,1.15,0.0,6.44,7.1021,0.0,7.1021,3.6587,7.2939,0.0,3.1656,4.1283,3.592787626813398,33.959,0.07,27.62,5.659,-36.24,0.614
2026-03-05,64,3,2026,0.07,telemetry,42.6,31.8,generated,Moga,1,5.567,1.15,0.0,6.402,6.9822,0.0,6.9822,3.5969,7.174,0.0125,3.1983,3.9757,3.6070476829130778,33.974,0.07,28.34,5.792,-36.18,0.603
2026-03-06,65,3,2026,0.07,telemetry,34.2,15.8,generated,Moga,1,5.694,1.15,0.0,6.548,7.1434,0.0,7.1434,3.6799,7.3352,0.0125,3.2326,4.1026,3.621762986277586,33.988,0.14,28.73,5.889,-36.24,0.617
2026-03-07,66,3,2026,0.07,telemetry,33.9,20.0,generated,Moga,1,5.21,1.15,0.0,5.992,6.53,0.0,6.53,3.3639,6.7218,0.0125,3.2685,3.4533,3.6341493949602155,34.001,0.21,29.03,5.994,-36.18,0.564
2026-03-08,67,3,2026,0.0,telemetry,34.2,22.1,generated,Moga,1,5.026,1.15,0.0,5.78,6.3734,0.0,6.3734,3.2833,6.5652,0.0,3.305,3.2602,3.6458433122119187,34.012,0.21,29.38,6.084,-36.25,0.551
2026-03-09,68,3,2026,0.07,telemetry,34.9,23.9,generated,Moga,1,4.956,1.15,0.0,5.699,6.2075,0.0,6.2075,3.1978,6.3993,0.0125,3.3417,3.0576,3.656810545951947,34.023,0.28,29.81,6.153,-36.25,0.536
2026-03-10,69,3,2026,0.0,telemetry,34.2,12.6,generated,Moga,1,6.103,1.15,0.0,7.018,7.7392,0.0,7.7392,3.9869,7.931,0.0,3.3783,4.5527,3.6731403335287562,34.04,0.28,30.21,6.38,-36.25,0.669
2026-03-11,70,3,2026,0.07,telemetry,31.0,12.6,generated,Moga,1,5.45,1.15,0.0,6.268,6.8344,0.0,6.8344,3.5208,7.0262,0.0125,3.4169,3.6093,3.6860863556087455,34.053,0.35,30.38,6.464,-36.19,0.59
2026-03-12,71,3,2026,0.0,telemetry,35.5,28.3,generated,Moga,1,4.307,1.15,0.0,4.953,5.4622,0.0,5.4622,2.8139,5.654,0.0,3.456,2.198,3.693970349767405,34.061,0.28,30.67,6.497,-36.26,0.472
2026-03-13,72,3,2026,0.0,telemetry,36.5,23.4,generated,Moga,1,5.619,1.15,0.0,6.461,7.1252,0.0,7.1252,3.6706,7.317,0.0,3.4935,3.8235,3.707684447723923,34.074,0.21,31.01,6.657,-36.26,0.616
2026-03-14,73,3,2026,0.0,telemetry,40.8,27.3,generated,Moga,1,6.234,1.15,0.0,7.169,7.9054,0.0,7.9054,4.0725,8.0972,0.0,3.5319,4.5653,3.724059226187554,34.091,0.14,31.53,6.748,-36.31,0.683
2026-03-15,74,3,2026,3.2,telemetry,41.2,19.2,generated,Moga,1,7.414,1.15,0.0,8.527,5.9642,0.0,5.9642,3.0725,6.156,0.571,3.5721,2.5839,3.733327195271879,34.1,3.34,31.96,6.758,-33.45,0.515
2026-03-16,75,3,2026,0.27,telemetry,38.2,29.5,generated,Moga,1,5.049,1.15,0.0,5.807,6.1059,0.0,6.1059,3.1455,6.2977,0.0482,3.6116,2.6861,3.7429617440530705,34.11,3.54,32.16,6.749,-33.2,0.528
2026-03-17,76,3,2026,0.0,telemetry,29.2,14.4,generated,Moga,1,5.081,1.15,0.0,5.843,6.4433,0.0,6.4433,3.3193,6.6351,0.0,3.6502,2.9849,3.753668001398217,34.12,3.54,32.01,6.708,-33.27,0.557
2026-03-18,77,3,2026,0.33,telemetry,29.7,9.9,generated,Moga,1,5.615,1.15,0.0,6.457,6.7573,0.0,6.7573,3.481,6.9491,0.0589,3.6884,3.2607,3.765363677622151,34.132,3.8,31.98,6.684,-33.04,0.584
2026-03-19,78,3,2026,3.93,telemetry,31.0,23.2,generated,Moga,1,4.234,1.15,0.0,4.869,1.1721,0.0,1.1721,0.6038,1.3639,0.7012,3.7265,-2.3626,3.7568894511519133,34.124,7.73,32.08,6.269,-29.51,0.101
2026-03-20,79,3,2026,0.47,telemetry,27.9,17.8,generated,Moga,1,4.389,1.15,0.0,5.047,5.0491,0.0,5.0491,2.6011,5.2409,0.0839,3.7574,1.4835,3.7622104833844725,34.129,8.2,32.14,6.119,-29.81,0.436
2026-03-21,80,3,2026,0.0,telemetry,29.5,22.2,generated,Moga,1,4.03,1.15,0.0,4.635,5.1112,0.0,5.1112,2.633,5.303,0.0,3.7865,1.5165,3.76765001073921,34.134,8.2,32.19,6.018,-29.88,0.442
2026-03-22,81,3,2026,0.13,telemetry,27.6,11.6,generated,Moga,1,5.143,1.129,0.0,5.808,6.2611,0.0,6.2611,3.2254,6.4529,0.0232,3.8138,2.6391,3.777115931587502,34.144,5.13,32.11,6.01,-29.76,0.541
2026-03-23,82,3,2026,0.0,telemetry,29.8,17.2,generated,Moga,1,5.069,1.109,0.0,5.62,6.1968,0.0,6.1968,3.1923,6.3886,0.0,3.8411,2.5475,3.7862532256971817,34.153,4.86,32.13,6.009,-29.83,0.535
2026-03-24,83,3,2026,0.0,telemetry,27.9,6.0,generated,Moga,1,5.656,1.088,0.0,6.152,6.7844,0.0,6.7844,3.495,6.9762,0.0,3.8683,3.1079,3.7974007953788655,34.164,4.86,32.19,5.941,-29.9,0.586
2026-03-25,84,3,2026,0.0,telemetry,33.8,17.2,generated,Moga,1,6.171,1.067,0.0,6.584,7.2608,0.0,7.2608,3.7404,7.4526,0.0,3.896,3.5566,3.810157666321979,34.177,4.53,32.51,5.971,-29.9,0.627
2026-03-26,85,3,2026,0.0,telemetry,33.8,18.9,generated,Moga,1,5.994,1.046,0.0,6.272,6.9164,0.0,6.9164,3.563,7.1082,0.0,3.9249,3.1833,3.821575672064438,34.188,0.6,32.87,6.075,-29.9,0.598
2026-03-27,86,3,2026,0.2,telemetry,36.3,17.1,generated,Moga,1,6.896,1.026,0.0,7.073,7.5794,0.0,7.5794,3.9045,7.7712,0.0357,3.9543,3.8169,3.8352662949608782,34.202,0.33,33.22,6.108,-29.54,0.655
2026-03-28,87,3,2026,0.0,telemetry,33.8,12.7,generated,Moga,1,6.705,1.005,0.0,6.738,7.4304,0.0,7.4304,3.8278,7.6222,0.0,3.985,3.6372,3.8483121402409113,34.215,0.33,33.48,6.074,-29.61,0.642
2026-03-29,88,3,2026,3.87,telemetry,32.8,19.8,generated,Moga,1,5.685,0.984,0.0,5.595,2.034,0.0,2.034,1.0478,2.2258,0.6905,4.0168,-1.791,3.841888279324496,34.209,4.07,33.69,5.793,-26.06,0.176
2026-03-30,89,3,2026,0.2,telemetry,35.4,25.5,generated,Moga,1,5.456,0.963,0.0,5.257,5.5767,0.0,5.5767,2.8728,5.7685,0.0357,4.0425,1.726,3.848079288919231,34.215,4.27,33.85,5.755,-25.88,0.482
2026-03-31,90,3,2026,6.2,telemetry,33.2,27.9,generated,Moga,1,4.022,0.943,0.0,3.791,0.0,0.0,0.0,0.0,0.1918,1.1063,4.0669,-3.8751,3.8341798953051778,34.201,10.47,33.98,5.295,-20.2,0.0
2026-04-01,91,4,2026,0.33,telemetry,33.0,19.1,generated,Moga,1,5.937,0.922,0.0,5.473,5.6728,0.0,5.6728,2.9224,5.8646,0.0589,4.0834,1.7812,3.8405685964687613,34.207,10.8,33.91,5.218,-19.9,0.49
2026-04-02,92,4,2026,0.0,telemetry,31.5,18.5,generated,Moga,1,5.632,0.901,0.0,5.076,5.5973,0.0,5.5973,2.8835,5.7891,0.0,4.0996,1.6895,3.8466285261106195,34.213,10.8,33.69,5.534,-19.89,0.484
2026-04-03,93,4,2026,5.93,telemetry,27.9,13.8,generated,Moga,1,5.323,0.88,0.0,4.687,0.0,0.0,0.0,0.0,0.1918,1.0581,4.1153,-3.9235,3.832555760014396,34.199,16.53,33.38,5.173,-14.45,0.0
2026-04-04,94,4,2026,0.13,telemetry,30.1,12.1,generated,Moga,1,6.083,0.86,0.0,5.23,5.6239,0.0,5.6239,2.8972,5.8157,0.0232,4.1236,1.6921,3.8386250103817012,34.205,16.66,32.96,5.21,-14.4,0.486
2026-04-05,95,4,2026,0.0,telemetry,32.9,18.1,generated,Moga,1,6.169,0.839,0.0,5.176,5.7078,0.0,5.7078,2.9404,5.8996,0.0,4.1321,1.7675,3.8449646111028692,34.212,12.79,32.92,5.17,-14.47,0.493
2026-04-06,96,4,2026,0.0,telemetry,32.2,10.2,generated,Moga,1,6.807,0.818,0.0,5.57,6.1419,0.0,6.1419,3.164,6.3337,0.0,4.1409,2.1928,3.8528297429545866,34.219,12.59,32.86,5.166,-14.54,0.531
2026-04-07,97,4,2026,0.47,telemetry,38.3,26.2,generated,Moga,1,6.508,0.798,0.0,5.191,5.2075,0.0,5.2075,2.6827,5.3993,0.0839,4.1505,1.2488,3.8573089296917615,34.224,6.86,33.0,5.053,-14.11,0.45
2026-04-08,98,4,2026,3.2,telemetry,38.6,21.5,generated,Moga,1,7.43,0.777,0.0,5.772,2.9267,0.0,2.9267,1.5077,3.1185,0.571,4.1596,-1.0411,3.8535746376259645,34.22,9.73,33.12,4.744,-11.25,0.253
2026-04-09,99,4,2026,0.0,telemetry,38.0,20.7,generated,Moga,1,7.397,0.756,0.0,5.593,6.1676,0.0,6.1676,3.1772,6.3594,0.0,4.1655,2.1939,3.8614437266968906,34.228,9.73,33.25,4.69,-11.25,0.533
2026-04-10,100,4,2026,0.0,telemetry,33.4,18.1,generated,Moga,1,6.454,0.735,0.0,4.746,5.2332,0.0,5.2332,2.6959,5.425,0.0,4.1725,1.2525,3.8659363674143434,34.233,3.8,33.33,4.523,-11.32,0.452
2026-04-11,101,4,2026,0.27,telemetry,31.0,13.4,generated,Moga,1,6.385,0.715,0.0,4.563,4.7344,0.0,4.7344,2.4389,4.9262,0.0482,4.1791,0.7471,3.868616161250403,34.235,3.94,33.18,4.33,-11.03,0.409
2026-04-12,102,4,2026,0.07,telemetry,33.2,13.7,generated,Moga,1,6.96,0.694,0.0,4.829,5.2484,0.0,5.2484,2.7037,5.4402,0.0125,4.1847,1.2555,3.873119295213829,34.24,4.01,33.07,4.56,-10.94,0.453
2026-04-13,103,4,2026,0.0,telemetry,35.6,20.8,generated,Moga,1,6.79,0.673,0.0,4.571,5.04,0.0,5.04,2.5964,5.2318,0.0,4.1902,1.0416,3.876855433188001,34.243,4.01,32.89,4.522,-10.93,0.435
2026-04-14,104,4,2026,0.0,telemetry,36.6,23.9,generated,Moga,1,6.596,0.652,0.0,4.304,4.7458,0.0,4.7458,2.4448,4.9376,0.0,4.1951,0.7425,3.8795186455739534,34.246,3.54,32.74,4.861,-14.13,0.41
2026-04-15,105,4,2026,0.0,telemetry,33.4,14.6,generated,Moga,1,7.01,0.632,0.0,4.428,4.8828,0.0,4.8828,2.5154,5.0746,0.0,4.1991,0.8755,3.8826587279765934,34.249,0.34,32.58,4.804,-14.4,0.422
2026-04-16,106,4,2026,0.0,telemetry,28.3,11.2,generated,Moga,1,6.029,0.611,0.0,3.683,4.0618,0.0,4.0618,2.0924,4.2536,0.0,4.2026,0.051,3.8828417605701913,34.249,0.34,32.55,4.694,-14.4,0.351
2026-04-17,107,4,2026,0.0,telemetry,29.0,17.3,generated,Moga,1,5.459,0.59,0.0,3.222,3.5532,0.0,3.5532,1.8304,3.745,0.0,4.2043,-0.4593,3.8811944115368906,34.248,0.34,32.53,4.948,-14.73,0.307
2026-04-18,108,4,2026,0.0,telemetry,34.7,18.0,generated,Moga,1,7.058,0.57,0.0,4.02,4.4325,0.0,4.4325,2.2834,4.6243,0.0,4.2037,0.4206,3.8827029811003375,34.249,0.07,32.65,4.863,-17.15,0.383
2026-04-19,109,4,2026,0.0,telemetry,36.6,24.2,generated,Moga,1,6.664,0.549,0.0,3.657,4.0327,0.0,4.0327,2.0775,4.2245,0.0,4.2023,0.0222,3.8827827237480017,34.249,0.0,32.94,4.743,-17.62,0.348
2026-04-20,110,4,2026,0.0,telemetry,37.5,24.9,generated,Moga,1,6.853,0.528,0.0,3.619,3.9907,0.0,3.9907,2.0558,4.1825,0.0,4.1995,-0.017,3.882721866245189,34.249,0.0,33.21,4.59,-17.62,0.345
2026-04-21,111,4,2026,0.0,generated,39.4,27.0,generated,Moga,1,7.101,0.507,0.0,3.602,3.9725,0.0,3.9725,2.0464,4.1643,0.0,4.1954,-0.0311,3.882610422385423,34.249,0.0,33.6,4.502,-17.75,0.343
2026-04-22,112,4,2026,0.0,generated,39.1,28.2,generated,Moga,1,6.739,0.487,0.0,3.279,3.6161,0.0,3.6161,1.8628,3.8079,0.0,4.1901,-0.3822,3.8812396711869397,34.248,0.0,33.91,4.551,-17.75,0.312
2026-04-23,113,4,2026,0.0,generated,33.6,23.0,generated,Moga,1,5.975,0.466,0.0,2.783,3.0693,0.0,3.0693,1.5812,3.2611,0.0,4.1832,-0.9221,3.877932390795851,34.245,0.0,34.1,4.33,-17.75,0.265
2026-04-24,114,4,2026,0.0,generated,35.7,25.0,generated,Moga,1,6.29,0.445,0.0,2.8,3.0875,0.0,3.0875,1.5905,3.2793,0.0,4.1741,-0.8948,3.874723026106504,34.241,0.0,34.16,4.176,-17.75,0.267
2026-04-25,115,4,2026,0.0,generated,35.6,14.2,generated,Moga,1,7.914,0.424,0.0,3.359,3.7036,0.0,3.7036,1.9079,3.8954,0.0,4.163,-0.2676,3.873763240205957,34.24,0.0,34.22,4.103,-17.75,0.32
2026-04-26,116,4,2026,0.0,generated,29.7,11.4,generated,Moga,1,6.593,0.404,0.0,2.661,2.9348,0.0,2.9348,1.5119,3.1266,0.0,4.151,-1.0244,3.8700890595592576,34.237,0.0,34.0,3.937,-17.95,0.254
2026-04-27,117,4,2026,0.0,generated,33.2,25.1,generated,Moga,1,5.386,0.383,0.0,2.063,2.2745,0.0,2.2745,1.1717,2.4663,0.0,4.137,-1.6707,3.8640964972045233,34.231,0.0,33.98,3.74,-17.95,0.197
2026-04-28,118,4,2026,0.0,generated,27.5,11.0,generated,Moga,1,6.085,0.362,0.0,2.204,2.4302,0.0,2.4302,1.2519,2.622,0.0,4.1204,-1.4984,3.8587218496527083,34.225,0.0,33.81,3.574,-21.82,0.21
2026-04-29,119,4,2026,0.0,generated,30.5,17.4,generated,Moga,1,6.127,0.341,0.0,2.092,2.3071,0.0,2.3071,1.1885,2.4989,0.0,4.1017,-1.6028,3.852972912940491,34.22,0.0,33.64,3.39,-22.02,0.199
2026-04-30,120,4,2026,0.22,generated,30.7,21.4,generated,Moga,1,5.437,0.321,0.0,1.744,1.6809,0.0,1.6809,0.8659,1.8727,0.0393,4.0808,-2.2081,3.845052808306435,34.212,0.22,33.56,3.22,-28.02,0.145
2026-05-01,121,5,2026,2.56,generated,31.1,14.9,generated,Moga,0,6.695,0.0,0.0,0.0,0.0,0.0,0.0,0.0,0.1918,0.4568,4.0572,-3.8654,3.8311883798838533,34.198,2.78,33.5,2.967,-26.01,0.0
2026-05-02,122,5,2026,0.0,generated,30.9,14.2,generated,Moga,0,6.741,0.0,0.0,0.0,0.0,0.0,0.0,0.0,0.1918,0.0,4.0291,-3.8373,3.8174247018693626,34.184,2.78,33.48,2.65,-25.76,0.0
2026-05-03,123,5,2026,0.0,generated,32.8,22.3,generated,Moga,0,6.023,0.0,0.0,0.0,0.0,0.0,0.0,0.0,0.1918,0.0,3.9966,-3.8048,3.803777516293704,34.17,2.78,33.64,2.362,-31.67,0.0
2026-05-04,124,5,2026,0.0,generated,35.1,20.7,generated,Moga,0,7.126,0.0,0.0,0.0,0.0,0.0,0.0,0.0,0.1918,0.0,3.9602,-3.7684,3.790261056280487,34.157,2.78,33.81,2.077,-31.06,0.0
2026-05-05,125,5,2026,0.0,generated,40.1,25.7,generated,Moga,0,7.925,0.0,0.0,0.0,0.0,0.0,0.0,0.0,0.1918,0.0,3.9201,-3.7283,3.7768881541205883,34.144,2.78,34.05,1.793,-31.04,0.0
2026-05-06,126,5,2026,0.0,generated,42.1,28.7,generated,Moga,0,8.041,0.0,0.0,0.0,0.0,0.0,0.0,0.0,0.1918,0.0,3.8769,-3.6851,3.763670331928132,34.13,2.78,34.38,1.535,-31.04,0.0
2026-05-07,127,5,2026,0.0,generated,44.4,33.0,generated,Moga,0,7.895,0.0,0.0,0.0,0.0,0.0,0.0,0.0,0.1918,0.0,3.8308,-3.639,3.7506178923338647,34.117,2.56,34.58,1.316,-31.51,0.0
2026-05-08,128,5,2026,0.0,generated,40.4,31.0,generated,Moga,0,6.804,0.0,0.0,0.0,0.0,0.0,0.0,0.0,0.1918,0.0,3.7821,-3.5903,3.737739992393078,34.104,0.0,34.64,1.095,-34.32,0.0
2026-05-09,129,5,2026,1.26,generated,39.1,29.1,generated,Moga,0,6.822,0.0,0.0,0.0,0.0,0.0,0.0,0.0,0.1918,0.2248,3.7312,-3.5394,3.7250447338166657,34.092,1.26,34.68,0.831,-33.15,0.0
2026-05-10,130,5,2026,8.99,generated,38.8,30.1,generated,Moga,0,6.42,0.0,0.0,0.0,0.0,0.0,0.0,0.0,0.1918,1.6041,3.6785,-3.4867,3.7125386051189064,34.079,10.25,34.86,0.621,-24.26,0.0
2026-05-11,131,5,2026,2.19,generated,37.6,30.4,generated,Moga,0,5.802,0.0,0.0,0.0,0.0,0.0,0.0,0.0,0.1918,0.3908,3.6253,-3.4335,3.7002232902019103,34.067,12.44,35.08,0.458,-22.53,0.0
2026-05-12,132,5,2026,0.0,generated,37.1,27.3,generated,Moga,0,6.547,0.0,0.0,0.0,0.0,0.0,0.0,0.0,0.1918,0.0,3.5708,-3.379,3.688103289831915,34.055,12.44,35.21,0.285,-22.6,0.0
2026-05-13,133,5,2026,0.0,generated,40.8,32.0,generated,Moga,0,6.738,0.0,0.0,0.0,0.0,0.0,0.0,0.0,0.1918,0.0,3.515,-3.3232,3.6761834684704984,34.043,12.44,35.38,0.12,-22.6,0.0
2026-05-14,134,5,2026,0.0,generated,42.3,34.0,generated,Moga,0,6.768,0.0,0.0,0.0,0.0,0.0,0.0,0.0,0.1918,0.0,3.4581,-3.2663,3.664467948244707,34.031,12.44,35.57,0.0,-22.6,0.0
2026-05-15,135,5,2026,0.0,generated,44.6,30.4,generated,Moga,0,8.765,0.0,1.05,0.0,0.0,9.5595,9.5595,4.9246,9.7513,0.0,3.4002,6.3511,3.68724835822893,34.054,12.44,35.94,0.0,-22.6,0.826
2026-05-16,136,5,2026,0.0,generated,44.2,28.6,generated,Moga,0,9.02,0.0,1.05,0.0,0.0,9.8374,9.8374,5.0678,10.0292,0.0,3.3546,6.6746,3.7111890033654484,34.078,11.18,36.47,0.0,-22.6,0.85
2026-05-17,137,5,2026,0.0,generated,41.8,27.9,generated,Moga,0,8.285,0.0,1.05,0.0,0.0,9.0356,9.0356,4.6547,9.2274,0.0,3.3208,5.9066,3.732374959107506,34.099,2.19,36.9,0.0,-22.6,0.781
2026-05-18,138,5,2026,0.0,generated,41.7,34.0,generated,Moga,0,6.528,0.0,1.05,0.0,0.0,7.1198,7.1198,3.6678,7.3116,0.0,3.2967,4.0149,3.7467755357665338,34.113,0.0,37.13,0.0,-22.6,0.615
2026-05-19,139,5,2026,0.0,generated,43.1,31.4,generated,Moga,0,7.973,0.0,1.05,0.0,0.0,8.6953,8.6953,4.4794,8.8871,0.0,3.279,5.6081,3.7668906266916027,34.134,0.0,37.35,0.0,-22.6,0.751
2026-05-20,140,5,2026,0.0,generated,42.1,29.5,generated,Moga,0,8.068,0.0,1.05,0.0,0.0,8.799,8.799,4.5328,8.9908,0.0,3.2694,5.7214,3.787412419411411,34.154,0.0,37.5,0.0,-22.6,0.76
2026-05-21,141,5,2026,0.0,generated,46.2,34.0,generated,Moga,0,8.588,0.0,1.05,0.0,0.0,9.3664,9.3664,4.8251,9.5582,0.0,3.2672,6.291,3.8099772238451743,34.177,0.0,37.73,0.0,-22.59,0.809
2026-05-22,142,5,2026,0.0,generated,48.4,34.0,generated,Moga,0,9.521,0.0,1.05,0.0,0.0,10.3837,10.3837,5.3492,10.5755,0.0,3.2726,7.3029,3.8361712842015776,34.203,0.0,38.04,0.0,-22.59,0.897
2026-05-23,143,5,2026,0.0,generated,47.2,32.8,generated,Moga,0,9.339,0.0,1.05,0.0,0.0,10.186,10.186,5.2473,10.3778,0.0,3.2865,7.0913,3.861606481757778,34.228,0.0,38.49,0.0,-22.59,0.88
2026-05-24,144,5,2026,3.87,generated,46.2,34.0,generated,Moga,0,8.622,0.0,1.05,0.0,0.0,5.5085,5.5085,2.8377,5.7003,0.6905,3.3078,2.3925,3.8701880310238366,34.237,3.87,38.84,0.0,-18.19,0.476
2026-05-25,145,5,2026,0.0,generated,47.8,34.0,generated,Moga,0,9.308,0.0,1.05,0.0,0.0,10.1522,10.1522,5.2299,10.344,0.0,3.3299,7.0141,3.895346259697631,34.262,3.87,39.25,0.0,-17.84,0.877
2026-05-26,146,5,2026,0.0,generated,48.2,29.7,generated,Moga,0,10.432,0.0,1.05,0.0,0.0,11.3773,11.3773,5.861,11.5691,0.0,3.3587,8.2104,3.9247955741045315,34.291,3.87,39.87,0.0,-17.84,0.983
2026-05-27,147,5,2026,0.0,generated,49.2,34.0,generated,Moga,0,9.908,0.0,1.05,0.0,0.0,10.8064,10.8064,5.5669,10.9982,0.0,3.3951,7.6031,3.9520664829664964,34.319,3.87,40.4,0.0,-17.84,0.934
2026-05-28,148,5,2026,0.0,generated,42.8,23.9,generated,Moga,0,9.524,0.0,1.05,0.0,0.0,10.3875,10.3875,5.3511,10.5793,0.0,3.4377,7.1416,3.9776819631572753,34.344,3.87,40.91,0.0,-17.84,0.897
2026-05-29,149,5,2026,0.0,generated,36.4,22.7,generated,Moga,0,7.514,0.0,1.05,0.0,0.0,8.1951,8.1951,4.2217,8.3869,0.0,3.4854,4.9015,3.99526276187958,34.362,3.87,41.11,0.0,-17.84,0.708
2026-05-30,150,5,2026,0.0,generated,36.4,22.9,generated,Moga,0,7.482,0.0,1.05,0.0,0.0,8.16,8.16,4.2036,8.3518,0.0,3.5346,4.8172,4.012541304431758,34.379,3.87,41.3,0.0,-17.85,0.705
2026-05-31,151,5,2026,0.0,generated,36.4,21.3,generated,Moga,0,7.786,0.0,1.05,0.0,0.0,8.4922,8.4922,4.3748,8.684,0.0,3.585,5.099,4.030830551041164,34.397,0.0,41.47,0.0,-20.4,0.734
2026-06-01,152,6,2026,0.0,generated,33.5,17.7,generated,Moga,0,7.416,0.0,1.052,0.0,0.0,8.1026,8.1026,4.1741,8.2944,0.0,3.6369,4.6575,4.047536113022513,34.414,0.0,41.56,0.0,-20.4,0.7
2026-06-02,153,6,2026,0.0,generated,36.5,24.0,generated,Moga,0,7.309,0.0,1.055,0.0,0.0,8.0131,8.0131,4.128,8.2049,0.0,3.6896,4.5153,4.063731692177124,34.43,0.0,41.68,0.0,-20.4,0.692
2026-06-03,154,6,2026,0.0,generated,36.2,29.6,generated,Moga,0,5.608,0.0,1.059,0.0,0.0,6.1696,6.1696,3.1783,6.3614,0.0,3.7428,2.6186,4.073124301959905,34.44,0.0,41.72,0.0,-19.71,0.533
2026-06-04,155,6,2026,0.0,generated,36.2,32.2,generated,Moga,0,4.481,0.0,1.063,0.0,0.0,4.9466,4.9466,2.5482,5.1384,0.0,3.7937,1.3447,4.077947422573696,34.445,0.0,41.59,0.0,-19.61,0.427
2026-06-05,156,6,2026,15.4,generated,34.9,24.5,generated,Moga,0,6.605,0.0,1.066,0.0,0.0,0.0,0.0,0.0,0.1918,7.5566,3.8409,-3.6491,4.064858730478423,34.432,15.4,41.35,0.0,-5.48,0.0
2026-06-06,157,6,2026,0.0,generated,33.3,20.4,generated,Moga,0,6.919,0.0,1.07,0.0,0.0,7.6895,7.6895,3.9613,7.8813,0.0,3.8837,3.9976,4.07919729042286,34.446,15.4,40.98,0.0,-5.48,0.664
2026-06-07,158,6,2026,0.0,generated,35.3,23.6,generated,Moga,0,6.977,0.0,1.074,0.0,0.0,7.7802,7.7802,4.008,7.972,0.0,3.9273,4.0447,4.093705019683126,34.46,15.4,40.81,0.0,-5.48,0.672
2026-06-08,159,6,2026,0.0,generated,35.6,24.2,generated,Moga,0,6.956,0.0,1.077,0.0,0.0,7.7832,7.7832,4.0095,7.975,0.0,3.9715,4.0035,4.108064859386357,34.475,15.4,40.69,0.0,-6.74,0.672
2026-06-09,160,6,2026,0.0,generated,35.5,26.6,generated,Moga,0,6.297,0.0,1.081,0.0,0.0,7.0699,7.0699,3.6421,7.2617,0.0,4.0163,3.2454,4.119705560839329,34.486,15.4,40.58,0.0,-15.73,0.611
2026-06-10,161,6,2026,0.0,generated,34.8,27.6,generated,Moga,0,5.683,0.0,1.085,0.0,0.0,6.4026,6.4026,3.2983,6.5944,0.0,4.0605,2.5339,4.128794088397236,34.495,15.4,40.49,0.0,-17.92,0.553
2026-06-11,162,6,2026,0.0,generated,36.3,20.3,generated,Moga,0,7.974,0.0,1.088,0.0,0.0,9.013,9.013,4.6431,9.2048,0.0,4.1033,5.1015,4.147092346547793,34.514,15.4,40.46,0.0,-17.92,0.779
2026-06-12,163,6,2026,0.0,generated,37.6,25.3,generated,Moga,0,7.472,0.0,1.092,0.0,0.0,8.4734,8.4734,4.3651,8.6652,0.0,4.1481,4.5171,4.163294328116031,34.53,0.0,40.36,0.0,-17.92,0.732
2026-06-13,164,6,2026,26.04,generated,34.6,24.8,generated,Moga,0,6.434,0.0,1.095,0.0,0.0,0.0,0.0,0.0,0.1918,12.7775,4.1941,-4.0023,4.148938799851792,34.516,26.04,40.1,0.0,5.95,0.0
2026-06-14,165,6,2026,1.1,generated,35.1,21.0,generated,Moga,0,7.451,0.0,1.099,0.0,0.0,7.3741,7.3741,3.7988,7.5659,0.5398,4.2395,3.3264,4.160869968482809,34.528,27.14,39.78,0.0,6.96,0.637
2026-06-15,166,6,2026,0.0,generated,31.4,18.2,generated,Moga,0,6.7,0.0,1.103,0.0,0.0,7.6739,7.6739,3.9532,7.8657,0.0,4.2851,3.5806,4.1737129317292085,34.54,27.14,39.36,0.0,6.98,0.663
2026-06-16,167,6,2026,0.0,generated,33.1,19.2,generated,Moga,0,7.094,0.0,1.106,0.0,0.0,8.1523,8.1523,4.1997,8.3441,0.0,4.3308,4.0133,4.188108007758008,34.555,27.14,39.07,0.0,6.98,0.704
2026-06-17,168,6,2026,0.0,generated,34.5,23.7,generated,Moga,0,6.673,0.0,1.11,0.0,0.0,7.6942,7.6942,3.9637,7.886,0.0,4.3771,3.5089,4.200693850622781,34.567,27.14,38.83,0.0,7.5,0.665
2026-06-18,169,6,2026,0.51,generated,35.3,21.3,generated,Moga,0,7.469,0.0,1.114,0.0,0.0,8.1119,8.1119,4.1789,8.3037,0.2502,4.4233,3.8804,4.214612280186863,34.581,27.65,38.57,0.0,8.43,0.701
2026-06-19,170,6,2026,0.0,generated,31.8,22.5,generated,Moga,0,5.936,0.0,1.117,0.0,0.0,6.8883,6.8883,3.5485,7.0801,0.0,4.47,2.6101,4.223974252899851,34.591,27.65,38.22,0.0,8.44,0.595
2026-06-20,171,6,2026,0.0,generated,27.6,11.9,generated,Moga,0,6.442,0.0,1.121,0.0,0.0,7.5006,7.5006,3.8639,7.6924,0.0,4.5153,3.1771,4.235370024860205,34.602,1.61,37.6,0.0,8.44,0.648
2026-06-21,172,6,2026,0.0,generated,27.2,11.7,generated,Moga,0,6.349,0.0,1.125,0.0,0.0,7.4165,7.4165,3.8206,7.6083,0.0,4.56,3.0483,4.246303815927504,34.613,0.51,36.9,0.0,8.44,0.641
2026-06-22,173,6,2026,0.0,generated,28.3,21.0,generated,Moga,0,4.965,0.0,1.128,0.0,0.0,5.8183,5.8183,2.9973,6.0101,0.0,4.6039,1.4062,4.251347471482231,34.618,0.51,36.27,0.0,8.5,0.503
2026-06-23,174,6,2026,0.0,generated,27.0,17.9,generated,Moga,0,5.255,0.0,1.132,0.0,0.0,6.1782,6.1782,3.1827,6.37,0.0,4.6449,1.7251,4.257534946766937,34.624,0.51,35.63,0.0,4.66,0.534
2026-06-24,175,6,2026,0.21,generated,25.8,14.2,generated,Moga,0,5.571,0.0,1.135,0.0,0.0,6.3527,6.3527,3.2726,6.5445,0.103,4.6836,1.8609,4.264209488695703,34.631,0.72,34.89,0.0,4.95,0.549
2026-06-25,176,6,2026,0.0,generated,28.4,19.8,generated,Moga,0,5.316,0.0,1.139,0.0,0.0,6.2894,6.2894,3.24,6.4812,0.0,4.7205,1.7607,4.270524825456922,34.637,0.21,34.23,0.0,4.97,0.543
2026-06-26,177,6,2026,1.69,generated,25.6,16.3,generated,Moga,0,5.111,0.0,1.143,0.0,0.0,4.3345,4.3345,2.2329,4.5263,0.8293,4.7554,-0.2291,4.2697031349748835,34.636,1.9,33.45,0.0,6.53,0.374
2026-06-27,178,6,2026,1.02,generated,31.4,22.0,generated,Moga,0,5.898,0.0,1.146,0.0,0.0,5.9726,5.9726,3.0768,6.1644,0.5005,4.7864,1.378,4.274645772824072,34.641,2.92,33.07,0.0,7.48,0.516
2026-06-28,179,6,2026,4.85,generated,34.0,17.6,generated,Moga,0,7.63,0.0,1.15,0.0,0.0,4.2723,4.2723,2.2009,4.4641,2.3798,4.8158,-0.3517,4.273384338142929,34.64,7.77,32.99,0.0,11.93,0.369
2026-06-29,180,6,2026,0.0,generated,35.8,26.6,generated,Moga,0,6.42,0.0,1.154,0.0,0.0,7.693,7.693,3.9631,7.8848,0.0,4.8428,3.042,4.2842953886944475,34.651,7.77,32.97,0.0,12.24,0.665
2026-06-30,181,6,2026,0.0,generated,37.0,26.6,generated,Moga,0,6.906,0.0,1.157,0.0,0.0,8.3016,8.3016,4.2766,8.4934,0.0,4.8705,3.6229,4.2972901021762615,34.664,7.77,32.99,0.0,12.34,0.717
2026-07-01,182,7,2026,6.9,generated,35.4,28.9,generated,Moga,0,5.495,0.0,1.161,0.0,0.0,0.0,0.0,0.0,0.1918,3.3857,4.8995,-4.7077,4.2804042850064645,34.647,14.46,33.05,0.0,19.07,0.0
2026-07-02,183,7,2026,0.0,generated,35.4,27.3,generated,Moga,0,6.033,0.0,1.165,0.0,0.0,7.2974,7.2974,3.7593,7.4892,0.0,4.9211,2.5681,4.289615738799175,34.656,14.46,33.01,0.0,19.08,0.63
2026-07-03,184,7,2026,0.0,generated,35.2,28.7,generated,Moga,0,5.467,0.0,1.168,0.0,0.0,6.6333,6.6333,3.4172,6.8251,0.0,4.9431,1.882,4.296366215753029,34.663,12.77,32.98,0.0,19.09,0.573
2026-07-04,185,7,2026,0.83,generated,37.6,33.6,generated,Moga,0,4.6,0.0,1.172,0.0,0.0,4.7426,4.7426,2.4432,4.9344,0.4073,4.9646,-0.0302,4.296258003485512,34.663,12.58,33.03,0.0,19.86,0.41
2026-07-05,186,7,2026,0.0,generated,37.2,29.6,generated,Moga,0,6.075,0.0,1.175,0.0,0.0,7.4174,7.4174,3.8211,7.6092,0.0,4.9833,2.6259,4.305676689114168,34.672,7.73,33.1,0.0,4.46,0.641
2026-07-06,187,7,2026,0.0,generated,36.8,30.4,generated,Moga,0,5.592,0.0,1.179,0.0,0.0,6.8492,6.8492,3.5284,7.041,0.0,5.0028,2.0382,4.312987498612376,34.68,7.73,33.22,0.0,4.46,0.592
2026-07-07,188,7,2026,0.0,generated,35.6,22.8,generated,Moga,0,7.226,0.0,1.183,0.0,0.0,8.8771,8.8771,4.5731,9.0689,0.0,5.0221,4.0468,4.327502638563377,34.694,7.73,33.23,0.0,4.68,0.767
2026-07-08,189,7,2026,0.4,generated,36.0,29.5,generated,Moga,0,5.533,0.0,1.186,0.0,0.0,6.4046,6.4046,3.2993,6.5964,0.1963,5.0441,1.5523,4.333070590799667,34.7,1.23,33.24,0.0,5.05,0.553
2026-07-09,190,7,2026,0.02,generated,36.7,30.4,generated,Moga,0,5.529,0.0,1.19,0.0,0.0,6.8132,6.8132,3.5098,7.005,0.0098,5.0651,1.9399,4.340028548238538,34.707,1.25,33.28,0.0,5.13,0.589
2026-07-10,191,7,2026,0.0,generated,34.6,25.5,generated,Moga,0,6.186,0.0,1.194,0.0,0.0,7.6697,7.6697,3.9511,7.8615,0.0,5.0858,2.7757,4.349984624787671,34.717,1.25,33.28,0.0,5.68,0.663
2026-07-11,192,7,2026,0.0,generated,36.3,25.9,generated,Moga,0,6.751,0.0,1.197,0.0,0.0,8.3963,8.3963,4.3254,8.5881,0.0,5.1071,3.481,4.3624703164063225,34.729,0.42,33.28,0.0,5.73,0.725
2026-07-12,193,7,2026,0.0,generated,34.9,23.8,generated,Moga,0,6.718,0.0,1.2,0.0,0.0,8.374,8.374,4.3139,8.5658,0.0,5.1301,3.4357,4.374793693744641,34.741,0.42,33.19,0.0,6.67,0.723
2026-07-13,194,7,2026,0.22,generated,34.2,28.8,generated,Moga,0,4.894,0.0,1.2,0.0,0.0,5.8723,5.8723,3.0251,6.0641,0.108,5.1544,0.9097,4.378056601145656,34.745,0.64,33.17,0.0,-19.13,0.507
2026-07-14,195,7,2026,0.45,generated,33.5,27.0,generated,Moga,0,5.227,0.0,1.2,0.0,0.0,6.05,6.05,3.1167,6.2418,0.2208,5.1766,1.0652,4.381877179930076,34.749,1.09,33.12,0.0,-19.19,0.523
2026-07-15,196,7,2026,1.15,generated,34.0,25.7,generated,Moga,0,5.851,0.0,1.2,0.0,0.0,6.1092,6.1092,3.1472,6.301,0.5643,5.1972,1.1038,4.385836348111693,34.752,1.84,33.21,0.0,-17.78,0.528
2026-07-16,197,7,2026,5.08,generated,35.8,27.1,generated,Moga,0,6.184,0.0,1.2,0.0,0.0,2.6453,2.6453,1.3627,2.8371,2.4927,5.2165,-2.3794,4.3773017189882095,34.744,6.9,33.3,0.0,-13.01,0.229
2026-07-17,198,7,2026,19.76,generated,35.2,27.0,generated,Moga,0,5.953,0.0,1.2,0.0,0.0,0.0,0.0,0.0,0.1918,9.6959,5.2315,-5.0397,4.359225125000777,34.726,26.66,33.32,0.0,5.12,0.0
2026-07-18,199,7,2026,0.03,generated,35.1,29.0,generated,Moga,0,5.227,0.0,1.2,0.0,0.0,6.4839,6.4839,3.3402,6.6757,0.0147,5.2446,1.4311,4.364358210372985,34.731,26.69,33.31,0.0,4.81,0.56
2026-07-19,200,7,2026,0.03,generated,35.7,28.7,generated,Moga,0,5.608,0.0,1.2,0.0,0.0,6.9592,6.9592,3.585,7.151,0.0147,5.2574,1.8936,4.371150127176308,34.738,26.72,33.44,0.0,4.85,0.601
2026-07-20,201,7,2026,1.91,generated,38.5,29.8,generated,Moga,0,6.487,0.0,1.2,0.0,0.0,6.1315,6.1315,3.1587,6.3233,0.9372,5.2706,1.0527,4.3749258919526035,34.742,28.41,33.81,0.0,6.6,0.53
2026-07-21,202,7,2026,6.67,generated,40.3,33.6,generated,Moga,0,5.99,0.0,1.2,0.0,0.0,0.9078,0.9078,0.4677,1.0996,3.2729,5.2837,-4.1841,4.359918203139469,34.727,34.63,34.24,0.0,12.77,0.078
2026-07-22,203,7,2026,2.4,generated,39.7,33.3,generated,Moga,0,5.797,0.0,1.2,0.0,0.0,4.7809,4.7809,2.4629,4.9727,1.1776,5.2914,-0.3187,4.358775111236983,34.725,35.88,34.62,0.0,15.26,0.413
2026-07-23,204,7,2026,0.0,generated,36.8,29.3,generated,Moga,0,5.867,0.0,1.2,0.0,0.0,7.3134,7.3134,3.7675,7.5052,0.0,5.2978,2.2074,4.366692612158632,34.733,30.8,34.95,0.0,15.43,0.632
2026-07-24,205,7,2026,12.12,generated,34.5,26.0,generated,Moga,0,5.892,0.0,1.2,0.0,0.0,0.0,0.0,0.0,0.1918,5.9471,5.3056,-5.1138,4.348350214607171,34.715,23.16,35.24,0.0,26.34,0.0
2026-07-25,206,7,2026,6.09,generated,34.4,27.4,generated,Moga,0,5.41,0.0,1.2,0.0,0.0,0.726,0.726,0.374,0.9178,2.9883,5.3094,-4.3916,4.332598423353761,34.699,29.22,35.44,0.0,31.93,0.063
2026-07-26,207,7,2026,0.0,generated,31.2,25.5,generated,Moga,0,4.618,0.0,1.2,0.0,0.0,5.7563,5.7563,2.9654,5.9481,0.0,5.3082,0.6399,4.334893693002309,34.702,29.19,35.63,0.0,30.24,0.497
2026-07-27,208,7,2026,0.0,generated,32.2,25.5,generated,Moga,0,5.052,0.0,1.2,0.0,0.0,6.2968,6.2968,3.2438,6.4886,0.0,5.3071,1.1815,4.339131649112465,34.706,27.28,35.65,0.0,29.56,0.544
2026-07-28,209,7,2026,0.0,generated,31.4,24.6,generated,Moga,0,4.987,0.0,1.2,0.0,0.0,6.2162,6.2162,3.2023,6.408,0.0,5.3067,1.1013,4.343081762884839,34.71,20.61,35.57,0.0,24.77,0.537
2026-07-29,210,7,2026,0.0,generated,32.4,25.1,generated,Moga,0,5.241,0.0,1.2,0.0,0.0,6.5333,6.5333,3.3656,6.7251,0.0,5.307,1.4181,4.348168257924226,34.715,18.21,35.45,0.0,25.67,0.564
2026-07-30,211,7,2026,0.0,generated,32.8,26.6,generated,Moga,0,4.919,0.0,1.2,0.0,0.0,6.1314,6.1314,3.1586,6.3232,0.0,5.3082,1.015,4.3518087321082275,34.718,18.21,35.31,0.0,26.12,0.53
2026-07-31,212,7,2026,0.0,generated,33.7,26.8,generated,Moga,0,5.238,0.0,1.2,0.0,0.0,6.5295,6.5295,3.3637,6.7213,0.0,5.3098,1.4115,4.356871521385525,34.724,6.09,35.26,0.0,20.67,0.564
2026-08-01,213,8,2026,0.0,generated,32.6,25.8,generated,Moga,0,5.076,0.0,1.2,0.0,0.0,6.3268,6.3268,3.2593,6.5186,0.0,5.3122,1.2064,4.361198750652103,34.728,0.0,35.16,0.0,21.23,0.547
2026-08-02,214,8,2026,15.06,generated,33.6,25.4,generated,Moga,0,5.597,0.0,1.2,0.0,0.0,0.0,0.0,0.0,0.1918,7.3897,5.315,-5.1232,4.342822788451888,34.709,15.06,35.11,0.0,35.07,0.0
2026-08-03,215,8,2026,2.86,generated,32.4,26.8,generated,Moga,0,4.625,0.0,1.2,0.0,0.0,2.8617,2.8617,1.4742,3.0535,1.4034,5.3153,-2.2618,4.334709953200485,34.701,17.92,34.94,0.0,36.98,0.247
2026-08-04,216,8,2026,0.0,generated,31.7,25.2,generated,Moga,0,4.85,0.0,1.2,0.0,0.0,6.0456,6.0456,3.1144,6.2374,0.0,5.3128,0.9246,4.33802621565225,34.705,17.92,34.75,0.0,36.98,0.522
2026-08-05,217,8,2026,0.74,generated,31.6,22.7,generated,Moga,0,5.503,0.0,1.2,0.0,0.0,6.0948,6.0948,3.1397,6.2866,0.3631,5.311,0.9756,4.34152563735922,34.708,18.66,34.58,0.0,37.7,0.527
2026-08-06,218,8,2026,1.19,generated,33.5,29.5,generated,Moga,0,4.036,0.0,1.2,0.0,0.0,3.8065,3.8065,1.9609,3.9983,0.5839,5.31,-1.3117,4.336820681598024,34.703,19.85,34.51,0.0,38.8,0.329
2026-08-07,219,8,2026,0.0,generated,32.7,24.8,generated,Moga,0,5.342,0.0,1.2,0.0,0.0,6.6588,6.6588,3.4303,6.8506,0.0,5.307,1.5436,4.342357362034594,34.709,19.85,34.4,0.0,38.4,0.575
2026-08-08,220,8,2026,0.0,generated,32.1,24.2,generated,Moga,0,5.26,0.0,1.2,0.0,0.0,6.556,6.556,3.3773,6.7478,0.0,5.3054,1.4424,4.347530850579592,34.714,19.85,34.25,0.0,38.38,0.566
2026-08-09,221,8,2026,0.0,generated,35.5,30.5,generated,Moga,0,4.614,0.0,1.2,0.0,0.0,5.7508,5.7508,2.9625,5.9426,0.0,5.3051,0.6375,4.349817376325297,34.716,4.79,34.28,0.0,38.39,0.497
2026-08-10,222,8,2026,0.0,generated,33.1,25.4,generated,Moga,0,5.288,0.0,1.2,0.0,0.0,6.5918,6.5918,3.3958,6.7836,0.0,5.3048,1.4788,4.35512156588232,34.722,1.93,34.17,0.0,38.39,0.57
2026-08-11,223,8,2026,0.47,generated,31.6,27.6,generated,Moga,0,3.829,0.0,1.2,0.0,0.0,4.2867,4.2867,2.2083,4.4785,0.2306,5.3056,-0.8271,4.352154943502735,34.719,2.4,34.06,0.0,38.82,0.37
2026-08-12,224,8,2026,10.02,generated,32.0,20.3,generated,Moga,0,6.055,0.0,1.2,0.0,0.0,0.0,0.0,0.0,0.1918,4.9167,5.3044,-5.1126,4.333816920036736,34.7,11.68,33.99,0.0,47.89,0.0
2026-08-13,225,8,2026,2.69,generated,32.0,21.8,generated,Moga,0,5.733,0.0,1.2,0.0,0.0,4.4122,4.4122,2.273,4.604,1.3199,5.2993,-0.6953,4.331323125466716,34.698,13.18,33.94,0.0,49.9,0.381
2026-08-14,226,8,2026,32.05,generated,33.4,23.3,generated,Moga,0,5.872,0.0,1.2,0.0,0.0,0.0,0.0,0.0,0.1918,15.7265,5.2938,-5.102,4.313023178685028,34.68,45.23,33.92,0.0,78.95,0.0
2026-08-15,227,8,2026,7.24,generated,33.1,26.1,generated,Moga,0,5.006,0.0,1.2,0.0,0.0,0.0,0.0,0.0,0.1918,3.5526,5.2934,-5.1016,4.294724678234692,34.661,52.47,33.83,0.0,80.72,0.0
2026-08-16,228,8,2026,0.02,generated,33.6,24.8,generated,Moga,0,5.548,0.0,1.2,0.0,0.0,6.8944,6.8944,3.5517,7.0862,0.0098,5.2884,1.7978,4.301172962798225,34.668,52.49,33.77,0.0,60.98,0.596
2026-08-17,229,8,2026,0.0,generated,34.0,23.8,generated,Moga,0,5.916,0.0,1.2,0.0,0.0,7.3737,7.3737,3.7986,7.5655,0.0,5.286,2.2795,4.309349041895545,34.676,52.49,33.74,0.0,60.95,0.637
2026-08-18,230,8,2026,11.29,generated,33.7,25.1,generated,Moga,0,5.472,0.0,1.2,0.0,0.0,0.0,0.0,0.0,0.1918,5.5398,5.2866,-5.0948,4.291074979684072,34.658,63.31,33.67,0.0,71.26,0.0
2026-08-19,231,8,2026,0.0,generated,32.9,23.7,generated,Moga,0,5.509,0.0,1.2,0.0,0.0,6.8671,6.8671,3.5376,7.0589,0.0,5.2841,1.7748,4.297440885342764,34.664,53.29,33.48,0.0,69.35,0.593
2026-08-20,232,8,2026,0.0,generated,33.9,24.6,generated,Moga,0,5.634,0.0,1.2,0.0,0.0,7.0224,7.0224,3.6176,7.2142,0.0,5.284,1.9302,4.304364192723504,34.671,50.6,33.27,0.0,62.69,0.607
2026-08-21,233,8,2026,0.0,generated,34.0,26.2,generated,Moga,0,5.234,0.0,1.2,0.0,0.0,6.5245,6.5245,3.3611,6.7163,0.0,5.2863,1.43,4.309493521699888,34.676,18.55,33.08,0.0,60.31,0.564
2026-08-22,234,8,2026,0.0,generated,33.5,25.4,generated,Moga,0,5.243,0.0,1.2,0.0,0.0,6.5351,6.5351,3.3666,6.7269,0.0,5.29,1.4369,4.314647572976686,34.681,11.31,32.97,0.0,60.31,0.565
2026-08-23,235,8,2026,0.96,generated,33.8,25.2,generated,Moga,0,5.388,0.0,1.2,0.0,0.0,5.7267,5.7267,2.9501,5.9185,0.4711,5.295,0.6235,4.316884100630354,34.684,12.25,32.95,0.0,49.07,0.495
2026-08-24,236,8,2026,14.96,generated,34.8,30.0,generated,Moga,0,4.256,0.0,1.2,0.0,0.0,0.0,0.0,0.0,0.1918,7.3407,5.3004,-5.1086,4.298560519114871,34.665,27.21,32.96,0.0,58.64,0.0
2026-08-25,237,8,2026,0.0,generated,34.0,25.7,generated,Moga,0,5.293,0.0,1.2,0.0,0.0,6.5969,6.5969,3.3984,6.7887,0.0,5.3037,1.485,4.303886827429815,34.671,15.92,33.05,0.0,60.39,0.57
2026-08-26,238,8,2026,0.0,generated,35.7,28.4,generated,Moga,0,5.172,0.0,1.2,0.0,0.0,6.4473,6.4473,3.3213,6.6391,0.0,5.3086,1.3305,4.308659040516903,34.675,15.92,33.17,0.0,61.05,0.557
2026-08-27,239,8,2026,0.0,generated,36.8,27.2,generated,Moga,0,5.902,0.0,1.2,0.0,0.0,7.3569,7.3569,3.7899,7.5487,0.0,5.3146,2.2341,4.316672186083504,34.683,15.92,33.35,0.0,61.05,0.636
2026-08-28,240,8,2026,0.0,generated,36.5,29.5,generated,Moga,0,5.12,0.0,1.2,0.0,0.0,6.3824,6.3824,3.2879,6.5742,0.0,5.3229,1.2513,4.3211602362923145,34.688,15.92,33.49,0.0,61.05,0.551
2026-08-29,241,8,2026,0.0,generated,36.4,29.0,generated,Moga,0,5.212,0.0,1.2,0.0,0.0,6.4966,6.4966,3.3467,6.6884,0.0,5.3319,1.3565,4.326025692385681,34.693,15.92,33.61,0.0,61.05,0.561
2026-08-30,242,8,2026,0.0,generated,35.4,28.4,generated,Moga,0,4.968,0.0,1.2,0.0,0.0,6.1925,6.1925,3.1901,6.3843,0.0,5.3416,1.0427,4.329765544923942,34.696,14.96,33.66,0.0,61.13,0.535
2026-08-31,243,8,2026,0.0,generated,35.1,27.4,generated,Moga,0,5.12,0.0,1.2,0.0,0.0,6.3824,6.3824,3.2879,6.5742,0.0,5.3516,1.2226,4.33415095559003,34.701,0.0,33.75,0.0,63.52,0.551
2026-09-01,244,9,2026,0.0,generated,36.1,25.4,generated,Moga,0,5.949,0.0,1.2,0.0,0.0,7.4146,7.4146,3.8196,7.6064,0.0,5.3619,2.2445,4.342201596599016,34.709,0.0,33.83,0.0,50.85,0.641
2026-09-02,245,9,2026,0.0,generated,37.6,26.9,generated,Moga,0,6.105,0.0,1.2,0.0,0.0,7.6099,7.6099,3.9203,7.8017,0.0,5.374,2.4277,4.350909423769173,34.718,0.0,34.0,0.0,48.53,0.657
2026-09-03,246,9,2026,0.0,generated,37.0,29.1,generated,Moga,0,5.306,0.0,1.2,0.0,0.0,6.6134,6.6134,3.4069,6.8052,0.0,5.3878,1.4174,4.355993230808272,34.723,0.0,34.18,0.0,53.21,0.571
2026-09-04,247,9,2026,0.0,generated,35.4,23.5,generated,Moga,0,6.023,0.0,1.2,0.0,0.0,7.5077,7.5077,3.8676,7.6995,0.0,5.402,2.2975,4.364234026178283,34.731,0.0,34.31,0.0,53.02,0.649
2026-09-05,248,9,2026,0.26,generated,35.5,25.8,generated,Moga,0,5.55,0.0,1.2,0.0,0.0,6.6485,6.6485,3.425,6.8403,0.1276,5.4175,1.4228,4.369337467074126,34.736,0.26,34.37,0.0,52.08,0.574
2026-09-06,249,9,2026,1.19,generated,34.6,26.9,generated,Moga,0,4.932,0.0,1.2,0.0,0.0,4.9228,4.9228,2.536,5.1146,0.5839,5.4332,-0.3186,4.36819488000906,34.735,1.45,34.44,0.0,54.76,0.425
2026-09-07,250,9,2026,1.81,generated,33.7,23.9,generated,Moga,0,5.314,0.0,1.2,0.0,0.0,4.7714,4.7714,2.458,4.9632,0.8881,5.4469,-0.4837,4.366460003317308,34.733,3.26,34.49,0.0,57.0,0.412
2026-09-08,251,9,2026,7.55,generated,35.4,26.3,generated,Moga,0,5.32,0.0,1.2,0.0,0.0,0.0,0.0,0.0,0.1918,3.7047,5.4589,-5.2671,4.347568027094396,34.714,10.81,34.49,0.0,63.92,0.0
2026-09-09,252,9,2026,0.0,generated,36.8,32.0,generated,Moga,0,4.125,0.0,1.2,0.0,0.0,5.142,5.142,2.6489,5.3338,0.0,5.4649,-0.1311,4.347097885538754,34.714,10.81,34.61,0.0,63.92,0.444
2026-09-10,253,9,2026,4.18,generated,37.3,29.4,generated,Moga,0,5.16,0.0,1.2,0.0,0.0,2.2347,2.2347,1.1512,2.4265,2.0511,5.4696,-3.0431,4.3361827536031,34.703,14.99,34.8,0.0,67.28,0.193
2026-09-11,254,9,2026,0.0,generated,36.0,27.0,generated,Moga,0,5.281,0.0,1.2,0.0,0.0,6.5822,6.5822,3.3908,6.774,0.0,5.4708,1.3032,4.340857127838229,34.708,14.99,34.93,0.0,57.27,0.569
2026-09-12,255,9,2026,0.0,generated,33.7,29.7,generated,Moga,0,3.516,0.0,1.2,0.0,0.0,4.383,4.383,2.2579,4.5748,0.0,5.4731,-0.8983,4.337635218190697,34.704,14.73,34.99,0.0,54.58,0.379
2026-09-13,256,9,2026,0.0,generated,31.3,19.1,generated,Moga,0,5.306,0.0,1.2,0.0,0.0,6.6143,6.6143,3.4074,6.8061,0.0,5.4733,1.3328,4.342415752558927,34.709,13.54,34.92,0.0,22.54,0.571
2026-09-14,257,9,2026,0.0,generated,31.0,22.8,generated,Moga,0,4.498,0.0,1.2,0.0,0.0,5.6068,5.6068,2.8884,5.7986,0.0,5.4747,0.3239,4.343577587111235,34.71,11.73,34.85,0.0,15.3,0.484
2026-09-15,258,9,2026,0.0,generated,30.9,19.9,generated,Moga,0,5.008,0.0,1.2,0.0,0.0,6.2418,6.2418,3.2155,6.4336,0.0,5.4757,0.9579,4.347013363914548,34.714,4.18,34.76,0.0,15.28,0.539
2026-09-16,259,9,2026,0.0,generated,30.2,21.0,generated,Moga,0,4.575,0.0,1.2,0.0,0.0,5.7031,5.7031,2.938,5.8949,0.0,5.4773,0.4176,4.348511343289506,34.715,4.18,34.63,0.0,15.28,0.493
2026-09-17,260,9,2026,0.0,generated,29.1,20.0,generated,Moga,0,4.416,0.0,1.2,0.0,0.0,5.5038,5.5038,2.8353,5.6956,0.0,5.4785,0.2171,4.349289909313652,34.716,0.0,34.48,0.0,3.99,0.476
2026-09-18,261,9,2026,0.0,generated,29.8,22.9,generated,Moga,0,3.986,0.0,1.2,0.0,0.0,4.9679,4.9679,2.5592,5.1597,0.0,5.4792,-0.3195,4.348143775366749,34.715,0.0,34.38,0.0,3.99,0.429
2026-09-19,262,9,2026,0.04,generated,31.8,21.9,generated,Moga,0,4.8,0.0,1.2,0.0,0.0,5.942,5.942,3.061,6.1338,0.0196,5.4787,0.6551,4.35049363277916,34.717,0.04,34.31,0.0,4.04,0.513
2026-09-20,263,9,2026,0.0,generated,29.9,21.6,generated,Moga,0,4.262,0.0,1.2,0.0,0.0,5.3127,5.3127,2.7368,5.5045,0.0,5.4782,0.0263,4.350587887460348,34.717,0.04,34.17,0.0,4.04,0.459
2026-09-21,264,9,2026,4.8,generated,30.1,21.5,generated,Moga,0,4.318,0.0,1.2,0.0,0.0,0.5878,0.5878,0.3028,0.7796,2.3553,5.477,-4.6974,4.333739053220852,34.7,4.84,34.06,0.0,8.44,0.051
2026-09-22,265,9,2026,6.16,generated,31.2,23.8,generated,Moga,0,4.137,0.0,1.2,0.0,0.0,0.0,0.0,0.0,0.1918,3.0226,5.4705,-5.2787,4.314805479941383,34.681,11.0,33.97,0.0,13.13,0.0
2026-09-23,266,9,2026,0.0,generated,33.8,26.2,generated,Moga,0,4.397,0.0,1.2,0.0,0.0,5.4807,5.4807,2.8234,5.6725,0.0,5.4588,0.2137,4.31557207508997,34.682,11.0,33.94,0.0,-1.83,0.474
2026-09-24,267,9,2026,0.0,generated,34.9,23.5,generated,Moga,0,5.263,0.0,1.2,0.0,0.0,6.5598,6.5598,3.3793,6.7516,0.0,5.4476,1.304,4.3202494462723475,34.687,11.0,33.97,0.0,-1.83,0.567
2026-09-25,268,9,2026,0.0,generated,34.6,23.7,generated,Moga,0,5.109,0.0,1.2,0.0,0.0,6.368,6.368,3.2805,6.5598,0.0,5.4383,1.1215,4.324271940370863,34.691,11.0,33.93,0.0,-1.83,0.55
2026-09-26,269,9,2026,0.0,generated,33.1,23.0,generated,Moga,0,4.773,0.0,1.2,0.0,0.0,5.9489,5.9489,3.0646,6.1407,0.0,5.4306,0.7101,4.326818761759042,34.693,10.96,33.81,0.0,-1.83,0.514
2026-09-27,270,9,2026,0.0,generated,33.1,24.4,generated,Moga,0,4.469,0.0,1.2,0.0,0.0,5.5702,5.5702,2.8695,5.762,0.0,5.4238,0.3382,4.328031963508554,34.695,10.96,33.69,0.0,-1.83,0.481
2026-09-28,271,9,2026,0.0,generated,35.1,26.7,generated,Moga,0,4.565,0.0,1.2,0.0,0.0,5.6897,5.6897,2.9311,5.8815,0.0,5.4171,0.4644,4.329697756349382,34.696,6.16,33.65,0.0,-1.83,0.492
2026-09-29,272,9,2026,0.0,generated,31.2,19.5,generated,Moga,0,4.743,0.0,1.2,0.0,0.0,5.9114,5.9114,3.0453,6.1032,0.0,5.4107,0.6925,4.332181514638939,34.699,0.0,33.51,0.0,-1.83,0.511
2026-09-30,273,9,2026,0.0,generated,31.0,23.7,generated,Moga,0,3.894,0.0,1.2,0.0,0.0,4.8541,4.8541,2.5006,5.0459,0.0,5.405,-0.3591,4.330893536347646,34.698,0.0,33.37,0.0,-1.83,0.419
2026-10-01,274,10,2026,0.0,generated,33.1,20.0,generated,Moga,0,5.091,0.0,1.2,0.0,0.0,6.3454,6.3454,3.2688,6.5372,0.0,5.3983,1.1389,4.33497846160577,34.702,0.0,33.27,0.0,-1.83,0.548
2026-10-02,275,10,2026,0.0,generated,33.3,22.5,generated,Moga,0,4.732,0.0,1.2,0.0,0.0,5.8977,5.8977,3.0382,6.0895,0.0,5.3929,0.6966,4.337477163662641,34.704,0.0,33.13,0.0,-1.83,0.51
