date,doy,month,year,rainfall_mm,rainfall_src,temp_max_c,temp_min_c,temp_src,district,is_rabi,et0_mm,kc_wheat,kc_paddy,etc_wheat_mm,crop_water_demand_mcm,paddy_demand_mcm,total_crop_draft_mcm,canal_supply_mcm,gw_draft_mcm,rain_recharge_mcm,total_recharge_mcm,net_flux_mcm,cumulative_decline_m,gw_level_mbgl,rolling_7d_rainfall,rolling_30d_temp,rolling_14d_demand,rain_anom_30d,stress_index
2021-10-01,274,10,2021,0.0,generated,32.0,17.9,generated,Sangrur,0,5.091,0.0,1.2,0.0,0.0,13.1839,13.1839,3.5046,13.3757,0.0,0.0,13.3757,0.030940117951598494,32.0,0.0,32.0,0.0,0.0,0.787
2021-10-02,275,10,2021,0.0,generated,30.9,16.8,generated,Sangrur,0,4.927,0.0,1.2,0.0,0.0,12.7598,12.7598,3.3918,12.9516,0.0,0.018,12.9336,0.06085754430816609,32.03,0.0,31.45,0.0,0.0,0.762
2021-10-03,276,10,2021,0.0,generated,31.8,22.2,generated,Sangrur,0,4.344,0.0,1.189,0.0,0.0,11.1499,11.1499,2.9639,11.3417,0.0,0.0519,11.2898,0.08697256770629146,32.056,0.0,31.57,0.0,0.0,0.665
2021-10-04,277,10,2021,0.0,generated,32.2,16.8,generated,Sangrur,0,5.16,0.0,1.175,0.0,0.0,13.0868,13.0868,3.4788,13.2786,0.0,0.0981,13.1805,0.11746104855482495,32.087,0.0,31.72,0.0,0.0,0.781
2021-10-05,278,10,2021,0.0,generated,33.4,21.1,generated,Sangrur,0,4.878,0.0,1.161,0.0,0.0,12.2228,12.2228,3.2491,12.4146,0.0,0.1582,12.2564,0.14581206666141203,32.115,0.0,32.06,0.0,0.0,0.73
2021-10-06,279,10,2021,0.0,generated,31.3,17.7,generated,Sangrur,0,4.783,0.0,1.147,0.0,0.0,11.8396,11.8396,3.1472,12.0314,0.0,0.2296,11.8018,0.17311146296421065,32.142,0.0,31.93,0.0,0.0,0.707
2021-10-07,280,10,2021,0.82,generated,29.7,20.0,generated,Sangrur,0,4.045,0.0,1.133,0.0,0.0,8.1309,8.1309,2.1614,8.3227,0.2363,0.3108,8.0119,0.19164422239831178,32.161,0.82,31.61,0.0,0.75,0.485
2021-10-08,281,10,2021,4.98,generated,30.9,15.8,generated,Sangrur,0,4.836,0.0,1.119,0.0,0.0,1.3553,1.3553,0.3603,1.5471,1.4353,0.3961,1.151,0.1943065716395216,32.163,5.8,31.52,0.0,5.32,0.081
2021-10-09,282,10,2021,3.2,generated,28.7,19.0,generated,Sangrur,0,3.896,0.0,1.105,0.0,0.0,2.5566,2.5566,0.6796,2.7484,0.9223,0.4778,2.2706,0.19955877827470156,32.169,9.0,31.21,0.0,8.25,0.153
2021-10-10,283,10,2021,0.0,generated,28.5,16.0,generated,Sangrur,0,4.222,0.0,1.09,0.0,0.0,9.9361,9.9361,2.6412,10.1279,0.0,0.5569,9.571,0.2216981209611658,32.191,9.0,30.94,0.0,8.25,0.593
2021-10-11,284,10,2021,0.0,generated,27.4,12.9,generated,Sangrur,0,4.279,0.0,1.076,0.0,0.0,9.9383,9.9383,2.6418,10.1301,0.0,0.6419,9.4882,0.2436458020262044,32.213,9.0,30.62,0.0,8.25,0.593
2021-10-12,285,10,2021,0.0,generated,26.6,14.5,generated,Sangrur,0,3.922,0.0,1.062,0.0,0.0,8.9897,8.9897,2.3897,9.1815,0.0,0.7323,8.4492,0.2631900633981818,32.232,9.0,30.28,0.0,8.25,0.537
2021-10-13,286,10,2021,0.0,generated,25.7,9.5,generated,Sangrur,0,4.159,0.0,1.048,0.0,0.0,9.4064,9.4064,2.5004,9.5982,0.0,0.8262,8.772,0.2834810790172995,32.253,9.0,29.93,0.0,8.25,0.561
2021-10-14,287,10,2021,0.0,generated,27.3,15.4,generated,Sangrur,0,3.914,0.0,1.034,0.0,0.0,8.7328,8.7328,2.3214,8.9246,0.0,0.9236,8.001,0.3019885821763831,32.271,8.18,29.74,0.0,8.25,0.521
2021-10-15,288,10,2021,0.0,generated,27.8,15.4,generated,Sangrur,0,3.992,0.0,1.02,0.0,0.0,8.785,8.785,2.3353,8.9768,0.0,1.0232,7.9536,0.32038646806996113,32.289,3.2,29.61,0.0,8.25,0.524
2021-10-16,289,10,2021,0.0,generated,29.9,23.2,generated,Sangrur,0,3.279,0.0,1.006,0.0,0.0,7.1164,7.1164,1.8917,7.3082,0.0,1.1247,6.1835,0.33468993491472127,32.304,0.0,29.63,0.0,8.25,0.425
2021-10-17,290,10,2021,0.0,generated,30.1,22.1,generated,Sangrur,0,3.521,0.0,0.991,0.0,0.0,7.5342,7.5342,2.0028,7.726,0.0,1.2254,6.5006,0.34972690773404086,32.319,0.0,29.66,0.0,8.25,0.45
2021-10-18,291,10,2021,0.0,generated,30.4,18.3,generated,Sangrur,0,4.128,0.0,0.977,0.0,0.0,8.7061,8.7061,2.3143,8.8979,0.0,1.3258,7.5721,0.3672424499203262,32.336,0.0,29.7,0.0,8.25,0.52
2021-10-19,292,10,2021,0.0,generated,33.9,22.8,generated,Sangrur,0,4.298,0.0,0.963,0.0,0.0,8.9324,8.9324,2.3744,9.1242,0.0,1.4273,7.6969,0.38504661057837786,32.354,0.0,29.92,0.0,8.25,0.533
2021-10-20,293,10,2021,0.0,generated,35.9,21.9,generated,Sangrur,0,4.848,0.0,0.949,0.0,0.0,9.9294,9.9294,2.6395,10.1212,0.0,1.53,8.5912,0.40491944921498363,32.374,0.0,30.22,0.0,8.25,0.593
2021-10-21,294,10,2021,0.0,generated,34.1,20.3,generated,Sangrur,0,4.605,0.0,0.935,0.0,0.0,9.2896,9.2896,2.4694,9.4814,0.0,1.6349,7.8465,0.4230696046813331,32.392,0.0,30.4,0.0,8.25,0.554
2021-10-22,295,10,2021,3.23,generated,33.3,16.2,generated,Sangrur,0,4.811,0.0,0.921,0.0,0.0,2.7693,2.7693,0.7361,2.9611,0.9309,1.7408,1.2203,0.42589226628014737,32.395,3.23,30.54,0.0,11.21,0.165
2021-10-23,296,10,2021,0.0,generated,34.7,20.4,generated,Sangrur,0,4.655,0.0,0.907,0.0,0.0,9.1073,9.1073,2.4209,9.2991,0.0,1.8401,7.459,0.4431461378151623,32.412,3.23,30.72,0.0,11.21,0.544
2021-10-24,297,10,2021,0.0,generated,30.0,14.9,generated,Sangrur,0,4.215,0.0,0.892,0.0,0.0,8.117,8.117,2.1577,8.3088,0.0,1.9402,6.3686,0.4578776897311447,32.427,3.23,30.69,0.0,11.21,0.484
2021-10-25,298,10,2021,0.0,generated,29.4,15.1,generated,Sangrur,0,4.051,0.0,0.878,0.0,0.0,7.6789,7.6789,2.0412,7.8707,0.0,2.0396,5.8311,0.4713659655978204,32.44,3.23,30.64,0.0,11.21,0.458
2021-10-26,299,10,2021,0.0,generated,28.5,14.9,generated,Sangrur,0,3.868,0.0,0.864,0.0,0.0,7.2139,7.2139,1.9176,7.4057,0.0,2.1375,5.2682,0.48355212271468995,32.453,3.23,30.55,0.0,11.21,0.431
2021-10-27,300,10,2021,0.0,generated,26.0,16.1,generated,Sangrur,0,3.223,0.0,0.85,0.0,0.0,5.9113,5.9113,1.5714,6.1031,0.0,2.2333,3.8698,0.4925036435012849,32.462,3.23,30.39,0.0,11.21,0.353
2021-10-28,301,10,2021,0.0,generated,26.2,14.8,generated,Sangrur,0,3.384,0.0,0.0,0.0,0.0,0.0,0.0,0.0,0.1918,0.0,2.3251,-2.1333,0.4875689644285242,32.457,3.23,30.24,0.0,11.21,0.0
2021-10-29,302,10,2021,0.0,generated,23.1,12.4,generated,Sangrur,0,3.021,0.0,0.0,0.0,0.0,0.0,0.0,0.0,0.1918,0.0,2.4051,-2.2133,0.48244926899146967,32.452,0.0,29.99,0.0,11.21,0.0
2021-10-30,303,10,2021,17.56,generated,28.9,22.6,generated,Sangrur,0,2.82,0.0,0.0,0.0,0.0,0.0,0.0,0.0,0.1918,5.0609,2.4741,-2.2823,0.4771700065411129,32.446,17.56,29.95,0.0,27.31,0.0
2021-10-31,304,10,2021,0.0,generated,28.5,19.3,generated,Sangrur,0,3.239,0.0,0.0,0.0,0.0,0.0,0.0,0.0,0.1918,0.0,2.5412,-2.3494,0.471735434265104,32.441,17.56,29.84,0.0,27.31,0.0
2021-11-01,305,11,2021,0.0,generated,28.3,13.5,generated,Sangrur,1,3.786,0.4,0.0,1.514,1.9676,0.0,1.9676,0.523,2.1594,0.0,2.5984,-0.439,0.4707200714280649,32.44,17.56,29.75,0.141,27.31,0.117
2021-11-02,306,11,2021,0.0,generated,25.2,11.0,generated,Sangrur,1,3.415,0.4,0.0,1.366,1.7751,0.0,1.7751,0.4719,1.9669,0.0,2.6489,-0.682,0.46914250468120494,32.438,17.56,29.53,0.267,27.31,0.106
2021-11-03,307,11,2021,0.0,generated,25.9,14.1,generated,Sangrur,1,3.255,0.4,0.0,1.302,1.6918,0.0,1.6918,0.4497,1.8836,0.0,2.693,-0.8094,0.4672701288023639,32.436,17.56,29.32,0.388,27.31,0.101
2021-11-04,308,11,2021,0.0,generated,30.1,18.0,generated,Sangrur,1,3.624,0.4,0.0,1.449,1.8834,0.0,1.8834,0.5007,2.0752,0.0,2.7311,-0.6559,0.4657528508698923,32.435,17.56,29.21,0.523,27.31,0.112
2021-11-05,309,11,2021,7.24,generated,29.0,19.2,generated,Sangrur,1,3.242,0.4,0.0,1.297,0.0,0.0,0.0,0.0,0.1918,2.0866,2.7639,-2.5721,0.45980327792087183,32.429,24.8,29.13,0.523,33.94,0.0
2021-11-06,310,11,2021,1.27,generated,30.5,16.4,generated,Sangrur,1,3.802,0.4,0.0,1.521,0.3429,0.0,0.3429,0.0912,0.5347,0.366,2.7925,-2.2578,0.45458069246956895,32.424,8.51,29.16,0.547,34.29,0.02
2021-11-07,311,11,2021,0.0,generated,31.9,18.7,generated,Sangrur,1,3.818,0.4,0.0,1.527,1.9842,0.0,1.9842,0.5274,2.176,0.0,2.815,-0.639,0.4531026676511394,32.422,8.51,29.19,0.689,29.31,0.118
2021-11-08,312,11,2021,0.0,generated,25.3,11.8,generated,Sangrur,1,3.234,0.4,0.0,1.294,1.6809,0.0,1.6809,0.4468,1.8727,0.0,2.8334,-0.9607,0.45088030854181804,32.42,8.51,29.08,0.809,26.11,0.1
2021-11-09,313,11,2021,0.0,generated,24.6,11.4,generated,Sangrur,1,3.128,0.4,0.0,1.251,1.626,0.0,1.626,0.4322,1.8178,0.0,2.8478,-1.03,0.44849775344262016,32.418,8.51,28.95,0.925,26.11,0.097
2021-11-10,314,11,2021,0.0,generated,24.3,10.0,generated,Sangrur,1,3.158,0.4,0.0,1.263,1.6413,0.0,1.6413,0.4363,1.8331,0.0,2.8583,-1.0252,0.44612638553624145,32.415,8.51,28.85,1.042,26.11,0.098
2021-11-11,315,11,2021,0.0,generated,23.2,13.8,generated,Sangrur,1,2.642,0.4,0.0,1.057,1.373,0.0,1.373,0.365,1.5648,0.0,2.8652,-1.3004,0.4431184494652225,32.412,8.51,28.73,1.14,26.11,0.082
2021-11-12,316,11,2021,0.0,generated,20.7,10.6,generated,Sangrur,1,2.507,0.4,0.0,1.003,1.303,0.0,1.303,0.3464,1.4948,0.0,2.8684,-1.3736,0.4399411016187655,32.409,1.27,28.57,1.234,26.11,0.078
2021-11-13,317,11,2021,0.0,generated,20.1,6.4,generated,Sangrur,1,2.693,0.4,0.0,1.077,1.3997,0.0,1.3997,0.3721,1.5915,0.0,2.8682,-1.2767,0.4369879435637576,32.406,0.0,28.33,1.333,26.11,0.084
2021-11-14,318,11,2021,0.0,generated,17.6,0.8,generated,Sangrur,1,2.577,0.4,0.0,1.031,1.3393,0.0,1.3393,0.356,1.5311,0.0,2.8649,-1.3338,0.43390261359347526,32.403,0.0,27.99,1.429,26.11,0.08
2021-11-15,319,11,2021,0.0,generated,19.7,11.4,generated,Sangrur,1,2.223,0.4,0.0,0.889,1.1556,0.0,1.1556,0.3072,1.3474,0.0,2.8588,-1.5114,0.4304065366258243,32.399,0.0,27.65,1.371,26.11,0.069
2021-11-16,320,11,2021,0.0,generated,21.8,8.3,generated,Sangrur,1,2.776,0.4,0.0,1.11,1.4429,0.0,1.4429,0.3836,1.6347,0.0,2.8498,-1.2151,0.42759586020789914,32.397,0.0,27.37,1.347,26.11,0.086
2021-11-17,321,11,2021,0.0,generated,24.2,11.1,generated,Sangrur,1,2.934,0.4,0.0,1.173,1.5247,0.0,1.5247,0.4053,1.7165,0.0,2.8385,-1.122,0.42500038975103493,32.394,0.0,27.16,1.335,26.11,0.091
2021-11-18,322,11,2021,0.0,generated,23.7,10.2,generated,Sangrur,1,2.902,0.4,0.0,1.161,1.5083,0.0,1.5083,0.4009,1.7001,0.0,2.8254,-1.1253,0.4223974075437509,32.391,0.0,26.82,1.309,26.11,0.09
2021-11-19,323,11,2021,0.0,generated,22.2,7.3,generated,Sangrur,1,2.839,0.4,0.0,1.136,1.4758,0.0,1.4758,0.3923,1.6676,0.0,2.8105,-1.1429,0.4197537439876127,32.389,0.0,26.37,1.414,26.11,0.088
2021-11-20,324,11,2021,0.0,generated,25.2,13.1,generated,Sangrur,1,2.888,0.4,0.0,1.155,1.5012,0.0,1.5012,0.3991,1.693,0.0,2.7939,-1.1009,0.4172071142901618,32.386,0.0,26.07,1.497,26.11,0.09
2021-11-21,325,11,2021,0.0,generated,24.7,14.0,generated,Sangrur,1,2.716,0.4,0.0,1.086,1.4115,0.0,1.4115,0.3752,1.6033,0.0,2.7759,-1.1726,0.41449460217677453,32.384,0.0,25.78,1.456,22.88,0.084
2021-11-22,326,11,2021,1.79,generated,25.3,12.7,generated,Sangrur,1,2.904,0.417,0.0,1.21,0.0,0.0,0.0,0.0,0.1918,0.5159,2.7565,-2.5647,0.4085619436375314,32.378,1.79,25.47,1.336,24.52,0.0
2021-11-23,327,11,2021,0.0,generated,27.3,11.5,generated,Sangrur,1,3.27,0.433,0.0,1.417,1.8411,0.0,1.8411,0.4894,2.0329,0.0,2.7348,-0.7019,0.40693833391721373,32.376,1.79,25.38,1.351,24.52,0.11
2021-11-24,328,11,2021,7.78,generated,24.9,12.7,generated,Sangrur,1,2.813,0.45,0.0,1.266,0.0,0.0,0.0,0.0,0.1918,2.2422,2.7126,-2.5208,0.4011072527198937,32.37,9.57,25.23,1.234,31.65,0.0
2021-11-25,329,11,2021,0.0,generated,25.0,12.6,generated,Sangrur,1,2.822,0.467,0.0,1.317,1.7109,0.0,1.7109,0.4548,1.9027,0.0,2.6913,-0.7886,0.39928311565506813,32.368,9.57,25.11,1.258,31.65,0.102
2021-11-26,330,11,2021,0.0,generated,27.0,10.7,generated,Sangrur,1,3.224,0.483,0.0,1.558,2.0247,0.0,2.0247,0.5382,2.2165,0.0,2.6695,-0.453,0.39823535980733443,32.367,9.57,25.15,1.31,31.65,0.121
2021-11-27,331,11,2021,0.0,generated,26.7,14.7,generated,Sangrur,1,2.892,0.5,0.0,1.446,1.8791,0.0,1.8791,0.4995,2.0709,0.0,2.6476,-0.5767,0.3969013073461438,32.366,9.57,25.16,1.344,31.65,0.112
2021-11-28,332,11,2021,0.0,generated,25.8,14.6,generated,Sangrur,1,2.746,0.517,0.0,1.419,1.8433,0.0,1.8433,0.49,2.0351,0.0,2.6256,-0.5905,0.3955353160562442,32.365,9.57,25.25,1.38,31.65,0.11
2021-11-29,333,11,2021,0.0,generated,27.7,16.4,generated,Sangrur,1,2.88,0.533,0.0,1.536,1.9957,0.0,1.9957,0.5305,2.1875,0.0,2.6035,-0.416,0.394573100365834,32.364,7.78,25.21,1.44,14.09,0.119
2021-11-30,334,11,2021,0.0,generated,25.3,9.7,generated,Sangrur,1,2.985,0.55,0.0,1.642,2.1332,0.0,2.1332,0.5671,2.325,0.0,2.5814,-0.2564,0.39397998070366896,32.363,7.78,25.11,1.489,14.09,0.127
2021-12-01,335,12,2021,0.0,generated,23.0,10.0,generated,Sangrur,1,2.637,0.567,0.0,1.494,1.9418,0.0,1.9418,0.5162,2.1336,0.0,2.5597,-0.4261,0.3929944506974543,32.362,0.0,24.93,1.519,14.09,0.116
2021-12-02,336,12,2021,0.0,generated,23.7,10.1,generated,Sangrur,1,2.719,0.583,0.0,1.586,2.0606,0.0,2.0606,0.5478,2.2524,0.0,2.5379,-0.2855,0.3923339312446063,32.361,0.0,24.88,1.558,14.09,0.123
2021-12-03,337,12,2021,0.0,generated,21.5,16.9,generated,Sangrur,1,1.68,0.6,0.0,1.008,1.3096,0.0,1.3096,0.3481,1.5014,0.0,2.5165,-1.0151,0.38998587308477783,32.359,0.0,24.73,1.547,14.09,0.078
2021-12-04,338,12,2021,0.0,generated,21.6,-0.4,generated,Sangrur,1,2.81,0.617,0.0,1.733,2.2517,0.0,2.2517,0.5986,2.4435,0.0,2.4943,-0.0508,0.38986846673643877,32.359,0.0,24.45,1.6,14.09,0.134
2021-12-05,339,12,2021,0.0,generated,20.5,2.5,generated,Sangrur,1,2.614,0.633,0.0,1.656,2.1511,0.0,2.1511,0.5718,2.3429,0.0,2.4726,-0.1297,0.38956835455947786,32.359,0.0,24.17,1.653,6.85,0.128
2021-12-06,340,12,2021,0.0,generated,20.1,-1.0,generated,Sangrur,1,2.634,0.65,0.0,1.712,2.2244,0.0,2.2244,0.5913,2.4162,0.0,2.4515,-0.0353,0.3894867277860684,32.359,0.0,23.82,1.812,5.58,0.133
2021-12-07,341,12,2021,0.0,generated,22.3,2.7,generated,Sangrur,1,2.804,0.667,0.0,1.87,2.4291,0.0,2.4291,0.6457,2.6209,0.0,2.4309,0.19,0.3899262496826156,32.359,0.0,23.5,1.854,5.58,0.145
2021-12-08,342,12,2021,0.0,generated,23.4,17.8,generated,Sangrur,1,1.895,0.683,0.0,1.295,1.6822,0.0,1.6822,0.4472,1.874,0.0,2.4111,-0.5371,0.38868381884218395,32.358,0.0,23.44,1.974,5.58,0.1
2021-12-09,343,12,2021,0.0,generated,22.5,15.7,generated,Sangrur,1,2.001,0.7,0.0,1.401,1.8203,0.0,1.8203,0.4839,2.0121,0.0,2.3911,-0.379,0.3878071304813359,32.357,0.0,23.37,1.982,5.58,0.109
2021-12-10,344,12,2021,0.0,generated,22.0,5.7,generated,Sangrur,1,2.652,0.717,0.0,1.9,2.4693,0.0,2.4693,0.6564,2.6611,0.0,2.3711,0.29,0.38847797176552323,32.358,0.0,23.29,2.014,5.58,0.147
2021-12-11,345,12,2021,0.0,generated,22.1,0.1,generated,Sangrur,1,2.807,0.733,0.0,2.059,2.675,0.0,2.675,0.7111,2.8668,0.0,2.352,0.5148,0.3896687894944275,32.359,0.0,23.25,2.071,5.58,0.16
2021-12-12,346,12,2021,0.0,generated,22.3,0.3,generated,Sangrur,1,2.822,0.75,0.0,2.116,2.7497,0.0,2.7497,0.7309,2.9415,0.0,2.3341,0.6074,0.3910738888374359,32.36,0.0,23.31,2.135,5.58,0.164
2021-12-13,347,12,2021,0.0,generated,21.7,9.1,generated,Sangrur,1,2.432,0.767,0.0,1.865,2.4229,0.0,2.4229,0.6441,2.6147,0.0,2.3173,0.2974,0.39176178873285744,32.361,0.0,23.36,2.166,5.58,0.145
2021-12-14,348,12,2021,0.0,generated,21.1,-0.9,generated,Sangrur,1,2.697,0.783,0.0,2.113,2.7451,0.0,2.7451,0.7297,2.9369,0.0,2.3012,0.6357,0.3932321847385894,32.362,0.0,23.48,2.209,5.58,0.164
2021-12-15,349,12,2021,0.0,generated,25.2,11.5,generated,Sangrur,1,2.754,0.8,0.0,2.203,2.8631,0.0,2.8631,0.7611,3.0549,0.0,2.2862,0.7687,0.39501023878035413,32.364,0.0,23.66,2.275,5.58,0.171
2021-12-16,350,12,2021,0.0,generated,24.4,6.1,generated,Sangrur,1,2.908,0.817,0.0,2.374,3.0853,0.0,3.0853,0.8201,3.2771,0.0,2.2724,1.0047,0.3973342733823808,32.366,0.0,23.75,2.348,5.58,0.184
2021-12-17,351,12,2021,0.0,generated,24.3,11.3,generated,Sangrur,1,2.638,0.833,0.0,2.198,2.856,0.0,2.856,0.7592,3.0478,0.0,2.26,0.7878,0.3991566649375633,32.368,0.0,23.75,2.459,5.58,0.17
2021-12-18,352,12,2021,0.0,generated,20.6,10.8,generated,Sangrur,1,2.154,0.85,0.0,1.831,2.3788,0.0,2.3788,0.6323,2.5706,0.0,2.2485,0.3221,0.39990170177999,32.369,0.0,23.65,2.468,5.58,0.142
2021-12-19,353,12,2021,0.0,generated,19.3,1.2,generated,Sangrur,1,2.45,0.867,0.0,2.123,2.7591,0.0,2.7591,0.7334,2.9509,0.0,2.2373,0.7136,0.40155229878058946,32.371,0.0,23.55,2.511,5.58,0.165
2021-12-20,354,12,2021,0.0,generated,24.0,6.1,generated,Sangrur,1,2.853,0.883,0.0,2.52,3.2747,0.0,3.2747,0.8705,3.4665,0.0,2.2269,1.2396,0.40441961874566507,32.373,0.0,23.51,2.586,5.58,0.195
2021-12-21,355,12,2021,0.0,generated,27.9,19.3,generated,Sangrur,1,2.493,0.9,0.0,2.243,2.9149,0.0,2.9149,0.7748,3.1067,0.0,2.218,0.8887,0.4064754010189973,32.376,0.0,23.62,2.621,5.58,0.174
2021-12-22,356,12,2021,0.0,generated,26.4,8.6,generated,Sangrur,1,3.059,0.917,0.0,2.804,3.643,0.0,3.643,0.9684,3.8348,0.0,2.2098,1.625,0.41023419637893077,32.379,0.0,23.65,2.761,3.79,0.217
2021-12-23,357,12,2021,18.81,generated,47.5,3.5,telemetry,Sangrur,1,5.902,0.933,0.0,5.508,0.0,0.0,0.0,0.0,0.1918,5.4212,2.2035,-2.0117,0.40558085580965386,32.375,18.81,24.33,2.631,21.03,0.0
2021-12-24,358,12,2021,0.0,generated,42.0,24.0,telemetry,Sangrur,1,4.432,0.95,0.0,4.21,5.4707,0.0,5.4707,1.4542,5.6625,0.0,2.2027,3.4598,0.4135838272867954,32.383,18.81,24.9,2.846,13.25,0.327
2021-12-25,359,12,2021,0.0,generated,49.0,10.0,telemetry,Sangrur,1,6.08,0.967,0.0,5.877,7.6368,0.0,7.6368,2.03,7.8286,0.0,2.2058,5.6228,0.42659016891010204,32.396,18.81,25.7,3.2,13.25,0.456
2021-12-26,360,12,2021,0.0,generated,49.0,0.0,telemetry,Sangrur,1,6.102,0.983,0.0,6.0,7.7964,0.0,7.7964,2.0725,7.9882,0.0,2.2154,5.7728,0.43994357904868386,32.409,18.81,26.43,3.56,13.25,0.465
2021-12-27,361,12,2021,0.0,generated,49.0,5.0,telemetry,Sangrur,1,6.133,1.0,0.0,6.133,7.9683,0.0,7.9683,2.1182,8.1601,0.0,2.2311,5.929,0.45365836912723473,32.423,18.81,27.17,3.957,13.25,0.476
2021-12-28,362,12,2021,0.0,generated,46.0,10.0,telemetry,Sangrur,1,5.68,1.017,0.0,5.775,7.5033,0.0,7.5033,1.9945,7.6951,0.0,2.2525,5.4426,0.46624787469627094,32.435,18.81,27.85,4.296,13.25,0.448
2021-12-29,363,12,2021,0.0,generated,45.0,0.0,telemetry,Sangrur,1,5.598,1.033,0.0,5.785,7.5162,0.0,7.5162,1.998,7.708,0.0,2.2786,5.4294,0.47880684427493597,32.448,18.81,28.42,4.629,13.25,0.449
2021-12-30,364,12,2021,0.0,generated,24.3,18.1,generated,Sangrur,1,2.015,1.05,0.0,2.116,2.749,0.0,2.749,0.7307,2.9408,0.0,2.3089,0.6319,0.4802684218369872,32.449,0.0,28.39,4.605,13.25,0.164
2021-12-31,365,12,2021,0.0,generated,23.2,1.2,generated,Sangrur,1,2.926,1.067,0.0,3.121,4.0556,0.0,4.0556,1.0781,4.2474,0.0,2.3365,1.9109,0.4846885771454462,32.454,0.0,28.4,4.69,13.25,0.242
2022-01-01,1,1,2022,0.0,generated,19.8,4.6,generated,Sangrur,1,2.438,1.083,0.0,2.641,3.4321,0.0,3.4321,0.9123,3.6239,0.0,2.3633,1.2606,0.48760446045905503,32.457,0.0,28.27,4.766,13.25,0.205
2022-01-02,2,1,2022,0.0,generated,47.0,0.0,telemetry,Sangrur,1,5.918,1.1,0.0,6.51,8.4584,0.0,8.4584,2.2484,8.6502,0.0,2.3885,6.2617,0.5020886849463649,32.471,0.0,29.12,5.173,13.25,0.505
2022-01-03,3,1,2022,0.0,generated,42.0,19.0,telemetry,Sangrur,1,4.855,1.117,0.0,5.422,7.0447,0.0,7.0447,1.8726,7.2365,0.0,2.4191,4.8174,0.513232154465303,32.482,0.0,29.8,5.442,13.25,0.42
2022-01-04,4,1,2022,0.0,generated,48.0,25.0,telemetry,Sangrur,1,5.475,1.133,0.0,6.205,8.0625,0.0,8.0625,2.1432,8.2543,0.0,2.4525,5.8018,0.5266526099632112,32.496,0.0,30.71,5.81,13.25,0.481
2022-01-05,5,1,2022,0.0,generated,17.8,11.1,generated,Sangrur,1,1.761,1.15,0.0,2.025,2.631,0.0,2.631,0.6994,2.8228,0.0,2.4899,0.3329,0.5274225913200076,32.496,0.0,30.64,5.738,13.25,0.157
2022-01-06,6,1,2022,0.0,generated,17.3,3.7,generated,Sangrur,1,2.209,1.15,0.0,2.54,3.3006,0.0,3.3006,0.8774,3.4924,0.0,2.5235,0.9689,0.5296638215062293,32.499,0.0,30.47,5.973,13.25,0.197
2022-01-07,7,1,2022,0.0,generated,18.3,14.3,generated,Sangrur,1,1.449,1.15,0.0,1.666,2.1646,0.0,2.1646,0.5754,2.3564,0.0,2.5544,-0.198,0.5292058611772253,32.498,0.0,30.3,5.737,13.25,0.129
2022-01-08,8,1,2022,0.0,generated,17.7,3.3,generated,Sangrur,1,2.29,1.15,0.0,2.633,3.4215,0.0,3.4215,0.9095,3.6133,0.0,2.5812,1.0321,0.5315932825249299,32.501,0.0,30.14,5.436,13.25,0.204
2022-01-09,9,1,2022,0.0,generated,41.5,0.5,telemetry,Sangrur,1,5.318,1.15,0.0,6.116,7.9468,0.0,7.9468,2.1124,8.1386,0.0,2.6059,5.5327,0.5443911902933317,32.513,0.0,30.79,5.447,13.25,0.474
2022-01-10,10,1,2022,0.0,generated,28.0,0.0,telemetry,Sangrur,1,3.617,1.15,0.0,4.16,5.4047,0.0,5.4047,1.4367,5.5965,0.0,2.6349,2.9616,0.5512417517061946,32.52,0.0,30.99,5.264,13.25,0.323
2022-01-11,11,1,2022,0.0,generated,38.0,2.0,telemetry,Sangrur,1,4.896,1.15,0.0,5.631,7.3162,0.0,7.3162,1.9448,7.508,0.0,2.6643,4.8437,0.5624460302132775,32.532,0.0,31.51,5.25,13.25,0.437
2022-01-12,12,1,2022,0.0,generated,24.0,8.1,generated,Sangrur,1,2.927,1.15,0.0,3.366,4.3737,0.0,4.3737,1.1626,4.5655,0.0,2.6965,1.869,0.5667692932450724,32.536,0.0,31.59,5.026,13.25,0.261
2022-01-13,13,1,2022,0.0,generated,21.1,5.0,generated,Sangrur,1,2.697,1.15,0.0,3.101,4.0298,0.0,4.0298,1.0712,4.2216,0.0,2.7273,1.4943,0.570225863583137,32.539,0.0,31.59,5.117,13.25,0.241
2022-01-14,14,1,2022,0.0,generated,16.5,5.1,generated,Sangrur,1,2.114,1.15,0.0,2.431,3.1588,0.0,3.1588,0.8397,3.3506,0.0,2.7562,0.5944,0.5716007702267432,32.541,0.0,31.3,5.053,13.25,0.189
2022-01-15,15,1,2022,0.0,generated,19.8,5.6,generated,Sangrur,1,2.529,1.15,0.0,2.908,3.7784,0.0,3.7784,1.0044,3.9702,0.0,2.7822,1.188,0.5743488281152592,32.543,0.0,31.14,5.078,13.25,0.226
2022-01-16,16,1,2022,0.0,generated,20.2,4.2,generated,Sangrur,1,2.654,1.15,0.0,3.052,3.9652,0.0,3.9652,1.054,4.157,0.0,2.8063,1.3507,0.577473311044805,32.547,0.0,31.01,4.757,13.25,0.237
2022-01-17,17,1,2022,0.0,generated,20.0,11.2,telemetry,Sangrur,1,2.203,1.15,0.0,2.533,3.2912,0.0,3.2912,0.8749,3.483,0.0,2.8288,0.6542,0.5789866117427824,32.548,0.0,30.99,4.489,13.25,0.196
2022-01-18,18,1,2022,0.0,generated,45.0,6.0,telemetry,Sangrur,1,6.044,1.15,0.0,6.95,9.031,0.0,9.031,2.4006,9.2228,0.0,2.8489,6.3739,0.5937303642323544,32.563,0.0,31.84,4.558,13.25,0.539
2022-01-19,19,1,2022,0.0,generated,25.9,8.8,generated,Sangrur,1,3.267,1.15,0.0,3.757,4.8814,0.0,4.8814,1.2976,5.0732,0.0,2.8747,2.1985,0.5988157991047187,32.568,0.0,31.91,4.719,13.25,0.291
2022-01-20,20,1,2022,0.0,generated,22.1,7.5,generated,Sangrur,1,2.816,1.15,0.0,3.238,4.2071,0.0,4.2071,1.1183,4.3989,0.0,2.8999,1.499,0.6022831483707144,32.571,0.0,31.71,4.784,13.25,0.251
2022-01-21,21,1,2022,0.0,generated,21.0,6.4,generated,Sangrur,1,2.736,1.15,0.0,3.147,4.0888,0.0,4.0888,1.0869,4.2806,0.0,2.9237,1.3569,0.605421976382141,32.574,0.0,31.53,4.921,13.25,0.244
2022-01-22,22,1,2022,0.0,generated,19.0,9.2,generated,Sangrur,1,2.284,1.15,0.0,2.626,3.4126,0.0,3.4126,0.9071,3.6044,0.0,2.9458,0.6586,0.6069454128098678,32.576,0.0,30.58,4.92,-5.56,0.204
2022-01-23,23,1,2022,0.02,generated,19.0,13.2,generated,Sangrur,1,1.878,1.15,0.0,2.16,2.7809,0.0,2.7809,0.7392,2.9727,0.0058,2.9655,0.0072,0.6069619681021576,32.576,0.02,29.82,4.551,-5.54,0.166
2022-01-24,24,1,2022,0.0,generated,19.9,0.9,generated,Sangrur,1,2.846,1.15,0.0,3.273,4.2522,0.0,4.2522,1.1303,4.444,0.0,2.9822,1.4618,0.610343388429604,32.579,0.02,28.85,4.469,-5.54,0.254
2022-01-25,25,1,2022,0.0,generated,18.7,14.7,generated,Sangrur,1,1.607,1.15,0.0,1.849,2.4019,0.0,2.4019,0.6385,2.5937,0.0,2.9979,-0.4042,0.6094083048990266,32.578,0.02,27.84,4.118,-5.54,0.143
2022-01-26,26,1,2022,0.0,generated,19.6,5.0,generated,Sangrur,1,2.696,1.15,0.0,3.101,4.0292,0.0,4.0292,1.0711,4.221,0.0,3.0103,1.2107,0.6122087318268836,32.581,0.02,26.86,4.093,-5.54,0.24
2022-01-27,27,1,2022,0.0,generated,34.0,0.0,telemetry,Sangrur,1,4.788,1.15,0.0,5.506,7.1548,0.0,7.1548,1.9019,7.3466,0.0,3.0219,4.3247,0.6222125109469796,32.591,0.02,26.46,4.317,-5.54,0.427
2022-01-28,28,1,2022,0.37,generated,18.6,7.7,generated,Sangrur,1,2.427,1.15,0.0,2.791,3.1473,0.0,3.1473,0.8366,3.3391,0.1066,3.0368,0.3023,0.6229116886124136,32.592,0.39,25.58,4.316,-5.2,0.188
2022-01-29,29,1,2022,0.0,generated,41.0,0.0,telemetry,Sangrur,1,5.864,1.15,0.0,6.743,8.7621,0.0,8.7621,2.3292,8.9539,0.0,3.0496,5.9043,0.63656921150133,32.606,0.39,26.13,4.672,-5.2,0.523
2022-01-30,30,1,2022,0.0,generated,48.0,0.0,telemetry,Sangrur,1,6.971,1.15,0.0,8.017,10.4169,0.0,10.4169,2.769,10.6087,0.0,3.0679,7.5408,0.654012295647368,32.623,0.37,26.96,5.133,-5.2,0.622
2022-01-31,31,1,2022,0.0,generated,17.0,3.2,generated,Sangrur,1,2.512,1.15,0.0,2.889,3.7536,0.0,3.7536,0.9978,3.9454,0.0,3.0934,0.852,0.6559830952019197,32.625,0.37,26.87,5.166,-5.2,0.224
2022-02-01,32,2,2022,0.0,telemetry,47.0,1.0,telemetry,Sangrur,1,6.919,1.15,0.0,7.956,10.3382,0.0,10.3382,2.7481,10.53,0.0,3.1164,7.4136,0.6731319322285595,32.642,0.37,26.87,5.259,-5.2,0.617
2022-02-02,33,2,2022,0.1,telemetry,25.9,10.0,telemetry,Sangrur,1,3.503,1.15,0.0,4.029,5.1048,0.0,5.1048,1.357,5.2966,0.0288,3.146,2.1506,0.6781065191948178,32.647,0.47,26.33,5.275,-5.11,0.305
2022-02-03,34,2,2022,5.1,telemetry,19.1,14.4,telemetry,Sangrur,1,1.854,1.15,0.0,2.132,0.0,0.0,0.0,0.0,0.1918,1.4699,3.1746,-2.9828,0.6712068070079906,32.64,5.57,25.37,4.975,-0.43,0.0
2022-02-04,35,2,2022,0.0,telemetry,22.8,9.7,telemetry,Sangrur,1,3.072,1.15,0.0,3.532,4.5897,0.0,4.5897,1.22,4.7815,0.0,3.1975,1.584,0.6748707369092218,32.644,5.2,25.53,5.01,-0.43,0.274
2022-02-05,36,2,2022,0.8,telemetry,23.4,7.8,telemetry,Sangrur,1,3.311,1.15,0.0,3.808,3.9153,0.0,3.9153,1.0408,4.1071,0.2306,3.2192,0.8879,0.6769246398054332,32.646,6.0,25.74,5.046,0.3,0.234
2022-02-06,37,2,2022,0.0,telemetry,24.1,9.4,telemetry,Sangrur,1,3.349,1.15,0.0,3.851,5.0044,0.0,5.0044,1.3303,5.1962,0.0,3.239,1.9572,0.6814518971797506,32.651,6.0,25.93,5.205,0.3,0.299
2022-02-07,38,2,2022,0.0,telemetry,26.9,12.8,telemetry,Sangrur,1,3.6,1.15,0.0,4.14,5.3797,0.0,5.3797,1.43,5.5715,0.0,3.2583,2.3132,0.6868026688699933,32.656,6.0,26.24,5.286,0.3,0.321
2022-02-08,39,2,2022,0.0,telemetry,28.4,12.8,telemetry,Sangrur,1,3.891,1.15,0.0,4.474,5.8134,0.0,5.8134,1.5453,6.0052,0.0,3.2776,2.7276,0.6931121311149542,32.662,6.0,25.8,5.529,0.3,0.347
2022-02-09,40,2,2022,0.0,telemetry,27.2,16.6,telemetry,Sangrur,1,3.34,1.15,0.0,3.841,4.9906,0.0,4.9906,1.3266,5.1824,0.0,3.2973,1.8851,0.6974725986393113,32.667,5.9,25.77,5.598,0.3,0.298
2022-02-10,41,2,2022,0.0,telemetry,28.1,13.1,telemetry,Sangrur,1,3.871,1.15,0.0,4.452,5.7846,0.0,5.7846,1.5377,5.9764,0.0,3.3164,2.66,0.7036255787402101,32.673,0.8,25.44,5.5,0.3,0.345
2022-02-11,42,2,2022,0.0,telemetry,27.8,11.9,telemetry,Sangrur,1,3.937,1.15,0.0,4.527,5.8824,0.0,5.8824,1.5637,6.0742,0.0,3.3359,2.7383,0.7099596868382734,32.679,0.8,25.57,5.695,0.3,0.351
2022-02-12,43,2,2022,0.0,telemetry,29.7,11.2,telemetry,Sangrur,1,4.346,1.15,0.0,4.998,6.494,0.0,6.494,1.7263,6.6858,0.0,3.3559,3.3299,0.7176623219076734,32.687,0.0,25.86,5.533,0.3,0.388
2022-02-13,44,2,2022,0.0,telemetry,30.0,12.5,telemetry,Sangrur,1,4.347,1.15,0.0,4.999,6.496,0.0,6.496,1.7268,6.6878,0.0,3.3771,3.3107,0.7253205307210274,32.694,0.0,26.31,5.253,0.3,0.388
2022-02-14,45,2,2022,0.0,telemetry,30.0,13.8,telemetry,Sangrur,1,4.284,1.15,0.0,4.927,6.4014,0.0,6.4014,1.7016,6.5932,0.0,3.3994,3.1938,0.7327083400260783,32.702,0.0,26.65,5.442,0.3,0.382
2022-02-15,46,2,2022,0.0,telemetry,30.0,15.0,telemetry,Sangrur,1,4.216,1.15,0.0,4.848,6.2995,0.0,6.2995,1.6746,6.4913,0.0,3.4225,3.0688,0.7398069533542755,32.709,0.0,26.97,5.154,0.3,0.376
2022-02-16,47,2,2022,0.0,telemetry,30.0,12.1,telemetry,Sangrur,1,4.473,1.15,0.0,5.144,6.6834,0.0,6.6834,1.7766,6.8752,0.0,3.4462,3.429,0.747738779130666,32.717,0.0,27.31,5.267,0.3,0.399
2022-02-17,48,2,2022,0.0,telemetry,32.5,12.8,telemetry,Sangrur,1,4.922,1.15,0.0,5.66,7.3546,0.0,7.3546,1.955,7.5464,0.0,3.4709,4.0755,0.7571660676286012,32.726,0.0,26.89,5.792,0.3,0.439
2022-02-18,49,2,2022,0.0,telemetry,30.6,13.4,telemetry,Sangrur,1,4.559,1.15,0.0,5.243,6.8121,0.0,6.8121,1.8108,7.0039,0.0,3.4974,3.5065,0.7652772008408585,32.734,0.0,27.05,5.951,0.3,0.407
2022-02-19,50,2,2022,0.0,telemetry,30.3,14.0,telemetry,Sangrur,1,4.488,1.15,0.0,5.161,6.7061,0.0,6.7061,1.7826,6.8979,0.0,3.5247,3.3732,0.7730799152036943,32.742,0.0,27.32,6.15,0.3,0.4
2022-02-20,51,2,2022,0.0,telemetry,30.3,14.7,telemetry,Sangrur,1,4.462,1.15,0.0,5.131,6.6673,0.0,6.6673,1.7723,6.8591,0.0,3.5526,3.3065,0.7807283180352347,32.75,0.0,27.63,6.269,0.3,0.398
2022-02-21,52,2,2022,0.0,telemetry,32.8,12.5,telemetry,Sangrur,1,5.147,1.15,0.0,5.919,7.6906,0.0,7.6906,2.0443,7.8824,0.0,3.581,4.3014,0.7906782363780466,32.76,0.0,28.09,6.434,0.3,0.459
2022-02-22,53,2,2022,0.0,telemetry,31.2,10.9,telemetry,Sangrur,1,4.98,1.15,0.0,5.727,7.4412,0.0,7.4412,1.978,7.633,0.0,3.611,4.022,0.799981706015312,32.769,0.0,28.5,6.55,0.28,0.444
2022-02-23,54,2,2022,0.07,telemetry,30.9,17.2,telemetry,Sangrur,1,4.44,1.15,0.0,5.105,6.5429,0.0,6.5429,1.7393,6.7347,0.0202,3.6423,3.0924,0.8071349677781913,32.776,0.07,28.86,6.661,0.35,0.391
2022-02-24,55,2,2022,0.8,telemetry,30.9,15.9,telemetry,Sangrur,1,4.607,1.15,0.0,5.298,5.8511,0.0,5.8511,1.5554,6.0429,0.2306,3.6734,2.3695,0.8126160686049522,32.782,0.87,29.27,6.666,1.08,0.349
2022-02-25,56,2,2022,0.07,telemetry,31.8,16.0,telemetry,Sangrur,1,4.821,1.15,0.0,5.544,7.1125,0.0,7.1125,1.8907,7.3043,0.0202,3.7037,3.6006,0.8209449350726779,32.79,0.94,29.68,6.754,1.14,0.425
2022-02-26,57,2,2022,0.4,telemetry,26.5,16.0,telemetry,Sangrur,1,3.707,1.15,0.0,4.263,5.0212,0.0,5.0212,1.3347,5.213,0.1153,3.7345,1.4785,0.8243648793709971,32.793,1.34,29.43,6.649,1.51,0.3
2022-02-27,58,2,2022,0.0,telemetry,29.1,10.0,telemetry,Sangrur,1,4.817,1.15,0.0,5.54,7.1978,0.0,7.1978,1.9133,7.3896,0.0,3.7632,3.6264,0.832753367553403,32.802,1.34,29.78,6.699,1.14,0.43
2022-02-28,59,2,2022,0.0,telemetry,29.4,13.1,telemetry,Sangrur,1,4.686,1.15,0.0,5.389,7.0024,0.0,7.0024,1.8614,7.1942,0.0,3.7925,3.4017,0.8406219681874805,32.81,1.34,29.39,6.742,1.14,0.418
2022-03-01,60,3,2022,0.0,telemetry,31.9,15.0,telemetry,Sangrur,1,5.077,1.15,0.0,5.838,7.5861,0.0,7.5861,2.0166,7.7779,0.0,3.8222,3.9557,0.8497721267089309,32.819,1.34,28.85,6.834,1.14,0.453
2022-03-02,61,3,2022,0.0,telemetry,33.2,15.0,telemetry,Sangrur,1,5.39,1.15,0.0,6.198,8.0539,0.0,8.0539,2.1409,8.2457,0.0,3.8529,4.3928,0.8599333577070795,32.829,1.27,29.39,6.931,1.14,0.481
2022-03-03,62,3,2022,0.07,telemetry,27.8,18.8,telemetry,Sangrur,1,3.744,1.15,0.0,4.306,5.5041,0.0,5.5041,1.4631,5.6959,0.0202,3.8851,1.8108,0.8641219387934601,32.833,0.54,28.75,6.799,1.2,0.329
2022-03-04,63,3,2022,0.07,telemetry,30.3,15.0,telemetry,Sangrur,1,4.839,1.15,0.0,5.565,7.1396,0.0,7.1396,1.8979,7.3314,0.0202,3.9153,3.4161,0.8720240199540247,32.841,0.54,28.9,6.823,1.17,0.426
2022-03-05,64,3,2022,0.0,telemetry,33.2,16.6,telemetry,Sangrur,1,5.358,1.15,0.0,6.162,8.0063,0.0,8.0063,2.1283,8.1981,0.0,3.9456,4.2525,0.8818606803558195,32.851,0.14,29.37,6.916,-3.93,0.478
2022-03-06,65,3,2022,0.0,telemetry,33.5,18.4,telemetry,Sangrur,1,5.273,1.15,0.0,6.063,7.8785,0.0,7.8785,2.0943,8.0703,0.0,3.9773,4.093,0.8913284343315947,32.86,0.14,29.73,7.002,-3.93,0.47
2022-03-07,66,3,2022,0.0,telemetry,34.0,20.0,telemetry,Sangrur,1,5.235,1.15,0.0,6.02,7.822,0.0,7.822,2.0793,8.0138,0.0,4.01,4.0038,0.9005899584825987,32.87,0.14,30.08,7.011,-4.73,0.467
2022-03-08,67,3,2022,0.0,telemetry,37.2,18.8,telemetry,Sangrur,1,6.177,1.15,0.0,7.104,9.2305,0.0,9.2305,2.4537,9.4223,0.0,4.0434,5.3789,0.9130322879205153,32.882,0.14,30.52,7.139,-4.73,0.551
2022-03-09,68,3,2022,0.0,telemetry,35.9,18.4,telemetry,Sangrur,1,5.953,1.15,0.0,6.846,8.8951,0.0,8.8951,2.3645,9.0869,0.0,4.0793,5.0076,0.9246156004570169,32.894,0.14,30.82,7.307,-4.73,0.531
2022-03-10,69,3,2022,0.0,telemetry,36.2,19.7,telemetry,Sangrur,1,5.923,1.15,0.0,6.811,8.8504,0.0,8.8504,2.3526,9.0422,0.0,4.1171,4.9251,0.9360081378656233,32.905,0.07,31.08,7.521,-4.73,0.528
2022-03-11,70,3,2022,0.0,telemetry,37.2,19.7,telemetry,Sangrur,1,6.208,1.15,0.0,7.139,9.276,0.0,9.276,2.4658,9.4678,0.0,4.1564,5.3114,0.9482942411577069,32.917,0.0,31.41,7.676,-4.73,0.554
2022-03-12,71,3,2022,0.0,telemetry,39.0,20.3,telemetry,Sangrur,1,6.627,1.15,0.0,7.621,9.9028,0.0,9.9028,2.6324,10.0946,0.0,4.1976,5.897,0.9619349004011596,32.931,0.0,31.77,8.025,-4.73,0.591
2022-03-13,72,3,2022,0.0,telemetry,40.3,22.2,telemetry,Sangrur,1,6.784,1.15,0.0,7.802,10.1374,0.0,10.1374,2.6948,10.3292,0.0,4.2414,6.0878,0.9760170431988495,32.945,0.0,32.19,8.235,-4.73,0.605
2022-03-14,73,3,2022,0.0,telemetry,42.5,23.4,telemetry,Sangrur,1,7.258,1.15,0.0,8.346,10.8447,0.0,10.8447,2.8828,11.0365,0.0,4.2877,6.7488,0.991628184721619,32.961,0.0,32.62,8.509,-4.73,0.647
2022-03-15,74,3,2022,0.0,telemetry,41.9,25.0,telemetry,Sangrur,1,6.939,1.15,0.0,7.979,10.3679,0.0,10.3679,2.756,10.5597,0.0,4.3372,6.2225,1.0060218568759398,32.975,0.0,33.01,8.708,-4.73,0.619
2022-03-16,75,3,2022,0.0,telemetry,43.4,25.9,telemetry,Sangrur,1,7.272,1.15,0.0,8.363,10.8662,0.0,10.8662,2.8885,11.058,0.0,4.3889,6.6691,1.021448508644612,32.991,0.0,33.46,8.909,-4.73,0.649
2022-03-17,76,3,2022,0.0,telemetry,45.3,26.0,telemetry,Sangrur,1,7.831,1.15,0.0,9.006,11.7021,0.0,11.7021,3.1107,11.8939,0.0,4.4433,7.4506,1.0386830243293734,33.008,0.0,33.97,9.351,-4.73,0.698
2022-03-18,77,3,2022,0.0,telemetry,44.7,28.1,telemetry,Sangrur,1,7.411,1.15,0.0,8.522,11.0736,0.0,11.0736,2.9436,11.2654,0.0,4.501,6.7644,1.0543300714832604,33.023,0.0,34.46,9.632,-4.73,0.661
2022-03-19,78,3,2022,0.0,telemetry,44.7,28.8,telemetry,Sangrur,1,7.345,1.15,0.0,8.446,10.9747,0.0,10.9747,2.9173,11.1665,0.0,4.561,6.6055,1.0696096555394405,33.039,0.0,34.87,9.844,-4.73,0.655
2022-03-20,79,3,2022,0.0,telemetry,45.0,27.2,telemetry,Sangrur,1,7.725,1.15,0.0,8.884,11.5434,0.0,11.5434,3.0685,11.7352,0.0,4.6227,7.1125,1.086061988555085,33.055,0.0,35.35,10.106,-4.73,0.689
2022-03-21,80,3,2022,0.0,telemetry,44.1,27.8,telemetry,Sangrur,1,7.416,1.15,0.0,8.529,11.0817,0.0,11.0817,2.9458,11.2735,0.0,4.6867,6.5868,1.1012983430987777,33.07,0.0,35.81,10.339,-4.73,0.661
2022-03-22,81,3,2022,0.0,telemetry,43.1,26.0,telemetry,Sangrur,1,7.442,1.129,0.0,8.404,10.9199,0.0,10.9199,2.9028,11.1117,0.0,4.752,6.3597,1.1160093583426407,33.085,0.0,36.23,10.46,-4.73,0.652
2022-03-23,82,3,2022,0.0,telemetry,43.1,25.0,telemetry,Sangrur,1,7.628,1.109,0.0,8.456,10.987,0.0,10.987,2.9206,11.1788,0.0,4.8182,6.3606,1.130722485909138,33.1,0.0,36.58,10.609,-4.73,0.656
2022-03-24,83,3,2022,0.0,telemetry,42.8,27.2,telemetry,Sangrur,1,7.253,1.088,0.0,7.89,10.2515,0.0,10.2515,2.7251,10.4433,0.0,4.8851,5.5582,1.1435793931097107,33.113,0.0,36.96,10.709,-4.73,0.612
2022-03-25,84,3,2022,0.0,telemetry,43.4,25.6,telemetry,Sangrur,1,7.718,1.067,0.0,8.235,10.7007,0.0,10.7007,2.8445,10.8925,0.0,4.9517,5.9408,1.1573214470572486,33.126,0.0,37.38,10.811,-4.8,0.639
2022-03-26,85,3,2022,0.0,telemetry,44.7,25.4,telemetry,Sangrur,1,8.167,1.046,0.0,8.545,11.1029,0.0,11.1029,2.9514,11.2947,0.0,5.0183,6.2764,1.171839677834476,33.141,0.0,37.84,10.897,-5.6,0.663
2022-03-27,86,3,2022,0.0,telemetry,47.5,23.4,telemetry,Sangrur,1,9.246,1.026,0.0,9.483,12.3211,0.0,12.3211,3.2752,12.5129,0.0,5.0855,7.4274,1.1890204034558818,33.158,0.0,38.36,11.053,-5.67,0.735
2022-03-28,87,3,2022,0.0,telemetry,48.2,25.0,telemetry,Sangrur,1,9.318,1.005,0.0,9.363,12.1663,0.0,12.1663,3.2341,12.3581,0.0,5.1547,7.2034,1.20568297284098,33.175,0.0,39.09,11.147,-6.07,0.726
2022-03-29,88,3,2022,0.0,telemetry,48.5,24.4,telemetry,Sangrur,1,9.522,0.984,0.0,9.371,12.1758,0.0,12.1758,3.2366,12.3676,0.0,5.2254,7.1422,1.222203928956031,33.191,0.0,39.73,11.276,-6.07,0.727
2022-03-30,89,3,2022,0.0,telemetry,48.5,25.6,telemetry,Sangrur,1,9.434,0.963,0.0,9.089,11.8095,0.0,11.8095,3.1392,12.0013,0.0,5.2974,6.7039,1.2377110412624377,33.207,0.0,40.37,11.344,-6.07,0.705
2022-03-31,90,3,2022,0.0,telemetry,46.9,27.8,telemetry,Sangrur,1,8.708,0.943,0.0,8.209,10.6662,0.0,10.6662,2.8353,10.858,0.0,5.37,5.488,1.250405749564216,33.219,0.0,40.87,11.27,-6.07,0.637
2022-04-01,91,4,2022,0.0,telemetry,47.8,24.7,telemetry,Sangrur,1,9.434,0.922,0.0,8.697,11.3009,0.0,11.3009,3.004,11.4927,0.0,5.4413,6.0514,1.264403639096994,33.233,0.0,41.36,11.286,-6.07,0.674
2022-04-02,92,4,2022,0.0,telemetry,48.5,24.7,telemetry,Sangrur,1,9.686,0.901,0.0,8.729,11.3425,0.0,11.3425,3.0151,11.5343,0.0,5.5122,6.0221,1.278333625211864,33.247,0.0,42.05,11.312,-6.14,0.677
2022-04-03,93,4,2022,0.0,telemetry,48.8,25.8,telemetry,Sangrur,1,9.692,0.88,0.0,8.534,11.0887,0.0,11.0887,2.9476,11.2805,0.0,5.5828,5.6977,1.2915133474816438,33.261,0.0,42.66,11.28,-6.21,0.662
2022-04-04,94,4,2022,0.0,telemetry,48.4,25.8,telemetry,Sangrur,1,9.62,0.86,0.0,8.271,10.7463,0.0,10.7463,2.8566,10.9381,0.0,5.6525,5.2856,1.3037398277789802,33.273,0.0,43.17,11.256,-6.21,0.641
2022-04-05,95,4,2022,0.0,telemetry,48.8,23.8,telemetry,Sangrur,1,10.018,0.839,0.0,8.405,10.9214,0.0,10.9214,2.9032,11.1132,0.0,5.7208,5.3924,1.3162133052208749,33.285,0.0,43.68,11.256,-6.21,0.652
2022-04-06,96,4,2022,0.0,telemetry,48.8,24.2,telemetry,Sangrur,1,10.021,0.818,0.0,8.2,10.655,0.0,10.655,2.8323,10.8468,0.0,5.788,5.0588,1.3279151676653684,33.297,0.0,44.17,11.232,-6.21,0.636
2022-04-07,97,4,2022,0.0,telemetry,48.4,25.4,telemetry,Sangrur,1,9.806,0.798,0.0,7.821,10.1625,0.0,10.1625,2.7014,10.3543,0.0,5.8536,4.5007,1.3383259613550407,33.307,0.0,44.55,11.226,-6.21,0.607
2022-04-08,98,4,2022,0.0,telemetry,48.4,25.8,telemetry,Sangrur,1,9.801,0.777,0.0,7.613,9.8926,0.0,9.8926,2.6297,10.0844,0.0,5.9171,4.1673,1.3479656830072784,33.317,0.0,44.96,11.168,-6.21,0.59
2022-04-09,99,4,2022,0.0,telemetry,47.9,27.1,telemetry,Sangrur,1,9.513,0.756,0.0,7.193,9.3461,0.0,9.3461,2.4844,9.5379,0.0,5.978,3.5599,1.3562002945906562,33.325,0.0,45.35,11.042,-6.21,0.558
2022-04-10,100,4,2022,0.0,telemetry,47.9,26.3,telemetry,Sangrur,1,9.666,0.735,0.0,7.108,9.2363,0.0,9.2363,2.4552,9.4281,0.0,6.0358,3.3923,1.3640472342431087,33.333,0.0,45.71,10.822,-6.21,0.551
2022-04-11,101,4,2022,0.0,telemetry,28.2,19.8,generated,Sangrur,1,4.609,0.715,0.0,3.294,4.2801,0.0,4.2801,1.1377,4.4719,0.0,6.0904,-1.6185,1.3603032711352583,33.329,0.0,45.35,10.259,-6.21,0.255
2022-04-12,102,4,2022,0.0,telemetry,30.5,18.8,generated,Sangrur,1,5.548,0.694,0.0,3.85,5.0021,0.0,5.0021,1.3297,5.1939,0.0,6.1354,-0.9415,1.3581255359308761,33.327,0.0,45.02,9.746,-6.21,0.299
2022-04-13,103,4,2022,0.0,telemetry,32.1,10.9,generated,Sangrur,1,6.942,0.673,0.0,4.673,6.0725,0.0,6.0725,1.6142,6.2643,0.0,6.1722,0.0921,1.358338500469741,33.327,0.0,44.68,9.337,-6.21,0.362
2022-04-14,104,4,2022,0.0,telemetry,32.2,16.4,generated,Sangrur,1,6.446,0.652,0.0,4.206,5.465,0.0,5.465,1.4527,5.6568,0.0,6.2032,-0.5464,1.3570746971908627,33.326,0.0,44.35,8.965,-6.21,0.326
2022-04-15,105,4,2022,0.0,telemetry,31.1,11.8,generated,Sangrur,1,6.669,0.632,0.0,4.213,5.4739,0.0,5.4739,1.4551,5.6657,0.0,6.2277,-0.562,1.3557746339558907,33.325,0.0,43.94,8.549,-6.21,0.327
2022-04-16,106,4,2022,0.07,telemetry,30.1,8.1,generated,Sangrur,1,6.72,0.611,0.0,4.106,5.2438,0.0,5.2438,1.3939,5.4356,0.0202,6.2465,-0.8109,1.353898987120522,33.323,0.07,43.44,8.113,-6.15,0.313
2022-04-17,107,4,2022,0.0,telemetry,29.5,21.6,generated,Sangrur,1,4.749,0.59,0.0,2.803,3.6419,0.0,3.6419,0.9681,3.8337,0.0,6.2595,-2.4258,1.348287682271675,33.317,0.07,42.93,7.581,-6.15,0.217
2022-04-18,108,4,2022,0.0,telemetry,30.4,15.4,generated,Sangrur,1,6.166,0.57,0.0,3.512,4.5631,0.0,4.5631,1.213,4.7549,0.0,6.2651,-1.5102,1.3447942622132285,33.314,0.07,42.45,7.14,-6.15,0.272
2022-04-19,109,4,2022,0.0,telemetry,31.6,11.7,generated,Sangrur,1,6.91,0.549,0.0,3.792,4.9269,0.0,4.9269,1.3097,5.1187,0.0,6.2652,-1.1465,1.3421422520125021,33.311,0.07,42.01,6.712,-6.15,0.294
2022-04-20,110,4,2022,0.0,telemetry,39.9,28.0,telemetry,Sangrur,1,7.034,0.528,0.0,3.714,4.8262,0.0,4.8262,1.2829,5.018,0.0,6.2606,-1.2426,1.3392678393748014,33.308,0.07,41.87,6.295,-6.15,0.288
2022-04-21,111,4,2022,5.07,telemetry,36.7,23.7,telemetry,Sangrur,1,6.843,0.507,0.0,3.472,0.0,0.0,0.0,0.0,0.1918,1.4612,6.2517,-6.0599,1.3252502488835372,33.294,5.14,41.65,5.569,-1.5,0.0
2022-04-22,112,4,2022,0.07,telemetry,35.9,21.4,telemetry,Sangrur,1,7.018,0.487,0.0,3.415,4.3459,0.0,4.3459,1.1552,4.5377,0.0202,6.2347,-1.697,1.321324850900409,33.29,5.21,41.41,5.173,-1.44,0.259
2022-04-23,113,4,2022,0.0,telemetry,36.4,19.0,telemetry,Sangrur,1,7.555,0.466,0.0,3.52,4.5733,0.0,4.5733,1.2157,4.7651,0.0,6.2138,-1.4487,1.317973753606931,33.287,5.14,41.2,4.832,-1.44,0.273
2022-04-24,114,4,2022,0.0,telemetry,36.7,19.0,telemetry,Sangrur,1,7.67,0.445,0.0,3.414,4.4362,0.0,4.4362,1.1792,4.628,0.0,6.1897,-1.5617,1.314361193101352,33.283,5.14,40.98,4.489,-1.44,0.265
2022-04-25,115,4,2022,1.27,telemetry,38.8,21.9,telemetry,Sangrur,1,7.93,0.424,0.0,3.366,2.7397,0.0,2.7397,0.7283,2.9315,0.366,6.1626,-3.2311,1.306887128856463,33.276,6.41,40.78,4.379,-0.27,0.164
2022-04-26,116,4,2022,0.0,telemetry,39.1,20.3,telemetry,Sangrur,1,8.277,0.404,0.0,3.341,4.3413,0.0,4.3413,1.154,4.5331,0.0,6.131,-1.5979,1.3031909468117755,33.272,6.41,40.5,4.332,-0.27,0.259
2022-04-27,117,4,2022,0.0,telemetry,40.7,18.8,telemetry,Sangrur,1,8.97,0.383,0.0,3.435,4.4631,0.0,4.4631,1.1864,4.6549,0.0,6.0969,-1.442,1.2998553013624559,33.269,6.41,40.25,4.217,-0.27,0.266
2022-04-28,118,4,2022,0.0,telemetry,42.3,20.9,telemetry,Sangrur,1,9.239,0.362,0.0,3.346,4.3482,0.0,4.3482,1.1559,4.54,0.0,6.0608,-1.5208,1.2963373350886112,33.265,1.34,40.04,4.137,-0.27,0.26
2022-04-29,119,4,2022,0.0,telemetry,42.6,23.6,telemetry,Sangrur,1,8.996,0.341,0.0,3.072,3.9914,0.0,3.9914,1.061,4.1832,0.0,6.0228,-1.8396,1.2920819861715755,33.261,1.27,39.85,4.032,-0.27,0.238
2022-04-30,120,4,2022,0.0,telemetry,42.3,22.0,telemetry,Sangrur,1,9.151,0.321,0.0,2.935,3.8135,0.0,3.8135,1.0137,4.0053,0.0,5.9826,-1.9773,1.2875081656002807,33.257,1.27,39.69,3.929,-0.27,0.228
2022-05-01,121,5,2022,0.0,telemetry,41.2,23.8,telemetry,Sangrur,0,8.555,0.0,0.0,0.0,0.0,0.0,0.0,0.0,0.1918,0.0,5.9402,-5.7484,1.2742112107431163,33.243,1.27,39.47,3.669,-0.27,0.0
2022-05-02,122,5,2022,0.0,telemetry,39.6,25.2,telemetry,Sangrur,0,7.788,0.0,0.0,0.0,0.0,0.0,0.0,0.0,0.1918,0.0,5.8906,-5.6988,1.2610288676897075,33.23,0.0,39.18,3.343,-0.27,0.0
2022-05-03,123,5,2022,0.0,telemetry,37.8,26.8,telemetry,Sangrur,0,6.811,0.0,0.0,0.0,0.0,0.0,0.0,0.0,0.1918,0.0,5.8346,-5.6428,1.24797606153226,33.217,0.0,38.81,2.991,-0.27,0.0
2022-05-04,124,5,2022,9.67,telemetry,36.2,21.9,telemetry,Sangrur,0,7.28,0.0,0.0,0.0,0.0,0.0,0.0,0.0,0.1918,2.787,5.7728,-5.581,1.2350662335572087,33.204,9.67,38.4,2.647,8.59,0.0
2022-05-05,125,5,2022,0.27,telemetry,36.2,19.8,telemetry,Sangrur,0,7.64,0.0,0.0,0.0,0.0,0.0,0.0,0.0,0.1918,0.0778,5.7104,-5.5186,1.2223007847047118,33.191,9.94,37.98,2.647,8.84,0.0
2022-05-06,126,5,2022,0.0,telemetry,37.0,22.8,telemetry,Sangrur,0,7.422,0.0,0.0,0.0,0.0,0.0,0.0,0.0,0.1918,0.0,5.6432,-5.4514,1.2096908838571991,33.179,9.94,37.59,2.336,8.84,0.0
2022-05-07,127,5,2022,0.0,telemetry,38.8,20.3,telemetry,Sangrur,0,8.429,0.0,0.0,0.0,0.0,0.0,0.0,0.0,0.1918,0.0,5.5715,-5.3797,1.197246781404031,33.166,9.94,37.27,2.01,8.84,0.0
2022-05-08,128,5,2022,0.0,telemetry,40.2,22.5,telemetry,Sangrur,0,8.577,0.0,0.0,0.0,0.0,0.0,0.0,0.0,0.1918,0.0,5.4959,-5.3041,1.184977576044303,33.154,9.94,37.0,1.693,8.84,0.0
2022-05-09,129,5,2022,0.0,telemetry,40.2,24.6,telemetry,Sangrur,0,8.242,0.0,0.0,0.0,0.0,0.0,0.0,0.0,0.1918,0.0,5.4168,-5.225,1.172891294630324,33.142,9.94,36.74,1.497,8.84,0.0
2022-05-10,130,5,2022,0.0,telemetry,39.7,26.0,telemetry,Sangrur,0,7.81,0.0,0.0,0.0,0.0,0.0,0.0,0.0,0.1918,0.0,5.3347,-5.1429,1.160994967269857,33.13,9.94,36.47,1.187,8.84,0.0
2022-05-11,131,5,2022,0.0,telemetry,40.4,26.2,telemetry,Sangrur,0,8.038,0.0,0.0,0.0,0.0,0.0,0.0,0.0,0.1918,0.0,5.2499,-5.0581,1.149294697947864,33.118,0.27,36.87,0.868,8.84,0.0
2022-05-12,132,5,2022,0.0,telemetry,42.8,26.0,telemetry,Sangrur,0,8.949,0.0,0.0,0.0,0.0,0.0,0.0,0.0,0.1918,0.0,5.1629,-4.9711,1.1377957309147837,33.107,0.0,37.28,0.557,8.84,0.0
2022-05-13,133,5,2022,0.0,telemetry,42.6,24.6,telemetry,Sangrur,0,9.139,0.0,0.0,0.0,0.0,0.0,0.0,0.0,0.1918,0.0,5.074,-4.8822,1.1265025130753845,33.096,0.0,37.63,0.272,8.84,0.0
2022-05-14,134,5,2022,0.0,telemetry,44.2,23.0,telemetry,Sangrur,0,9.936,0.0,0.0,0.0,0.0,0.0,0.0,0.0,0.1918,0.0,4.9834,-4.7916,1.115418752599894,33.084,0.0,38.03,0.0,8.84,0.0
2022-05-15,135,5,2022,0.0,telemetry,44.8,24.4,telemetry,Sangrur,0,9.955,0.0,1.05,0.0,0.0,15.6547,15.6547,4.1614,15.8465,0.0,4.8916,10.9549,1.1407592807884992,33.11,0.0,38.49,0.0,8.84,0.934
2022-05-16,136,5,2022,0.0,telemetry,38.8,27.8,telemetry,Sangrur,0,7.141,0.0,1.05,0.0,0.0,11.2298,11.2298,2.9851,11.4216,0.0,4.8201,6.6015,1.1560296945742186,33.125,0.0,38.78,0.0,8.77,0.67
2022-05-17,137,5,2022,0.0,telemetry,40.2,25.7,telemetry,Sangrur,0,8.156,0.0,1.05,0.0,0.0,12.8263,12.8263,3.4095,13.0181,0.0,4.7613,8.2568,1.1751289960764042,33.144,0.0,39.14,0.0,8.77,0.766
2022-05-18,138,5,2022,0.0,telemetry,40.4,25.7,telemetry,Sangrur,0,8.242,0.0,1.05,0.0,0.0,12.9609,12.9609,3.4453,13.1527,0.0,4.7165,8.4362,1.1946433100902076,33.164,0.0,39.47,0.0,8.77,0.774
2022-05-19,139,5,2022,0.0,telemetry,42.8,24.6,telemetry,Sangrur,0,9.302,0.0,1.05,0.0,0.0,14.6288,14.6288,3.8887,14.8206,0.0,4.6847,10.1359,1.2180892349062862,33.187,0.0,39.84,0.0,8.77,0.873
2022-05-20,140,5,2022,0.0,telemetry,43.1,26.0,telemetry,Sangrur,0,9.179,0.0,1.05,0.0,0.0,14.4355,14.4355,3.8373,14.6273,0.0,4.6672,9.9601,1.2411284825228313,33.21,0.0,39.95,0.0,8.77,0.862
2022-05-21,141,5,2022,0.0,telemetry,39.7,24.6,telemetry,Sangrur,0,8.242,0.0,1.05,0.0,0.0,12.9619,12.9619,3.4456,13.1537,0.0,4.6626,8.4911,1.2607697949395815,33.23,0.0,40.05,0.0,3.7,0.774
2022-05-22,142,5,2022,0.0,telemetry,38.8,22.0,telemetry,Sangrur,0,8.401,0.0,1.05,0.0,0.0,13.2115,13.2115,3.5119,13.4033,0.0,4.6677,8.7356,1.2809766258580442,33.25,0.0,40.15,0.0,3.63,0.789
2022-05-23,143,5,2022,10.27,telemetry,42.7,25.7,generated,Sangrur,0,9.129,0.0,1.05,0.0,0.0,0.239,0.239,0.0635,0.4308,2.9599,4.6821,-4.2513,1.2711427105556183,33.24,10.27,40.36,0.0,13.04,0.014
2022-05-24,144,5,2022,0.33,telemetry,28.1,21.4,telemetry,Sangrur,0,4.696,0.0,1.05,0.0,0.0,6.8915,6.8915,1.8319,7.0833,0.0951,4.6921,2.3912,1.2766739033186194,33.246,10.6,40.07,0.0,13.35,0.411
2022-05-25,145,5,2022,0.0,telemetry,31.6,18.4,telemetry,Sangrur,0,6.638,0.0,1.05,0.0,0.0,10.4386,10.4386,2.7748,10.6304,0.0,4.7026,5.9278,1.2903859282743984,33.259,10.6,39.83,0.0,12.08,0.623
2022-05-26,146,5,2022,0.0,telemetry,36.2,21.1,telemetry,Sangrur,0,7.714,0.0,1.05,0.0,0.0,12.131,12.131,3.2247,12.3228,0.0,4.7181,7.6047,1.3079768592711685,33.277,10.6,39.73,0.0,12.08,0.724
2022-05-27,147,5,2022,0.0,telemetry,38.8,23.8,telemetry,Sangrur,0,8.136,0.0,1.05,0.0,0.0,12.7948,12.7948,3.4011,12.9866,0.0,4.7405,8.2461,1.3270513801259645,33.296,10.6,39.67,0.0,12.08,0.764
2022-05-28,148,5,2022,8.6,telemetry,39.1,25.4,telemetry,Sangrur,0,7.934,0.0,1.05,0.0,0.0,0.4834,0.4834,0.1285,0.6752,2.4786,4.7701,-4.0949,1.3175791422132561,33.287,19.2,39.56,0.0,19.96,0.029
2022-05-29,149,5,2022,0.0,telemetry,39.9,22.8,telemetry,Sangrur,0,8.714,0.0,1.05,0.0,0.0,13.7033,13.7033,3.6426,13.8951,0.0,4.7936,9.1015,1.3386324237739582,33.308,19.2,39.47,0.0,19.96,0.818
2022-05-30,150,5,2022,0.0,telemetry,38.8,24.6,telemetry,Sangrur,0,8.005,0.0,1.05,0.0,0.0,12.5884,12.5884,3.3463,12.7802,0.0,4.8253,7.9549,1.3570332836453898,33.326,8.93,39.36,0.0,19.96,0.751
2022-05-31,151,5,2022,0.0,telemetry,39.9,24.1,telemetry,Sangrur,0,8.503,0.0,1.05,0.0,0.0,13.3712,13.3712,3.5544,13.563,0.0,4.8631,8.6999,1.3771574220557097,33.346,8.6,39.31,0.0,19.96,0.798
2022-06-01,152,6,2022,0.0,telemetry,42.0,23.3,telemetry,Sangrur,0,9.379,0.0,1.052,0.0,0.0,14.7747,14.7747,3.9275,14.9665,0.0,4.9075,10.059,1.4004255085168105,33.369,8.6,39.39,0.0,19.96,0.882
2022-06-02,153,6,2022,0.0,telemetry,41.5,23.8,telemetry,Sangrur,0,9.132,0.0,1.055,0.0,0.0,14.4355,14.4355,3.8373,14.6273,0.0,4.9596,9.6677,1.422788325295123,33.392,8.6,39.52,0.0,19.96,0.862
2022-06-03,154,6,2022,0.0,telemetry,42.3,22.8,telemetry,Sangrur,0,9.573,0.0,1.059,0.0,0.0,15.1853,15.1853,4.0366,15.3771,0.0,5.0184,10.3587,1.4467496496671963,33.416,8.6,39.72,0.0,10.29,0.906
2022-06-04,155,6,2022,0.0,telemetry,43.1,22.8,telemetry,Sangrur,0,9.852,0.0,1.063,0.0,0.0,15.6814,15.6814,4.1685,15.8732,0.0,5.0841,10.7891,1.47170655139323,33.441,0.0,39.95,0.0,10.02,0.936
2022-06-05,156,6,2022,0.0,telemetry,43.4,24.6,telemetry,Sangrur,0,9.684,0.0,1.066,0.0,0.0,15.4661,15.4661,4.1112,15.6579,0.0,5.1567,10.5012,1.4959974385435642,33.465,0.0,40.16,0.0,10.02,0.923
2022-06-06,157,6,2022,0.0,telemetry,42.8,26.8,telemetry,Sangrur,0,9.077,0.0,1.07,0.0,0.0,14.5465,14.5465,3.8668,14.7383,0.0,5.2353,9.503,1.517979485781132,33.487,0.0,40.3,0.0,10.02,0.868
2022-06-07,158,6,2022,0.0,telemetry,43.4,27.3,telemetry,Sangrur,0,9.206,0.0,1.074,0.0,0.0,14.8029,14.8029,3.9349,14.9947,0.0,5.3178,9.6769,1.5403636975325083,33.509,0.0,40.4,0.0,10.02,0.884
2022-06-08,159,6,2022,0.0,telemetry,43.1,27.6,telemetry,Sangrur,0,9.037,0.0,1.077,0.0,0.0,14.5811,14.5811,3.876,14.7729,0.0,5.4042,9.3687,1.5620349782186715,33.531,0.0,40.5,0.0,10.02,0.87
2022-06-09,160,6,2022,0.0,telemetry,43.1,26.0,telemetry,Sangrur,0,9.354,0.0,1.081,0.0,0.0,15.1426,15.1426,4.0252,15.3344,0.0,5.4937,9.8407,1.584798109190221,33.554,0.0,40.61,0.0,10.02,0.904
2022-06-10,161,6,2022,0.0,telemetry,42.3,27.8,telemetry,Sangrur,0,8.699,0.0,1.085,0.0,0.0,14.1305,14.1305,3.7562,14.3223,0.0,5.5866,8.7357,1.6050051982000384,33.574,0.0,40.68,0.0,10.02,0.843
2022-06-11,162,6,2022,0.0,telemetry,41.5,27.3,telemetry,Sangrur,0,8.506,0.0,1.088,0.0,0.0,13.863,13.863,3.6851,14.0548,0.0,5.6811,8.3737,1.624374982892475,33.593,0.0,40.63,0.0,10.02,0.827
2022-06-12,163,6,2022,0.0,telemetry,41.5,25.7,telemetry,Sangrur,0,8.838,0.0,1.092,0.0,0.0,14.4519,14.4519,3.8416,14.6437,0.0,5.7764,8.8673,1.6448863717401014,33.614,0.0,40.6,0.0,10.02,0.863
2022-06-13,164,6,2022,0.0,telemetry,41.8,27.8,telemetry,Sangrur,0,8.516,0.0,1.095,0.0,0.0,13.9716,13.9716,3.714,14.1634,0.0,5.8733,8.2901,1.6640627795517342,33.633,0.0,40.52,0.0,10.02,0.834
2022-06-14,165,6,2022,0.0,telemetry,41.5,27.3,telemetry,Sangrur,0,8.513,0.0,1.099,0.0,0.0,14.0137,14.0137,3.7252,14.2055,0.0,5.9706,8.2349,1.683111462167838,33.652,0.0,40.41,0.0,10.02,0.836
2022-06-15,166,6,2022,0.0,telemetry,42.6,26.5,telemetry,Sangrur,0,9.093,0.0,1.103,0.0,0.0,15.017,15.017,3.9919,15.2088,0.0,6.0682,9.1406,1.7042550713375553,33.673,0.0,40.53,0.0,10.02,0.896
2022-06-16,167,6,2022,4.27,telemetry,38.6,26.0,telemetry,Sangrur,0,7.699,0.0,1.106,0.0,0.0,6.5808,6.5808,1.7493,6.7726,3.3843,6.1674,0.6052,1.705655100267054,33.675,4.27,40.48,0.0,13.93,0.393
2022-06-17,168,6,2022,10.13,telemetry,30.5,20.6,telemetry,Sangrur,0,5.906,0.0,1.11,0.0,0.0,0.0,0.0,0.0,0.1918,8.0287,6.2617,-6.0699,1.6916143854957242,33.661,14.4,40.15,0.0,23.22,0.0
2022-06-18,169,6,2022,3.87,telemetry,26.2,20.1,telemetry,Sangrur,0,4.379,0.0,1.114,0.0,0.0,1.6875,1.6875,0.4486,1.8793,3.0672,6.3504,-4.4711,1.6812720882388774,33.65,18.27,39.6,0.0,26.77,0.101
2022-06-19,170,6,2022,0.2,telemetry,29.2,21.4,telemetry,Sangrur,0,5.212,0.0,1.117,0.0,0.0,8.4226,8.4226,2.2389,8.6144,0.1585,6.428,2.1864,1.6863296730197783,33.655,18.47,39.13,0.0,26.95,0.503
2022-06-20,171,6,2022,0.07,telemetry,32.4,22.2,telemetry,Sangrur,0,6.237,0.0,1.121,0.0,0.0,10.3652,10.3652,2.7553,10.557,0.0555,6.4998,4.0572,1.6957146989974103,33.665,18.54,38.89,0.0,27.01,0.619
2022-06-21,172,6,2022,0.47,telemetry,28.4,18.7,telemetry,Sangrur,0,5.576,0.0,1.125,0.0,0.0,8.6895,8.6895,2.3099,8.8813,0.3725,6.5686,2.3127,1.7010642961282356,33.67,19.01,38.54,0.0,27.44,0.519
2022-06-22,173,6,2022,0.0,telemetry,31.6,21.9,telemetry,Sangrur,0,6.006,0.0,1.128,0.0,0.0,10.1489,10.1489,2.6978,10.3407,0.0,6.6329,3.7078,1.7096411170090258,33.679,19.01,38.17,0.0,17.18,0.606
2022-06-23,174,6,2022,0.0,telemetry,34.8,22.5,telemetry,Sangrur,0,7.051,0.0,1.132,0.0,0.0,11.9522,11.9522,3.1772,12.144,0.0,6.6941,5.4499,1.7222475201456835,33.691,14.74,38.4,0.0,16.84,0.713
2022-06-24,175,6,2022,0.0,telemetry,36.7,21.7,telemetry,Sangrur,0,7.877,0.0,1.135,0.0,0.0,13.3952,13.3952,3.5607,13.587,0.0,6.755,6.832,1.7380509556440915,33.707,4.61,38.57,0.0,16.84,0.799
2022-06-25,176,6,2022,0.0,telemetry,38.0,22.2,telemetry,Sangrur,0,8.237,0.0,1.139,0.0,0.0,14.0522,14.0522,3.7354,14.244,0.0,6.8174,7.4266,1.7552298185296369,33.724,0.74,38.63,0.0,16.84,0.839
2022-06-26,177,6,2022,0.0,telemetry,38.6,25.4,telemetry,Sangrur,0,7.825,0.0,1.143,0.0,0.0,13.3921,13.3921,3.5599,13.5839,0.0,6.8819,6.702,1.7707324959352426,33.74,0.54,38.62,0.0,16.84,0.799
2022-06-27,178,6,2022,0.0,telemetry,39.1,28.1,telemetry,Sangrur,0,7.37,0.0,1.146,0.0,0.0,12.6537,12.6537,3.3636,12.8455,0.0,6.9474,5.8981,1.7843757240114675,33.753,0.47,38.62,0.0,8.24,0.755
2022-06-28,179,6,2022,0.0,telemetry,39.1,30.0,telemetry,Sangrur,0,6.825,0.0,1.15,0.0,0.0,11.7544,11.7544,3.1246,11.9462,0.0,7.0126,4.9336,1.7957879947630848,33.765,0.0,38.59,0.0,8.24,0.702
2022-06-29,180,6,2022,0.0,telemetry,38.0,28.6,telemetry,Sangrur,0,6.767,0.0,1.154,0.0,0.0,11.693,11.693,3.1083,11.8848,0.0,7.0761,4.8087,1.8069112754278944,33.776,0.0,38.57,0.0,8.24,0.698
2022-06-30,181,6,2022,6.0,telemetry,34.3,24.1,telemetry,Sangrur,0,6.481,0.0,1.157,0.0,0.0,2.678,2.678,0.7119,2.8698,4.7554,7.1379,-4.2681,1.7970384151243355,33.766,6.0,38.38,0.0,13.74,0.16
2022-07-01,182,7,2022,3.6,telemetry,29.4,22.2,telemetry,Sangrur,0,5.048,0.0,1.161,0.0,0.0,3.5412,3.5412,0.9413,3.733,2.8532,7.1936,-3.4606,1.7890334834264685,33.758,9.6,37.96,0.0,17.05,0.211
2022-07-02,183,7,2022,0.0,telemetry,33.5,25.4,telemetry,Sangrur,0,5.8,0.0,1.165,0.0,0.0,10.1153,10.1153,2.6889,10.3071,0.0,7.2417,3.0654,1.7961241719660792,33.765,9.6,37.69,0.0,17.05,0.604
2022-07-03,184,7,2022,0.07,telemetry,32.1,25.7,telemetry,Sangrur,0,5.092,0.0,1.168,0.0,0.0,8.8041,8.8041,2.3403,8.9959,0.0555,7.2872,1.7087,1.8000766846945597,33.769,9.67,37.35,0.0,17.11,0.525
2022-07-04,185,7,2022,0.0,telemetry,35.3,26.2,telemetry,Sangrur,0,6.308,0.0,1.172,0.0,0.0,11.0709,11.0709,2.9429,11.2627,0.0,7.3284,3.9343,1.809177311178017,33.778,9.67,37.09,0.0,17.11,0.661
2022-07-05,186,7,2022,0.0,telemetry,37.0,28.1,telemetry,Sangrur,0,6.465,0.0,1.175,0.0,0.0,11.3816,11.3816,3.0255,11.5734,0.0,7.3687,4.2047,1.8189035238740583,33.788,9.67,36.88,0.0,17.11,0.679
2022-07-06,187,7,2022,6.73,telemetry,33.8,27.3,telemetry,Sangrur,0,5.301,0.0,1.179,0.0,0.0,0.0,0.0,0.0,0.1918,5.334,7.4084,-7.2166,1.8022104594506927,33.771,16.4,36.58,0.0,23.28,0.0
2022-07-07,188,7,2022,0.0,telemetry,33.7,25.2,telemetry,Sangrur,0,5.92,0.0,1.183,0.0,0.0,10.4861,10.4861,2.7874,10.6779,0.0,7.4407,3.2372,1.809698550762232,33.779,10.4,36.26,0.0,23.28,0.626
2022-07-08,189,7,2022,0.0,telemetry,37.0,28.1,telemetry,Sangrur,0,6.449,0.0,1.186,0.0,0.0,11.4592,11.4592,3.0461,11.651,0.0,7.472,4.179,1.8193652739977781,33.788,6.8,36.05,0.0,23.28,0.684
2022-07-09,190,7,2022,10.2,telemetry,35.3,23.3,telemetry,Sangrur,0,6.999,0.0,1.19,0.0,0.0,0.0,0.0,0.0,0.1918,8.0842,7.5035,-7.3117,1.8024521915969467,33.772,17.0,35.79,0.0,32.63,0.0
2022-07-10,191,7,2022,0.0,telemetry,30.2,23.8,telemetry,Sangrur,0,4.857,0.0,1.194,0.0,0.0,8.6831,8.6831,2.3082,8.8749,0.0,7.5328,1.3421,1.8055566324053607,33.775,16.93,35.39,0.0,32.63,0.518
2022-07-11,192,7,2022,0.07,telemetry,34.2,24.6,telemetry,Sangrur,0,6.261,0.0,1.197,0.0,0.0,11.1224,11.1224,2.9566,11.3142,0.0555,7.5589,3.7553,1.8142432757176332,33.783,17.0,35.15,0.0,32.69,0.664
2022-07-12,193,7,2022,0.0,telemetry,34.3,27.3,telemetry,Sangrur,0,5.499,0.0,1.2,0.0,0.0,9.8835,9.8835,2.6273,10.0753,0.0,7.5853,2.49,1.8200030546654695,33.789,17.0,34.91,0.0,32.69,0.59
2022-07-13,194,7,2022,0.6,telemetry,32.6,26.6,generated,Sangrur,0,4.96,0.0,1.2,0.0,0.0,8.0202,8.0202,2.132,8.212,0.4755,7.6102,0.6018,1.8213951919884246,33.79,10.87,34.6,0.0,33.24,0.479
2022-07-14,195,7,2022,0.07,telemetry,31.8,23.5,telemetry,Sangrur,0,5.587,0.0,1.2,0.0,0.0,9.9372,9.9372,2.6415,10.129,0.0555,7.6318,2.4972,1.827171619841151,33.796,10.94,34.28,0.0,33.31,0.593
2022-07-15,196,7,2022,0.0,telemetry,29.2,22.7,telemetry,Sangrur,0,4.754,0.0,1.2,0.0,0.0,8.5439,8.5439,2.2712,8.7357,0.0,7.6523,1.0834,1.829677616605576,33.799,10.94,33.83,0.0,33.31,0.51
2022-07-16,197,7,2022,0.17,telemetry,34.0,22.2,telemetry,Sangrur,0,6.712,0.0,1.2,0.0,0.0,11.8081,11.8081,3.1389,11.9999,0.1347,7.6698,4.3301,1.8396937921887249,33.809,0.91,33.68,0.0,29.19,0.705
2022-07-17,198,7,2022,8.1,telemetry,30.0,22.5,telemetry,Sangrur,0,5.128,0.0,1.2,0.0,0.0,0.0,0.0,0.0,0.1918,6.4198,7.6891,-7.4973,1.8223512980935332,33.791,9.01,33.66,0.0,26.49,0.0
2022-07-18,199,7,2022,0.27,telemetry,34.7,29.8,generated,Sangrur,0,4.703,0.0,1.2,0.0,0.0,8.0498,8.0498,2.1398,8.2416,0.214,7.7043,0.5373,1.8235941642000526,33.793,9.21,33.94,0.0,22.86,0.48
2022-07-19,200,7,2022,0.0,telemetry,35.1,29.7,telemetry,Sangrur,0,4.945,0.0,1.2,0.0,0.0,8.8882,8.8882,2.3627,9.08,0.0,7.7166,1.3634,1.8267479328238785,33.796,9.21,34.14,0.0,22.66,0.53
2022-07-20,201,7,2022,14.4,telemetry,31.6,24.7,telemetry,Sangrur,0,5.109,0.0,1.2,0.0,0.0,0.0,0.0,0.0,0.1918,11.413,7.727,-7.5352,1.8093178001108696,33.778,23.01,34.11,0.0,35.8,0.0
2022-07-21,202,7,2022,68.2,telemetry,27.6,22.8,telemetry,Sangrur,0,3.982,0.0,1.2,0.0,0.0,0.0,0.0,0.0,0.1918,54.0531,7.7424,-7.5506,1.7918521529873959,33.761,91.14,34.09,0.0,97.84,0.0
2022-07-22,203,7,2022,8.27,telemetry,32.1,24.4,telemetry,Sangrur,0,5.393,0.0,1.2,0.0,0.0,0.0,0.0,0.0,0.1918,6.5545,7.8331,-7.6413,1.7741767248178926,33.743,99.41,34.1,0.0,105.42,0.0
2022-07-23,204,7,2022,0.2,telemetry,31.6,25.2,telemetry,Sangrur,0,4.924,0.0,1.2,0.0,0.0,8.5513,8.5513,2.2731,8.7431,0.1585,7.9158,0.8273,1.7760903089094047,33.745,99.44,34.0,0.0,105.61,0.51
2022-07-24,205,7,2022,0.47,telemetry,33.2,24.9,telemetry,Sangrur,0,5.677,0.0,1.2,0.0,0.0,9.5023,9.5023,2.5259,9.6941,0.3725,7.9925,1.7016,1.7800264182899146,33.749,91.81,33.88,0.0,106.04,0.567
2022-07-25,206,7,2022,2.33,telemetry,32.4,25.7,telemetry,Sangrur,0,5.092,0.0,1.2,0.0,0.0,5.7269,5.7269,1.5223,5.9187,1.8467,8.0649,-2.1462,1.7750618580550621,33.744,93.87,33.69,0.0,108.17,0.342
2022-07-26,207,7,2022,0.0,telemetry,32.4,26.2,telemetry,Sangrur,0,4.916,0.0,1.2,0.0,0.0,8.8346,8.8346,2.3484,9.0264,0.0,8.1306,0.8958,1.7771340165496279,33.746,93.87,33.49,0.0,108.17,0.527
2022-07-27,208,7,2022,0.27,telemetry,32.9,25.4,telemetry,Sangrur,0,5.379,0.0,1.2,0.0,0.0,9.2644,9.2644,2.4627,9.4562,0.214,8.1911,1.2651,1.7800604268344593,33.749,79.74,33.28,0.0,108.42,0.553
2022-07-28,209,7,2022,4.2,telemetry,32.4,24.9,telemetry,Sangrur,0,5.312,0.0,1.2,0.0,0.0,3.4677,3.4677,0.9218,3.6595,3.3288,8.2476,-4.5881,1.7694474221581322,33.739,15.74,33.06,0.0,112.27,0.207
2022-07-29,210,7,2022,1.47,telemetry,30.0,23.8,telemetry,Sangrur,0,4.638,0.0,1.2,0.0,0.0,6.1608,6.1608,1.6377,6.3526,1.1651,8.2975,-1.9449,1.7649485329708188,33.734,8.94,32.79,0.0,113.62,0.368
2022-07-30,211,7,2022,9.4,telemetry,30.8,23.5,telemetry,Sangrur,0,5.051,0.0,1.2,0.0,0.0,0.0,0.0,0.0,0.1918,7.4501,8.3414,-8.1496,1.7460971783299113,33.715,18.14,32.67,0.0,116.23,0.0
2022-07-31,212,7,2022,1.53,telemetry,29.4,21.7,telemetry,Sangrur,0,4.993,0.0,1.2,0.0,0.0,6.7094,6.7094,1.7835,6.9012,1.2126,8.3817,-1.4805,1.7426726357926343,33.712,19.2,32.67,0.0,114.04,0.4
2022-08-01,213,8,2022,0.47,telemetry,31.6,22.7,telemetry,Sangrur,0,5.554,0.0,1.2,0.0,0.0,9.2801,9.2801,2.4669,9.4719,0.3725,8.4175,1.0544,1.7451116094103967,33.714,17.34,32.61,0.0,114.47,0.554
2022-08-02,214,8,2022,0.07,telemetry,33.2,24.6,telemetry,Sangrur,0,5.659,0.0,1.2,0.0,0.0,10.0664,10.0664,2.6759,10.2582,0.0555,8.4513,1.8069,1.7492911614239,33.718,17.41,32.65,0.0,114.46,0.601
2022-08-03,215,8,2022,0.0,telemetry,34.0,25.2,telemetry,Sangrur,0,5.797,0.0,1.2,0.0,0.0,10.4193,10.4193,2.7697,10.6111,0.0,8.4837,2.1274,1.7542120770833278,33.723,17.14,32.6,0.0,114.46,0.622
2022-08-04,216,8,2022,0.07,telemetry,31.6,25.4,telemetry,Sangrur,0,4.742,0.0,1.2,0.0,0.0,8.418,8.418,2.2377,8.6098,0.0555,8.5151,0.0947,1.7544311691217551,33.723,13.01,32.42,0.0,114.53,0.502
2022-08-05,217,8,2022,0.0,telemetry,29.7,24.6,telemetry,Sangrur,0,4.166,0.0,1.2,0.0,0.0,7.4865,7.4865,1.9901,7.6783,0.0,8.5427,-0.8644,1.7524317337673825,33.721,11.54,32.29,0.0,107.8,0.447
2022-08-06,218,8,2022,0.2,telemetry,32.4,24.6,telemetry,Sangrur,0,5.293,0.0,1.2,0.0,0.0,9.214,9.214,2.4493,9.4058,0.1585,8.5653,0.8405,1.7543758612728506,33.723,2.34,32.24,0.0,107.98,0.55
2022-08-07,219,8,2022,0.07,telemetry,31.3,26.0,telemetry,Sangrur,0,4.366,0.0,1.2,0.0,0.0,7.7425,7.7425,2.0581,7.9343,0.0555,8.586,-0.6517,1.7528684053925694,33.722,0.88,32.05,0.0,108.04,0.462
2022-08-08,220,8,2022,0.0,telemetry,33.2,24.9,telemetry,Sangrur,0,5.497,0.0,1.2,0.0,0.0,9.8791,9.8791,2.6261,10.0709,0.0,8.6025,1.4684,1.7562650253036427,33.725,0.41,31.98,0.0,97.84,0.59
2022-08-09,221,8,2022,0.0,telemetry,35.3,27.3,telemetry,Sangrur,0,5.641,0.0,1.2,0.0,0.0,10.1378,10.1378,2.6949,10.3296,0.0,8.618,1.7116,1.7602242790768228,33.729,0.34,32.15,0.0,97.84,0.605
2022-08-10,222,8,2022,2.27,telemetry,35.1,26.0,telemetry,Sangrur,0,5.908,0.0,1.2,0.0,0.0,7.2801,7.2801,1.9352,7.4719,1.7991,8.6327,-1.1608,1.7575390823234598,33.727,2.61,32.18,0.0,99.85,0.435
2022-08-11,223,8,2022,0.0,telemetry,31.8,25.4,telemetry,Sangrur,0,4.741,0.0,1.2,0.0,0.0,8.5217,8.5217,2.2653,8.7135,0.0,8.6458,0.0677,1.7576956477370689,33.727,2.54,32.1,0.0,99.85,0.509
2022-08-12,224,8,2022,0.0,telemetry,34.0,24.1,telemetry,Sangrur,0,5.937,0.0,1.2,0.0,0.0,10.6709,10.6709,2.8366,10.8627,0.0,8.6561,2.2066,1.7627999770152711,33.732,2.54,32.15,0.0,99.25,0.637
2022-08-13,225,8,2022,0.07,telemetry,33.4,26.5,telemetry,Sangrur,0,5.037,0.0,1.2,0.0,0.0,8.9483,8.9483,2.3787,9.1401,0.0555,8.6665,0.4736,1.7638954099898034,33.733,2.41,32.2,0.0,99.25,0.534
2022-08-14,226,8,2022,0.93,telemetry,33.2,24.1,telemetry,Sangrur,0,5.61,0.0,1.2,0.0,0.0,8.7008,8.7008,2.3129,8.8926,0.7371,8.6749,0.2177,1.7643989894934848,33.733,3.27,32.33,0.0,100.1,0.519
2022-08-15,227,8,2022,0.27,telemetry,30.8,23.3,telemetry,Sangrur,0,4.903,0.0,1.2,0.0,0.0,8.4081,8.4081,2.2351,8.5999,0.214,8.682,-0.0821,1.764209003101117,33.733,3.54,32.23,0.0,100.18,0.502
2022-08-16,228,8,2022,0.0,telemetry,33.2,24.4,telemetry,Sangrur,0,5.501,0.0,1.2,0.0,0.0,9.8861,9.8861,2.628,10.0779,0.0,8.6867,1.3912,1.7674270039126612,33.736,3.54,32.33,0.0,92.08,0.59
2022-08-17,229,8,2022,0.0,telemetry,30.2,24.6,telemetry,Sangrur,0,4.242,0.0,1.2,0.0,0.0,7.6248,7.6248,2.0268,7.8166,0.0,8.6908,-0.8742,1.7654048533289155,33.734,1.27,32.18,0.0,91.81,0.455
2022-08-18,230,8,2022,0.0,telemetry,32.9,24.4,telemetry,Sangrur,0,5.354,0.0,1.2,0.0,0.0,9.622,9.622,2.5577,9.8138,0.0,8.6911,1.1227,1.7680017727442314,33.737,1.27,32.11,0.0,91.81,0.574
2022-08-19,231,8,2022,0.0,telemetry,32.9,24.1,telemetry,Sangrur,0,5.412,0.0,1.2,0.0,0.0,9.726,9.726,2.5854,9.9178,0.0,8.6907,1.2271,1.7708402180564433,33.74,1.27,32.15,0.0,77.41,0.581
2022-08-20,232,8,2022,0.0,telemetry,33.5,24.4,telemetry,Sangrur,0,5.537,0.0,1.2,0.0,0.0,9.9522,9.9522,2.6455,10.144,0.0,8.6897,1.4543,1.7742042364595503,33.743,1.2,32.35,0.0,9.21,0.594
2022-08-21,233,8,2022,0.0,telemetry,33.8,25.2,telemetry,Sangrur,0,5.427,0.0,1.2,0.0,0.0,9.7545,9.7545,2.593,9.9463,0.0,8.6884,1.2579,1.777113947268085,33.746,0.27,32.41,0.0,0.94,0.582
2022-08-22,234,8,2022,0.0,telemetry,34.6,25.7,telemetry,Sangrur,0,5.577,0.0,1.2,0.0,0.0,10.0235,10.0235,2.6645,10.2153,0.0,8.6865,1.5288,1.7806502520264018,33.75,0.0,32.51,0.0,0.74,0.598
2022-08-23,235,8,2022,0.0,telemetry,33.7,26.2,telemetry,Sangrur,0,5.08,0.0,1.2,0.0,0.0,9.1296,9.1296,2.4269,9.3214,0.0,8.6844,0.637,1.78212367326548,33.751,0.0,32.52,0.0,0.27,0.545
2022-08-24,236,8,2022,0.27,telemetry,31.3,24.6,telemetry,Sangrur,0,4.583,0.0,1.2,0.0,0.0,7.8332,7.8332,2.0822,8.025,0.214,8.6809,-0.6559,1.7806065479549427,33.75,0.27,32.49,0.0,-1.81,0.468
2022-08-25,237,8,2022,0.0,telemetry,31.9,24.1,telemetry,Sangrur,0,4.931,0.0,1.2,0.0,0.0,8.863,8.863,2.356,9.0548,0.0,8.6745,0.3803,1.781486220813644,33.751,0.27,32.47,0.0,-1.81,0.529
2022-08-26,238,8,2022,0.0,telemetry,32.1,24.6,telemetry,Sangrur,0,4.854,0.0,1.2,0.0,0.0,8.7234,8.7234,2.3189,8.9152,0.0,8.6666,0.2486,1.7820612411397687,33.751,0.27,32.44,0.0,-2.08,0.521
2022-08-27,239,8,2022,0.0,telemetry,31.8,24.6,telemetry,Sangrur,0,4.721,0.0,1.2,0.0,0.0,8.4856,8.4856,2.2557,8.6774,0.0,8.6571,0.0203,1.7821082274676259,33.751,0.27,32.42,0.0,-6.28,0.506
2022-08-28,240,8,2022,0.0,telemetry,33.2,23.8,telemetry,Sangrur,0,5.408,0.0,1.2,0.0,0.0,9.7196,9.7196,2.5837,9.9114,0.0,8.6457,1.2657,1.7850359538578697,33.754,0.27,32.53,0.0,-7.75,0.58
2022-08-29,241,8,2022,0.0,telemetry,33.3,23.7,telemetry,Sangrur,0,5.443,0.0,1.2,0.0,0.0,9.7821,9.7821,2.6003,9.9739,0.0,8.6343,1.3396,1.7881346127205764,33.757,0.27,32.61,0.0,-17.15,0.584
2022-08-30,242,8,2022,0.0,telemetry,34.8,25.2,telemetry,Sangrur,0,5.596,0.0,1.2,0.0,0.0,10.0567,10.0567,2.6733,10.2485,0.0,8.623,1.6255,1.7918947277435622,33.761,0.27,32.79,0.0,-18.68,0.6
2022-08-31,243,8,2022,0.0,telemetry,34.8,24.6,telemetry,Sangrur,0,5.707,0.0,1.2,0.0,0.0,10.2571,10.2571,2.7266,10.4489,0.0,8.612,1.8369,1.796143749879617,33.765,0.0,32.9,0.0,-19.15,0.612
2022-09-01,244,9,2022,0.0,telemetry,35.9,24.9,telemetry,Sangrur,0,5.988,0.0,1.2,0.0,0.0,10.7618,10.7618,2.8607,10.9536,0.0,8.6017,2.3519,1.8015841472075862,33.771,0.0,32.99,0.0,-19.22,0.642
2022-09-02,245,9,2022,0.0,telemetry,35.6,24.9,telemetry,Sangrur,0,5.861,0.0,1.2,0.0,0.0,10.5342,10.5342,2.8002,10.726,0.0,8.5926,2.1334,1.8065191352387409,33.776,0.0,33.04,0.0,-19.22,0.629
2022-09-03,246,9,2022,0.0,telemetry,34.8,24.4,telemetry,Sangrur,0,5.675,0.0,1.2,0.0,0.0,10.1988,10.1988,2.7111,10.3906,0.0,8.5843,1.8063,1.8106975027686396,33.78,0.0,33.15,0.0,-19.29,0.609
2022-09-04,247,9,2022,0.0,telemetry,34.5,23.3,telemetry,Sangrur,0,5.775,0.0,1.2,0.0,0.0,10.3797,10.3797,2.7592,10.5715,0.0,8.5762,1.9953,1.8153129438119222,33.784,0.0,33.31,0.0,-19.29,0.62
2022-09-05,248,9,2022,0.0,telemetry,33.7,23.5,telemetry,Sangrur,0,5.451,0.0,1.2,0.0,0.0,9.796,9.796,2.604,9.9878,0.0,8.5686,1.4192,1.8185957507250463,33.788,0.0,33.35,0.0,-19.49,0.585
2022-09-06,249,9,2022,0.0,telemetry,32.6,22.0,telemetry,Sangrur,0,5.375,0.0,1.2,0.0,0.0,9.6605,9.6605,2.568,9.8523,0.0,8.5606,1.2917,1.8215835953092763,33.791,0.0,33.4,0.0,-19.56,0.577
2022-09-07,250,9,2022,0.0,telemetry,33.2,23.0,telemetry,Sangrur,0,5.34,0.0,1.2,0.0,0.0,9.5981,9.5981,2.5514,9.7899,0.0,8.5521,1.2378,1.8244468767675057,33.794,0.0,33.4,0.0,-19.56,0.573
2022-09-08,251,9,2022,0.0,telemetry,32.9,24.4,telemetry,Sangrur,0,4.909,0.0,1.2,0.0,0.0,8.8234,8.8234,2.3455,9.0152,0.0,8.5429,0.4723,1.8255393640928947,33.795,0.0,33.32,0.0,-19.56,0.527
2022-09-09,252,9,2022,0.2,telemetry,33.7,24.4,telemetry,Sangrur,0,5.154,0.0,1.2,0.0,0.0,8.9633,8.9633,2.3826,9.1551,0.1585,8.5321,0.623,1.8269804656141155,33.796,0.2,33.27,0.0,-21.65,0.535
2022-09-10,253,9,2022,0.0,telemetry,33.8,24.9,telemetry,Sangrur,0,5.048,0.0,1.2,0.0,0.0,9.073,9.073,2.4118,9.2648,0.0,8.5202,0.7446,1.8287027742577084,33.798,0.2,33.34,0.0,-21.65,0.542
2022-09-11,254,9,2022,0.0,telemetry,32.6,23.8,telemetry,Sangrur,0,4.872,0.0,1.2,0.0,0.0,8.7566,8.7566,2.3277,8.9484,0.0,8.5073,0.4411,1.8297231617083878,33.799,0.2,33.29,0.0,-21.65,0.523
2022-09-12,255,9,2022,0.0,telemetry,32.9,23.0,telemetry,Sangrur,0,5.113,0.0,1.2,0.0,0.0,9.1892,9.1892,2.4427,9.381,0.0,8.4929,0.8881,1.8317774931207196,33.801,0.2,33.27,0.0,-21.72,0.548
2022-09-13,256,9,2022,0.0,telemetry,32.9,24.6,telemetry,Sangrur,0,4.738,0.0,1.2,0.0,0.0,8.5158,8.5158,2.2637,8.7076,0.0,8.4778,0.2298,1.8323090816519076,33.801,0.2,33.26,0.0,-22.65,0.508
2022-09-14,257,9,2022,0.93,telemetry,31.8,23.8,telemetry,Sangrur,0,4.532,0.0,1.2,0.0,0.0,6.7634,6.7634,1.7979,6.9552,0.7371,8.4611,-1.5059,1.828825682818457,33.798,1.13,33.3,0.0,-22.07,0.404
2022-09-15,258,9,2022,0.27,telemetry,31.6,22.8,telemetry,Sangrur,0,4.666,0.0,1.2,0.0,0.0,7.9817,7.9817,2.1217,8.1735,0.214,8.4418,-0.2683,1.8282050559923904,33.797,1.4,33.24,0.0,-21.82,0.476
2022-09-16,259,9,2022,0.0,telemetry,31.8,21.4,telemetry,Sangrur,0,4.977,0.0,1.2,0.0,0.0,8.9445,8.9445,2.3777,9.1363,0.0,8.4209,0.7154,1.8298598081089106,33.799,1.2,33.3,0.0,-21.82,0.534
2022-09-17,260,9,2022,0.0,telemetry,32.7,22.5,telemetry,Sangrur,0,5.012,0.0,1.2,0.0,0.0,9.007,9.007,2.3943,9.1988,0.0,8.3996,0.7992,1.8317084455320292,33.801,1.2,33.29,0.0,-21.82,0.538
2022-09-18,261,9,2022,0.0,telemetry,34.0,23.6,telemetry,Sangrur,0,5.165,0.0,1.2,0.0,0.0,9.2823,9.2823,2.4674,9.4741,0.0,8.378,1.0961,1.834243933618917,33.803,1.2,33.33,0.0,-21.82,0.554
2022-09-19,262,9,2022,0.0,telemetry,33.7,23.7,telemetry,Sangrur,0,5.025,0.0,1.2,0.0,0.0,9.0304,9.0304,2.4005,9.2222,0.0,8.3565,0.8657,1.8362465333256763,33.805,1.2,33.33,0.0,-21.82,0.539
2022-09-20,263,9,2022,0.0,telemetry,33.0,23.7,telemetry,Sangrur,0,4.781,0.0,1.2,0.0,0.0,8.5928,8.5928,2.2842,8.7846,0.0,8.3347,0.4499,1.837287228692558,33.806,1.2,33.31,0.0,-21.82,0.513
2022-09-21,264,9,2022,8.93,telemetry,31.9,23.3,telemetry,Sangrur,0,4.496,0.0,1.2,0.0,0.0,0.0,0.0,0.0,0.1918,7.0776,8.3121,-8.1203,1.8185035834756893,33.788,9.2,33.22,0.0,-13.64,0.0
2022-09-22,265,9,2022,0.53,telemetry,29.8,21.9,telemetry,Sangrur,0,4.119,0.0,1.2,0.0,0.0,6.6117,6.6117,1.7575,6.8035,0.4201,8.2888,-1.4853,1.8150677616092448,33.784,9.46,33.09,0.0,-13.15,0.395
2022-09-23,266,9,2022,6.27,telemetry,27.2,22.6,telemetry,Sangrur,0,3.056,0.0,1.2,0.0,0.0,0.0,0.0,0.0,0.1918,4.9694,8.2631,-8.0713,1.796397494066828,33.765,15.73,32.95,0.0,-7.67,0.0
2022-09-24,267,9,2022,43.07,telemetry,23.3,20.5,telemetry,Sangrur,0,2.203,0.0,1.2,0.0,0.0,0.0,0.0,0.0,0.1918,34.1359,8.2337,-8.0419,1.7777952116914912,33.747,58.8,32.66,0.0,31.81,0.0
2022-09-25,268,9,2022,28.27,telemetry,29.1,20.1,telemetry,Sangrur,0,4.192,0.0,1.2,0.0,0.0,0.0,0.0,0.0,0.1918,22.4059,8.2494,-8.0576,1.7591567505779049,33.728,87.07,32.56,0.0,57.72,0.0
2022-09-26,269,9,2022,0.2,telemetry,29.0,20.1,telemetry,Sangrur,0,4.138,0.0,1.2,0.0,0.0,7.1383,7.1383,1.8975,7.3301,0.1585,8.288,-0.9579,1.7569410669733527,33.726,87.27,32.47,0.0,57.91,0.426
2022-09-27,270,9,2022,0.0,telemetry,31.2,20.1,telemetry,Sangrur,0,4.712,0.0,1.2,0.0,0.0,8.4679,8.4679,2.251,8.6597,0.0,8.3212,0.3385,1.7577241832810298,33.727,87.27,32.4,0.0,57.91,0.505
2022-09-28,271,9,2022,0.07,telemetry,30.8,23.0,telemetry,Sangrur,0,4.037,0.0,1.2,0.0,0.0,7.1513,7.1513,1.901,7.3431,0.0555,8.3508,-1.0077,1.755393160464932,33.724,78.41,32.32,0.0,57.97,0.427
2022-09-29,272,9,2022,0.13,telemetry,31.5,22.3,telemetry,Sangrur,0,4.357,0.0,1.2,0.0,0.0,7.6353,7.6353,2.0296,7.8271,0.103,8.3754,-0.5483,1.7541247911273201,33.723,78.01,32.21,0.0,58.09,0.456
2022-09-30,273,9,2022,0.0,telemetry,33.0,21.2,telemetry,Sangrur,0,4.924,0.0,1.2,0.0,0.0,8.8492,8.8492,2.3523,9.041,0.0,8.396,0.645,1.7556167528654967,33.725,71.74,32.15,0.0,58.09,0.528
2022-10-01,274,10,2022,0.0,telemetry,33.7,20.8,telemetry,Sangrur,0,5.131,0.0,1.2,0.0,0.0,9.2226,9.2226,2.4516,9.4144,0.0,8.4143,1.0001,1.7579301679505919,33.727,28.67,32.08,0.0,58.09,0.55
2022-10-02,275,10,2022,0.07,telemetry,32.6,21.6,telemetry,Sangrur,0,4.692,0.0,1.2,0.0,0.0,8.3271,8.3271,2.2135,8.5189,0.0202,8.4309,0.088,1.7581338204739776,33.727,0.47,31.98,0.0,58.15,0.497
2022-10-03,276,10,2022,0.0,telemetry,31.9,19.4,telemetry,Sangrur,0,4.807,0.0,1.189,0.0,0.0,8.5638,8.5638,2.2765,8.7556,0.0,8.4446,0.311,1.7588532777527546,33.728,0.27,31.88,0.0,58.15,0.511
2022-10-04,277,10,2022,0.0,telemetry,31.7,18.4,telemetry,Sangrur,0,4.858,0.0,1.175,0.0,0.0,8.5502,8.5502,2.2728,8.742,0.0,8.4559,0.2861,1.7595151559738114,33.729,0.27,31.79,0.0,58.15,0.51
2022-10-05,278,10,2022,0.07,telemetry,33.0,20.1,telemetry,Sangrur,0,4.918,0.0,1.161,0.0,0.0,8.4474,8.4474,2.2455,8.6392,0.0202,8.4648,0.1744,1.7599184982868659,33.729,0.27,31.76,0.0,58.22,0.504
2022-10-06,279,10,2022,0.0,telemetry,29.5,18.8,telemetry,Sangrur,0,4.208,0.0,1.147,0.0,0.0,7.228,7.228,1.9214,7.4198,0.0,8.4715,-1.0517,1.7574857946072837,33.727,0.14,31.66,0.0,58.22,0.431
2022-10-07,280,10,2022,0.0,telemetry,26.8,18.4,telemetry,Sangrur,0,3.566,0.0,1.133,0.0,0.0,6.0496,6.0496,1.6081,6.2414,0.0,8.4742,-2.2328,1.7523209034698777,33.721,0.14,31.45,0.0,58.29,0.361
2022-10-08,281,10,2022,0.07,telemetry,25.8,19.4,telemetry,Sangrur,0,3.091,0.0,1.119,0.0,0.0,5.0737,5.0737,1.3487,5.2655,0.0202,8.4717,-3.2062,1.7449043824161827,33.714,0.21,31.21,0.0,58.77,0.303
2022-10-09,282,10,2022,0.0,telemetry,25.3,17.2,telemetry,Sangrur,0,3.338,0.0,1.105,0.0,0.0,5.5213,5.5213,1.4677,5.7131,0.0,8.4631,-2.75,1.738543273961092,33.708,0.14,30.93,0.0,58.83,0.33
2022-10-10,283,10,2022,0.4,telemetry,22.6,18.7,telemetry,Sangrur,0,2.264,0.0,1.09,0.0,0.0,3.1007,3.1007,0.8242,3.2925,0.1153,8.4493,-5.1568,1.7266147999223012,33.696,0.54,30.56,0.0,59.2,0.185
2022-10-11,284,10,2022,8.53,telemetry,25.8,18.4,telemetry,Sangrur,0,3.214,0.0,1.076,0.0,0.0,0.0,0.0,0.0,0.1918,2.4584,8.4277,-8.2359,1.7075638984793582,33.677,9.07,30.33,0.0,67.02,0.0
2022-10-12,285,10,2022,0.0,telemetry,27.4,15.1,telemetry,Sangrur,0,4.026,0.0,1.062,0.0,0.0,6.4051,6.4051,1.7026,6.5969,0.0,8.3985,-1.8016,1.7033964632683982,33.672,9.0,30.15,0.0,67.02,0.382
2022-10-13,286,10,2022,0.0,telemetry,29.0,15.1,telemetry,Sangrur,0,4.337,0.0,1.048,0.0,0.0,6.8071,6.8071,1.8095,6.9989,0.0,8.3672,-1.3683,1.7002313370964603,33.669,9.0,30.02,0.0,67.02,0.406
2022-10-14,287,10,2022,0.0,telemetry,28.4,14.6,telemetry,Sangrur,0,4.231,0.0,1.034,0.0,0.0,6.5515,6.5515,1.7415,6.7433,0.0,8.3345,-1.5912,1.6965506598736544,33.666,9.0,29.9,0.0,66.09,0.391
2022-10-15,288,10,2022,0.0,telemetry,30.1,15.1,telemetry,Sangrur,0,4.502,0.0,1.02,0.0,0.0,6.8759,6.8759,1.8278,7.0677,0.0,8.3001,-1.2324,1.6936998554301397,33.663,8.93,29.85,0.0,65.82,0.41
2022-10-16,289,10,2022,0.0,telemetry,29.9,16.3,telemetry,Sangrur,0,4.309,0.0,1.006,0.0,0.0,6.4892,6.4892,1.725,6.681,0.0,8.2647,-1.5837,1.6900364589674381,33.659,8.93,29.79,0.0,65.82,0.387
2022-10-17,290,10,2022,0.0,telemetry,31.3,14.9,telemetry,Sangrur,0,4.697,0.0,0.991,0.0,0.0,6.9749,6.9749,1.8541,7.1667,0.0,8.2278,-1.0611,1.6875818787374544,33.657,8.53,29.74,0.0,65.82,0.416
2022-10-18,291,10,2022,0.0,telemetry,31.3,14.6,telemetry,Sangrur,0,4.689,0.0,0.977,0.0,0.0,6.8625,6.8625,1.8242,7.0543,0.0,8.1903,-1.136,1.6849541588164907,33.654,0.0,29.65,0.0,65.82,0.41
2022-10-19,292,10,2022,0.0,telemetry,30.6,15.6,telemetry,Sangrur,0,4.427,0.0,0.963,0.0,0.0,6.3866,6.3866,1.6977,6.5784,0.0,8.152,-1.5736,1.6813141874442163,33.65,0.0,29.55,0.0,65.82,0.381
2022-10-20,293,10,2022,0.0,telemetry,31.0,15.6,telemetry,Sangrur,0,4.475,0.0,0.949,0.0,0.0,6.3607,6.3607,1.6908,6.5525,0.0,8.1124,-1.5599,1.6777059126642937,33.647,0.0,29.48,0.0,65.82,0.38
2022-10-21,294,10,2022,0.0,telemetry,29.2,14.9,telemetry,Sangrur,0,4.151,0.0,0.935,0.0,0.0,5.8117,5.8117,1.5449,6.0035,0.0,8.0716,-2.0681,1.6729221122100943,33.642,0.0,29.39,0.0,56.89,0.347
2022-10-22,295,10,2022,0.0,telemetry,27.4,13.5,telemetry,Sangrur,0,3.899,0.0,0.921,0.0,0.0,5.3771,5.3771,1.4294,5.5689,0.0,8.0289,-2.46,1.6672316324016667,33.636,0.0,29.31,0.0,56.63,0.321
2022-10-23,296,10,2022,0.0,telemetry,28.4,12.1,telemetry,Sangrur,0,4.17,0.0,0.907,0.0,0.0,5.6619,5.6619,1.5051,5.8537,0.0,7.9841,-2.1304,1.6623037183563838,33.631,0.0,29.35,0.0,50.36,0.338
2022-10-24,297,10,2022,0.0,telemetry,29.2,12.1,telemetry,Sangrur,0,4.284,0.0,0.892,0.0,0.0,5.7266,5.7266,1.5223,5.9184,0.0,7.9376,-2.0192,1.6576329751393455,33.627,0.0,29.55,0.0,7.29,0.342
2022-10-25,298,10,2022,0.07,telemetry,28.8,12.4,telemetry,Sangrur,0,4.16,0.0,0.878,0.0,0.0,5.3672,5.3672,1.4267,5.559,0.0202,7.8898,-2.3308,1.6522415021252652,33.621,0.07,29.54,0.0,-20.92,0.32
2022-10-26,299,10,2022,0.0,telemetry,28.8,12.4,telemetry,Sangrur,0,4.13,0.0,0.864,0.0,0.0,5.3447,5.3447,1.4207,5.5365,0.0,7.8403,-2.3038,1.6469123989115655,33.616,0.07,29.53,0.0,-21.12,0.319
2022-10-27,300,10,2022,0.0,telemetry,30.2,12.8,telemetry,Sangrur,0,4.322,0.0,0.85,0.0,0.0,5.5018,5.5018,1.4625,5.6936,0.0,7.7893,-2.0957,1.6420646120591078,33.611,0.07,29.5,0.0,-21.12,0.328
2022-10-28,301,10,2022,0.0,telemetry,27.9,13.5,telemetry,Sangrur,0,3.824,0.0,0.0,0.0,0.0,0.0,0.0,0.0,0.1918,0.0,7.7372,-7.5454,1.6246107896252526,33.594,0.07,29.4,0.0,-21.19,0.0
2022-10-29,302,10,2022,0.0,telemetry,29.6,12.8,telemetry,Sangrur,0,4.153,0.0,0.0,0.0,0.0,0.0,0.0,0.0,0.1918,0.0,7.6767,-7.4849,1.6072970908394215,33.576,0.07,29.34,0.0,-21.32,0.0
2022-10-30,303,10,2022,0.0,telemetry,29.9,12.8,telemetry,Sangrur,0,4.176,0.0,0.0,0.0,0.0,0.0,0.0,0.0,0.1918,0.0,7.6084,-7.4166,1.5901413164779707,33.559,0.07,29.24,0.0,-19.86,0.0
2022-10-31,304,10,2022,0.0,telemetry,30.3,13.1,telemetry,Sangrur,0,4.195,0.0,0.0,0.0,0.0,0.0,0.0,0.0,0.1918,0.0,7.5332,-7.3414,1.5731595640291645,33.542,0.07,29.12,0.0,-19.86,0.0
2022-11-01,305,11,2022,0.0,telemetry,30.3,14.6,telemetry,Sangrur,1,4.055,0.4,0.0,1.622,3.1063,0.0,3.1063,0.8257,3.2981,0.0,7.4517,-4.1536,1.563551704242375,33.533,0.0,29.05,0.222,-19.93,0.185
2022-11-02,306,11,2022,0.0,telemetry,29.5,15.6,telemetry,Sangrur,1,3.798,0.4,0.0,1.519,2.9092,0.0,2.9092,0.7733,3.101,0.0,7.3688,-4.2678,1.5536796466773974,33.523,0.0,28.97,0.43,-19.93,0.174
2022-11-03,307,11,2022,0.0,telemetry,28.1,13.5,telemetry,Sangrur,1,3.697,0.4,0.0,1.479,2.8321,0.0,2.8321,0.7528,3.0239,0.0,7.2845,-4.2606,1.54382424564485,33.513,0.0,28.85,0.632,-19.93,0.169
2022-11-04,308,11,2022,0.0,telemetry,28.8,13.9,telemetry,Sangrur,1,3.762,0.4,0.0,1.505,2.8815,0.0,2.8815,0.766,3.0733,0.0,7.1989,-4.1256,1.5342810741470576,33.503,0.0,28.71,0.838,-20.0,0.172
2022-11-05,309,11,2022,0.0,telemetry,27.4,15.6,telemetry,Sangrur,1,3.337,0.4,0.0,1.335,2.5562,0.0,2.5562,0.6795,2.748,0.0,7.1123,-4.3643,1.5241856522545276,33.493,0.0,28.64,1.02,-19.39,0.153
2022-11-06,310,11,2022,0.0,telemetry,28.5,16.7,telemetry,Sangrur,1,3.407,0.4,0.0,1.363,2.6096,0.0,2.6096,0.6937,2.8014,0.0,7.0246,-4.2232,1.5144167735448717,33.483,0.0,28.69,1.207,-19.29,0.156
2022-11-07,311,11,2022,0.0,telemetry,29.5,14.6,telemetry,Sangrur,1,3.75,0.4,0.0,1.5,2.8727,0.0,2.8727,0.7636,3.0645,0.0,6.9359,-3.8714,1.505461597871077,33.475,0.0,28.82,1.412,-19.36,0.171
2022-11-08,312,11,2022,0.0,telemetry,22.0,11.9,telemetry,Sangrur,1,2.674,0.4,0.0,1.07,2.0485,0.0,2.0485,0.5445,2.2403,0.0,6.8469,-4.6066,1.4948057993747494,33.464,0.0,28.71,1.558,-19.36,0.122
2022-11-09,313,11,2022,0.0,telemetry,26.3,13.5,telemetry,Sangrur,1,3.244,0.4,0.0,1.298,2.4851,0.0,2.4851,0.6606,2.6769,0.0,6.7566,-4.0797,1.4853688064652655,33.454,0.0,28.83,1.736,-19.76,0.148
2022-11-10,314,11,2022,0.0,telemetry,25.9,15.1,telemetry,Sangrur,1,3.007,0.4,0.0,1.203,2.3036,0.0,2.3036,0.6123,2.4954,0.0,6.6658,-4.1704,1.4757218995793393,33.445,0.0,28.83,1.9,-28.29,0.137
2022-11-11,315,11,2022,0.0,telemetry,26.0,10.7,telemetry,Sangrur,1,3.356,0.4,0.0,1.343,2.571,0.0,2.571,0.6834,2.7628,0.0,6.5746,-3.8118,1.4669046604250602,33.436,0.0,28.79,2.084,-28.29,0.153
2022-11-12,316,11,2022,0.0,telemetry,24.8,10.1,telemetry,Sangrur,1,3.187,0.4,0.0,1.275,2.4414,0.0,2.4414,0.649,2.6332,0.0,6.4833,-3.8501,1.4579986938478826,33.427,0.0,28.65,2.258,-28.29,0.146
2022-11-13,317,11,2022,0.0,telemetry,23.9,8.5,telemetry,Sangrur,1,3.127,0.4,0.0,1.251,2.3949,0.0,2.3949,0.6366,2.5867,0.0,6.3921,-3.8054,1.449196237004413,33.418,0.0,28.5,2.429,-28.29,0.143
2022-11-14,318,11,2022,0.07,telemetry,20.1,12.9,telemetry,Sangrur,1,2.143,0.4,0.0,0.857,1.5076,0.0,1.5076,0.4008,1.6994,0.0202,6.3009,-4.6015,1.4385522133385962,33.408,0.07,28.16,2.537,-28.22,0.09
2022-11-15,319,11,2022,0.0,telemetry,23.0,10.8,telemetry,Sangrur,1,2.805,0.4,0.0,1.122,2.1484,0.0,2.1484,0.5711,2.3402,0.0,6.2088,-3.8686,1.4296035970394791,33.399,0.07,27.93,2.469,-28.22,0.128
2022-11-16,320,11,2022,0.0,telemetry,23.7,10.8,telemetry,Sangrur,1,2.895,0.4,0.0,1.158,2.2179,0.0,2.2179,0.5896,2.4097,0.0,6.1167,-3.707,1.4210286400377754,33.39,0.07,27.68,2.419,-28.22,0.132
2022-11-17,321,11,2022,0.0,telemetry,22.6,8.7,telemetry,Sangrur,1,2.851,0.4,0.0,1.141,2.1841,0.0,2.1841,0.5806,2.3759,0.0,6.025,-3.6491,1.4125876131167399,33.382,0.07,27.39,2.373,-28.22,0.13
2022-11-18,322,11,2022,0.0,telemetry,24.2,6.0,telemetry,Sangrur,1,3.19,0.4,0.0,1.276,2.4437,0.0,2.4437,0.6496,2.6355,0.0,5.9337,-3.2982,1.4049582497267432,33.374,0.07,27.18,2.342,-28.22,0.146
2022-11-19,323,11,2022,0.0,telemetry,24.0,7.8,telemetry,Sangrur,1,3.065,0.4,0.0,1.226,2.348,0.0,2.348,0.6242,2.5398,0.0,5.8433,-3.3035,1.3973166566486794,33.366,0.07,26.94,2.327,-28.22,0.14
2022-11-20,324,11,2022,0.0,telemetry,23.0,7.2,telemetry,Sangrur,1,2.939,0.4,0.0,1.176,2.2511,0.0,2.2511,0.5984,2.4429,0.0,5.7537,-3.3108,1.38965816582795,33.359,0.07,26.74,2.301,-28.22,0.134
2022-11-21,325,11,2022,0.0,telemetry,23.8,6.9,telemetry,Sangrur,1,3.046,0.4,0.0,1.218,2.3329,0.0,2.3329,0.6201,2.5247,0.0,5.6649,-3.1402,1.3823943769852924,33.351,0.0,26.62,2.263,-28.22,0.139
2022-11-22,326,11,2022,0.0,telemetry,23.5,6.4,telemetry,Sangrur,1,3.01,0.417,0.0,1.254,2.402,0.0,2.402,0.6385,2.5938,0.0,5.577,-2.9832,1.3754937078675644,33.345,0.0,26.45,2.288,-28.07,0.143
2022-11-23,327,11,2022,0.0,telemetry,25.0,7.8,telemetry,Sangrur,1,3.136,0.433,0.0,1.359,2.6027,0.0,2.6027,0.6919,2.7945,0.0,5.4903,-2.6958,1.3692580016139755,33.338,0.0,26.31,2.296,-28.07,0.155
2022-11-24,328,11,2022,0.0,telemetry,25.1,6.5,telemetry,Sangrur,1,3.188,0.45,0.0,1.435,2.7473,0.0,2.7473,0.7303,2.9391,0.0,5.4049,-2.4658,1.363554175959617,33.333,0.0,26.19,2.328,-27.49,0.164
2022-11-25,329,11,2022,0.0,telemetry,27.7,6.2,telemetry,Sangrur,1,3.528,0.467,0.0,1.646,3.1524,0.0,3.1524,0.838,3.3442,0.0,5.3212,-1.977,1.3589809953079766,33.328,0.0,26.15,2.37,-27.49,0.188
2022-11-26,330,11,2022,0.0,telemetry,23.5,5.3,telemetry,Sangrur,1,2.993,0.483,0.0,1.447,2.7703,0.0,2.7703,0.7364,2.9621,0.0,5.2397,-2.2776,1.3537124502404443,33.323,0.0,25.93,2.393,-27.49,0.165
2022-11-27,331,11,2022,0.0,telemetry,22.6,5.0,telemetry,Sangrur,1,2.875,0.5,0.0,1.438,2.7529,0.0,2.7529,0.7318,2.9447,0.0,5.1599,-2.2152,1.348588386711643,33.318,0.0,25.75,2.419,-27.49,0.164
2022-11-28,332,11,2022,0.33,telemetry,21.0,3.9,telemetry,Sangrur,1,2.701,0.517,0.0,1.395,2.0419,0.0,2.0419,0.5428,2.2337,0.0951,5.0816,-2.8479,1.3420007041468665,33.311,0.33,25.47,2.457,-27.19,0.122
2022-11-29,333,11,2022,0.0,telemetry,22.8,6.6,telemetry,Sangrur,1,2.812,0.533,0.0,1.5,2.8721,0.0,2.8721,0.7635,3.0639,0.0,5.0041,-1.9402,1.3375126473056924,33.307,0.33,25.23,2.509,-27.19,0.171
2022-11-30,334,11,2022,0.0,telemetry,22.4,6.0,telemetry,Sangrur,1,2.774,0.55,0.0,1.526,2.9222,0.0,2.9222,0.7768,3.114,0.0,4.9285,-1.8145,1.3333155143330122,33.302,0.33,24.97,2.559,-27.19,0.174
2022-12-01,335,12,2022,0.0,telemetry,22.9,7.8,telemetry,Sangrur,1,2.747,0.567,0.0,1.557,2.9809,0.0,2.9809,0.7924,3.1727,0.0,4.8546,-1.6819,1.3294248998534635,33.298,0.33,24.72,2.616,-27.19,0.178
2022-12-02,336,12,2022,0.0,telemetry,22.4,6.7,telemetry,Sangrur,1,2.723,0.583,0.0,1.588,3.0419,0.0,3.0419,0.8086,3.2337,0.0,4.7827,-1.549,1.3258417221495358,33.295,0.33,24.48,2.658,-27.19,0.182
2022-12-03,337,12,2022,0.0,telemetry,21.0,6.0,telemetry,Sangrur,1,2.566,0.6,0.0,1.54,2.9484,0.0,2.9484,0.7838,3.1402,0.0,4.7128,-1.5726,1.3222040985397463,33.291,0.33,24.25,2.701,-27.19,0.176
2022-12-04,338,12,2022,0.0,telemetry,21.0,5.0,telemetry,Sangrur,1,2.599,0.617,0.0,1.603,3.0692,0.0,3.0692,0.8159,3.261,0.0,4.6446,-1.3836,1.3190036469584414,33.288,0.33,23.99,2.76,-27.19,0.183
2022-12-05,339,12,2022,0.0,telemetry,19.6,4.9,telemetry,Sangrur,1,2.423,0.633,0.0,1.534,2.9383,0.0,2.9383,0.7811,3.1301,0.0,4.5783,-1.4482,1.315653756902401,33.285,0.0,23.73,2.803,-27.19,0.175
2022-12-06,340,12,2022,0.07,telemetry,22.4,7.3,telemetry,Sangrur,1,2.66,0.65,0.0,1.729,3.1768,0.0,3.1768,0.8445,3.3686,0.0202,4.5137,-1.1451,1.3130050513673968,33.282,0.07,23.52,2.858,-27.13,0.19
2022-12-07,341,12,2022,0.0,telemetry,21.6,8.6,telemetry,Sangrur,1,2.48,0.667,0.0,1.653,3.1658,0.0,3.1658,0.8415,3.3576,0.0,4.451,-1.0934,1.3104757868335302,33.28,0.07,23.26,2.899,-27.13,0.189
2022-12-08,342,12,2022,0.0,telemetry,23.7,7.5,telemetry,Sangrur,1,2.803,0.683,0.0,1.915,3.6677,0.0,3.6677,0.975,3.8595,0.0,4.3903,-0.5308,1.3092480318181727,33.278,0.07,23.32,2.964,-27.13,0.219
2022-12-09,343,12,2022,0.0,telemetry,20.4,5.4,telemetry,Sangrur,1,2.473,0.7,0.0,1.731,3.315,0.0,3.315,0.8812,3.5068,0.0,4.332,-0.8252,1.3073391579299016,33.276,0.07,23.12,2.976,-27.13,0.198
2022-12-10,344,12,2022,0.07,telemetry,22.6,7.2,telemetry,Sangrur,1,2.663,0.717,0.0,1.908,3.5207,0.0,3.5207,0.9359,3.7125,0.0202,4.2757,-0.5632,1.3060364115450285,33.275,0.14,23.01,3.03,-27.06,0.21
2022-12-11,345,12,2022,0.07,telemetry,23.3,7.8,telemetry,Sangrur,1,2.719,0.733,0.0,1.994,3.6847,0.0,3.6847,0.9795,3.8765,0.0202,4.2215,-0.345,1.3052383428765717,33.274,0.21,22.92,3.096,-27.0,0.22
2022-12-12,346,12,2022,0.07,telemetry,22.5,6.1,telemetry,Sangrur,1,2.687,0.75,0.0,2.015,3.7256,0.0,3.7256,0.9903,3.9174,0.0202,4.1696,-0.2522,1.3046549049818752,33.274,0.28,22.84,3.216,-26.94,0.222
2022-12-13,347,12,2022,0.07,telemetry,21.9,6.1,telemetry,Sangrur,1,2.609,0.767,0.0,2.0,3.6961,0.0,3.6961,0.9825,3.8879,0.0202,4.12,-0.2321,1.3041180723269388,33.273,0.28,22.78,3.275,-26.87,0.221
2022-12-14,348,12,2022,0.07,telemetry,19.8,4.5,telemetry,Sangrur,1,2.414,0.783,0.0,1.891,3.4878,0.0,3.4878,0.9271,3.6796,0.0202,4.0724,-0.3928,1.3032094121764026,33.272,0.35,22.77,3.316,-26.88,0.208
2022-12-15,349,12,2022,0.07,telemetry,19.8,3.7,telemetry,Sangrur,1,2.441,0.8,0.0,1.953,3.6052,0.0,3.6052,0.9583,3.797,0.0202,4.0266,-0.2296,1.3026783646803581,33.272,0.42,22.66,3.36,-26.81,0.215
2022-12-16,350,12,2022,0.07,telemetry,19.8,3.7,telemetry,Sangrur,1,2.438,0.817,0.0,1.991,3.6794,0.0,3.6794,0.9781,3.8712,0.0202,3.9825,-0.1113,1.3024208336226517,33.271,0.49,22.53,3.406,-26.75,0.22
2022-12-17,351,12,2022,0.07,telemetry,20.1,3.2,telemetry,Sangrur,1,2.488,0.833,0.0,2.073,3.8362,0.0,3.8362,1.0197,4.028,0.0202,3.9403,0.0877,1.3026236648295022,33.272,0.49,22.45,3.469,-26.68,0.229
2022-12-18,352,12,2022,0.07,telemetry,17.5,4.8,generated,Sangrur,1,2.119,0.85,0.0,1.801,3.315,0.0,3.315,0.8812,3.5068,0.0202,3.9,-0.3932,1.3017140153955418,33.271,0.49,22.22,3.487,-26.62,0.198
2022-12-19,353,12,2022,0.13,telemetry,19.8,2.0,generated,Sangrur,1,2.486,0.867,0.0,2.155,3.8772,0.0,3.8772,1.0306,4.069,0.0375,3.8609,0.2081,1.3021953154789996,33.271,0.55,22.08,3.554,-26.5,0.231
2022-12-20,354,12,2022,0.0,telemetry,20.8,4.7,generated,Sangrur,1,2.516,0.883,0.0,2.223,4.2567,0.0,4.2567,1.1315,4.4485,0.0,3.8237,0.6248,1.3036405360276493,33.273,0.48,22.01,3.631,-26.5,0.254
2022-12-21,355,12,2022,0.07,telemetry,21.8,2.8,generated,Sangrur,1,2.694,0.9,0.0,2.424,4.5085,0.0,4.5085,1.1985,4.7003,0.0202,3.7888,0.9115,1.305749044162894,33.275,0.48,21.94,3.727,-26.44,0.269
2022-12-22,356,12,2022,0.0,telemetry,22.6,4.2,generated,Sangrur,1,2.749,0.917,0.0,2.519,4.8248,0.0,4.8248,1.2825,5.0166,0.0,3.7563,1.2603,1.3086642328497267,33.278,0.41,21.91,3.809,-26.44,0.288
2022-12-23,357,12,2022,0.0,telemetry,23.4,1.4,generated,Sangrur,1,2.911,0.933,0.0,2.717,5.2022,0.0,5.2022,1.3829,5.394,0.0,3.7267,1.6673,1.312521074369047,33.282,0.34,21.86,3.944,-24.87,0.31
2022-12-24,358,12,2022,0.0,telemetry,20.0,6.2,generated,Sangrur,1,2.36,0.95,0.0,2.242,4.2942,0.0,4.2942,1.1415,4.486,0.0,3.7,0.786,1.314339111826058,33.283,0.27,21.69,4.0,-24.87,0.256
2022-12-25,359,12,2022,0.07,telemetry,19.9,3.2,generated,Sangrur,1,2.469,0.967,0.0,2.386,4.4361,0.0,4.4361,1.1792,4.6279,0.0202,3.6751,0.9528,1.3165431670041439,33.286,0.27,21.43,4.053,-24.81,0.265
2022-12-26,360,12,2022,0.13,telemetry,18.7,12.0,generated,Sangrur,1,1.768,0.983,0.0,1.739,3.0811,0.0,3.0811,0.819,3.2729,0.0375,3.6518,-0.3789,1.3156666163583401,33.285,0.27,21.27,4.007,-24.69,0.184
2022-12-27,361,12,2022,0.07,telemetry,18.4,-1.0,generated,Sangrur,1,2.409,1.0,0.0,2.409,4.4786,0.0,4.4786,1.1905,4.6704,0.0202,3.6284,1.042,1.3180768471734001,33.287,0.34,21.13,4.063,-24.62,0.267
2022-12-28,362,12,2022,0.07,telemetry,18.4,6.5,generated,Sangrur,1,2.157,1.017,0.0,2.193,4.0653,0.0,4.0653,1.0806,4.2571,0.0202,3.6068,0.6503,1.319581135654316,33.289,0.34,21.04,4.104,-24.89,0.243
2022-12-29,363,12,2022,0.27,telemetry,17.5,2.3,generated,Sangrur,1,2.236,1.033,0.0,2.311,3.9092,0.0,3.9092,1.0392,4.101,0.0778,3.5862,0.5148,1.3207719392851354,33.29,0.61,20.87,4.126,-24.64,0.233
2022-12-30,364,12,2022,0.0,telemetry,18.3,2.1,generated,Sangrur,1,2.338,1.05,0.0,2.455,4.7018,0.0,4.7018,1.2498,4.8936,0.0,3.5665,1.3271,1.3238416750537134,33.293,0.61,20.73,4.199,-24.64,0.281
2022-12-31,365,12,2022,0.2,telemetry,19.2,-1.0,generated,Sangrur,1,2.514,1.067,0.0,2.682,4.7532,0.0,4.7532,1.2635,4.945,0.0576,3.5487,1.3963,1.327071639216153,33.296,0.81,20.61,4.265,-24.46,0.284
2023-01-01,1,1,2023,0.2,telemetry,14.8,1.6,generated,Sangrur,1,1.969,1.083,0.0,2.133,3.7028,0.0,3.7028,0.9843,3.8946,0.0576,3.5326,0.362,1.327908911700989,33.297,0.94,20.35,4.292,-24.27,0.221
2023-01-02,2,1,2023,0.2,telemetry,11.3,-1.0,generated,Sangrur,1,1.682,1.1,0.0,1.851,3.1614,0.0,3.1614,0.8404,3.3532,0.0576,3.5169,-0.1637,1.3275302302285763,33.297,1.01,20.03,4.241,-24.09,0.189
2023-01-03,3,1,2023,0.27,telemetry,8.8,0.2,generated,Sangrur,1,1.371,1.117,0.0,1.531,2.4153,0.0,2.4153,0.642,2.6071,0.0778,3.5007,-0.8936,1.325463140335985,33.295,1.21,19.62,4.11,-23.84,0.144
2023-01-04,4,1,2023,0.0,telemetry,8.0,-1.0,generated,Sangrur,1,1.343,1.133,0.0,1.523,2.9157,0.0,2.9157,0.7751,3.1075,0.0,3.4832,-0.3757,1.3245941775511352,33.294,1.14,19.24,3.996,-23.84,0.174
2023-01-05,5,1,2023,0.0,telemetry,8.2,-1.0,generated,Sangrur,1,1.369,1.15,0.0,1.574,3.015,0.0,3.015,0.8015,3.2068,0.0,3.4649,-0.2581,1.3239970977417101,33.293,0.87,18.76,3.867,-23.91,0.18
2023-01-06,6,1,2023,0.0,telemetry,9.2,-1.0,generated,Sangrur,1,1.48,1.15,0.0,1.702,3.26,0.0,3.26,0.8666,3.4518,0.0,3.4462,0.0056,1.3240099823490086,33.293,0.87,18.35,3.728,-23.91,0.195
2023-01-07,7,1,2023,0.07,telemetry,12.1,1.7,generated,Sangrur,1,1.692,1.15,0.0,1.946,3.5921,0.0,3.5921,0.9549,3.7839,0.0202,3.4275,0.3564,1.324834431999075,33.294,0.74,17.96,3.678,-23.85,0.214
2023-01-08,8,1,2023,0.13,telemetry,11.8,3.5,generated,Sangrur,1,1.563,1.15,0.0,1.798,3.1941,0.0,3.1941,0.8491,3.3859,0.0375,3.4092,-0.0233,1.3247805289927659,33.294,0.67,17.68,3.589,-23.73,0.191
2023-01-09,9,1,2023,0.2,telemetry,8.1,4.9,telemetry,Sangrur,1,0.931,1.15,0.0,1.07,1.6668,0.0,1.6668,0.4431,1.8586,0.0576,3.3909,-1.5323,1.3212361581356524,33.29,0.67,17.19,3.488,-23.62,0.099
2023-01-10,10,1,2023,0.0,telemetry,11.8,4.3,telemetry,Sangrur,1,1.522,1.15,0.0,1.75,3.3512,0.0,3.3512,0.8908,3.543,0.0,3.3704,0.1726,1.3216352975090335,33.291,0.4,16.81,3.407,-23.69,0.2
2023-01-11,11,1,2023,0.0,telemetry,12.6,4.4,telemetry,Sangrur,1,1.626,1.15,0.0,1.87,3.5805,0.0,3.5805,0.9518,3.7723,0.0,3.3504,0.4219,1.3226112882448455,33.292,0.4,16.48,3.373,-23.76,0.214
2023-01-12,12,1,2023,0.07,telemetry,11.5,6.1,telemetry,Sangrur,1,1.34,1.15,0.0,1.542,2.818,0.0,2.818,0.7491,3.0098,0.0202,3.3309,-0.3211,1.3218684244091707,33.291,0.47,16.13,3.295,-23.76,0.168
2023-01-13,13,1,2023,0.07,telemetry,11.6,5.2,telemetry,Sangrur,1,1.444,1.15,0.0,1.661,3.0461,0.0,3.0461,0.8097,3.2379,0.0202,3.3111,-0.0732,1.321698995108208,33.291,0.54,15.86,3.177,-23.77,0.182
2023-01-14,14,1,2023,0.0,telemetry,11.9,0.1,telemetry,Sangrur,1,1.79,1.15,0.0,2.058,3.9415,0.0,3.9415,1.0477,4.1333,0.0,3.2913,0.842,1.3236465758662386,33.293,0.47,15.6,3.119,-23.84,0.235
2023-01-15,15,1,2023,0.0,telemetry,13.0,-2.5,telemetry,Sangrur,1,1.997,1.15,0.0,2.296,4.3968,0.0,4.3968,1.1688,4.5886,0.0,3.2728,1.3158,1.3266903209092007,33.296,0.34,15.37,3.168,-23.91,0.262
2023-01-16,16,1,2023,0.0,telemetry,13.5,-2.0,telemetry,Sangrur,1,2.05,1.15,0.0,2.358,4.5152,0.0,4.5152,1.2002,4.707,0.0,3.2559,1.4511,1.3300468315676304,33.299,0.14,15.15,3.265,-23.98,0.269
2023-01-17,17,1,2023,0.0,telemetry,13.5,-3.0,telemetry,Sangrur,1,2.081,1.15,0.0,2.394,4.5837,0.0,4.5837,1.2185,4.7755,0.0,3.2409,1.5346,1.3335964924379877,33.303,0.14,15.02,3.42,-24.05,0.274
2023-01-18,18,1,2023,0.0,telemetry,13.5,-1.4,telemetry,Sangrur,1,2.058,1.15,0.0,2.366,4.5314,0.0,4.5314,1.2045,4.7232,0.0,3.2277,1.4955,1.337055768927218,33.306,0.14,14.81,3.535,-24.18,0.27
2023-01-19,19,1,2023,0.0,telemetry,16.7,3.9,telemetry,Sangrur,1,2.259,1.15,0.0,2.598,4.9759,0.0,4.9759,1.3227,5.1677,0.0,3.2161,1.9516,1.3415701904812363,33.311,0.07,14.67,3.675,-24.18,0.297
2023-01-20,20,1,2023,0.53,telemetry,13.0,5.4,telemetry,Sangrur,1,1.682,1.15,0.0,1.935,2.6945,0.0,2.6945,0.7163,2.8863,0.1527,3.2065,-0.3202,1.3408295324606538,33.31,0.53,14.38,3.635,-23.76,0.161
2023-01-21,21,1,2023,0.0,telemetry,14.6,2.8,telemetry,Sangrur,1,2.07,1.15,0.0,2.38,4.5576,0.0,4.5576,1.2115,4.7494,0.0,3.196,1.5534,1.3444228939071559,33.313,0.53,14.11,3.704,-23.76,0.272
2023-01-22,22,1,2023,0.07,telemetry,14.6,2.8,telemetry,Sangrur,1,2.082,1.15,0.0,2.394,4.4507,0.0,4.4507,1.1831,4.6425,0.0202,3.1869,1.4556,1.3477900246669072,33.317,0.6,13.82,3.794,-23.7,0.266
2023-01-23,23,1,2023,0.0,telemetry,16.2,6.0,telemetry,Sangrur,1,2.124,1.15,0.0,2.442,4.6768,0.0,4.6768,1.2432,4.8686,0.0,3.179,1.6896,1.3516983888310095,33.321,0.6,13.69,4.009,-23.7,0.279
2023-01-24,24,1,2023,8.53,telemetry,13.5,1.7,telemetry,Sangrur,1,2.02,1.15,0.0,2.323,0.0,0.0,0.0,0.0,0.1918,2.4584,3.1725,-2.9807,1.3448035541099268,33.314,9.13,13.48,3.769,-15.95,0.0
2023-01-25,25,1,2023,6.2,telemetry,14.6,5.5,telemetry,Sangrur,1,1.957,1.15,0.0,2.251,0.0,0.0,0.0,0.0,0.1918,1.7869,3.165,-2.9732,1.3379260934569908,33.307,15.33,13.34,3.513,-10.39,0.0
2023-01-26,26,1,2023,0.13,telemetry,14.0,2.3,telemetry,Sangrur,1,2.081,1.15,0.0,2.393,4.3342,0.0,4.3342,1.1521,4.526,0.0375,3.1555,1.3705,1.341096245080267,33.31,15.46,13.19,3.622,-10.34,0.259
2023-01-27,27,1,2023,0.0,telemetry,14.6,-1.4,telemetry,Sangrur,1,2.303,1.15,0.0,2.649,5.0719,0.0,5.0719,1.3482,5.2637,0.0,3.1473,2.1164,1.3459917192506399,33.315,14.93,13.07,3.766,-10.41,0.303
2023-01-28,28,1,2023,0.0,telemetry,16.7,-1.0,telemetry,Sangrur,1,2.563,1.15,0.0,2.948,5.6447,0.0,5.6447,1.5005,5.8365,0.0,3.1413,2.6952,1.3522261047320485,33.321,14.93,13.04,3.888,-10.65,0.337
2023-01-29,29,1,2023,0.13,telemetry,11.9,0.6,telemetry,Sangrur,1,1.933,1.15,0.0,2.223,4.0084,0.0,4.0084,1.0655,4.2002,0.0375,3.138,1.0622,1.3546830274037471,33.324,14.99,12.83,3.86,-10.53,0.239
2023-01-30,30,1,2023,3.13,telemetry,15.1,8.1,telemetry,Sangrur,1,1.872,1.15,0.0,2.153,0.0,0.0,0.0,0.0,0.1918,0.9021,3.1351,-2.9433,1.3478746345684633,33.317,18.12,12.69,3.538,-7.87,0.0
2023-01-31,31,1,2023,0.2,telemetry,10.9,4.4,telemetry,Sangrur,1,1.573,1.15,0.0,1.809,3.0809,0.0,3.0809,0.819,3.2727,0.0576,3.1285,0.1442,1.3482082279839194,33.317,9.79,12.56,3.43,-7.88,0.184
2023-02-01,32,2,2023,0.13,telemetry,18.0,4.0,telemetry,Sangrur,1,2.63,1.15,0.0,3.024,5.5427,0.0,5.5427,1.4734,5.7345,0.0375,3.1213,2.6132,1.3542530382276985,33.323,3.72,12.78,3.503,-7.96,0.331
2023-02-02,33,2,2023,0.07,telemetry,20.5,4.0,telemetry,Sangrur,1,3.0,1.15,0.0,3.45,6.472,0.0,6.472,1.7204,6.6638,0.0202,3.1169,3.5469,1.3624576224908616,33.332,3.66,13.17,3.61,-8.16,0.386
2023-02-03,34,2,2023,0.13,telemetry,21.2,4.4,telemetry,Sangrur,1,3.104,1.15,0.0,3.57,6.5868,0.0,6.5868,1.7509,6.7786,0.0375,3.1163,3.6623,1.3709290561295586,33.34,3.79,13.61,3.888,-7.62,0.393
2023-02-04,35,2,2023,0.0,telemetry,21.6,5.4,telemetry,Sangrur,1,3.14,1.15,0.0,3.611,6.9147,0.0,6.9147,1.8381,7.1065,0.0,3.1194,3.9871,1.3801517418249902,33.349,3.79,14.06,4.056,-7.62,0.413
2023-02-05,36,2,2023,0.0,telemetry,22.3,5.4,telemetry,Sangrur,1,3.266,1.15,0.0,3.756,7.1926,0.0,7.1926,1.912,7.3844,0.0,3.1263,4.2581,1.3900013375551687,33.359,3.66,14.5,4.252,-7.55,0.429
2023-02-06,37,2,2023,0.07,telemetry,20.1,9.0,telemetry,Sangrur,1,2.725,1.15,0.0,3.134,5.867,0.0,5.867,1.5596,6.0588,0.0202,3.137,2.9218,1.3967599024426596,33.366,0.6,14.76,4.337,-7.56,0.35
2023-02-07,38,2,2023,0.0,telemetry,19.8,7.2,telemetry,Sangrur,1,2.829,1.15,0.0,3.254,6.2309,0.0,6.2309,1.6563,6.4227,0.0,3.1494,3.2733,1.4043316378711204,33.373,0.4,15.03,4.782,-7.69,0.372
2023-02-08,39,2,2023,0.0,telemetry,20.1,5.1,telemetry,Sangrur,1,3.02,1.15,0.0,3.473,6.6511,0.0,6.6511,1.768,6.8429,0.0,3.1637,3.6792,1.4128422107358634,33.382,0.27,15.43,5.257,-7.89,0.397
2023-02-09,40,2,2023,0.07,telemetry,21.1,6.6,telemetry,Sangrur,1,3.114,1.15,0.0,3.581,6.7242,0.0,6.7242,1.7874,6.916,0.0202,3.1804,3.7356,1.4214832877344314,33.391,0.27,15.74,5.428,-7.82,0.401
2023-02-10,41,2,2023,0.2,telemetry,21.2,9.7,telemetry,Sangrur,1,2.935,1.15,0.0,3.375,6.0812,0.0,6.0812,1.6165,6.273,0.0576,3.1993,3.0737,1.4285932109336195,33.398,0.34,16.03,5.5,-7.64,0.363
2023-02-11,42,2,2023,0.0,telemetry,20.4,7.7,telemetry,Sangrur,1,2.976,1.15,0.0,3.423,6.5545,0.0,6.5545,1.7423,6.7463,0.0,3.2195,3.5268,1.4367513713385804,33.406,0.34,16.32,5.565,-7.71,0.391
2023-02-12,43,2,2023,0.07,telemetry,17.2,5.1,telemetry,Sangrur,1,2.66,1.15,0.0,3.059,5.7244,0.0,5.7244,1.5217,5.9162,0.0202,3.2412,2.675,1.4429390602214491,33.412,0.41,16.51,5.687,-7.71,0.342
2023-02-13,44,2,2023,0.2,telemetry,17.6,2.1,telemetry,Sangrur,1,2.897,1.15,0.0,3.332,5.9974,0.0,5.9974,1.5942,6.1892,0.0576,3.2633,2.9259,1.4497071495630327,33.419,0.54,16.7,6.116,-7.53,0.358
2023-02-14,45,2,2023,0.47,telemetry,20.6,4.8,telemetry,Sangrur,1,3.25,1.15,0.0,3.738,6.2614,0.0,6.2614,1.6644,6.4532,0.1355,3.2861,3.1671,1.4570332091381966,33.426,1.01,16.95,6.343,-7.1,0.374
2023-02-15,46,2,2023,0.0,telemetry,23.7,5.8,telemetry,Sangrur,1,3.72,1.15,0.0,4.278,8.1916,0.0,8.1916,2.1775,8.3834,0.0,3.3099,5.0735,1.4687689180952277,33.438,1.01,17.29,6.532,-7.1,0.489
2023-02-16,47,2,2023,0.0,telemetry,23.3,5.3,telemetry,Sangrur,1,3.706,1.15,0.0,4.262,8.1613,0.0,8.1613,2.1695,8.3531,0.0,3.3372,5.0159,1.480371556675577,33.449,0.94,17.62,6.653,-7.1,0.487
2023-02-17,48,2,2023,0.0,telemetry,23.8,6.4,telemetry,Sangrur,1,3.762,1.15,0.0,4.327,8.2855,0.0,8.2855,2.2025,8.4773,0.0,3.3674,5.1099,1.4921915952771598,33.461,0.74,17.96,6.774,-7.1,0.495
2023-02-18,49,2,2023,0.07,telemetry,23.8,6.9,telemetry,Sangrur,1,3.764,1.15,0.0,4.328,8.155,0.0,8.155,2.1678,8.3468,0.0202,3.4004,4.9464,1.5036332916702762,33.473,0.81,18.2,6.863,-7.04,0.487
2023-02-19,50,2,2023,0.07,telemetry,24.1,5.3,telemetry,Sangrur,1,3.921,1.15,0.0,4.509,8.501,0.0,8.501,2.2598,8.6928,0.0202,3.4359,5.2569,1.5157933221523372,33.485,0.81,18.57,6.956,-7.5,0.507
2023-02-20,51,2,2023,0.07,telemetry,23.8,11.5,telemetry,Sangrur,1,3.485,1.15,0.0,4.008,7.5412,0.0,7.5412,2.0046,7.733,0.0202,3.474,4.259,1.525645148893515,33.495,0.68,18.88,7.076,-7.44,0.45
2023-02-21,52,2,2023,0.0,telemetry,23.6,11.8,telemetry,Sangrur,1,3.444,1.15,0.0,3.96,7.5841,0.0,7.5841,2.016,7.7759,0.0,3.513,4.2629,1.5355058685924983,33.505,0.21,19.18,7.172,-7.51,0.453
2023-02-22,53,2,2023,0.07,telemetry,23.8,5.4,telemetry,Sangrur,1,3.954,1.15,0.0,4.547,8.5736,0.0,8.5736,2.2791,8.7654,0.0202,3.5529,5.2125,1.547563117142426,33.517,0.28,19.43,7.31,-7.44,0.512
2023-02-23,54,2,2023,0.07,telemetry,24.4,4.0,telemetry,Sangrur,1,4.142,1.15,0.0,4.764,8.9884,0.0,8.9884,2.3893,9.1802,0.0202,3.595,5.5852,1.5604826609487903,33.53,0.35,19.79,7.471,-15.9,0.536
2023-02-24,55,2,2023,0.07,telemetry,24.4,6.9,telemetry,Sangrur,1,4.04,1.15,0.0,4.646,8.7631,0.0,8.7631,2.3294,8.9549,0.0202,3.6394,5.3155,1.5727782670609811,33.542,0.42,20.12,7.663,-21.97,0.523
2023-02-25,56,2,2023,0.0,telemetry,25.3,5.6,telemetry,Sangrur,1,4.292,1.15,0.0,4.936,9.4523,0.0,9.4523,2.5126,9.6441,0.0,3.6856,5.9585,1.5865611135293594,33.556,0.35,20.5,7.87,-22.1,0.564
2023-02-26,57,2,2023,0.0,telemetry,26.0,6.9,telemetry,Sangrur,1,4.385,1.15,0.0,5.043,9.6573,0.0,9.6573,2.5671,9.8491,0.0,3.7344,6.1147,1.6007054161892174,33.57,0.28,20.88,8.151,-22.06,0.576
2023-02-27,58,2,2023,0.0,telemetry,24.4,10.4,telemetry,Sangrur,1,3.887,1.15,0.0,4.47,8.5593,0.0,8.5593,2.2753,8.7511,0.0,3.7856,4.9655,1.6121914237191983,33.581,0.21,21.13,8.334,-22.06,0.511
2023-02-28,59,2,2023,0.0,telemetry,21.1,9.1,telemetry,Sangrur,1,3.388,1.15,0.0,3.896,7.4603,0.0,7.4603,1.9831,7.6521,0.0,3.8375,3.8146,1.6210152908088173,33.59,0.21,21.44,8.42,-22.19,0.445
2023-03-01,60,3,2023,1.47,telemetry,23.8,10.9,telemetry,Sangrur,1,3.78,1.15,0.0,4.347,5.5417,0.0,5.5417,1.4731,5.7335,0.4237,3.8883,1.8452,1.6252834489766455,33.594,1.61,21.73,8.23,-23.98,0.331
2023-03-02,61,3,2023,0.0,telemetry,24.4,8.8,telemetry,Sangrur,1,4.097,1.15,0.0,4.711,9.0223,0.0,9.0223,2.3983,9.2141,0.0,3.9363,5.2778,1.637491876518286,33.607,1.54,22.18,8.292,-24.18,0.539
2023-03-03,62,3,2023,0.0,telemetry,24.1,8.8,telemetry,Sangrur,1,4.068,1.15,0.0,4.679,8.9595,0.0,8.9595,2.3816,9.1513,0.0,3.9855,5.1658,1.6494411222157328,33.619,1.47,22.38,8.34,-24.3,0.535
2023-03-04,63,3,2023,0.0,telemetry,25.4,6.6,telemetry,Sangrur,1,4.482,1.15,0.0,5.154,9.8705,0.0,9.8705,2.6238,10.0623,0.0,4.0358,6.0265,1.6633814015447133,33.632,1.47,22.55,8.462,-24.36,0.589
2023-03-05,64,3,2023,0.0,telemetry,24.4,7.8,telemetry,Sangrur,1,4.254,1.15,0.0,4.892,9.3679,0.0,9.3679,2.4902,9.5597,0.0,4.0881,5.4716,1.676038029949759,33.645,1.47,22.65,8.524,-24.49,0.559
2023-03-06,65,3,2023,0.0,telemetry,25.2,10.1,telemetry,Sangrur,1,4.272,1.15,0.0,4.913,9.4084,0.0,9.4084,2.501,9.6002,0.0,4.1416,5.4586,1.688664699580959,33.658,1.47,22.77,8.658,-24.49,0.562
2023-03-07,66,3,2023,0.0,telemetry,25.4,10.2,telemetry,Sangrur,1,4.334,1.15,0.0,4.984,9.5452,0.0,9.5452,2.5373,9.737,0.0,4.196,5.541,1.701481904210923,33.671,1.47,22.88,8.798,-24.49,0.57
2023-03-08,67,3,2023,0.0,telemetry,26.5,8.6,telemetry,Sangrur,1,4.703,1.15,0.0,5.408,10.3563,0.0,10.3563,2.7529,10.5481,0.0,4.2514,6.2967,1.7160471364617176,33.685,0.0,23.09,8.925,-24.56,0.618
2023-03-09,68,3,2023,0.0,telemetry,26.2,10.7,telemetry,Sangrur,1,4.518,1.15,0.0,5.196,9.9498,0.0,9.9498,2.6449,10.1416,0.0,4.3087,5.8329,1.729539489978509,33.699,0.0,23.3,8.994,-24.56,0.594
2023-03-10,69,3,2023,0.0,telemetry,27.0,10.1,telemetry,Sangrur,1,4.763,1.15,0.0,5.477,10.4886,0.0,10.4886,2.7881,10.6804,0.0,4.3671,6.3133,1.7441430914666434,33.713,0.0,23.53,9.117,-24.56,0.626
2023-03-11,70,3,2023,0.0,telemetry,28.6,12.6,telemetry,Sangrur,1,4.928,1.15,0.0,5.668,10.8532,0.0,10.8532,2.885,11.045,0.0,4.4271,6.6179,1.7594512449120925,33.729,0.0,23.78,9.217,-24.63,0.648
2023-03-12,71,3,2023,0.0,telemetry,29.2,13.4,telemetry,Sangrur,1,5.02,1.15,0.0,5.773,11.0547,0.0,11.0547,2.9386,11.2465,0.0,4.489,6.7575,1.7750823502091155,33.744,0.0,24.05,9.317,-24.83,0.66
2023-03-13,72,3,2023,0.0,telemetry,29.1,14.0,telemetry,Sangrur,1,4.971,1.15,0.0,5.717,10.9476,0.0,10.9476,2.9101,11.1394,0.0,4.5528,6.5866,1.7903182342487294,33.759,0.0,24.34,9.488,-24.83,0.653
2023-03-14,73,3,2023,0.0,telemetry,28.4,13.6,telemetry,Sangrur,1,4.884,1.15,0.0,5.617,10.7564,0.0,10.7564,2.8593,10.9482,0.0,4.618,6.3302,1.8049610044370268,33.774,0.0,24.71,9.723,-24.9,0.642
2023-03-15,74,3,2023,0.0,telemetry,29.2,14.4,telemetry,Sangrur,1,5.017,1.15,0.0,5.77,11.0489,0.0,11.0489,2.937,11.2407,0.0,4.6842,6.5565,1.8201273445959194,33.789,0.0,25.1,10.116,-25.1,0.659
2023-03-16,75,3,2023,0.0,telemetry,28.9,14.2,telemetry,Sangrur,1,5.0,1.15,0.0,5.75,11.0117,0.0,11.0117,2.9272,11.2035,0.0,4.7515,6.452,1.8350519581199531,33.804,0.0,25.38,10.258,-25.57,0.657
2023-03-17,76,3,2023,0.13,telemetry,23.0,14.4,telemetry,Sangrur,1,3.57,1.15,0.0,4.105,7.6131,0.0,7.6131,2.0237,7.8049,0.0375,4.8196,2.9853,1.8419573725182592,33.811,0.13,25.35,10.162,-25.45,0.454
2023-03-18,77,3,2023,26.13,telemetry,19.2,13.1,telemetry,Sangrur,1,2.814,1.15,0.0,3.236,0.0,0.0,0.0,0.0,0.1918,7.5308,4.8839,-4.6921,1.831103822197191,33.8,26.26,25.22,9.457,-1.5,0.0
2023-03-19,78,3,2023,0.93,telemetry,26.7,16.5,generated,Sangrur,1,4.249,1.15,0.0,4.886,7.5893,0.0,7.5893,2.0174,7.7811,0.268,4.9464,2.8347,1.8376608441715319,33.807,27.19,25.31,9.33,-0.65,0.453
2023-03-20,79,3,2023,3.6,telemetry,22.1,6.6,generated,Sangrur,1,4.3,1.15,0.0,4.945,2.7739,0.0,2.7739,0.7374,2.9657,1.0375,5.0059,-2.0402,1.8329415015664476,33.802,30.79,25.26,8.856,2.58,0.166
2023-03-21,80,3,2023,0.33,telemetry,22.2,15.0,telemetry,Sangrur,1,3.338,1.15,0.0,3.839,6.7206,0.0,6.7206,1.7865,6.9124,0.0951,5.0572,1.8552,1.8372329626018016,33.806,31.12,25.19,8.655,2.81,0.401
2023-03-22,81,3,2023,0.27,telemetry,23.7,11.9,telemetry,Sangrur,1,4.204,1.129,0.0,4.748,8.5755,0.0,8.5755,2.2796,8.7673,0.0778,5.1046,3.6627,1.8457052872498605,33.815,31.39,25.19,8.527,2.99,0.512
2023-03-23,82,3,2023,0.13,telemetry,25.4,11.8,telemetry,Sangrur,1,4.642,1.109,0.0,5.146,9.605,0.0,9.605,2.5532,9.7968,0.0375,5.1511,4.6457,1.856451604722272,33.826,31.52,25.25,8.503,3.11,0.573
2023-03-24,83,3,2023,6.67,telemetry,21.9,13.4,telemetry,Sangrur,1,3.595,1.088,0.0,3.91,0.0,0.0,0.0,0.0,0.1918,1.9223,5.1978,-5.006,1.8448719470360384,33.814,38.06,25.19,7.754,9.15,0.0
2023-03-25,84,3,2023,0.33,telemetry,23.3,12.0,telemetry,Sangrur,1,4.168,1.067,0.0,4.448,7.8869,0.0,7.8869,2.0965,8.0787,0.0951,5.2347,2.844,1.8514506073002635,33.821,12.26,25.15,7.542,9.39,0.471
2023-03-26,85,3,2023,0.2,telemetry,23.3,12.0,telemetry,Sangrur,1,4.192,1.046,0.0,4.386,8.0162,0.0,8.0162,2.1309,8.208,0.0576,5.2703,2.9377,1.8582459479737206,33.827,11.53,25.11,7.325,9.5,0.478
2023-03-27,86,3,2023,0.27,telemetry,24.1,11.0,telemetry,Sangrur,1,4.525,1.026,0.0,4.641,8.3717,0.0,8.3717,2.2254,8.5635,0.0778,5.3048,3.2587,1.8657837845165972,33.835,8.2,25.07,7.141,9.75,0.5
2023-03-28,87,3,2023,0.13,telemetry,25.4,12.0,telemetry,Sangrur,1,4.751,1.005,0.0,4.775,8.8945,0.0,8.8945,2.3644,9.0863,0.0375,5.3388,3.7475,1.8744524359554342,33.844,8.0,25.05,7.008,9.87,0.531
2023-03-29,88,3,2023,0.13,telemetry,26.2,13.1,telemetry,Sangrur,1,4.846,0.984,0.0,4.769,8.8844,0.0,8.8844,2.3617,9.0762,0.0375,5.3728,3.7034,1.883019097189197,33.852,7.86,25.11,6.853,9.99,0.53
2023-03-30,89,3,2023,0.07,telemetry,26.5,11.5,telemetry,Sangrur,1,5.123,0.963,0.0,4.935,9.3168,0.0,9.3168,2.4766,9.5086,0.0202,5.4067,4.1019,1.8925074257154662,33.862,7.8,25.29,6.732,10.05,0.556
2023-03-31,90,3,2023,0.13,telemetry,18.2,8.8,telemetry,Sangrur,1,3.467,0.943,0.0,3.268,6.0102,0.0,6.0102,1.5976,6.202,0.0375,5.4411,0.7609,1.894267457049754,33.863,1.26,25.11,6.618,8.7,0.359
2023-04-01,91,4,2023,6.0,telemetry,22.5,9.6,telemetry,Sangrur,1,4.415,0.922,0.0,4.07,0.0,0.0,0.0,0.0,0.1918,1.7292,5.4714,-5.2796,1.8820549154400137,33.851,6.93,25.04,6.618,14.2,0.0
2023-04-02,92,4,2023,0.27,telemetry,24.9,9.9,telemetry,Sangrur,1,4.976,0.901,0.0,4.484,8.0712,0.0,8.0712,2.1455,8.263,0.0778,5.4924,2.7706,1.8884637693328308,33.858,7.0,25.07,6.652,14.45,0.482
2023-04-03,93,4,2023,0.07,telemetry,21.3,12.7,telemetry,Sangrur,1,3.743,0.88,0.0,3.296,6.1775,0.0,6.1775,1.6421,6.3693,0.0202,5.5132,0.8561,1.8904440511751317,33.86,6.8,24.93,6.895,14.51,0.369
2023-04-04,94,4,2023,0.07,telemetry,24.2,11.4,telemetry,Sangrur,1,4.694,0.86,0.0,4.036,7.5951,0.0,7.5951,2.019,7.7869,0.0202,5.5311,2.2558,1.89566202919196,33.865,6.74,24.93,6.958,14.57,0.453
2023-04-05,95,4,2023,0.13,telemetry,29.0,13.3,telemetry,Sangrur,1,5.716,0.839,0.0,4.796,8.9348,0.0,8.9348,2.3751,9.1266,0.0375,5.5483,3.5783,1.9039392667118815,33.873,6.74,25.05,6.983,14.69,0.533
2023-04-06,96,4,2023,0.0,telemetry,28.1,9.9,telemetry,Sangrur,1,5.842,0.818,0.0,4.78,9.154,0.0,9.154,2.4333,9.3458,0.0,5.5665,3.7793,1.912681272399165,33.882,6.67,25.14,6.951,14.69,0.546
2023-04-07,97,4,2023,0.0,telemetry,31.5,13.8,telemetry,Sangrur,1,6.362,0.798,0.0,5.074,9.7162,0.0,9.7162,2.5828,9.908,0.0,5.5861,4.3219,1.9226786274272405,33.892,6.54,25.31,7.645,14.69,0.58
2023-04-08,98,4,2023,0.0,telemetry,30.8,8.0,telemetry,Sangrur,1,6.67,0.777,0.0,5.182,9.9228,0.0,9.9228,2.6377,10.1146,0.0,5.6074,4.5072,1.9331045041488224,33.902,0.54,25.46,7.79,14.69,0.592
2023-04-09,99,4,2023,0.0,telemetry,33.0,12.3,telemetry,Sangrur,1,6.942,0.756,0.0,5.249,10.0511,0.0,10.0511,2.6718,10.2429,0.0,5.6307,4.6122,1.9437733297227902,33.913,0.27,25.66,7.936,14.69,0.6
2023-04-10,100,4,2023,0.0,telemetry,29.6,5.4,telemetry,Sangrur,1,6.579,0.735,0.0,4.838,9.2644,0.0,9.2644,2.4627,9.4562,0.0,5.6558,3.8004,1.952564197695356,33.922,0.2,25.7,7.999,14.69,0.553
2023-04-11,101,4,2023,0.0,telemetry,35.3,10.4,telemetry,Sangrur,1,7.718,0.715,0.0,5.515,10.5619,0.0,10.5619,2.8076,10.7537,0.0,5.6816,5.0721,1.9642968065718438,33.933,0.13,25.9,8.119,14.69,0.63
2023-04-12,102,4,2023,0.0,telemetry,34.4,16.7,telemetry,Sangrur,1,6.968,0.694,0.0,4.835,9.2598,0.0,9.2598,2.4615,9.4516,0.0,5.7096,3.742,1.972952623827713,33.942,0.0,26.08,8.145,14.69,0.553
2023-04-13,103,4,2023,0.0,telemetry,33.8,14.6,telemetry,Sangrur,1,7.061,0.673,0.0,4.753,9.1021,0.0,9.1021,2.4195,9.2939,0.0,5.7379,3.556,1.9811782766326334,33.95,0.0,26.26,8.13,14.69,0.543
2023-04-14,104,4,2023,0.0,telemetry,36.9,17.6,telemetry,Sangrur,1,7.624,0.652,0.0,4.974,9.5255,0.0,9.5255,2.5321,9.7173,0.0,5.7661,3.9512,1.990318071960844,33.959,0.0,26.51,8.381,14.69,0.569
2023-04-15,105,4,2023,0.07,telemetry,39.8,18.0,telemetry,Sangrur,1,8.433,0.632,0.0,5.327,10.0674,0.0,10.0674,2.6761,10.2592,0.0202,5.7948,4.4644,2.000645036260473,33.97,0.07,26.88,9.1,14.76,0.601
2023-04-16,106,4,2023,0.0,telemetry,39.1,19.8,telemetry,Sangrur,1,8.059,0.611,0.0,4.924,9.4295,0.0,9.4295,2.5066,9.6213,0.0,5.8246,3.7967,2.00942746038054,33.978,0.07,27.41,9.197,14.63,0.563
2023-04-17,107,4,2023,0.0,telemetry,37.6,17.2,telemetry,Sangrur,1,7.957,0.59,0.0,4.696,8.9934,0.0,8.9934,2.3907,9.1852,0.0,5.8545,3.3307,2.0171319514759896,33.986,0.07,28.03,9.398,-11.5,0.537
2023-04-18,108,4,2023,0.0,telemetry,35.9,21.9,telemetry,Sangrur,1,6.836,0.57,0.0,3.893,7.4549,0.0,7.4549,1.9817,7.6467,0.0,5.8838,1.7629,2.02120983137589,33.99,0.07,28.33,9.388,-12.43,0.445
2023-04-19,109,4,2023,1.47,telemetry,30.6,16.2,telemetry,Sangrur,1,6.138,0.549,0.0,3.369,3.6689,0.0,3.6689,0.9753,3.8607,0.4237,5.9104,-2.0497,2.016468513811897,33.986,1.54,28.62,9.012,-14.68,0.219
2023-04-20,110,4,2023,0.47,telemetry,31.9,16.5,telemetry,Sangrur,1,6.494,0.528,0.0,3.429,5.6704,0.0,5.6704,1.5073,5.8622,0.1355,5.93,-0.0678,2.016311597045755,33.985,2.01,28.94,8.763,-14.58,0.338
2023-04-21,111,4,2023,1.93,telemetry,32.6,13.3,telemetry,Sangrur,1,7.079,0.507,0.0,3.591,3.238,0.0,3.238,0.8607,3.4298,0.5562,5.9455,-2.5157,2.0104924385921765,33.98,3.94,29.24,8.301,-12.66,0.193
2023-04-22,112,4,2023,0.0,telemetry,31.2,14.4,telemetry,Sangrur,1,6.602,0.487,0.0,3.213,6.1521,0.0,6.1521,1.6354,6.3439,0.0,5.9544,0.3895,2.0113933538976125,33.98,3.87,29.43,8.031,-12.78,0.367
2023-04-23,113,4,2023,0.0,telemetry,29.0,13.5,telemetry,Sangrur,1,6.12,0.466,0.0,2.851,5.4597,0.0,5.4597,1.4513,5.6515,0.0,5.9605,-0.309,2.010678612308611,33.98,3.87,29.67,7.703,-19.45,0.326
2023-04-24,114,4,2023,0.0,telemetry,33.4,13.7,telemetry,Sangrur,1,7.33,0.445,0.0,3.263,6.2479,0.0,6.2479,1.6608,6.4397,0.0,5.9629,0.4768,2.0117814237808394,33.981,3.87,30.0,7.488,-19.78,0.373
2023-04-25,115,4,2023,0.0,telemetry,33.8,16.2,telemetry,Sangrur,1,7.194,0.424,0.0,3.053,5.8464,0.0,5.8464,1.5541,6.0382,0.0,5.9632,0.075,2.0119550042457477,33.981,3.87,30.35,7.151,-19.87,0.349
2023-04-26,116,4,2023,0.0,telemetry,35.9,19.1,telemetry,Sangrur,1,7.462,0.404,0.0,3.012,5.7682,0.0,5.7682,1.5333,5.96,0.0,5.9608,-0.0008,2.011953229507832,33.981,2.4,30.75,6.902,-20.14,0.344
2023-04-27,117,4,2023,0.07,telemetry,33.7,20.5,telemetry,Sangrur,1,6.576,0.383,0.0,2.518,4.6881,0.0,4.6881,1.2462,4.8799,0.0202,5.9559,-1.076,2.0094643230436526,33.979,2.0,31.02,6.586,-20.21,0.28
2023-04-28,118,4,2023,0.0,telemetry,33.4,19.1,telemetry,Sangrur,1,6.735,0.362,0.0,2.439,4.6712,0.0,4.6712,1.2417,4.863,0.0,5.9473,-1.0843,2.0069562594033425,33.976,0.07,31.26,6.24,-20.34,0.279
2023-04-29,119,4,2023,0.0,telemetry,28.4,18.8,telemetry,Sangrur,1,5.201,0.341,0.0,1.776,3.401,0.0,3.401,0.9041,3.5928,0.0,5.9352,-2.3424,2.0015379639088993,33.971,0.07,31.33,5.764,-20.41,0.203
2023-04-30,120,4,2023,0.0,telemetry,28.0,17.6,telemetry,Sangrur,1,5.324,0.321,0.0,1.707,3.2698,0.0,3.2698,0.8692,3.4616,0.0,5.9182,-2.4566,1.995855438167907,33.965,0.07,31.65,5.324,-20.54,0.195
2023-05-01,121,5,2023,0.07,telemetry,27.3,16.9,telemetry,Sangrur,0,5.246,0.0,0.0,0.0,0.0,0.0,0.0,0.0,0.1918,0.0202,5.8966,-5.7048,1.9826593232939447,33.952,0.14,31.81,4.681,-26.48,0.0
2023-05-02,122,5,2023,0.73,telemetry,26.9,15.1,telemetry,Sangrur,0,5.449,0.0,0.0,0.0,0.0,0.0,0.0,0.0,0.1918,0.2104,5.8663,-5.6745,1.9695331901332522,33.939,0.87,31.88,4.149,-26.08,0.0
2023-05-03,123,5,2023,0.67,telemetry,28.0,16.2,telemetry,Sangrur,0,5.618,0.0,0.0,0.0,0.0,0.0,0.0,0.0,0.1918,0.1931,5.8285,-5.6367,1.9564945209769835,33.926,1.54,32.1,3.887,-25.53,0.0
2023-05-04,124,5,2023,0.0,telemetry,31.5,15.8,telemetry,Sangrur,0,6.749,0.0,0.0,0.0,0.0,0.0,0.0,0.0,0.1918,0.0,5.7838,-5.592,1.9435592345918022,33.913,1.47,32.35,3.482,-24.8,0.0
2023-05-05,125,5,2023,0.0,telemetry,31.9,17.2,telemetry,Sangrur,0,6.688,0.0,0.0,0.0,0.0,0.0,0.0,0.0,0.1918,0.0,5.7326,-5.5408,1.9307424621545608,33.9,1.47,32.44,3.25,-24.9,0.0
2023-05-06,126,5,2023,0.13,telemetry,34.8,19.8,telemetry,Sangrur,0,7.212,0.0,0.0,0.0,0.0,0.0,0.0,0.0,0.1918,0.0375,5.6755,-5.4837,1.9180578624111821,33.887,1.6,32.67,2.811,-24.79,0.0
2023-05-07,127,5,2023,0.0,telemetry,35.5,19.1,telemetry,Sangrur,0,7.559,0.0,0.0,0.0,0.0,0.0,0.0,0.0,0.1918,0.0,5.6131,-5.4213,1.905517576731276,33.875,1.6,32.8,2.421,-24.79,0.0
2023-05-08,128,5,2023,0.13,telemetry,34.4,15.6,telemetry,Sangrur,0,7.698,0.0,0.0,0.0,0.0,0.0,0.0,0.0,0.1918,0.0375,5.5459,-5.3541,1.893132617714373,33.862,1.66,32.92,1.975,-24.67,0.0
2023-05-09,129,5,2023,0.2,telemetry,34.4,16.5,telemetry,Sangrur,0,7.607,0.0,0.0,0.0,0.0,0.0,0.0,0.0,0.1918,0.0576,5.4746,-5.2828,1.8809126598755785,33.85,1.13,32.97,1.557,-24.48,0.0
2023-05-10,130,5,2023,0.13,telemetry,35.2,16.5,telemetry,Sangrur,0,7.863,0.0,0.0,0.0,0.0,0.0,0.0,0.0,0.1918,0.0375,5.3996,-5.2078,1.8688661974085248,33.838,0.59,33.15,1.145,-24.36,0.0
2023-05-11,131,5,2023,0.0,telemetry,38.7,18.3,telemetry,Sangrur,0,8.729,0.0,0.0,0.0,0.0,0.0,0.0,0.0,0.1918,0.0,5.3213,-5.1295,1.857000780241223,33.826,0.59,33.27,0.81,-24.36,0.0
2023-05-12,132,5,2023,0.0,telemetry,40.5,18.7,telemetry,Sangrur,0,9.257,0.0,0.0,0.0,0.0,0.0,0.0,0.0,0.1918,0.0,5.2401,-5.0483,1.8453231469126405,33.814,0.59,33.47,0.476,-24.36,0.0
2023-05-13,133,5,2023,0.0,telemetry,40.9,23.0,telemetry,Sangrur,0,8.821,0.0,0.0,0.0,0.0,0.0,0.0,0.0,0.1918,0.0,5.1564,-4.9646,1.833839139969506,33.803,0.46,33.71,0.234,-24.36,0.0
2023-05-14,134,5,2023,0.0,telemetry,38.0,25.1,telemetry,Sangrur,0,7.442,0.0,0.0,0.0,0.0,0.0,0.0,0.0,0.1918,0.0,5.0706,-4.8788,1.822553770257007,33.792,0.46,33.74,0.0,-24.36,0.0
2023-05-15,135,5,2023,0.0,telemetry,40.1,22.3,telemetry,Sangrur,0,8.695,0.0,1.05,0.0,0.0,14.5269,14.5269,3.8616,14.7187,0.0,4.9829,9.7358,1.845074303541572,33.814,0.33,33.75,0.0,-24.43,0.867
2023-05-16,136,5,2023,0.0,telemetry,38.0,23.0,telemetry,Sangrur,0,7.882,0.0,1.05,0.0,0.0,13.1679,13.1679,3.5003,13.3597,0.0,4.9135,8.4462,1.8646117286985415,33.834,0.13,33.72,0.0,-24.43,0.786
2023-05-17,137,5,2023,0.0,telemetry,38.1,21.0,telemetry,Sangrur,0,8.264,0.0,1.05,0.0,0.0,13.8061,13.8061,3.67,13.9979,0.0,4.8592,9.1387,1.8857510559924044,33.855,0.0,33.73,0.0,-24.43,0.824
2023-05-18,138,5,2023,1.67,telemetry,31.0,16.7,telemetry,Sangrur,0,6.658,0.0,1.05,0.0,0.0,8.5018,8.5018,2.26,8.6936,0.4813,4.8196,3.874,1.8947121938146418,33.864,1.67,33.57,0.0,-22.9,0.507
2023-05-19,139,5,2023,0.0,telemetry,33.8,19.2,telemetry,Sangrur,0,7.167,0.0,1.05,0.0,0.0,11.9733,11.9733,3.1828,12.1651,0.0,4.7872,7.3779,1.911778451930054,33.881,1.67,33.68,0.0,-24.37,0.715
2023-05-20,140,5,2023,0.0,telemetry,38.4,19.9,telemetry,Sangrur,0,8.563,0.0,1.05,0.0,0.0,14.3057,14.3057,3.8028,14.4975,0.0,4.7653,9.7322,1.9342904877186002,33.903,1.67,33.89,0.0,-24.84,0.854
2023-05-21,141,5,2023,0.0,telemetry,41.5,21.2,telemetry,Sangrur,0,9.404,0.0,1.05,0.0,0.0,15.7104,15.7104,4.1762,15.9022,0.0,4.7564,11.1458,1.9600725531361622,33.929,1.67,34.19,0.0,-26.77,0.938
2023-05-22,142,5,2023,0.0,telemetry,41.5,23.3,telemetry,Sangrur,0,9.107,0.0,1.05,0.0,0.0,15.2145,15.2145,4.0444,15.4063,0.0,4.7612,10.6451,1.9846964610697084,33.954,1.67,34.53,0.0,-26.77,0.908
2023-05-23,143,5,2023,0.8,telemetry,40.7,25.7,telemetry,Sangrur,0,8.411,0.0,1.05,0.0,0.0,12.7865,12.7865,3.3989,12.9783,0.2306,4.7778,8.2005,2.0036654243380028,33.973,2.47,34.92,0.0,-25.18,0.763
2023-05-24,144,5,2023,22.33,telemetry,34.0,19.5,telemetry,Sangrur,0,7.233,0.0,1.05,0.0,0.0,0.0,0.0,0.0,0.1918,6.4356,4.8025,-4.6107,1.9930002380570642,33.962,24.8,34.94,0.0,-4.69,0.0
2023-05-25,145,5,2023,2.27,telemetry,29.4,18.5,telemetry,Sangrur,0,5.884,0.0,1.05,0.0,0.0,6.2838,6.2838,1.6704,6.4756,0.6542,4.8271,1.6485,1.9968135161766436,33.966,25.4,34.8,0.0,-2.61,0.375
2023-05-26,146,5,2023,0.2,telemetry,29.5,17.8,telemetry,Sangrur,0,6.059,0.0,1.05,0.0,0.0,9.8053,9.8053,2.6065,9.9971,0.0576,4.8509,5.1462,2.0087174608501224,33.978,25.6,34.58,0.0,-2.42,0.585
2023-05-27,147,5,2023,2.67,telemetry,28.8,17.8,telemetry,Sangrur,0,5.832,0.0,1.05,0.0,0.0,5.586,5.586,1.4849,5.7778,0.7695,4.8778,0.9,2.010799279351791,33.98,28.27,34.42,0.0,-0.05,0.333
2023-05-28,148,5,2023,0.0,telemetry,32.4,19.2,telemetry,Sangrur,0,6.785,0.0,1.05,0.0,0.0,11.3347,11.3347,3.013,11.5265,0.0,4.9029,6.6236,2.026120789883137,33.995,28.27,34.39,0.0,0.67,0.677
2023-05-29,149,5,2023,3.87,telemetry,28.8,16.7,telemetry,Sangrur,0,6.047,0.0,1.05,0.0,0.0,4.1363,4.1363,1.0995,4.3281,1.1154,4.9328,-0.6047,2.024722026278545,33.994,32.14,34.4,0.0,4.22,0.247
2023-05-30,150,5,2023,1.87,telemetry,28.1,17.1,telemetry,Sangrur,0,5.75,0.0,1.05,0.0,0.0,6.6757,6.6757,1.7746,6.8675,0.5389,4.9591,1.9084,2.0291363862410554,33.998,33.21,34.4,0.0,5.93,0.398
2023-05-31,151,5,2023,5.87,telemetry,22.4,17.1,telemetry,Sangrur,0,3.713,0.0,1.05,0.0,0.0,0.0,0.0,0.0,0.1918,1.6918,4.9847,-4.7929,2.0180497261021224,33.987,16.75,34.24,0.0,11.24,0.0
2023-06-01,152,6,2023,0.13,telemetry,25.3,15.3,telemetry,Sangrur,0,5.18,0.0,1.052,0.0,0.0,8.4616,8.4616,2.2493,8.6534,0.103,5.0022,3.6512,2.026495503651552,33.996,14.61,34.19,0.0,10.63,0.505
2023-06-02,153,6,2023,1.33,telemetry,27.4,16.3,telemetry,Sangrur,0,5.684,0.0,1.055,0.0,0.0,7.451,7.451,1.9806,7.6428,1.0541,5.0214,2.6214,2.0325592380292883,34.002,15.74,34.17,0.0,11.18,0.445
2023-06-03,154,6,2023,0.0,telemetry,31.3,17.8,telemetry,Sangrur,0,6.7,0.0,1.059,0.0,0.0,11.2901,11.2901,3.0012,11.4819,0.0,5.0422,6.4397,2.047455253977506,34.017,13.07,34.16,0.0,11.18,0.674
2023-06-04,155,6,2023,0.0,telemetry,33.1,20.6,telemetry,Sangrur,0,6.802,0.0,1.063,0.0,0.0,11.5014,11.5014,3.0573,11.6932,0.0,5.068,6.6252,2.0627803190725826,34.032,13.07,34.2,0.0,11.18,0.686
2023-06-05,156,6,2023,0.0,telemetry,35.2,19.9,telemetry,Sangrur,0,7.648,0.0,1.066,0.0,0.0,12.9767,12.9767,3.4495,13.1685,0.0,5.0987,8.0698,2.0814471502967007,34.051,9.2,34.21,0.0,11.05,0.775
2023-06-06,157,6,2023,0.2,telemetry,34.5,20.3,telemetry,Sangrur,0,7.348,0.0,1.07,0.0,0.0,12.1926,12.1926,3.2411,12.3844,0.1585,5.1356,7.2488,2.0982147070892965,34.067,7.53,34.18,0.0,11.24,0.728
2023-06-07,158,6,2023,0.07,telemetry,32.1,18.5,telemetry,Sangrur,0,6.861,0.0,1.074,0.0,0.0,11.6092,11.6092,3.086,11.801,0.0555,5.1775,6.6235,2.113535839212728,34.083,1.73,34.1,0.0,11.17,0.693
2023-06-08,159,6,2023,0.13,telemetry,35.3,19.9,telemetry,Sangrur,0,7.695,0.0,1.077,0.0,0.0,12.9823,12.9823,3.451,13.1741,0.103,5.2229,7.9512,2.1319282264434913,34.101,1.73,34.13,0.0,11.09,0.775
2023-06-09,160,6,2023,0.0,telemetry,37.8,22.4,telemetry,Sangrur,0,8.122,0.0,1.081,0.0,0.0,13.9686,13.9686,3.7132,14.1604,0.0,5.2733,8.8871,2.152485486271606,34.122,0.4,34.22,0.0,10.96,0.834
2023-06-10,161,6,2023,0.67,telemetry,38.4,21.0,telemetry,Sangrur,0,8.565,0.0,1.085,0.0,0.0,13.7194,13.7194,3.6469,13.9112,0.531,5.3294,8.5818,2.172336541584188,34.141,1.07,34.21,0.0,11.57,0.819
2023-06-11,162,6,2023,0.0,telemetry,33.1,20.3,telemetry,Sangrur,0,6.885,0.0,1.088,0.0,0.0,11.92,11.92,3.1686,12.1118,0.0,5.3911,6.7207,2.187882487685793,34.157,1.07,33.96,0.0,11.57,0.711
2023-06-12,163,6,2023,0.0,telemetry,36.7,22.1,telemetry,Sangrur,0,7.801,0.0,1.092,0.0,0.0,13.5526,13.5526,3.6026,13.7444,0.0,5.4546,8.2898,2.207058096801384,34.176,1.07,33.82,0.0,11.57,0.809
2023-06-13,164,6,2023,0.33,telemetry,38.5,24.6,telemetry,Sangrur,0,7.961,0.0,1.095,0.0,0.0,13.3523,13.3523,3.5493,13.5441,0.2615,5.5218,8.0223,2.22561505651123,34.195,1.2,33.84,0.0,11.88,0.797
2023-06-14,165,6,2023,0.0,telemetry,37.0,22.8,telemetry,Sangrur,0,7.779,0.0,1.099,0.0,0.0,13.6041,13.6041,3.6163,13.7959,0.0,5.5923,8.2036,2.244591277290067,34.214,1.13,33.74,0.0,11.88,0.812
2023-06-15,166,6,2023,3.07,telemetry,32.1,21.0,telemetry,Sangrur,0,6.396,0.0,1.103,0.0,0.0,6.4575,6.4575,1.7166,6.6493,2.4332,5.6658,0.9835,2.246866382298615,34.216,4.07,33.54,0.0,14.69,0.385
2023-06-16,167,6,2023,0.0,telemetry,34.9,22.4,telemetry,Sangrur,0,7.11,0.0,1.106,0.0,0.0,12.5157,12.5157,3.327,12.7075,0.0,5.736,6.9715,2.2629926493041865,34.232,4.07,33.43,0.0,15.05,0.747
2023-06-17,168,6,2023,0.0,telemetry,36.3,23.9,telemetry,Sangrur,0,7.303,0.0,1.11,0.0,0.0,12.8982,12.8982,3.4286,13.09,0.0,5.8074,7.2826,2.2798384173369404,34.249,3.4,33.61,0.0,14.22,0.77
2023-06-18,169,6,2023,0.0,telemetry,32.0,25.6,telemetry,Sangrur,0,5.105,0.0,1.114,0.0,0.0,9.0449,9.0449,2.4043,9.2367,0.0,5.8804,3.3563,2.2876021020618893,34.257,3.4,33.55,0.0,14.54,0.54
2023-06-19,170,6,2023,1.73,telemetry,37.0,23.8,telemetry,Sangrur,0,7.583,0.0,1.117,0.0,0.0,10.7651,10.7651,2.8616,10.9569,1.3711,5.9493,5.0076,2.2991853978585346,34.268,5.13,33.5,0.0,16.14,0.643
2023-06-20,171,6,2023,0.0,telemetry,38.1,24.9,telemetry,Sangrur,0,7.755,0.0,1.121,0.0,0.0,13.8316,13.8316,3.6768,14.0234,0.0,6.0191,8.0043,2.31770066751044,34.287,4.8,33.39,0.0,16.15,0.826
2023-06-21,172,6,2023,0.0,telemetry,37.8,27.0,telemetry,Sangrur,0,7.142,0.0,1.125,0.0,0.0,12.7798,12.7798,3.3972,12.9716,0.0,6.0914,6.8802,2.33361570200509,34.303,4.8,33.27,0.0,16.19,0.763
2023-06-22,173,6,2023,0.0,telemetry,36.7,27.0,telemetry,Sangrur,0,6.694,0.0,1.128,0.0,0.0,12.016,12.016,3.1941,12.2078,0.0,6.1645,6.0433,2.347594917787569,34.317,1.73,33.13,0.0,15.39,0.717
2023-06-23,174,6,2023,0.0,telemetry,37.0,28.1,telemetry,Sangrur,0,6.501,0.0,1.132,0.0,0.0,11.7077,11.7077,3.1122,11.8995,0.0,6.237,5.6625,2.3606930829105677,34.33,1.73,33.23,0.0,-6.94,0.699
2023-06-24,175,6,2023,0.0,telemetry,37.0,27.8,telemetry,Sangrur,0,6.589,0.0,1.135,0.0,0.0,11.9035,11.9035,3.1642,12.0953,0.0,6.3086,5.7867,2.374078596161239,34.343,1.73,33.49,0.0,-9.21,0.71
2023-06-25,176,6,2023,0.0,telemetry,33.1,22.4,telemetry,Sangrur,0,6.446,0.0,1.139,0.0,0.0,11.6824,11.6824,3.1054,11.8742,0.0,6.3794,5.4948,2.386788947984085,34.356,1.73,33.61,0.0,-9.41,0.697
2023-06-26,177,6,2023,0.0,telemetry,29.6,22.1,telemetry,Sangrur,0,5.17,0.0,1.143,0.0,0.0,9.3998,9.3998,2.4987,9.5916,0.0,6.449,3.1426,2.394058274224256,34.363,0.0,33.63,0.0,-12.08,0.561
2023-06-27,178,6,2023,0.0,telemetry,32.8,24.6,telemetry,Sangrur,0,5.757,0.0,1.146,0.0,0.0,10.5,10.5,2.7911,10.6918,0.0,6.5143,4.1775,2.4037215459692627,34.373,0.0,33.65,0.0,-12.08,0.627
2023-06-28,179,6,2023,1.07,telemetry,31.7,23.8,telemetry,Sangrur,0,5.533,0.0,1.15,0.0,0.0,8.4357,8.4357,2.2424,8.6275,0.848,6.577,2.0505,2.4084647724687938,34.378,1.07,33.74,0.0,-14.97,0.503
2023-06-29,180,6,2023,0.13,telemetry,33.8,24.9,telemetry,Sangrur,0,6.076,0.0,1.154,0.0,0.0,10.9463,10.9463,2.9098,11.1381,0.103,6.6357,4.5024,2.418879482513361,34.388,1.2,33.93,0.0,-16.72,0.653
2023-06-30,181,6,2023,0.0,telemetry,33.5,24.9,telemetry,Sangrur,0,5.951,0.0,1.157,0.0,0.0,10.9575,10.9575,2.9128,11.1493,0.0,6.693,4.4563,2.429187583844918,34.398,1.2,34.3,0.0,-22.09,0.654
2023-07-01,182,7,2023,5.13,telemetry,33.8,23.1,telemetry,Sangrur,0,6.528,0.0,1.161,0.0,0.0,4.2313,4.2313,1.1248,4.4231,4.0659,6.7487,-2.3256,2.423808144872747,34.393,6.33,34.59,0.0,-17.22,0.253
2023-07-02,183,7,2023,0.0,telemetry,34.5,23.8,telemetry,Sangrur,0,6.623,0.0,1.165,0.0,0.0,12.2724,12.2724,3.2623,12.4642,0.0,6.8003,5.6639,2.436909680153515,34.406,6.33,34.82,0.0,-18.55,0.732
2023-07-03,184,7,2023,0.0,telemetry,37.0,27.0,telemetry,Sangrur,0,6.787,0.0,1.168,0.0,0.0,12.6158,12.6158,3.3536,12.8076,0.0,6.8525,5.9551,2.450684853462424,34.42,6.33,35.01,0.0,-18.54,0.753
2023-07-04,185,7,2023,0.0,telemetry,35.3,25.6,telemetry,Sangrur,0,6.472,0.0,1.172,0.0,0.0,12.0678,12.0678,3.2079,12.2596,0.0,6.9055,5.3541,2.463069656692492,34.432,6.33,35.09,0.0,-18.54,0.72
2023-07-05,186,7,2023,23.0,telemetry,27.8,22.1,telemetry,Sangrur,0,4.393,0.0,1.175,0.0,0.0,0.0,0.0,0.0,0.1918,18.229,6.9586,-6.7668,2.447417062340795,34.416,28.26,34.84,0.0,2.54,0.0
2023-07-06,187,7,2023,1.6,telemetry,29.5,23.1,telemetry,Sangrur,0,4.798,0.0,1.179,0.0,0.0,6.4883,6.4883,1.7247,6.6801,1.2681,7.0251,-0.345,2.4466190677887694,34.416,29.73,34.67,0.0,4.37,0.387
2023-07-07,188,7,2023,0.0,telemetry,31.7,23.1,telemetry,Sangrur,0,5.696,0.0,1.183,0.0,0.0,10.7191,10.7191,2.8494,10.9109,0.0,7.0853,3.8256,2.4554683711838368,34.425,29.73,34.66,0.0,4.3,0.64
2023-07-08,189,7,2023,11.53,telemetry,27.4,22.8,telemetry,Sangrur,0,3.95,0.0,1.186,0.0,0.0,0.0,0.0,0.0,0.1918,9.1383,7.1432,-6.9514,2.439388600042632,34.408,36.13,34.4,0.0,14.74,0.0
2023-07-09,190,7,2023,23.53,telemetry,27.4,23.1,telemetry,Sangrur,0,3.829,0.0,1.19,0.0,0.0,0.0,0.0,0.0,0.1918,18.6491,7.1995,-7.0077,2.423178684116172,34.392,59.66,34.05,0.0,37.16,0.0
2023-07-10,191,7,2023,3.2,telemetry,27.1,22.4,telemetry,Sangrur,0,3.953,0.0,1.194,0.0,0.0,2.5468,2.5468,0.677,2.7386,2.5362,7.2701,-4.5315,2.4126966249470354,34.382,62.86,33.67,0.0,39.42,0.152
2023-07-11,192,7,2023,0.0,telemetry,32.1,22.4,telemetry,Sangrur,0,6.007,0.0,1.197,0.0,0.0,11.4431,11.4431,3.0418,11.6349,0.0,7.3311,4.3038,2.4226519586051047,34.392,62.86,33.64,0.0,39.43,0.683
2023-07-12,193,7,2023,0.0,telemetry,32.7,24.9,telemetry,Sangrur,0,5.566,0.0,1.2,0.0,0.0,10.6274,10.6274,2.825,10.8192,0.0,7.3913,3.4279,2.4305813208118483,34.4,39.86,33.51,0.0,39.43,0.634
2023-07-13,194,7,2023,0.0,telemetry,31.7,24.2,telemetry,Sangrur,0,5.353,0.0,1.2,0.0,0.0,10.2197,10.2197,2.7166,10.4115,0.0,7.4493,2.9622,2.4374333003141375,34.406,38.26,33.28,0.0,39.15,0.61
2023-07-14,195,7,2023,0.0,telemetry,31.3,24.9,telemetry,Sangrur,0,4.955,0.0,1.2,0.0,0.0,9.4606,9.4606,2.5148,9.6524,0.0,7.5048,2.1476,2.4424011232226817,34.411,38.26,33.09,0.0,39.15,0.565
2023-07-15,196,7,2023,0.4,telemetry,33.8,24.9,telemetry,Sangrur,0,5.995,0.0,1.2,0.0,0.0,10.812,10.812,2.8741,11.0038,0.317,7.5566,3.4472,2.450375023025994,34.419,27.13,33.15,0.0,36.45,0.645
2023-07-16,197,7,2023,0.07,telemetry,31.3,24.9,telemetry,Sangrur,0,4.943,0.0,1.2,0.0,0.0,9.3261,9.3261,2.4791,9.5179,0.0555,7.6074,1.9105,2.4547943368574323,34.424,3.67,33.03,0.0,36.53,0.557
2023-07-17,198,7,2023,0.0,telemetry,32.4,24.9,telemetry,Sangrur,0,5.408,0.0,1.2,0.0,0.0,10.3252,10.3252,2.7447,10.517,0.0,7.6546,2.8624,2.461415521701528,34.43,0.47,32.9,0.0,37.2,0.616
2023-07-18,199,7,2023,5.27,telemetry,32.1,26.0,telemetry,Sangrur,0,4.912,0.0,1.2,0.0,0.0,1.3476,1.3476,0.3582,1.5394,4.1768,7.6997,-6.1603,2.4471658013159874,34.416,5.74,32.9,0.0,42.06,0.08
2023-07-19,200,7,2023,3.53,telemetry,29.9,24.5,telemetry,Sangrur,0,4.433,0.0,1.2,0.0,0.0,3.0063,3.0063,0.7991,3.1981,2.7978,7.7373,-4.5392,2.436665840015494,34.406,9.27,32.66,0.0,43.56,0.179
2023-07-20,201,7,2023,0.0,telemetry,34.5,26.3,telemetry,Sangrur,0,5.843,0.0,1.2,0.0,0.0,11.1558,11.1558,2.9655,11.3476,0.0,7.7682,3.5794,2.4449456272807684,34.414,9.27,32.54,0.0,44.76,0.666
2023-07-21,202,7,2023,0.0,telemetry,36.0,27.4,telemetry,Sangrur,0,6.136,0.0,1.2,0.0,0.0,11.715,11.715,3.1141,11.9068,0.0,7.7993,4.1075,2.4544469686131274,34.424,9.27,32.48,0.0,50.44,0.699
2023-07-22,203,7,2023,0.2,telemetry,29.0,25.2,telemetry,Sangrur,0,3.694,0.0,1.2,0.0,0.0,6.7348,6.7348,1.7903,6.9266,0.1585,7.8313,-0.9047,2.452354257203427,34.421,9.07,32.23,0.0,51.32,0.402
2023-07-23,204,7,2023,0.0,telemetry,33.8,25.8,telemetry,Sangrur,0,5.672,0.0,1.2,0.0,0.0,10.8306,10.8306,2.879,11.0224,0.0,7.8575,3.1649,2.4596751805997688,34.429,9.0,32.12,0.0,51.33,0.646
2023-07-24,205,7,2023,0.0,telemetry,34.4,26.8,telemetry,Sangrur,0,5.612,0.0,1.2,0.0,0.0,10.7158,10.7158,2.8485,10.9076,0.0,7.8836,3.024,2.4666701455201325,34.436,9.0,32.03,0.0,51.37,0.64
2023-07-25,206,7,2023,13.2,telemetry,33.3,22.6,telemetry,Sangrur,0,6.284,0.0,1.2,0.0,0.0,0.0,0.0,0.0,0.1918,10.4619,7.9094,-7.7176,2.448818108877008,34.418,16.93,32.04,0.0,63.67,0.0
2023-07-26,207,7,2023,0.47,telemetry,29.6,23.6,telemetry,Sangrur,0,4.558,0.0,1.2,0.0,0.0,7.9586,7.9586,2.1156,8.1504,0.3725,7.9374,0.213,2.4493106968436344,34.418,13.87,32.04,0.0,64.1,0.475
2023-07-27,208,7,2023,9.53,telemetry,31.7,25.8,telemetry,Sangrur,0,4.73,0.0,1.2,0.0,0.0,0.0,0.0,0.0,0.1918,7.5532,7.962,-7.7702,2.431336938176041,34.4,23.4,32.0,0.0,72.86,0.0
2023-07-28,209,7,2023,27.13,telemetry,28.0,23.6,telemetry,Sangrur,0,3.819,0.0,1.2,0.0,0.0,0.0,0.0,0.0,0.1918,21.5023,7.9843,-7.7925,2.4133116008173685,34.382,50.53,31.88,0.0,97.01,0.0
2023-07-29,210,7,2023,0.0,telemetry,32.2,24.8,telemetry,Sangrur,0,5.249,0.0,1.2,0.0,0.0,10.0219,10.0219,2.664,10.2137,0.0,8.0278,2.1859,2.418368041741655,34.387,50.33,31.83,0.0,97.0,0.598
2023-07-30,211,7,2023,0.67,telemetry,31.7,24.2,telemetry,Sangrur,0,5.211,0.0,1.2,0.0,0.0,8.889,8.889,2.3629,9.0808,0.531,8.0693,1.0115,2.420707839870084,34.39,51.0,31.77,0.0,98.4,0.531
2023-07-31,212,7,2023,0.0,telemetry,33.3,24.8,telemetry,Sangrur,0,5.669,0.0,1.2,0.0,0.0,10.824,10.824,2.8773,11.0158,0.0,8.1082,2.9076,2.4274334665428365,34.396,51.0,31.75,0.0,93.39,0.646
2023-08-01,213,8,2023,0.0,telemetry,34.4,25.8,telemetry,Sangrur,0,5.818,0.0,1.2,0.0,0.0,11.1076,11.1076,2.9527,11.2994,0.0,8.1465,3.1529,2.434726608979688,34.404,37.8,31.75,0.0,93.43,0.663
2023-08-02,214,8,2023,0.0,telemetry,34.3,25.3,telemetry,Sangrur,0,5.901,0.0,1.2,0.0,0.0,11.2669,11.2669,2.995,11.4587,0.0,8.1844,3.2743,2.442300670230434,34.411,37.33,31.66,0.0,93.44,0.672
2023-08-03,215,8,2023,0.0,telemetry,33.8,25.3,telemetry,Sangrur,0,5.692,0.0,1.2,0.0,0.0,10.8672,10.8672,2.8887,11.059,0.0,8.2219,2.8371,2.448863260655556,34.418,27.8,31.61,0.0,93.44,0.649
2023-08-04,216,8,2023,0.07,telemetry,33.3,25.3,telemetry,Sangrur,0,5.48,0.0,1.2,0.0,0.0,10.3513,10.3513,2.7516,10.5431,0.0555,8.2586,2.2845,2.4541477781721963,34.423,0.74,31.79,0.0,70.51,0.618
2023-08-05,217,8,2023,4.13,telemetry,33.8,25.2,telemetry,Sangrur,0,5.692,0.0,1.2,0.0,0.0,4.5137,4.5137,1.1998,4.7055,3.2733,8.2936,-3.5881,2.4458480126683004,34.415,4.87,31.93,0.0,72.69,0.269
2023-08-06,218,8,2023,0.0,telemetry,33.3,24.7,telemetry,Sangrur,0,5.618,0.0,1.2,0.0,0.0,10.7265,10.7265,2.8513,10.9183,0.0,8.3243,2.594,2.4518483081552223,34.421,4.2,31.99,0.0,72.71,0.64
2023-08-07,219,8,2023,0.0,telemetry,32.2,24.8,telemetry,Sangrur,0,5.143,0.0,1.2,0.0,0.0,9.8189,9.8189,2.6101,10.0107,0.0,8.3542,1.6565,2.4556799714107753,34.425,4.2,32.15,0.0,61.19,0.586
2023-08-08,220,8,2023,0.0,telemetry,32.2,25.3,telemetry,Sangrur,0,4.98,0.0,1.2,0.0,0.0,9.5079,9.5079,2.5274,9.6997,0.0,8.382,1.3177,2.4587279348413746,34.428,4.2,32.31,0.0,37.66,0.567
2023-08-09,221,8,2023,0.0,telemetry,32.8,24.8,telemetry,Sangrur,0,5.353,0.0,1.2,0.0,0.0,10.2215,10.2215,2.7171,10.4133,0.0,8.4074,2.0059,2.4633679932851984,34.432,4.2,32.5,0.0,34.46,0.61
2023-08-10,222,8,2023,0.0,telemetry,32.2,24.8,telemetry,Sangrur,0,5.102,0.0,1.2,0.0,0.0,9.7409,9.7409,2.5894,9.9327,0.0,8.4313,1.5014,2.466841015724947,34.436,4.2,32.5,0.0,34.65,0.581
2023-08-11,223,8,2023,0.0,telemetry,32.8,24.2,telemetry,Sangrur,0,5.485,0.0,1.2,0.0,0.0,10.4717,10.4717,2.7836,10.6635,0.0,8.4532,2.2103,2.4719538892417687,34.441,4.13,32.5,0.0,34.65,0.625
2023-08-12,224,8,2023,0.0,telemetry,33.3,24.2,telemetry,Sangrur,0,5.656,0.0,1.2,0.0,0.0,10.799,10.799,2.8706,10.9908,0.0,8.4741,2.5167,2.477775483399204,34.447,0.0,32.56,0.0,34.65,0.645
2023-08-13,225,8,2023,0.0,telemetry,32.8,24.2,telemetry,Sangrur,0,5.453,0.0,1.2,0.0,0.0,10.4112,10.4112,2.7675,10.603,0.0,8.4945,2.1085,2.4826528824725003,34.452,0.0,32.61,0.0,34.65,0.621
2023-08-14,226,8,2023,0.0,telemetry,30.6,23.6,telemetry,Sangrur,0,4.756,0.0,1.2,0.0,0.0,9.0816,9.0816,2.4141,9.2734,0.0,8.5137,0.7597,2.484410112397674,34.453,0.0,32.5,0.0,34.33,0.542
2023-08-15,227,8,2023,0.0,telemetry,32.8,24.8,telemetry,Sangrur,0,5.261,0.0,1.2,0.0,0.0,10.0453,10.0453,2.6703,10.2371,0.0,8.5301,1.707,2.4883586880621453,34.457,0.0,32.55,0.0,34.28,0.6
2023-08-16,228,8,2023,2.33,telemetry,33.3,23.7,telemetry,Sangrur,0,5.708,0.0,1.2,0.0,0.0,7.2607,7.2607,1.9301,7.4525,1.8467,8.545,-1.0925,2.485831514904474,34.455,2.33,32.58,0.0,36.42,0.433
2023-08-17,229,8,2023,0.0,telemetry,33.3,24.2,telemetry,Sangrur,0,5.57,0.0,1.2,0.0,0.0,10.6343,10.6343,2.8268,10.8261,0.0,8.5578,2.2683,2.491078445199906,34.46,2.33,32.62,0.0,31.15,0.635
2023-08-18,230,8,2023,0.0,telemetry,33.8,24.8,telemetry,Sangrur,0,5.586,0.0,1.2,0.0,0.0,10.6655,10.6655,2.8351,10.8573,0.0,8.5702,2.2871,2.4963689352072156,34.465,2.33,32.75,0.0,27.62,0.637
2023-08-19,231,8,2023,0.13,telemetry,30.0,24.2,telemetry,Sangrur,0,4.261,0.0,1.2,0.0,0.0,7.9281,7.9281,2.1075,8.1199,0.103,8.5821,-0.4622,2.4952997144823272,34.464,2.46,32.6,0.0,27.74,0.473
2023-08-20,232,8,2023,6.87,telemetry,34.4,25.2,telemetry,Sangrur,0,5.669,0.0,1.2,0.0,0.0,0.4939,0.4939,0.1313,0.6857,5.4449,8.5901,-7.9044,2.477015617921137,34.446,9.33,32.55,0.0,34.03,0.029
2023-08-21,233,8,2023,0.0,telemetry,34.4,25.2,telemetry,Sangrur,0,5.649,0.0,1.2,0.0,0.0,10.7861,10.7861,2.8672,10.9779,0.0,8.593,2.3849,2.4825323306083504,34.452,9.33,32.73,0.0,33.83,0.644
2023-08-22,234,8,2023,0.0,telemetry,34.4,26.4,telemetry,Sangrur,0,5.315,0.0,1.2,0.0,0.0,10.1485,10.1485,2.6977,10.3403,0.0,8.5964,1.7439,2.486566189623739,34.456,9.33,32.75,0.0,33.83,0.606
2023-08-23,235,8,2023,0.0,telemetry,31.7,24.7,telemetry,Sangrur,0,4.728,0.0,1.2,0.0,0.0,9.0266,9.0266,2.3995,9.2184,0.0,8.5995,0.6189,2.4879978815891644,34.457,7.0,32.66,0.0,33.83,0.539
2023-08-24,236,8,2023,0.0,telemetry,32.2,24.2,telemetry,Sangrur,0,5.035,0.0,1.2,0.0,0.0,9.6139,9.6139,2.5556,9.8057,0.0,8.6005,1.2052,2.490785599621838,34.46,7.0,32.62,0.0,20.66,0.574
2023-08-25,237,8,2023,0.0,telemetry,33.8,24.8,telemetry,Sangrur,0,5.448,0.0,1.2,0.0,0.0,10.4012,10.4012,2.7649,10.593,0.0,8.6006,1.9924,2.495394380102822,34.464,7.0,32.76,0.0,20.19,0.621
2023-08-26,238,8,2023,0.0,telemetry,32.8,23.2,telemetry,Sangrur,0,5.45,0.0,1.2,0.0,0.0,10.4053,10.4053,2.766,10.5971,0.0,8.6007,1.9964,2.500012370844437,34.469,6.87,32.8,0.0,10.66,0.621
2023-08-27,239,8,2023,0.0,telemetry,32.8,24.2,telemetry,Sangrur,0,5.194,0.0,1.2,0.0,0.0,9.9165,9.9165,2.636,10.1083,0.0,8.6009,1.5074,2.5034993339376,34.473,0.0,32.96,0.0,-16.47,0.592
2023-08-28,240,8,2023,0.0,telemetry,31.2,22.0,telemetry,Sangrur,0,5.131,0.0,1.2,0.0,0.0,9.796,9.796,2.604,9.9878,0.0,8.6003,1.3875,2.5067087721160233,34.476,0.0,32.92,0.0,-16.47,0.585
2023-08-29,241,8,2023,0.2,telemetry,33.3,23.6,telemetry,Sangrur,0,5.465,0.0,1.2,0.0,0.0,10.117,10.117,2.6893,10.3088,0.1585,8.599,1.7098,2.510663850915618,34.48,0.2,32.98,0.0,-16.96,0.604
2023-08-30,242,8,2023,3.4,telemetry,33.8,24.2,telemetry,Sangrur,0,5.479,0.0,1.2,0.0,0.0,5.1976,5.1976,1.3816,5.3894,2.6947,8.5975,-3.2081,2.5032429087571706,34.472,3.6,32.99,0.0,-13.84,0.31
2023-08-31,243,8,2023,0.67,telemetry,34.4,24.2,telemetry,Sangrur,0,5.659,0.0,1.2,0.0,0.0,9.7447,9.7447,2.5904,9.9365,0.531,8.5935,1.343,2.506349572027748,34.475,4.27,32.99,0.0,-13.23,0.582
2023-09-01,244,9,2023,2.0,telemetry,35.4,24.8,telemetry,Sangrur,0,5.841,0.0,1.2,0.0,0.0,8.0219,8.0219,2.1324,8.2137,1.5851,8.5897,-0.376,2.5054799268612924,34.475,6.27,33.03,0.0,-11.4,0.479
2023-09-02,245,9,2023,0.0,telemetry,33.8,24.8,telemetry,Sangrur,0,5.269,0.0,1.2,0.0,0.0,10.0607,10.0607,2.6744,10.2525,0.0,8.5855,1.667,2.509336023315576,34.478,6.27,33.03,0.0,-11.4,0.6
2023-09-03,246,9,2023,0.0,telemetry,33.8,23.6,telemetry,Sangrur,0,5.513,0.0,1.2,0.0,0.0,10.5264,10.5264,2.7982,10.7182,0.0,8.5811,2.1371,2.514279372672776,34.483,6.27,33.05,0.0,-11.47,0.628
2023-09-04,247,9,2023,0.0,telemetry,33.8,23.1,telemetry,Sangrur,0,5.591,0.0,1.2,0.0,0.0,10.6742,10.6742,2.8374,10.866,0.0,8.5773,2.2887,2.5195735422155012,34.489,6.27,33.05,0.0,-15.6,0.637
2023-09-05,248,9,2023,0.0,telemetry,34.3,23.2,telemetry,Sangrur,0,5.704,0.0,1.2,0.0,0.0,10.8914,10.8914,2.8952,11.0832,0.0,8.574,2.5092,2.5253776780681676,34.494,6.07,33.08,0.0,-15.6,0.65
2023-09-06,249,9,2023,0.0,telemetry,34.9,22.6,telemetry,Sangrur,0,5.976,0.0,1.2,0.0,0.0,11.4107,11.4107,3.0332,11.6025,0.0,8.5716,3.0309,2.532388697931712,34.501,2.67,33.17,0.0,-15.6,0.681
2023-09-07,250,9,2023,0.0,telemetry,34.9,23.1,telemetry,Sangrur,0,5.857,0.0,1.2,0.0,0.0,11.1822,11.1822,2.9725,11.374,0.0,8.5706,2.8034,2.538873520278499,34.508,2.0,33.26,0.0,-15.6,0.667
2023-09-08,251,9,2023,0.0,telemetry,34.4,24.2,telemetry,Sangrur,0,5.453,0.0,1.2,0.0,0.0,10.4119,10.4119,2.7677,10.6037,0.0,8.5705,2.0332,2.5435766478087394,34.513,0.0,33.31,0.0,-15.6,0.621
2023-09-09,252,9,2023,0.0,telemetry,32.8,24.2,telemetry,Sangrur,0,4.898,0.0,1.2,0.0,0.0,9.3513,9.3513,2.4858,9.5431,0.0,8.5702,0.9729,2.545827041420291,34.515,0.0,33.33,0.0,-15.58,0.558
2023-09-10,253,9,2023,0.0,telemetry,31.7,22.1,telemetry,Sangrur,0,4.971,0.0,1.2,0.0,0.0,9.4904,9.4904,2.5228,9.6822,0.0,8.5683,1.1139,2.548403662244106,34.517,0.0,33.3,0.0,-15.58,0.566
2023-09-11,254,9,2023,0.0,telemetry,32.2,22.1,telemetry,Sangrur,0,5.101,0.0,1.2,0.0,0.0,9.7386,9.7386,2.5887,9.9304,0.0,8.565,1.3654,2.5515620247400057,34.521,0.0,33.26,0.0,-15.58,0.581
2023-09-12,255,9,2023,0.0,telemetry,33.8,24.8,telemetry,Sangrur,0,5.019,0.0,1.2,0.0,0.0,9.5826,9.5826,2.5473,9.7744,0.0,8.5608,1.2136,2.5543693134682623,34.523,0.0,33.29,0.0,-15.58,0.572
2023-09-13,256,9,2023,0.0,telemetry,34.4,25.8,telemetry,Sangrur,0,4.963,0.0,1.2,0.0,0.0,9.4759,9.4759,2.5189,9.6677,0.0,8.5555,1.1122,2.55694210717032,34.526,0.0,33.42,0.0,-15.58,0.566
2023-09-14,257,9,2023,0.0,telemetry,34.9,26.3,telemetry,Sangrur,0,4.988,0.0,1.2,0.0,0.0,9.5235,9.5235,2.5316,9.7153,0.0,8.5489,1.1664,2.559640078538016,34.529,0.0,33.49,0.0,-15.5,0.568
2023-09-15,258,9,2023,18.47,telemetry,29.0,21.6,telemetry,Sangrur,0,4.098,0.0,1.2,0.0,0.0,0.0,0.0,0.0,0.1918,14.6387,8.5414,-8.3496,2.5403260394844343,34.509,18.47,33.35,0.0,-0.88,0.0
2023-09-16,259,9,2023,18.4,telemetry,32.8,22.6,telemetry,Sangrur,0,5.051,0.0,1.2,0.0,0.0,0.0,0.0,0.0,0.1918,14.5832,8.5442,-8.3524,2.5210056704890156,34.49,36.87,33.33,0.0,15.99,0.0
2023-09-17,260,9,2023,22.33,telemetry,26.9,22.6,telemetry,Sangrur,0,3.05,0.0,1.2,0.0,0.0,0.0,0.0,0.0,0.1918,17.698,8.5567,-8.3649,2.5016564360760403,34.471,59.2,33.1,0.0,36.46,0.0
2023-09-18,261,9,2023,0.07,telemetry,33.0,25.7,generated,Sangrur,0,4.378,0.0,1.2,0.0,0.0,8.2479,8.2479,2.1925,8.4397,0.0555,8.5836,-0.1439,2.5013235051453204,34.47,59.27,33.2,0.0,36.39,0.492
2023-09-19,262,9,2023,22.13,telemetry,32.9,23.4,generated,Sangrur,0,4.839,0.0,1.2,0.0,0.0,0.0,0.0,0.0,0.1918,17.5395,8.6065,-8.4147,2.48185900379834,34.451,81.4,33.15,0.0,49.81,0.0
2023-09-20,263,9,2023,2.67,telemetry,33.9,25.0,generated,Sangrur,0,4.789,0.0,1.2,0.0,0.0,4.9855,4.9855,1.3253,5.1773,2.1162,8.6431,-3.4658,2.4738420909670547,34.443,84.07,33.13,0.0,52.25,0.298
2023-09-21,264,9,2023,0.07,telemetry,31.8,23.7,generated,Sangrur,0,4.378,0.0,1.2,0.0,0.0,8.2477,8.2477,2.1924,8.4395,0.0555,8.674,-0.2345,2.4732995421310005,34.442,84.14,33.05,0.0,53.06,0.492
2023-09-22,265,9,2023,0.53,telemetry,30.5,19.4,generated,Sangrur,0,4.781,0.0,1.2,0.0,0.0,8.2894,8.2894,2.2035,8.4812,0.4201,8.7008,-0.2196,2.4727914904438335,34.442,66.2,33.01,0.0,53.59,0.495
2023-09-23,266,9,2023,13.53,telemetry,32.8,24.5,generated,Sangrur,0,4.465,0.0,1.2,0.0,0.0,0.0,0.0,0.0,0.1918,10.7234,8.7243,-8.5325,2.4530544080769974,34.422,61.33,33.03,0.0,66.52,0.0
2023-09-24,267,9,2023,0.13,telemetry,33.0,24.6,generated,Sangrur,0,4.479,0.0,1.2,0.0,0.0,8.3454,8.3454,2.2184,8.5372,0.103,8.7504,-0.2132,2.4525612587985175,34.422,39.13,33.0,0.0,70.23,0.498
2023-09-25,268,9,2023,0.07,telemetry,32.9,23.8,generated,Sangrur,0,4.588,0.0,1.2,0.0,0.0,8.6496,8.6496,2.2993,8.8414,0.0555,8.7729,0.0685,2.452719693126924,34.422,39.13,33.0,0.0,72.65,0.516
2023-09-26,269,9,2023,0.0,telemetry,29.5,21.7,generated,Sangrur,0,3.97,0.0,1.2,0.0,0.0,7.5801,7.5801,2.015,7.7719,0.0,8.7924,-1.0205,2.450359160089633,34.419,17.0,32.89,0.0,72.66,0.452
2023-09-27,270,9,2023,0.0,telemetry,31.9,23.8,generated,Sangrur,0,4.229,0.0,1.2,0.0,0.0,8.0738,8.0738,2.1462,8.2656,0.0,8.8074,-0.5418,2.449105895431983,34.418,14.33,32.92,0.0,72.66,0.482
2023-09-28,271,9,2023,0.07,telemetry,33.0,21.9,telemetry,Sangrur,0,4.876,0.0,1.2,0.0,0.0,9.1976,9.1976,2.4449,9.3894,0.0555,8.8189,0.5705,2.450425548615576,34.419,14.33,32.91,0.0,72.53,0.549
2023-09-29,272,9,2023,0.0,telemetry,33.3,20.5,telemetry,Sangrur,0,5.139,0.0,1.2,0.0,0.0,9.8114,9.8114,2.6081,10.0032,0.0,8.8287,1.1745,2.4531423173816527,34.422,13.8,32.89,0.0,69.14,0.586
2023-09-30,273,9,2023,0.07,telemetry,33.0,19.8,telemetry,Sangrur,0,5.126,0.0,1.2,0.0,0.0,9.6768,9.6768,2.5723,9.8686,0.0555,8.8376,1.031,2.4555270975199037,34.425,0.34,32.84,0.0,68.54,0.578
2023-10-01,274,10,2023,0.0,telemetry,32.6,13.7,telemetry,Sangrur,0,5.646,0.0,1.2,0.0,0.0,10.78,10.78,2.8656,10.9718,0.0,8.8456,2.1262,2.4604454272563903,34.43,0.21,32.75,0.0,66.54,0.643
2023-10-02,275,10,2023,0.0,telemetry,32.6,10.0,telemetry,Sangrur,0,5.856,0.0,1.2,0.0,0.0,11.1811,11.1811,2.9722,11.3729,0.0,8.8539,2.519,2.4662722722837875,34.435,0.14,32.71,0.0,66.54,0.667
2023-10-03,276,10,2023,0.0,telemetry,32.6,17.2,telemetry,Sangrur,0,5.244,0.0,1.189,0.0,0.0,9.9239,9.9239,2.638,10.1157,0.0,8.8631,1.2526,2.469169763691121,34.438,0.14,32.67,0.0,66.54,0.592
2023-10-04,277,10,2023,0.0,telemetry,33.7,18.7,telemetry,Sangrur,0,5.297,0.0,1.175,0.0,0.0,9.9053,9.9053,2.6331,10.0971,0.0,8.8712,1.2259,2.4720053572952643,34.441,0.14,32.67,0.0,66.54,0.591
2023-10-05,278,10,2023,0.0,telemetry,33.7,17.6,telemetry,Sangrur,0,5.383,0.0,1.161,0.0,0.0,9.944,9.944,2.6433,10.1358,0.0,8.8784,1.2574,2.474914014311005,34.444,0.07,32.65,0.0,66.55,0.594
2023-10-06,279,10,2023,0.07,telemetry,34.1,18.3,telemetry,Sangrur,0,5.363,0.0,1.147,0.0,0.0,9.6755,9.6755,2.572,9.8673,0.0202,8.8845,0.9828,2.4771874035976884,34.446,0.14,32.62,0.0,66.61,0.577
2023-10-07,280,10,2023,0.0,telemetry,34.1,20.1,telemetry,Sangrur,0,5.116,0.0,1.133,0.0,0.0,9.2212,9.2212,2.4512,9.413,0.0,8.8893,0.5237,2.4783987603938007,34.447,0.07,32.59,0.0,66.61,0.55
2023-10-08,281,10,2023,0.0,telemetry,34.4,21.5,telemetry,Sangrur,0,4.969,0.0,1.119,0.0,0.0,8.8449,8.8449,2.3512,9.0367,0.0,8.8922,0.1445,2.478732949395631,34.448,0.07,32.59,0.0,66.62,0.528
2023-10-09,282,10,2023,0.0,telemetry,34.1,23.0,telemetry,Sangrur,0,4.637,0.0,1.105,0.0,0.0,8.15,8.15,2.1665,8.3418,0.0,8.8928,-0.551,2.4774583987716454,34.447,0.07,32.64,0.0,66.62,0.486
2023-10-10,283,10,2023,2.27,telemetry,31.9,18.0,telemetry,Sangrur,0,4.753,0.0,1.09,0.0,0.0,4.6997,4.6997,1.2493,4.8915,0.6542,8.8902,-3.9987,2.46820870863948,34.437,2.34,32.64,0.0,68.73,0.281
2023-10-11,284,10,2023,0.0,telemetry,31.5,16.9,telemetry,Sangrur,0,4.752,0.0,1.076,0.0,0.0,8.1373,8.1373,2.1631,8.3291,0.0,8.8811,-0.552,2.466931875297989,34.436,2.34,32.62,0.0,69.44,0.486
2023-10-12,285,10,2023,0.0,telemetry,31.9,17.2,telemetry,Sangrur,0,4.774,0.0,1.062,0.0,0.0,8.0674,8.0674,2.1445,8.2592,0.0,8.8695,-0.6103,2.465520078202933,34.435,2.34,32.56,0.0,69.44,0.482
2023-10-13,286,10,2023,0.0,telemetry,33.6,18.0,telemetry,Sangrur,0,5.027,0.0,1.048,0.0,0.0,8.382,8.382,2.2281,8.5738,0.0,8.8556,-0.2818,2.464868135756155,34.434,2.27,32.53,0.0,69.44,0.5
2023-10-14,287,10,2023,0.0,telemetry,33.0,19.1,telemetry,Sangrur,0,4.738,0.0,1.034,0.0,0.0,7.794,7.794,2.0718,7.9858,0.0,8.84,-0.8542,2.462892210600023,34.432,2.27,32.47,0.0,69.44,0.465
2023-10-15,288,10,2023,2.27,telemetry,28.3,16.9,telemetry,Sangrur,0,3.925,0.0,1.02,0.0,0.0,2.8218,2.8218,0.7501,3.0136,0.6542,8.822,-5.8084,2.4494565419421965,34.419,4.54,32.44,0.0,53.06,0.168
2023-10-16,289,10,2023,14.0,telemetry,23.3,15.8,telemetry,Sangrur,0,2.922,0.0,1.006,0.0,0.0,0.0,0.0,0.0,0.1918,4.0349,8.796,-8.6042,2.4295537204822795,34.399,18.54,32.13,0.0,47.49,0.0
2023-10-17,290,10,2023,1.07,telemetry,24.0,14.4,telemetry,Sangrur,0,3.251,0.0,0.991,0.0,0.0,3.4407,3.4407,0.9146,3.6325,0.3084,8.7645,-5.132,2.4176826782460275,34.387,17.34,32.03,0.0,26.14,0.205
2023-10-18,291,10,2023,0.0,telemetry,26.5,13.7,telemetry,Sangrur,0,3.818,0.0,0.977,0.0,0.0,5.9362,5.9362,1.578,6.128,0.0,8.7266,-2.5986,2.411671755513196,34.381,17.34,31.81,0.0,26.07,0.354
2023-10-19,292,10,2023,0.0,telemetry,26.9,14.0,telemetry,Sangrur,0,3.84,0.0,0.963,0.0,0.0,5.8843,5.8843,1.5642,6.0761,0.0,8.6858,-2.6097,2.4056351312377564,34.375,17.34,31.61,0.0,3.94,0.351
2023-10-20,293,10,2023,0.0,telemetry,27.6,14.4,telemetry,Sangrur,0,3.911,0.0,0.949,0.0,0.0,5.906,5.906,1.5699,6.0978,0.0,8.6423,-2.5445,2.3997493120449414,34.369,17.34,31.4,0.0,1.27,0.353
2023-10-21,294,10,2023,0.0,telemetry,29.0,14.4,telemetry,Sangrur,0,4.157,0.0,0.935,0.0,0.0,6.1838,6.1838,1.6438,6.3756,0.0,8.5964,-2.2208,2.394612286049816,34.364,17.34,31.31,0.0,1.2,0.369
2023-10-22,295,10,2023,0.0,telemetry,26.9,16.5,telemetry,Sangrur,0,3.483,0.0,0.921,0.0,0.0,5.1027,5.1027,1.3564,5.2945,0.0,8.5487,-3.2542,2.3870848530315274,34.356,15.07,31.19,0.0,0.67,0.305
2023-10-23,296,10,2023,1.93,telemetry,28.3,15.5,telemetry,Sangrur,0,3.855,0.0,0.907,0.0,0.0,2.5379,2.5379,0.6746,2.7297,0.5562,8.4979,-5.7682,2.373742099878044,34.343,3.0,31.04,0.0,-11.09,0.151
2023-10-24,297,10,2023,0.0,telemetry,28.3,15.5,telemetry,Sangrur,0,3.827,0.0,0.892,0.0,0.0,5.4346,5.4346,1.4446,5.6264,0.0,8.4418,-2.8154,2.3672297322058102,34.336,1.93,30.88,0.0,-11.22,0.324
2023-10-25,298,10,2023,0.0,telemetry,29.4,14.7,telemetry,Sangrur,0,4.087,0.0,0.878,0.0,0.0,5.7115,5.7115,1.5182,5.9033,0.0,8.3838,-2.4805,2.361491871002016,34.331,1.93,30.77,0.0,-11.29,0.341
2023-10-26,299,10,2023,1.0,telemetry,30.8,14.4,telemetry,Sangrur,0,4.345,0.0,0.864,0.0,0.0,4.3953,4.3953,1.1684,4.5871,0.2882,8.3247,-3.7376,2.3528461847453945,34.322,2.93,30.81,0.0,-10.37,0.262
2023-10-27,300,10,2023,0.0,telemetry,30.5,13.7,telemetry,Sangrur,0,4.311,0.0,0.85,0.0,0.0,5.8309,5.8309,1.55,6.0227,0.0,8.2632,-2.2405,2.3476634545843766,34.317,2.93,30.76,0.0,-10.37,0.348
2023-10-28,301,10,2023,0.0,telemetry,28.7,14.8,telemetry,Sangrur,0,3.859,0.0,0.0,0.0,0.0,0.0,0.0,0.0,0.1918,0.0,8.2012,-8.0094,2.3291364580681955,34.298,2.93,30.62,0.0,-10.44,0.0
2023-10-29,302,10,2023,0.0,telemetry,29.4,15.8,telemetry,Sangrur,0,3.871,0.0,0.0,0.0,0.0,0.0,0.0,0.0,0.1918,0.0,8.1307,-7.9389,2.3107724852640685,34.28,2.93,30.49,0.0,-10.44,0.0
2023-10-30,303,10,2023,0.0,telemetry,29.4,16.5,telemetry,Sangrur,0,3.775,0.0,0.0,0.0,0.0,0.0,0.0,0.0,0.1918,0.0,8.0526,-7.8608,2.292589180633387,34.262,1.0,30.37,0.0,-10.51,0.0
2023-10-31,304,10,2023,0.0,telemetry,29.4,15.4,telemetry,Sangrur,0,3.852,0.0,0.0,0.0,0.0,0.0,0.0,0.0,0.1918,0.0,7.9676,-7.7758,2.274602461239482,34.244,1.0,30.26,0.0,-10.51,0.0
2023-11-01,305,11,2023,0.07,telemetry,28.3,16.2,telemetry,Sangrur,1,3.542,0.4,0.0,1.417,2.2986,0.0,2.2986,0.611,2.4904,0.0202,7.8765,-5.3861,2.2621436571558973,34.231,1.07,30.12,0.164,-10.44,0.137
2023-11-02,306,11,2023,0.0,telemetry,28.7,15.5,telemetry,Sangrur,1,3.66,0.4,0.0,1.464,2.4981,0.0,2.4981,0.6641,2.6899,0.0,7.7829,-5.093,2.25036266926074,34.219,0.07,29.99,0.343,-10.44,0.149
2023-11-03,307,11,2023,0.0,telemetry,28.0,15.8,telemetry,Sangrur,1,3.476,0.4,0.0,1.39,2.3727,0.0,2.3727,0.6307,2.5645,0.0,7.6876,-5.1231,2.2385120734210298,34.208,0.07,29.8,0.512,-10.44,0.142
2023-11-04,308,11,2023,0.2,telemetry,27.6,16.2,telemetry,Sangrur,1,3.337,0.4,0.0,1.335,1.9368,0.0,1.9368,0.5148,2.1286,0.0576,7.5907,-5.4621,2.2258774770576717,34.195,0.27,29.6,0.65,-10.26,0.116
2023-11-05,309,11,2023,0.0,telemetry,28.7,13.3,telemetry,Sangrur,1,3.764,0.4,0.0,1.506,2.5691,0.0,2.5691,0.6829,2.7609,0.0,7.4918,-4.7309,2.2149341376737053,34.184,0.27,29.42,0.834,-10.33,0.153
2023-11-06,310,11,2023,0.0,telemetry,28.3,12.6,telemetry,Sangrur,1,3.721,0.4,0.0,1.488,2.5396,0.0,2.5396,0.6751,2.7314,0.0,7.3922,-4.6608,2.2041530534571967,34.173,0.27,29.22,1.015,-10.33,0.152
2023-11-07,311,11,2023,0.0,telemetry,28.0,13.0,telemetry,Sangrur,1,3.616,0.4,0.0,1.447,2.4685,0.0,2.4685,0.6562,2.6603,0.0,7.2919,-4.6316,2.1934394292631496,34.162,0.27,29.01,1.192,-10.33,0.147
2023-11-08,312,11,2023,0.0,telemetry,27.6,14.4,telemetry,Sangrur,1,3.414,0.4,0.0,1.365,2.33,0.0,2.33,0.6194,2.5218,0.0,7.1911,-4.6693,2.1826385389689853,34.152,0.2,28.79,1.358,-10.33,0.139
2023-11-09,313,11,2023,0.0,telemetry,26.5,14.8,telemetry,Sangrur,1,3.163,0.4,0.0,1.265,2.1593,0.0,2.1593,0.574,2.3511,0.0,7.0899,-4.7388,2.1716770559119194,34.141,0.2,28.61,1.512,-12.6,0.129
2023-11-10,314,11,2023,5.6,telemetry,19.4,13.0,telemetry,Sangrur,1,2.055,0.4,0.0,0.822,0.0,0.0,0.0,0.0,0.1918,1.614,6.988,-6.7962,2.1559562677176447,34.125,5.8,28.21,1.512,-7.47,0.0
2023-11-11,315,11,2023,0.07,telemetry,23.3,10.1,telemetry,Sangrur,1,2.975,0.4,0.0,1.19,1.9115,0.0,1.9115,0.5081,2.1033,0.0202,6.8856,-4.7823,2.144893999409978,34.114,5.67,27.92,1.649,-7.4,0.114
2023-11-12,316,11,2023,0.07,telemetry,24.8,11.5,telemetry,Sangrur,1,3.092,0.4,0.0,1.237,1.9911,0.0,1.9911,0.5293,2.1829,0.0202,6.7828,-4.5999,2.1342536282764146,34.103,5.74,27.63,1.791,-7.34,0.119
2023-11-13,317,11,2023,0.0,telemetry,24.4,9.4,telemetry,Sangrur,1,3.149,0.4,0.0,1.26,2.1496,0.0,2.1496,0.5714,2.3414,0.0,6.68,-4.3386,2.1242178177162514,34.093,5.74,27.34,1.945,-7.34,0.128
2023-11-14,318,11,2023,0.0,telemetry,25.5,10.8,telemetry,Sangrur,1,3.21,0.4,0.0,1.284,2.1907,0.0,2.1907,0.5823,2.3825,0.0,6.5774,-4.1949,2.1145143449155115,34.084,5.74,27.25,2.101,-9.6,0.131
2023-11-15,319,11,2023,0.0,telemetry,25.8,10.4,telemetry,Sangrur,1,3.26,0.4,0.0,1.304,2.2253,0.0,2.2253,0.5915,2.4171,0.0,6.4753,-4.0582,2.1051270757518843,34.074,5.74,27.33,2.096,-23.6,0.133
2023-11-16,320,11,2023,0.0,telemetry,25.1,11.2,telemetry,Sangrur,1,3.083,0.4,0.0,1.233,2.1042,0.0,2.1042,0.5593,2.296,0.0,6.3739,-4.0779,2.095694343578149,34.065,5.74,27.37,2.068,-24.67,0.126
2023-11-17,321,11,2023,0.0,telemetry,26.5,11.5,telemetry,Sangrur,1,3.259,0.4,0.0,1.303,2.2242,0.0,2.2242,0.5912,2.416,0.0,6.273,-3.857,2.0867724930043994,34.056,0.14,27.37,2.057,-24.67,0.133
2023-11-18,322,11,2023,0.0,telemetry,26.2,10.4,telemetry,Sangrur,1,3.262,0.4,0.0,1.305,2.2262,0.0,2.2262,0.5918,2.418,0.0,6.173,-3.755,2.0780866101245348,34.047,0.07,27.35,2.078,-24.67,0.133
2023-11-19,323,11,2023,0.0,telemetry,24.4,11.2,telemetry,Sangrur,1,2.923,0.4,0.0,1.169,1.9951,0.0,1.9951,0.5303,2.1869,0.0,6.0739,-3.887,2.069095269764066,34.038,0.0,27.24,2.037,-24.67,0.119
2023-11-20,324,11,2023,0.07,telemetry,24.0,11.5,telemetry,Sangrur,1,2.824,0.4,0.0,1.13,1.8085,0.0,1.8085,0.4807,2.0003,0.0202,5.9756,-3.9753,2.0598997146711233,34.029,0.07,27.07,1.985,-24.61,0.108
2023-11-21,325,11,2023,0.0,telemetry,24.4,10.5,telemetry,Sangrur,1,2.937,0.4,0.0,1.175,2.0048,0.0,2.0048,0.5329,2.1966,0.0,5.8779,-3.6813,2.0513842775960613,34.02,0.07,26.99,1.951,-24.61,0.12
2023-11-22,326,11,2023,0.0,telemetry,24.0,8.7,telemetry,Sangrur,1,2.969,0.417,0.0,1.237,2.1112,0.0,2.1112,0.5612,2.303,0.0,5.7811,-3.4781,2.0433388352827166,34.012,0.07,26.85,1.936,-26.54,0.126
2023-11-23,327,11,2023,0.0,telemetry,24.0,8.3,telemetry,Sangrur,1,2.975,0.433,0.0,1.289,2.1996,0.0,2.1996,0.5847,2.3914,0.0,5.6855,-3.2941,2.0357190640727487,34.005,0.07,26.7,1.939,-26.54,0.131
2023-11-24,328,11,2023,0.0,telemetry,24.0,8.6,telemetry,Sangrur,1,2.944,0.45,0.0,1.325,2.2608,0.0,2.2608,0.601,2.4526,0.0,5.5912,-3.1386,2.0284589463552014,33.998,0.07,26.52,2.1,-26.54,0.135
2023-11-25,329,11,2023,0.0,telemetry,23.0,9.0,telemetry,Sangrur,1,2.769,0.467,0.0,1.292,2.2048,0.0,2.2048,0.5861,2.3966,0.0,5.4984,-3.1018,2.021283992498185,33.99,0.07,26.26,2.121,-27.54,0.132
2023-11-26,330,11,2023,0.0,telemetry,22.3,10.1,telemetry,Sangrur,1,2.587,0.483,0.0,1.251,2.1341,0.0,2.1341,0.5673,2.3259,0.0,5.407,-3.0811,2.014156923535641,33.983,0.07,25.99,2.131,-27.54,0.127
2023-11-27,331,11,2023,0.0,telemetry,19.4,11.9,telemetry,Sangrur,1,1.987,0.5,0.0,0.993,1.6951,0.0,1.6951,0.4506,1.8869,0.0,5.3169,-3.43,2.006222681397433,33.975,0.0,25.68,2.099,-27.54,0.101
2023-11-28,332,11,2023,0.73,telemetry,22.6,11.5,telemetry,Sangrur,1,2.507,0.517,0.0,1.295,0.9718,0.0,0.9718,0.2583,1.1636,0.2104,5.2277,-4.0641,1.996821823184082,33.966,0.73,25.45,2.012,-26.84,0.058
2023-11-29,333,11,2023,0.2,telemetry,22.6,11.2,telemetry,Sangrur,1,2.519,0.533,0.0,1.343,1.9516,0.0,1.9516,0.5188,2.1434,0.0576,5.1386,-2.9952,1.9898933743483305,33.959,0.93,25.23,1.992,-26.66,0.116
2023-11-30,334,11,2023,8.4,telemetry,19.1,11.5,telemetry,Sangrur,1,1.954,0.55,0.0,1.074,0.0,0.0,0.0,0.0,0.1918,2.4209,5.051,-4.8592,1.9786532012382567,33.948,9.33,24.88,1.842,-18.96,0.0
2023-12-01,335,12,2023,0.0,telemetry,22.3,9.4,telemetry,Sangrur,1,2.577,0.567,0.0,1.46,2.4922,0.0,2.4922,0.6625,2.684,0.0,4.9661,-2.2821,1.9733742557487084,33.942,9.33,24.68,1.861,-19.03,0.149
2023-12-02,336,12,2023,0.2,telemetry,22.6,9.0,telemetry,Sangrur,1,2.632,0.583,0.0,1.536,2.2796,0.0,2.2796,0.606,2.4714,0.0576,4.8833,-2.4119,1.9677950378128894,33.937,9.53,24.48,1.865,-18.85,0.136
2023-12-03,337,12,2023,0.0,telemetry,22.2,8.6,telemetry,Sangrur,1,2.592,0.6,0.0,1.555,2.6536,0.0,2.6536,0.7054,2.8454,0.0,4.8024,-1.957,1.9632681296047965,33.932,9.53,24.29,1.912,-18.85,0.158
2023-12-04,338,12,2023,0.07,telemetry,21.2,8.0,telemetry,Sangrur,1,2.483,0.617,0.0,1.531,2.4938,0.0,2.4938,0.6629,2.6856,0.0202,4.7238,-2.0382,1.9585535439350903,33.928,9.6,24.07,1.961,-18.98,0.149
2023-12-05,339,12,2023,0.07,telemetry,21.6,8.3,telemetry,Sangrur,1,2.512,0.633,0.0,1.591,2.5949,0.0,2.5949,0.6898,2.7867,0.0202,4.6471,-1.8604,1.9542501367683225,33.923,8.94,23.84,2.003,-18.92,0.155
2023-12-06,340,12,2023,0.07,telemetry,22.3,7.6,telemetry,Sangrur,1,2.632,0.65,0.0,1.711,2.8004,0.0,2.8004,0.7444,2.9922,0.0202,4.5726,-1.5804,1.9505945315171138,33.92,8.81,23.64,2.052,-18.85,0.167
2023-12-07,341,12,2023,0.0,telemetry,22.6,6.9,telemetry,Sangrur,1,2.696,0.667,0.0,1.797,3.0672,0.0,3.0672,0.8153,3.259,0.0,4.5003,-1.2413,1.9477231364512995,33.917,0.41,23.46,2.114,-18.85,0.183
2023-12-08,342,12,2023,0.13,telemetry,21.9,6.5,telemetry,Sangrur,1,2.618,0.683,0.0,1.789,2.8314,0.0,2.8314,0.7527,3.0232,0.0375,4.4307,-1.4075,1.9444673843961753,33.914,0.54,23.27,2.155,-18.73,0.169
2023-12-09,343,12,2023,0.0,telemetry,21.9,6.1,telemetry,Sangrur,1,2.629,0.7,0.0,1.84,3.1404,0.0,3.1404,0.8348,3.3322,0.0,4.3633,-1.0311,1.9420823544006969,33.911,0.34,23.11,2.222,-18.73,0.187
2023-12-10,344,12,2023,0.13,telemetry,20.5,6.5,telemetry,Sangrur,1,2.43,0.717,0.0,1.742,2.7506,0.0,2.7506,0.7312,2.9424,0.0375,4.2984,-1.356,1.9389458240830608,33.908,0.47,23.15,2.266,-24.2,0.164
2023-12-11,345,12,2023,0.13,telemetry,20.8,5.1,telemetry,Sangrur,1,2.523,0.733,0.0,1.85,2.9361,0.0,2.9361,0.7805,3.1279,0.0375,4.2354,-1.1075,1.9363840998699657,33.905,0.53,23.07,2.355,-24.15,0.175
2023-12-12,346,12,2023,0.13,telemetry,19.1,5.8,telemetry,Sangrur,1,2.281,0.75,0.0,1.71,2.6971,0.0,2.6971,0.717,2.8889,0.0375,4.1745,-1.2856,1.9334103421348239,33.902,0.59,22.88,2.478,-24.09,0.161
2023-12-13,347,12,2023,0.0,telemetry,20.1,4.7,telemetry,Sangrur,1,2.446,0.767,0.0,1.875,3.2,0.0,3.2,0.8506,3.3918,0.0,4.1153,-0.7235,1.93173671756296,33.901,0.52,22.73,2.567,-24.09,0.191
2023-12-14,348,12,2023,0.07,telemetry,22.1,12.9,generated,Sangrur,1,2.207,0.783,0.0,1.729,2.8303,0.0,2.8303,0.7524,3.0221,0.0202,4.0585,-1.0364,1.9293394617989008,33.898,0.59,22.62,2.769,-24.02,0.169
2023-12-15,349,12,2023,0.13,telemetry,25.0,20.0,generated,Sangrur,1,1.855,0.8,0.0,1.484,2.3108,0.0,2.3108,0.6143,2.5026,0.0375,4.0033,-1.5007,1.9258680871073832,33.895,0.59,22.59,2.756,-23.89,0.138
2023-12-16,350,12,2023,0.07,telemetry,25.4,3.4,generated,Sangrur,1,3.106,0.817,0.0,2.537,4.2091,0.0,4.2091,1.1189,4.4009,0.0202,3.9491,0.4518,1.9269130762732527,33.896,0.66,22.6,2.894,-23.82,0.251
2023-12-17,351,12,2023,0.0,telemetry,27.5,15.8,generated,Sangrur,1,2.773,0.833,0.0,2.311,3.9432,0.0,3.9432,1.0482,4.135,0.0,3.8985,0.2365,1.9274600700979247,33.897,0.53,22.64,2.986,-23.82,0.235
2023-12-18,352,12,2023,0.13,telemetry,26.0,16.6,generated,Sangrur,1,2.462,0.85,0.0,2.093,3.3495,0.0,3.3495,0.8904,3.5413,0.0375,3.8509,-0.3096,1.926744013419369,33.896,0.53,22.63,3.047,-23.69,0.2
2023-12-19,353,12,2023,1.07,telemetry,25.6,3.6,generated,Sangrur,1,3.12,0.867,0.0,2.704,2.8041,0.0,2.8041,0.7454,2.9959,0.3084,3.8052,-0.8093,1.9248719593300312,33.894,1.47,22.67,3.062,-22.7,0.167
2023-12-20,354,12,2023,0.07,telemetry,24.9,12.1,generated,Sangrur,1,2.666,0.883,0.0,2.355,3.8993,0.0,3.8993,1.0365,4.0911,0.0202,3.7612,0.3299,1.925635113909811,33.895,1.54,22.7,3.141,-22.71,0.233
2023-12-21,355,12,2023,0.0,telemetry,22.8,4.1,generated,Sangrur,1,2.774,0.9,0.0,2.497,4.261,0.0,4.261,1.1327,4.4528,0.0,3.7197,0.7331,1.9273307834676694,33.896,1.47,22.65,3.226,-22.7,0.254
2023-12-22,356,12,2023,0.07,telemetry,23.0,1.0,generated,Sangrur,1,2.871,0.917,0.0,2.631,4.3709,0.0,4.3709,1.1619,4.5627,0.0202,3.6812,0.8815,1.9293698068635292,33.898,1.41,22.61,3.336,-22.64,0.261
2023-12-23,357,12,2023,0.0,telemetry,22.1,6.0,generated,Sangrur,1,2.626,0.933,0.0,2.451,4.1824,0.0,4.1824,1.1118,4.3742,0.0,3.6456,0.7286,1.9310552296975332,33.9,1.34,22.55,3.41,-22.64,0.25
2023-12-24,358,12,2023,0.13,telemetry,23.1,2.2,generated,Sangrur,1,2.863,0.95,0.0,2.719,4.419,0.0,4.419,1.1747,4.6108,0.0375,3.6124,0.9984,1.933364775069788,33.902,1.47,22.52,3.529,-22.52,0.264
2023-12-25,359,12,2023,0.07,telemetry,23.7,18.2,generated,Sangrur,1,1.871,0.967,0.0,1.808,2.9662,0.0,2.9662,0.7885,3.158,0.0202,3.5818,-0.4238,1.9323844528438943,33.901,1.41,22.54,3.532,-22.45,0.177
2023-12-26,360,12,2023,0.13,telemetry,27.4,16.1,generated,Sangrur,1,2.74,0.983,0.0,2.694,4.3757,0.0,4.3757,1.1632,4.5675,0.0375,3.5517,1.0158,1.9347341422988011,33.904,0.47,22.71,3.652,-22.32,0.261
2023-12-27,361,12,2023,0.2,telemetry,24.3,7.3,generated,Sangrur,1,2.859,1.0,0.0,2.859,4.5378,0.0,4.5378,1.2063,4.7296,0.0576,3.524,1.2056,1.9375227945353652,33.907,0.6,22.88,3.747,-22.13,0.271
2023-12-28,362,12,2023,0.13,telemetry,23.8,16.4,generated,Sangrur,1,2.131,1.017,0.0,2.167,3.4755,0.0,3.4755,0.9239,3.6673,0.0375,3.4989,0.1684,1.9379123458249048,33.907,0.73,22.92,3.793,-22.73,0.207
2023-12-29,363,12,2023,0.0,telemetry,19.2,5.4,generated,Sangrur,1,2.315,1.033,0.0,2.393,4.0828,0.0,4.0828,1.0853,4.2746,0.0,3.4746,0.8,1.939762848564568,33.909,0.66,22.8,3.92,-22.91,0.244
2023-12-30,364,12,2023,0.0,telemetry,18.5,2.8,generated,Sangrur,1,2.339,1.05,0.0,2.456,4.191,0.0,4.191,1.1141,4.3828,0.0,3.4519,0.9309,1.9419161130525513,33.911,0.66,22.78,3.918,-31.31,0.25
2023-12-31,365,12,2023,0.0,telemetry,18.4,1.8,generated,Sangrur,1,2.364,1.067,0.0,2.521,4.3028,0.0,4.3028,1.1438,4.4946,0.0,3.4309,1.0637,1.944376665615307,33.913,0.53,22.65,3.944,-31.29,0.257
2024-01-01,1,1,2024,0.07,telemetry,15.0,-1.0,generated,Sangrur,1,2.068,1.083,0.0,2.24,3.7035,0.0,3.7035,0.9845,3.8953,0.0202,3.4115,0.4838,1.9454957133738602,33.915,0.53,22.4,3.969,-31.41,0.221
2024-01-02,2,1,2024,0.0,telemetry,18.4,14.0,generated,Sangrur,1,1.491,1.1,0.0,1.64,2.7981,0.0,2.7981,0.7438,2.9899,0.0,3.393,-0.4031,1.9445633742947979,33.914,0.4,22.27,3.969,-31.4,0.167
2024-01-03,3,1,2024,0.0,telemetry,21.8,5.0,generated,Sangrur,1,2.68,1.117,0.0,2.993,5.1077,0.0,5.1077,1.3577,5.2995,0.0,3.3739,1.9256,1.9490176601895333,33.918,0.2,22.29,4.055,-31.44,0.305
2024-01-04,4,1,2024,0.07,telemetry,24.5,6.3,generated,Sangrur,1,2.978,1.133,0.0,3.375,5.6396,0.0,5.6396,1.4991,5.8314,0.0202,3.3575,2.4739,1.9547402086953747,33.924,0.14,22.39,4.154,-31.45,0.337
2024-01-05,5,1,2024,0.0,telemetry,28.4,6.4,generated,Sangrur,1,3.482,1.15,0.0,4.005,6.8339,0.0,6.8339,1.8166,7.0257,0.0,3.3444,3.6813,1.9632557100784298,33.932,0.14,22.59,4.33,-31.52,0.408
2024-01-06,6,1,2024,0.07,telemetry,24.9,5.7,generated,Sangrur,1,3.07,1.15,0.0,3.53,5.9045,0.0,5.9045,1.5696,6.0963,0.0202,3.3359,2.7604,1.9696410563514268,33.939,0.21,22.67,4.453,-31.46,0.352
2024-01-07,7,1,2024,0.0,telemetry,22.2,5.5,generated,Sangrur,1,2.747,1.15,0.0,3.159,5.3913,0.0,5.3913,1.4331,5.5831,0.0,3.3303,2.2528,1.974852065799812,33.944,0.21,22.68,4.522,-31.58,0.322
2024-01-08,8,1,2024,0.0,telemetry,23.5,1.5,generated,Sangrur,1,3.03,1.15,0.0,3.485,5.9465,0.0,5.9465,1.5807,6.1383,0.0,3.3268,2.8115,1.9813554692839086,33.95,0.14,22.73,4.735,-31.57,0.355
2024-01-09,9,1,2024,0.0,telemetry,27.4,11.3,generated,Sangrur,1,3.191,1.15,0.0,3.67,6.2619,0.0,6.2619,1.6646,6.4537,0.0,3.3259,3.1278,1.9885905578176888,33.958,0.14,22.96,4.87,-31.68,0.374
2024-01-10,10,1,2024,0.0,telemetry,23.5,17.3,generated,Sangrur,1,2.045,1.15,0.0,2.351,4.0123,0.0,4.0123,1.0666,4.2041,0.0,3.3278,0.8763,1.9906175830499646,33.96,0.14,23.05,4.832,-31.81,0.239
2024-01-11,11,1,2024,0.0,telemetry,32.3,12.6,generated,Sangrur,1,3.857,1.15,0.0,4.435,7.5685,0.0,7.5685,2.0119,7.7603,0.0,3.3292,4.4311,2.0008674649355864,33.97,0.07,23.49,5.125,-31.94,0.452
2024-01-12,12,1,2024,0.13,telemetry,25.4,9.8,generated,Sangrur,1,3.032,1.15,0.0,3.487,5.7285,0.0,5.7285,1.5228,5.9203,0.0375,3.3349,2.5854,2.0068477958009936,33.976,0.2,23.67,5.242,-31.82,0.342
2024-01-13,13,1,2024,0.6,telemetry,26.1,6.4,generated,Sangrur,1,3.293,1.15,0.0,3.786,5.4425,0.0,5.4425,1.4467,5.6343,0.1729,3.3423,2.292,2.0121496457893335,33.981,0.73,23.8,5.332,-31.33,0.325
2024-01-14,14,1,2024,0.4,telemetry,28.3,7.3,generated,Sangrur,1,3.571,1.15,0.0,4.107,6.3282,0.0,6.3282,1.6822,6.52,0.1153,3.3508,3.1692,2.0194804915006532,33.989,1.13,23.91,5.476,-31.09,0.378
2024-01-15,15,1,2024,1.27,telemetry,26.2,4.2,generated,Sangrur,1,3.405,1.15,0.0,3.916,4.5375,0.0,4.5375,1.2062,4.7293,0.366,3.3616,1.3677,2.02264423736487,33.992,2.4,23.94,5.536,-30.0,0.271
2024-01-16,16,1,2024,0.13,telemetry,29.5,11.9,generated,Sangrur,1,3.572,1.15,0.0,4.107,6.7875,0.0,6.7875,1.8043,6.9793,0.0375,3.3723,3.607,2.0309876905078674,34.0,2.53,24.01,5.821,-29.88,0.405
2024-01-17,17,1,2024,0.07,telemetry,30.9,21.7,generated,Sangrur,1,2.974,1.15,0.0,3.42,5.716,0.0,5.716,1.5194,5.9078,0.0202,3.3856,2.5222,2.036821890369094,34.006,2.6,24.17,5.864,-29.95,0.341
2024-01-18,18,1,2024,0.07,telemetry,33.1,21.4,generated,Sangrur,1,3.444,1.15,0.0,3.961,6.6394,0.0,6.6394,1.7649,6.8312,0.0202,3.3997,3.4315,2.044759559965118,34.014,2.67,24.42,5.936,-30.95,0.396
2024-01-19,19,1,2024,0.13,telemetry,32.0,10.0,generated,Sangrur,1,4.09,1.15,0.0,4.704,7.805,0.0,7.805,2.0747,7.9968,0.0375,3.4157,4.5811,2.0553564500468355,34.024,2.67,24.66,6.005,-30.9,0.466
2024-01-20,20,1,2024,0.0,telemetry,30.0,22.5,generated,Sangrur,1,2.727,1.15,0.0,3.136,5.351,0.0,5.351,1.4224,5.5428,0.0,3.435,2.1078,2.0602320584872076,34.029,2.07,24.9,5.965,-30.86,0.319
2024-01-21,21,1,2024,0.0,telemetry,29.6,10.7,generated,Sangrur,1,3.751,1.15,0.0,4.313,7.3607,0.0,7.3607,1.9566,7.5525,0.0,3.454,4.0985,2.069712484920365,34.039,1.67,25.12,6.106,-30.93,0.439
2024-01-22,22,1,2024,0.0,telemetry,29.5,12.0,generated,Sangrur,1,3.688,1.15,0.0,4.241,7.2376,0.0,7.2376,1.9239,7.4294,0.0,3.4754,3.954,2.0788587432042887,34.048,0.4,25.36,6.198,-30.92,0.432
2024-01-23,23,1,2024,0.07,telemetry,27.2,13.4,generated,Sangrur,1,3.256,1.15,0.0,3.745,6.2712,0.0,6.2712,1.667,6.463,0.0202,3.4987,2.9643,2.085715615025974,34.055,0.34,25.5,6.199,-30.99,0.374
2024-01-24,24,1,2024,0.13,telemetry,23.8,5.0,generated,Sangrur,1,3.232,1.15,0.0,3.717,6.1213,0.0,6.1213,1.6272,6.3131,0.0375,3.5225,2.7906,2.09217073009473,34.061,0.4,25.5,6.35,-30.23,0.365
2024-01-25,25,1,2024,0.0,telemetry,26.2,6.9,generated,Sangrur,1,3.516,1.15,0.0,4.043,6.8989,0.0,6.8989,1.8339,7.0907,0.0,3.5465,3.5442,2.1003690844413465,34.069,0.33,25.46,6.302,-29.84,0.412
2024-01-26,26,1,2024,0.07,telemetry,31.3,14.3,generated,Sangrur,1,3.925,1.15,0.0,4.513,7.5824,0.0,7.5824,2.0156,7.7742,0.0202,3.5716,4.2026,2.1100903824382486,34.079,0.27,25.7,6.434,-29.97,0.453
2024-01-27,27,1,2024,0.13,telemetry,28.3,16.9,generated,Sangrur,1,3.219,1.15,0.0,3.702,6.095,0.0,6.095,1.6202,6.2868,0.0375,3.5987,2.6881,2.116308458041993,34.085,0.4,25.85,6.481,-29.98,0.364
2024-01-28,28,1,2024,0.0,telemetry,32.0,15.4,generated,Sangrur,1,4.016,1.15,0.0,4.619,7.8813,0.0,7.8813,2.095,8.0731,0.0,3.6255,4.4476,2.126596507646733,34.096,0.4,26.27,6.592,-29.98,0.47
2024-01-29,29,1,2024,0.0,telemetry,30.6,13.3,generated,Sangrur,1,3.953,1.15,0.0,4.546,7.7579,0.0,7.7579,2.0622,7.9497,0.0,3.6544,4.2953,2.1365322644265543,34.106,0.4,26.68,6.822,-29.97,0.463
2024-01-30,30,1,2024,0.13,telemetry,32.8,13.8,generated,Sangrur,1,4.313,1.15,0.0,4.959,8.2415,0.0,8.2415,2.1908,8.4333,0.0375,3.685,4.7483,2.1475159139550453,34.117,0.46,27.16,6.926,-29.59,0.492
2024-01-31,31,1,2024,1.07,telemetry,26.1,19.2,generated,Sangrur,1,2.575,1.15,0.0,2.962,3.2434,0.0,3.2434,0.8622,3.4352,0.3084,3.7178,-0.2826,2.146862304196139,34.116,1.4,27.53,6.749,-28.66,0.194
2024-02-01,32,2,2024,1.4,telemetry,26.9,13.1,generated,Sangrur,1,3.427,1.15,0.0,3.941,4.3627,0.0,4.3627,1.1597,4.5545,0.4035,3.7461,0.8084,2.1487321809026234,34.118,2.8,27.81,6.586,-27.37,0.26
2024-02-02,33,2,2024,0.27,telemetry,35.5,0.0,telemetry,Sangrur,1,5.205,1.15,0.0,5.986,9.7551,0.0,9.7551,2.5931,9.9469,0.0778,3.7721,6.1748,2.16301547460198,34.132,3.0,28.27,6.726,-27.11,0.582
2024-02-03,34,2,2024,0.07,telemetry,29.5,18.5,generated,Sangrur,1,3.431,1.15,0.0,3.946,6.6134,0.0,6.6134,1.758,6.8052,0.0202,3.8027,3.0025,2.169960845379427,34.139,2.94,28.43,6.816,-27.11,0.395
2024-02-04,35,2,2024,2.53,telemetry,31.0,0.0,telemetry,Sangrur,1,4.621,1.15,0.0,5.314,4.8383,0.0,4.8383,1.2861,5.0301,0.7292,3.833,1.1971,2.172730019202073,34.142,5.47,28.52,6.636,-24.79,0.289
2024-02-05,36,2,2024,0.13,telemetry,31.0,0.0,telemetry,Sangrur,1,4.654,1.15,0.0,5.352,8.9115,0.0,8.9115,2.3689,9.1033,0.0375,3.8617,5.2416,2.1848545947122124,34.154,5.6,28.72,6.755,-24.74,0.532
2024-02-06,37,2,2024,0.13,telemetry,22.5,0.5,generated,Sangrur,1,3.475,1.15,0.0,3.996,6.5969,0.0,6.5969,1.7536,6.7887,0.0375,3.8935,2.8952,2.191551671410113,34.161,5.6,28.73,6.779,-24.61,0.394
2024-02-07,38,2,2024,0.0,telemetry,26.1,7.8,generated,Sangrur,1,3.786,1.15,0.0,4.353,7.429,0.0,7.429,1.9748,7.6208,0.0,3.9248,3.696,2.2001011990478765,34.169,4.53,28.82,6.872,-24.61,0.443
2024-02-08,39,2,2024,0.07,telemetry,24.0,4.0,generated,Sangrur,1,3.648,1.15,0.0,4.195,7.0395,0.0,7.0395,1.8713,7.2313,0.0202,3.9566,3.2747,2.2076761120137456,34.177,3.2,28.71,6.882,-24.55,0.42
2024-02-09,40,2,2024,0.0,telemetry,22.0,6.2,generated,Sangrur,1,3.276,1.15,0.0,3.768,6.4298,0.0,6.4298,1.7092,6.6216,0.0,3.9884,2.6332,2.2137671496728712,34.183,2.93,28.66,6.8,-24.54,0.384
2024-02-10,41,2,2024,0.0,telemetry,22.7,3.3,generated,Sangrur,1,3.531,1.15,0.0,4.061,6.9297,0.0,6.9297,1.8421,7.1215,0.0,4.0192,3.1023,2.2209432282361,34.19,2.86,28.34,6.859,-24.53,0.414
2024-02-11,42,2,2024,0.0,telemetry,20.4,1.2,generated,Sangrur,1,3.286,1.15,0.0,3.779,6.4487,0.0,6.4487,1.7142,6.6405,0.0,4.0498,2.5907,2.2269359763017227,34.196,0.33,28.17,6.757,-24.66,0.385
2024-02-12,43,2,2024,0.13,telemetry,17.4,-1.0,generated,Sangrur,1,2.946,1.15,0.0,3.388,5.5599,0.0,5.5599,1.4779,5.7517,0.0375,4.0794,1.6723,2.2308043013062497,34.2,0.33,27.88,6.6,-25.13,0.332
2024-02-13,44,2,2024,0.0,telemetry,18.6,-1.0,generated,Sangrur,1,3.134,1.15,0.0,3.604,6.1501,0.0,6.1501,1.6348,6.3419,0.0,4.1069,2.235,2.235974192862065,34.205,0.2,27.56,6.451,-25.52,0.367
2024-02-14,45,2,2024,0.0,telemetry,20.8,6.0,generated,Sangrur,1,3.218,1.15,0.0,3.701,6.3151,0.0,6.3151,1.6787,6.5069,0.0,4.1332,2.3737,2.2414649172500827,34.211,0.2,27.38,6.67,-26.75,0.377
2024-02-15,46,2,2024,0.0,telemetry,23.8,17.7,generated,Sangrur,1,2.572,1.15,0.0,2.957,5.0467,0.0,5.0467,1.3415,5.2385,0.0,4.1586,1.0799,2.243962974382228,34.213,0.13,27.19,6.719,-26.88,0.301
2024-02-16,47,2,2024,0.07,telemetry,25.7,7.7,generated,Sangrur,1,3.983,1.15,0.0,4.58,7.6969,0.0,7.6969,2.046,7.8887,0.0202,4.1813,3.7074,2.252538831725708,34.222,0.2,27.01,6.572,-26.88,0.459
2024-02-17,48,2,2024,0.0,telemetry,29.6,11.0,generated,Sangrur,1,4.505,1.15,0.0,5.18,8.8401,0.0,8.8401,2.3499,9.0319,0.0,4.2052,4.8267,2.263703816079663,34.233,0.2,26.9,6.731,-26.95,0.528
2024-02-18,49,2,2024,0.0,telemetry,29.0,22.7,generated,Sangrur,1,3.026,1.15,0.0,3.48,5.9382,0.0,5.9382,1.5785,6.13,0.0,4.2316,1.8984,2.268095025414907,34.237,0.2,26.8,6.809,-27.08,0.354
2024-02-19,50,2,2024,0.0,telemetry,26.5,0.0,telemetry,Sangrur,1,4.448,1.15,0.0,5.115,8.7279,0.0,8.7279,2.3201,8.9197,0.0,4.2564,4.6633,2.2788818822552797,34.248,0.07,26.68,6.796,-27.07,0.521
2024-02-20,51,2,2024,0.27,telemetry,42.5,0.0,telemetry,Sangrur,1,7.136,1.15,0.0,8.207,13.5446,0.0,13.5446,3.6005,13.7364,0.0778,4.2835,9.4529,2.3007479764083523,34.27,0.34,27.11,7.293,-26.82,0.808
2024-02-21,52,2,2024,0.27,telemetry,18.3,2.8,generated,Sangrur,1,3.152,1.15,0.0,3.625,5.7258,0.0,5.7258,1.522,5.9176,0.0778,4.3192,1.5984,2.304445236660023,34.274,0.61,26.74,7.171,-26.57,0.342
2024-02-22,53,2,2024,0.0,telemetry,21.9,9.1,generated,Sangrur,1,3.389,1.15,0.0,3.898,6.6515,0.0,6.6515,1.7681,6.8433,0.0,4.3522,2.4911,2.3102074876890946,34.279,0.61,26.56,7.143,-26.63,0.397
2024-02-23,54,2,2024,0.0,telemetry,22.6,7.9,generated,Sangrur,1,3.632,1.15,0.0,4.176,7.1269,0.0,7.1269,1.8945,7.3187,0.0,4.3837,2.935,2.316996494288772,34.286,0.54,26.52,7.193,-26.76,0.425
2024-02-24,55,2,2024,0.0,telemetry,18.4,-1.0,generated,Sangrur,1,3.37,1.15,0.0,3.875,6.6132,0.0,6.6132,1.7579,6.805,0.0,4.4145,2.3905,2.322526043896766,34.292,0.54,26.26,7.17,-26.75,0.395
2024-02-25,56,2,2024,0.0,telemetry,21.2,-0.8,generated,Sangrur,1,3.82,1.15,0.0,4.393,7.4957,0.0,7.4957,1.9925,7.6875,0.0,4.4439,3.2436,2.3300291160123128,34.299,0.54,25.92,7.245,-26.82,0.447
2024-02-26,57,2,2024,0.0,telemetry,23.5,3.6,generated,Sangrur,1,4.097,1.15,0.0,4.712,8.0403,0.0,8.0403,2.1373,8.2321,0.0,4.473,3.7591,2.3387245001130115,34.308,0.54,25.76,7.422,-26.95,0.48
2024-02-27,58,2,2024,0.0,telemetry,22.1,7.6,generated,Sangrur,1,3.669,1.15,0.0,4.219,7.1999,0.0,7.1999,1.9139,7.3917,0.0,4.5027,2.889,2.3454072497304455,34.314,0.27,25.43,7.497,-26.95,0.43
2024-02-28,59,2,2024,0.0,telemetry,26.8,22.8,generated,Sangrur,1,2.532,1.15,0.0,2.912,4.9698,0.0,4.9698,1.3211,5.1616,0.0,4.5316,0.63,2.3468644364467215,34.316,0.0,25.31,7.401,-26.95,0.297
2024-02-29,60,2,2024,0.0,telemetry,25.9,12.6,generated,Sangrur,1,4.045,1.15,0.0,4.652,7.9384,0.0,7.9384,2.1102,8.1302,0.0,4.5568,3.5734,2.3551301850385506,34.324,0.0,25.08,7.608,-26.96,0.474
2024-03-01,61,3,2024,0.87,telemetry,9.5,0.0,telemetry,Sangrur,1,2.096,1.15,0.0,2.41,2.6385,0.0,2.6385,0.7014,2.8303,0.2507,4.5826,-1.7523,2.3510768441151417,34.32,0.87,24.52,7.246,-27.23,0.157
2024-03-02,62,3,2024,6.67,telemetry,26.5,0.5,telemetry,Sangrur,1,4.847,1.15,0.0,5.574,0.0,0.0,0.0,0.0,0.1918,1.9223,4.602,-4.4102,2.3408753756708354,34.31,7.54,24.51,6.615,-22.52,0.0
2024-03-03,63,3,2024,3.13,telemetry,43.0,0.0,telemetry,Sangrur,1,7.882,1.15,0.0,9.064,10.2594,0.0,10.2594,2.7272,10.4512,0.9021,4.6147,5.8365,2.3543761738675264,34.323,10.67,24.76,6.924,-19.92,0.612
2024-03-04,64,3,2024,0.0,telemetry,30.0,0.0,telemetry,Sangrur,1,5.533,1.15,0.0,6.363,10.8581,0.0,10.8581,2.8863,11.0499,0.0,4.6336,6.4163,2.369218085230546,34.338,10.67,24.78,7.076,-19.99,0.648
2024-03-05,65,3,2024,0.0,telemetry,29.7,9.7,generated,Sangrur,1,5.201,1.15,0.0,5.981,10.2068,0.0,10.2068,2.7132,10.3986,0.0,4.6576,5.741,2.3824980269751936,34.352,10.67,24.73,6.837,-22.52,0.609
2024-03-06,66,3,2024,0.13,telemetry,27.2,8.9,generated,Sangrur,1,4.789,1.15,0.0,5.508,9.1768,0.0,9.1768,2.4394,9.3686,0.0375,4.6852,4.6834,2.3933315184309993,34.362,10.8,24.61,7.084,-22.53,0.548
2024-03-07,67,3,2024,0.0,telemetry,32.8,18.9,generated,Sangrur,1,5.117,1.15,0.0,5.885,10.0418,0.0,10.0418,2.6693,10.2336,0.0,4.7148,5.5188,2.4060974601140113,34.375,10.8,24.95,7.326,-22.66,0.599
2024-03-08,68,3,2024,0.07,telemetry,28.5,10.0,generated,Sangrur,1,5.045,1.15,0.0,5.802,9.7808,0.0,9.7808,2.6,9.9726,0.0202,4.7472,5.2254,2.4181846210962417,34.387,10.0,25.03,7.516,-22.6,0.584
2024-03-09,69,3,2024,0.0,telemetry,27.6,15.6,generated,Sangrur,1,4.35,1.15,0.0,5.003,8.5366,0.0,8.5366,2.2692,8.7284,0.0,4.7819,3.9465,2.4273135388929235,34.396,3.33,25.15,7.653,-22.67,0.51
2024-03-10,70,3,2024,0.0,telemetry,25.8,3.9,generated,Sangrur,1,4.902,1.15,0.0,5.638,9.6206,0.0,9.6206,2.5574,9.8124,0.0,4.8168,4.9956,2.4388691434008716,34.408,0.2,25.28,7.805,-22.67,0.574
2024-03-11,71,3,2024,0.0,telemetry,25.4,14.5,generated,Sangrur,1,4.025,1.15,0.0,4.629,7.8995,0.0,7.8995,2.0999,8.0913,0.0,4.8534,3.2379,2.4463590033838867,34.415,0.2,25.37,7.795,-22.67,0.471
2024-03-12,72,3,2024,0.0,telemetry,25.3,12.9,generated,Sangrur,1,4.224,1.15,0.0,4.858,8.29,0.0,8.29,2.2037,8.4818,0.0,4.889,3.5928,2.454669717694458,34.424,0.2,25.53,7.873,-22.67,0.495
2024-03-13,73,3,2024,0.0,telemetry,26.3,8.5,generated,Sangrur,1,4.86,1.15,0.0,5.588,9.5364,0.0,9.5364,2.535,9.7282,0.0,4.9243,4.8039,2.465781997224058,34.435,0.07,25.83,8.199,-22.8,0.569
2024-03-14,74,3,2024,1.0,telemetry,32.4,20.2,generated,Sangrur,1,5.073,1.15,0.0,5.834,8.2621,0.0,8.2621,2.1963,8.4539,0.2882,4.9608,3.4931,2.4738620839665897,34.443,1.07,26.29,8.222,-21.88,0.493
2024-03-15,75,3,2024,0.07,telemetry,35.2,21.3,generated,Sangrur,1,5.69,1.15,0.0,6.544,11.0471,0.0,11.0471,2.9366,11.2389,0.0202,4.9972,6.2417,2.488300143423244,34.457,1.07,26.77,8.823,-21.82,0.659
2024-03-16,76,3,2024,0.0,telemetry,28.7,14.8,telemetry,Sangrur,1,4.918,1.15,0.0,5.655,9.6507,0.0,9.6507,2.5654,9.8425,0.0,5.0367,4.8058,2.499416622491451,34.468,1.07,26.93,9.512,-21.8,0.576
2024-03-17,77,3,2024,0.0,telemetry,27.8,16.2,telemetry,Sangrur,1,4.549,1.15,0.0,5.231,8.9272,0.0,8.9272,2.3731,9.119,0.0,5.0772,4.0418,2.5087660134687613,34.478,1.07,27.0,9.417,-19.7,0.533
2024-03-18,78,3,2024,0.0,telemetry,27.8,15.5,telemetry,Sangrur,1,4.672,1.15,0.0,5.372,9.1678,0.0,9.1678,2.437,9.3596,0.0,5.1173,4.2423,2.518579036693369,34.488,1.07,26.94,9.296,-19.62,0.547
2024-03-19,79,3,2024,0.0,telemetry,28.8,16.9,telemetry,Sangrur,1,4.764,1.15,0.0,5.478,9.3484,0.0,9.3484,2.485,9.5402,0.0,5.1575,4.3827,2.52871687560356,34.498,1.07,26.93,9.235,-19.32,0.558
2024-03-20,80,3,2024,0.0,telemetry,30.0,17.0,telemetry,Sangrur,1,5.089,1.15,0.0,5.852,9.9867,0.0,9.9867,2.6547,10.1785,0.0,5.1979,4.9806,2.54023784037126,34.509,1.07,27.05,9.293,-19.29,0.596
2024-03-21,81,3,2024,0.0,telemetry,27.0,18.5,telemetry,Sangrur,1,4.064,1.129,0.0,4.59,7.8319,0.0,7.8319,2.0819,8.0237,0.0,5.2392,2.7845,2.5466788181934676,34.516,0.07,26.53,9.135,-19.54,0.467
2024-03-22,82,3,2024,0.0,telemetry,30.2,19.9,telemetry,Sangrur,1,4.755,1.109,0.0,5.271,8.9955,0.0,8.9955,2.3912,9.1873,0.0,5.2784,3.9089,2.5557207487809284,34.525,0.0,26.93,9.079,-19.8,0.537
2024-03-23,83,3,2024,0.07,telemetry,30.3,19.2,telemetry,Sangrur,1,4.93,1.088,0.0,5.363,9.0327,0.0,9.0327,2.4011,9.2245,0.0202,5.3171,3.9074,2.5647591214724237,34.534,0.07,27.21,9.114,-19.18,0.539
2024-03-24,84,3,2024,0.0,telemetry,30.0,19.1,telemetry,Sangrur,1,4.89,1.067,0.0,5.218,8.905,0.0,8.905,2.3672,9.0968,0.0,5.3555,3.7413,2.573413416239666,34.542,0.07,27.46,9.063,-19.15,0.531
2024-03-25,85,3,2024,0.0,telemetry,30.1,19.5,telemetry,Sangrur,1,4.878,1.046,0.0,5.104,8.7105,0.0,8.7105,2.3154,8.9023,0.0,5.3932,3.5091,2.5815306048822175,34.551,0.07,27.85,9.121,-19.13,0.52
2024-03-26,86,3,2024,0.0,telemetry,28.3,18.8,telemetry,Sangrur,1,4.508,1.026,0.0,4.623,7.8891,0.0,7.8891,2.0971,8.0809,0.0,5.4299,2.651,2.5876627124462237,34.557,0.07,28.08,9.092,-19.11,0.471
2024-03-27,87,3,2024,0.2,telemetry,30.1,26.1,generated,Sangrur,1,3.265,1.005,0.0,3.28,5.2572,0.0,5.2572,1.3975,5.449,0.0576,5.4647,-0.0157,2.587626488108897,34.557,0.27,28.3,8.787,-18.92,0.314
2024-03-28,88,3,2024,0.27,telemetry,33.6,14.6,generated,Sangrur,1,6.53,0.984,0.0,6.426,10.5063,0.0,10.5063,2.7928,10.6981,0.0778,5.4939,5.2042,2.5996645155803253,34.569,0.54,28.69,8.947,-18.66,0.627
2024-03-29,89,3,2024,0.0,telemetry,29.8,7.8,generated,Sangrur,1,6.17,0.963,0.0,5.944,10.1437,0.0,10.1437,2.6964,10.3355,0.0,5.5254,4.8101,2.610791018400335,34.58,0.54,28.79,8.882,-18.65,0.605
2024-03-30,90,3,2024,0.13,telemetry,32.6,23.8,generated,Sangrur,1,4.93,0.943,0.0,4.648,7.7091,0.0,7.7091,2.0493,7.9009,0.0375,5.5582,2.3427,2.6162101057522538,34.585,0.6,29.01,8.744,-18.52,0.46
2024-03-31,91,3,2024,0.0,telemetry,26.3,16.4,generated,Sangrur,1,4.473,0.922,0.0,4.124,7.0377,0.0,7.0377,1.8708,7.2295,0.0,5.5888,1.6407,2.620005264461325,34.589,0.6,29.57,8.609,-18.89,0.42
2024-04-01,92,4,2024,0.0,telemetry,29.3,13.8,generated,Sangrur,1,5.654,0.901,0.0,5.096,8.6956,0.0,8.6956,2.3115,8.8874,0.0,5.6165,3.2709,2.6275714449165855,34.597,0.6,29.66,8.575,-25.54,0.519
2024-04-02,93,4,2024,0.13,telemetry,30.6,11.8,generated,Sangrur,1,6.202,0.88,0.0,5.461,9.0975,0.0,9.0975,2.4183,9.2893,0.0375,5.6436,3.6457,2.6360045302149415,34.605,0.73,29.25,8.557,-28.55,0.543
2024-04-03,94,4,2024,0.0,telemetry,32.1,18.7,telemetry,Sangrur,1,5.829,0.86,0.0,5.011,8.5514,0.0,8.5514,2.2732,8.7432,0.0,5.6708,3.0724,2.6431114605874995,34.612,0.53,29.32,8.455,-28.54,0.51
2024-04-04,95,4,2024,0.0,telemetry,33.1,21.9,telemetry,Sangrur,1,5.615,0.839,0.0,4.711,8.0387,0.0,8.0387,2.1369,8.2305,0.0,5.6972,2.5333,2.648971312185859,34.618,0.26,29.43,8.469,-28.53,0.48
2024-04-05,96,4,2024,0.0,telemetry,32.3,21.2,telemetry,Sangrur,1,5.523,0.818,0.0,4.519,7.7119,0.0,7.7119,2.05,7.9037,0.0,5.7222,2.1815,2.654017502679427,34.623,0.26,29.6,8.378,-28.66,0.46
2024-04-06,97,4,2024,0.0,telemetry,32.0,20.5,telemetry,Sangrur,1,5.584,0.798,0.0,4.454,7.6,0.0,7.6,2.0203,7.7918,0.0,5.7453,2.0465,2.658751389162426,34.628,0.13,29.58,8.275,-28.66,0.454
2024-04-07,98,4,2024,0.0,telemetry,31.7,18.3,telemetry,Sangrur,1,5.883,0.777,0.0,4.57,7.7991,0.0,7.7991,2.0732,7.9909,0.0,5.7665,2.2244,2.6638967216641807,34.633,0.13,29.68,8.196,-28.73,0.465
2024-04-08,99,4,2024,0.0,telemetry,33.6,21.0,telemetry,Sangrur,1,6.039,0.756,0.0,4.566,7.7911,0.0,7.7911,2.0711,7.9829,0.0,5.7863,2.1966,2.668977901785135,34.638,0.13,29.88,8.131,-28.73,0.465
2024-04-09,100,4,2024,0.0,telemetry,33.7,22.2,telemetry,Sangrur,1,5.878,0.735,0.0,4.322,7.3757,0.0,7.3757,1.9606,7.5675,0.0,5.8046,1.7629,2.6730558282394745,34.642,0.0,30.15,8.094,-28.73,0.44
2024-04-10,101,4,2024,0.0,telemetry,31.8,12.7,generated,Sangrur,1,6.66,0.715,0.0,4.759,8.1213,0.0,8.1213,2.1588,8.3131,0.0,5.821,2.4921,2.6788204776463176,34.648,0.0,30.36,8.299,-28.73,0.485
2024-04-11,102,4,2024,0.0,telemetry,31.8,13.6,generated,Sangrur,1,6.602,0.694,0.0,4.581,7.817,0.0,7.817,2.0779,8.0088,0.0,5.8366,2.1722,2.683845010926634,34.653,0.0,30.58,8.106,-28.73,0.467
2024-04-12,103,4,2024,0.0,telemetry,34.8,22.0,generated,Sangrur,1,6.342,0.673,0.0,4.269,7.2848,0.0,7.2848,1.9365,7.4766,0.0,5.8512,1.6254,2.68760489109507,34.657,0.0,30.86,7.902,-28.73,0.435
2024-04-13,104,4,2024,1.8,telemetry,32.4,22.6,telemetry,Sangrur,1,5.463,0.652,0.0,3.564,3.0548,0.0,3.0548,0.812,3.2466,0.5188,5.8639,-2.6173,2.6815506781281115,34.651,1.8,30.86,7.57,-28.08,0.182
2024-04-14,105,4,2024,2.93,telemetry,27.9,22.1,telemetry,Sangrur,1,3.986,0.632,0.0,2.518,0.0,0.0,0.0,0.0,0.1918,0.8444,5.87,-5.6782,2.668416053026447,34.637,4.73,30.62,7.067,-25.46,0.0
2024-04-15,106,4,2024,1.07,telemetry,30.1,20.1,telemetry,Sangrur,1,5.267,0.611,0.0,3.218,3.6813,0.0,3.6813,0.9786,3.8731,0.3084,5.8665,-1.9934,2.6638050634640233,34.633,5.8,30.66,6.709,-24.48,0.22
2024-04-16,107,4,2024,0.0,telemetry,32.0,18.9,telemetry,Sangrur,1,6.101,0.59,0.0,3.601,6.145,0.0,6.145,1.6335,6.3368,0.0,5.8582,0.4786,2.664912044928911,34.634,5.8,30.8,6.498,-24.48,0.367
2024-04-17,108,4,2024,0.0,telemetry,32.3,19.9,telemetry,Sangrur,1,6.047,0.57,0.0,3.444,5.8771,0.0,5.8771,1.5623,6.0689,0.0,5.8486,0.2203,2.6654216398459116,34.634,5.8,30.95,6.307,-24.48,0.351
2024-04-18,109,4,2024,0.0,telemetry,28.4,22.7,telemetry,Sangrur,1,4.064,0.549,0.0,2.23,3.8053,0.0,3.8053,1.0115,3.9971,0.0,5.8373,-1.8402,2.661164947308073,34.63,5.8,30.94,6.005,-24.35,0.227
2024-04-19,110,4,2024,1.93,telemetry,30.3,21.3,telemetry,Sangrur,1,5.154,0.528,0.0,2.721,1.4015,0.0,1.4015,0.3726,1.5933,0.5562,5.8217,-4.2284,2.6513839950343554,34.62,7.73,30.95,5.554,-22.55,0.084
2024-04-20,111,4,2024,0.53,telemetry,33.0,21.6,telemetry,Sangrur,1,6.021,0.507,0.0,3.055,4.3118,0.0,4.3118,1.1462,4.5036,0.1527,5.7998,-1.2962,2.6483857114722023,34.617,6.46,31.15,5.319,-21.9,0.257
2024-04-21,112,4,2024,0.0,telemetry,32.8,21.2,telemetry,Sangrur,1,6.054,0.487,0.0,2.946,5.0266,0.0,5.0266,1.3362,5.2184,0.0,5.7755,-0.5571,2.647097118970862,34.616,3.53,31.24,5.121,-21.9,0.3
2024-04-22,113,4,2024,0.0,telemetry,31.3,22.6,telemetry,Sangrur,1,5.254,0.466,0.0,2.448,4.177,0.0,4.177,1.1103,4.3688,0.0,5.7497,-1.3809,2.643902825429784,34.613,2.46,31.27,4.863,-21.97,0.249
2024-04-23,114,4,2024,2.8,telemetry,30.1,22.8,telemetry,Sangrur,1,4.775,0.445,0.0,2.125,0.0,0.0,0.0,0.0,0.1918,0.807,5.7215,-5.5297,2.6311116474059704,34.6,5.26,31.27,4.336,-19.4,0.0
2024-04-24,115,4,2024,0.0,telemetry,33.7,25.1,telemetry,Sangrur,1,5.546,0.424,0.0,2.354,4.0161,0.0,4.0161,1.0676,4.2079,0.0,5.6868,-1.4789,2.627690684974595,34.597,5.26,31.39,4.043,-19.4,0.24
2024-04-25,116,4,2024,0.0,telemetry,34.8,21.6,telemetry,Sangrur,1,6.717,0.404,0.0,2.711,4.6266,0.0,4.6266,1.2299,4.8184,0.0,5.6503,-0.8319,2.6257663187699394,34.595,5.26,31.61,3.815,-19.4,0.276
2024-04-26,117,4,2024,0.07,telemetry,35.4,23.8,telemetry,Sangrur,1,6.508,0.383,0.0,2.492,4.1331,0.0,4.1331,1.0987,4.3249,0.0202,5.6131,-1.2882,2.6227864794544713,34.592,3.4,31.79,3.59,-19.53,0.247
2024-04-27,118,4,2024,0.0,telemetry,26.3,19.7,telemetry,Sangrur,1,4.238,0.362,0.0,1.535,2.6192,0.0,2.6192,0.6962,2.811,0.0,5.5747,-2.7637,2.6163936740104328,34.585,2.87,31.54,3.559,-19.8,0.156
2024-04-28,119,4,2024,0.0,telemetry,32.7,22.0,telemetry,Sangrur,1,5.988,0.341,0.0,2.045,3.4893,0.0,3.4893,0.9275,3.6811,0.0,5.5331,-1.852,2.61210979637885,34.581,2.87,31.64,3.808,-19.8,0.208
2024-04-29,120,4,2024,1.4,telemetry,24.6,18.3,telemetry,Sangrur,1,4.006,0.321,0.0,1.285,0.0,0.0,0.0,0.0,0.1918,0.4035,5.4898,-5.298,2.599854653654155,34.569,4.27,31.37,3.545,-18.65,0.0
2024-04-30,121,4,2024,0.0,telemetry,31.1,19.7,telemetry,Sangrur,0,5.947,0.0,0.0,0.0,0.0,0.0,0.0,0.0,0.1918,0.0,5.441,-5.2492,2.5877123388618593,34.557,1.47,31.53,3.106,-18.64,0.0
2024-05-01,122,5,2024,0.0,telemetry,29.1,18.2,telemetry,Sangrur,0,5.594,0.0,0.0,0.0,0.0,0.0,0.0,0.0,0.1918,0.0,5.3866,-5.1948,2.5756958818175044,34.545,1.47,31.53,2.686,-18.58,0.0
2024-05-02,123,5,2024,0.0,telemetry,32.1,19.2,telemetry,Sangrur,0,6.396,0.0,0.0,0.0,0.0,0.0,0.0,0.0,0.1918,0.0,5.3272,-5.1354,2.5638169989059048,34.533,1.47,31.58,2.414,-18.66,0.0
2024-05-03,124,5,2024,0.0,telemetry,32.4,20.4,telemetry,Sangrur,0,6.292,0.0,0.0,0.0,0.0,0.0,0.0,0.0,0.1918,0.0,5.2631,-5.0713,2.552086181910431,34.521,1.4,31.59,2.314,-18.66,0.0
2024-05-04,125,5,2024,0.0,telemetry,32.0,24.6,telemetry,Sangrur,0,5.166,0.0,0.0,0.0,0.0,0.0,0.0,0.0,0.1918,0.0,5.1951,-5.0033,2.5405127813838964,34.51,1.4,31.55,2.006,-18.66,0.0
2024-05-05,126,5,2024,0.0,telemetry,36.4,24.9,telemetry,Sangrur,0,6.784,0.0,0.0,0.0,0.0,0.0,0.0,0.0,0.1918,0.0,5.1235,-4.9317,2.529105085189993,34.498,1.4,31.69,1.647,-18.65,0.0
2024-05-06,127,5,2024,0.0,telemetry,37.9,23.2,telemetry,Sangrur,0,7.672,0.0,0.0,0.0,0.0,0.0,0.0,0.0,0.1918,0.0,5.0487,-4.8569,2.5178703923835206,34.487,0.0,31.88,1.349,-18.65,0.0
2024-05-07,128,5,2024,0.0,telemetry,38.0,26.7,telemetry,Sangrur,0,6.993,0.0,0.0,0.0,0.0,0.0,0.0,0.0,0.1918,0.0,4.9711,-4.7793,2.5068150827252973,34.476,0.0,32.09,1.349,-18.64,0.0
2024-05-08,129,5,2024,0.0,telemetry,36.6,27.3,telemetry,Sangrur,0,6.307,0.0,0.0,0.0,0.0,0.0,0.0,0.0,0.1918,0.0,4.8912,-4.6994,2.495944682070502,34.465,0.0,32.19,1.062,-18.62,0.0
2024-05-09,130,5,2024,0.0,telemetry,35.7,26.1,telemetry,Sangrur,0,6.286,0.0,0.0,0.0,0.0,0.0,0.0,0.0,0.1918,0.0,4.8092,-4.6174,2.4852639237273433,34.454,0.0,32.26,0.732,-18.61,0.0
2024-05-10,131,5,2024,0.0,telemetry,35.0,26.8,telemetry,Sangrur,0,5.821,0.0,0.0,0.0,0.0,0.0,0.0,0.0,0.1918,0.0,4.7255,-4.5337,2.474776805994163,34.444,0.0,32.37,0.436,-18.61,0.0
2024-05-11,132,5,2024,0.07,telemetry,33.3,24.9,telemetry,Sangrur,0,5.685,0.0,0.0,0.0,0.0,0.0,0.0,0.0,0.1918,0.0202,4.6403,-4.4485,2.464486656558969,34.434,0.07,32.42,0.249,-18.54,0.0
2024-05-12,133,5,2024,0.0,telemetry,28.1,23.5,telemetry,Sangrur,0,3.919,0.0,0.0,0.0,0.0,0.0,0.0,0.0,0.1918,0.0,4.5541,-4.3623,2.4543960767783717,34.423,0.07,32.19,0.0,-18.54,0.0
2024-05-13,134,5,2024,0.0,telemetry,35.9,24.0,telemetry,Sangrur,0,6.916,0.0,0.0,0.0,0.0,0.0,0.0,0.0,0.1918,0.0,4.4669,-4.2751,2.444507178756895,34.414,0.07,32.31,0.0,-20.34,0.0
2024-05-14,135,5,2024,0.0,telemetry,38.3,25.6,telemetry,Sangrur,0,7.457,0.0,1.05,0.0,0.0,12.4224,12.4224,3.3022,12.6142,0.0,4.379,8.2352,2.463556519268417,34.433,0.07,32.66,0.0,-23.27,0.741
2024-05-15,136,5,2024,0.0,telemetry,39.1,25.5,telemetry,Sangrur,0,7.785,0.0,1.05,0.0,0.0,12.968,12.968,3.4472,13.1598,0.0,4.3076,8.8522,2.4840329795321954,34.453,0.07,32.96,0.0,-24.34,0.774
2024-05-16,137,5,2024,0.0,telemetry,40.0,28.4,telemetry,Sangrur,0,7.475,0.0,1.05,0.0,0.0,12.4517,12.4517,3.3099,12.6435,0.0,4.2523,8.3912,2.5034432069738926,34.473,0.07,33.22,0.0,-24.34,0.743
2024-05-17,138,5,2024,0.0,telemetry,40.9,29.3,telemetry,Sangrur,0,7.616,0.0,1.05,0.0,0.0,12.6878,12.6878,3.3727,12.8796,0.0,4.211,8.6686,2.5234951251842292,34.493,0.07,33.51,0.0,-24.2,0.757
2024-05-18,139,5,2024,6.33,telemetry,41.6,29.2,telemetry,Sangrur,0,7.932,0.0,1.05,0.0,0.0,3.6789,3.6789,0.9779,3.8707,1.8243,4.1829,-0.3122,2.5227728921864614,34.492,6.33,33.95,0.0,-18.4,0.22
2024-05-19,140,5,2024,0.0,telemetry,41.2,29.7,telemetry,Sangrur,0,7.657,0.0,1.05,0.0,0.0,12.7556,12.7556,3.3907,12.9474,0.0,4.1578,8.7896,2.5431046534684882,34.512,6.33,34.31,0.0,-20.33,0.761
2024-05-20,141,5,2024,0.0,telemetry,41.3,29.6,telemetry,Sangrur,0,7.735,0.0,1.05,0.0,0.0,12.8846,12.8846,3.425,13.0764,0.0,4.1448,8.9316,2.5637648420770636,34.533,6.33,34.59,0.0,-20.86,0.769
2024-05-21,142,5,2024,0.0,telemetry,40.2,28.9,telemetry,Sangrur,0,7.483,0.0,1.05,0.0,0.0,12.4657,12.4657,3.3137,12.6575,0.0,4.1432,8.5143,2.583459867770192,34.553,6.33,34.84,0.0,-20.86,0.744
2024-05-22,143,5,2024,0.0,telemetry,40.1,30.0,telemetry,Sangrur,0,7.152,0.0,1.05,0.0,0.0,11.9137,11.9137,3.1669,12.1055,0.0,4.1513,7.9542,2.6018591637891584,34.571,6.33,35.13,0.0,-20.8,0.711
2024-05-23,144,5,2024,0.0,telemetry,37.9,29.3,telemetry,Sangrur,0,6.427,0.0,1.05,0.0,0.0,10.7055,10.7055,2.8458,10.8973,0.0,4.1677,6.7296,2.617425841641916,34.586,6.33,35.39,0.0,-21.73,0.639
2024-05-24,145,5,2024,0.0,telemetry,37.6,23.5,telemetry,Sangrur,0,7.75,0.0,1.05,0.0,0.0,12.9102,12.9102,3.4318,13.102,0.0,4.1899,8.9121,2.638040977384044,34.607,6.33,35.52,0.0,-21.55,0.771
2024-05-25,146,5,2024,0.0,telemetry,39.2,27.7,telemetry,Sangrur,0,7.428,0.0,1.05,0.0,0.0,12.3731,12.3731,3.2891,12.5649,0.0,4.2204,8.3445,2.6573431154064577,34.626,0.0,35.67,0.0,-21.53,0.738
2024-05-26,147,5,2024,0.0,telemetry,41.6,29.1,telemetry,Sangrur,0,8.04,0.0,1.05,0.0,0.0,13.393,13.393,3.5602,13.5848,0.0,4.2578,9.327,2.6789180517220053,34.648,0.0,35.87,0.0,-21.38,0.799
2024-05-27,148,5,2024,0.0,telemetry,41.7,30.7,telemetry,Sangrur,0,7.671,0.0,1.05,0.0,0.0,12.7782,12.7782,3.3967,12.97,0.0,4.3027,8.6673,2.6989669401761107,34.668,0.0,36.39,0.0,-21.38,0.763
2024-05-28,149,5,2024,0.0,telemetry,42.9,30.9,telemetry,Sangrur,0,8.124,0.0,1.05,0.0,0.0,13.5331,13.5331,3.5974,13.7249,0.0,4.3536,9.3713,2.7206441998586577,34.69,0.0,36.73,0.0,-21.05,0.808
2024-05-29,150,5,2024,0.07,telemetry,43.0,31.5,telemetry,Sangrur,0,8.011,0.0,1.05,0.0,0.0,13.2347,13.2347,3.5181,13.4265,0.0202,4.411,9.0155,2.741498468335661,34.711,0.07,37.34,0.0,-22.23,0.79
2024-05-30,151,5,2024,0.0,telemetry,38.7,31.9,telemetry,Sangrur,0,5.948,0.0,1.05,0.0,0.0,9.9078,9.9078,2.6337,10.0996,0.0,4.4738,5.6258,2.754511797436724,34.724,0.07,37.59,0.0,-21.74,0.591
2024-05-31,152,5,2024,0.0,telemetry,41.9,30.0,telemetry,Sangrur,0,7.971,0.0,1.052,0.0,0.0,13.3015,13.3015,3.5358,13.4933,0.0,4.5369,8.9564,2.7752293726543646,34.744,0.07,38.02,0.0,-21.73,0.794
2024-06-01,153,6,2024,0.73,telemetry,41.5,31.8,telemetry,Sangrur,0,7.296,0.0,1.055,0.0,0.0,11.0661,11.0661,2.9416,11.2579,0.5786,4.6048,6.6531,2.790619158136533,34.76,0.8,38.33,0.0,-20.95,0.66
2024-06-02,154,6,2024,0.07,telemetry,39.6,28.2,telemetry,Sangrur,0,7.516,0.0,1.059,0.0,0.0,12.5178,12.5178,3.3275,12.7096,0.0555,4.6748,8.0348,2.809205040200849,34.778,0.87,38.57,0.0,-20.89,0.747
2024-06-03,155,6,2024,0.0,telemetry,40.7,29.7,telemetry,Sangrur,0,7.574,0.0,1.063,0.0,0.0,12.7699,12.7699,3.3945,12.9617,0.0,4.7477,8.214,2.828205274963822,34.797,0.87,38.86,0.0,-20.89,0.762
2024-06-04,156,6,2024,0.07,telemetry,39.2,26.7,telemetry,Sangrur,0,7.736,0.0,1.066,0.0,0.0,12.9771,12.9771,3.4496,13.1689,0.0555,4.8235,8.3454,2.8475094252822886,34.817,0.94,38.96,0.0,-20.83,0.775
2024-06-05,157,6,2024,0.27,telemetry,39.7,25.1,telemetry,Sangrur,0,8.275,0.0,1.07,0.0,0.0,13.6203,13.6203,3.6206,13.8121,0.214,4.9022,8.9099,2.868119462321998,34.837,1.14,39.02,0.0,-20.56,0.813
2024-06-06,158,6,2024,0.07,telemetry,38.2,26.5,telemetry,Sangrur,0,7.405,0.0,1.074,0.0,0.0,12.5017,12.5017,3.3232,12.6935,0.0555,4.9844,7.7091,2.8859517415627565,34.855,1.21,39.02,0.0,-20.49,0.746
2024-06-07,159,6,2024,0.0,telemetry,37.8,28.1,telemetry,Sangrur,0,6.826,0.0,1.077,0.0,0.0,11.6669,11.6669,3.1013,11.8587,0.0,5.0681,6.7906,2.9016595931665528,34.871,1.21,39.06,0.0,-20.48,0.696
2024-06-08,160,6,2024,0.0,telemetry,37.4,27.0,telemetry,Sangrur,0,6.967,0.0,1.081,0.0,0.0,11.9478,11.9478,3.176,12.1396,0.0,5.1515,6.9881,2.9178241336298187,34.887,0.48,39.12,0.0,-20.48,0.713
2024-06-09,161,6,2024,0.0,telemetry,39.9,27.7,telemetry,Sangrur,0,7.791,0.0,1.085,0.0,0.0,13.4051,13.4051,3.5634,13.5969,0.0,5.2351,8.3618,2.9371663305610665,34.906,0.41,39.28,0.0,-20.42,0.8
2024-06-10,162,6,2024,0.0,telemetry,40.5,28.4,telemetry,Sangrur,0,7.859,0.0,1.088,0.0,0.0,13.5686,13.5686,3.6068,13.7604,0.0,5.3206,8.4398,2.956688957102679,34.926,0.41,39.52,0.0,-20.49,0.81
2024-06-11,163,6,2024,0.0,telemetry,41.5,29.6,telemetry,Sangrur,0,7.961,0.0,1.092,0.0,0.0,13.7897,13.7897,3.6656,13.9815,0.0,5.4079,8.5736,2.9765210126897936,34.946,0.34,39.97,0.0,-20.49,0.823
2024-06-12,164,6,2024,0.0,telemetry,42.7,29.9,telemetry,Sangrur,0,8.375,0.0,1.095,0.0,0.0,14.555,14.555,3.8691,14.7468,0.0,5.4971,9.2497,2.9979171101775273,34.967,0.07,40.2,0.0,-20.47,0.869
2024-06-13,165,6,2024,0.0,telemetry,41.7,31.5,telemetry,Sangrur,0,7.519,0.0,1.099,0.0,0.0,13.1115,13.1115,3.4853,13.3033,0.0,5.5888,7.7145,3.0157620499795263,34.985,0.0,40.31,0.0,-20.47,0.783
2024-06-14,166,6,2024,0.0,telemetry,41.6,30.2,telemetry,Sangrur,0,7.848,0.0,1.103,0.0,0.0,13.7308,13.7308,3.65,13.9226,0.0,5.6807,8.2419,3.0348269719477425,35.004,0.0,40.39,0.0,-20.21,0.82
2024-06-15,167,6,2024,0.0,telemetry,41.9,30.6,telemetry,Sangrur,0,7.866,0.0,1.106,0.0,0.0,13.8068,13.8068,3.6702,13.9986,0.0,5.7734,8.2252,3.053853162996718,35.023,0.0,40.46,0.0,-20.21,0.824
2024-06-16,168,6,2024,0.0,telemetry,42.8,31.4,telemetry,Sangrur,0,8.026,0.0,1.11,0.0,0.0,14.1335,14.1335,3.757,14.3253,0.0,5.8669,8.4584,3.0734188792591444,35.042,0.0,40.52,0.0,-20.21,0.844
2024-06-17,169,6,2024,0.0,telemetry,42.6,27.4,telemetry,Sangrur,0,8.913,0.0,1.114,0.0,0.0,15.748,15.748,4.1862,15.9398,0.0,5.9612,9.9786,3.0965008580320403,35.066,0.0,40.55,0.0,-26.54,0.94
2024-06-18,170,6,2024,0.0,telemetry,41.7,29.9,telemetry,Sangrur,0,7.972,0.0,1.117,0.0,0.0,14.1317,14.1317,3.7565,14.3235,0.0,6.0585,8.265,3.115619075016947,35.085,0.0,40.57,0.0,-26.4,0.843
2024-06-19,171,6,2024,0.0,telemetry,41.3,25.5,telemetry,Sangrur,0,8.812,0.0,1.121,0.0,0.0,15.6704,15.6704,4.1655,15.8622,0.0,6.156,9.7062,3.1380709587922984,35.107,0.0,40.57,0.0,-26.4,0.935
2024-06-20,172,6,2024,7.0,telemetry,37.3,27.6,telemetry,Sangrur,0,6.776,0.0,1.125,0.0,0.0,1.6049,1.6049,0.4266,1.7967,5.548,6.2557,-4.459,3.127756529035084,35.097,7.0,40.47,0.0,-19.98,0.096
2024-06-21,173,6,2024,0.07,telemetry,33.7,27.7,telemetry,Sangrur,0,5.143,0.0,1.128,0.0,0.0,9.0939,9.0939,2.4174,9.2857,0.0555,6.3471,2.9386,3.1345538749083066,35.104,7.07,40.26,0.0,-19.92,0.543
2024-06-22,174,6,2024,0.0,telemetry,38.7,27.5,telemetry,Sangrur,0,7.373,0.0,1.132,0.0,0.0,13.2388,13.2388,3.5192,13.4306,0.0,6.4322,6.9984,3.150742353756336,35.12,7.07,40.29,0.0,-19.92,0.79
2024-06-23,175,6,2024,0.0,telemetry,38.7,28.7,telemetry,Sangrur,0,7.047,0.0,1.135,0.0,0.0,12.6948,12.6948,3.3746,12.8866,0.0,6.5168,6.3698,3.165476823855926,35.135,7.07,40.32,0.0,-19.92,0.758
2024-06-24,176,6,2024,0.0,telemetry,39.6,29.1,telemetry,Sangrur,0,7.31,0.0,1.139,0.0,0.0,13.2112,13.2112,3.5118,13.403,0.0,6.6,6.803,3.1812131922017874,35.15,7.07,40.34,0.0,-19.92,0.789
2024-06-25,177,6,2024,0.0,telemetry,39.0,30.0,telemetry,Sangrur,0,6.786,0.0,1.143,0.0,0.0,12.3018,12.3018,3.2701,12.4936,0.0,6.6826,5.811,3.1946548696127373,35.164,7.07,40.25,0.0,-19.92,0.734
2024-06-26,178,6,2024,0.53,telemetry,38.7,31.0,telemetry,Sangrur,0,6.316,0.0,1.146,0.0,0.0,10.65,10.65,2.831,10.8418,0.4201,6.7633,4.0785,3.2040891897517576,35.173,7.6,40.15,0.0,-19.43,0.636
2024-06-27,179,6,2024,53.27,telemetry,35.9,26.6,telemetry,Sangrur,0,6.464,0.0,1.15,0.0,0.0,0.0,0.0,0.0,0.1918,42.22,6.8403,-6.6485,3.1887100914482414,35.158,53.87,39.92,0.0,29.49,0.0
2024-06-28,180,6,2024,0.0,telemetry,37.8,30.4,telemetry,Sangrur,0,6.099,0.0,1.154,0.0,0.0,11.1619,11.1619,2.9671,11.3537,0.0,6.9686,4.3851,3.1988536236679193,35.168,53.8,39.74,0.0,29.43,0.666
2024-06-29,181,6,2024,0.0,telemetry,33.6,28.4,telemetry,Sangrur,0,4.805,0.0,1.157,0.0,0.0,8.8213,8.8213,2.3449,9.0131,0.0,7.0903,1.9228,3.2033013996448436,35.172,53.8,39.57,0.0,29.43,0.527
2024-06-30,182,6,2024,0.0,telemetry,37.3,31.1,telemetry,Sangrur,0,5.587,0.0,1.161,0.0,0.0,10.2906,10.2906,2.7355,10.4824,0.0,7.2026,3.2798,3.2108881199982484,35.18,53.8,39.42,0.0,29.86,0.614
2024-07-01,183,7,2024,0.0,telemetry,36.2,28.8,telemetry,Sangrur,0,5.901,0.0,1.165,0.0,0.0,10.9026,10.9026,2.8982,11.0944,0.0,7.308,3.7864,3.2196466134753905,35.189,53.8,39.24,0.0,29.13,0.651
2024-07-02,184,7,2024,1.47,telemetry,36.4,29.2,telemetry,Sangrur,0,5.852,0.0,1.168,0.0,0.0,8.5407,8.5407,2.2703,8.7325,1.1651,7.4078,1.3247,3.222710952849725,35.192,55.27,39.14,0.0,30.41,0.51
2024-07-03,185,7,2024,0.2,telemetry,36.1,27.3,telemetry,Sangrur,0,6.325,0.0,1.172,0.0,0.0,11.4412,11.4412,3.0413,11.633,0.1585,7.5007,4.1323,3.2322695054483894,35.201,54.94,38.98,0.0,30.59,0.683
2024-07-04,186,7,2024,46.13,telemetry,30.8,27.5,telemetry,Sangrur,0,3.671,0.0,1.175,0.0,0.0,0.0,0.0,0.0,0.1918,36.5611,7.5897,-7.3979,3.2151570095974185,35.184,47.8,38.7,0.0,74.72,0.0
2024-07-05,187,7,2024,0.0,telemetry,34.8,25.0,telemetry,Sangrur,0,6.422,0.0,1.179,0.0,0.0,12.0133,12.0133,3.1934,12.2051,0.0,7.7193,4.4858,3.225533465370348,35.195,47.8,38.54,0.0,74.59,0.717
2024-07-06,188,7,2024,14.8,telemetry,32.3,24.2,telemetry,Sangrur,0,5.632,0.0,1.183,0.0,0.0,0.0,0.0,0.0,0.1918,11.73,7.843,-7.6512,3.2078350750831444,35.177,62.6,38.34,0.0,88.08,0.0
2024-07-07,189,7,2024,1.33,telemetry,34.2,29.1,generated,Sangrur,0,4.795,0.0,1.186,0.0,0.0,6.937,6.937,1.844,7.1288,1.0541,7.964,-0.8352,3.2059031180150623,35.175,63.93,38.22,0.0,90.26,0.414
2024-07-08,190,7,2024,0.93,telemetry,35.7,27.2,telemetry,Sangrur,0,6.159,0.0,1.19,0.0,0.0,10.1641,10.1641,2.7018,10.3559,0.7371,8.0745,2.2814,3.2111803737471516,35.18,64.86,38.17,0.0,93.08,0.607
2024-07-09,191,7,2024,0.0,telemetry,34.9,24.0,telemetry,Sangrur,0,6.685,0.0,1.194,0.0,0.0,12.6601,12.6601,3.3653,12.8519,0.0,8.179,4.6729,3.2219895947949153,35.191,63.39,38.0,0.0,93.34,0.756
2024-07-10,192,7,2024,0.4,telemetry,35.5,29.3,telemetry,Sangrur,0,5.351,0.0,1.197,0.0,0.0,9.5324,9.5324,2.5339,9.7242,0.317,8.2799,1.4443,3.225330501297928,35.194,63.59,37.83,0.0,93.71,0.569
2024-07-11,193,7,2024,0.13,telemetry,35.3,29.3,telemetry,Sangrur,0,5.248,0.0,1.2,0.0,0.0,9.7859,9.7859,2.6013,9.9777,0.103,8.3735,1.6042,3.229041167964687,35.198,17.59,37.63,0.0,93.83,0.584
2024-07-12,194,7,2024,34.67,telemetry,33.1,22.3,telemetry,Sangrur,0,6.388,0.0,1.2,0.0,0.0,0.0,0.0,0.0,0.1918,27.4783,8.4603,-8.2685,3.2099148409114844,35.179,52.26,37.31,0.0,125.61,0.0
2024-07-13,195,7,2024,0.0,telemetry,35.7,26.1,telemetry,Sangrur,0,6.439,0.0,1.2,0.0,0.0,12.2581,12.2581,3.2585,12.4499,0.0,8.5724,3.8775,3.2188842168594696,35.188,37.46,37.11,0.0,125.61,0.732
2024-07-14,196,7,2024,0.0,telemetry,35.5,28.2,telemetry,Sangrur,0,5.717,0.0,1.2,0.0,0.0,10.8847,10.8847,2.8934,11.0765,0.0,8.6796,2.3969,3.224428647396809,35.193,36.13,36.9,0.0,125.64,0.65
2024-07-15,197,7,2024,0.0,telemetry,36.8,28.7,telemetry,Sangrur,0,6.124,0.0,1.2,0.0,0.0,11.6589,11.6589,3.0992,11.8507,0.0,8.7802,3.0705,3.2315311261356525,35.201,35.2,36.73,0.0,125.65,0.696
2024-07-16,198,7,2024,0.0,telemetry,37.8,30.3,telemetry,Sangrur,0,6.036,0.0,1.2,0.0,0.0,11.4923,11.4923,3.0549,11.6841,0.0,8.8756,2.8085,3.2380275998222157,35.207,35.2,36.57,0.0,125.65,0.686
2024-07-17,199,7,2024,0.07,telemetry,36.1,30.9,telemetry,Sangrur,0,4.966,0.0,1.2,0.0,0.0,9.3439,9.3439,2.4838,9.5357,0.0555,8.9657,0.57,3.2393461420538876,35.208,34.87,36.35,0.0,126.15,0.558
2024-07-18,200,7,2024,0.0,telemetry,34.6,24.7,telemetry,Sangrur,0,6.329,0.0,1.2,0.0,0.0,12.0498,12.0498,3.2031,12.2416,0.0,9.0478,3.1938,3.246733928698726,35.216,34.74,36.11,0.0,126.44,0.719
2024-07-19,201,7,2024,0.0,telemetry,36.2,29.1,telemetry,Sangrur,0,5.691,0.0,1.2,0.0,0.0,10.8338,10.8338,2.8799,11.0256,0.0,9.126,1.8996,3.251128050857946,35.22,0.07,35.94,0.0,126.44,0.647
2024-07-20,202,7,2024,0.0,telemetry,36.7,28.6,telemetry,Sangrur,0,6.069,0.0,1.2,0.0,0.0,11.5541,11.5541,3.0713,11.7459,0.0,9.1987,2.5472,3.2570201531259193,35.226,0.07,35.92,0.0,119.44,0.69
2024-07-21,203,7,2024,0.0,telemetry,36.0,25.4,telemetry,Sangrur,0,6.664,0.0,1.2,0.0,0.0,12.6866,12.6866,3.3724,12.8784,0.0,9.2672,3.6112,3.2653735467110896,35.234,0.07,36.0,0.0,119.39,0.757
2024-07-22,204,7,2024,0.0,telemetry,35.8,28.3,telemetry,Sangrur,0,5.752,0.0,1.2,0.0,0.0,10.9507,10.9507,2.9109,11.1425,0.0,9.3331,1.8094,3.2695590610231866,35.239,0.07,35.9,0.0,119.39,0.654
2024-07-23,205,7,2024,0.0,telemetry,34.4,23.5,telemetry,Sangrur,0,6.492,0.0,1.2,0.0,0.0,12.3598,12.3598,3.2855,12.5516,0.0,9.3941,3.1575,3.276862921127472,35.246,0.07,35.76,0.0,119.39,0.738
2024-07-24,206,7,2024,0.0,telemetry,35.5,28.9,telemetry,Sangrur,0,5.394,0.0,1.2,0.0,0.0,10.2684,10.2684,2.7296,10.4602,0.0,9.4523,1.0079,3.2791942794526627,35.248,0.0,35.62,0.0,120.49,0.613
2024-07-25,207,7,2024,8.47,telemetry,35.3,26.1,telemetry,Sangrur,0,6.166,0.0,1.2,0.0,0.0,0.0,0.0,0.0,0.1918,6.713,9.505,-9.3132,3.257651288952881,35.227,8.47,35.5,0.0,128.3,0.0
2024-07-26,208,7,2024,3.6,telemetry,35.2,27.1,telemetry,Sangrur,0,5.828,0.0,1.2,0.0,0.0,5.5493,5.5493,1.4751,5.7411,2.8532,9.5495,-3.8084,3.2488417572062906,35.218,12.07,35.38,0.0,131.86,0.331
2024-07-27,209,7,2024,0.0,telemetry,35.5,27.9,telemetry,Sangrur,0,5.698,0.0,1.2,0.0,0.0,10.8483,10.8483,2.8837,11.0401,0.0,9.5878,1.4523,3.2522011067963223,35.221,12.07,35.37,0.0,80.85,0.647
2024-07-28,210,7,2024,0.0,telemetry,35.2,27.4,telemetry,Sangrur,0,5.715,0.0,1.2,0.0,0.0,10.8799,10.8799,2.8921,11.0717,0.0,9.6229,1.4488,3.255552470583967,35.225,12.07,35.28,0.0,80.85,0.649
2024-07-29,211,7,2024,2.53,telemetry,35.1,27.5,telemetry,Sangrur,0,5.63,0.0,1.2,0.0,0.0,6.7852,6.7852,1.8037,6.977,2.0052,9.6549,-2.6779,3.2493581179354933,35.218,14.6,35.33,0.0,83.22,0.405
2024-07-30,212,7,2024,6.73,telemetry,36.9,29.1,telemetry,Sangrur,0,5.888,0.0,1.2,0.0,0.0,1.1081,1.1081,0.2946,1.2999,5.334,9.6817,-8.3818,3.2299697482865017,35.199,21.33,35.32,0.0,89.39,0.066
2024-07-31,213,7,2024,0.0,telemetry,34.4,28.6,telemetry,Sangrur,0,4.917,0.0,1.2,0.0,0.0,9.3614,9.3614,2.4885,9.5532,0.0,9.7014,-0.1482,3.229626958435186,35.199,21.33,35.26,0.0,89.39,0.559
2024-08-01,214,8,2024,2.47,telemetry,30.3,26.0,telemetry,Sangrur,0,3.937,0.0,1.2,0.0,0.0,3.6549,3.6549,0.9716,3.8467,1.9576,9.7172,-5.8705,3.2160476462219183,35.185,15.33,35.06,0.0,90.19,0.218
2024-08-02,215,8,2024,3.73,telemetry,35.7,26.7,telemetry,Sangrur,0,6.061,0.0,1.2,0.0,0.0,5.7974,5.7974,1.5411,5.9892,2.9563,9.7247,-3.7355,3.207406949652691,35.176,15.46,35.04,0.0,93.41,0.346
2024-08-03,216,8,2024,0.07,telemetry,33.2,26.3,telemetry,Sangrur,0,5.138,0.0,1.2,0.0,0.0,9.6702,9.6702,2.5706,9.862,0.0555,9.7291,0.1329,3.2077143273199678,35.177,15.53,35.12,0.0,47.35,0.577
2024-08-04,217,8,2024,0.0,telemetry,30.9,25.9,telemetry,Sangrur,0,4.239,0.0,1.2,0.0,0.0,8.0706,8.0706,2.1453,8.2624,0.0,9.7313,-1.4689,3.204316461474906,35.173,15.53,34.99,0.0,47.69,0.482
2024-08-05,218,8,2024,0.0,telemetry,35.0,27.2,telemetry,Sangrur,0,5.59,0.0,1.2,0.0,0.0,10.643,10.643,2.8292,10.8348,0.0,9.7291,1.1057,3.2068740652965793,35.176,13.0,35.08,0.0,32.89,0.635
2024-08-06,219,8,2024,0.0,telemetry,34.5,26.4,telemetry,Sangrur,0,5.607,0.0,1.2,0.0,0.0,10.6746,10.6746,2.8376,10.8664,0.0,9.7263,1.1401,3.2095112403422026,35.179,6.27,35.09,0.0,31.56,0.637
2024-08-07,220,8,2024,0.53,telemetry,30.0,28.2,telemetry,Sangrur,0,2.563,0.0,1.2,0.0,0.0,4.0413,4.0413,1.0743,4.2331,0.4201,9.723,-5.4899,3.1968123172978937,35.166,6.8,34.9,0.0,31.12,0.241
2024-08-08,221,8,2024,0.0,telemetry,35.3,26.9,telemetry,Sangrur,0,5.756,0.0,1.2,0.0,0.0,10.9592,10.9592,2.9132,11.151,0.0,9.7107,1.4403,3.2001440714862817,35.169,4.33,34.92,0.0,31.12,0.654
2024-08-09,222,8,2024,0.0,telemetry,34.8,27.8,telemetry,Sangrur,0,5.262,0.0,1.2,0.0,0.0,10.0179,10.0179,2.663,10.2097,0.0,9.6989,0.5108,3.2013256790590012,35.17,0.6,34.89,0.0,30.72,0.598
2024-08-10,223,8,2024,15.8,telemetry,32.5,29.1,telemetry,Sangrur,0,3.62,0.0,1.2,0.0,0.0,0.0,0.0,0.0,0.1918,12.5226,9.6863,-9.4945,3.1793634533781696,35.148,16.33,34.8,0.0,45.07,0.0
2024-08-11,224,8,2024,24.53,telemetry,32.6,25.7,telemetry,Sangrur,0,4.967,0.0,1.2,0.0,0.0,0.0,0.0,0.0,0.1918,19.4417,9.6799,-9.4881,3.157416030887318,35.126,40.86,34.78,0.0,32.89,0.0
2024-08-12,225,8,2024,0.0,telemetry,34.6,27.4,telemetry,Sangrur,0,5.259,0.0,1.2,0.0,0.0,10.0115,10.0115,2.6613,10.2033,0.0,9.691,0.5123,3.1586011376330676,35.128,40.86,34.75,0.0,32.89,0.598
2024-08-13,226,8,2024,2.13,telemetry,34.0,28.5,telemetry,Sangrur,0,4.606,0.0,1.2,0.0,0.0,5.4469,5.4469,1.4479,5.6387,1.6882,9.7002,-4.0615,3.1492062638248033,35.118,42.99,34.7,0.0,34.84,0.325
2024-08-14,227,8,2024,0.0,telemetry,35.0,26.7,telemetry,Sangrur,0,5.595,0.0,1.2,0.0,0.0,10.6512,10.6512,2.8313,10.843,0.0,9.7042,1.1388,3.151840600983797,35.121,42.46,34.64,0.0,34.84,0.636
2024-08-15,228,8,2024,1.87,telemetry,32.5,25.3,telemetry,Sangrur,0,4.986,0.0,1.2,0.0,0.0,6.5704,6.5704,1.7466,6.7622,1.4821,9.7076,-2.9454,3.1450274718396716,35.114,44.33,34.46,0.0,36.75,0.392
2024-08-16,229,8,2024,3.33,telemetry,35.0,26.8,telemetry,Sangrur,0,5.531,0.0,1.2,0.0,0.0,5.3882,5.3882,1.4323,5.58,2.6392,9.7073,-4.1273,3.1354803667553504,35.105,47.66,34.42,0.0,39.73,0.322
2024-08-17,230,8,2024,1.0,telemetry,34.4,27.2,telemetry,Sangrur,0,5.155,0.0,1.2,0.0,0.0,8.2411,8.2411,2.1907,8.4329,0.7926,9.7039,-1.271,3.132540344550577,35.102,32.86,34.42,0.0,40.65,0.492
2024-08-18,231,8,2024,0.07,telemetry,34.0,28.3,telemetry,Sangrur,0,4.605,0.0,1.2,0.0,0.0,8.6553,8.6553,2.3008,8.8471,0.0555,9.6985,-0.8514,3.1305709365990975,35.1,8.4,34.34,0.0,40.72,0.517
2024-08-19,232,8,2024,0.0,telemetry,33.1,27.1,generated,Sangrur,0,4.607,0.0,1.2,0.0,0.0,8.7709,8.7709,2.3315,8.9627,0.0,9.6906,-0.7279,3.1288872849828904,35.098,8.4,34.22,0.0,41.29,0.523
2024-08-20,233,8,2024,1.6,telemetry,33.1,23.3,generated,Sangrur,0,5.635,0.0,1.2,0.0,0.0,8.2211,8.2211,2.1854,8.4129,1.2681,9.6803,-1.2674,3.125955563324602,35.095,7.87,34.13,0.0,42.76,0.491
2024-08-21,234,8,2024,1.93,telemetry,33.6,24.6,generated,Sangrur,0,5.486,0.0,1.2,0.0,0.0,7.4288,7.4288,1.9747,7.6206,1.5297,9.6692,-2.0486,3.121216753027518,35.09,9.8,34.05,0.0,44.53,0.443
2024-08-22,235,8,2024,0.07,telemetry,34.3,27.9,telemetry,Sangrur,0,4.805,0.0,1.2,0.0,0.0,9.0377,9.0377,2.4024,9.2295,0.0555,9.6567,-0.4272,3.1202285008261184,35.089,8.0,34.05,0.0,44.59,0.539
2024-08-23,236,8,2024,9.8,telemetry,35.1,27.1,telemetry,Sangrur,0,5.353,0.0,1.2,0.0,0.0,0.0,0.0,0.0,0.1918,7.7672,9.6427,-9.4509,3.0983670924769227,35.067,14.47,34.04,0.0,53.58,0.0
2024-08-24,237,8,2024,3.6,telemetry,34.9,26.5,telemetry,Sangrur,0,5.419,0.0,1.2,0.0,0.0,4.7703,4.7703,1.2681,4.9621,2.8532,9.6276,-4.6655,3.087575081292456,35.057,17.07,34.02,0.0,48.41,0.285
2024-08-25,238,8,2024,0.0,telemetry,34.3,29.3,generated,Sangrur,0,4.259,0.0,1.2,0.0,0.0,8.1089,8.1089,2.1555,8.3007,0.0,9.6101,-1.3094,3.0845461667453438,35.054,17.0,33.99,0.0,44.81,0.484
2024-08-26,239,8,2024,0.33,telemetry,34.6,24.8,generated,Sangrur,0,5.688,0.0,1.2,0.0,0.0,10.3066,10.3066,2.7397,10.4984,0.2615,9.5904,0.908,3.086646498810518,35.056,17.33,33.96,0.0,45.11,0.615
2024-08-27,240,8,2024,19.27,telemetry,34.5,24.4,generated,Sangrur,0,5.721,0.0,1.2,0.0,0.0,0.0,0.0,0.0,0.1918,15.2728,9.572,-9.3802,3.064948584370232,35.034,35.0,33.94,0.0,62.77,0.0
2024-08-28,241,8,2024,3.53,telemetry,33.2,27.0,telemetry,Sangrur,0,4.525,0.0,1.2,0.0,0.0,3.1729,3.1729,0.8434,3.3647,2.7978,9.5655,-6.2008,3.0506051253363413,35.02,36.6,33.88,0.0,63.5,0.189
2024-08-29,242,8,2024,15.6,telemetry,28.9,25.8,telemetry,Sangrur,0,3.003,0.0,1.2,0.0,0.0,0.0,0.0,0.0,0.1918,12.364,9.5541,-9.3623,3.0289486523523554,34.998,52.13,33.61,0.0,71.35,0.0
2024-08-30,243,8,2024,0.0,telemetry,34.0,25.9,telemetry,Sangrur,0,5.113,0.0,1.2,0.0,0.0,9.7334,9.7334,2.5874,9.9252,0.0,9.5497,0.3755,3.0298173105185042,34.999,42.33,33.6,0.0,71.41,0.581
2024-08-31,244,8,2024,0.0,telemetry,34.9,27.0,telemetry,Sangrur,0,5.132,0.0,1.2,0.0,0.0,9.7711,9.7711,2.5974,9.9629,0.0,9.5448,0.4181,3.030784329674676,35.0,38.73,33.75,0.0,69.1,0.583
2024-09-01,245,9,2024,0.0,telemetry,34.1,27.7,telemetry,Sangrur,0,4.594,0.0,1.2,0.0,0.0,8.7468,8.7468,2.3251,8.9386,0.0,9.5396,-0.601,3.0293940613362107,34.998,38.73,33.7,0.0,65.37,0.522
2024-09-02,246,9,2024,0.0,telemetry,34.2,27.3,telemetry,Sangrur,0,4.734,0.0,1.2,0.0,0.0,9.0133,9.0133,2.3959,9.2051,0.0,9.5326,-0.3275,3.0286365726609423,34.998,38.4,33.73,0.0,65.3,0.538
2024-09-03,247,9,2024,3.13,telemetry,33.2,23.3,telemetry,Sangrur,0,5.354,0.0,1.2,0.0,0.0,5.352,5.352,1.4227,5.5438,2.4807,9.5241,-3.9803,3.0194294758491145,34.988,22.26,33.81,0.0,68.17,0.319
2024-09-04,248,9,2024,7.07,telemetry,33.2,26.9,telemetry,Sangrur,0,4.417,0.0,1.2,0.0,0.0,0.0,0.0,0.0,0.1918,5.6034,9.5134,-9.3216,2.9978671350489594,34.967,25.8,33.75,0.0,74.65,0.0
2024-09-05,249,9,2024,5.27,telemetry,34.4,27.4,telemetry,Sangrur,0,4.717,0.0,1.2,0.0,0.0,0.9713,0.9713,0.2582,1.1631,4.1768,9.4985,-8.3354,2.978586068726715,34.948,15.47,33.74,0.0,79.48,0.058
2024-09-06,250,9,2024,0.0,telemetry,33.2,24.5,telemetry,Sangrur,0,5.013,0.0,1.2,0.0,0.0,9.5432,9.5432,2.5368,9.735,0.0,9.4788,0.2562,2.9791786613363387,34.948,15.47,33.85,0.0,78.95,0.57
2024-09-07,251,9,2024,0.07,telemetry,33.8,26.2,telemetry,Sangrur,0,4.777,0.0,1.2,0.0,0.0,8.9837,8.9837,2.3881,9.1755,0.0555,9.4597,-0.2842,2.9785212705220476,34.948,15.54,33.8,0.0,79.02,0.536
2024-09-08,252,9,2024,0.0,telemetry,34.4,27.1,telemetry,Sangrur,0,4.732,0.0,1.2,0.0,0.0,9.0082,9.0082,2.3946,9.2,0.0,9.4404,-0.2404,2.9779653022576147,34.947,15.54,33.79,0.0,79.02,0.538
2024-09-09,253,9,2024,0.0,telemetry,34.8,27.9,telemetry,Sangrur,0,4.634,0.0,1.2,0.0,0.0,8.8213,8.8213,2.3449,9.0131,0.0,9.4207,-0.4076,2.9770224802057466,34.946,15.54,33.86,0.0,63.22,0.527
2024-09-10,254,9,2024,0.47,telemetry,31.6,26.7,telemetry,Sangrur,0,3.711,0.0,1.2,0.0,0.0,6.3217,6.3217,1.6805,6.5135,0.3725,9.4004,-2.8869,2.970344532811882,34.939,12.88,33.83,0.0,39.12,0.377
2024-09-11,255,9,2024,0.13,telemetry,35.5,26.0,telemetry,Sangrur,0,5.315,0.0,1.2,0.0,0.0,9.9129,9.9129,2.6351,10.1047,0.103,9.3768,0.7279,2.972028276952921,34.941,5.94,33.86,0.0,39.24,0.592
2024-09-12,256,9,2024,7.0,telemetry,35.2,26.8,telemetry,Sangrur,0,4.997,0.0,1.2,0.0,0.0,0.0,0.0,0.0,0.1918,5.548,9.3545,-9.1627,2.950833486891778,34.92,7.67,33.9,0.0,43.52,0.0
2024-09-13,257,9,2024,0.07,telemetry,32.4,25.4,telemetry,Sangrur,0,4.342,0.0,1.2,0.0,0.0,8.1553,8.1553,2.1679,8.3471,0.0555,9.3289,-0.9818,2.9485625387608168,34.918,7.74,33.81,0.0,43.59,0.487
2024-09-14,258,9,2024,0.07,telemetry,33.2,25.5,telemetry,Sangrur,0,4.573,0.0,1.2,0.0,0.0,8.5947,8.5947,2.2847,8.7865,0.0555,9.3023,-0.5158,2.9473692963714737,34.916,7.74,33.84,0.0,43.32,0.513
2024-09-15,259,9,2024,0.0,telemetry,33.6,27.0,telemetry,Sangrur,0,4.295,0.0,1.2,0.0,0.0,8.1769,8.1769,2.1736,8.3687,0.0,9.2756,-0.9069,2.945271396253318,34.914,7.74,33.79,0.0,41.52,0.488
2024-09-16,260,9,2024,0.0,telemetry,33.6,25.5,telemetry,Sangrur,0,4.658,0.0,1.2,0.0,0.0,8.8674,8.8674,2.3572,9.0592,0.0,9.2481,-0.1889,2.944834540093703,34.914,7.74,33.76,0.0,42.39,0.529
2024-09-17,261,9,2024,0.0,telemetry,34.4,27.2,telemetry,Sangrur,0,4.482,0.0,1.2,0.0,0.0,8.5324,8.5324,2.2681,8.7242,0.0,9.2206,-0.4964,2.94368632591546,34.913,7.27,33.78,0.0,42.32,0.509
2024-09-18,262,9,2024,0.0,telemetry,35.6,24.1,telemetry,Sangrur,0,5.521,0.0,1.2,0.0,0.0,10.5118,10.5118,2.7943,10.7036,0.0,9.1927,1.5109,2.947181175222457,34.916,7.14,33.86,0.0,44.17,0.627
2024-09-19,263,9,2024,0.0,telemetry,30.5,25.3,telemetry,Sangrur,0,3.54,0.0,1.2,0.0,0.0,6.7399,6.7399,1.7916,6.9317,0.0,9.1672,-2.2355,2.9420100011197126,34.911,0.14,33.77,0.0,42.79,0.402
2024-09-20,264,9,2024,0.0,telemetry,34.5,23.6,telemetry,Sangrur,0,5.224,0.0,1.2,0.0,0.0,9.9447,9.9447,2.6435,10.1365,0.0,9.1387,0.9978,2.9443180403390663,34.913,0.07,33.8,0.0,40.86,0.594
2024-09-21,265,9,2024,0.0,telemetry,34.4,25.8,telemetry,Sangrur,0,4.716,0.0,1.2,0.0,0.0,8.9775,8.9775,2.3864,9.1693,0.0,9.1118,0.0575,2.9444510796829455,34.914,0.0,33.81,0.0,40.84,0.536
2024-09-22,266,9,2024,0.0,telemetry,34.3,28.5,telemetry,Sangrur,0,3.954,0.0,1.2,0.0,0.0,7.527,7.527,2.0008,7.7188,0.0,9.085,-1.3662,2.9412908860730176,34.91,0.0,33.78,0.0,32.17,0.449
2024-09-23,267,9,2024,0.0,telemetry,35.2,28.2,telemetry,Sangrur,0,4.343,0.0,1.2,0.0,0.0,8.2688,8.2688,2.198,8.4606,0.0,9.0563,-0.5957,2.9399129526931898,34.909,0.0,33.79,0.0,28.58,0.494
2024-09-24,268,9,2024,0.0,telemetry,36.3,28.2,telemetry,Sangrur,0,4.695,0.0,1.2,0.0,0.0,8.9381,8.9381,2.376,9.1299,0.0,9.0269,0.103,2.940151238883975,34.909,0.0,33.86,0.0,28.58,0.533
2024-09-25,269,9,2024,0.0,telemetry,35.7,28.8,telemetry,Sangrur,0,4.306,0.0,1.2,0.0,0.0,8.1981,8.1981,2.1792,8.3899,0.0,8.9977,-0.6078,2.93874522869245,34.908,0.0,33.89,0.0,28.25,0.489
2024-09-26,270,9,2024,0.0,telemetry,32.9,24.9,telemetry,Sangrur,0,4.299,0.0,1.2,0.0,0.0,8.1846,8.1846,2.1757,8.3764,0.0,8.9678,-0.5914,2.937377247539178,34.906,0.0,33.84,0.0,8.98,0.489
2024-09-27,271,9,2024,1.8,telemetry,29.5,25.1,telemetry,Sangrur,0,3.059,0.0,1.2,0.0,0.0,3.01,3.01,0.8001,3.2018,1.4266,8.9371,-5.7353,2.924110558620336,34.893,1.8,33.72,0.0,7.11,0.18
2024-09-28,272,9,2024,1.53,telemetry,31.1,24.5,telemetry,Sangrur,0,3.764,0.0,1.2,0.0,0.0,4.7687,4.7687,1.2676,4.9605,1.2126,8.901,-3.9405,2.914995452723323,34.884,3.33,33.79,0.0,-7.09,0.285
2024-09-29,273,9,2024,0.0,telemetry,32.1,24.5,telemetry,Sangrur,0,4.057,0.0,1.2,0.0,0.0,7.724,7.724,2.0532,7.9158,0.0,8.8622,-0.9464,2.912806385524661,34.882,3.33,33.73,0.0,-7.08,0.461
2024-09-30,274,9,2024,0.0,telemetry,32.4,25.2,telemetry,Sangrur,0,3.966,0.0,1.2,0.0,0.0,7.5497,7.5497,2.0069,7.7415,0.0,8.8228,-1.0813,2.9103052373634757,34.879,3.33,33.64,0.0,-7.08,0.451
2024-10-01,275,10,2024,0.0,telemetry,33.6,26.0,telemetry,Sangrur,0,4.134,0.0,1.2,0.0,0.0,7.8706,7.8706,2.0922,8.0624,0.0,8.7827,-0.7203,2.9086390349551703,34.878,3.33,33.63,0.0,-7.08,0.47
2024-10-02,276,10,2024,0.0,telemetry,34.0,25.6,telemetry,Sangrur,0,4.317,0.0,1.189,0.0,0.0,8.1467,8.1467,2.1656,8.3385,0.0,8.7425,-0.404,2.907704501747987,34.877,3.33,33.62,0.0,-7.08,0.486
2024-10-03,277,10,2024,0.07,telemetry,35.5,25.5,telemetry,Sangrur,0,4.748,0.0,1.175,0.0,0.0,8.7414,8.7414,2.3237,8.9332,0.0202,8.7026,0.2306,2.908238003497803,34.877,3.4,33.7,0.0,-10.15,0.522
2024-10-04,278,10,2024,0.0,telemetry,34.6,25.8,telemetry,Sangrur,0,4.396,0.0,1.161,0.0,0.0,8.0981,8.0981,2.1527,8.2899,0.0,8.6637,-0.3738,2.907373277523569,34.876,1.6,33.74,0.0,-17.22,0.483
2024-10-05,279,10,2024,0.0,telemetry,33.6,25.4,telemetry,Sangrur,0,4.153,0.0,1.147,0.0,0.0,7.5574,7.5574,2.0089,7.7492,0.0,8.625,-0.8758,2.9053473493289914,34.874,0.07,33.72,0.0,-22.48,0.451
2024-10-06,280,10,2024,1.47,telemetry,31.2,20.7,telemetry,Sangrur,0,4.317,0.0,1.133,0.0,0.0,5.454,5.454,1.4498,5.6458,0.4237,8.5857,-2.9399,2.8985468161774937,34.868,1.54,33.65,0.0,-21.14,0.326
2024-10-07,281,10,2024,0.07,telemetry,32.7,22.1,telemetry,Sangrur,0,4.45,0.0,1.119,0.0,0.0,7.7874,7.7874,2.0701,7.9792,0.0202,8.5438,-0.5646,2.8972409207435077,34.866,1.61,33.61,0.0,-21.14,0.465
2024-10-08,282,10,2024,0.0,telemetry,32.4,23.2,telemetry,Sangrur,0,4.154,0.0,1.105,0.0,0.0,7.2786,7.2786,1.9348,7.4704,0.0,8.5019,-1.0315,2.8948549546797957,34.864,1.61,33.55,0.0,-21.14,0.434
2024-10-09,283,10,2024,0.0,telemetry,31.9,22.4,telemetry,Sangrur,0,4.131,0.0,1.09,0.0,0.0,7.1471,7.1471,1.8999,7.3389,0.0,8.4594,-1.1205,2.892263050639878,34.861,1.61,33.45,0.0,-20.95,0.427
2024-10-10,284,10,2024,0.0,telemetry,32.0,22.4,telemetry,Sangrur,0,4.128,0.0,1.076,0.0,0.0,7.0493,7.0493,1.8739,7.2411,0.0,8.4162,-1.1751,2.8895447490683694,34.859,1.54,33.46,0.0,-21.42,0.421
2024-10-11,285,10,2024,0.0,telemetry,31.7,21.9,telemetry,Sangrur,0,4.105,0.0,1.062,0.0,0.0,6.9169,6.9169,1.8387,7.1087,0.0,8.3724,-1.2637,2.8866216880128888,34.856,1.54,33.34,0.0,-21.55,0.413
2024-10-12,286,10,2024,0.0,telemetry,32.3,21.7,telemetry,Sangrur,0,4.258,0.0,1.048,0.0,0.0,7.079,7.079,1.8818,7.2708,0.0,8.3277,-1.0569,2.884176946701077,34.853,1.54,33.24,0.0,-28.55,0.423
2024-10-13,287,10,2024,0.0,telemetry,31.1,21.7,telemetry,Sangrur,0,3.928,0.0,1.034,0.0,0.0,6.4419,6.4419,1.7124,6.6337,0.0,8.2825,-1.6488,2.8803629380092817,34.849,0.07,33.2,0.0,-28.62,0.384
2024-10-14,288,10,2024,0.0,telemetry,31.9,22.2,telemetry,Sangrur,0,4.019,0.0,1.02,0.0,0.0,6.5022,6.5022,1.7284,6.694,0.0,8.2361,-1.5421,2.876795750170908,34.846,0.0,33.15,0.0,-28.5,0.388
2024-10-15,289,10,2024,0.0,telemetry,31.9,22.3,telemetry,Sangrur,0,3.974,0.0,1.006,0.0,0.0,6.34,6.34,1.6853,6.5318,0.0,8.1887,-1.6569,2.8729630543785523,34.842,0.0,33.1,0.0,-27.34,0.378
2024-10-16,290,10,2024,0.0,telemetry,31.7,22.7,telemetry,Sangrur,0,3.829,0.0,0.991,0.0,0.0,6.022,6.022,1.6008,6.2138,0.0,8.1402,-1.9264,2.868507003092611,34.838,0.0,33.03,0.0,-27.25,0.359
2024-10-17,291,10,2024,0.0,telemetry,31.4,21.8,telemetry,Sangrur,0,3.873,0.0,0.977,0.0,0.0,6.0052,6.0052,1.5963,6.197,0.0,8.0903,-1.8933,2.8641275254891125,34.833,0.0,32.93,0.0,-27.25,0.358
2024-10-18,292,10,2024,0.0,telemetry,32.0,22.1,telemetry,Sangrur,0,3.944,0.0,0.963,0.0,0.0,6.0269,6.0269,1.6021,6.2187,0.0,8.0392,-1.8205,2.8599165312920896,34.829,0.0,32.81,0.0,-27.25,0.36
2024-10-19,293,10,2024,0.0,telemetry,30.7,22.1,telemetry,Sangrur,0,3.597,0.0,0.949,0.0,0.0,5.4149,5.4149,1.4394,5.6067,0.0,7.987,-2.3803,2.8544105725376347,34.823,0.0,32.82,0.0,-27.25,0.323
2024-10-20,294,10,2024,0.53,telemetry,32.3,22.0,telemetry,Sangrur,0,3.974,0.0,0.935,0.0,0.0,5.0562,5.0562,1.3441,5.248,0.1527,7.9331,-2.6851,2.8481995558841064,34.817,0.53,32.75,0.0,-26.76,0.302
2024-10-21,295,10,2024,0.0,telemetry,30.4,21.9,telemetry,Sangrur,0,3.504,0.0,0.921,0.0,0.0,5.1179,5.1179,1.3605,5.3097,0.0,7.8774,-2.5677,2.8422599725722377,34.811,0.53,32.61,0.0,-26.76,0.305
2024-10-22,296,10,2024,0.0,telemetry,22.5,6.2,generated,Sangrur,0,3.523,0.0,0.907,0.0,0.0,5.0676,5.0676,1.3471,5.2594,0.0,7.8201,-2.5607,2.83633665756239,34.805,0.53,32.22,0.0,-26.6,0.302
2024-10-23,297,10,2024,0.0,telemetry,25.6,13.4,generated,Sangrur,0,3.511,0.0,0.892,0.0,0.0,4.9706,4.9706,1.3213,5.1624,0.0,7.7612,-2.5988,2.8303251513507774,34.799,0.53,31.9,0.0,-26.6,0.297
2024-10-24,298,10,2024,0.0,telemetry,24.8,4.2,generated,Sangrur,0,3.922,0.0,0.878,0.0,0.0,5.4644,5.4644,1.4526,5.6562,0.0,7.7009,-2.0447,2.8255954490540307,34.795,0.53,31.52,0.0,-26.6,0.326
2024-10-25,299,10,2024,0.0,telemetry,26.9,19.4,generated,Sangrur,0,2.978,0.0,0.864,0.0,0.0,4.0829,4.0829,1.0853,4.2747,0.0,7.64,-3.3653,2.8178110297622028,34.787,0.53,31.22,0.0,-26.52,0.244
2024-10-26,300,10,2024,0.0,telemetry,28.1,13.9,generated,Sangrur,0,3.854,0.0,0.85,0.0,0.0,5.1979,5.1979,1.3817,5.3897,0.0,7.5767,-2.187,2.812752093507338,34.782,0.53,31.06,0.0,-26.52,0.31
2024-10-27,301,10,2024,0.47,telemetry,27.7,16.3,generated,Sangrur,0,3.517,0.0,0.0,0.0,0.0,0.0,0.0,0.0,0.1918,0.1355,7.5129,-7.3211,2.7958171135059704,34.765,0.47,31.0,0.0,-27.89,0.0
2024-10-28,302,10,2024,0.0,telemetry,31.7,22.8,telemetry,Sangrur,0,3.492,0.0,0.0,0.0,0.0,0.0,0.0,0.0,0.1918,0.0,7.4419,-7.2501,2.7790464708580096,34.748,0.47,31.02,0.0,-29.42,0.0
2024-10-29,303,10,2024,0.0,telemetry,30.6,21.3,telemetry,Sangrur,0,3.442,0.0,0.0,0.0,0.0,0.0,0.0,0.0,0.1918,0.0,7.3641,-7.1723,2.7624558299891437,34.732,0.47,30.97,0.0,-29.42,0.0
2024-10-30,304,10,2024,0.0,telemetry,31.5,21.1,telemetry,Sangrur,0,3.642,0.0,0.0,0.0,0.0,0.0,0.0,0.0,0.1918,0.0,7.2802,-7.0884,2.746059265841521,34.715,0.47,30.94,0.0,-29.42,0.0
2024-10-31,305,10,2024,0.0,telemetry,32.2,20.5,telemetry,Sangrur,1,3.84,0.4,0.0,1.536,2.9101,0.0,2.9101,0.7736,3.1019,0.0,7.1908,-4.0889,2.7366008934311004,34.706,0.47,30.9,0.208,-29.41,0.174
2024-11-01,306,11,2024,0.0,telemetry,30.6,19.6,telemetry,Sangrur,1,3.592,0.4,0.0,1.437,2.7224,0.0,2.7224,0.7237,2.9142,0.0,7.1006,-4.1864,2.726917017546455,34.696,0.47,30.78,0.402,-29.41,0.162
2024-11-02,307,11,2024,0.0,telemetry,30.2,19.6,telemetry,Sangrur,1,3.485,0.4,0.0,1.394,2.6412,0.0,2.6412,0.7021,2.833,0.0,7.0095,-4.1765,2.717256090694865,34.686,0.47,30.61,0.591,-29.48,0.158
2024-11-03,308,11,2024,0.0,telemetry,30.3,20.0,telemetry,Sangrur,1,3.431,0.4,0.0,1.372,2.6004,0.0,2.6004,0.6912,2.7922,0.0,6.9176,-4.1254,2.707713409073881,34.677,0.0,30.46,0.777,-29.46,0.155
2024-11-04,309,11,2024,0.0,telemetry,29.8,19.4,telemetry,Sangrur,1,3.38,0.4,0.0,1.352,2.5616,0.0,2.5616,0.6809,2.7534,0.0,6.825,-4.0716,2.6982950762309095,34.667,0.0,30.34,0.96,-29.46,0.153
2024-11-05,310,11,2024,0.0,telemetry,29.7,18.9,telemetry,Sangrur,1,3.396,0.4,0.0,1.359,2.574,0.0,2.574,0.6842,2.7658,0.0,6.732,-3.9662,2.6891206560529968,34.658,0.0,30.29,1.144,-30.93,0.154
2024-11-06,311,11,2024,0.0,telemetry,29.6,19.8,telemetry,Sangrur,1,3.244,0.4,0.0,1.297,2.4583,0.0,2.4583,0.6535,2.6501,0.0,6.6387,-3.9886,2.679894479995829,34.649,0.0,30.18,1.319,-31.0,0.147
2024-11-07,312,11,2024,0.0,telemetry,28.9,19.4,telemetry,Sangrur,1,3.131,0.4,0.0,1.252,2.3729,0.0,2.3729,0.6308,2.5647,0.0,6.5451,-3.9804,2.6706872437825666,34.64,0.0,30.07,1.489,-31.0,0.142
2024-11-08,313,11,2024,0.0,telemetry,26.3,19.0,generated,Sangrur,1,2.629,0.4,0.0,1.051,1.9922,0.0,1.9922,0.5296,2.184,0.0,6.4513,-4.2673,2.6608163634802238,34.63,0.0,29.88,1.631,-31.0,0.119
2024-11-09,314,11,2024,0.0,telemetry,27.5,19.8,telemetry,Sangrur,1,2.748,0.4,0.0,1.099,2.0827,0.0,2.0827,0.5536,2.2745,0.0,6.3569,-4.0824,2.651373079469298,34.62,0.0,29.73,1.78,-30.54,0.124
2024-11-10,315,11,2024,0.0,telemetry,28.1,19.6,telemetry,Sangrur,1,2.882,0.4,0.0,1.153,2.1844,0.0,2.1844,0.5807,2.3762,0.0,6.2623,-3.8861,2.642383830981098,34.611,0.0,29.61,1.936,-30.53,0.13
2024-11-11,316,11,2024,0.0,telemetry,28.6,19.4,telemetry,Sangrur,1,2.99,0.4,0.0,1.196,2.266,0.0,2.266,0.6024,2.4578,0.0,6.1678,-3.71,2.633801900039835,34.603,0.0,29.49,2.098,-30.53,0.135
2024-11-12,317,11,2024,0.0,telemetry,28.3,19.6,telemetry,Sangrur,1,2.886,0.4,0.0,1.154,2.1869,0.0,2.1869,0.5813,2.3787,0.0,6.0737,-3.695,2.6252547833759574,34.594,0.0,29.39,2.254,-30.53,0.131
2024-11-13,318,11,2024,0.07,telemetry,26.5,16.6,telemetry,Sangrur,1,2.883,0.4,0.0,1.153,2.0524,0.0,2.0524,0.5456,2.2442,0.0202,5.9799,-3.7357,2.616613464394679,34.586,0.07,29.21,2.4,-30.46,0.122
2024-11-14,319,11,2024,0.0,telemetry,26.9,16.2,telemetry,Sangrur,1,2.979,0.4,0.0,1.191,2.2574,0.0,2.2574,0.6001,2.4492,0.0,5.8865,-3.4373,2.60866246992985,34.578,0.07,29.05,2.354,-30.46,0.135
2024-11-15,320,11,2024,0.13,telemetry,26.4,16.4,telemetry,Sangrur,1,2.851,0.4,0.0,1.14,1.9147,0.0,1.9147,0.509,2.1065,0.0375,5.7938,-3.6873,2.6001332287253063,34.569,0.2,28.87,2.296,-30.34,0.114
2024-11-16,321,11,2024,0.07,telemetry,25.8,16.4,telemetry,Sangrur,1,2.727,0.4,0.0,1.091,1.934,0.0,1.934,0.5141,2.1258,0.0202,5.7014,-3.5756,2.5918621839135505,34.561,0.27,28.68,2.246,-30.28,0.115
2024-11-17,322,11,2024,0.0,telemetry,25.2,16.3,telemetry,Sangrur,1,2.614,0.4,0.0,1.046,1.981,0.0,1.981,0.5266,2.1728,0.0,5.6097,-3.4369,2.583912184839022,34.553,0.27,28.46,2.201,-30.28,0.118
2024-11-18,323,11,2024,0.0,telemetry,25.5,15.9,telemetry,Sangrur,1,2.696,0.4,0.0,1.078,2.043,0.0,2.043,0.5431,2.2348,0.0,5.5185,-3.2837,2.5763163906746724,34.545,0.27,28.28,2.164,-30.28,0.122
2024-11-19,324,11,2024,0.0,telemetry,25.6,15.8,telemetry,Sangrur,1,2.708,0.4,0.0,1.083,2.0526,0.0,2.0526,0.5456,2.2444,0.0,5.4283,-3.1839,2.5689516325112463,34.538,0.27,28.06,2.127,-30.8,0.123
2024-11-20,325,11,2024,0.0,telemetry,25.2,15.0,telemetry,Sangrur,1,2.705,0.4,0.0,1.082,2.0501,0.0,2.0501,0.545,2.2419,0.0,5.3389,-3.097,2.5617877448087105,34.531,0.2,27.89,2.098,-30.8,0.122
2024-11-21,326,11,2024,0.0,telemetry,24.9,15.4,telemetry,Sangrur,1,2.6,0.417,0.0,1.083,2.0526,0.0,2.0526,0.5456,2.2444,0.0,5.2506,-3.0062,2.55483395930361,34.524,0.2,27.97,2.075,-30.8,0.123
2024-11-22,327,11,2024,0.0,telemetry,25.5,15.1,telemetry,Sangrur,1,2.717,0.433,0.0,1.177,2.2307,0.0,2.2307,0.593,2.4225,0.0,5.1633,-2.7408,2.5484939758525864,34.518,0.07,27.96,2.092,-30.8,0.133
2024-11-23,328,11,2024,0.0,telemetry,25.0,15.3,telemetry,Sangrur,1,2.6,0.45,0.0,1.17,2.2171,0.0,2.2171,0.5894,2.4089,0.0,5.0775,-2.6686,2.5423211759933184,34.511,0.0,27.97,2.102,-30.8,0.132
2024-11-24,329,11,2024,0.0,telemetry,26.6,17.5,telemetry,Sangrur,1,2.632,0.467,0.0,1.228,2.3269,0.0,2.3269,0.6185,2.5187,0.0,4.993,-2.4743,2.5365977919015097,34.506,0.0,27.96,2.112,-30.8,0.139
2024-11-25,330,11,2024,0.0,telemetry,25.6,15.7,telemetry,Sangrur,1,2.636,0.483,0.0,1.274,2.4138,0.0,2.4138,0.6416,2.6056,0.0,4.9101,-2.3045,2.5312672324679397,34.5,0.0,27.88,2.122,-30.8,0.144
2024-11-26,331,11,2024,0.0,telemetry,24.7,15.0,telemetry,Sangrur,1,2.543,0.5,0.0,1.272,2.4091,0.0,2.4091,0.6404,2.6009,0.0,4.8288,-2.2279,2.5261136965307376,34.495,0.0,27.78,2.138,-31.27,0.144
2024-11-27,332,11,2024,0.0,telemetry,24.9,14.3,telemetry,Sangrur,1,2.629,0.517,0.0,1.358,2.5735,0.0,2.5735,0.6841,2.7653,0.0,4.7493,-1.984,2.5215244483146084,34.491,0.0,27.55,2.175,-31.21,0.154
2024-11-28,333,11,2024,0.0,telemetry,25.0,14.3,telemetry,Sangrur,1,2.634,0.533,0.0,1.405,2.6612,0.0,2.6612,0.7074,2.853,0.0,4.6716,-1.8186,2.517317672294749,34.486,0.0,27.36,2.204,-31.2,0.159
2024-11-29,334,11,2024,0.0,telemetry,25.1,14.8,telemetry,Sangrur,1,2.594,0.55,0.0,1.427,2.7029,0.0,2.7029,0.7185,2.8947,0.0,4.596,-1.7013,2.513382353867532,34.482,0.0,27.15,2.261,-30.5,0.161
2024-11-30,335,11,2024,0.0,telemetry,24.6,14.6,telemetry,Sangrur,1,2.522,0.567,0.0,1.429,2.7078,0.0,2.7078,0.7198,2.8996,0.0,4.5223,-1.6227,2.509628717339301,34.479,0.0,26.9,2.316,-30.5,0.162
2024-12-01,336,12,2024,0.0,telemetry,24.5,14.1,telemetry,Sangrur,1,2.542,0.583,0.0,1.483,2.8092,0.0,2.8092,0.7467,3.001,0.0,4.4507,-1.4497,2.5062754168178825,34.475,0.0,26.69,2.375,-30.48,0.168
2024-12-02,337,12,2024,0.0,telemetry,25.6,14.0,telemetry,Sangrur,1,2.711,0.6,0.0,1.626,3.0816,0.0,3.0816,0.8192,3.2734,0.0,4.3811,-1.1077,2.5037132180152915,34.473,0.0,26.54,2.449,-30.48,0.184
2024-12-03,338,12,2024,0.0,telemetry,25.4,15.7,telemetry,Sangrur,1,2.52,0.617,0.0,1.554,2.9439,0.0,2.9439,0.7826,3.1357,0.0,4.3138,-1.1781,2.500987977486787,34.47,0.0,26.38,2.513,-30.47,0.176
2024-12-04,339,12,2024,0.0,telemetry,31.8,20.4,generated,Sangrur,1,3.117,0.633,0.0,1.974,3.74,0.0,3.74,0.9942,3.9318,0.0,4.2487,-0.3169,2.500254839077973,34.469,0.0,26.44,2.634,-30.47,0.223
2024-12-05,340,12,2024,0.0,telemetry,28.1,16.9,generated,Sangrur,1,2.827,0.65,0.0,1.838,3.4821,0.0,3.4821,0.9256,3.6739,0.0,4.1868,-0.5129,2.49906848773915,34.468,0.0,26.39,2.736,-30.46,0.208
2024-12-06,341,12,2024,0.0,telemetry,22.5,12.6,telemetry,Sangrur,1,2.325,0.667,0.0,1.55,2.9369,0.0,2.9369,0.7807,3.1287,0.0,4.1274,-0.9987,2.496758287895773,34.466,0.0,26.15,2.786,-30.46,0.175
2024-12-07,342,12,2024,0.0,telemetry,22.2,12.2,telemetry,Sangrur,1,2.308,0.683,0.0,1.577,2.9876,0.0,2.9876,0.7942,3.1794,0.0,4.0698,-0.8904,2.4946985859093416,34.464,0.0,25.93,2.841,-30.45,0.178
2024-12-08,343,12,2024,0.0,telemetry,20.5,11.5,telemetry,Sangrur,1,2.109,0.7,0.0,1.476,2.7971,0.0,2.7971,0.7435,2.9889,0.0,4.014,-1.0251,2.492327338838461,34.461,0.0,25.74,2.875,-30.45,0.167
2024-12-09,344,12,2024,0.0,telemetry,19.9,14.3,generated,Sangrur,1,1.714,0.717,0.0,1.228,2.3272,0.0,2.3272,0.6186,2.519,0.0,3.9597,-1.4407,2.488994873876465,34.458,0.0,25.48,2.869,-30.44,0.139
2024-12-10,345,12,2024,0.0,telemetry,20.4,11.1,telemetry,Sangrur,1,2.119,0.733,0.0,1.554,2.9441,0.0,2.9441,0.7826,3.1359,0.0,3.9061,-0.7702,2.4872133028058827,34.456,0.0,25.23,2.907,-30.43,0.176
2024-12-11,346,12,2024,0.0,telemetry,22.0,9.9,telemetry,Sangrur,1,2.427,0.75,0.0,1.82,3.4486,0.0,3.4486,0.9167,3.6404,0.0,3.8542,-0.2138,2.4867187950805354,34.456,0.0,25.01,2.969,-30.42,0.206
2024-12-12,347,12,2024,0.0,telemetry,19.1,11.3,telemetry,Sangrur,1,1.902,0.767,0.0,1.458,2.763,0.0,2.763,0.7345,2.9548,0.0,3.8046,-0.8498,2.4847531523683553,34.454,0.0,24.7,2.977,-30.42,0.165
2024-12-13,348,12,2024,0.0,telemetry,21.0,11.0,telemetry,Sangrur,1,2.203,0.783,0.0,1.726,3.2694,0.0,3.2694,0.8691,3.4612,0.0,3.7562,-0.295,2.4840707705171514,34.453,0.0,24.52,3.017,-30.48,0.195
2024-12-14,349,12,2024,0.0,telemetry,21.4,9.3,telemetry,Sangrur,1,2.374,0.8,0.0,1.899,3.5979,0.0,3.5979,0.9564,3.7897,0.0,3.7098,0.0799,2.4842557014268163,34.453,0.0,24.33,3.081,-30.47,0.215
2024-12-15,350,12,2024,0.0,telemetry,21.6,10.3,telemetry,Sangrur,1,2.333,0.817,0.0,1.905,3.6101,0.0,3.6101,0.9596,3.8019,0.0,3.6656,0.1363,2.4845710079268244,34.454,0.0,24.17,3.138,-30.6,0.215
2024-12-16,351,12,2024,0.0,telemetry,20.6,9.0,telemetry,Sangrur,1,2.282,0.833,0.0,1.901,3.6024,0.0,3.6024,0.9576,3.7942,0.0,3.6236,0.1706,2.484965606352887,34.454,0.0,24.0,3.175,-30.67,0.215
2024-12-17,352,12,2024,0.0,telemetry,22.4,9.7,telemetry,Sangrur,1,2.478,0.85,0.0,2.106,3.9899,0.0,3.9899,1.0606,4.1817,0.0,3.5837,0.598,2.486348888630478,34.455,0.0,23.91,3.25,-30.65,0.238
2024-12-18,353,12,2024,0.0,telemetry,21.9,10.6,telemetry,Sangrur,1,2.35,0.867,0.0,2.037,3.8588,0.0,3.8588,1.0258,4.0506,0.0,3.5463,0.5043,2.487515502449903,34.457,0.0,23.79,3.258,-30.56,0.23
2024-12-19,354,12,2024,0.0,telemetry,21.5,9.3,telemetry,Sangrur,1,2.381,0.883,0.0,2.103,3.9841,0.0,3.9841,1.0591,4.1759,0.0,3.511,0.6649,2.48905354521868,34.458,0.0,23.65,3.294,-30.56,0.238
2024-12-20,355,12,2024,0.0,telemetry,21.1,11.0,telemetry,Sangrur,1,2.209,0.9,0.0,1.988,3.7661,0.0,3.7661,1.0011,3.9579,0.0,3.4779,0.48,2.49016379907134,34.459,0.0,23.51,3.353,-30.56,0.225
2024-12-21,356,12,2024,0.0,telemetry,21.8,9.7,telemetry,Sangrur,1,2.397,0.917,0.0,2.197,4.1626,0.0,4.1626,1.1065,4.3544,0.0,3.4466,0.9078,2.4922635800506607,34.461,0.0,23.41,3.437,-30.55,0.248
2024-12-22,357,12,2024,0.0,telemetry,21.6,11.0,telemetry,Sangrur,1,2.281,0.933,0.0,2.129,4.0341,0.0,4.0341,1.0724,4.2259,0.0,3.4176,0.8083,2.494133331952967,34.463,0.0,23.28,3.526,-30.55,0.241
2024-12-23,358,12,2024,4.2,telemetry,16.8,11.1,telemetry,Sangrur,1,1.559,0.95,0.0,1.481,0.0,0.0,0.0,0.0,0.1918,1.2105,3.3904,-3.1986,2.48673436062161,34.456,4.2,23.01,3.359,-26.69,0.0
2024-12-24,359,12,2024,0.0,telemetry,20.9,13.3,telemetry,Sangrur,1,1.98,0.967,0.0,1.914,3.6271,0.0,3.6271,0.9642,3.8189,0.0,3.3616,0.4573,2.487792209716223,34.457,4.2,22.82,3.408,-26.69,0.216
2024-12-25,360,12,2024,0.07,telemetry,23.9,12.5,telemetry,Sangrur,1,2.505,0.983,0.0,2.463,4.5342,0.0,4.5342,1.2053,4.726,0.0202,3.3342,1.3918,2.491011682952126,34.46,4.27,22.76,3.486,-26.61,0.271
2024-12-26,361,12,2024,0.0,telemetry,24.2,13.1,telemetry,Sangrur,1,2.506,1.0,0.0,2.506,4.7481,0.0,4.7481,1.2622,4.9399,0.0,3.3095,1.6304,2.4947831322651366,34.464,4.27,22.74,3.627,-26.6,0.283
2024-12-27,362,12,2024,10.8,telemetry,24.0,7.3,generated,Sangrur,1,2.825,1.017,0.0,2.873,0.0,0.0,0.0,0.0,0.1918,3.1126,3.2875,-3.0957,2.4876223221916636,34.457,15.07,22.71,3.394,-16.68,0.0
2024-12-28,363,12,2024,1.2,telemetry,26.6,8.5,generated,Sangrur,1,3.114,1.033,0.0,3.218,3.8453,0.0,3.8453,1.0222,4.0371,0.3458,3.2667,0.7704,2.489404370892874,34.458,16.27,22.77,3.412,-15.58,0.23
2024-12-29,364,12,2024,0.0,telemetry,25.8,14.3,generated,Sangrur,1,2.663,1.05,0.0,2.796,5.2982,0.0,5.2982,1.4084,5.49,0.0,3.2478,2.2422,2.494590836847901,34.464,16.27,22.79,3.532,-15.58,0.316
2024-12-30,365,12,2024,0.0,telemetry,26.3,15.7,generated,Sangrur,1,2.627,1.067,0.0,2.802,5.309,0.0,5.309,1.4113,5.5008,0.0,3.2322,2.2686,2.499838487186115,34.469,12.07,22.85,3.654,-15.58,0.317
2024-12-31,366,12,2024,0.0,telemetry,24.9,14.1,generated,Sangrur,1,2.555,1.083,0.0,2.768,5.2449,0.0,5.2449,1.3942,5.4367,0.0,3.2195,2.2172,2.5049671810768146,34.474,12.07,22.86,3.744,-15.58,0.313
2025-01-01,1,1,2025,0.0,telemetry,15.1,10.6,telemetry,Sangrur,1,1.355,1.083,0.0,1.468,2.782,0.0,2.782,0.7395,2.9738,0.0,3.2095,-0.2357,2.504421972983486,34.473,12.0,22.51,3.667,-15.58,0.166
2025-01-02,2,1,2025,1.6,telemetry,19.5,10.6,telemetry,Sangrur,1,2.048,1.1,0.0,2.253,1.2763,0.0,1.2763,0.3393,1.4681,0.4611,3.1986,-1.7305,2.50041915503397,34.469,13.6,22.31,3.473,-14.11,0.076
2025-01-03,3,1,2025,0.0,telemetry,22.1,13.9,telemetry,Sangrur,1,2.149,1.117,0.0,2.399,4.5462,0.0,4.5462,1.2085,4.738,0.0,3.1855,1.5525,2.504010375435039,34.473,2.8,21.99,3.529,-14.11,0.271
2025-01-04,4,1,2025,0.0,telemetry,24.7,12.7,telemetry,Sangrur,1,2.658,1.133,0.0,3.013,5.7081,0.0,5.7081,1.5173,5.8999,0.0,3.1742,2.7257,2.5103153566240928,34.479,1.6,21.88,3.64,-14.11,0.341
2025-01-05,5,1,2025,0.0,telemetry,22.1,14.3,telemetry,Sangrur,1,2.121,1.15,0.0,2.439,4.6206,0.0,4.6206,1.2283,4.8124,0.0,3.1662,1.6462,2.514123385828983,34.483,1.6,21.86,3.681,-14.1,0.276
2025-01-06,6,1,2025,0.07,telemetry,20.7,13.9,telemetry,Sangrur,1,1.937,1.15,0.0,2.228,4.0883,0.0,4.0883,1.0868,4.2801,0.0202,3.1596,1.1205,2.516715284465286,34.486,1.67,21.81,3.973,-14.04,0.244
2025-01-07,7,1,2025,0.0,telemetry,17.1,10.7,telemetry,Sangrur,1,1.703,1.15,0.0,1.959,3.7115,0.0,3.7115,0.9866,3.9033,0.0,3.1537,0.7496,2.5184491874538533,34.488,1.67,21.7,3.979,-14.04,0.222
2025-01-08,8,1,2025,0.0,telemetry,18.9,9.9,telemetry,Sangrur,1,2.06,1.15,0.0,2.369,4.4877,0.0,4.4877,1.1929,4.6795,0.0,3.1479,1.5316,2.5219919942881717,34.491,1.67,21.67,3.976,-14.04,0.268
2025-01-09,9,1,2025,0.07,telemetry,19.5,9.1,telemetry,Sangrur,1,2.216,1.15,0.0,2.548,4.6957,0.0,4.6957,1.2482,4.8875,0.0202,3.1432,1.7443,2.526026746834558,34.495,0.14,21.64,3.972,-13.97,0.28
2025-01-10,10,1,2025,0.0,telemetry,19.1,10.6,telemetry,Sangrur,1,2.046,1.15,0.0,2.353,4.4582,0.0,4.4582,1.1851,4.65,0.0,3.1399,1.5101,2.5295197916888257,34.499,0.14,21.54,4.291,-13.97,0.266
2025-01-11,11,1,2025,0.07,telemetry,18.6,10.4,telemetry,Sangrur,1,1.997,1.15,0.0,2.296,4.2181,0.0,4.2181,1.1213,4.4099,0.0202,3.1375,1.2724,2.532463063589168,34.502,0.21,21.52,4.317,-13.9,0.252
2025-01-12,12,1,2025,0.4,telemetry,17.2,12.6,telemetry,Sangrur,1,1.521,1.15,0.0,1.749,2.5583,0.0,2.5583,0.6801,2.7501,0.1153,3.1356,-0.3855,2.531571377495856,34.501,0.61,21.4,4.122,-13.48,0.153
2025-01-13,13,1,2025,0.07,telemetry,21.4,10.0,telemetry,Sangrur,1,2.464,1.15,0.0,2.834,5.2367,0.0,5.2367,1.392,5.4285,0.0202,3.132,2.2965,2.536883473082385,34.506,0.61,21.4,4.117,-13.38,0.313
2025-01-14,14,1,2025,0.0,telemetry,20.6,9.2,telemetry,Sangrur,1,2.417,1.15,0.0,2.78,5.2663,0.0,5.2663,1.3999,5.4581,0.0,3.1305,2.3276,2.542267616701811,34.511,0.61,21.36,4.118,-13.28,0.314
2025-01-15,15,1,2025,0.0,telemetry,22.1,10.3,telemetry,Sangrur,1,2.57,1.15,0.0,2.955,5.5986,0.0,5.5986,1.4882,5.7904,0.0,3.1308,2.6596,2.548419740372243,34.517,0.61,21.41,4.319,-13.27,0.334
2025-01-16,16,1,2025,0.0,telemetry,16.1,11.7,telemetry,Sangrur,1,1.47,1.15,0.0,1.691,3.2038,0.0,3.2038,0.8516,3.3956,0.0,3.1332,0.2624,2.5490266884831576,34.518,0.54,21.2,4.457,-13.26,0.191
2025-01-17,17,1,2025,0.07,telemetry,19.9,12.4,telemetry,Sangrur,1,2.067,1.15,0.0,2.377,4.3709,0.0,4.3709,1.1619,4.5627,0.0202,3.1343,1.4284,2.5523307691046146,34.521,0.61,21.14,4.444,-13.19,0.261
2025-01-18,18,1,2025,0.0,telemetry,18.7,11.9,telemetry,Sangrur,1,1.929,1.15,0.0,2.219,4.2034,0.0,4.2034,1.1174,4.3952,0.0,3.1358,1.2594,2.5552439003921297,34.524,0.54,21.04,4.337,-13.18,0.251
2025-01-19,19,1,2025,0.0,telemetry,21.4,11.8,telemetry,Sangrur,1,2.395,1.15,0.0,2.755,5.2194,0.0,5.2194,1.3874,5.4112,0.0,3.1374,2.2738,2.5605034674558533,34.53,0.14,21.05,4.38,-13.18,0.312
2025-01-20,20,1,2025,0.0,telemetry,24.6,15.6,telemetry,Sangrur,1,2.57,1.15,0.0,2.955,5.5996,0.0,5.5996,1.4885,5.7914,0.0,3.1405,2.6509,2.5666353517699174,34.536,0.07,21.15,4.488,-13.18,0.334
2025-01-21,21,1,2025,0.0,telemetry,25.3,13.5,telemetry,Sangrur,1,2.905,1.15,0.0,3.341,6.3299,0.0,6.3299,1.6826,6.5217,0.0,3.1455,3.3762,2.5744450863550434,34.544,0.07,21.27,4.675,-13.18,0.378
2025-01-22,22,1,2025,0.07,telemetry,23.6,14.1,telemetry,Sangrur,1,2.583,1.15,0.0,2.971,5.4964,0.0,5.4964,1.4611,5.6882,0.0202,3.1531,2.5351,2.580309132967951,34.549,0.14,21.5,4.747,-17.31,0.328
2025-01-23,23,1,2025,0.0,telemetry,21.0,11.9,telemetry,Sangrur,1,2.377,1.15,0.0,2.734,5.1796,0.0,5.1796,1.3769,5.3714,0.0,3.1621,2.2093,2.585419605455451,34.554,0.14,21.5,4.781,-17.3,0.309
2025-01-24,24,1,2025,0.0,telemetry,23.3,11.3,telemetry,Sangrur,1,2.815,1.15,0.0,3.237,6.1332,0.0,6.1332,1.6303,6.325,0.0,3.1718,3.1532,2.5927134238279614,34.562,0.07,21.48,4.901,-17.37,0.366
2025-01-25,25,1,2025,0.07,telemetry,22.9,11.9,telemetry,Sangrur,1,2.72,1.15,0.0,3.128,5.7933,0.0,5.7933,1.54,5.9851,0.0202,3.1835,2.8016,2.5991939833995423,34.568,0.14,21.44,5.014,-17.3,0.346
2025-01-26,26,1,2025,0.0,telemetry,19.1,10.1,telemetry,Sangrur,1,2.279,1.15,0.0,2.621,4.9653,0.0,4.9653,1.3199,5.1571,0.0,3.1965,1.9606,2.6037291336072244,34.573,0.14,21.27,5.185,-28.09,0.296
2025-01-27,27,1,2025,0.0,telemetry,8.7,-0.5,generated,Sangrur,1,1.567,1.15,0.0,1.803,3.4153,0.0,3.4153,0.9079,3.6071,0.0,3.2096,0.3975,2.6046486931555988,34.574,0.14,20.68,5.055,-29.29,0.204
2025-01-28,28,1,2025,0.07,telemetry,23.5,14.9,telemetry,Sangrur,1,2.577,1.15,0.0,2.964,5.4829,0.0,5.4829,1.4575,5.6747,0.0202,3.2205,2.4542,2.610325635403198,34.579,0.21,20.6,5.071,-29.22,0.327
2025-01-29,29,1,2025,0.0,telemetry,20.6,12.3,telemetry,Sangrur,1,2.359,1.15,0.0,2.713,5.1407,0.0,5.1407,1.3665,5.3325,0.0,3.2323,2.1002,2.6151836310517433,34.584,0.14,20.41,5.038,-29.21,0.307
2025-01-30,30,1,2025,0.0,telemetry,22.7,13.8,telemetry,Sangrur,1,2.589,1.15,0.0,2.977,5.6409,0.0,5.6409,1.4995,5.8327,0.0,3.2445,2.5882,2.6211705959077576,34.59,0.14,20.34,5.212,-29.12,0.337
2025-01-31,31,1,2025,0.0,telemetry,23.6,13.1,telemetry,Sangrur,1,2.839,1.15,0.0,3.265,6.186,0.0,6.186,1.6444,6.3778,0.0,3.2575,3.1203,2.628388237196135,34.597,0.14,20.62,5.342,-29.01,0.369
2025-02-01,32,2,2025,0.0,telemetry,20.6,7.3,generated,Sangrur,1,2.826,1.15,0.0,3.25,6.1569,0.0,6.1569,1.6366,6.3487,0.0,3.2722,3.0765,2.635504705657936,34.605,0.07,20.66,5.481,-30.58,0.367
2025-02-02,33,2,2025,0.0,telemetry,24.8,2.8,generated,Sangrur,1,3.642,1.15,0.0,4.189,7.9362,0.0,7.9362,2.1096,8.128,0.0,3.2882,4.8398,2.6466999504182827,34.616,0.07,20.75,5.675,-30.58,0.474
2025-02-03,34,2,2025,0.0,telemetry,19.6,13.0,telemetry,Sangrur,1,2.168,1.15,0.0,2.493,4.7238,0.0,4.7238,1.2557,4.9156,0.0,3.3079,1.6077,2.6504189246529113,34.619,0.07,20.58,5.613,-30.37,0.282
2025-02-04,35,2,2025,0.0,telemetry,22.5,13.0,telemetry,Sangrur,1,2.731,1.15,0.0,3.141,5.9503,0.0,5.9503,1.5817,6.1421,0.0,3.3264,2.8157,2.656932011552209,34.626,0.0,20.59,5.586,-30.36,0.355
2025-02-05,36,2,2025,0.0,telemetry,20.1,11.7,telemetry,Sangrur,1,2.452,1.15,0.0,2.819,5.342,0.0,5.342,1.42,5.5338,0.0,3.3457,2.1881,2.661993527717227,34.631,0.0,20.57,5.575,-30.42,0.319
2025-02-06,37,2,2025,0.0,telemetry,29.4,12.5,generated,Sangrur,1,4.028,1.15,0.0,4.632,8.7754,0.0,8.7754,2.3327,8.9672,0.0,3.3646,5.6026,2.674953203907052,34.644,0.0,20.98,5.832,-30.42,0.524
2025-02-07,38,2,2025,0.0,telemetry,21.1,10.4,telemetry,Sangrur,1,2.795,1.15,0.0,3.214,6.0894,0.0,6.0894,1.6187,6.2812,0.0,3.388,2.8932,2.681645711183712,34.651,0.0,21.05,5.828,-30.41,0.363
2025-02-08,39,2,2025,0.0,telemetry,20.9,10.3,telemetry,Sangrur,1,2.789,1.15,0.0,3.208,6.0777,0.0,6.0777,1.6156,6.2695,0.0,3.4116,2.8579,2.688256395883064,34.657,0.0,21.1,5.849,-30.48,0.363
2025-02-09,40,2,2025,0.0,telemetry,25.4,11.8,telemetry,Sangrur,1,3.469,1.15,0.0,3.989,7.5576,0.0,7.5576,2.009,7.7494,0.0,3.4355,4.3139,2.6982350355118982,34.667,0.0,21.31,6.034,-30.48,0.451
2025-02-10,41,2,2025,0.0,telemetry,23.2,13.6,telemetry,Sangrur,1,2.92,1.15,0.0,3.357,6.3612,0.0,6.3612,1.691,6.553,0.0,3.4616,3.0914,2.7053858653190206,34.674,0.0,21.46,6.244,-30.55,0.38
2025-02-11,42,2,2025,0.0,telemetry,24.4,12.6,telemetry,Sangrur,1,3.27,1.15,0.0,3.76,7.1243,0.0,7.1243,1.8938,7.3161,0.0,3.488,3.8281,2.714240784442895,34.683,0.0,21.7,6.362,-30.94,0.425
2025-02-12,43,2,2025,0.0,telemetry,23.7,13.3,telemetry,Sangrur,1,3.092,1.15,0.0,3.556,6.7379,0.0,6.7379,1.7911,6.9297,0.0,3.5157,3.414,2.7221378466423887,34.691,0.0,21.78,6.476,-31.01,0.402
2025-02-13,44,2,2025,0.0,telemetry,21.6,10.4,telemetry,Sangrur,1,3.01,1.15,0.0,3.462,6.559,0.0,6.559,1.7435,6.7508,0.0,3.544,3.2068,2.7295556549886077,34.699,0.0,21.81,6.541,-31.01,0.391
2025-02-14,45,2,2025,0.0,telemetry,23.9,10.1,telemetry,Sangrur,1,3.466,1.15,0.0,3.986,7.5518,0.0,7.5518,2.0074,7.7436,0.0,3.5725,4.1711,2.7392039657076666,34.708,0.0,21.87,6.639,-31.01,0.451
2025-02-15,46,2,2025,0.0,telemetry,24.9,13.9,telemetry,Sangrur,1,3.332,1.15,0.0,3.832,7.261,0.0,7.261,1.9301,7.4528,0.0,3.6026,3.8502,2.7481100704685857,34.717,0.0,22.17,6.718,-31.0,0.433
2025-02-16,47,2,2025,0.0,telemetry,23.6,12.4,telemetry,Sangrur,1,3.26,1.15,0.0,3.749,7.1035,0.0,7.1035,1.8883,7.2953,0.0,3.6336,3.6617,2.756580123142661,34.726,0.0,22.29,6.658,-31.07,0.424
2025-02-17,48,2,2025,0.0,telemetry,25.8,14.0,telemetry,Sangrur,1,3.55,1.15,0.0,4.083,7.7356,0.0,7.7356,2.0563,7.9274,0.0,3.6652,4.2622,2.766439220072296,34.735,0.0,22.53,6.873,-31.07,0.462
2025-02-18,49,2,2025,0.0,telemetry,25.7,15.3,telemetry,Sangrur,1,3.411,1.15,0.0,3.923,7.4328,0.0,7.4328,1.9758,7.6246,0.0,3.6982,3.9264,2.7755216699173353,34.745,0.0,22.67,6.979,-31.07,0.444
2025-02-19,50,2,2025,0.0,telemetry,24.8,12.4,telemetry,Sangrur,1,3.567,1.15,0.0,4.102,7.771,0.0,7.771,2.0657,7.9628,0.0,3.7319,4.2309,2.7853084501270255,34.754,0.0,22.68,7.153,-31.05,0.464
2025-02-20,51,2,2025,0.87,telemetry,18.6,12.1,telemetry,Sangrur,1,2.369,1.15,0.0,2.725,3.5252,0.0,3.5252,0.9371,3.717,0.2507,3.7667,-0.0497,2.785193507557721,34.754,0.87,22.45,6.778,-30.23,0.21
2025-02-21,52,2,2025,0.0,telemetry,24.1,13.2,telemetry,Sangrur,1,3.398,1.15,0.0,3.908,7.4047,0.0,7.4047,1.9683,7.5965,0.0,3.797,3.7995,2.793982245318505,34.763,0.87,22.47,6.872,-30.3,0.442
2025-02-22,53,2,2025,0.0,telemetry,22.9,15.5,telemetry,Sangrur,1,2.864,1.15,0.0,3.293,6.2391,0.0,6.2391,1.6585,6.4309,0.0,3.8282,2.6027,2.800002782728142,34.769,0.87,22.53,6.883,-30.3,0.372
2025-02-23,54,2,2025,0.0,telemetry,21.2,11.8,generated,Sangrur,1,3.014,1.15,0.0,3.466,6.567,0.0,6.567,1.7457,6.7588,0.0,3.8583,2.9005,2.806712027191634,34.776,0.87,22.46,6.812,-30.3,0.392
2025-02-24,55,2,2025,0.0,telemetry,25.3,14.0,telemetry,Sangrur,1,3.635,1.15,0.0,4.18,7.9193,0.0,7.9193,2.1051,8.1111,0.0,3.888,4.2231,2.8164806926529344,34.786,0.87,22.54,6.924,-30.37,0.473
2025-02-25,56,2,2025,0.0,telemetry,20.1,15.8,telemetry,Sangrur,1,2.156,1.15,0.0,2.479,4.6977,0.0,4.6977,1.2488,4.8895,0.0,3.9191,0.9704,2.8187254965209623,34.788,0.87,22.58,6.75,-30.37,0.28
2025-02-26,57,2,2025,0.0,telemetry,17.7,11.3,generated,Sangrur,1,2.394,1.15,0.0,2.753,5.216,0.0,5.216,1.3865,5.4078,0.0,3.9469,1.4609,2.8221048774825905,34.791,0.87,22.88,6.642,-30.37,0.311
2025-02-27,58,2,2025,0.07,telemetry,17.3,12.4,telemetry,Sangrur,1,2.133,1.15,0.0,2.453,4.5145,0.0,4.5145,1.2001,4.7063,0.0202,3.9724,0.7339,2.8238025574072836,34.793,0.07,22.67,6.496,-30.38,0.269
2025-02-28,59,2,2025,0.13,telemetry,17.4,12.8,telemetry,Sangrur,1,2.097,1.15,0.0,2.412,4.3239,0.0,4.3239,1.1494,4.5157,0.0375,3.9948,0.5209,2.8250074477736455,34.794,0.2,22.56,6.265,-30.26,0.258
2025-03-01,60,3,2025,0.0,telemetry,24.5,14.4,telemetry,Sangrur,1,3.544,1.15,0.0,4.076,7.7222,0.0,7.7222,2.0527,7.914,0.0,4.0142,3.8998,2.834028398443788,34.803,0.2,22.62,6.298,-30.19,0.461
2025-03-02,61,3,2025,0.0,telemetry,24.6,14.8,telemetry,Sangrur,1,3.54,1.15,0.0,4.071,7.7127,0.0,7.7127,2.0502,7.9045,0.0,4.0352,3.8693,2.8429786626456046,34.812,0.2,22.66,6.342,-29.63,0.46
2025-03-03,62,3,2025,0.0,telemetry,20.6,13.7,telemetry,Sangrur,1,2.788,1.15,0.0,3.206,6.0746,0.0,6.0746,1.6148,6.2664,0.0,4.0578,2.2086,2.848087520332139,34.817,0.2,22.66,6.223,-29.37,0.363
2025-03-04,63,3,2025,0.0,telemetry,22.4,12.6,telemetry,Sangrur,1,3.38,1.15,0.0,3.887,7.3637,0.0,7.3637,1.9574,7.5555,0.0,4.0795,3.476,2.856128111630126,34.825,0.2,22.58,6.218,-29.37,0.44
2025-03-05,64,3,2025,0.0,telemetry,22.2,11.8,telemetry,Sangrur,1,3.456,1.15,0.0,3.975,7.531,0.0,7.531,2.0019,7.7228,0.0,4.1021,3.6207,2.8645034427355385,34.834,0.2,22.66,6.201,-29.37,0.449
2025-03-06,65,3,2025,0.0,telemetry,24.4,13.3,telemetry,Sangrur,1,3.787,1.15,0.0,4.355,8.2511,0.0,8.2511,2.1933,8.4429,0.0,4.1257,4.3172,2.874489880592643,34.844,0.13,22.73,6.538,-29.36,0.492
2025-03-07,66,3,2025,0.0,telemetry,25.2,13.7,telemetry,Sangrur,1,3.945,1.15,0.0,4.537,8.5951,0.0,8.5951,2.2848,8.7869,0.0,4.1511,4.6358,2.8852131212339813,34.854,0.0,22.9,6.623,-29.36,0.513
2025-03-08,67,3,2025,0.0,telemetry,26.4,15.0,telemetry,Sangrur,1,4.087,1.15,0.0,4.7,8.9057,0.0,8.9057,2.3673,9.0975,0.0,4.1788,4.9187,2.8965909655598447,34.866,0.0,22.8,6.814,-29.35,0.532
2025-03-09,68,3,2025,0.0,telemetry,27.7,15.3,telemetry,Sangrur,1,4.381,1.15,0.0,5.038,9.5457,0.0,9.5457,2.5375,9.7375,0.0,4.2087,5.5288,2.909379979815949,34.878,0.0,23.02,7.027,-29.35,0.57
2025-03-10,69,3,2025,0.0,telemetry,26.6,18.0,telemetry,Sangrur,1,3.748,1.15,0.0,4.31,8.1663,0.0,8.1663,2.1708,8.3581,0.0,4.2416,4.1165,2.9189021401392368,34.888,0.0,23.21,7.044,-29.35,0.487
2025-03-11,70,3,2025,0.0,telemetry,28.2,19.8,telemetry,Sangrur,1,3.887,1.15,0.0,4.47,8.4693,0.0,8.4693,2.2513,8.6611,0.0,4.2752,4.3859,2.929047348376163,34.898,0.0,23.3,7.314,-29.35,0.505
2025-03-12,71,3,2025,0.0,telemetry,28.4,19.6,telemetry,Sangrur,1,4.005,1.15,0.0,4.606,8.7262,0.0,8.7262,2.3196,8.918,0.0,4.3099,4.6081,2.939706545138388,34.909,0.0,23.47,7.564,-29.35,0.521
2025-03-13,72,3,2025,0.0,telemetry,29.0,17.6,telemetry,Sangrur,1,4.511,1.15,0.0,5.188,9.8298,0.0,9.8298,2.613,10.0216,0.0,4.3459,5.6757,2.9528353987169416,34.922,0.0,23.63,7.944,-29.35,0.587
2025-03-14,73,3,2025,0.2,telemetry,25.5,19.6,telemetry,Sangrur,1,3.207,1.15,0.0,3.688,6.6094,0.0,6.6094,1.7569,6.8012,0.0576,4.3844,2.4168,2.9584258335212223,34.927,0.2,23.69,8.107,-29.09,0.394
2025-03-15,74,3,2025,0.0,telemetry,22.0,16.5,telemetry,Sangrur,1,2.862,1.15,0.0,3.291,6.2349,0.0,6.2349,1.6574,6.4267,0.0,4.4209,2.0058,2.9630655174565677,34.932,0.2,23.7,8.001,-29.08,0.372
2025-03-16,75,3,2025,0.0,telemetry,27.1,14.7,telemetry,Sangrur,1,4.517,1.15,0.0,5.194,9.8409,0.0,9.8409,2.6159,10.0327,0.0,4.4549,5.5778,2.975967794248023,34.945,0.2,23.81,8.153,-29.08,0.587
2025-03-17,76,3,2025,0.0,telemetry,27.4,16.4,telemetry,Sangrur,1,4.391,1.15,0.0,5.05,9.5682,0.0,9.5682,2.5434,9.76,0.0,4.4915,5.2685,2.98815468711347,34.957,0.2,23.89,8.403,-29.08,0.571
2025-03-18,77,3,2025,0.0,telemetry,28.0,15.5,telemetry,Sangrur,1,4.693,1.15,0.0,5.396,10.2245,0.0,10.2245,2.7179,10.4163,0.0,4.53,5.8863,3.001770708037406,34.971,0.2,24.04,8.607,-29.08,0.61
2025-03-19,78,3,2025,0.0,telemetry,28.8,16.9,telemetry,Sangrur,1,4.735,1.15,0.0,5.445,10.3166,0.0,10.3166,2.7424,10.5084,0.0,4.571,5.9374,3.015504819317738,34.985,0.2,24.14,8.806,-29.08,0.616
2025-03-20,79,3,2025,0.0,telemetry,29.5,18.2,telemetry,Sangrur,1,4.756,1.15,0.0,5.47,10.3632,0.0,10.3632,2.7548,10.555,0.0,4.6145,5.9405,3.029246201462192,34.998,0.2,24.26,8.957,-29.08,0.619
2025-03-21,80,3,2025,0.0,telemetry,29.4,18.7,telemetry,Sangrur,1,4.678,1.15,0.0,5.38,10.1936,0.0,10.1936,2.7097,10.3854,0.0,4.6601,5.7253,3.042489683401328,35.012,0.0,24.42,9.071,-29.08,0.608
2025-03-22,81,3,2025,0.0,telemetry,30.4,19.0,telemetry,Sangrur,1,4.933,1.129,0.0,5.571,10.5547,0.0,10.5547,2.8057,10.7465,0.0,4.7075,6.039,3.0564589471538453,35.026,0.0,24.81,9.189,-29.95,0.63
2025-03-23,82,3,2025,0.0,telemetry,29.7,17.1,telemetry,Sangrur,1,5.057,1.109,0.0,5.606,10.6213,0.0,10.6213,2.8234,10.8131,0.0,4.7568,6.0563,3.070468243503088,35.04,0.0,25.0,9.266,-29.94,0.634
2025-03-24,83,3,2025,0.0,telemetry,29.9,16.8,telemetry,Sangrur,1,5.18,1.088,0.0,5.635,10.6758,0.0,10.6758,2.8379,10.8676,0.0,4.8078,6.0598,3.084485437052638,35.054,0.0,25.23,9.445,-29.94,0.637
2025-03-25,84,3,2025,0.0,telemetry,31.5,18.0,telemetry,Sangrur,1,5.468,1.067,0.0,5.835,11.0553,0.0,11.0553,2.9388,11.2471,0.0,4.8605,6.3866,3.099258550173429,35.068,0.0,25.57,9.63,-29.94,0.66
2025-03-26,85,3,2025,0.0,telemetry,33.3,22.7,telemetry,Sangrur,1,5.245,1.046,0.0,5.488,10.3977,0.0,10.3977,2.7639,10.5895,0.0,4.9152,5.6743,3.1123841897693616,35.081,0.0,25.84,9.749,-29.94,0.621
2025-03-27,86,3,2025,2.07,telemetry,33.1,24.9,telemetry,Sangrur,1,4.74,1.026,0.0,4.861,5.3534,0.0,5.3534,1.4231,5.5452,0.5966,4.9705,0.5747,3.113713487129064,35.083,2.07,26.27,9.429,-28.03,0.32
2025-03-28,87,3,2025,0.0,telemetry,26.4,18.9,telemetry,Sangrur,1,3.939,1.005,0.0,3.959,7.5001,0.0,7.5001,1.9937,7.6919,0.0,5.0206,2.6713,3.119892677569933,35.089,2.07,26.56,9.493,-28.01,0.448
2025-03-29,88,3,2025,0.0,telemetry,27.1,15.5,telemetry,Sangrur,1,4.761,0.984,0.0,4.686,8.8777,0.0,8.8777,2.3599,9.0695,0.0,5.0676,4.0019,3.1291496484687,35.098,2.07,26.89,9.682,-28.08,0.53
2025-03-30,89,3,2025,0.0,telemetry,30.1,15.6,telemetry,Sangrur,1,5.563,0.963,0.0,5.36,10.1551,0.0,10.1551,2.6995,10.3469,0.0,5.1137,5.2332,3.141254823321026,35.11,2.07,27.31,9.704,-28.2,0.606
2025-03-31,90,3,2025,0.0,telemetry,30.6,18.6,telemetry,Sangrur,1,5.307,0.943,0.0,5.002,9.4778,0.0,9.4778,2.5194,9.6696,0.0,5.1606,4.509,3.15168484412637,35.121,2.07,27.52,9.698,-28.2,0.566
2025-04-01,91,4,2025,0.0,telemetry,30.2,16.3,telemetry,Sangrur,1,5.558,0.922,0.0,5.124,9.7081,0.0,9.7081,2.5806,9.8999,0.0,5.2072,4.6927,3.1625398018599498,35.132,2.07,27.7,9.661,-28.2,0.579
2025-04-02,92,4,2025,0.07,telemetry,30.2,16.8,telemetry,Sangrur,1,5.518,0.901,0.0,4.973,9.2891,0.0,9.2891,2.4693,9.4809,0.0202,5.2538,4.2271,3.172317844852184,35.141,2.14,28.02,9.587,-28.12,0.554
2025-04-03,93,4,2025,0.0,telemetry,32.0,20.3,telemetry,Sangrur,1,5.514,0.88,0.0,4.855,9.1986,0.0,9.1986,2.4452,9.3904,0.0,5.2997,4.0907,3.181780366384379,35.151,0.07,28.34,9.504,-28.12,0.549
2025-04-04,94,4,2025,0.0,telemetry,32.5,22.2,telemetry,Sangrur,1,5.341,0.86,0.0,4.592,8.6999,0.0,8.6999,2.3126,8.8917,0.0,5.3447,3.547,3.1899850849358957,35.159,0.07,28.69,9.397,-28.12,0.519
2025-04-05,95,4,2025,0.0,telemetry,33.8,18.9,telemetry,Sangrur,1,6.312,0.839,0.0,5.296,10.0332,0.0,10.0332,2.6671,10.225,0.0,5.3882,4.8368,3.2011732620650153,35.17,0.07,29.0,9.36,-28.12,0.599
2025-04-06,96,4,2025,0.0,telemetry,34.4,19.1,telemetry,Sangrur,1,6.484,0.818,0.0,5.306,10.0528,0.0,10.0528,2.6723,10.2446,0.0,5.4321,4.8125,3.212305326956231,35.181,0.07,29.31,9.32,-28.12,0.6
2025-04-07,97,4,2025,0.0,telemetry,27.9,20.9,telemetry,Sangrur,1,4.174,0.798,0.0,3.329,6.3069,0.0,6.3069,1.6765,6.4987,0.0,5.4762,1.0225,3.214670495382577,35.184,0.07,29.36,9.008,-28.12,0.376
2025-04-08,98,4,2025,0.0,telemetry,34.2,18.3,generated,Sangrur,1,6.596,0.777,0.0,5.124,9.708,0.0,9.708,2.5806,9.8998,0.0,5.5154,4.3844,3.224812407505623,35.194,0.07,29.57,8.911,-28.12,0.579
2025-04-09,99,4,2025,0.0,telemetry,35.5,25.4,telemetry,Sangrur,1,5.784,0.756,0.0,4.373,8.2858,0.0,8.2858,2.2026,8.4776,0.0,5.5545,2.9231,3.2315739483583434,35.201,0.0,29.87,8.76,-28.12,0.495
2025-04-10,100,4,2025,0.0,telemetry,36.0,26.7,telemetry,Sangrur,1,5.678,0.735,0.0,4.176,7.9116,0.0,7.9116,2.1031,8.1034,0.0,5.5917,2.5117,3.237383919193795,35.206,0.0,30.13,8.943,-28.12,0.472
2025-04-11,101,4,2025,0.47,telemetry,27.5,18.8,telemetry,Sangrur,1,4.596,0.715,0.0,3.284,5.3353,0.0,5.3353,1.4182,5.5271,0.1355,5.6265,-0.0994,3.237154078419779,35.206,0.47,30.1,8.789,-27.69,0.318
2025-04-12,102,4,2025,0.4,telemetry,32.0,20.5,telemetry,Sangrur,1,5.708,0.694,0.0,3.961,6.7484,0.0,6.7484,1.7939,6.9402,0.1153,5.6557,1.2845,3.2401254149294076,35.209,0.87,30.2,8.636,-27.32,0.403
2025-04-13,103,4,2025,0.07,telemetry,29.5,19.5,telemetry,Sangrur,1,5.132,0.673,0.0,3.455,6.413,0.0,6.413,1.7047,6.6048,0.0202,5.6816,0.9232,3.242260886862848,35.211,0.94,30.33,8.369,-27.31,0.383
2025-04-14,104,4,2025,0.0,telemetry,33.6,11.6,generated,Sangrur,1,7.3,0.652,0.0,4.763,9.0235,0.0,9.0235,2.3987,9.2153,0.0,5.7039,3.5114,3.250383240944812,35.219,0.94,30.72,8.337,-27.07,0.539
2025-04-15,105,4,2025,0.0,telemetry,32.9,15.3,generated,Sangrur,1,6.798,0.632,0.0,4.295,8.1367,0.0,8.1367,2.1629,8.3285,0.0,5.7264,2.6021,3.2564022917916673,35.225,0.94,30.91,8.224,-26.98,0.486
2025-04-16,106,4,2025,0.0,telemetry,32.8,18.6,generated,Sangrur,1,6.364,0.611,0.0,3.888,7.3673,0.0,7.3673,1.9584,7.5591,0.0,5.7478,1.8113,3.2605921596916123,35.23,0.94,31.09,8.087,-26.98,0.44
2025-04-17,107,4,2025,0.0,telemetry,32.4,24.5,generated,Sangrur,1,5.066,0.59,0.0,2.99,5.6658,0.0,5.6658,1.5061,5.8576,0.0,5.7671,0.0905,3.260801614983359,35.23,0.94,31.24,7.835,-26.98,0.338
2025-04-18,108,4,2025,18.07,telemetry,31.3,19.6,generated,Sangrur,1,5.787,0.57,0.0,3.296,0.0,0.0,0.0,0.0,0.1918,5.2079,5.782,-5.5902,3.2478705218879536,35.217,18.54,31.32,7.213,-10.41,0.0
2025-04-19,109,4,2025,0.0,telemetry,34.9,23.8,generated,Sangrur,1,6.168,0.549,0.0,3.385,6.4128,0.0,6.4128,1.7047,6.6046,0.0,5.7939,0.8107,3.24974575111665,35.219,18.14,31.5,6.955,-10.25,0.383
2025-04-20,110,4,2025,0.0,telemetry,31.4,14.8,generated,Sangrur,1,6.566,0.528,0.0,3.467,6.5691,0.0,6.5691,1.7462,6.7609,0.0,5.8033,0.9576,3.2519608658480745,35.221,18.07,31.57,6.706,-10.21,0.392
2025-04-21,111,4,2025,0.0,telemetry,26.2,6.4,generated,Sangrur,1,6.0,0.507,0.0,3.044,5.7668,0.0,5.7668,1.5329,5.9586,0.0,5.8105,0.1481,3.2523033815953934,35.221,18.07,31.43,6.667,-10.21,0.344
2025-04-22,112,4,2025,0.0,telemetry,29.0,18.0,generated,Sangrur,1,5.435,0.487,0.0,2.644,5.0102,0.0,5.0102,1.3318,5.202,0.0,5.8147,-0.6127,3.25088608698525,35.22,18.07,31.41,6.332,-10.21,0.299
2025-04-23,113,4,2025,0.0,telemetry,30.4,12.2,generated,Sangrur,1,6.64,0.466,0.0,3.093,5.8608,0.0,5.8608,1.5579,6.0526,0.0,5.815,0.2376,3.251435596118815,35.22,18.07,31.42,6.159,-9.97,0.35
2025-04-24,114,4,2025,0.0,telemetry,28.6,6.6,generated,Sangrur,1,6.631,0.445,0.0,2.952,5.5925,0.0,5.5925,1.4866,5.7843,0.0,5.813,-0.0287,3.2513691985109037,35.22,18.07,31.33,5.993,-9.97,0.334
2025-04-25,115,4,2025,0.0,telemetry,26.5,16.1,generated,Sangrur,1,5.052,0.424,0.0,2.144,4.0621,0.0,4.0621,1.0798,4.2539,0.0,5.8084,-1.5545,3.247773330365475,35.217,0.0,31.1,5.902,-9.97,0.242
2025-04-26,116,4,2025,0.0,telemetry,30.5,10.6,generated,Sangrur,1,6.875,0.404,0.0,2.775,5.2583,0.0,5.2583,1.3978,5.4501,0.0,5.7994,-0.3493,3.246965264130784,35.216,0.0,31.01,5.796,-12.04,0.314
2025-04-27,117,4,2025,0.0,telemetry,33.5,29.5,generated,Sangrur,1,3.975,0.383,0.0,1.522,2.8837,0.0,2.8837,0.7666,3.0755,0.0,5.788,-2.7125,3.240690718044132,35.21,0.0,31.25,5.544,-12.04,0.172
2025-04-28,118,4,2025,0.0,telemetry,32.4,11.8,generated,Sangrur,1,7.322,0.362,0.0,2.652,5.0244,0.0,5.0244,1.3356,5.2162,0.0,5.7712,-0.555,3.2394068478060887,35.208,0.0,31.43,5.258,-12.04,0.3
2025-04-29,119,4,2025,0.0,telemetry,33.0,11.0,generated,Sangrur,1,7.569,0.341,0.0,2.585,4.8969,0.0,4.8969,1.3017,5.0887,0.0,5.7524,-0.6637,3.2378716168304593,35.207,0.0,31.52,5.026,-11.92,0.292
2025-04-30,120,4,2025,0.0,telemetry,34.8,14.6,generated,Sangrur,1,7.767,0.321,0.0,2.491,4.7197,0.0,4.7197,1.2546,4.9115,0.0,5.7316,-0.8201,3.235974673586539,35.205,0.0,31.66,4.837,-11.92,0.282
2025-05-01,121,5,2025,0.0,telemetry,32.4,23.8,generated,Sangrur,0,5.488,0.0,0.0,0.0,0.0,0.0,0.0,0.0,0.1918,0.0,5.7087,-5.5169,3.223213202343259,35.192,0.0,31.74,4.433,-11.92,0.0
2025-05-02,122,5,2025,3.0,telemetry,33.8,16.4,generated,Sangrur,0,7.316,0.0,0.0,0.0,0.0,0.0,0.0,0.0,0.1918,0.8646,5.6776,-5.4858,3.210523766472163,35.18,3.0,31.86,4.433,-9.24,0.0
2025-05-03,123,5,2025,0.2,telemetry,37.2,23.6,generated,Sangrur,0,7.286,0.0,0.0,0.0,0.0,0.0,0.0,0.0,0.1918,0.0576,5.6403,-5.4485,3.197920479757744,35.167,3.2,32.03,3.975,-9.06,0.0
2025-05-04,124,5,2025,8.93,telemetry,38.0,23.4,generated,Sangrur,0,7.615,0.0,0.0,0.0,0.0,0.0,0.0,0.0,0.1918,2.5737,5.5962,-5.4044,3.1854191437564574,35.154,12.13,32.21,3.505,-0.87,0.0
2025-05-05,125,5,2025,0.2,telemetry,39.7,24.2,generated,Sangrur,0,8.068,0.0,0.0,0.0,0.0,0.0,0.0,0.0,0.1918,0.0576,5.5501,-5.3583,3.173024434633843,35.142,12.33,32.41,3.093,-0.69,0.0
2025-05-06,126,5,2025,0.0,telemetry,41.7,29.4,generated,Sangrur,0,7.726,0.0,0.0,0.0,0.0,0.0,0.0,0.0,0.1918,0.0,5.4982,-5.3064,3.160749875639216,35.13,12.33,32.65,2.736,-0.69,0.0
2025-05-07,127,5,2025,0.0,telemetry,41.5,24.8,generated,Sangrur,0,8.617,0.0,0.0,0.0,0.0,0.0,0.0,0.0,0.1918,0.0,5.4409,-5.2491,3.148607869214973,35.118,12.33,33.11,2.317,-0.69,0.0
2025-05-08,128,5,2025,4.67,telemetry,39.7,26.6,generated,Sangrur,0,7.649,0.0,0.0,0.0,0.0,0.0,0.0,0.0,0.1918,1.3459,5.3788,-5.187,3.136609552357708,35.106,17.0,33.29,1.918,3.59,0.0
2025-05-09,129,5,2025,0.2,telemetry,40.1,26.1,generated,Sangrur,0,7.917,0.0,0.0,0.0,0.0,0.0,0.0,0.0,0.1918,0.0576,5.3146,-5.1228,3.12475973504569,35.094,14.2,33.44,1.627,3.78,0.0
2025-05-10,130,5,2025,7.73,telemetry,40.7,27.6,generated,Sangrur,0,7.833,0.0,0.0,0.0,0.0,0.0,0.0,0.0,0.1918,2.2278,5.2465,-5.0547,3.1130673911117075,35.082,21.73,33.6,1.252,10.86,0.0
2025-05-11,131,5,2025,0.0,telemetry,39.1,26.2,generated,Sangrur,0,7.564,0.0,0.0,0.0,0.0,0.0,0.0,0.0,0.1918,0.0,5.1786,-4.9868,3.1015321702729324,35.071,12.8,33.99,1.046,10.4,0.0
2025-05-12,132,5,2025,0.0,telemetry,38.7,28.0,generated,Sangrur,0,6.998,0.0,0.0,0.0,0.0,0.0,0.0,0.0,0.1918,0.0,5.1073,-4.9155,3.0901618302908664,35.059,12.6,34.21,0.687,10.0,0.0
2025-05-13,133,5,2025,0.0,telemetry,36.9,18.7,generated,Sangrur,0,8.152,0.0,0.0,0.0,0.0,0.0,0.0,0.0,0.1918,0.0,5.0331,-4.8413,3.078963200056588,35.048,12.6,34.46,0.337,9.93,0.0
2025-05-14,134,5,2025,0.0,telemetry,39.7,24.6,generated,Sangrur,0,8.149,0.0,0.0,0.0,0.0,0.0,0.0,0.0,0.1918,0.0,4.9563,-4.7645,3.0679422445681,35.037,12.6,34.66,0.0,9.93,0.0
2025-05-15,135,5,2025,0.0,telemetry,36.8,23.1,generated,Sangrur,0,7.434,0.0,1.05,0.0,0.0,13.8132,13.8132,3.6719,14.005,0.0,4.8772,9.1278,3.0890562506784702,35.058,7.93,34.79,0.0,9.93,0.824
2025-05-16,136,5,2025,0.0,telemetry,35.4,24.7,generated,Sangrur,0,6.595,0.0,1.05,0.0,0.0,12.2543,12.2543,3.2575,12.4461,0.0,4.8151,7.631,3.106707856469988,35.076,7.73,34.88,0.0,9.93,0.731
2025-05-17,137,5,2025,0.0,telemetry,34.5,25.1,generated,Sangrur,0,6.159,0.0,1.05,0.0,0.0,11.445,11.445,3.0423,11.6368,0.0,4.7666,6.8702,3.1225997317957805,35.092,0.0,34.95,0.0,9.93,0.683
2025-05-18,138,5,2025,0.0,telemetry,36.9,21.2,generated,Sangrur,0,7.847,0.0,1.05,0.0,0.0,14.5817,14.5817,3.8761,14.7735,0.0,4.7294,10.0441,3.1458333242877425,35.115,0.0,35.13,0.0,-7.62,0.87
2025-05-19,139,5,2025,0.0,telemetry,40.4,26.8,generated,Sangrur,0,8.026,0.0,1.05,0.0,0.0,14.9129,14.9129,3.9642,15.1047,0.0,4.707,10.3977,3.169884939773403,35.139,0.0,35.32,0.0,-7.62,0.89
2025-05-20,140,5,2025,0.0,telemetry,38.1,24.3,generated,Sangrur,0,7.719,0.0,1.05,0.0,0.0,14.3422,14.3422,3.8125,14.534,0.0,4.6985,9.8355,3.1926359522676955,35.162,0.0,35.54,0.0,-7.62,0.856
2025-05-21,141,5,2025,0.07,telemetry,38.1,22.3,generated,Sangrur,0,8.102,0.0,1.05,0.0,0.0,14.9311,14.9311,3.969,15.1229,0.0202,4.7021,10.4208,3.2167408157442616,35.186,0.07,35.94,0.0,-7.55,0.891
2025-05-22,142,5,2025,0.0,telemetry,40.6,26.3,generated,Sangrur,0,8.241,0.0,1.05,0.0,0.0,15.3135,15.3135,4.0707,15.5053,0.0,4.7176,10.7877,3.2416944110661583,35.211,0.07,36.32,0.0,-7.55,0.914
2025-05-23,143,5,2025,0.0,telemetry,38.6,20.3,generated,Sangrur,0,8.607,0.0,1.05,0.0,0.0,15.9926,15.9926,4.2512,16.1844,0.0,4.7444,11.44,3.2681568510047008,35.237,0.07,36.6,0.0,-7.55,0.955
2025-05-24,144,5,2025,10.27,telemetry,35.1,24.4,generated,Sangrur,0,6.631,0.0,1.05,0.0,0.0,0.0,0.0,0.0,0.1918,2.9599,4.7825,-4.5907,3.2575378246686197,35.227,10.34,36.81,0.0,1.86,0.0
2025-05-25,145,5,2025,4.13,telemetry,35.5,21.9,generated,Sangrur,0,7.32,0.0,1.05,0.0,0.0,6.5346,6.5346,1.737,6.7264,1.1903,4.8138,1.9126,3.261961902473609,35.231,14.47,37.11,0.0,5.65,0.39
2025-05-26,146,5,2025,0.0,telemetry,34.5,19.4,generated,Sangrur,0,7.432,0.0,1.05,0.0,0.0,13.8091,13.8091,3.6708,14.0009,0.0,4.845,9.1559,3.2831408900342467,35.252,14.47,37.25,0.0,5.65,0.824
2025-05-27,147,5,2025,0.0,telemetry,37.3,27.6,generated,Sangrur,0,6.696,0.0,1.05,0.0,0.0,12.442,12.442,3.3074,12.6338,0.0,4.8841,7.7497,3.3010672821846327,35.27,14.47,37.37,0.0,5.65,0.743
2025-05-28,148,5,2025,0.0,telemetry,38.7,17.8,generated,Sangrur,0,9.017,0.0,1.05,0.0,0.0,16.7545,16.7545,4.4537,16.9463,0.0,4.9283,12.018,3.328866811947659,35.298,14.4,37.58,0.0,5.65,1.0
2025-05-29,149,5,2025,0.0,telemetry,42.0,30.1,generated,Sangrur,0,7.964,0.0,1.05,0.0,0.0,14.7988,14.7988,3.9339,14.9906,0.0,4.9831,10.0075,3.3520156423633845,35.321,14.4,37.88,0.0,5.65,0.883
2025-05-30,150,5,2025,2.6,telemetry,40.7,30.5,generated,Sangrur,0,7.319,0.0,1.05,0.0,0.0,9.0941,9.0941,2.4174,9.2859,0.7493,5.0449,4.241,3.3618257361377575,35.331,17.0,38.08,0.0,8.04,0.543
2025-05-31,151,5,2025,0.07,telemetry,36.8,24.6,generated,Sangrur,0,7.276,0.0,1.05,0.0,0.0,13.3969,13.3969,3.5612,13.5887,0.0202,5.1063,8.4824,3.38144681870181,35.351,6.8,38.23,0.0,8.1,0.8
2025-06-01,152,6,2025,0.0,telemetry,36.8,32.8,generated,Sangrur,0,4.523,0.0,1.052,0.0,0.0,8.4181,8.4181,2.2377,8.6099,0.0,5.172,3.4379,3.3893992041256413,35.358,2.67,38.33,0.0,5.16,0.502
2025-06-02,153,6,2025,0.0,telemetry,39.1,25.7,generated,Sangrur,0,7.906,0.0,1.055,0.0,0.0,14.7674,14.7674,3.9255,14.9592,0.0,5.2346,9.7246,3.411893657109149,35.381,2.67,38.39,0.0,4.97,0.881
2025-06-03,154,6,2025,8.33,telemetry,35.1,25.0,generated,Sangrur,0,6.548,0.0,1.059,0.0,0.0,0.0,0.0,0.0,0.1918,6.6021,5.303,-5.1112,3.400070586083182,35.369,11.0,38.29,0.0,3.67,0.0
2025-06-04,155,6,2025,1.13,telemetry,35.5,24.3,generated,Sangrur,0,6.878,0.0,1.063,0.0,0.0,10.9541,10.9541,2.9118,11.1459,0.8956,5.3673,5.7786,3.4134374605896682,35.382,12.13,38.15,0.0,4.52,0.654
2025-06-05,156,6,2025,0.2,telemetry,39.2,30.6,generated,Sangrur,0,6.663,0.0,1.066,0.0,0.0,12.2212,12.2212,3.2487,12.413,0.1585,5.4334,6.9796,3.4295824359495732,35.399,12.33,38.07,0.0,4.72,0.729
2025-06-06,157,6,2025,0.0,telemetry,36.7,21.3,generated,Sangrur,0,7.923,0.0,1.07,0.0,0.0,15.0032,15.0032,3.9882,15.195,0.0,5.5016,9.6934,3.4520048545028863,35.421,9.73,37.91,0.0,4.73,0.895
2025-06-07,158,6,2025,0.0,telemetry,38.5,28.2,generated,Sangrur,0,7.086,0.0,1.074,0.0,0.0,13.4635,13.4635,3.5789,13.6553,0.0,5.5751,8.0802,3.4706956045205453,35.44,9.66,37.87,0.0,0.06,0.804
2025-06-08,159,6,2025,0.0,telemetry,34.7,27.3,generated,Sangrur,0,5.733,0.0,1.077,0.0,0.0,10.93,10.93,2.9054,11.1218,0.0,5.6513,5.4705,3.4833497809508076,35.452,9.66,37.69,0.0,-0.14,0.652
2025-06-09,160,6,2025,0.0,telemetry,35.7,18.3,generated,Sangrur,0,8.075,0.0,1.081,0.0,0.0,15.4455,15.4455,4.1058,15.6373,0.0,5.7262,9.9111,3.506275625379992,35.475,9.66,37.52,0.0,-7.87,0.922
2025-06-10,161,6,2025,0.0,telemetry,42.5,32.0,telemetry,Sangrur,0,7.711,0.0,1.085,0.0,0.0,14.7994,14.7994,3.934,14.9912,0.0,5.8061,9.1851,3.52752216062014,35.497,1.33,37.64,0.0,-7.87,0.883
2025-06-11,162,6,2025,0.0,telemetry,41.9,32.0,telemetry,Sangrur,0,7.449,0.0,1.088,0.0,0.0,14.3452,14.3452,3.8133,14.537,0.0,5.8895,8.6475,3.5475252694717736,35.517,0.2,37.74,0.0,-7.87,0.856
2025-06-12,163,6,2025,0.0,telemetry,40.8,30.7,telemetry,Sangrur,0,7.362,0.0,1.092,0.0,0.0,14.2238,14.2238,3.781,14.4156,0.0,5.9752,8.4404,3.567049247347974,35.536,0.0,37.87,0.0,-7.87,0.849
2025-06-13,164,6,2025,0.0,telemetry,40.8,26.7,telemetry,Sangrur,0,8.376,0.0,1.095,0.0,0.0,16.2368,16.2368,4.3161,16.4286,0.0,6.0628,10.3658,3.591027014376086,35.56,0.0,37.91,0.0,-7.87,0.969
2025-06-14,165,6,2025,0.0,telemetry,40.3,29.4,telemetry,Sangrur,0,7.523,0.0,1.099,0.0,0.0,14.6323,14.6323,3.8896,14.8241,0.0,6.1547,8.6694,3.611080823982967,35.58,0.0,38.03,0.0,-7.87,0.873
2025-06-15,166,6,2025,0.27,telemetry,38.8,27.6,telemetry,Sangrur,0,7.388,0.0,1.103,0.0,0.0,13.941,13.941,3.7058,14.1328,0.214,6.2481,7.8847,3.629319474773476,35.598,0.27,38.14,0.0,-7.62,0.832
2025-06-16,167,6,2025,0.0,telemetry,38.1,29.0,telemetry,Sangrur,0,6.706,0.0,1.106,0.0,0.0,13.1302,13.1302,3.4903,13.322,0.0,6.3421,6.9799,3.645465053473236,35.615,0.27,38.26,0.0,-7.62,0.784
2025-06-17,168,6,2025,6.2,telemetry,34.0,28.0,telemetry,Sangrur,0,5.176,0.0,1.11,0.0,0.0,0.0,0.0,0.0,0.1918,4.9139,6.4351,-6.2433,3.6310232533517306,35.6,6.47,38.16,0.0,-1.94,0.0
2025-06-18,169,6,2025,5.6,telemetry,37.6,28.1,telemetry,Sangrur,0,6.76,0.0,1.114,0.0,0.0,3.8556,3.8556,1.0249,4.0474,4.4384,6.5172,-2.4698,3.6253102822332584,35.594,12.07,38.07,0.0,3.19,0.23
2025-06-19,170,6,2025,0.07,telemetry,36.3,28.6,telemetry,Sangrur,0,6.038,0.0,1.117,0.0,0.0,11.8139,11.8139,3.1404,12.0057,0.0555,6.5937,5.412,3.6378291861702956,35.607,12.14,38.01,0.0,3.26,0.705
2025-06-20,171,6,2025,0.0,telemetry,31.6,27.4,telemetry,Sangrur,0,4.197,0.0,1.121,0.0,0.0,8.3256,8.3256,2.2131,8.5174,0.0,6.6687,1.8487,3.6421055469546335,35.611,12.14,37.79,0.0,3.77,0.497
2025-06-21,172,6,2025,0.0,telemetry,33.1,26.8,telemetry,Sangrur,0,5.189,0.0,1.125,0.0,0.0,10.3263,10.3263,2.745,10.5181,0.0,6.7374,3.7807,3.6508509896163877,35.62,12.14,37.54,0.0,3.78,0.616
2025-06-22,173,6,2025,0.73,telemetry,33.7,27.5,telemetry,Sangrur,0,5.217,0.0,1.128,0.0,0.0,9.1314,9.1314,2.4273,9.3232,0.5786,6.8028,2.5204,3.656681053688319,35.626,12.6,37.38,0.0,4.44,0.545
2025-06-23,174,6,2025,0.4,telemetry,34.3,29.4,telemetry,Sangrur,0,4.757,0.0,1.132,0.0,0.0,8.8221,8.8221,2.3451,9.0139,0.317,6.8645,2.1494,3.6616529980613466,35.631,13.0,37.35,0.0,-5.46,0.527
2025-06-24,175,6,2025,1.13,telemetry,32.7,27.4,telemetry,Sangrur,0,4.767,0.0,1.135,0.0,0.0,7.5967,7.5967,2.0194,7.7885,0.8956,6.9217,0.8668,3.6636579634486193,35.633,7.93,37.26,0.0,-8.55,0.453
2025-06-25,176,6,2025,0.27,telemetry,42.2,34.0,generated,Sangrur,0,6.925,0.0,1.139,0.0,0.0,13.4825,13.4825,3.584,13.6743,0.214,6.9741,6.7002,3.6791565710721543,35.648,2.6,37.52,0.0,-8.31,0.805
2025-06-26,177,6,2025,0.07,telemetry,33.2,29.6,telemetry,Sangrur,0,4.037,0.0,1.143,0.0,0.0,8.0404,8.0404,2.1373,8.2322,0.0555,7.0288,1.2034,3.681940118515104,35.651,2.6,37.38,0.0,-8.2,0.48
2025-06-27,178,6,2025,0.2,telemetry,35.7,28.5,telemetry,Sangrur,0,5.789,0.0,1.146,0.0,0.0,11.3899,11.3899,3.0277,11.5817,0.1585,7.0779,4.5038,3.692358026279171,35.661,2.8,37.28,0.0,-3.57,0.68
2025-06-28,179,6,2025,0.0,telemetry,34.9,27.2,telemetry,Sangrur,0,5.858,0.0,1.15,0.0,0.0,11.9216,11.9216,3.169,12.1134,0.0,7.1265,4.9869,3.7038934928020244,35.673,2.8,37.04,0.0,-3.57,0.712
2025-06-29,180,6,2025,3.73,telemetry,31.2,27.9,telemetry,Sangrur,0,3.716,0.0,1.154,0.0,0.0,1.1815,1.1815,0.3141,1.3733,2.9563,7.175,-5.8017,3.690473326190144,35.66,5.8,36.73,0.0,-2.76,0.071
2025-06-30,181,6,2025,1.2,telemetry,31.1,26.5,telemetry,Sangrur,0,4.315,0.0,1.157,0.0,0.0,6.7342,6.7342,1.7901,6.926,0.9511,7.2134,-0.2874,3.689808500934768,35.659,6.6,36.54,0.0,-1.73,0.402
2025-07-01,182,7,2025,4.87,telemetry,29.1,26.0,telemetry,Sangrur,0,3.446,0.0,1.161,0.0,0.0,0.0,0.0,0.0,0.1918,3.8598,7.247,-7.0552,3.6734887497120985,35.643,10.34,36.28,0.0,2.74,0.0
2025-07-02,183,7,2025,0.2,telemetry,36.8,26.8,telemetry,Sangrur,0,6.764,0.0,1.165,0.0,0.0,13.5871,13.5871,3.6118,13.7789,0.1585,7.2716,6.5073,3.688541081351079,35.658,10.27,36.2,0.0,3.04,0.811
2025-07-03,184,7,2025,0.07,telemetry,34.2,28.2,telemetry,Sangrur,0,5.173,0.0,1.168,0.0,0.0,10.5704,10.5704,2.8099,10.7622,0.0555,7.3006,3.4616,3.69654820260359,35.666,10.27,36.17,0.0,-5.2,0.631
2025-07-04,185,7,2025,0.07,telemetry,34.2,27.4,telemetry,Sangrur,0,5.459,0.0,1.172,0.0,0.0,11.1957,11.1957,2.9761,11.3875,0.0555,7.3293,4.0582,3.7059355064940624,35.675,10.14,36.13,0.0,-2.43,0.668
2025-07-05,186,7,2025,0.0,telemetry,32.8,27.9,telemetry,Sangrur,0,4.587,0.0,1.175,0.0,0.0,9.5426,9.5426,2.5366,9.7344,0.0,7.3584,2.376,3.7114316767447773,35.68,10.14,35.92,0.0,-2.63,0.57
2025-07-06,187,7,2025,0.0,telemetry,35.3,25.8,telemetry,Sangrur,0,6.409,0.0,1.179,0.0,0.0,13.3733,13.3733,3.5549,13.5651,0.0,7.3854,6.1797,3.725726288127679,35.695,6.41,35.87,0.0,-1.39,0.798
2025-07-07,188,7,2025,2.67,telemetry,36.1,26.7,telemetry,Sangrur,0,6.482,0.0,1.183,0.0,0.0,8.9432,8.9432,2.3773,9.135,2.1162,7.4158,1.7192,3.729703130987676,35.699,7.88,35.79,0.0,1.17,0.534
2025-07-08,189,7,2025,0.0,telemetry,33.3,28.9,telemetry,Sangrur,0,4.404,0.0,1.186,0.0,0.0,9.2461,9.2461,2.4578,9.4379,0.0,7.4465,1.9914,3.734309449885965,35.703,3.01,35.74,0.0,1.24,0.552
2025-07-09,190,7,2025,0.8,telemetry,33.0,26.3,telemetry,Sangrur,0,5.269,0.0,1.19,0.0,0.0,9.6885,9.6885,2.5754,9.8803,0.6341,7.4746,2.4057,3.73987421691875,35.709,3.61,35.65,0.0,1.98,0.578
2025-07-10,191,7,2025,6.6,telemetry,30.7,24.9,telemetry,Sangrur,0,4.706,0.0,1.194,0.0,0.0,0.0,0.0,0.0,0.1918,5.2309,7.5017,-7.3099,3.7229651533557937,35.692,10.14,35.26,0.0,8.06,0.0
2025-07-11,192,7,2025,0.6,telemetry,34.0,27.6,telemetry,Sangrur,0,5.264,0.0,1.197,0.0,0.0,10.0961,10.0961,2.6838,10.2879,0.4755,7.5224,2.7655,3.729362270442919,35.698,10.67,35.0,0.0,8.62,0.603
2025-07-12,193,7,2025,11.27,telemetry,36.0,27.3,telemetry,Sangrur,0,6.238,0.0,1.2,0.0,0.0,0.0,0.0,0.0,0.1918,8.9322,7.5431,-7.3513,3.712357624007024,35.681,21.94,34.84,0.0,21.84,0.0
2025-07-13,194,7,2025,0.47,telemetry,31.0,28.6,telemetry,Sangrur,0,3.15,0.0,1.2,0.0,0.0,5.8613,5.8613,1.5581,6.0531,0.3725,7.564,-1.5109,3.7088627361727426,35.678,22.41,34.51,0.0,22.27,0.35
2025-07-14,195,7,2025,7.47,telemetry,34.4,27.3,telemetry,Sangrur,0,5.532,0.0,1.2,0.0,0.0,0.0,0.0,0.0,0.1918,5.9205,7.5792,-7.3874,3.6917745912316673,35.661,27.21,34.31,0.0,29.12,0.0
2025-07-15,196,7,2025,4.33,telemetry,33.7,27.4,telemetry,Sangrur,0,5.172,0.0,1.2,0.0,0.0,3.5866,3.5866,0.9534,3.7784,3.4318,7.5902,-3.8118,3.682957218688669,35.652,31.54,34.14,0.0,32.82,0.214
2025-07-16,197,7,2025,1.33,telemetry,34.2,27.3,telemetry,Sangrur,0,5.429,0.0,1.2,0.0,0.0,9.1994,9.1994,2.4454,9.3912,1.0541,7.5985,1.7927,3.6871041179446498,35.656,32.07,34.01,0.0,34.04,0.549
2025-07-17,198,7,2025,0.27,telemetry,32.4,24.5,generated,Sangrur,0,5.526,0.0,1.2,0.0,0.0,11.2587,11.2587,2.9928,11.4505,0.214,7.6079,3.8426,3.6959927056160677,35.665,25.74,33.96,0.0,28.09,0.672
2025-07-18,199,7,2025,2.07,telemetry,30.5,21.6,generated,Sangrur,0,5.554,0.0,1.2,0.0,0.0,8.1912,8.1912,2.1774,8.383,1.6406,7.6198,0.7632,3.697758088070829,35.667,27.21,33.72,0.0,24.39,0.489
2025-07-19,200,7,2025,0.07,telemetry,30.0,20.2,generated,Sangrur,0,5.693,0.0,1.2,0.0,0.0,11.9667,11.9667,3.181,12.1585,0.0555,7.6321,4.5264,3.70822827082389,35.677,16.01,33.51,0.0,24.38,0.714
2025-07-20,201,7,2025,0.07,telemetry,31.7,28.3,telemetry,Sangrur,0,3.731,0.0,1.2,0.0,0.0,7.7995,7.7995,2.0733,7.9913,0.0555,7.6474,0.3439,3.7090238038823977,35.678,15.61,33.52,0.0,24.45,0.466
2025-07-21,202,7,2025,0.67,telemetry,29.2,26.1,telemetry,Sangrur,0,3.382,0.0,1.2,0.0,0.0,6.0035,6.0035,1.5959,6.1953,0.531,7.6595,-1.4642,3.705636811953918,35.675,8.81,33.39,0.0,25.06,0.358
2025-07-22,203,7,2025,3.47,telemetry,30.1,25.9,telemetry,Sangrur,0,3.961,0.0,1.2,0.0,0.0,2.4415,2.4415,0.649,2.6333,2.7502,7.6671,-5.0338,3.6939928106616686,35.663,7.95,33.27,0.0,27.51,0.146
2025-07-23,204,7,2025,2.0,telemetry,31.7,25.7,telemetry,Sangrur,0,4.799,0.0,1.2,0.0,0.0,6.7084,6.7084,1.7832,6.9002,1.5851,7.6693,-0.7691,3.692213807707506,35.661,8.62,33.18,0.0,28.94,0.4
2025-07-24,205,7,2025,0.13,telemetry,34.1,26.9,telemetry,Sangrur,0,5.451,0.0,1.2,0.0,0.0,11.3467,11.3467,3.0162,11.5385,0.103,7.6704,3.8681,3.701161223497599,35.67,8.48,33.23,0.0,27.93,0.677
2025-07-25,206,7,2025,0.07,telemetry,35.4,27.4,generated,Sangrur,0,5.843,0.0,1.2,0.0,0.0,12.2848,12.2848,3.2656,12.4766,0.0555,7.6746,4.802,3.712268999478979,35.681,6.48,33.0,0.0,28.43,0.733
2025-07-26,207,7,2025,0.07,telemetry,34.1,29.7,generated,Sangrur,0,4.37,0.0,1.2,0.0,0.0,9.1555,9.1555,2.4337,9.3473,0.0555,7.6827,1.6646,3.7161195776312494,35.685,6.48,33.03,0.0,28.73,0.546
2025-07-27,208,7,2025,4.07,telemetry,36.2,28.2,telemetry,Sangrur,0,5.917,0.0,1.2,0.0,0.0,5.5964,5.5964,1.4877,5.7882,3.2257,7.69,-1.9018,3.711720509324565,35.681,10.48,33.05,0.0,32.26,0.334
2025-07-28,209,7,2025,0.73,telemetry,33.4,27.0,telemetry,Sangrur,0,5.071,0.0,1.2,0.0,0.0,9.4836,9.4836,2.521,9.6754,0.5786,7.6969,1.9785,3.71629710837868,35.685,10.54,33.0,0.0,32.93,0.566
2025-07-29,210,7,2025,10.8,telemetry,33.1,26.8,telemetry,Sangrur,0,4.995,0.0,1.2,0.0,0.0,0.0,0.0,0.0,0.1918,8.5597,7.7045,-7.5127,3.698919054352809,35.668,17.87,33.06,0.0,39.31,0.0
2025-07-30,211,7,2025,5.4,telemetry,29.2,26.6,telemetry,Sangrur,0,3.065,0.0,1.2,0.0,0.0,0.0,0.0,0.0,0.1918,4.2799,7.7129,-7.5211,3.681521549519687,35.651,21.27,33.0,0.0,43.62,0.0
2025-07-31,212,7,2025,17.33,telemetry,32.1,26.9,telemetry,Sangrur,0,4.477,0.0,1.2,0.0,0.0,0.0,0.0,0.0,0.1918,13.7352,7.7152,-7.5234,3.6641187050640416,35.633,38.47,33.1,0.0,54.64,0.0
2025-08-01,213,8,2025,6.73,telemetry,27.6,24.9,telemetry,Sangrur,0,2.998,0.0,1.2,0.0,0.0,0.0,0.0,0.0,0.1918,5.334,7.7277,-7.5359,3.6466870748152287,35.616,45.13,32.79,0.0,60.81,0.0
2025-08-02,214,8,2025,0.4,telemetry,31.0,24.5,telemetry,Sangrur,0,4.799,0.0,1.2,0.0,0.0,9.4853,9.4853,2.5214,9.6771,0.317,7.7359,1.9412,3.6511774102538452,35.62,45.46,32.68,0.0,61.42,0.566
2025-08-03,215,8,2025,1.4,telemetry,34.3,27.0,telemetry,Sangrur,0,5.397,0.0,1.2,0.0,0.0,9.0116,9.0116,2.3955,9.2034,1.1096,7.745,1.4584,3.654550845927656,35.624,42.79,32.69,0.0,62.64,0.538
2025-08-04,216,8,2025,0.07,telemetry,33.6,28.1,telemetry,Sangrur,0,4.693,0.0,1.2,0.0,0.0,9.8425,9.8425,2.6164,10.0343,0.0555,7.7556,2.2787,3.6598218126375945,35.629,42.13,32.71,0.0,62.7,0.587
2025-08-05,217,8,2025,0.53,telemetry,32.6,25.5,telemetry,Sangrur,0,5.123,0.0,1.2,0.0,0.0,9.9445,9.9445,2.6435,10.1363,0.4201,7.7669,2.3694,3.6653027127948037,35.634,31.86,32.62,0.0,63.19,0.594
2025-08-06,218,8,2025,0.0,telemetry,33.3,26.9,telemetry,Sangrur,0,4.96,0.0,1.2,0.0,0.0,10.5337,10.5337,2.8001,10.7255,0.0,7.7794,2.9461,3.672117574275082,35.641,26.46,32.53,0.0,60.52,0.629
2025-08-07,219,8,2025,0.0,telemetry,30.4,26.8,telemetry,Sangrur,0,3.595,0.0,1.2,0.0,0.0,7.6336,7.6336,2.0292,7.8254,0.0,7.7931,0.0323,3.6721922934309674,35.641,9.13,32.43,0.0,60.56,0.456
2025-08-08,220,8,2025,0.0,telemetry,35.3,25.4,generated,Sangrur,0,6.17,0.0,1.2,0.0,0.0,13.1023,13.1023,3.4829,13.2941,0.0,7.8039,5.4902,3.6848920270817365,35.654,2.4,32.51,0.0,59.76,0.782
2025-08-09,221,8,2025,0.13,telemetry,33.5,29.1,generated,Sangrur,0,4.183,0.0,1.2,0.0,0.0,8.6537,8.6537,2.3004,8.8455,0.103,7.8194,1.0261,3.68726559265687,35.656,2.13,32.6,0.0,53.28,0.517
2025-08-10,222,8,2025,0.0,telemetry,33.4,25.0,generated,Sangrur,0,5.518,0.0,1.2,0.0,0.0,11.7174,11.7174,3.1148,11.9092,0.0,7.8332,4.076,3.6966940127615247,35.666,0.73,32.58,0.0,54.0,0.699
2025-08-11,223,8,2025,0.07,telemetry,33.9,26.7,generated,Sangrur,0,5.213,0.0,1.2,0.0,0.0,10.9473,10.9473,2.91,11.1391,0.0555,7.8494,3.2897,3.7043035322000066,35.673,0.73,32.51,0.0,44.84,0.653
2025-08-12,224,8,2025,1.2,telemetry,33.6,26.0,generated,Sangrur,0,5.285,0.0,1.2,0.0,0.0,9.1209,9.1209,2.4245,9.3127,0.9511,7.8668,1.4459,3.707648069106443,35.677,1.4,32.6,0.0,45.47,0.544
2025-08-13,225,8,2025,0.0,telemetry,34.9,28.2,generated,Sangrur,0,5.13,0.0,1.2,0.0,0.0,10.894,10.894,2.8959,11.0858,0.0,7.8842,3.2016,3.7150539045388182,35.684,1.4,32.62,0.0,38.17,0.65
2025-08-14,226,8,2025,9.8,telemetry,34.5,28.6,generated,Sangrur,0,4.8,0.0,1.2,0.0,0.0,0.0,0.0,0.0,0.1918,7.7672,7.9023,-7.7105,3.697218232928654,35.666,11.2,32.64,0.0,42.83,0.0
2025-08-15,227,8,2025,2.53,telemetry,34.3,26.4,generated,Sangrur,0,5.402,0.0,1.2,0.0,0.0,7.0852,7.0852,1.8834,7.277,2.0052,7.919,-0.642,3.6957330717104266,35.665,13.73,32.65,0.0,43.97,0.423
2025-08-16,228,8,2025,0.0,telemetry,33.5,25.4,generated,Sangrur,0,5.351,0.0,1.2,0.0,0.0,11.3633,11.3633,3.0206,11.5551,0.0,7.9348,3.6203,3.7041073690280526,35.673,13.6,32.68,0.0,43.98,0.678
2025-08-17,229,8,2025,0.0,telemetry,33.3,27.4,generated,Sangrur,0,4.639,0.0,1.2,0.0,0.0,9.8511,9.8511,2.6186,10.0429,0.0,7.9522,2.0907,3.7089434460515074,35.678,13.6,32.78,0.0,41.99,0.588
2025-08-18,230,8,2025,0.0,telemetry,33.4,27.6,generated,Sangrur,0,4.599,0.0,1.2,0.0,0.0,9.7655,9.7655,2.5959,9.9573,0.0,7.969,1.9883,3.7135427536125847,35.683,13.53,32.89,0.0,41.93,0.583
2025-08-19,231,8,2025,0.0,telemetry,33.4,26.4,generated,Sangrur,0,4.972,0.0,1.2,0.0,0.0,10.5595,10.5595,2.807,10.7513,0.0,7.9849,2.7664,3.719941777814915,35.689,12.33,32.95,0.0,41.86,0.63
2025-08-20,232,8,2025,0.07,telemetry,34.0,25.6,generated,Sangrur,0,5.417,0.0,1.2,0.0,0.0,11.3797,11.3797,3.025,11.5715,0.0555,8.0012,3.5703,3.728200473365774,35.697,12.4,33.11,0.0,41.39,0.679
2025-08-21,233,8,2025,0.27,telemetry,35.1,28.4,generated,Sangrur,0,5.018,0.0,1.2,0.0,0.0,10.1803,10.1803,2.7062,10.3721,0.214,8.0188,2.3533,3.733644020310418,35.703,2.87,33.27,0.0,38.32,0.608
2025-08-22,234,8,2025,0.0,telemetry,35.8,28.9,generated,Sangrur,0,5.136,0.0,1.2,0.0,0.0,10.9068,10.9068,2.8993,11.0986,0.0,8.0363,3.0623,3.740727684640665,35.71,0.34,33.41,0.0,36.33,0.651
2025-08-23,235,8,2025,0.0,telemetry,36.5,27.6,generated,Sangrur,0,5.777,0.0,1.2,0.0,0.0,12.2679,12.2679,3.2611,12.4597,0.0,8.0541,4.4056,3.7509184584988464,35.72,0.34,33.49,0.0,37.02,0.732
2025-08-24,236,8,2025,23.27,telemetry,35.9,26.4,generated,Sangrur,0,5.839,0.0,1.2,0.0,0.0,0.0,0.0,0.0,0.1918,18.443,8.0742,-7.8824,3.7326853161190354,35.702,23.61,33.51,0.0,58.58,0.0
2025-08-25,237,8,2025,21.07,telemetry,33.8,26.7,generated,Sangrur,0,4.936,0.0,1.2,0.0,0.0,0.0,0.0,0.0,0.1918,16.6994,8.1098,-7.918,3.714369739650562,35.683,44.68,33.5,0.0,77.82,0.0
2025-08-26,238,8,2025,7.93,telemetry,32.8,26.0,generated,Sangrur,0,4.727,0.0,1.2,0.0,0.0,0.0,0.0,0.0,0.1918,6.2851,8.1574,-7.9656,3.6959441356632707,35.665,52.61,33.38,0.0,81.05,0.0
2025-08-27,239,8,2025,0.0,telemetry,32.3,28.2,generated,Sangrur,0,3.722,0.0,1.2,0.0,0.0,7.9033,7.9033,2.1009,8.0951,0.0,8.1991,-0.104,3.6957036811069535,35.665,52.54,33.35,0.0,81.92,0.472
2025-08-28,240,8,2025,0.0,telemetry,32.5,23.1,generated,Sangrur,0,5.326,0.0,1.2,0.0,0.0,11.3109,11.3109,3.0067,11.5027,0.0,8.2358,3.2669,3.7032605127578244,35.672,52.27,33.33,0.0,71.42,0.675
2025-08-29,241,8,2025,0.0,telemetry,31.5,23.4,generated,Sangrur,0,4.886,0.0,1.2,0.0,0.0,10.3762,10.3762,2.7582,10.568,0.0,8.2726,2.2954,3.7085701114536564,35.678,52.27,33.4,0.0,67.32,0.619
2025-08-30,242,8,2025,0.93,telemetry,32.3,25.3,generated,Sangrur,0,4.658,0.0,1.2,0.0,0.0,8.2586,8.2586,2.1953,8.4504,0.7371,8.308,0.1424,3.708899503356292,35.678,53.2,33.41,0.0,50.84,0.493
2025-08-31,243,8,2025,28.73,telemetry,32.3,25.6,generated,Sangrur,0,4.552,0.0,1.2,0.0,0.0,0.0,0.0,0.0,0.1918,22.7705,8.3403,-8.1485,3.690050732013125,35.659,58.66,33.57,0.0,70.45,0.0
2025-09-01,244,9,2025,28.67,telemetry,33.0,27.0,generated,Sangrur,0,4.386,0.0,1.2,0.0,0.0,0.0,0.0,0.0,0.1918,22.7229,8.3948,-8.203,3.671075917132566,35.64,66.26,33.63,0.0,96.33,0.0
2025-09-02,245,9,2025,6.4,telemetry,35.0,22.1,generated,Sangrur,0,6.208,0.0,1.2,0.0,0.0,2.4373,2.4373,0.6479,2.6291,5.0724,8.4701,-5.841,3.6575647097034842,35.627,64.73,33.66,0.0,100.79,0.145
2025-09-03,246,9,2025,56.2,telemetry,33.3,24.3,generated,Sangrur,0,5.19,0.0,1.2,0.0,0.0,0.0,0.0,0.0,0.1918,44.5423,8.5392,-8.3474,3.6382557771293285,35.607,120.93,33.65,0.0,152.5,0.0
2025-09-04,247,9,2025,6.6,telemetry,33.8,26.1,generated,Sangrur,0,4.896,0.0,1.2,0.0,0.0,0.0,0.0,0.0,0.1918,5.2309,8.6645,-8.4727,3.6186570985495554,35.588,127.53,33.69,0.0,158.61,0.0
2025-09-05,248,9,2025,0.13,telemetry,31.9,21.0,generated,Sangrur,0,5.373,0.0,1.2,0.0,0.0,11.1811,11.1811,2.9722,11.3729,0.103,8.7773,2.5956,3.6246610493373748,35.594,127.66,33.64,0.0,159.17,0.667
2025-09-06,249,9,2025,19.13,telemetry,31.7,23.6,generated,Sangrur,0,4.735,0.0,1.2,0.0,0.0,0.0,0.0,0.0,0.1918,15.1618,8.8855,-8.6937,3.6045512199011744,35.574,145.86,33.68,0.0,176.7,0.0
2025-09-07,250,9,2025,6.87,telemetry,32.4,25.1,generated,Sangrur,0,4.582,0.0,1.2,0.0,0.0,0.0,0.0,0.0,0.1918,5.4449,8.9985,-8.8067,3.5841798613027196,35.553,124.0,33.59,0.0,183.01,0.0
2025-09-08,251,9,2025,0.07,telemetry,32.4,27.1,generated,Sangrur,0,3.968,0.0,1.2,0.0,0.0,8.3035,8.3035,2.2073,8.4953,0.0555,9.1002,-0.6049,3.5827806354944323,35.552,95.4,33.55,0.0,182.94,0.496
2025-09-09,252,9,2025,0.0,telemetry,30.9,19.3,generated,Sangrur,0,5.27,0.0,1.2,0.0,0.0,11.1924,11.1924,2.9752,11.3842,0.0,9.1937,2.1905,3.587847575814817,35.557,89.0,33.47,0.0,182.94,0.668
2025-09-10,253,9,2025,0.0,telemetry,31.7,19.9,generated,Sangrur,0,5.375,0.0,1.2,0.0,0.0,11.4147,11.4147,3.0343,11.6065,0.0,9.2833,2.3232,3.593221524184665,35.562,32.8,33.39,0.0,182.91,0.681
2025-09-11,254,9,2025,0.07,telemetry,32.0,26.1,generated,Sangrur,0,4.063,0.0,1.2,0.0,0.0,8.5047,8.5047,2.2607,8.6965,0.0555,9.3692,-0.6727,3.5916653468306317,35.561,26.27,33.34,0.0,181.79,0.508
2025-09-12,255,9,2025,0.0,telemetry,31.4,20.5,generated,Sangrur,0,5.13,0.0,1.2,0.0,0.0,10.8949,10.8949,2.8961,11.0867,0.0,9.4477,1.639,3.5954566108549124,35.565,26.14,33.22,0.0,182.37,0.65
2025-09-13,256,9,2025,0.07,telemetry,31.9,26.9,generated,Sangrur,0,3.729,0.0,1.2,0.0,0.0,7.795,7.795,2.0721,7.9868,0.0555,9.5222,-1.5354,3.5919050637074528,35.561,7.08,33.14,0.0,172.64,0.465
2025-09-14,257,9,2025,0.0,telemetry,32.9,22.0,generated,Sangrur,0,5.25,0.0,1.2,0.0,0.0,11.1487,11.1487,2.9636,11.3405,0.0,9.5886,1.7519,3.5959575788172224,35.565,0.21,33.09,0.0,170.12,0.665
2025-09-15,258,9,2025,0.0,telemetry,35.2,22.3,generated,Sangrur,0,5.843,0.0,1.2,0.0,0.0,12.4091,12.4091,3.2986,12.6009,0.0,9.6518,2.9491,3.602779324966487,35.572,0.14,33.15,0.0,170.12,0.741
2025-09-16,259,9,2025,0.0,telemetry,34.6,26.9,generated,Sangrur,0,4.683,0.0,1.2,0.0,0.0,9.9439,9.9439,2.6433,10.1357,0.0,9.7136,0.4221,3.6037556762667418,35.573,0.14,33.19,0.0,170.12,0.594
2025-09-17,260,9,2025,0.0,telemetry,34.6,25.8,generated,Sangrur,0,4.921,0.0,1.2,0.0,0.0,10.4513,10.4513,2.7782,10.6431,0.0,9.7705,0.8726,3.6057740823002242,35.575,0.14,33.23,0.0,170.12,0.624
2025-09-18,261,9,2025,0.0,telemetry,31.7,19.9,generated,Sangrur,0,5.147,0.0,1.2,0.0,0.0,10.9306,10.9306,2.9056,11.1224,0.0,9.8234,1.299,3.608778876854089,35.578,0.07,33.17,0.0,170.12,0.652
2025-09-19,262,9,2025,0.2,telemetry,31.8,24.8,generated,Sangrur,0,4.168,0.0,1.2,0.0,0.0,8.4971,8.4971,2.2587,8.6889,0.1585,9.873,-1.1841,3.6060398159991682,35.575,0.27,33.1,0.0,170.23,0.507
2025-09-20,263,9,2025,0.0,telemetry,32.0,17.9,generated,Sangrur,0,5.453,0.0,1.2,0.0,0.0,11.5805,11.5805,3.0784,11.7723,0.0,9.9164,1.8559,3.6103328286480454,35.579,0.2,33.0,0.0,169.96,0.691
2025-09-21,264,9,2025,0.0,telemetry,33.5,21.6,generated,Sangrur,0,5.283,0.0,1.2,0.0,0.0,11.2194,11.2194,2.9824,11.4112,0.0,9.9578,1.4534,3.613694785051096,35.583,0.2,32.92,0.0,169.96,0.67
2025-09-22,265,9,2025,0.0,telemetry,33.3,26.5,generated,Sangrur,0,4.176,0.0,1.2,0.0,0.0,8.8674,8.8674,2.3572,9.0592,0.0,9.9967,-0.9375,3.611526157241411,35.581,0.2,32.81,0.0,169.96,0.529
2025-09-23,266,9,2025,0.0,telemetry,34.2,25.2,generated,Sangrur,0,4.755,0.0,1.2,0.0,0.0,10.0974,10.0974,2.6841,10.2892,0.0,10.03,0.2592,3.612125789585628,35.581,0.2,32.76,0.0,146.69,0.603
2025-09-24,267,9,2025,0.0,telemetry,32.4,24.7,generated,Sangrur,0,4.265,0.0,1.2,0.0,0.0,9.058,9.058,2.4078,9.2498,0.0,10.0596,-0.8098,3.610252692901141,35.579,0.2,32.71,0.0,125.62,0.541
2025-09-25,268,9,2025,0.0,telemetry,33.6,23.4,generated,Sangrur,0,4.874,0.0,1.2,0.0,0.0,10.3498,10.3498,2.7512,10.5416,0.0,10.0842,0.4574,3.611310738750041,35.58,0.2,32.74,0.0,117.69,0.618
2025-09-26,269,9,2025,0.07,telemetry,35.6,28.2,generated,Sangrur,0,4.428,0.0,1.2,0.0,0.0,9.28,9.28,2.4668,9.4718,0.0555,10.1059,-0.6341,3.6098438958487646,35.579,0.07,32.85,0.0,117.75,0.554
2025-09-27,270,9,2025,0.0,telemetry,34.9,26.0,generated,Sangrur,0,4.685,0.0,1.2,0.0,0.0,9.949,9.949,2.6447,10.1408,0.0,10.1235,0.0173,3.6098839239077813,35.579,0.07,32.93,0.0,117.9,0.594
2025-09-28,271,9,2025,0.0,telemetry,33.8,20.6,generated,Sangrur,0,5.287,0.0,1.2,0.0,0.0,11.2283,11.2283,2.9847,11.4201,0.0,10.1379,1.2822,3.6128497602409237,35.582,0.07,33.0,0.0,118.03,0.67
2025-09-29,272,9,2025,0.0,telemetry,35.0,27.8,generated,Sangrur,0,4.242,0.0,1.2,0.0,0.0,9.0083,9.0083,2.3946,9.2001,0.0,10.1512,-0.9511,3.610649806291757,35.58,0.07,33.09,0.0,117.1,0.538
2025-09-30,273,9,2025,0.0,telemetry,34.5,23.1,generated,Sangrur,0,5.023,0.0,1.2,0.0,0.0,10.6665,10.6665,2.8354,10.8583,0.0,10.1601,0.6982,3.6122648321968285,35.581,0.07,33.17,0.0,88.37,0.637
2025-10-01,274,10,2025,0.0,telemetry,38.4,31.1,generated,Sangrur,0,4.503,0.0,1.2,0.0,0.0,9.5623,9.5623,2.5419,9.7541,0.0,10.1673,-0.4132,3.6113090106236965,35.58,0.07,33.35,0.0,59.7,0.571
2025-10-02,275,10,2025,0.0,telemetry,39.9,22.8,generated,Sangrur,0,6.403,0.0,1.2,0.0,0.0,13.5978,13.5978,3.6146,13.7896,0.0,10.1713,3.6183,3.619678700582251,35.589,0.07,33.51,0.0,53.3,0.812
2025-10-03,276,10,2025,0.0,telemetry,37.9,26.5,generated,Sangrur,0,5.283,0.0,1.189,0.0,0.0,11.1201,11.1201,2.956,11.3119,0.0,10.1778,1.1341,3.6223020763935065,35.591,0.0,33.66,0.0,-2.89,0.664
2025-10-04,277,10,2025,0.0,telemetry,38.3,27.4,generated,Sangrur,0,5.198,0.0,1.175,0.0,0.0,10.8107,10.8107,2.8737,11.0025,0.0,10.1831,0.8194,3.6241975420412427,35.593,0.0,33.81,0.0,-9.49,0.645
2025-10-05,278,10,2025,0.47,telemetry,35.6,25.3,generated,Sangrur,0,4.781,0.0,1.161,0.0,0.0,8.9949,8.9949,2.391,9.1867,0.1355,10.1867,-1.0,3.6218842742851853,35.591,0.47,33.94,0.0,-9.19,0.537
2025-10-06,279,10,2025,5.53,telemetry,29.7,17.6,generated,Sangrur,0,4.421,0.0,1.147,0.0,0.0,0.0,0.0,0.0,0.1918,1.5938,10.1866,-9.9948,3.598764656307625,35.568,6.0,33.87,0.0,-23.13,0.0
2025-10-07,280,10,2025,0.13,telemetry,28.4,7.9,generated,Sangrur,0,4.957,0.0,1.133,0.0,0.0,9.707,9.707,2.5803,9.8988,0.0375,10.1731,-0.2743,3.598130240024095,35.567,6.13,33.74,0.0,-29.88,0.579
2025-10-08,281,10,2025,0.53,telemetry,27.3,12.8,generated,Sangrur,0,4.359,0.0,1.119,0.0,0.0,7.6948,7.6948,2.0455,7.8866,0.1527,10.1579,-2.2713,3.5928763752504356,35.562,6.66,33.57,0.0,-29.46,0.459
2025-10-09,282,10,2025,0.07,telemetry,25.4,15.7,generated,Sangrur,0,3.587,0.0,1.105,0.0,0.0,6.8873,6.8873,1.8308,7.0791,0.0202,10.1386,-3.0595,3.585799150436855,35.555,6.73,33.38,0.0,-29.4,0.411
2025-10-10,283,10,2025,0.0,telemetry,22.2,7.9,generated,Sangrur,0,3.704,0.0,1.09,0.0,0.0,7.1481,7.1481,1.9001,7.3399,0.0,10.1143,-2.7744,3.5793814715767076,35.548,6.73,33.07,0.0,-29.4,0.427
2025-10-11,284,10,2025,0.07,telemetry,23.9,15.1,generated,Sangrur,0,3.276,0.0,1.076,0.0,0.0,6.1164,6.1164,1.6259,6.3082,0.0202,10.0856,-3.7774,3.570643649900497,35.54,6.8,32.8,0.0,-29.4,0.365
2025-10-12,285,10,2025,0.0,telemetry,26.9,10.7,generated,Sangrur,0,4.331,0.0,1.062,0.0,0.0,8.1405,8.1405,2.1639,8.3323,0.0,10.0516,-1.7193,3.566666672806552,35.536,6.33,32.65,0.0,-29.4,0.486
2025-10-13,286,10,2025,0.0,telemetry,30.1,13.1,generated,Sangrur,0,4.742,0.0,1.048,0.0,0.0,8.7945,8.7945,2.3378,8.9863,0.0,10.0153,-1.029,3.5642863523220476,35.533,0.8,32.59,0.0,-29.47,0.525
2025-10-14,287,10,2025,0.0,telemetry,30.0,18.2,generated,Sangrur,0,4.171,0.0,1.034,0.0,0.0,7.6318,7.6318,2.0287,7.8236,0.0,9.978,-2.1544,3.559302939023192,35.528,0.67,32.49,0.0,-29.47,0.456
2025-10-15,288,10,2025,0.0,telemetry,27.7,15.9,generated,Sangrur,0,3.914,0.0,1.02,0.0,0.0,7.0632,7.0632,1.8776,7.255,0.0,9.938,-2.683,3.5530966840236573,35.522,0.14,32.24,0.0,-29.47,0.422
2025-10-16,289,10,2025,0.0,telemetry,29.9,14.3,generated,Sangrur,0,4.502,0.0,1.006,0.0,0.0,8.0111,8.0111,2.1295,8.2029,0.0,9.8949,-1.692,3.549182750908393,35.518,0.07,32.08,0.0,-29.47,0.478
2025-10-17,290,10,2025,0.0,telemetry,29.7,21.3,generated,Sangrur,0,3.559,0.0,0.991,0.0,0.0,6.2443,6.2443,1.6599,6.4361,0.0,9.8503,-3.4142,3.541285218277605,35.51,0.07,31.92,0.0,-29.47,0.373
2025-10-18,291,10,2025,0.0,telemetry,28.6,15.3,generated,Sangrur,0,4.081,0.0,0.977,0.0,0.0,7.0587,7.0587,1.8764,7.2505,0.0,9.8018,-2.5513,3.535383625069577,35.504,0.0,31.82,0.0,-29.47,0.421
2025-10-19,292,10,2025,0.0,telemetry,29.1,14.1,generated,Sangrur,0,4.265,0.0,0.963,0.0,0.0,7.2695,7.2695,1.9324,7.4613,0.0,9.751,-2.2897,3.53008716667937,35.499,0.0,31.73,0.0,-29.67,0.434
2025-10-20,293,10,2025,0.0,telemetry,30.0,20.3,generated,Sangrur,0,3.712,0.0,0.949,0.0,0.0,6.2333,6.2333,1.657,6.4251,0.0,9.6984,-3.2733,3.522515538258214,35.492,0.0,31.66,0.0,-29.63,0.372
2025-10-21,294,10,2025,0.0,telemetry,28.4,16.4,generated,Sangrur,0,3.836,0.0,0.935,0.0,0.0,6.3459,6.3459,1.6869,6.5377,0.0,9.6427,-3.105,3.515333135270512,35.484,0.0,31.49,0.0,-29.63,0.379
2025-10-22,295,10,2025,0.0,telemetry,28.6,18.0,generated,Sangrur,0,3.659,0.0,0.921,0.0,0.0,5.9617,5.9617,1.5848,6.1535,0.0,9.5845,-3.431,3.507396712769592,35.476,0.0,31.33,0.0,-29.63,0.356
2025-10-23,296,10,2025,0.0,telemetry,26.6,17.6,generated,Sangrur,0,3.249,0.0,0.907,0.0,0.0,5.2128,5.2128,1.3857,5.4046,0.0,9.5234,-4.1188,3.4978692018810085,35.467,0.0,31.08,0.0,-29.63,0.311
2025-10-24,297,10,2025,0.0,telemetry,26.1,11.3,generated,Sangrur,0,3.784,0.0,0.892,0.0,0.0,5.9757,5.9757,1.5885,6.1675,0.0,9.4588,-3.2913,3.490255813588618,35.459,0.0,30.87,0.0,-29.63,0.357
2025-10-25,298,10,2025,0.0,telemetry,24.0,16.9,generated,Sangrur,0,2.726,0.0,0.878,0.0,0.0,4.2376,4.2376,1.1265,4.4294,0.0,9.3921,-4.9627,3.4787762618394407,35.448,0.0,30.55,0.0,-29.63,0.253
2025-10-26,299,10,2025,0.0,telemetry,25.9,15.4,generated,Sangrur,0,3.309,0.0,0.864,0.0,0.0,5.0597,5.0597,1.345,5.2515,0.0,9.3211,-4.0696,3.4693625187384525,35.438,0.0,30.23,0.0,-29.7,0.302
2025-10-27,300,10,2025,0.0,telemetry,28.4,19.5,generated,Sangrur,0,3.284,0.0,0.85,0.0,0.0,4.9391,4.9391,1.3129,5.1309,0.0,9.2475,-4.1166,3.4598401660374294,35.429,0.0,30.01,0.0,-29.66,0.295
2025-10-28,301,10,2025,0.0,telemetry,29.0,19.3,generated,Sangrur,0,3.419,0.0,0.0,0.0,0.0,0.0,0.0,0.0,0.1918,0.0,9.1713,-8.9795,3.439069091828193,35.408,0.0,29.85,0.0,-29.66,0.0
2025-10-29,302,10,2025,0.0,telemetry,31.0,16.1,generated,Sangrur,0,4.147,0.0,0.0,0.0,0.0,0.0,0.0,0.0,0.1918,0.0,9.0862,-8.8944,3.418494957106229,35.388,0.0,29.72,0.0,-29.66,0.0
2025-10-30,303,10,2025,0.0,telemetry,27.7,14.1,generated,Sangrur,0,3.681,0.0,0.0,0.0,0.0,0.0,0.0,0.0,0.1918,0.0,8.993,-8.8012,3.3981364838856636,35.367,0.0,29.49,0.0,-29.66,0.0
2025-10-31,304,10,2025,0.0,telemetry,30.1,15.3,generated,Sangrur,0,3.99,0.0,0.0,0.0,0.0,0.0,0.0,0.0,0.1918,0.0,8.8924,-8.7006,3.3780105126170406,35.347,0.0,29.21,0.0,-29.66,0.0
2025-11-01,305,11,2025,0.0,telemetry,28.8,11.0,generated,Sangrur,1,4.044,0.4,0.0,1.618,2.6691,0.0,2.6691,0.7095,2.8609,0.0,8.7854,-5.9245,3.36430618727254,35.333,0.0,28.84,0.191,-29.66,0.159
2025-11-02,306,11,2025,0.0,telemetry,30.0,15.1,generated,Sangrur,1,3.932,0.4,0.0,1.573,2.5951,0.0,2.5951,0.6898,2.7869,0.0,8.6762,-5.8893,3.350683298841985,35.32,0.0,28.58,0.376,-29.66,0.155
2025-11-03,307,11,2025,0.0,telemetry,29.7,16.2,generated,Sangrur,1,3.753,0.4,0.0,1.501,2.477,0.0,2.477,0.6584,2.6688,0.0,8.5651,-5.8963,3.337044285160472,35.306,0.0,28.29,0.553,-29.66,0.148
2025-11-04,308,11,2025,0.73,telemetry,29.9,12.0,generated,Sangrur,1,4.081,0.4,0.0,1.632,1.4959,0.0,1.4959,0.3976,1.6877,0.2104,8.4522,-6.7645,3.3213969466527193,35.29,0.73,28.1,0.66,-29.46,0.089
2025-11-05,309,11,2025,0.0,telemetry,30.6,16.4,generated,Sangrur,1,3.847,0.4,0.0,1.539,2.5389,0.0,2.5389,0.6749,2.7307,0.0,8.3369,-5.6062,3.3084289592578147,35.277,0.73,28.13,0.841,-34.99,0.152
2025-11-06,310,11,2025,0.0,telemetry,31.4,15.8,generated,Sangrur,1,4.014,0.4,0.0,1.606,2.6491,0.0,2.6491,0.7042,2.8409,0.0,8.2206,-5.3797,3.2959848324336565,35.265,0.73,28.23,1.03,-35.12,0.158
2025-11-07,311,11,2025,0.0,telemetry,33.2,16.3,generated,Sangrur,1,4.265,0.4,0.0,1.706,2.8145,0.0,2.8145,0.7482,3.0063,0.0,8.1038,-5.0975,3.284193508479105,35.253,0.73,28.43,1.231,-35.65,0.168
2025-11-08,312,11,2025,0.0,telemetry,29.2,16.3,generated,Sangrur,1,3.527,0.4,0.0,1.411,2.3275,0.0,2.3275,0.6187,2.5193,0.0,7.9869,-5.4676,3.271546092797675,35.241,0.73,28.56,1.398,-35.72,0.139
2025-11-09,313,11,2025,0.0,telemetry,28.4,15.9,generated,Sangrur,1,3.397,0.4,0.0,1.359,2.2421,0.0,2.2421,0.596,2.4339,0.0,7.8694,-5.4355,3.2589728558713515,35.228,0.73,28.76,1.558,-35.72,0.134
2025-11-10,314,11,2025,0.0,telemetry,25.2,8.5,generated,Sangrur,1,3.383,0.4,0.0,1.353,2.2328,0.0,2.2328,0.5935,2.4246,0.0,7.7515,-5.3269,3.2466508650514365,35.216,0.73,28.81,1.717,-35.79,0.133
2025-11-11,315,11,2025,0.0,telemetry,24.5,15.1,generated,Sangrur,1,2.736,0.4,0.0,1.095,1.8058,0.0,1.8058,0.48,1.9976,0.0,7.6334,-5.6358,3.2336144581454676,35.203,0.0,28.73,1.846,-35.79,0.108
2025-11-12,316,11,2025,0.0,telemetry,25.2,17.5,generated,Sangrur,1,2.562,0.4,0.0,1.025,1.6908,0.0,1.6908,0.4495,1.8826,0.0,7.5146,-5.632,3.2205867523901857,35.19,0.0,28.56,1.967,-35.79,0.101
2025-11-13,317,11,2025,0.0,telemetry,26.3,12.3,generated,Sangrur,1,3.253,0.4,0.0,1.301,2.1467,0.0,2.1467,0.5706,2.3385,0.0,7.3953,-5.0568,3.208889545058642,35.178,0.0,28.44,2.12,-35.78,0.128
2025-11-14,318,11,2025,0.0,telemetry,29.9,16.4,generated,Sangrur,1,3.504,0.4,0.0,1.401,2.3121,0.0,2.3121,0.6146,2.5039,0.0,7.2764,-4.7725,3.1978500908350833,35.167,0.0,28.51,2.286,-35.78,0.138
2025-11-15,319,11,2025,0.0,telemetry,29.6,12.7,generated,Sangrur,1,3.705,0.4,0.0,1.482,2.4454,0.0,2.4454,0.65,2.6372,0.0,7.1581,-4.5209,3.1873924607713313,35.156,0.0,28.5,2.27,-35.77,0.146
2025-11-16,320,11,2025,0.0,telemetry,29.1,18.9,generated,Sangrur,1,3.071,0.4,0.0,1.228,2.0264,0.0,2.0264,0.5387,2.2182,0.0,7.0409,-4.8227,3.1762366961106694,35.145,0.0,28.48,2.229,-35.77,0.121
2025-11-17,321,11,2025,0.0,telemetry,27.8,15.3,generated,Sangrur,1,3.181,0.4,0.0,1.272,2.0992,0.0,2.0992,0.558,2.291,0.0,6.9243,-4.6333,3.1655190921531835,35.135,0.0,28.46,2.202,-35.77,0.125
2025-11-18,322,11,2025,0.0,telemetry,25.5,11.6,generated,Sangrur,1,3.08,0.4,0.0,1.232,2.0329,0.0,2.0329,0.5404,2.2247,0.0,6.8085,-4.5838,3.1549160125988767,35.124,0.0,28.34,2.24,-35.77,0.121
2025-11-19,323,11,2025,0.0,telemetry,23.6,9.5,generated,Sangrur,1,2.915,0.4,0.0,1.166,1.9237,0.0,1.9237,0.5114,2.1155,0.0,6.6935,-4.578,3.144326275658162,35.113,0.0,28.12,2.196,-35.77,0.115
2025-11-20,324,11,2025,0.0,telemetry,25.6,15.0,generated,Sangrur,1,2.788,0.4,0.0,1.115,1.8396,0.0,1.8396,0.489,2.0314,0.0,6.5794,-4.548,3.133806066878429,35.103,0.0,28.03,2.139,-35.77,0.11
2025-11-21,325,11,2025,0.0,telemetry,27.1,7.3,generated,Sangrur,1,3.481,0.4,0.0,1.392,2.297,0.0,2.297,0.6106,2.4888,0.0,6.466,-3.9772,3.1246060778989824,35.094,0.0,27.98,2.102,-35.77,0.137
2025-11-22,326,11,2025,0.0,telemetry,28.2,18.5,generated,Sangrur,1,2.849,0.417,0.0,1.187,1.9585,0.0,1.9585,0.5206,2.1503,0.0,6.3543,-4.204,3.1148816602190452,35.084,0.0,28.03,2.075,-35.77,0.117
2025-11-23,327,11,2025,0.0,telemetry,29.6,15.4,generated,Sangrur,1,3.358,0.433,0.0,1.455,2.4009,0.0,2.4009,0.6382,2.5927,0.0,6.2436,-3.6509,3.1064364989083226,35.075,0.0,28.15,2.087,-35.77,0.143
2025-11-24,328,11,2025,0.0,telemetry,29.0,17.2,generated,Sangrur,1,3.091,0.45,0.0,1.391,2.2949,0.0,2.2949,0.61,2.4867,0.0,6.1348,-3.6481,3.097997799980625,35.067,0.0,28.32,2.091,-35.77,0.137
2025-11-25,329,11,2025,0.0,telemetry,28.9,17.2,generated,Sangrur,1,3.059,0.467,0.0,1.428,2.3553,0.0,2.3553,0.6261,2.5471,0.0,6.0278,-3.4807,3.089946491291864,35.059,0.0,28.42,2.13,-35.77,0.141
2025-11-26,330,11,2025,0.13,telemetry,24.2,9.6,generated,Sangrur,1,2.889,0.483,0.0,1.396,2.0894,0.0,2.0894,0.5554,2.2812,0.0375,5.9225,-3.6413,3.0815235399098175,35.051,0.13,28.28,2.159,-35.65,0.125
2025-11-27,331,11,2025,0.0,telemetry,25.4,17.9,generated,Sangrur,1,2.343,0.5,0.0,1.172,1.9329,0.0,1.9329,0.5138,2.1247,0.0,5.8188,-3.6941,3.072978406330585,35.042,0.13,28.16,2.143,-35.65,0.115
2025-11-28,332,11,2025,0.0,telemetry,26.3,15.1,generated,Sangrur,1,2.782,0.517,0.0,1.437,2.3714,0.0,2.3714,0.6304,2.5632,0.0,5.7165,-3.1533,3.0656843595137846,35.035,0.13,28.0,2.148,-35.65,0.142
2025-11-29,333,11,2025,0.0,telemetry,25.4,7.6,generated,Sangrur,1,3.111,0.533,0.0,1.659,2.7375,0.0,2.7375,0.7277,2.9293,0.0,5.6161,-2.6868,3.0594693427981507,35.029,0.13,27.92,2.169,-35.65,0.163
2025-11-30,334,11,2025,0.0,telemetry,26.1,18.5,generated,Sangrur,1,2.367,0.55,0.0,1.302,2.1477,0.0,2.1477,0.5709,2.3395,0.0,5.5182,-3.1787,3.052116464863848,35.021,0.13,27.79,2.177,-35.65,0.128
2025-12-01,335,12,2025,0.0,telemetry,27.7,7.0,generated,Sangrur,1,3.41,0.567,0.0,1.933,3.1884,0.0,3.1884,0.8475,3.3802,0.0,5.422,-2.0418,3.0473935568715453,35.016,0.13,27.75,2.255,-35.65,0.19
2025-12-02,336,12,2025,0.0,telemetry,28.1,16.7,generated,Sangrur,1,2.884,0.583,0.0,1.682,2.7752,0.0,2.7752,0.7377,2.967,0.0,5.3288,-2.3618,3.041930398679631,35.011,0.13,27.69,2.308,-35.65,0.166
2025-12-03,337,12,2025,0.0,telemetry,26.4,4.4,generated,Sangrur,1,3.296,0.6,0.0,1.978,3.2631,0.0,3.2631,0.8674,3.4549,0.0,5.238,-1.7831,3.037805803290943,35.007,0.0,27.58,2.404,-35.65,0.195
2025-12-04,338,12,2025,0.0,telemetry,22.1,2.8,generated,Sangrur,1,2.804,0.617,0.0,1.729,2.8524,0.0,2.8524,0.7582,3.0442,0.0,5.1503,-2.1061,3.032934166933685,35.002,0.0,27.32,2.476,-36.38,0.17
2025-12-05,339,12,2025,0.0,telemetry,21.1,4.2,generated,Sangrur,1,2.632,0.633,0.0,1.667,2.7505,0.0,2.7505,0.7311,2.9423,0.0,5.0649,-2.1226,3.028024341206467,34.997,0.0,27.0,2.508,-36.38,0.164
2025-12-06,340,12,2025,0.0,telemetry,20.2,9.4,generated,Sangrur,1,2.246,0.65,0.0,1.46,2.4086,0.0,2.4086,0.6403,2.6004,0.0,4.9816,-2.3812,3.0225161665501976,34.992,0.0,26.63,2.541,-36.38,0.144
2025-12-07,341,12,2025,0.0,telemetry,21.3,5.2,generated,Sangrur,1,2.604,0.667,0.0,1.736,2.8647,0.0,2.8647,0.7615,3.0565,0.0,4.9001,-1.8436,3.0182517214423195,34.987,0.0,26.23,2.574,-36.38,0.171
2025-12-08,342,12,2025,0.0,telemetry,18.9,0.2,generated,Sangrur,1,2.466,0.683,0.0,1.685,2.7801,0.0,2.7801,0.739,2.9719,0.0,4.8208,-1.8489,3.013975022726241,34.983,0.0,25.89,2.608,-36.38,0.166
2025-12-09,343,12,2025,0.0,telemetry,15.2,-1.0,generated,Sangrur,1,2.084,0.7,0.0,1.459,2.4074,0.0,2.4074,0.6399,2.5992,0.0,4.7436,-2.1444,3.0090147936587153,34.978,0.0,25.45,2.612,-36.38,0.144
2025-12-10,344,12,2025,0.0,telemetry,15.2,0.6,generated,Sangrur,1,2.038,0.717,0.0,1.46,2.4096,0.0,2.4096,0.6405,2.6014,0.0,4.6679,-2.0665,3.0042346694333095,34.973,0.0,25.12,2.635,-36.38,0.144
2025-12-11,345,12,2025,0.0,telemetry,14.3,-1.0,generated,Sangrur,1,1.981,0.733,0.0,1.452,2.3964,0.0,2.3964,0.637,2.5882,0.0,4.5938,-2.0056,2.999595459393611,34.969,0.0,24.78,2.668,-36.38,0.143
2025-12-12,346,12,2025,0.0,telemetry,17.9,11.3,generated,Sangrur,1,1.721,0.75,0.0,1.291,2.1292,0.0,2.1292,0.566,2.321,0.0,4.5212,-2.2002,2.9945061076504045,34.964,0.0,24.53,2.651,-36.38,0.127
2025-12-13,347,12,2025,0.0,telemetry,15.5,-1.0,generated,Sangrur,1,2.1,0.767,0.0,1.61,2.6564,0.0,2.6564,0.7061,2.8482,0.0,4.4497,-1.6015,2.9908015324474895,34.96,0.0,24.17,2.645,-36.38,0.159
2025-12-14,348,12,2025,0.27,telemetry,18.0,-1.0,generated,Sangrur,1,2.363,0.783,0.0,1.851,2.609,0.0,2.609,0.6935,2.8008,0.0778,4.3802,-1.5794,2.9871482172203296,34.956,0.27,23.78,2.678,-36.13,0.156
2025-12-15,349,12,2025,0.0,telemetry,16.3,-1.0,generated,Sangrur,1,2.179,0.8,0.0,1.743,2.8761,0.0,2.8761,0.7645,3.0679,0.0,4.3125,-1.2446,2.9842692243634605,34.953,0.27,23.33,2.656,-36.13,0.172
2025-12-16,350,12,2025,0.0,telemetry,18.8,2.0,generated,Sangrur,1,2.377,0.817,0.0,1.941,3.2028,0.0,3.2028,0.8514,3.3946,0.0,4.247,-0.8524,2.9822975485841505,34.951,0.27,22.99,2.686,-36.13,0.191
2025-12-17,351,12,2025,0.0,telemetry,22.0,9.5,generated,Sangrur,1,2.437,0.833,0.0,2.031,3.3513,0.0,3.3513,0.8909,3.5431,0.0,4.1839,-0.6408,2.9808152371587604,34.95,0.27,22.8,2.692,-36.13,0.2
2025-12-18,352,12,2025,0.07,telemetry,23.3,4.1,generated,Sangrur,1,2.835,0.85,0.0,2.41,3.86,0.0,3.86,1.0261,4.0518,0.0202,4.1234,-0.0716,2.9806495107967965,34.95,0.34,22.72,2.764,-36.07,0.23
2025-12-19,353,12,2025,0.0,telemetry,23.0,11.9,generated,Sangrur,1,2.411,0.867,0.0,2.09,3.4477,0.0,3.4477,0.9165,3.6395,0.0,4.0662,-0.4267,2.979662553624979,34.949,0.34,22.7,2.814,-36.07,0.206
2025-12-20,354,12,2025,0.0,telemetry,21.7,4.1,generated,Sangrur,1,2.644,0.883,0.0,2.335,3.8533,0.0,3.8533,1.0243,4.0451,0.0,4.0113,0.0338,2.979740680525259,34.949,0.34,22.57,2.917,-36.07,0.23
2025-12-21,355,12,2025,0.0,telemetry,21.3,0.3,generated,Sangrur,1,2.691,0.9,0.0,2.422,3.9955,0.0,3.9955,1.0621,4.1873,0.0,3.9593,0.228,2.980267965374725,34.949,0.07,22.38,2.998,-36.07,0.238
2025-12-22,356,12,2025,0.2,telemetry,22.6,18.6,generated,Sangrur,1,1.577,0.917,0.0,1.446,2.056,0.0,2.056,0.5465,2.2478,0.0576,3.9103,-1.6625,2.9764223732830537,34.945,0.27,22.19,2.946,-35.88,0.123
2025-12-23,357,12,2025,0.0,telemetry,24.2,11.2,generated,Sangrur,1,2.63,0.933,0.0,2.455,4.05,0.0,4.05,1.0766,4.2418,0.0,3.8614,0.3804,2.9773022705170704,34.946,0.27,22.01,3.064,-35.53,0.242
2025-12-24,358,12,2025,0.07,telemetry,23.9,12.7,generated,Sangrur,1,2.484,0.95,0.0,2.36,3.7785,0.0,3.7785,1.0044,3.9703,0.0202,3.8154,0.1549,2.9776605133986194,34.947,0.34,21.84,3.162,-35.47,0.226
2025-12-25,359,12,2025,0.0,telemetry,27.4,15.2,generated,Sangrur,1,2.811,0.967,0.0,2.717,4.4833,0.0,4.4833,1.1918,4.6751,0.0,3.7718,0.9033,2.9797499225894772,34.949,0.27,21.79,3.311,-35.46,0.268
2025-12-26,360,12,2025,0.0,telemetry,22.8,8.4,generated,Sangrur,1,2.612,0.983,0.0,2.568,4.2375,0.0,4.2375,1.1264,4.4293,0.0,3.7314,0.6979,2.981364236449704,34.95,0.27,21.75,3.461,-35.59,0.253
2025-12-27,361,12,2025,0.07,telemetry,19.4,-1.0,generated,Sangrur,1,2.517,1.0,0.0,2.517,4.0366,0.0,4.0366,1.073,4.2284,0.0202,3.6937,0.5347,2.982601185268365,34.952,0.34,21.55,3.56,-34.63,0.241
2025-12-28,362,12,2025,0.07,telemetry,16.1,-1.0,generated,Sangrur,1,2.167,1.017,0.0,2.203,3.519,0.0,3.519,0.9354,3.7108,0.0202,3.6581,0.0527,2.9827229906286368,34.952,0.41,21.21,3.625,-34.46,0.21
2025-12-29,363,12,2025,0.0,telemetry,13.3,-1.0,generated,Sangrur,1,1.875,1.033,0.0,1.938,3.1973,0.0,3.1973,0.8499,3.3891,0.0,3.624,-0.2349,2.9821795367028363,34.951,0.21,20.8,3.648,-34.46,0.191
2025-12-30,364,12,2025,0.0,telemetry,15.5,-1.0,generated,Sangrur,1,2.111,1.05,0.0,2.217,3.6575,0.0,3.6575,0.9722,3.8493,0.0,3.5908,0.2585,2.9827774568351093,34.952,0.21,20.45,3.68,-34.46,0.218
2025-12-31,365,12,2025,0.0,telemetry,16.2,11.9,generated,Sangrur,1,1.373,1.067,0.0,1.465,2.4171,0.0,2.4171,0.6425,2.6089,0.0,3.5591,-0.9502,2.980579557794947,34.95,0.14,20.07,3.614,-34.46,0.144
2026-01-01,1,1,2026,0.07,telemetry,12.8,6.0,generated,Sangrur,1,1.479,1.083,0.0,1.602,2.5274,0.0,2.5274,0.6718,2.7192,0.0202,3.527,-0.8078,2.9787108782241165,34.948,0.21,19.56,3.518,-34.4,0.151
2026-01-02,2,1,2026,0.0,telemetry,8.9,-1.0,generated,Sangrur,1,1.43,1.1,0.0,1.573,2.5959,0.0,2.5959,0.69,2.7877,0.0,3.495,-0.7073,2.977074781617542,34.946,0.21,18.97,3.457,-34.27,0.155
2026-01-03,3,1,2026,0.07,telemetry,12.6,-1.0,generated,Sangrur,1,1.824,1.117,0.0,2.037,3.2455,0.0,3.2455,0.8627,3.4373,0.0202,3.463,-0.0257,2.9770152313961926,34.946,0.21,18.66,3.414,-34.2,0.194
2026-01-04,4,1,2026,0.07,telemetry,13.8,-0.7,generated,Sangrur,1,1.949,1.133,0.0,2.209,3.5297,0.0,3.5297,0.9383,3.7215,0.0202,3.4321,0.2894,2.977684551916698,34.947,0.21,18.41,3.381,-34.14,0.211
2026-01-05,5,1,2026,0.0,telemetry,14.5,10.5,generated,Sangrur,1,1.278,1.15,0.0,1.47,2.4252,0.0,2.4252,0.6447,2.617,0.0,3.4027,-0.7857,2.9758672000698834,34.945,0.21,18.22,3.407,-34.14,0.145
2026-01-06,6,1,2026,0.07,telemetry,14.6,10.6,generated,Sangrur,1,1.287,1.15,0.0,1.48,2.3261,0.0,2.3261,0.6183,2.5179,0.0202,3.373,-0.8551,2.9738892954924427,34.943,0.28,18.0,3.284,-34.07,0.139
2026-01-07,7,1,2026,0.07,telemetry,14.6,-1.0,generated,Sangrur,1,2.064,1.15,0.0,2.373,3.8004,0.0,3.8004,1.0102,3.9922,0.0202,3.343,0.6492,2.975390916206039,34.944,0.35,17.86,3.286,-34.0,0.227
2026-01-08,8,1,2026,0.0,telemetry,21.4,5.4,generated,Sangrur,1,2.661,1.15,0.0,3.06,5.0487,0.0,5.0487,1.3421,5.2405,0.0,3.3149,1.9256,2.9798450191533115,34.949,0.28,18.06,3.326,-34.0,0.301
2026-01-09,9,1,2026,0.0,telemetry,25.0,14.7,generated,Sangrur,1,2.587,1.15,0.0,2.975,4.9077,0.0,4.9077,1.3046,5.0995,0.0,3.2903,1.8092,2.984030044041008,34.953,0.28,18.39,3.374,-34.0,0.293
2026-01-10,10,1,2026,0.0,telemetry,30.9,13.0,generated,Sangrur,1,3.615,1.15,0.0,4.157,6.8589,0.0,6.8589,1.8233,7.0507,0.0,3.2686,3.7821,2.9927787078333585,34.962,0.21,18.94,3.575,-34.0,0.409
2026-01-11,11,1,2026,0.0,telemetry,33.0,20.4,generated,Sangrur,1,3.41,1.15,0.0,3.922,6.4701,0.0,6.4701,1.7199,6.6619,0.0,3.2523,3.4096,3.0006656725212757,34.97,0.14,19.45,3.786,-33.99,0.386
2026-01-12,12,1,2026,0.13,telemetry,29.0,7.0,generated,Sangrur,1,3.641,1.15,0.0,4.188,6.6947,0.0,6.6947,1.7796,6.8865,0.0375,3.2405,3.646,3.009099507156662,34.978,0.27,19.9,4.036,-33.84,0.4
2026-01-13,13,1,2026,0.0,telemetry,32.5,28.5,generated,Sangrur,1,2.105,1.15,0.0,2.42,3.9931,0.0,3.9931,1.0615,4.1849,0.0,3.2331,0.9518,3.0113010970672476,34.98,0.2,20.38,4.06,-34.1,0.238
2026-01-14,14,1,2026,0.0,telemetry,35.7,31.6,generated,Sangrur,1,2.281,1.15,0.0,2.623,4.3272,0.0,4.3272,1.1503,4.519,0.0,3.2261,1.2929,3.014291677478329,34.983,0.13,21.03,4.196,-34.1,0.258
2026-01-15,15,1,2026,0.07,telemetry,36.3,21.3,generated,Sangrur,1,3.971,1.15,0.0,4.566,7.4184,0.0,7.4184,1.972,7.6102,0.0202,3.2199,4.3903,3.0244470305029063,34.994,0.2,21.61,4.546,-34.04,0.443
2026-01-16,16,1,2026,0.0,telemetry,36.3,27.5,generated,Sangrur,1,3.26,1.15,0.0,3.749,6.1859,0.0,6.1859,1.6444,6.3777,0.0,3.2187,3.159,3.031754210270616,35.001,0.2,22.09,4.802,-34.04,0.369
2026-01-17,17,1,2026,0.07,telemetry,37.6,24.1,generated,Sangrur,1,3.974,1.15,0.0,4.57,7.4241,0.0,7.4241,1.9735,7.6159,0.0202,3.2204,4.3955,3.041921741173572,35.011,0.27,22.56,5.101,-34.04,0.443
2026-01-18,18,1,2026,0.07,telemetry,39.3,25.8,generated,Sangrur,1,4.135,1.15,0.0,4.755,7.7298,0.0,7.7298,2.0548,7.9216,0.0202,3.2264,4.6952,3.052782583231048,35.022,0.34,23.11,5.401,-33.98,0.461
2026-01-19,19,1,2026,0.0,telemetry,34.5,29.5,generated,Sangrur,1,2.503,1.15,0.0,2.878,4.7486,0.0,4.7486,1.2623,4.9404,0.0,3.2367,1.7037,3.0567235014938725,35.026,0.21,23.53,5.567,-33.98,0.283
2026-01-20,20,1,2026,0.07,telemetry,37.5,28.5,generated,Sangrur,1,3.445,1.15,0.0,3.961,6.4204,0.0,6.4204,1.7067,6.6122,0.0202,3.2469,3.3653,3.0645079114324227,35.034,0.28,24.07,5.859,-33.91,0.383
2026-01-21,21,1,2026,0.0,telemetry,37.8,33.8,generated,Sangrur,1,2.437,1.15,0.0,2.803,4.6241,0.0,4.6241,1.2292,4.8159,0.0,3.2593,1.5566,3.0681084991971086,35.037,0.28,24.58,5.918,-34.11,0.276
2026-01-22,22,1,2026,0.07,telemetry,36.0,26.2,generated,Sangrur,1,3.501,1.15,0.0,4.026,6.5271,0.0,6.5271,1.7351,6.7189,0.0202,3.2712,3.4477,3.0760835233049817,35.045,0.28,24.97,6.024,-34.04,0.39
2026-01-23,23,1,2026,29.0,telemetry,33.4,16.0,generated,Sangrur,1,4.079,1.15,0.0,4.691,0.0,0.0,0.0,0.0,0.1918,8.358,3.2853,-3.0935,3.0689278783520266,35.038,29.28,25.29,5.673,-7.53,0.0
2026-01-24,24,1,2026,0.0,telemetry,26.6,9.9,generated,Sangrur,1,3.411,1.15,0.0,3.922,6.471,0.0,6.471,1.7201,6.6628,0.0,3.3061,3.3567,3.0766925219552577,35.046,29.21,25.26,5.645,-7.53,0.386
2026-01-25,25,1,2026,0.0,telemetry,28.3,13.6,generated,Sangrur,1,3.461,1.15,0.0,3.98,6.5669,0.0,6.5669,1.7456,6.7587,0.0,3.3284,3.4303,3.084627393760333,35.054,29.14,25.45,5.652,-7.52,0.392
2026-01-26,26,1,2026,0.07,telemetry,25.6,16.4,generated,Sangrur,1,2.759,1.15,0.0,3.173,5.1197,0.0,5.1197,1.3609,5.3115,0.0202,3.3521,1.9594,3.089159721461237,35.058,29.21,25.65,5.54,-7.53,0.306
2026-01-27,27,1,2026,4.27,telemetry,25.8,4.7,generated,Sangrur,1,3.582,1.15,0.0,4.12,0.0,0.0,0.0,0.0,0.1918,1.2306,3.3752,-3.1834,3.0817959951266207,35.051,33.41,25.98,5.255,-3.68,0.0
2026-01-28,28,1,2026,0.07,telemetry,20.8,1.4,generated,Sangrur,1,3.023,1.15,0.0,3.477,5.6212,0.0,5.6212,1.4942,5.813,0.0202,3.3926,2.4204,3.0873947332169003,35.056,33.48,26.23,5.347,-3.61,0.336
2026-01-29,29,1,2026,0.0,telemetry,22.2,8.5,generated,Sangrur,1,2.934,1.15,0.0,3.374,5.5666,0.0,5.5666,1.4797,5.7584,0.0,3.4105,2.3479,3.092825779392739,35.062,33.41,26.45,5.215,-3.61,0.332
2026-01-30,30,1,2026,0.0,telemetry,20.9,5.5,generated,Sangrur,1,2.928,1.15,0.0,3.368,5.5564,0.0,5.5564,1.477,5.7482,0.0,3.4287,2.3195,3.098191151741815,35.067,4.41,26.61,5.17,-3.61,0.332
2026-01-31,31,1,2026,0.07,telemetry,12.2,-1.0,generated,Sangrur,1,2.061,1.15,0.0,2.37,3.7941,0.0,3.7941,1.0086,3.9859,0.0202,3.4471,0.5388,3.0994374696086577,35.068,4.48,26.59,4.91,-3.62,0.226
2026-02-01,32,2,2026,0.27,telemetry,16.5,-0.5,generated,Sangrur,1,2.596,1.15,0.0,2.985,4.4811,0.0,4.4811,1.1912,4.6729,0.0778,3.4633,1.2096,3.102235494742259,35.071,4.75,26.84,4.678,-3.37,0.267
2026-02-02,33,2,2026,0.07,telemetry,17.6,8.4,generated,Sangrur,1,2.296,1.15,0.0,2.64,4.2405,0.0,4.2405,1.1272,4.4323,0.0202,3.4784,0.9539,3.104441949115589,35.074,4.75,27.01,4.642,-3.38,0.253
2026-02-03,34,2,2026,0.0,telemetry,20.9,14.8,generated,Sangrur,1,2.179,1.15,0.0,2.506,4.1344,0.0,4.1344,1.099,4.3262,0.0,3.4922,0.834,3.106371220246814,35.075,0.48,27.24,4.479,-3.45,0.247
2026-02-04,35,2,2026,0.13,telemetry,22.7,2.7,generated,Sangrur,1,3.4,1.15,0.0,3.909,6.2359,0.0,6.2359,1.6576,6.4277,0.0375,3.5044,2.9233,3.11313332191946,35.082,0.54,27.52,4.594,-3.33,0.372
2026-02-05,36,2,2026,0.0,telemetry,24.7,2.7,generated,Sangrur,1,3.709,1.15,0.0,4.265,7.0368,0.0,7.0368,1.8705,7.2286,0.0,3.5181,3.7105,3.121716237772728,35.091,0.54,27.85,4.63,-3.4,0.42
2026-02-06,37,2,2026,0.07,telemetry,23.9,15.2,generated,Sangrur,1,2.785,1.15,0.0,3.203,5.1693,0.0,5.1693,1.3741,5.3611,0.0202,3.5343,1.8268,3.1259419954732,35.095,0.61,28.16,5.0,-3.41,0.309
2026-02-07,38,2,2026,0.07,telemetry,21.9,0.4,generated,Sangrur,1,3.418,1.15,0.0,3.931,6.3706,0.0,6.3706,1.6935,6.5624,0.0202,3.55,3.0124,3.1329100571171913,35.102,0.61,28.18,4.992,-3.34,0.38
2026-02-08,39,2,2026,0.0,telemetry,22.2,8.1,generated,Sangrur,1,3.174,1.15,0.0,3.65,6.0218,0.0,6.0218,1.6007,6.2136,0.0,3.5671,2.6465,3.1390318516642424,35.108,0.34,28.09,4.953,-3.34,0.359
2026-02-09,40,2,2026,0.0,telemetry,25.9,14.0,generated,Sangrur,1,3.365,1.15,0.0,3.87,6.3845,0.0,6.3845,1.6971,6.5763,0.0,3.5848,2.9915,3.1459517644551793,35.115,0.27,27.92,5.044,-3.34,0.381
2026-02-10,41,2,2026,0.07,telemetry,26.9,16.2,generated,Sangrur,1,3.35,1.15,0.0,3.853,6.2416,0.0,6.2416,1.6592,6.4334,0.0202,3.6034,2.83,3.1524979014428425,35.122,0.34,27.72,5.49,-3.28,0.373
2026-02-11,42,2,2026,0.0,telemetry,26.3,9.1,generated,Sangrur,1,3.861,1.15,0.0,4.44,7.325,0.0,7.325,1.9472,7.5168,0.0,3.6229,3.8939,3.1615051974660155,35.131,0.21,27.63,5.611,-3.41,0.437
2026-02-12,43,2,2026,0.07,telemetry,25.2,8.8,generated,Sangrur,1,3.723,1.15,0.0,4.281,6.9481,0.0,6.9481,1.847,7.1399,0.0202,3.6444,3.4955,3.1695909466400516,35.139,0.28,27.38,5.71,-3.34,0.415
2026-02-13,44,2,2026,0.07,telemetry,28.3,6.3,generated,Sangrur,1,4.381,1.15,0.0,5.038,8.1975,0.0,8.1975,2.1791,8.3893,0.0202,3.6672,4.7221,3.18051386367263,35.15,0.28,27.14,5.899,-3.28,0.489
2026-02-14,45,2,2026,0.0,telemetry,32.1,10.1,generated,Sangrur,1,4.892,1.15,0.0,5.626,9.2814,0.0,9.2814,2.4672,9.4732,0.0,3.693,5.7802,3.193884373157838,35.163,0.21,27.0,6.291,-3.35,0.554
2026-02-15,46,2,2026,0.07,telemetry,33.6,12.5,generated,Sangrur,1,5.068,1.15,0.0,5.829,9.5009,0.0,9.5009,2.5256,9.6927,0.0202,3.7229,5.9698,3.2076935725951126,35.177,0.28,26.91,6.649,-3.28,0.567
2026-02-16,47,2,2026,0.07,telemetry,30.7,14.5,generated,Sangrur,1,4.425,1.15,0.0,5.089,8.28,0.0,8.28,2.201,8.4718,0.0202,3.7567,4.7151,3.2186003406911166,35.188,0.35,26.68,6.938,-3.29,0.494
2026-02-17,48,2,2026,0.07,telemetry,28.1,16.3,generated,Sangrur,1,3.767,1.15,0.0,4.332,7.0317,0.0,7.0317,1.8692,7.2235,0.0202,3.7925,3.431,3.226536838727674,35.196,0.35,26.3,7.145,-3.3,0.42
2026-02-18,49,2,2026,0.73,telemetry,26.0,5.7,generated,Sangrur,1,4.187,1.15,0.0,4.815,6.7476,0.0,6.7476,1.7937,6.9394,0.2104,3.8282,3.1112,3.2337334418482118,35.203,1.08,26.02,7.181,-2.63,0.403
2026-02-19,50,2,2026,0.07,telemetry,28.1,13.5,generated,Sangrur,1,4.104,1.15,0.0,4.72,7.6712,0.0,7.6712,2.0392,7.863,0.0202,3.8638,3.9992,3.242984111077767,35.212,1.08,25.71,7.227,-2.63,0.458
2026-02-20,51,2,2026,0.0,telemetry,29.8,12.2,generated,Sangrur,1,4.563,1.15,0.0,5.247,8.6575,0.0,8.6575,2.3014,8.8493,0.0,3.9002,4.9491,3.2544321695000176,35.223,1.01,25.44,7.476,-2.56,0.517
2026-02-21,52,2,2026,0.07,telemetry,29.2,16.9,generated,Sangrur,1,4.046,1.15,0.0,4.653,7.5611,0.0,7.5611,2.0099,7.7529,0.0202,3.9385,3.8144,3.2632555500395677,35.232,1.08,25.21,7.561,-2.57,0.451
2026-02-22,53,2,2026,0.07,telemetry,26.3,10.5,generated,Sangrur,1,4.094,1.15,0.0,4.708,7.6518,0.0,7.6518,2.034,7.8436,0.0202,3.977,3.8666,3.272199692561651,35.241,1.08,24.98,7.677,-31.5,0.457
2026-02-23,54,2,2026,0.0,telemetry,24.0,2.0,generated,Sangrur,1,4.14,1.15,0.0,4.761,7.8558,0.0,7.8558,2.0883,8.0476,0.0,4.0157,4.0319,3.281526097164627,35.251,1.01,24.89,7.782,-31.5,0.469
2026-02-24,55,2,2026,0.0,telemetry,23.1,10.0,generated,Sangrur,1,3.589,1.15,0.0,4.128,6.8105,0.0,6.8105,1.8104,7.0023,0.0,4.0549,2.9474,3.288344008815345,35.257,0.94,24.72,7.823,-31.5,0.406
2026-02-25,56,2,2026,0.0,telemetry,25.9,3.9,generated,Sangrur,1,4.461,1.15,0.0,5.13,8.4637,0.0,8.4637,2.2498,8.6555,0.0,4.0929,4.5626,3.2988981202477476,35.268,0.21,24.73,7.904,-31.57,0.505
2026-02-26,57,2,2026,0.07,telemetry,25.8,11.8,generated,Sangrur,1,4.012,1.15,0.0,4.614,7.4968,0.0,7.4968,1.9928,7.6886,0.0202,4.132,3.5566,3.307125083272572,35.276,0.21,24.73,7.943,-35.78,0.447
2026-02-27,58,2,2026,0.0,telemetry,26.5,15.1,generated,Sangrur,1,3.846,1.15,0.0,4.423,7.2972,0.0,7.2972,1.9398,7.489,0.0,4.1708,3.3182,3.314800520527213,35.284,0.21,24.92,7.879,-35.84,0.436
2026-02-28,59,2,2026,0.0,telemetry,30.7,8.7,generated,Sangrur,1,5.228,1.15,0.0,6.012,9.9197,0.0,9.9197,2.6369,10.1115,0.0,4.209,5.9025,3.3284539532463744,35.298,0.14,25.2,7.925,-35.83,0.592
2026-03-01,60,3,2026,0.0,telemetry,29.3,14.2,generated,Sangrur,1,4.601,1.15,0.0,5.291,8.73,0.0,8.73,2.3206,8.9218,0.0,4.25,4.6718,3.3392604633078053,35.308,0.07,25.48,7.87,-35.83,0.521
2026-03-02,61,3,2026,0.0,telemetry,35.1,23.0,generated,Sangrur,1,4.914,1.15,0.0,5.651,9.3236,0.0,9.3236,2.4784,9.5154,0.0,4.292,5.2234,3.351342919025682,35.32,0.07,26.24,7.944,-35.9,0.556
2026-03-03,62,3,2026,0.0,telemetry,38.2,24.5,generated,Sangrur,1,5.525,1.15,0.0,6.353,10.4821,0.0,10.4821,2.7864,10.6739,0.0,4.3356,6.3383,3.3660043299227618,35.335,0.07,26.97,8.191,-36.17,0.626
2026-03-04,63,3,2026,0.0,telemetry,37.2,22.4,generated,Sangrur,1,5.6,1.15,0.0,6.44,10.626,0.0,10.626,2.8246,10.8178,0.0,4.3822,6.4356,3.3808909119385886,35.35,0.07,27.62,8.468,-36.24,0.634
2026-03-05,64,3,2026,0.07,telemetry,42.6,31.8,generated,Sangrur,1,5.567,1.15,0.0,6.402,10.4467,0.0,10.4467,2.777,10.6385,0.0202,4.4316,6.2069,3.395248524699637,35.364,0.07,28.34,8.666,-36.18,0.624
2026-03-06,65,3,2026,0.07,telemetry,34.2,15.8,generated,Sangrur,1,5.694,1.15,0.0,6.548,10.6878,0.0,10.6878,2.8411,10.8796,0.0202,4.4832,6.3964,3.410044346872706,35.379,0.14,28.73,8.811,-36.24,0.638
2026-03-07,66,3,2026,0.07,telemetry,33.9,20.0,generated,Sangrur,1,5.21,1.15,0.0,5.992,9.7701,0.0,9.7701,2.5971,9.9619,0.0202,4.5372,5.4247,3.422592521802303,35.392,0.21,29.03,8.969,-36.18,0.583
2026-03-08,67,3,2026,0.0,telemetry,34.2,22.1,generated,Sangrur,1,5.026,1.15,0.0,5.78,9.5357,0.0,9.5357,2.5348,9.7275,0.0,4.592,5.1355,3.434471848816051,35.404,0.21,29.38,9.103,-36.25,0.569
2026-03-09,68,3,2026,0.07,telemetry,34.9,23.9,generated,Sangrur,1,4.956,1.15,0.0,5.699,9.2876,0.0,9.2876,2.4689,9.4794,0.0202,4.647,4.8324,3.445650060679797,35.415,0.28,29.81,9.206,-36.25,0.554
2026-03-10,69,3,2026,0.0,telemetry,34.2,12.6,generated,Sangrur,1,6.103,1.15,0.0,7.018,11.5792,0.0,11.5792,3.078,11.771,0.0,4.7018,7.0692,3.462002304916698,35.431,0.28,30.21,9.546,-36.25,0.691
2026-03-11,70,3,2026,0.07,telemetry,31.0,12.6,generated,Sangrur,1,5.45,1.15,0.0,6.268,10.2255,0.0,10.2255,2.7182,10.4173,0.0202,4.7594,5.6579,3.4750898765156797,35.444,0.35,30.38,9.672,-36.19,0.61
2026-03-12,71,3,2026,0.0,telemetry,35.5,28.3,generated,Sangrur,1,4.307,1.15,0.0,4.953,8.1724,0.0,8.1724,2.1724,8.3642,0.0,4.8177,3.5465,3.4832934067818324,35.452,0.28,30.67,9.72,-36.26,0.488
2026-03-13,72,3,2026,0.0,telemetry,36.5,23.4,generated,Sangrur,1,5.619,1.15,0.0,6.461,10.6606,0.0,10.6606,2.8338,10.8524,0.0,4.8737,5.9787,3.4971230476966184,35.466,0.21,31.01,9.96,-36.26,0.636
2026-03-14,73,3,2026,0.0,telemetry,40.8,27.3,generated,Sangrur,1,6.234,1.15,0.0,7.169,11.8279,0.0,11.8279,3.1441,12.0197,0.0,4.9309,7.0888,3.5135206748366152,35.483,0.14,31.53,10.097,-36.31,0.706
2026-03-15,74,3,2026,3.2,telemetry,41.2,19.2,generated,Sangrur,1,7.414,1.15,0.0,8.527,8.9235,0.0,8.9235,2.3721,9.1153,0.9223,4.9905,4.1248,3.5230619079974943,35.492,3.34,31.96,10.111,-33.45,0.533
2026-03-16,75,3,2026,0.27,telemetry,38.2,29.5,generated,Sangrur,1,5.049,1.15,0.0,5.807,9.1355,0.0,9.1355,2.4284,9.3273,0.0778,5.05,4.2773,3.5329559914119724,35.502,3.54,32.16,10.097,-33.2,0.545
2026-03-17,76,3,2026,0.0,telemetry,29.2,14.4,generated,Sangrur,1,5.081,1.15,0.0,5.843,9.6403,0.0,9.6403,2.5626,9.8321,0.0,5.1081,4.724,3.543883435496856,35.513,3.54,32.01,10.037,-33.27,0.575
2026-03-18,77,3,2026,0.33,telemetry,29.7,9.9,generated,Sangrur,1,5.615,1.15,0.0,6.457,10.1102,0.0,10.1102,2.6875,10.302,0.0951,5.1653,5.1367,3.555765406860931,35.525,3.8,31.98,10.0,-33.04,0.603
2026-03-19,78,3,2026,3.93,telemetry,31.0,23.2,generated,Sangrur,1,4.234,1.15,0.0,4.869,1.7536,0.0,1.7536,0.4661,1.9454,1.1327,5.2225,-3.2771,3.5481849462446093,35.517,7.73,32.08,9.379,-29.51,0.105
2026-03-20,79,3,2026,0.47,telemetry,27.9,17.8,generated,Sangrur,1,4.389,1.15,0.0,5.047,7.5543,0.0,7.5543,2.0081,7.7461,0.1355,5.2698,2.4763,3.5539129554419007,35.523,8.2,32.14,9.155,-29.81,0.451
2026-03-21,80,3,2026,0.0,telemetry,29.5,22.2,generated,Sangrur,1,4.03,1.15,0.0,4.635,7.6473,0.0,7.6473,2.0328,7.8391,0.0,5.3143,2.5248,3.559753116540873,35.529,8.2,32.19,9.004,-29.88,0.456
2026-03-22,81,3,2026,0.13,telemetry,27.6,11.6,generated,Sangrur,1,5.143,1.129,0.0,5.808,9.3678,0.0,9.3678,2.4902,9.5596,0.0375,5.3561,4.2035,3.569476459811738,35.539,5.13,32.11,8.992,-29.76,0.559
2026-03-23,82,3,2026,0.0,telemetry,29.8,17.2,generated,Sangrur,1,5.069,1.109,0.0,5.62,9.2715,0.0,9.2715,2.4646,9.4633,0.0,5.3977,4.0656,3.578880871967578,35.548,4.86,32.13,8.991,-29.83,0.553
2026-03-24,83,3,2026,0.0,telemetry,27.9,6.0,generated,Sangrur,1,5.656,1.088,0.0,6.152,10.1506,0.0,10.1506,2.6983,10.3424,0.0,5.4388,4.9036,3.5902236352752985,35.559,4.86,32.19,8.889,-29.9,0.606
2026-03-25,84,3,2026,0.0,telemetry,33.8,17.2,generated,Sangrur,1,6.171,1.067,0.0,6.584,10.8635,0.0,10.8635,2.8878,11.0553,0.0,5.4807,5.5746,3.603118646958319,35.572,4.53,32.51,8.934,-29.9,0.648
2026-03-26,85,3,2026,0.0,telemetry,33.8,18.9,generated,Sangrur,1,5.994,1.046,0.0,6.272,10.3482,0.0,10.3482,2.7508,10.54,0.0,5.5241,5.0159,3.614721300232098,35.584,0.6,32.87,9.09,-29.9,0.618
2026-03-27,86,3,2026,0.2,telemetry,36.3,17.1,generated,Sangrur,1,6.896,1.026,0.0,7.073,11.3402,0.0,11.3402,3.0145,11.532,0.0576,5.5681,5.9639,3.628516755781033,35.598,0.33,33.22,9.138,-29.54,0.677
2026-03-28,87,3,2026,0.0,telemetry,33.8,12.7,generated,Sangrur,1,6.705,1.005,0.0,6.738,11.1172,0.0,11.1172,2.9552,11.309,0.0,5.6141,5.6949,3.6416900222847493,35.611,0.33,33.48,9.087,-29.61,0.664
2026-03-29,88,3,2026,3.87,telemetry,32.8,19.8,generated,Sangrur,1,5.685,0.984,0.0,5.595,3.0432,0.0,3.0432,0.809,3.235,1.1154,5.6614,-2.4264,3.636077487642786,35.605,4.07,33.69,8.667,-26.06,0.182
2026-03-30,89,3,2026,0.2,telemetry,35.4,25.5,generated,Sangrur,1,5.456,0.963,0.0,5.257,8.3437,0.0,8.3437,2.2179,8.5355,0.0576,5.7005,2.835,3.6426352112736216,35.612,4.27,33.85,8.611,-25.88,0.498
2026-03-31,90,3,2026,6.2,telemetry,33.2,27.9,generated,Sangrur,1,4.022,0.943,0.0,3.791,0.0,0.0,0.0,0.0,0.1918,1.7869,5.7378,-5.546,3.629806513768354,35.599,10.47,33.98,7.922,-20.2,0.0
2026-04-01,91,4,2026,0.33,telemetry,33.0,19.1,generated,Sangrur,1,5.937,0.922,0.0,5.473,8.4875,0.0,8.4875,2.2562,8.6793,0.0951,5.7646,2.9147,3.6365487043641496,35.606,10.8,33.91,7.806,-19.9,0.507
2026-04-02,92,4,2026,0.0,telemetry,31.5,18.5,generated,Sangrur,1,5.632,0.901,0.0,5.076,8.3746,0.0,8.3746,2.2262,8.5664,0.0,5.7907,2.7757,3.642969365328177,35.612,10.8,33.69,8.279,-19.89,0.5
2026-04-03,93,4,2026,5.93,telemetry,27.9,13.8,generated,Sangrur,1,5.323,0.88,0.0,4.687,0.0,0.0,0.0,0.0,0.1918,1.7091,5.8158,-5.624,3.6299602418439103,35.599,16.53,33.38,7.74,-14.45,0.0
2026-04-04,94,4,2026,0.13,telemetry,30.1,12.1,generated,Sangrur,1,6.083,0.86,0.0,5.23,8.4144,0.0,8.4144,2.2367,8.6062,0.0375,5.8312,2.775,3.6363791878597094,35.605,16.66,32.96,7.794,-14.4,0.502
2026-04-05,95,4,2026,0.0,telemetry,32.9,18.1,generated,Sangrur,1,6.169,0.839,0.0,5.176,8.5399,0.0,8.5399,2.2701,8.7317,0.0,5.8467,2.885,3.6430527642186474,35.612,12.79,32.92,7.735,-14.47,0.51
2026-04-06,96,4,2026,0.0,telemetry,32.2,10.2,generated,Sangrur,1,6.807,0.818,0.0,5.57,9.1894,0.0,9.1894,2.4428,9.3812,0.0,5.8621,3.5191,3.6511929849737306,35.62,12.59,32.86,7.729,-14.54,0.548
2026-04-07,97,4,2026,0.47,telemetry,38.3,26.2,generated,Sangrur,1,6.508,0.798,0.0,5.191,7.7914,0.0,7.7914,2.0711,7.9832,0.1355,5.8784,2.1048,3.656061611009332,35.625,6.86,33.0,7.561,-14.11,0.465
2026-04-08,98,4,2026,3.2,telemetry,38.6,21.5,generated,Sangrur,1,7.43,0.777,0.0,5.772,4.3789,0.0,4.3789,1.164,4.5707,0.9223,5.8939,-1.3232,3.6530008955984066,35.622,9.73,33.12,7.098,-11.25,0.261
2026-04-09,99,4,2026,0.0,telemetry,38.0,20.7,generated,Sangrur,1,7.397,0.756,0.0,5.593,9.2279,0.0,9.2279,2.453,9.4197,0.0,5.9051,3.5146,3.6611307843666543,35.63,9.73,33.25,7.018,-11.25,0.551
2026-04-10,100,4,2026,0.0,telemetry,33.4,18.1,generated,Sangrur,1,6.454,0.735,0.0,4.746,7.8299,0.0,7.8299,2.0814,8.0217,0.0,5.9175,2.1042,3.6659981255331355,35.635,3.8,33.33,6.767,-11.32,0.467
2026-04-11,101,4,2026,0.27,telemetry,31.0,13.4,generated,Sangrur,1,6.385,0.715,0.0,4.563,7.0836,0.0,7.0836,1.883,7.2754,0.0778,5.9291,1.3463,3.6691122834671437,35.638,3.94,33.18,6.479,-11.03,0.423
2026-04-12,102,4,2026,0.07,telemetry,33.2,13.7,generated,Sangrur,1,6.96,0.694,0.0,4.829,7.8526,0.0,7.8526,2.0874,8.0444,0.0202,5.9391,2.1053,3.6739822359410454,35.643,4.01,33.07,6.822,-10.94,0.469
2026-04-13,103,4,2026,0.0,telemetry,35.6,20.8,generated,Sangrur,1,6.79,0.673,0.0,4.571,7.5408,0.0,7.5408,2.0045,7.7326,0.0,5.9484,1.7842,3.6781092873955687,35.647,4.01,32.89,6.765,-10.93,0.45
2026-04-14,104,4,2026,0.0,telemetry,36.6,23.9,generated,Sangrur,1,6.596,0.652,0.0,4.304,7.1006,0.0,7.1006,1.8875,7.2924,0.0,5.9568,1.3356,3.681198796305867,35.65,3.54,32.74,7.272,-14.13,0.424
2026-04-15,105,4,2026,0.0,telemetry,33.4,14.6,generated,Sangrur,1,7.01,0.632,0.0,4.428,7.3056,0.0,7.3056,1.942,7.4974,0.0,5.9636,1.5338,3.684746824030674,35.654,0.34,32.58,7.188,-14.4,0.436
2026-04-16,106,4,2026,0.0,telemetry,28.3,11.2,generated,Sangrur,1,6.029,0.611,0.0,3.683,6.0772,0.0,6.0772,1.6155,6.269,0.0,5.9692,0.2998,3.685440392211883,35.655,0.34,32.55,7.024,-14.4,0.363
2026-04-17,107,4,2026,0.0,telemetry,29.0,17.3,generated,Sangrur,1,5.459,0.59,0.0,3.222,5.3162,0.0,5.3162,1.4132,5.508,0.0,5.972,-0.464,3.6843670691956683,35.653,0.34,32.53,7.403,-14.73,0.317
2026-04-18,108,4,2026,0.0,telemetry,34.7,18.0,generated,Sangrur,1,7.058,0.57,0.0,4.02,6.6318,0.0,6.6318,1.7629,6.8236,0.0,5.9713,0.8523,3.6863386534505675,35.655,0.07,32.65,7.276,-17.15,0.396
2026-04-19,109,4,2026,0.0,telemetry,36.6,24.2,generated,Sangrur,1,6.664,0.549,0.0,3.657,6.0337,0.0,6.0337,1.6039,6.2255,0.0,5.969,0.2565,3.6869319015178097,35.656,0.0,32.94,7.097,-17.62,0.36
2026-04-20,110,4,2026,0.0,telemetry,37.5,24.9,generated,Sangrur,1,6.853,0.528,0.0,3.619,5.9708,0.0,5.9708,1.5872,6.1626,0.0,5.9646,0.198,3.6873898699071517,35.656,0.0,33.21,6.867,-17.62,0.356
2026-04-21,111,4,2026,0.0,generated,39.4,27.0,generated,Sangrur,1,7.101,0.507,0.0,3.602,5.9436,0.0,5.9436,1.5799,6.1354,0.0,5.9581,0.1773,3.6877999609481416,35.657,0.0,33.6,6.735,-17.75,0.355
2026-04-22,112,4,2026,0.0,generated,39.1,28.2,generated,Sangrur,1,6.739,0.487,0.0,3.279,5.4104,0.0,5.4104,1.4382,5.6022,0.0,5.9497,-0.3475,3.6869962057929873,35.656,0.0,33.91,6.809,-17.75,0.323
2026-04-23,113,4,2026,0.0,generated,33.6,23.0,generated,Sangrur,1,5.975,0.466,0.0,2.783,4.5922,0.0,4.5922,1.2207,4.784,0.0,5.9387,-1.1547,3.684325129110788,35.653,0.0,34.1,6.478,-17.75,0.274
2026-04-24,114,4,2026,0.0,generated,35.7,25.0,generated,Sangrur,1,6.29,0.445,0.0,2.8,4.6195,0.0,4.6195,1.228,4.8113,0.0,5.9244,-1.1131,3.681750349579725,35.651,0.0,34.16,6.248,-17.75,0.276
2026-04-25,115,4,2026,0.0,generated,35.6,14.2,generated,Sangrur,1,7.914,0.424,0.0,3.359,5.5413,0.0,5.5413,1.473,5.7331,0.0,5.907,-0.1739,3.6813480375700904,35.65,0.0,34.22,6.138,-17.75,0.331
2026-04-26,116,4,2026,0.0,generated,29.7,11.4,generated,Sangrur,1,6.593,0.404,0.0,2.661,4.391,0.0,4.391,1.1672,4.5828,0.0,5.8881,-1.3053,3.6783285787916973,35.647,0.0,34.0,5.891,-17.95,0.262
2026-04-27,117,4,2026,0.0,generated,33.2,25.1,generated,Sangrur,1,5.386,0.383,0.0,2.063,3.403,0.0,3.403,0.9046,3.5948,0.0,5.8663,-2.2715,3.6730741567715546,35.642,0.0,33.98,5.595,-17.95,0.203
2026-04-28,118,4,2026,0.0,generated,27.5,11.0,generated,Sangrur,1,6.085,0.362,0.0,2.204,3.636,0.0,3.636,0.9665,3.8278,0.0,5.8405,-2.0127,3.668418371742953,35.637,0.0,33.81,5.348,-21.82,0.217
2026-04-29,119,4,2026,0.0,generated,30.5,17.4,generated,Sangrur,1,6.127,0.341,0.0,2.092,3.4518,0.0,3.4518,0.9176,3.6436,0.0,5.8114,-2.1678,3.6634037977059393,35.632,0.0,33.64,5.073,-22.02,0.206
2026-04-30,120,4,2026,0.22,generated,30.7,21.4,generated,Sangrur,1,5.437,0.321,0.0,1.744,2.5149,0.0,2.5149,0.6685,2.7067,0.0634,5.7791,-3.0724,3.656296774049925,35.625,0.22,33.56,4.818,-28.02,0.15
2026-05-01,121,5,2026,2.56,generated,31.1,14.9,generated,Sangrur,0,6.695,0.0,0.0,0.0,0.0,0.0,0.0,0.0,0.1918,0.7378,5.7427,-5.5509,3.6434565583077223,35.613,2.78,33.5,4.439,-26.01,0.0
2026-05-02,122,5,2026,0.0,generated,30.9,14.2,generated,Sangrur,0,6.741,0.0,0.0,0.0,0.0,0.0,0.0,0.0,0.1918,0.0,5.7004,-5.5086,3.6307143687083205,35.6,2.78,33.48,3.965,-25.76,0.0
2026-05-03,123,5,2026,0.0,generated,32.8,22.3,generated,Sangrur,0,6.023,0.0,0.0,0.0,0.0,0.0,0.0,0.0,0.1918,0.0,5.6514,-5.4596,3.618085493561288,35.587,2.78,33.64,3.534,-31.67,0.0
2026-05-04,124,5,2026,0.0,generated,35.1,20.7,generated,Sangrur,0,7.126,0.0,0.0,0.0,0.0,0.0,0.0,0.0,0.1918,0.0,5.5964,-5.4046,3.605583743127119,35.575,2.78,33.81,3.107,-31.06,0.0
2026-05-05,125,5,2026,0.0,generated,40.1,25.7,generated,Sangrur,0,7.925,0.0,0.0,0.0,0.0,0.0,0.0,0.0,0.1918,0.0,5.5361,-5.3443,3.593221548497816,35.562,2.78,34.05,2.683,-31.04,0.0
2026-05-06,126,5,2026,0.0,generated,42.1,28.7,generated,Sangrur,0,8.041,0.0,0.0,0.0,0.0,0.0,0.0,0.0,0.1918,0.0,5.4709,-5.2791,3.5810100543017187,35.55,2.78,34.38,2.296,-31.04,0.0
2026-05-07,127,5,2026,0.0,generated,44.4,33.0,generated,Sangrur,0,7.895,0.0,0.0,0.0,0.0,0.0,0.0,0.0,0.1918,0.0,5.4015,-5.2097,3.568959206173447,35.538,2.56,34.58,1.968,-31.51,0.0
2026-05-08,128,5,2026,0.0,generated,40.4,31.0,generated,Sangrur,0,6.804,0.0,0.0,0.0,0.0,0.0,0.0,0.0,0.1918,0.0,5.3282,-5.1364,3.557077832696264,35.526,0.0,34.64,1.638,-34.32,0.0
2026-05-09,129,5,2026,1.26,generated,39.1,29.1,generated,Sangrur,0,6.822,0.0,0.0,0.0,0.0,0.0,0.0,0.0,0.1918,0.3631,5.2516,-5.0598,3.5453737231167506,35.514,1.26,34.68,1.243,-33.15,0.0
2026-05-10,130,5,2026,8.99,generated,38.8,30.1,generated,Sangrur,0,6.42,0.0,0.0,0.0,0.0,0.0,0.0,0.0,0.1918,2.591,5.1726,-4.9808,3.533852311929966,35.503,10.25,34.86,0.929,-24.26,0.0
2026-05-11,131,5,2026,2.19,generated,37.6,30.4,generated,Sangrur,0,5.802,0.0,0.0,0.0,0.0,0.0,0.0,0.0,0.1918,0.6312,5.0953,-4.9035,3.5225097076430183,35.492,12.44,35.08,0.686,-22.53,0.0
2026-05-12,132,5,2026,0.0,generated,37.1,27.3,generated,Sangrur,0,6.547,0.0,0.0,0.0,0.0,0.0,0.0,0.0,0.1918,0.0,5.0165,-4.8247,3.5113493238867686,35.48,12.44,35.21,0.426,-22.6,0.0
2026-05-13,133,5,2026,0.0,generated,40.8,32.0,generated,Sangrur,0,6.738,0.0,0.0,0.0,0.0,0.0,0.0,0.0,0.1918,0.0,4.9355,-4.7437,3.500376336389246,35.469,12.44,35.38,0.18,-22.6,0.0
2026-05-14,134,5,2026,0.0,generated,42.3,34.0,generated,Sangrur,0,6.768,0.0,0.0,0.0,0.0,0.0,0.0,0.0,0.1918,0.0,4.8526,-4.6608,3.489595161981158,35.459,12.44,35.57,0.0,-22.6,0.0
2026-05-15,135,5,2026,0.0,generated,44.6,30.4,generated,Sangrur,0,8.765,0.0,1.05,0.0,0.0,13.8375,13.8375,3.6783,14.0293,0.0,4.7681,9.2612,3.511017848484795,35.48,12.44,35.94,0.0,-22.6,0.826
2026-05-16,136,5,2026,0.0,generated,44.2,28.6,generated,Sangrur,0,9.02,0.0,1.05,0.0,0.0,14.2398,14.2398,3.7853,14.4316,0.0,4.7011,9.7305,3.5335259592144084,35.503,11.18,36.47,0.0,-22.6,0.85
2026-05-17,137,5,2026,0.0,generated,41.8,27.9,generated,Sangrur,0,8.285,0.0,1.05,0.0,0.0,13.0791,13.0791,3.4767,13.2709,0.0,4.651,8.6199,3.5534652154438375,35.523,2.19,36.9,0.0,-22.6,0.781
2026-05-18,138,5,2026,0.0,generated,41.7,34.0,generated,Sangrur,0,6.528,0.0,1.05,0.0,0.0,10.3059,10.3059,2.7395,10.4977,0.0,4.6147,5.883,3.5670735660792454,35.536,0.0,37.13,0.0,-22.6,0.615
2026-05-19,139,5,2026,0.0,generated,43.1,31.4,generated,Sangrur,0,7.973,0.0,1.05,0.0,0.0,12.5865,12.5865,3.3458,12.7783,0.0,4.5874,8.1909,3.586020490709074,35.555,0.0,37.35,0.0,-22.6,0.751
2026-05-20,140,5,2026,0.0,generated,42.1,29.5,generated,Sangrur,0,8.068,0.0,1.05,0.0,0.0,12.7367,12.7367,3.3857,12.9285,0.0,4.5714,8.3571,3.6053517036456935,35.574,0.0,37.5,0.0,-22.6,0.76
2026-05-21,141,5,2026,0.0,generated,46.2,34.0,generated,Sangrur,0,8.588,0.0,1.05,0.0,0.0,13.558,13.558,3.604,13.7498,0.0,4.5662,9.1836,3.626594914440999,35.596,0.0,37.73,0.0,-22.59,0.809
2026-05-22,142,5,2026,0.0,generated,48.4,34.0,generated,Sangrur,0,9.521,0.0,1.05,0.0,0.0,15.0305,15.0305,3.9954,15.2223,0.0,4.5718,10.6505,3.6512312618658926,35.62,0.0,38.04,0.0,-22.59,0.897
2026-05-23,143,5,2026,0.0,generated,47.2,32.8,generated,Sangrur,0,9.339,0.0,1.05,0.0,0.0,14.7444,14.7444,3.9194,14.9362,0.0,4.5894,10.3468,3.6751651294126044,35.644,0.0,38.49,0.0,-22.59,0.88
2026-05-24,144,5,2026,3.87,generated,46.2,34.0,generated,Sangrur,0,8.622,0.0,1.05,0.0,0.0,7.9737,7.9737,2.1196,8.1655,1.1154,4.6175,3.548,3.6833722259144723,35.652,3.87,38.84,0.0,-18.19,0.476
2026-05-25,145,5,2026,0.0,generated,47.8,34.0,generated,Sangrur,0,9.308,0.0,1.05,0.0,0.0,14.6954,14.6954,3.9064,14.8872,0.0,4.6478,10.2394,3.7070575492279136,35.676,3.87,39.25,0.0,-17.84,0.877
2026-05-26,146,5,2026,0.0,generated,48.2,29.7,generated,Sangrur,0,10.432,0.0,1.05,0.0,0.0,16.4689,16.4689,4.3778,16.6607,0.0,4.6875,11.9732,3.7347535534810214,35.704,3.87,39.87,0.0,-17.84,0.983
2026-05-27,147,5,2026,0.0,generated,49.2,34.0,generated,Sangrur,0,9.908,0.0,1.05,0.0,0.0,15.6424,15.6424,4.1581,15.8342,0.0,4.738,11.0962,3.7604208354416673,35.729,3.87,40.4,0.0,-17.84,0.934
2026-05-28,148,5,2026,0.0,generated,42.8,23.9,generated,Sangrur,0,9.524,0.0,1.05,0.0,0.0,15.036,15.036,3.9969,15.2278,0.0,4.7973,10.4305,3.7845482827080428,35.754,3.87,40.91,0.0,-17.84,0.897
2026-05-29,149,5,2026,0.0,generated,36.4,22.7,generated,Sangrur,0,7.514,0.0,1.05,0.0,0.0,11.8625,11.8625,3.1533,12.0543,0.0,4.8636,7.1907,3.801181423656979,35.77,3.87,41.11,0.0,-17.84,0.708
2026-05-30,150,5,2026,0.0,generated,36.4,22.9,generated,Sangrur,0,7.482,0.0,1.05,0.0,0.0,11.8117,11.8117,3.1398,12.0035,0.0,4.932,7.0715,3.817538894625007,35.787,3.87,41.3,0.0,-17.85,0.705
2026-05-31,151,5,2026,0.0,generated,36.4,21.3,generated,Sangrur,0,7.786,0.0,1.05,0.0,0.0,12.2926,12.2926,3.2677,12.4844,0.0,5.002,7.4824,3.8348467887986275,35.804,0.0,41.47,0.0,-20.4,0.734
2026-06-01,152,6,2026,0.0,generated,33.5,17.7,generated,Sangrur,0,7.416,0.0,1.052,0.0,0.0,11.7286,11.7286,3.1177,11.9204,0.0,5.0741,6.8463,3.850683378275058,35.82,0.0,41.56,0.0,-20.4,0.7
2026-06-02,153,6,2026,0.0,generated,36.5,24.0,generated,Sangrur,0,7.309,0.0,1.055,0.0,0.0,11.5991,11.5991,3.0833,11.7909,0.0,5.1471,6.6438,3.8660515152684547,35.835,0.0,41.68,0.0,-20.4,0.692
2026-06-03,154,6,2026,0.0,generated,36.2,29.6,generated,Sangrur,0,5.608,0.0,1.059,0.0,0.0,8.9305,8.9305,2.3739,9.1223,0.0,5.2207,3.9016,3.8750765557162934,35.844,0.0,41.72,0.0,-19.71,0.533
2026-06-04,155,6,2026,0.0,generated,36.2,32.2,generated,Sangrur,0,4.481,0.0,1.063,0.0,0.0,7.1602,7.1602,1.9033,7.352,0.0,5.291,2.061,3.879843973640062,35.849,0.0,41.59,0.0,-19.61,0.427
2026-06-05,156,6,2026,15.4,generated,34.9,24.5,generated,Sangrur,0,6.605,0.0,1.066,0.0,0.0,0.0,0.0,0.0,0.1918,12.2055,5.3558,-5.164,3.8678989061587714,35.837,15.4,41.35,0.0,-5.48,0.0
2026-06-06,157,6,2026,0.0,generated,33.3,20.4,generated,Sangrur,0,6.919,0.0,1.07,0.0,0.0,11.1306,11.1306,2.9588,11.3224,0.0,5.4257,5.8967,3.8815388818280745,35.851,15.4,40.98,0.0,-5.48,0.664
2026-06-07,158,6,2026,0.0,generated,35.3,23.6,generated,Sangrur,0,6.977,0.0,1.074,0.0,0.0,11.262,11.262,2.9937,11.4538,0.0,5.4957,5.9581,3.8953208592163535,35.864,15.4,40.81,0.0,-5.48,0.672
2026-06-08,159,6,2026,0.0,generated,35.6,24.2,generated,Sangrur,0,6.956,0.0,1.077,0.0,0.0,11.2663,11.2663,2.9948,11.4581,0.0,5.5658,5.8923,3.908950618207881,35.878,15.4,40.69,0.0,-6.74,0.672
2026-06-09,160,6,2026,0.0,generated,35.5,26.6,generated,Sangrur,0,6.297,0.0,1.081,0.0,0.0,10.2338,10.2338,2.7204,10.4256,0.0,5.6359,4.7897,3.920029992568315,35.889,15.4,40.58,0.0,-15.73,0.611
2026-06-10,161,6,2026,0.0,generated,34.8,27.6,generated,Sangrur,0,5.683,0.0,1.085,0.0,0.0,9.2679,9.2679,2.4636,9.4597,0.0,5.7043,3.7554,3.9287167383639563,35.898,15.4,40.49,0.0,-17.92,0.553
2026-06-11,162,6,2026,0.0,generated,36.3,20.3,generated,Sangrur,0,7.974,0.0,1.088,0.0,0.0,13.0465,13.0465,3.4681,13.2383,0.0,5.7699,7.4684,3.9459924014349013,35.915,15.4,40.46,0.0,-17.92,0.779
2026-06-12,163,6,2026,0.0,generated,37.6,25.3,generated,Sangrur,0,7.472,0.0,1.092,0.0,0.0,12.2654,12.2654,3.2604,12.4572,0.0,5.8378,6.6194,3.9613042365413573,35.93,0.0,40.36,0.0,-17.92,0.732
2026-06-13,164,6,2026,26.04,generated,34.6,24.8,generated,Sangrur,0,6.434,0.0,1.095,0.0,0.0,0.0,0.0,0.0,0.1918,20.6384,5.9066,-5.7148,3.9480850282162563,35.917,26.04,40.1,0.0,5.95,0.0
2026-06-14,165,6,2026,1.1,generated,35.1,21.0,generated,Sangrur,0,7.451,0.0,1.099,0.0,0.0,10.674,10.674,2.8374,10.8658,0.8718,5.9935,4.8723,3.9593554176719943,35.928,27.14,39.78,0.0,6.96,0.637
2026-06-15,166,6,2026,0.0,generated,31.4,18.2,generated,Sangrur,0,6.7,0.0,1.103,0.0,0.0,11.1081,11.1081,2.9528,11.2999,0.0,6.0794,5.2205,3.9714312077333256,35.94,27.14,39.36,0.0,6.98,0.663
2026-06-16,167,6,2026,0.0,generated,33.1,19.2,generated,Sangrur,0,7.094,0.0,1.106,0.0,0.0,11.8006,11.8006,3.1369,11.9924,0.0,6.1634,5.829,3.9849145710561653,35.954,27.14,39.07,0.0,6.98,0.704
2026-06-17,168,6,2026,0.0,generated,34.5,23.7,generated,Sangrur,0,6.673,0.0,1.11,0.0,0.0,11.1375,11.1375,2.9606,11.3293,0.0,6.2464,5.0829,3.996672106287148,35.966,27.14,38.83,0.0,7.5,0.665
2026-06-18,169,6,2026,0.51,generated,35.3,21.3,generated,Sangrur,0,7.469,0.0,1.114,0.0,0.0,11.7421,11.7421,3.1213,11.9339,0.4042,6.3274,5.6065,4.009640844302719,35.979,27.65,38.57,0.0,8.43,0.701
2026-06-19,170,6,2026,0.0,generated,31.8,22.5,generated,Sangrur,0,5.936,0.0,1.117,0.0,0.0,9.9709,9.9709,2.6505,10.1627,0.0,6.4079,3.7548,4.018326385922219,35.987,27.65,38.22,0.0,8.44,0.595
2026-06-20,171,6,2026,0.0,generated,27.6,11.9,generated,Sangrur,0,6.442,0.0,1.121,0.0,0.0,10.8572,10.8572,2.8861,11.049,0.0,6.4846,4.5644,4.028884573400785,35.998,1.61,37.6,0.0,8.44,0.648
2026-06-21,172,6,2026,0.0,generated,27.2,11.7,generated,Sangrur,0,6.349,0.0,1.125,0.0,0.0,10.7355,10.7355,2.8537,10.9273,0.0,6.559,4.3683,4.038989229144738,36.008,0.51,36.9,0.0,8.44,0.641
2026-06-22,173,6,2026,0.0,generated,28.3,21.0,generated,Sangrur,0,4.965,0.0,1.128,0.0,0.0,8.422,8.422,2.2388,8.6138,0.0,6.6308,1.983,4.043576160626906,36.013,0.51,36.27,0.0,8.5,0.503
2026-06-23,174,6,2026,0.0,generated,27.0,17.9,generated,Sangrur,0,5.255,0.0,1.132,0.0,0.0,8.943,8.943,2.3773,9.1348,0.0,6.6971,2.4377,4.049214998479311,36.018,0.51,35.63,0.0,4.66,0.534
2026-06-24,175,6,2026,0.21,generated,25.8,14.2,generated,Sangrur,0,5.571,0.0,1.135,0.0,0.0,9.1956,9.1956,2.4444,9.3874,0.1664,6.7588,2.6286,4.055295476392738,36.024,0.72,34.89,0.0,4.95,0.549
2026-06-25,176,6,2026,0.0,generated,28.4,19.8,generated,Sangrur,0,5.316,0.0,1.139,0.0,0.0,9.1041,9.1041,2.4201,9.2959,0.0,6.8167,2.4792,4.061030217380028,36.03,0.21,34.23,0.0,4.97,0.543
2026-06-26,177,6,2026,1.69,generated,25.6,16.3,generated,Sangrur,0,5.111,0.0,1.143,0.0,0.0,6.2742,6.2742,1.6678,6.466,1.3394,6.8708,-0.4048,4.060093944227034,36.029,1.9,33.45,0.0,6.53,0.374
2026-06-27,178,6,2026,1.02,generated,31.4,22.0,generated,Sangrur,0,5.898,0.0,1.146,0.0,0.0,8.6454,8.6454,2.2981,8.8372,0.8084,6.9194,1.9178,4.064530049017879,36.034,2.92,33.07,0.0,7.48,0.516
2026-06-28,179,6,2026,4.85,generated,34.0,17.6,generated,Sangrur,0,7.63,0.0,1.15,0.0,0.0,6.1842,6.1842,1.6439,6.376,3.8439,6.9655,-0.5895,4.063166497843027,36.032,7.77,32.99,0.0,11.93,0.369
2026-06-29,180,6,2026,0.0,generated,35.8,26.6,generated,Sangrur,0,6.42,0.0,1.154,0.0,0.0,11.1358,11.1358,2.9601,11.3276,0.0,7.0107,4.3169,4.073152193799773,36.042,7.77,32.97,0.0,12.24,0.665
2026-06-30,181,6,2026,0.0,generated,37.0,26.6,generated,Sangrur,0,6.906,0.0,1.157,0.0,0.0,12.0167,12.0167,3.1943,12.2085,0.0,7.0556,5.1529,4.085071717456763,36.054,7.77,32.99,0.0,12.34,0.717
2026-07-01,182,7,2026,6.9,generated,35.4,28.9,generated,Sangrur,0,5.495,0.0,1.161,0.0,0.0,0.0,0.0,0.0,0.1918,5.4687,7.1013,-6.9095,4.069089031559081,36.038,14.46,33.05,0.0,19.07,0.0
2026-07-02,183,7,2026,0.0,generated,35.4,27.3,generated,Sangrur,0,6.033,0.0,1.165,0.0,0.0,10.5631,10.5631,2.8079,10.7549,0.0,7.1402,3.6147,4.077450447955574,36.047,14.46,33.01,0.0,19.08,0.63
2026-07-03,184,7,2026,0.0,generated,35.2,28.7,generated,Sangrur,0,5.467,0.0,1.168,0.0,0.0,9.6019,9.6019,2.5524,9.7937,0.0,7.1784,2.6153,4.083500081377215,36.053,12.77,32.98,0.0,19.09,0.573
2026-07-04,185,7,2026,0.83,generated,37.6,33.6,generated,Sangrur,0,4.6,0.0,1.172,0.0,0.0,6.865,6.865,1.8249,7.0568,0.6578,7.2145,-0.1577,4.083135241878548,36.052,12.58,33.03,0.0,19.86,0.41
2026-07-05,186,7,2026,0.0,generated,37.2,29.6,generated,Sangrur,0,6.075,0.0,1.175,0.0,0.0,10.7368,10.7368,2.8541,10.9286,0.0,7.246,3.6826,4.0916536377628665,36.061,7.73,33.1,0.0,4.46,0.641
2026-07-06,187,7,2026,0.0,generated,36.8,30.4,generated,Sangrur,0,5.592,0.0,1.179,0.0,0.0,9.9143,9.9143,2.6354,10.1061,0.0,7.2774,2.8287,4.098196868360452,36.067,7.73,33.22,0.0,4.46,0.592
2026-07-07,188,7,2026,0.0,generated,35.6,22.8,generated,Sangrur,0,7.226,0.0,1.183,0.0,0.0,12.8498,12.8498,3.4158,13.0416,0.0,7.3075,5.7341,4.111460821166175,36.081,7.73,33.23,0.0,4.68,0.767
2026-07-08,189,7,2026,0.4,generated,36.0,29.5,generated,Sangrur,0,5.533,0.0,1.186,0.0,0.0,9.2708,9.2708,2.4644,9.4626,0.317,7.3403,2.1223,4.116370114619487,36.085,1.23,33.24,0.0,5.05,0.553
2026-07-09,190,7,2026,0.02,generated,36.7,30.4,generated,Sangrur,0,5.529,0.0,1.19,0.0,0.0,9.8623,9.8623,2.6216,10.0541,0.0159,7.3711,2.683,4.12257630166252,36.092,1.25,33.28,0.0,5.13,0.589
2026-07-10,191,7,2026,0.0,generated,34.6,25.5,generated,Sangrur,0,6.186,0.0,1.194,0.0,0.0,11.102,11.102,2.9512,11.2938,0.0,7.4004,3.8934,4.1315823624530825,36.101,1.25,33.28,0.0,5.68,0.663
2026-07-11,192,7,2026,0.0,generated,36.3,25.9,generated,Sangrur,0,6.751,0.0,1.197,0.0,0.0,12.1537,12.1537,3.2307,12.3455,0.0,7.4299,4.9156,4.142953034733728,36.112,0.42,33.28,0.0,5.73,0.725
2026-07-12,193,7,2026,0.0,generated,34.9,23.8,generated,Sangrur,0,6.718,0.0,1.2,0.0,0.0,12.1215,12.1215,3.2222,12.3133,0.0,7.4608,4.8525,4.154177586689679,36.123,0.42,33.19,0.0,6.67,0.723
2026-07-13,194,7,2026,0.22,generated,34.2,28.8,generated,Sangrur,0,4.894,0.0,1.2,0.0,0.0,8.5002,8.5002,2.2595,8.692,0.1744,7.4931,1.1989,4.1569509420398765,36.126,0.64,33.17,0.0,-19.13,0.507
2026-07-14,195,7,2026,0.45,generated,33.5,27.0,generated,Sangrur,0,5.227,0.0,1.2,0.0,0.0,8.7574,8.7574,2.3279,8.9492,0.3567,7.5217,1.4275,4.160252985692398,36.129,1.09,33.12,0.0,-19.19,0.523
2026-07-15,196,7,2026,1.15,generated,34.0,25.7,generated,Sangrur,0,5.851,0.0,1.2,0.0,0.0,8.8432,8.8432,2.3507,9.035,0.9115,7.5476,1.4874,4.163693494109793,36.133,1.84,33.21,0.0,-17.78,0.528
2026-07-16,197,7,2026,5.08,generated,35.8,27.1,generated,Sangrur,0,6.184,0.0,1.2,0.0,0.0,3.829,3.829,1.0178,4.0208,4.0262,7.5721,-3.5513,4.155478825300675,36.125,6.9,33.3,0.0,-13.01,0.229
2026-07-17,198,7,2026,19.76,generated,35.2,27.0,generated,Sangrur,0,5.953,0.0,1.2,0.0,0.0,0.0,0.0,0.0,0.1918,15.6611,7.5934,-7.4016,4.13835773773552,36.107,26.66,33.32,0.0,5.12,0.0
2026-07-18,199,7,2026,0.03,generated,35.1,29.0,generated,Sangrur,0,5.227,0.0,1.2,0.0,0.0,9.3856,9.3856,2.4949,9.5774,0.0238,7.626,1.9514,4.142871748574556,36.112,26.69,33.31,0.0,4.81,0.56
2026-07-19,200,7,2026,0.03,generated,35.7,28.7,generated,Sangrur,0,5.608,0.0,1.2,0.0,0.0,10.0735,10.0735,2.6778,10.2653,0.0238,7.6562,2.6091,4.148907027848987,36.118,26.72,33.44,0.0,4.85,0.601
2026-07-20,201,7,2026,1.91,generated,38.5,29.8,generated,Sangrur,0,6.487,0.0,1.2,0.0,0.0,8.8755,8.8755,2.3593,9.0673,1.5138,7.6852,1.3821,4.152104116151576,36.121,28.41,33.81,0.0,6.6,0.53
2026-07-21,202,7,2026,6.67,generated,40.3,33.6,generated,Sangrur,0,5.99,0.0,1.2,0.0,0.0,1.3141,1.3141,0.3493,1.5059,5.2864,7.7137,-6.2078,4.137744440285102,36.107,34.63,34.24,0.0,12.77,0.078
2026-07-22,203,7,2026,2.4,generated,39.7,33.3,generated,Sangrur,0,5.797,0.0,1.2,0.0,0.0,6.9204,6.9204,1.8396,7.1122,1.9022,7.7377,-0.6255,4.136297450752189,36.105,35.88,34.62,0.0,15.26,0.413
2026-07-23,204,7,2026,0.0,generated,36.8,29.3,generated,Sangrur,0,5.867,0.0,1.2,0.0,0.0,10.5863,10.5863,2.8141,10.7781,0.0,7.7598,3.0183,4.143279282598489,36.112,30.8,34.95,0.0,15.43,0.632
2026-07-24,205,7,2026,12.12,generated,34.5,26.0,generated,Sangrur,0,5.892,0.0,1.2,0.0,0.0,0.0,0.0,0.0,0.1918,9.6059,7.7819,-7.5901,4.1257222647659395,36.095,23.16,35.24,0.0,26.34,0.0
2026-07-25,206,7,2026,6.09,generated,34.4,27.4,generated,Sangrur,0,5.41,0.0,1.2,0.0,0.0,1.051,1.051,0.2794,1.2428,4.8267,7.8053,-6.5625,4.110542184469644,36.08,29.22,35.44,0.0,31.93,0.063
2026-07-26,207,7,2026,0.0,generated,31.2,25.5,generated,Sangrur,0,4.618,0.0,1.2,0.0,0.0,8.3324,8.3324,2.2149,8.5242,0.0,7.8237,0.7005,4.112162479538456,36.081,29.19,35.63,0.0,30.24,0.497
2026-07-27,208,7,2026,0.0,generated,32.2,25.5,generated,Sangrur,0,5.052,0.0,1.2,0.0,0.0,9.1148,9.1148,2.4229,9.3066,0.0,7.8397,1.4669,4.115555753532312,36.085,27.28,35.65,0.0,29.56,0.544
2026-07-28,209,7,2026,0.0,generated,31.4,24.6,generated,Sangrur,0,4.987,0.0,1.2,0.0,0.0,8.998,8.998,2.3919,9.1898,0.0,7.8543,1.3355,4.118645070285692,36.088,20.61,35.57,0.0,24.77,0.537
2026-07-29,210,7,2026,0.0,generated,32.4,25.1,generated,Sangrur,0,5.241,0.0,1.2,0.0,0.0,9.457,9.457,2.5139,9.6488,0.0,7.8674,1.7814,4.122765680246401,36.092,18.21,35.45,0.0,25.67,0.564
2026-07-30,211,7,2026,0.0,generated,32.8,26.6,generated,Sangrur,0,4.919,0.0,1.2,0.0,0.0,8.8753,8.8753,2.3593,9.0671,0.0,7.8798,1.1873,4.125512057545178,36.095,18.21,35.31,0.0,26.12,0.53
2026-07-31,212,7,2026,0.0,generated,33.7,26.8,generated,Sangrur,0,5.238,0.0,1.2,0.0,0.0,9.4516,9.4516,2.5125,9.6434,0.0,7.8906,1.7528,4.1295664725489845,36.099,6.09,35.26,0.0,20.67,0.564
2026-08-01,213,8,2026,0.0,generated,32.6,25.8,generated,Sangrur,0,5.076,0.0,1.2,0.0,0.0,9.1581,9.1581,2.4344,9.3499,0.0,7.9007,1.4492,4.132918599050636,36.102,0.0,35.16,0.0,21.23,0.547
2026-08-02,214,8,2026,15.06,generated,33.6,25.4,generated,Sangrur,0,5.597,0.0,1.2,0.0,0.0,0.0,0.0,0.0,0.1918,11.9361,7.9097,-7.7179,4.1150658054135025,36.084,15.06,35.11,0.0,35.07,0.0
2026-08-03,215,8,2026,2.86,generated,32.4,26.8,generated,Sangrur,0,4.625,0.0,1.2,0.0,0.0,4.1424,4.1424,1.1011,4.3342,2.2667,7.9248,-3.5906,4.106760091597429,36.076,17.92,34.94,0.0,36.98,0.247
2026-08-04,216,8,2026,0.0,generated,31.7,25.2,generated,Sangrur,0,4.85,0.0,1.2,0.0,0.0,8.7511,8.7511,2.3262,8.9429,0.0,7.9356,1.0073,4.109090223502828,36.078,17.92,34.75,0.0,36.98,0.522
2026-08-05,217,8,2026,0.74,generated,31.6,22.7,generated,Sangrur,0,5.503,0.0,1.2,0.0,0.0,8.8223,8.8223,2.3452,9.0141,0.5865,7.9448,1.0693,4.111563622714826,36.081,18.66,34.58,0.0,37.7,0.527
2026-08-06,218,8,2026,1.19,generated,33.5,29.5,generated,Sangrur,0,4.036,0.0,1.2,0.0,0.0,5.51,5.51,1.4647,5.7018,0.9432,7.9537,-2.2519,4.106354507838342,36.075,19.85,34.51,0.0,38.8,0.329
2026-08-07,219,8,2026,0.0,generated,32.7,24.8,generated,Sangrur,0,5.342,0.0,1.2,0.0,0.0,9.6387,9.6387,2.5622,9.8305,0.0,7.9584,1.8721,4.1106850397236645,36.08,19.85,34.4,0.0,38.4,0.575
2026-08-08,220,8,2026,0.0,generated,32.1,24.2,generated,Sangrur,0,5.26,0.0,1.2,0.0,0.0,9.4899,9.4899,2.5226,9.6817,0.0,7.9631,1.7186,4.114660412237692,36.084,19.85,34.25,0.0,38.38,0.566
2026-08-09,221,8,2026,0.0,generated,35.5,30.5,generated,Sangrur,0,4.614,0.0,1.2,0.0,0.0,8.3244,8.3244,2.2128,8.5162,0.0,7.9677,0.5485,4.1159291981733395,36.085,4.79,34.28,0.0,38.39,0.497
2026-08-10,222,8,2026,0.0,generated,33.1,25.4,generated,Sangrur,0,5.288,0.0,1.2,0.0,0.0,9.5417,9.5417,2.5364,9.7335,0.0,7.9705,1.763,4.120007340637024,36.089,1.93,34.17,0.0,38.39,0.57
2026-08-11,223,8,2026,0.47,generated,31.6,27.6,generated,Sangrur,0,3.829,0.0,1.2,0.0,0.0,6.205,6.205,1.6494,6.3968,0.3725,7.9732,-1.5764,4.116360794934243,36.085,2.4,34.06,0.0,38.82,0.37
2026-08-12,224,8,2026,10.02,generated,32.0,20.3,generated,Sangrur,0,6.055,0.0,1.2,0.0,0.0,0.0,0.0,0.0,0.1918,7.9415,7.972,-7.7802,4.098364039441101,36.067,11.68,33.99,0.0,47.89,0.0
2026-08-13,225,8,2026,2.69,generated,32.0,21.8,generated,Sangrur,0,5.733,0.0,1.2,0.0,0.0,6.3867,6.3867,1.6977,6.5785,2.132,7.971,-1.3925,4.095142946886276,36.064,13.18,33.94,0.0,49.9,0.381
2026-08-14,226,8,2026,32.05,generated,33.4,23.3,generated,Sangrur,0,5.872,0.0,1.2,0.0,0.0,0.0,0.0,0.0,0.1918,25.4018,7.9697,-7.7779,4.077151461345463,36.046,45.23,33.92,0.0,78.95,0.0
2026-08-15,227,8,2026,7.24,generated,33.1,26.1,generated,Sangrur,0,5.006,0.0,1.2,0.0,0.0,0.0,0.0,0.0,0.1918,5.7382,7.9978,-7.806,4.05909497184687,36.028,52.47,33.83,0.0,80.72,0.0
2026-08-16,228,8,2026,0.02,generated,33.6,24.8,generated,Sangrur,0,5.548,0.0,1.2,0.0,0.0,9.9797,9.9797,2.6528,10.1715,0.0159,8.0211,2.1504,4.0640692255216715,36.033,52.49,33.77,0.0,60.98,0.596
2026-08-17,229,8,2026,0.0,generated,34.0,23.8,generated,Sangrur,0,5.916,0.0,1.2,0.0,0.0,10.6735,10.6735,2.8373,10.8653,0.0,8.0442,2.8211,4.070594801070136,36.04,52.49,33.74,0.0,60.95,0.637
2026-08-18,230,8,2026,11.29,generated,33.7,25.1,generated,Sangrur,0,5.472,0.0,1.2,0.0,0.0,0.0,0.0,0.0,0.1918,8.9481,8.0681,-7.8763,4.052375783043853,36.021,63.31,33.67,0.0,71.26,0.0
2026-08-19,231,8,2026,0.0,generated,32.9,23.7,generated,Sangrur,0,5.509,0.0,1.2,0.0,0.0,9.9402,9.9402,2.6423,10.132,0.0,8.0926,2.0394,4.057093319141095,36.026,53.29,33.48,0.0,69.35,0.593
2026-08-20,232,8,2026,0.0,generated,33.9,24.6,generated,Sangrur,0,5.634,0.0,1.2,0.0,0.0,10.1651,10.1651,2.7021,10.3569,0.0,8.1167,2.2402,4.06227527155848,36.031,50.6,33.27,0.0,62.69,0.607
2026-08-21,233,8,2026,0.0,generated,34.0,26.2,generated,Sangrur,0,5.234,0.0,1.2,0.0,0.0,9.4443,9.4443,2.5105,9.6361,0.0,8.1407,1.4954,4.06573448012852,36.035,18.55,33.08,0.0,60.31,0.564
2026-08-22,234,8,2026,0.0,generated,33.5,25.4,generated,Sangrur,0,5.243,0.0,1.2,0.0,0.0,9.4596,9.4596,2.5146,9.6514,0.0,8.1633,1.4881,4.069176579792156,36.038,11.31,32.97,0.0,60.31,0.565
2026-08-23,235,8,2026,0.96,generated,33.8,25.2,generated,Sangrur,0,5.388,0.0,1.2,0.0,0.0,8.2895,8.2895,2.2035,8.4813,0.7609,8.1848,0.2965,4.069862450112643,36.039,12.25,32.95,0.0,49.07,0.495
2026-08-24,236,8,2026,14.96,generated,34.8,30.0,generated,Sangrur,0,4.256,0.0,1.2,0.0,0.0,0.0,0.0,0.0,0.1918,11.8568,8.2046,-8.0128,4.0513274869457465,36.02,27.21,32.96,0.0,58.64,0.0
2026-08-25,237,8,2026,0.0,generated,34.0,25.7,generated,Sangrur,0,5.293,0.0,1.2,0.0,0.0,9.5491,9.5491,2.5384,9.7409,0.0,8.2299,1.511,4.0548225668418985,36.024,15.92,33.05,0.0,60.39,0.57
2026-08-26,238,8,2026,0.0,generated,35.7,28.4,generated,Sangrur,0,5.172,0.0,1.2,0.0,0.0,9.3325,9.3325,2.4808,9.5243,0.0,8.254,1.2703,4.057760991910065,36.027,15.92,33.17,0.0,61.05,0.557
2026-08-27,239,8,2026,0.0,generated,36.8,27.2,generated,Sangrur,0,5.902,0.0,1.2,0.0,0.0,10.6492,10.6492,2.8308,10.841,0.0,8.2765,2.5645,4.063693172694102,36.033,15.92,33.35,0.0,61.05,0.636
2026-08-28,240,8,2026,0.0,generated,36.5,29.5,generated,Sangrur,0,5.12,0.0,1.2,0.0,0.0,9.2386,9.2386,2.4558,9.4304,0.0,8.2992,1.1312,4.066309879285538,36.035,15.92,33.49,0.0,61.05,0.551
2026-08-29,241,8,2026,0.0,generated,36.4,29.0,generated,Sangrur,0,5.212,0.0,1.2,0.0,0.0,9.404,9.404,2.4998,9.5958,0.0,8.3201,1.2757,4.069260871579544,36.038,15.92,33.61,0.0,61.05,0.561
2026-08-30,242,8,2026,0.0,generated,35.4,28.4,generated,Sangrur,0,4.968,0.0,1.2,0.0,0.0,8.9637,8.9637,2.3828,9.1555,0.0,8.3394,0.8161,4.071148669549849,36.04,14.96,33.66,0.0,61.13,0.535
2026-08-31,243,8,2026,0.0,generated,35.1,27.4,generated,Sangrur,0,5.12,0.0,1.2,0.0,0.0,9.2386,9.2386,2.4558,9.4304,0.0,8.3566,1.0738,4.07363258073733,36.043,0.0,33.75,0.0,63.52,0.551
2026-09-01,244,9,2026,0.0,generated,36.1,25.4,generated,Sangrur,0,5.949,0.0,1.2,0.0,0.0,10.7328,10.7328,2.853,10.9246,0.0,8.3721,2.5525,4.079536918061547,36.049,0.0,33.83,0.0,50.85,0.641
2026-09-02,245,9,2026,0.0,generated,37.6,26.9,generated,Sangrur,0,6.105,0.0,1.2,0.0,0.0,11.0154,11.0154,2.9281,11.2072,0.0,8.388,2.8192,4.086058109899887,36.055,0.0,34.0,0.0,48.53,0.657
2026-09-03,246,9,2026,0.0,generated,37.0,29.1,generated,Sangrur,0,5.306,0.0,1.2,0.0,0.0,9.5731,9.5731,2.5447,9.7649,0.0,8.4046,1.3603,4.089204647287218,36.058,0.0,34.18,0.0,53.21,0.571
2026-09-04,247,9,2026,0.0,generated,35.4,23.5,generated,Sangrur,0,6.023,0.0,1.2,0.0,0.0,10.8674,10.8674,2.8888,11.0592,0.0,8.4198,2.6394,4.095310071890255,36.064,0.0,34.31,0.0,53.02,0.649
2026-09-05,248,9,2026,0.26,generated,35.5,25.8,generated,Sangrur,0,5.55,0.0,1.2,0.0,0.0,9.6238,9.6238,2.5582,9.8156,0.2061,8.4353,1.3803,4.098503016967141,36.068,0.26,34.37,0.0,52.08,0.574
2026-09-06,249,9,2026,1.19,generated,34.6,26.9,generated,Sangrur,0,4.932,0.0,1.2,0.0,0.0,7.1258,7.1258,1.8942,7.3176,0.9432,8.4496,-1.132,4.095884446215225,36.065,1.45,34.44,0.0,54.76,0.425
2026-09-07,250,9,2026,1.81,generated,33.7,23.9,generated,Sangrur,0,5.314,0.0,1.2,0.0,0.0,6.9067,6.9067,1.836,7.0985,1.4345,8.4607,-1.3622,4.092733464234175,36.062,3.26,34.49,0.0,57.0,0.412
2026-09-08,251,9,2026,7.55,generated,35.4,26.3,generated,Sangrur,0,5.32,0.0,1.2,0.0,0.0,0.0,0.0,0.0,0.1918,5.9839,8.4692,-8.2774,4.073586502865019,36.043,10.81,34.49,0.0,63.92,0.0
2026-09-09,252,9,2026,0.0,generated,36.8,32.0,generated,Sangrur,0,4.125,0.0,1.2,0.0,0.0,7.4431,7.4431,1.9785,7.6349,0.0,8.4734,-0.8385,4.071646838131544,36.041,10.81,34.61,0.0,63.92,0.444
2026-09-10,253,9,2026,4.18,generated,37.3,29.4,generated,Sangrur,0,5.16,0.0,1.2,0.0,0.0,3.2347,3.2347,0.8599,3.4265,3.3129,8.4742,-5.0477,4.059970814613787,36.029,14.99,34.8,0.0,67.28,0.193
2026-09-11,254,9,2026,0.0,generated,36.0,27.0,generated,Sangrur,0,5.281,0.0,1.2,0.0,0.0,9.5279,9.5279,2.5327,9.7197,0.0,8.4713,1.2484,4.062858513522597,36.032,14.99,34.93,0.0,57.27,0.569
2026-09-12,255,9,2026,0.0,generated,33.7,29.7,generated,Sangrur,0,3.516,0.0,1.2,0.0,0.0,6.3445,6.3445,1.6865,6.5363,0.0,8.4684,-1.9321,4.0583892126201695,36.027,14.73,34.99,0.0,54.58,0.379
2026-09-13,256,9,2026,0.0,generated,31.3,19.1,generated,Sangrur,0,5.306,0.0,1.2,0.0,0.0,9.5743,9.5743,2.5451,9.7661,0.0,8.4611,1.305,4.061407996807422,36.03,13.54,34.92,0.0,22.54,0.571
2026-09-14,257,9,2026,0.0,generated,31.0,22.8,generated,Sangrur,0,4.498,0.0,1.2,0.0,0.0,8.1159,8.1159,2.1574,8.3077,0.0,8.454,-0.1463,4.061069674288696,36.03,11.73,34.85,0.0,15.3,0.484
2026-09-15,258,9,2026,0.0,generated,30.9,19.9,generated,Sangrur,0,5.008,0.0,1.2,0.0,0.0,9.0351,9.0351,2.4017,9.2269,0.0,8.4451,0.7818,4.062878136376125,36.032,4.18,34.76,0.0,15.28,0.539
2026-09-16,259,9,2026,0.0,generated,30.2,21.0,generated,Sangrur,0,4.575,0.0,1.2,0.0,0.0,8.2553,8.2553,2.1944,8.4471,0.0,8.4358,0.0113,4.06290428313157,36.032,4.18,34.63,0.0,15.28,0.493
2026-09-17,260,9,2026,0.0,generated,29.1,20.0,generated,Sangrur,0,4.416,0.0,1.2,0.0,0.0,7.9669,7.9669,2.1178,8.1587,0.0,8.425,-0.2663,4.062288224639897,36.031,0.0,34.48,0.0,3.99,0.476
2026-09-18,261,9,2026,0.0,generated,29.8,22.9,generated,Sangrur,0,3.986,0.0,1.2,0.0,0.0,7.1912,7.1912,1.9116,7.383,0.0,8.4125,-1.0295,4.0599068811389944,36.029,0.0,34.38,0.0,3.99,0.429
2026-09-19,262,9,2026,0.04,generated,31.8,21.9,generated,Sangrur,0,4.8,0.0,1.2,0.0,0.0,8.6012,8.6012,2.2864,8.793,0.0317,8.3972,0.3958,4.060822414406189,36.03,0.04,34.31,0.0,4.04,0.513
2026-09-20,263,9,2026,0.0,generated,29.9,21.6,generated,Sangrur,0,4.262,0.0,1.2,0.0,0.0,7.6902,7.6902,2.0442,7.882,0.0,8.3814,-0.4994,4.0596672183183715,36.029,0.04,34.17,0.0,4.04,0.459
2026-09-21,264,9,2026,4.8,generated,30.1,21.5,generated,Sangrur,0,4.318,0.0,1.2,0.0,0.0,0.8509,0.8509,0.2262,1.0427,3.8043,8.3638,-7.3211,4.042732358838215,36.012,4.84,34.06,0.0,8.44,0.051
2026-09-22,265,9,2026,6.16,generated,31.2,23.8,generated,Sangrur,0,4.137,0.0,1.2,0.0,0.0,0.0,0.0,0.0,0.1918,4.8822,8.3415,-8.1497,4.023880891982226,35.993,11.0,33.97,0.0,13.13,0.0
2026-09-23,266,9,2026,0.0,generated,33.8,26.2,generated,Sangrur,0,4.397,0.0,1.2,0.0,0.0,7.9334,7.9334,2.1089,8.1252,0.0,8.3155,-0.1903,4.023440585168387,35.993,11.0,33.94,0.0,-1.83,0.474
2026-09-24,267,9,2026,0.0,generated,34.9,23.5,generated,Sangrur,0,5.263,0.0,1.2,0.0,0.0,9.4954,9.4954,2.5241,9.6872,0.0,8.2893,1.3979,4.026674197946259,35.996,11.0,33.97,0.0,-1.83,0.567
2026-09-25,268,9,2026,0.0,generated,34.6,23.7,generated,Sangrur,0,5.109,0.0,1.2,0.0,0.0,9.2178,9.2178,2.4503,9.4096,0.0,8.2648,1.1448,4.029322236667196,35.998,11.0,33.93,0.0,-1.83,0.55
2026-09-26,269,9,2026,0.0,generated,33.1,23.0,generated,Sangrur,0,4.773,0.0,1.2,0.0,0.0,8.6111,8.6111,2.289,8.8029,0.0,8.2417,0.5612,4.030620478395061,36.0,10.96,33.81,0.0,-1.83,0.514
2026-09-27,270,9,2026,0.0,generated,33.1,24.4,generated,Sangrur,0,4.469,0.0,1.2,0.0,0.0,8.0629,8.0629,2.1433,8.2547,0.0,8.2188,0.0359,4.0307034653620955,36.0,10.96,33.69,0.0,-1.83,0.481
2026-09-28,271,9,2026,0.0,generated,35.1,26.7,generated,Sangrur,0,4.565,0.0,1.2,0.0,0.0,8.2359,8.2359,2.1893,8.4277,0.0,8.1955,0.2322,4.031240475557661,36.0,6.16,33.65,0.0,-1.83,0.492
2026-09-29,272,9,2026,0.0,generated,31.2,19.5,generated,Sangrur,0,4.743,0.0,1.2,0.0,0.0,8.5568,8.5568,2.2746,8.7486,0.0,8.1721,0.5765,4.032574026295317,36.002,0.0,33.51,0.0,-1.83,0.511
2026-09-30,273,9,2026,0.0,generated,31.0,23.7,generated,Sangrur,0,3.894,0.0,1.2,0.0,0.0,7.0263,7.0263,1.8678,7.2181,0.0,8.1489,-0.9308,4.030420888301818,35.999,0.0,33.37,0.0,-1.83,0.419
2026-10-01,274,10,2026,0.0,generated,33.1,20.0,generated,Sangrur,0,5.091,0.0,1.2,0.0,0.0,9.1851,9.1851,2.4416,9.3769,0.0,8.1239,1.253,4.033319243564009,36.002,0.0,33.27,0.0,-1.83,0.548
2026-10-02,275,10,2026,0.0,generated,33.3,22.5,generated,Sangrur,0,4.732,0.0,1.2,0.0,0.0,8.5369,8.5369,2.2693,8.7287,0.0,8.1002,0.6285,4.034773109053583,36.004,0.0,33.13,0.0,-1.83,0.51
