date,doy,month,year,rainfall_mm,rainfall_src,temp_max_c,temp_min_c,temp_src,district,is_rabi,et0_mm,kc_wheat,kc_paddy,etc_wheat_mm,crop_water_demand_mcm,paddy_demand_mcm,total_crop_draft_mcm,canal_supply_mcm,gw_draft_mcm,rain_recharge_mcm,total_recharge_mcm,net_flux_mcm,cumulative_decline_m,gw_level_mbgl,rolling_7d_rainfall,rolling_30d_temp,rolling_14d_demand,rain_anom_30d,stress_index
2021-10-01,274,10,2021,0.0,generated,32.0,17.9,generated,Ludhiana,0,5.091,0.0,1.2,0.0,0.0,12.3788,12.3788,4.3493,12.5706,0.0,0.0,12.5706,0.02962510772606601,28.5,0.0,32.0,0.0,0.0,0.787
2021-10-02,275,10,2021,0.0,generated,30.9,16.8,generated,Ludhiana,0,4.927,0.0,1.2,0.0,0.0,11.9805,11.9805,4.2094,12.1723,0.0,0.0164,12.1559,0.05827282186032264,28.529,0.0,31.45,0.0,0.0,0.762
2021-10-03,276,10,2021,0.0,generated,31.8,22.2,generated,Ludhiana,0,4.344,0.0,1.189,0.0,0.0,10.469,10.469,3.6783,10.6608,0.0,0.0474,10.6134,0.08328549750982199,28.554,0.0,31.57,0.0,0.0,0.665
2021-10-04,277,10,2021,0.0,generated,32.2,16.8,generated,Ludhiana,0,5.16,0.0,1.175,0.0,0.0,12.2876,12.2876,4.3173,12.4794,0.0,0.0895,12.3899,0.11248472057734073,28.583,0.0,31.72,0.0,0.0,0.781
2021-10-05,278,10,2021,0.0,generated,33.4,21.1,generated,Ludhiana,0,4.878,0.0,1.161,0.0,0.0,11.4764,11.4764,4.0322,11.6682,0.0,0.1443,11.5239,0.1396430926251806,28.61,0.0,32.06,0.0,0.0,0.73
2021-10-06,279,10,2021,0.0,generated,31.3,17.7,generated,Ludhiana,0,4.783,0.0,1.147,0.0,0.0,11.1165,11.1165,3.9058,11.3083,0.0,0.2095,11.0988,0.16579969250537466,28.636,0.0,31.93,0.0,0.0,0.707
2021-10-07,280,10,2021,0.82,generated,29.7,20.0,generated,Ludhiana,0,4.045,0.0,1.133,0.0,0.0,7.6343,7.6343,2.6823,7.8261,0.242,0.2836,7.5425,0.18357515041347536,28.654,0.82,31.61,0.0,0.75,0.485
2021-10-08,281,10,2021,4.98,generated,30.9,15.8,generated,Ludhiana,0,4.836,0.0,1.119,0.0,0.0,1.2725,1.2725,0.4471,1.4643,1.47,0.3613,1.103,0.18617453511606236,28.657,5.8,31.52,0.0,5.32,0.081
2021-10-09,282,10,2021,3.2,generated,28.7,19.0,generated,Ludhiana,0,3.896,0.0,1.105,0.0,0.0,2.4005,2.4005,0.8434,2.5923,0.9446,0.4349,2.1574,0.19125887262969274,28.662,9.0,31.21,0.0,8.25,0.153
2021-10-10,283,10,2021,0.0,generated,28.5,16.0,generated,Ludhiana,0,4.222,0.0,1.09,0.0,0.0,9.3293,9.3293,3.2779,9.5211,0.0,0.5056,9.0155,0.21250565104217517,28.683,9.0,30.94,0.0,8.25,0.593
2021-10-11,284,10,2021,0.0,generated,27.4,12.9,generated,Ludhiana,0,4.279,0.0,1.076,0.0,0.0,9.3314,9.3314,3.2786,9.5232,0.0,0.582,8.9412,0.23357740764490903,28.704,9.0,30.62,0.0,8.25,0.593
2021-10-12,285,10,2021,0.0,generated,26.6,14.5,generated,Ludhiana,0,3.922,0.0,1.062,0.0,0.0,8.4407,8.4407,2.9657,8.6325,0.0,0.6634,7.9691,0.25235818997518145,28.723,9.0,30.28,0.0,8.25,0.537
2021-10-13,286,10,2021,0.0,generated,25.7,9.5,generated,Ludhiana,0,4.159,0.0,1.048,0.0,0.0,8.832,8.832,3.1031,9.0238,0.0,0.7481,8.2757,0.27186151647968093,28.742,9.0,29.93,0.0,8.25,0.561
2021-10-14,287,10,2021,0.0,generated,27.3,15.4,generated,Ludhiana,0,3.914,0.0,1.034,0.0,0.0,8.1995,8.1995,2.8809,8.3913,0.0,0.8362,7.5551,0.2896666146008351,28.76,8.18,29.74,0.0,8.25,0.521
2021-10-15,288,10,2021,0.0,generated,27.8,15.4,generated,Ludhiana,0,3.992,0.0,1.02,0.0,0.0,8.2485,8.2485,2.8981,8.4403,0.0,0.9264,7.5139,0.30737460637105246,28.778,3.2,29.61,0.0,8.25,0.524
2021-10-16,289,10,2021,0.0,generated,29.9,23.2,generated,Ludhiana,0,3.279,0.0,1.006,0.0,0.0,6.6818,6.6818,2.3477,6.8736,0.0,1.0184,5.8552,0.32117344946513127,28.792,0.0,29.63,0.0,8.25,0.425
2021-10-17,290,10,2021,0.0,generated,30.1,22.1,generated,Ludhiana,0,3.521,0.0,0.991,0.0,0.0,7.0741,7.0741,2.4855,7.2659,0.0,1.1099,6.156,0.33568123961101737,28.806,0.0,29.66,0.0,8.25,0.45
2021-10-18,291,10,2021,0.0,generated,30.4,18.3,generated,Ludhiana,0,4.128,0.0,0.977,0.0,0.0,8.1744,8.1744,2.8721,8.3662,0.0,1.2012,7.165,0.35256689069243935,28.823,0.0,29.7,0.0,8.25,0.52
2021-10-19,292,10,2021,0.0,generated,33.9,22.8,generated,Ludhiana,0,4.298,0.0,0.963,0.0,0.0,8.3869,8.3869,2.9467,8.5787,0.0,1.2937,7.285,0.3697354093331696,28.84,0.0,29.92,0.0,8.25,0.533
2021-10-20,293,10,2021,0.0,generated,35.9,21.9,generated,Ludhiana,0,4.848,0.0,0.949,0.0,0.0,9.323,9.323,3.2756,9.5148,0.0,1.3874,8.1274,0.38888933676695897,28.859,0.0,30.22,0.0,8.25,0.593
2021-10-21,294,10,2021,0.0,generated,34.1,20.3,generated,Ludhiana,0,4.605,0.0,0.935,0.0,0.0,8.7223,8.7223,3.0646,8.9141,0.0,1.4832,7.4309,0.40640183077623165,28.877,0.0,30.4,0.0,8.25,0.554
2021-10-22,295,10,2021,3.23,generated,33.3,16.2,generated,Ludhiana,0,4.811,0.0,0.921,0.0,0.0,2.6002,2.6002,0.9136,2.792,0.9534,1.58,1.212,0.40925825538046756,28.88,3.23,30.54,0.0,11.21,0.165
2021-10-23,296,10,2021,0.0,generated,34.7,20.4,generated,Ludhiana,0,4.655,0.0,0.907,0.0,0.0,8.5512,8.5512,3.0045,8.743,0.0,1.6702,7.0728,0.4259267007267527,28.896,3.23,30.72,0.0,11.21,0.544
2021-10-24,297,10,2021,0.0,generated,30.0,14.9,generated,Ludhiana,0,4.215,0.0,0.892,0.0,0.0,7.6213,7.6213,2.6778,7.8131,0.0,1.7614,6.0517,0.44018875674508656,28.911,3.23,30.69,0.0,11.21,0.484
2021-10-25,298,10,2021,0.0,generated,29.4,15.1,generated,Ludhiana,0,4.051,0.0,0.878,0.0,0.0,7.2099,7.2099,2.5332,7.4017,0.0,1.852,5.5497,0.45326764128536023,28.924,3.23,30.64,0.0,11.21,0.458
2021-10-26,299,10,2021,0.0,generated,28.5,14.9,generated,Ludhiana,0,3.868,0.0,0.864,0.0,0.0,6.7734,6.7734,2.3798,6.9652,0.0,1.9415,5.0237,0.4651070331875246,28.935,3.23,30.55,0.0,11.21,0.431
2021-10-27,300,10,2021,0.0,generated,26.0,16.1,generated,Ludhiana,0,3.223,0.0,0.85,0.0,0.0,5.5503,5.5503,1.9501,5.7421,0.0,2.0291,3.713,0.4738574904238059,28.944,3.23,30.39,0.0,11.21,0.353
2021-10-28,301,10,2021,0.0,generated,26.2,14.8,generated,Ludhiana,0,3.384,0.0,0.0,0.0,0.0,0.0,0.0,0.0,0.1918,0.0,2.1132,-1.9214,0.46932927730246043,28.94,3.23,30.24,0.0,11.21,0.0
2021-10-29,302,10,2021,0.0,generated,23.1,12.4,generated,Ludhiana,0,3.021,0.0,0.0,0.0,0.0,0.0,0.0,0.0,0.1918,0.0,2.1867,-1.9949,0.4646279742277989,28.935,0.0,29.99,0.0,11.21,0.0
2021-10-30,303,10,2021,17.56,generated,28.9,22.6,generated,Ludhiana,0,2.82,0.0,0.0,0.0,0.0,0.0,0.0,0.0,0.1918,5.1834,2.2502,-2.0584,0.4597769821584549,28.93,17.56,29.95,0.0,27.31,0.0
2021-10-31,304,10,2021,0.0,generated,28.5,19.3,generated,Ludhiana,0,3.239,0.0,0.0,0.0,0.0,0.0,0.0,0.0,0.1918,0.0,2.309,-2.1172,0.4547874078310813,28.925,17.56,29.84,0.0,27.31,0.0
2021-11-01,305,11,2021,0.0,generated,28.3,13.5,generated,Ludhiana,1,3.786,0.4,0.0,1.514,1.7447,0.0,1.7447,0.613,1.9365,0.0,2.359,-0.4225,0.45379162919944077,28.924,17.56,29.75,0.125,27.31,0.111
2021-11-02,306,11,2021,0.0,generated,25.2,11.0,generated,Ludhiana,1,3.415,0.4,0.0,1.366,1.5741,0.0,1.5741,0.5531,1.7659,0.0,2.4033,-0.6374,0.45228954201348115,28.923,17.56,29.53,0.237,27.31,0.1
2021-11-03,307,11,2021,0.0,generated,25.9,14.1,generated,Ludhiana,1,3.255,0.4,0.0,1.302,1.5002,0.0,1.5002,0.5271,1.692,0.0,2.4419,-0.7499,0.4505222997508136,28.921,17.56,29.32,0.344,27.31,0.095
2021-11-04,308,11,2021,0.0,generated,30.1,18.0,generated,Ludhiana,1,3.624,0.4,0.0,1.449,1.6701,0.0,1.6701,0.5868,1.8619,0.0,2.4752,-0.6133,0.44907701649048976,28.919,17.56,29.21,0.464,27.31,0.106
2021-11-05,309,11,2021,7.24,generated,29.0,19.2,generated,Ludhiana,1,3.242,0.4,0.0,1.297,0.0,0.0,0.0,0.0,0.1918,2.1371,2.5037,-2.3119,0.4436284835070173,28.914,24.8,29.13,0.464,33.94,0.0
2021-11-06,310,11,2021,1.27,generated,30.5,16.4,generated,Ludhiana,1,3.802,0.4,0.0,1.521,0.304,0.0,0.304,0.1068,0.4958,0.3749,2.5276,-2.0318,0.4388402218751691,28.909,8.51,29.16,0.485,34.29,0.019
2021-11-07,311,11,2021,0.0,generated,31.9,18.7,generated,Ludhiana,1,3.818,0.4,0.0,1.527,1.7595,0.0,1.7595,0.6182,1.9513,0.0,2.546,-0.5947,0.43743880177992583,28.908,8.51,29.19,0.611,29.31,0.112
2021-11-08,312,11,2021,0.0,generated,25.3,11.8,generated,Ludhiana,1,3.234,0.4,0.0,1.294,1.4905,0.0,1.4905,0.5237,1.6823,0.0,2.5609,-0.8786,0.43536812867616975,28.906,8.51,29.08,0.717,26.11,0.095
2021-11-09,313,11,2021,0.0,generated,24.6,11.4,generated,Ludhiana,1,3.128,0.4,0.0,1.251,1.4418,0.0,1.4418,0.5066,1.6336,0.0,2.5724,-0.9388,0.4331556553145627,28.904,8.51,28.95,0.82,26.11,0.092
2021-11-10,314,11,2021,0.0,generated,24.3,10.0,generated,Ludhiana,1,3.158,0.4,0.0,1.263,1.4554,0.0,1.4554,0.5114,1.6472,0.0,2.5806,-0.9334,0.4309559931213371,28.901,8.51,28.85,0.924,26.11,0.093
2021-11-11,315,11,2021,0.0,generated,23.2,13.8,generated,Ludhiana,1,2.642,0.4,0.0,1.057,1.2175,0.0,1.2175,0.4278,1.4093,0.0,2.5857,-1.1764,0.4281835701554667,28.899,8.51,28.73,1.011,26.11,0.077
2021-11-12,316,11,2021,0.0,generated,20.7,10.6,generated,Ludhiana,1,2.507,0.4,0.0,1.003,1.1554,0.0,1.1554,0.406,1.3472,0.0,2.5877,-1.2405,0.4252600084293097,28.896,1.27,28.57,1.094,26.11,0.073
2021-11-13,317,11,2021,0.0,generated,20.1,6.4,generated,Ludhiana,1,2.693,0.4,0.0,1.077,1.2411,0.0,1.2411,0.4361,1.4329,0.0,2.5868,-1.1539,0.4225405414178029,28.893,0.0,28.33,1.182,26.11,0.079
2021-11-14,318,11,2021,0.0,generated,17.6,0.8,generated,Ludhiana,1,2.577,0.4,0.0,1.031,1.1876,0.0,1.1876,0.4173,1.3794,0.0,2.5834,-1.204,0.4197031881638436,28.89,0.0,27.99,1.267,26.11,0.075
2021-11-15,319,11,2021,0.0,generated,19.7,11.4,generated,Ludhiana,1,2.223,0.4,0.0,0.889,1.0247,0.0,1.0247,0.36,1.2165,0.0,2.5774,-1.3609,0.4164958501081181,28.887,0.0,27.65,1.216,26.11,0.065
2021-11-16,320,11,2021,0.0,generated,21.8,8.3,generated,Ludhiana,1,2.776,0.4,0.0,1.11,1.2794,0.0,1.2794,0.4495,1.4712,0.0,2.5691,-1.0979,0.4139084224492229,28.884,0.0,27.37,1.195,26.11,0.081
2021-11-17,321,11,2021,0.0,generated,24.2,11.1,generated,Ludhiana,1,2.934,0.4,0.0,1.173,1.352,0.0,1.352,0.475,1.5438,0.0,2.5589,-1.0151,0.41151618462025524,28.882,0.0,27.16,1.184,26.11,0.086
2021-11-18,322,11,2021,0.0,generated,23.7,10.2,generated,Ludhiana,1,2.902,0.4,0.0,1.161,1.3375,0.0,1.3375,0.4699,1.5293,0.0,2.547,-1.0177,0.4091176690957078,28.879,0.0,26.82,1.16,26.11,0.085
2021-11-19,323,11,2021,0.0,generated,22.2,7.3,generated,Ludhiana,1,2.839,0.4,0.0,1.136,1.3086,0.0,1.3086,0.4598,1.5004,0.0,2.5337,-1.0333,0.40668242558103873,28.877,0.0,26.37,1.254,26.11,0.083
2021-11-20,324,11,2021,0.0,generated,25.2,13.1,generated,Ludhiana,1,2.888,0.4,0.0,1.155,1.3311,0.0,1.3311,0.4677,1.5229,0.0,2.519,-0.9961,0.4043348247291641,28.875,0.0,26.07,1.327,26.11,0.085
2021-11-21,325,11,2021,0.0,generated,24.7,14.0,generated,Ludhiana,1,2.716,0.4,0.0,1.086,1.2516,0.0,1.2516,0.4398,1.4434,0.0,2.5031,-1.0597,0.4018373243777391,28.872,0.0,25.78,1.291,22.88,0.08
2021-11-22,326,11,2021,1.79,generated,25.3,12.7,generated,Ludhiana,1,2.904,0.417,0.0,1.21,0.0,0.0,0.0,0.0,0.1918,0.5284,2.4861,-2.2943,0.39643043139956385,28.867,1.79,25.47,1.185,24.52,0.0
2021-11-23,327,11,2021,0.0,generated,27.3,11.5,generated,Ludhiana,1,3.27,0.433,0.0,1.417,1.6325,0.0,1.6325,0.5736,1.8243,0.0,2.4667,-0.6424,0.3949164272036158,28.865,1.79,25.38,1.198,24.52,0.104
2021-11-24,328,11,2021,7.78,generated,24.9,12.7,generated,Ludhiana,1,2.813,0.45,0.0,1.266,0.0,0.0,0.0,0.0,0.1918,2.2965,2.4471,-2.2553,0.389601437527116,28.86,9.57,25.23,1.094,31.65,0.0
2021-11-25,329,11,2021,0.0,generated,25.0,12.6,generated,Ludhiana,1,2.822,0.467,0.0,1.317,1.5171,0.0,1.5171,0.533,1.7089,0.0,2.427,-0.7181,0.3879091342627978,28.858,9.57,25.11,1.116,31.65,0.096
2021-11-26,330,11,2021,0.0,generated,27.0,10.7,generated,Ludhiana,1,3.224,0.483,0.0,1.558,1.7954,0.0,1.7954,0.6308,1.9872,0.0,2.4066,-0.4194,0.3869206778903875,28.857,9.57,25.15,1.161,31.65,0.114
2021-11-27,331,11,2021,0.0,generated,26.7,14.7,generated,Ludhiana,1,2.892,0.5,0.0,1.446,1.6663,0.0,1.6663,0.5855,1.8581,0.0,2.3864,-0.5283,0.3856755886907754,28.856,9.57,25.16,1.192,31.65,0.106
2021-11-28,332,11,2021,0.0,generated,25.8,14.6,generated,Ludhiana,1,2.746,0.517,0.0,1.419,1.6345,0.0,1.6345,0.5743,1.8263,0.0,2.3662,-0.5399,0.3844031718244701,28.855,9.57,25.25,1.224,31.65,0.104
2021-11-29,333,11,2021,0.0,generated,27.7,16.4,generated,Ludhiana,1,2.88,0.533,0.0,1.536,1.7696,0.0,1.7696,0.6218,1.9614,0.0,2.346,-0.3846,0.38349678377196345,28.854,7.78,25.21,1.277,14.09,0.112
2021-11-30,334,11,2021,0.0,generated,25.3,9.7,generated,Ludhiana,1,2.985,0.55,0.0,1.642,1.8916,0.0,1.8916,0.6646,2.0834,0.0,2.326,-0.2426,0.38292507606684995,28.853,7.78,25.11,1.321,14.09,0.12
2021-12-01,335,12,2021,0.0,generated,23.0,10.0,generated,Ludhiana,1,2.637,0.567,0.0,1.494,1.7219,0.0,1.7219,0.605,1.9137,0.0,2.3064,-0.3927,0.3819997086053056,28.852,0.0,24.93,1.347,14.09,0.109
2021-12-02,336,12,2021,0.0,generated,23.7,10.1,generated,Ludhiana,1,2.719,0.583,0.0,1.586,1.8272,0.0,1.8272,0.642,2.019,0.0,2.2869,-0.2679,0.3813684149024415,28.852,0.0,24.88,1.382,14.09,0.116
2021-12-03,337,12,2021,0.0,generated,21.5,16.9,generated,Ludhiana,1,1.68,0.6,0.0,1.008,1.1613,0.0,1.1613,0.408,1.3531,0.0,2.2677,-0.9146,0.37921297975901214,28.85,0.0,24.73,1.371,14.09,0.074
2021-12-04,338,12,2021,0.0,generated,21.6,-0.4,generated,Ludhiana,1,2.81,0.617,0.0,1.733,1.9966,0.0,1.9966,0.7015,2.1884,0.0,2.248,-0.0596,0.3790726218578112,28.849,0.0,24.45,1.419,14.09,0.127
2021-12-05,339,12,2021,0.0,generated,20.5,2.5,generated,Ludhiana,1,2.614,0.633,0.0,1.656,1.9075,0.0,1.9075,0.6702,2.0993,0.0,2.2288,-0.1295,0.37876735490239466,28.849,0.0,24.17,1.466,6.85,0.121
2021-12-06,340,12,2021,0.0,generated,20.1,-1.0,generated,Ludhiana,1,2.634,0.65,0.0,1.712,1.9725,0.0,1.9725,0.693,2.1643,0.0,2.2102,-0.0459,0.37865922103948424,28.849,0.0,23.82,1.607,5.58,0.125
2021-12-07,341,12,2021,0.0,generated,22.3,2.7,generated,Ludhiana,1,2.804,0.667,0.0,1.87,2.154,0.0,2.154,0.7568,2.3458,0.0,2.1921,0.1537,0.3790214726689825,28.849,0.0,23.5,1.644,5.58,0.137
2021-12-08,342,12,2021,0.0,generated,23.4,17.8,generated,Ludhiana,1,1.895,0.683,0.0,1.295,1.4917,0.0,1.4917,0.5241,1.6835,0.0,2.1748,-0.4913,0.3778636997228385,28.848,0.0,23.44,1.751,5.58,0.095
2021-12-09,343,12,2021,0.0,generated,22.5,15.7,generated,Ludhiana,1,2.001,0.7,0.0,1.401,1.6141,0.0,1.6141,0.5671,1.8059,0.0,2.1573,-0.3514,0.37703553597850015,28.847,0.0,23.37,1.757,5.58,0.103
2021-12-10,344,12,2021,0.0,generated,22.0,5.7,generated,Ludhiana,1,2.652,0.717,0.0,1.9,2.1896,0.0,2.1896,0.7693,2.3814,0.0,2.1399,0.2415,0.3776046594275222,28.848,0.0,23.29,1.786,5.58,0.139
2021-12-11,345,12,2021,0.0,generated,22.1,0.1,generated,Ludhiana,1,2.807,0.733,0.0,2.059,2.372,0.0,2.372,0.8334,2.5638,0.0,2.1234,0.4404,0.3786426580337236,28.849,0.0,23.25,1.836,5.58,0.151
2021-12-12,346,12,2021,0.0,generated,22.3,0.3,generated,Ludhiana,1,2.822,0.75,0.0,2.116,2.4382,0.0,2.4382,0.8567,2.63,0.0,2.1078,0.5222,0.37987322512441085,28.85,0.0,23.31,1.893,5.58,0.155
2021-12-13,347,12,2021,0.0,generated,21.7,9.1,generated,Ludhiana,1,2.432,0.767,0.0,1.865,2.1485,0.0,2.1485,0.7549,2.3403,0.0,2.0934,0.2469,0.3804550957104371,28.851,0.0,23.36,1.92,5.58,0.137
2021-12-14,348,12,2021,0.0,generated,21.1,-0.9,generated,Ludhiana,1,2.697,0.783,0.0,2.113,2.4342,0.0,2.4342,0.8553,2.626,0.0,2.0796,0.5464,0.38174286243467465,28.852,0.0,23.48,1.959,5.58,0.155
2021-12-15,349,12,2021,0.0,generated,25.2,11.5,generated,Ludhiana,1,2.754,0.8,0.0,2.203,2.5388,0.0,2.5388,0.892,2.7306,0.0,2.0667,0.6639,0.3833074542324168,28.854,0.0,23.66,2.018,5.58,0.161
2021-12-16,350,12,2021,0.0,generated,24.4,6.1,generated,Ludhiana,1,2.908,0.817,0.0,2.374,2.7358,0.0,2.7358,0.9612,2.9276,0.0,2.0549,0.8727,0.38536417456127414,28.856,0.0,23.75,2.082,5.58,0.174
2021-12-17,351,12,2021,0.0,generated,24.3,11.3,generated,Ludhiana,1,2.638,0.833,0.0,2.198,2.5325,0.0,2.5325,0.8898,2.7243,0.0,2.0443,0.68,0.38696672980026064,28.857,0.0,23.75,2.18,5.58,0.161
2021-12-18,352,12,2021,0.0,generated,20.6,10.8,generated,Ludhiana,1,2.154,0.85,0.0,1.831,2.1094,0.0,2.1094,0.7411,2.3012,0.0,2.0346,0.2666,0.3875950532108769,28.858,0.0,23.65,2.188,5.58,0.134
2021-12-19,353,12,2021,0.0,generated,19.3,1.2,generated,Ludhiana,1,2.45,0.867,0.0,2.123,2.4465,0.0,2.4465,0.8596,2.6383,0.0,2.0251,0.6132,0.3890401057938137,28.859,0.0,23.55,2.227,5.58,0.156
2021-12-20,354,12,2021,0.0,generated,24.0,6.1,generated,Ludhiana,1,2.853,0.883,0.0,2.52,2.9038,0.0,2.9038,1.0203,3.0956,0.0,2.0164,1.0792,0.39158352596299406,28.862,0.0,23.51,2.294,5.58,0.185
2021-12-21,355,12,2021,0.0,generated,27.9,19.3,generated,Ludhiana,1,2.493,0.9,0.0,2.243,2.5847,0.0,2.5847,0.9081,2.7765,0.0,2.0089,0.7676,0.3933926143495585,28.864,0.0,23.62,2.324,5.58,0.164
2021-12-22,356,12,2021,0.0,generated,26.4,8.6,generated,Ludhiana,1,3.059,0.917,0.0,2.804,3.2304,0.0,3.2304,1.135,3.4222,0.0,2.0021,1.4201,0.39673937633221823,28.867,0.0,23.65,2.448,3.79,0.205
2021-12-23,357,12,2021,18.81,generated,47.5,3.5,telemetry,Ludhiana,1,5.902,0.933,0.0,5.508,0.0,0.0,0.0,0.0,0.1918,5.5524,1.9969,-1.8051,0.39248538281694384,28.863,18.81,24.33,2.333,21.03,0.0
2021-12-24,358,12,2021,0.0,generated,42.0,24.0,telemetry,Ludhiana,1,4.432,0.95,0.0,4.21,4.8511,0.0,4.8511,1.7044,5.0429,0.0,1.9936,3.0493,0.3996716916639359,28.87,18.81,24.9,2.523,13.25,0.308
2021-12-25,359,12,2021,0.0,generated,49.0,10.0,telemetry,Ludhiana,1,6.08,0.967,0.0,5.877,6.7718,0.0,6.7718,2.3793,6.9636,0.0,1.9939,4.9697,0.4113837922427601,28.882,18.81,25.7,2.838,13.25,0.43
2021-12-26,360,12,2021,0.0,generated,49.0,0.0,telemetry,Ludhiana,1,6.102,0.983,0.0,6.0,6.9133,0.0,6.9133,2.429,7.1051,0.0,2.0,5.1051,0.42341491811283316,28.894,18.81,26.43,3.157,13.25,0.439
2021-12-27,361,12,2021,0.0,generated,49.0,5.0,telemetry,Ludhiana,1,6.133,1.0,0.0,6.133,7.0657,0.0,7.0657,2.4825,7.2575,0.0,2.0117,5.2458,0.4357777731343102,28.906,18.81,27.17,3.508,13.25,0.449
2021-12-28,362,12,2021,0.0,generated,46.0,10.0,telemetry,Ludhiana,1,5.68,1.017,0.0,5.775,6.6534,0.0,6.6534,2.3377,6.8452,0.0,2.0285,4.8167,0.4471292176274778,28.918,18.81,27.85,3.81,13.25,0.423
2021-12-29,363,12,2021,0.0,generated,45.0,0.0,telemetry,Ludhiana,1,5.598,1.033,0.0,5.785,6.6649,0.0,6.6649,2.3417,6.8567,0.0,2.0496,4.8071,0.45845811133070935,28.929,18.81,28.42,4.105,13.25,0.424
2021-12-30,364,12,2021,0.0,generated,24.3,18.1,generated,Ludhiana,1,2.015,1.05,0.0,2.116,2.4376,0.0,2.4376,0.8565,2.6294,0.0,2.0745,0.5549,0.4597658684897108,28.93,0.0,28.39,4.083,13.25,0.155
2021-12-31,365,12,2021,0.0,generated,23.2,1.2,generated,Ludhiana,1,2.926,1.067,0.0,3.121,3.5962,0.0,3.5962,1.2635,3.788,0.0,2.0972,1.6908,0.46375050869918805,28.934,0.0,28.4,4.159,13.25,0.229
2022-01-01,1,1,2022,0.0,generated,19.8,4.6,generated,Ludhiana,1,2.438,1.083,0.0,2.641,3.0433,0.0,3.0433,1.0693,3.2351,0.0,2.1195,1.1156,0.46637968310597644,28.937,0.0,28.27,4.226,13.25,0.193
2022-01-02,2,1,2022,0.0,generated,47.0,0.0,telemetry,Ludhiana,1,5.918,1.1,0.0,6.51,7.5004,0.0,7.5004,2.6353,7.6922,0.0,2.1405,5.5517,0.4794633285815467,28.95,0.0,29.12,4.587,13.25,0.477
2022-01-03,3,1,2022,0.0,generated,42.0,19.0,telemetry,Ludhiana,1,4.855,1.117,0.0,5.422,6.2468,0.0,6.2468,2.1948,6.4386,0.0,2.1663,4.2723,0.48953184814233813,28.96,0.0,29.8,4.826,13.25,0.397
2022-01-04,4,1,2022,0.0,generated,48.0,25.0,telemetry,Ludhiana,1,5.475,1.133,0.0,6.205,7.1493,0.0,7.1493,2.5119,7.3411,0.0,2.1947,5.1464,0.50166029497945,28.972,0.0,30.71,5.152,13.25,0.454
2022-01-05,5,1,2022,0.0,generated,17.8,11.1,generated,Ludhiana,1,1.761,1.15,0.0,2.025,2.333,0.0,2.333,0.8197,2.5248,0.0,2.2267,0.2981,0.5023627899516524,28.973,0.0,30.64,5.088,13.25,0.148
2022-01-06,6,1,2022,0.0,generated,17.3,3.7,generated,Ludhiana,1,2.209,1.15,0.0,2.54,2.9267,0.0,2.9267,1.0283,3.1185,0.0,2.2555,0.863,0.5043965877300001,28.975,0.0,30.47,5.297,13.25,0.186
2022-01-07,7,1,2022,0.0,generated,18.3,14.3,generated,Ludhiana,1,1.449,1.15,0.0,1.666,1.9194,0.0,1.9194,0.6744,2.1112,0.0,2.2821,-0.1709,0.5039937801085497,28.974,0.0,30.3,5.087,13.25,0.122
2022-01-08,8,1,2022,0.0,generated,17.7,3.3,generated,Ludhiana,1,2.29,1.15,0.0,2.633,3.0339,0.0,3.0339,1.066,3.2257,0.0,2.3053,0.9204,0.5061628160490363,28.977,0.0,30.14,4.82,13.25,0.193
2022-01-09,9,1,2022,0.0,generated,41.5,0.5,telemetry,Ludhiana,1,5.318,1.15,0.0,6.116,7.0467,0.0,7.0467,2.4759,7.2385,0.0,2.3269,4.9116,0.5177380733068357,28.988,0.0,30.79,4.83,13.25,0.448
2022-01-10,10,1,2022,0.0,generated,28.0,0.0,telemetry,Ludhiana,1,3.617,1.15,0.0,4.16,4.7926,0.0,4.7926,1.6839,4.9844,0.0,2.3521,2.6323,0.5239415393273497,28.994,0.0,30.99,4.667,13.25,0.305
2022-01-11,11,1,2022,0.0,generated,38.0,2.0,telemetry,Ludhiana,1,4.896,1.15,0.0,5.631,6.4875,0.0,6.4875,2.2794,6.6793,0.0,2.3778,4.3015,0.5340788976369653,29.004,0.0,31.51,4.656,13.25,0.412
2022-01-12,12,1,2022,0.0,generated,24.0,8.1,generated,Ludhiana,1,2.927,1.15,0.0,3.366,3.8783,0.0,3.8783,1.3626,4.0701,0.0,2.406,1.6641,0.5380006607089192,29.008,0.0,31.59,4.457,13.25,0.247
2022-01-13,13,1,2022,0.0,generated,21.1,5.0,generated,Ludhiana,1,2.697,1.15,0.0,3.101,3.5733,0.0,3.5733,1.2555,3.7651,0.0,2.433,1.3321,0.5411399022416331,29.012,0.0,31.59,4.538,13.25,0.227
2022-01-14,14,1,2022,0.0,generated,16.5,5.1,generated,Ludhiana,1,2.114,1.15,0.0,2.431,2.801,0.0,2.801,0.9841,2.9928,0.0,2.4586,0.5342,0.542398953152812,29.013,0.0,31.3,4.481,13.25,0.178
2022-01-15,15,1,2022,0.0,generated,19.8,5.6,generated,Ludhiana,1,2.529,1.15,0.0,2.908,3.3504,0.0,3.3504,1.1772,3.5422,0.0,2.4816,1.0606,0.5448985073859888,29.015,0.0,31.14,4.503,13.25,0.213
2022-01-16,16,1,2022,0.0,generated,20.2,4.2,generated,Ludhiana,1,2.654,1.15,0.0,3.052,3.5161,0.0,3.5161,1.2354,3.7079,0.0,2.503,1.2049,0.5477380447818535,29.018,0.0,31.01,4.218,13.25,0.224
2022-01-17,17,1,2022,0.0,generated,20.0,11.2,telemetry,Ludhiana,1,2.203,1.15,0.0,2.533,2.9184,0.0,2.9184,1.0254,3.1102,0.0,2.5232,0.587,0.5491214748426146,29.019,0.0,30.99,3.98,13.25,0.186
2022-01-18,18,1,2022,0.0,generated,45.0,6.0,telemetry,Ludhiana,1,6.044,1.15,0.0,6.95,8.0081,0.0,8.0081,2.8137,8.1999,0.0,2.5413,5.6586,0.5624570058328884,29.033,0.0,31.84,4.042,13.25,0.509
2022-01-19,19,1,2022,0.0,generated,25.9,8.8,generated,Ludhiana,1,3.267,1.15,0.0,3.757,4.3285,0.0,4.3285,1.5208,4.5203,0.0,2.5644,1.9559,0.5670665396898094,29.037,0.0,31.91,4.184,13.25,0.275
2022-01-20,20,1,2022,0.0,generated,22.1,7.5,generated,Ludhiana,1,2.816,1.15,0.0,3.238,3.7306,0.0,3.7306,1.3108,3.9224,0.0,2.587,1.3354,0.5702137835346285,29.041,0.0,31.71,4.242,13.25,0.237
2022-01-21,21,1,2022,0.0,generated,21.0,6.4,generated,Ludhiana,1,2.736,1.15,0.0,3.147,3.6257,0.0,3.6257,1.2739,3.8175,0.0,2.6083,1.2092,0.5730635441796019,29.043,0.0,31.53,4.364,13.25,0.23
2022-01-22,22,1,2022,0.0,generated,19.0,9.2,generated,Ludhiana,1,2.284,1.15,0.0,2.626,3.0261,0.0,3.0261,1.0632,3.2179,0.0,2.6283,0.5896,0.5744530968513434,29.045,0.0,30.58,4.363,-5.56,0.192
2022-01-23,23,1,2022,0.02,generated,19.0,13.2,generated,Ludhiana,1,1.878,1.15,0.0,2.16,2.4659,0.0,2.4659,0.8664,2.6577,0.0059,2.6462,0.0115,0.5744801348342049,29.045,0.02,29.82,4.036,-5.54,0.157
2022-01-24,24,1,2022,0.0,generated,19.9,0.9,generated,Ludhiana,1,2.846,1.15,0.0,3.273,3.7705,0.0,3.7705,1.3248,3.9623,0.0,2.6615,1.3008,0.5775456867048367,29.048,0.02,28.85,3.963,-5.54,0.24
2022-01-25,25,1,2022,0.0,generated,18.7,14.7,generated,Ludhiana,1,1.607,1.15,0.0,1.849,2.1299,0.0,2.1299,0.7483,2.3217,0.0,2.6761,-0.3544,0.5767105431958772,29.047,0.02,27.84,3.652,-5.54,0.135
2022-01-26,26,1,2022,0.0,generated,19.6,5.0,generated,Ludhiana,1,2.696,1.15,0.0,3.101,3.5728,0.0,3.5728,1.2553,3.7646,0.0,2.6877,1.0769,0.5792483755512788,29.05,0.02,26.86,3.63,-5.54,0.227
2022-01-27,27,1,2022,0.0,generated,34.0,0.0,telemetry,Ludhiana,1,4.788,1.15,0.0,5.506,6.3445,0.0,6.3445,2.2291,6.5363,0.0,2.6987,3.8376,0.5882925320325388,29.059,0.02,26.46,3.828,-5.54,0.403
2022-01-28,28,1,2022,0.37,generated,18.6,7.7,generated,Ludhiana,1,2.427,1.15,0.0,2.791,2.7908,0.0,2.7908,0.9806,2.9826,0.1092,2.7125,0.2701,0.5889289586811923,29.059,0.39,25.58,3.827,-5.2,0.177
2022-01-29,29,1,2022,0.0,generated,41.0,0.0,telemetry,Ludhiana,1,5.864,1.15,0.0,6.743,7.7697,0.0,7.7697,2.7299,7.9615,0.0,2.7245,5.237,0.6012709628672482,29.072,0.39,26.13,4.143,-5.2,0.494
2022-01-30,30,1,2022,0.0,generated,48.0,0.0,telemetry,Ludhiana,1,6.971,1.15,0.0,8.017,9.2371,0.0,9.2371,3.2455,9.4289,0.0,2.7412,6.6877,0.6170318643250013,29.087,0.37,26.96,4.551,-5.2,0.587
2022-01-31,31,1,2022,0.0,generated,17.0,3.2,generated,Ludhiana,1,2.512,1.15,0.0,2.889,3.3284,0.0,3.3284,1.1694,3.5202,0.0,2.7641,0.7561,0.6188137056258431,29.089,0.37,26.87,4.581,-5.2,0.212
2022-02-01,32,2,2022,0.0,telemetry,47.0,1.0,telemetry,Ludhiana,1,6.919,1.15,0.0,7.956,9.1673,0.0,9.1673,3.2209,9.3591,0.0,2.7849,6.5742,0.6343071307322763,29.105,0.37,26.87,4.663,-5.2,0.583
2022-02-02,33,2,2022,0.1,telemetry,25.9,10.0,telemetry,Ludhiana,1,3.503,1.15,0.0,4.029,4.5266,0.0,4.5266,1.5904,4.7184,0.0295,2.8114,1.907,0.6388013895724528,29.109,0.47,26.33,4.678,-5.11,0.288
2022-02-03,34,2,2022,5.1,telemetry,19.1,14.4,telemetry,Ludhiana,1,1.854,1.15,0.0,2.132,0.0,0.0,0.0,0.0,0.1918,1.5054,2.8369,-2.6451,0.6325675853926152,29.103,5.57,25.37,4.411,-0.43,0.0
2022-02-04,35,2,2022,0.0,telemetry,22.8,9.7,telemetry,Ludhiana,1,3.072,1.15,0.0,3.532,4.0698,0.0,4.0698,1.4299,4.2616,0.0,2.8569,1.4047,0.6358781076151027,29.106,5.2,25.53,4.443,-0.43,0.259
2022-02-05,36,2,2022,0.8,telemetry,23.4,7.8,telemetry,Ludhiana,1,3.311,1.15,0.0,3.808,3.4718,0.0,3.4718,1.2198,3.6636,0.2361,2.8757,0.7879,0.63773485114647,29.108,6.0,25.74,4.475,0.3,0.221
2022-02-06,37,2,2022,0.0,telemetry,24.1,9.4,telemetry,Ludhiana,1,3.349,1.15,0.0,3.851,4.4376,0.0,4.4376,1.5592,4.6294,0.0,2.893,1.7364,0.6418269764093072,29.112,6.0,25.93,4.615,0.3,0.282
2022-02-07,38,2,2022,0.0,telemetry,26.9,12.8,telemetry,Ludhiana,1,3.6,1.15,0.0,4.14,4.7704,0.0,4.7704,1.6761,4.9622,0.0,2.9099,2.0523,0.6466636603962438,29.117,6.0,26.24,4.687,0.3,0.303
2022-02-08,39,2,2022,0.0,telemetry,28.4,12.8,telemetry,Ludhiana,1,3.891,1.15,0.0,4.474,5.155,0.0,5.155,1.8112,5.3468,0.0,2.9268,2.42,0.6523669037573008,29.123,6.0,25.8,4.903,0.3,0.328
2022-02-09,40,2,2022,0.0,telemetry,27.2,16.6,telemetry,Ludhiana,1,3.34,1.15,0.0,3.841,4.4253,0.0,4.4253,1.5548,4.6171,0.0,2.9442,1.6729,0.656309443648862,29.127,5.9,25.77,4.964,0.3,0.281
2022-02-10,41,2,2022,0.0,telemetry,28.1,13.1,telemetry,Ludhiana,1,3.871,1.15,0.0,4.452,5.1294,0.0,5.1294,1.8022,5.3212,0.0,2.9611,2.3601,0.6618715823315248,29.132,0.8,25.44,4.877,0.3,0.326
2022-02-11,42,2,2022,0.0,telemetry,27.8,11.9,telemetry,Ludhiana,1,3.937,1.15,0.0,4.527,5.2161,0.0,5.2161,1.8327,5.4079,0.0,2.9783,2.4296,0.6675973327714048,29.138,0.8,25.57,5.05,0.3,0.332
2022-02-12,43,2,2022,0.0,telemetry,29.7,11.2,telemetry,Ludhiana,1,4.346,1.15,0.0,4.998,5.7585,0.0,5.7585,2.0233,5.9503,0.0,2.9961,2.9542,0.6745595693548605,29.145,0.0,25.86,4.907,0.3,0.366
2022-02-13,44,2,2022,0.0,telemetry,30.0,12.5,telemetry,Ludhiana,1,4.347,1.15,0.0,4.999,5.7603,0.0,5.7603,2.0239,5.9521,0.0,3.0149,2.9372,0.6814816627247398,29.152,0.0,26.31,4.658,0.3,0.366
2022-02-14,45,2,2022,0.0,telemetry,30.0,13.8,telemetry,Ludhiana,1,4.284,1.15,0.0,4.927,5.6764,0.0,5.6764,1.9944,5.8682,0.0,3.0347,2.8335,0.6881593430670541,29.159,0.0,26.65,4.826,0.3,0.361
2022-02-15,46,2,2022,0.0,telemetry,30.0,15.0,telemetry,Ludhiana,1,4.216,1.15,0.0,4.848,5.5859,0.0,5.5859,1.9626,5.7777,0.0,3.0553,2.7224,0.694575300108187,29.165,0.0,26.97,4.57,0.3,0.355
2022-02-16,47,2,2022,0.0,telemetry,30.0,12.1,telemetry,Ludhiana,1,4.473,1.15,0.0,5.144,5.9264,0.0,5.9264,2.0822,6.1182,0.0,3.0763,3.0419,0.7017440373691062,29.172,0.0,27.31,4.67,0.3,0.377
2022-02-17,48,2,2022,0.0,telemetry,32.5,12.8,telemetry,Ludhiana,1,4.922,1.15,0.0,5.66,6.5216,0.0,6.5216,2.2914,6.7134,0.0,3.0983,3.6151,0.7102637055251811,29.181,0.0,26.89,5.136,0.3,0.415
2022-02-18,49,2,2022,0.0,telemetry,30.6,13.4,telemetry,Ludhiana,1,4.559,1.15,0.0,5.243,6.0405,0.0,6.0405,2.1223,6.2323,0.0,3.1218,3.1105,0.7175941023274025,29.188,0.0,27.05,5.277,0.3,0.384
2022-02-19,50,2,2022,0.0,telemetry,30.3,14.0,telemetry,Ludhiana,1,4.488,1.15,0.0,5.161,5.9465,0.0,5.9465,2.0893,6.1383,0.0,3.1461,2.9922,0.7246457356586531,29.195,0.0,27.32,5.454,0.3,0.378
2022-02-20,51,2,2022,0.0,telemetry,30.3,14.7,telemetry,Ludhiana,1,4.462,1.15,0.0,5.131,5.9121,0.0,5.9121,2.0772,6.1039,0.0,3.1709,2.933,0.7315578446386357,29.202,0.0,27.63,5.559,0.3,0.376
2022-02-21,52,2,2022,0.0,telemetry,32.8,12.5,telemetry,Ludhiana,1,5.147,1.15,0.0,5.919,6.8196,0.0,6.8196,2.3961,7.0114,0.0,3.1961,3.8153,0.7405493025749291,29.211,0.0,28.09,5.705,0.3,0.434
2022-02-22,53,2,2022,0.0,telemetry,31.2,10.9,telemetry,Ludhiana,1,4.98,1.15,0.0,5.727,6.5984,0.0,6.5984,2.3184,6.7902,0.0,3.2228,3.5674,0.7489565517905057,29.219,0.0,28.5,5.808,0.28,0.419
2022-02-23,54,2,2022,0.07,telemetry,30.9,17.2,telemetry,Ludhiana,1,4.44,1.15,0.0,5.105,5.8018,0.0,5.8018,2.0385,5.9936,0.0207,3.2505,2.7431,0.755421102030811,29.226,0.07,28.86,5.907,0.35,0.369
2022-02-24,55,2,2022,0.8,telemetry,30.9,15.9,telemetry,Ludhiana,1,4.607,1.15,0.0,5.298,5.1884,0.0,5.1884,1.823,5.3802,0.2361,3.2781,2.1021,0.7603750299200593,29.231,0.87,29.27,5.911,1.08,0.33
2022-02-25,56,2,2022,0.07,telemetry,31.8,16.0,telemetry,Ludhiana,1,4.821,1.15,0.0,5.544,6.3069,0.0,6.3069,2.2159,6.4987,0.0207,3.3049,3.1938,0.767901800009193,29.238,0.94,29.68,5.989,1.14,0.401
2022-02-26,57,2,2022,0.4,telemetry,26.5,16.0,telemetry,Ludhiana,1,3.707,1.15,0.0,4.263,4.4525,0.0,4.4525,1.5644,4.6443,0.1181,3.3322,1.3121,0.7709939678509645,29.241,1.34,29.43,5.896,1.51,0.283
2022-02-27,58,2,2022,0.0,telemetry,29.1,10.0,telemetry,Ludhiana,1,4.817,1.15,0.0,5.54,6.3825,0.0,6.3825,2.2425,6.5743,0.0,3.3576,3.2167,0.7785748254950318,29.249,1.34,29.78,5.94,1.14,0.406
2022-02-28,59,2,2022,0.0,telemetry,29.4,13.1,telemetry,Ludhiana,1,4.686,1.15,0.0,5.389,6.2093,0.0,6.2093,2.1816,6.4011,0.0,3.3835,3.0176,0.7856862923012065,29.256,1.34,29.39,5.978,1.14,0.395
2022-03-01,60,3,2022,0.0,telemetry,31.9,15.0,telemetry,Ludhiana,1,5.077,1.15,0.0,5.838,6.7269,0.0,6.7269,2.3635,6.9187,0.0,3.4098,3.5089,0.7939556809902893,29.264,1.34,28.85,6.06,1.14,0.428
2022-03-02,61,3,2022,0.0,telemetry,33.2,15.0,telemetry,Ludhiana,1,5.39,1.15,0.0,6.198,7.1417,0.0,7.1417,2.5092,7.3335,0.0,3.437,3.8965,0.8031385828500017,29.274,1.27,29.39,6.146,1.14,0.454
2022-03-03,62,3,2022,0.07,telemetry,27.8,18.8,telemetry,Ludhiana,1,3.744,1.15,0.0,4.306,4.8807,0.0,4.8807,1.7148,5.0725,0.0207,3.4655,1.607,0.8069258056619995,29.277,0.54,28.75,6.029,1.2,0.31
2022-03-04,63,3,2022,0.07,telemetry,30.3,15.0,telemetry,Ludhiana,1,4.839,1.15,0.0,5.565,6.331,0.0,6.331,2.2244,6.5228,0.0207,3.4922,3.0306,0.8140680398619576,29.284,0.54,28.9,6.05,1.17,0.402
2022-03-05,64,3,2022,0.0,telemetry,33.2,16.6,telemetry,Ludhiana,1,5.358,1.15,0.0,6.162,7.0995,0.0,7.0995,2.4944,7.2913,0.0,3.5191,3.7722,0.8229579867699919,29.293,0.14,29.37,6.132,-3.93,0.451
2022-03-06,65,3,2022,0.0,telemetry,33.5,18.4,telemetry,Ludhiana,1,5.273,1.15,0.0,6.063,6.9861,0.0,6.9861,2.4546,7.1779,0.0,3.5471,3.6308,0.8315145686739257,29.302,0.14,29.73,6.209,-3.93,0.444
2022-03-07,66,3,2022,0.0,telemetry,34.0,20.0,telemetry,Ludhiana,1,5.235,1.15,0.0,6.02,6.936,0.0,6.936,2.437,7.1278,0.0,3.5761,3.5517,0.8398849616779739,29.31,0.14,30.08,6.217,-4.73,0.441
2022-03-08,67,3,2022,0.0,telemetry,37.2,18.8,telemetry,Ludhiana,1,6.177,1.15,0.0,7.104,8.185,0.0,8.185,2.8758,8.3768,0.0,3.6056,4.7712,0.851129198908059,29.322,0.14,30.52,6.331,-4.73,0.52
2022-03-09,68,3,2022,0.0,telemetry,35.9,18.4,telemetry,Ludhiana,1,5.953,1.15,0.0,6.846,7.8876,0.0,7.8876,2.7713,8.0794,0.0,3.6374,4.442,0.8615976805810862,29.332,0.14,30.82,6.48,-4.73,0.501
2022-03-10,69,3,2022,0.0,telemetry,36.2,19.7,telemetry,Ludhiana,1,5.923,1.15,0.0,6.811,7.848,0.0,7.848,2.7574,8.0398,0.0,3.6707,4.3691,0.8718942638897318,29.342,0.07,31.08,6.67,-4.73,0.499
2022-03-11,70,3,2022,0.0,telemetry,37.2,19.7,telemetry,Ludhiana,1,6.208,1.15,0.0,7.139,8.2253,0.0,8.2253,2.89,8.4171,0.0,3.7054,4.7117,0.8829983335277555,29.353,0.0,31.41,6.807,-4.73,0.523
2022-03-12,71,3,2022,0.0,telemetry,39.0,20.3,telemetry,Ludhiana,1,6.627,1.15,0.0,7.621,8.7812,0.0,8.7812,3.0853,8.973,0.0,3.7417,5.2313,0.8953269029894964,29.366,0.0,31.77,7.116,-4.73,0.558
2022-03-13,72,3,2022,0.0,telemetry,40.3,22.2,telemetry,Ludhiana,1,6.784,1.15,0.0,7.802,8.9892,0.0,8.9892,3.1584,9.181,0.0,3.7802,5.4008,0.9080549268624288,29.378,0.0,32.19,7.302,-4.73,0.571
2022-03-14,73,3,2022,0.0,telemetry,42.5,23.4,telemetry,Ludhiana,1,7.258,1.15,0.0,8.346,9.6164,0.0,9.6164,3.3787,9.8082,0.0,3.8209,5.9873,0.9221651276468948,29.393,0.0,32.62,7.545,-4.73,0.611
2022-03-15,74,3,2022,0.0,telemetry,41.9,25.0,telemetry,Ludhiana,1,6.939,1.15,0.0,7.979,9.1936,0.0,9.1936,3.2302,9.3854,0.0,3.8644,5.521,0.9351764147538237,29.406,0.0,33.01,7.722,-4.73,0.584
2022-03-16,75,3,2022,0.0,telemetry,43.4,25.9,telemetry,Ludhiana,1,7.272,1.15,0.0,8.363,9.6354,0.0,9.6354,3.3854,9.8272,0.0,3.9098,5.9174,0.9491218878511123,29.419,0.0,33.46,7.9,-4.73,0.612
2022-03-17,76,3,2022,0.0,telemetry,45.3,26.0,telemetry,Ludhiana,1,7.831,1.15,0.0,9.006,10.3767,0.0,10.3767,3.6459,10.5685,0.0,3.9575,6.611,0.9647020645528762,29.435,0.0,33.97,8.292,-4.73,0.66
2022-03-18,77,3,2022,0.0,telemetry,44.7,28.1,telemetry,Ludhiana,1,7.411,1.15,0.0,8.522,9.8193,0.0,9.8193,3.45,10.0111,0.0,4.0081,6.003,0.9788493159191466,29.449,0.0,34.46,8.541,-4.73,0.624
2022-03-19,78,3,2022,0.0,telemetry,44.7,28.8,telemetry,Ludhiana,1,7.345,1.15,0.0,8.446,9.7317,0.0,9.7317,3.4192,9.9235,0.0,4.0606,5.8629,0.9926663762238669,29.463,0.0,34.87,8.729,-4.73,0.619
2022-03-20,79,3,2022,0.0,telemetry,45.0,27.2,telemetry,Ludhiana,1,7.725,1.15,0.0,8.884,10.2359,0.0,10.2359,3.5964,10.4277,0.0,4.1146,6.3131,1.0075443652559832,29.478,0.0,35.35,8.962,-4.73,0.651
2022-03-21,80,3,2022,0.0,telemetry,44.1,27.8,telemetry,Ludhiana,1,7.416,1.15,0.0,8.529,9.8265,0.0,9.8265,3.4526,10.0183,0.0,4.1706,5.8477,1.021325580293696,29.492,0.0,35.81,9.168,-4.73,0.625
2022-03-22,81,3,2022,0.0,telemetry,43.1,26.0,telemetry,Ludhiana,1,7.442,1.129,0.0,8.404,9.683,0.0,9.683,3.4021,9.8748,0.0,4.2278,5.647,1.0346339480921352,29.505,0.0,36.23,9.275,-4.73,0.616
2022-03-23,82,3,2022,0.0,telemetry,43.1,25.0,telemetry,Ludhiana,1,7.628,1.109,0.0,8.456,9.7425,0.0,9.7425,3.423,9.9343,0.0,4.2857,5.6486,1.0479460773701554,29.518,0.0,36.58,9.407,-4.73,0.619
2022-03-24,83,3,2022,0.0,telemetry,42.8,27.2,telemetry,Ludhiana,1,7.253,1.088,0.0,7.89,9.0904,0.0,9.0904,3.1939,9.2822,0.0,4.3442,4.938,1.0595833502306655,29.53,0.0,36.96,9.496,-4.73,0.578
2022-03-25,84,3,2022,0.0,telemetry,43.4,25.6,telemetry,Ludhiana,1,7.718,1.067,0.0,8.235,9.4887,0.0,9.4887,3.3339,9.6805,0.0,4.4025,5.278,1.0720220709908777,29.542,0.0,37.38,9.586,-4.8,0.603
2022-03-26,85,3,2022,0.0,telemetry,44.7,25.4,telemetry,Ludhiana,1,8.167,1.046,0.0,8.545,9.8454,0.0,9.8454,3.4592,10.0372,0.0,4.4608,5.5764,1.0851639603816028,29.556,0.0,37.84,9.662,-5.6,0.626
2022-03-27,86,3,2022,0.0,telemetry,47.5,23.4,telemetry,Ludhiana,1,9.246,1.026,0.0,9.483,10.9255,0.0,10.9255,3.8387,11.1173,0.0,4.5196,6.5977,1.1007127637336307,29.571,0.0,38.36,9.801,-5.67,0.695
2022-03-28,87,3,2022,0.0,telemetry,48.2,25.0,telemetry,Ludhiana,1,9.318,1.005,0.0,9.363,10.7883,0.0,10.7883,3.7905,10.9801,0.0,4.5801,6.4,1.1157955431609188,29.586,0.0,39.09,9.884,-6.07,0.686
2022-03-29,88,3,2022,0.0,telemetry,48.5,24.4,telemetry,Ludhiana,1,9.522,0.984,0.0,9.371,10.7967,0.0,10.7967,3.7934,10.9885,0.0,4.642,6.3465,1.1307523340653962,29.601,0.0,39.73,9.999,-6.07,0.686
2022-03-30,89,3,2022,0.0,telemetry,48.5,25.6,telemetry,Ludhiana,1,9.434,0.963,0.0,9.089,10.4719,0.0,10.4719,3.6793,10.6637,0.0,4.705,5.9587,1.1447952784543203,29.615,0.0,40.37,10.059,-6.07,0.666
2022-03-31,90,3,2022,0.0,telemetry,46.9,27.8,telemetry,Ludhiana,1,8.708,0.943,0.0,8.209,9.4581,0.0,9.4581,3.3231,9.6499,0.0,4.7684,4.8815,1.1562995040831112,29.627,0.0,40.87,9.993,-6.07,0.601
2022-04-01,91,4,2022,0.0,telemetry,47.8,24.7,telemetry,Ludhiana,1,9.434,0.922,0.0,8.697,10.0209,0.0,10.0209,3.5209,10.2127,0.0,4.8308,5.3819,1.1689830043014626,29.639,0.0,41.36,10.008,-6.07,0.637
2022-04-02,92,4,2022,0.0,telemetry,48.5,24.7,telemetry,Ludhiana,1,9.686,0.901,0.0,8.729,10.0578,0.0,10.0578,3.5338,10.2496,0.0,4.8929,5.3567,1.1816071141721713,29.652,0.0,42.05,10.031,-6.14,0.639
2022-04-03,93,4,2022,0.0,telemetry,48.8,25.8,telemetry,Ludhiana,1,9.692,0.88,0.0,8.534,9.8327,0.0,9.8327,3.4547,10.0245,0.0,4.9547,5.0698,1.193555186687595,29.664,0.0,42.66,10.002,-6.21,0.625
2022-04-04,94,4,2022,0.0,telemetry,48.4,25.8,telemetry,Ludhiana,1,9.62,0.86,0.0,8.271,9.5291,0.0,9.5291,3.3481,9.7209,0.0,5.0157,4.7052,1.204643924932963,29.675,0.0,43.17,9.981,-6.21,0.606
2022-04-05,95,4,2022,0.0,telemetry,48.8,23.8,telemetry,Ludhiana,1,10.018,0.839,0.0,8.405,9.6844,0.0,9.6844,3.4026,9.8762,0.0,5.0756,4.8006,1.21595758475696,29.686,0.0,43.68,9.981,-6.21,0.616
2022-04-06,96,4,2022,0.0,telemetry,48.8,24.2,telemetry,Ludhiana,1,10.021,0.818,0.0,8.2,9.4482,0.0,9.4482,3.3196,9.64,0.0,5.1344,4.5056,1.2265758202581842,29.697,0.0,44.17,9.96,-6.21,0.601
2022-04-07,97,4,2022,0.0,telemetry,48.4,25.4,telemetry,Ludhiana,1,9.806,0.798,0.0,7.821,9.0115,0.0,9.0115,3.1662,9.2033,0.0,5.192,4.0113,1.236029208255368,29.706,0.0,44.55,9.954,-6.21,0.573
2022-04-08,98,4,2022,0.0,telemetry,48.4,25.8,telemetry,Ludhiana,1,9.801,0.777,0.0,7.613,8.7721,0.0,8.7721,3.0821,8.9639,0.0,5.2477,3.7162,1.2447871685049958,29.715,0.0,44.96,9.903,-6.21,0.558
2022-04-09,99,4,2022,0.0,telemetry,47.9,27.1,telemetry,Ludhiana,1,9.513,0.756,0.0,7.193,8.2875,0.0,8.2875,2.9118,8.4793,0.0,5.3012,3.1781,1.2522768925091208,29.723,0.0,45.35,9.792,-6.21,0.527
2022-04-10,100,4,2022,0.0,telemetry,47.9,26.3,telemetry,Ludhiana,1,9.666,0.735,0.0,7.108,8.1901,0.0,8.1901,2.8776,8.3819,0.0,5.3521,3.0298,1.2594172651267665,29.73,0.0,45.71,9.596,-6.21,0.521
2022-04-11,101,4,2022,0.0,telemetry,28.2,19.8,generated,Ludhiana,1,4.609,0.715,0.0,3.294,3.7953,0.0,3.7953,1.3335,3.9871,0.0,5.4002,-1.4131,1.2560869684555889,29.726,0.0,45.35,9.097,-6.21,0.241
2022-04-12,102,4,2022,0.0,telemetry,30.5,18.8,generated,Ludhiana,1,5.548,0.694,0.0,3.85,4.4356,0.0,4.4356,1.5585,4.6274,0.0,5.44,-0.8126,1.2541719853082829,29.725,0.0,45.02,8.643,-6.21,0.282
2022-04-13,103,4,2022,0.0,telemetry,32.1,10.9,generated,Ludhiana,1,6.942,0.673,0.0,4.673,5.3847,0.0,5.3847,1.8919,5.5765,0.0,5.4728,0.1037,1.254416346702198,29.725,0.0,44.68,8.279,-6.21,0.342
2022-04-14,104,4,2022,0.0,telemetry,32.2,16.4,generated,Ludhiana,1,6.446,0.652,0.0,4.206,4.846,0.0,4.846,1.7026,5.0378,0.0,5.5005,-0.4627,1.253325847000075,29.724,0.0,44.35,7.95,-6.21,0.308
2022-04-15,105,4,2022,0.0,telemetry,31.1,11.8,generated,Ludhiana,1,6.669,0.632,0.0,4.213,4.8539,0.0,4.8539,1.7054,5.0457,0.0,5.5228,-0.4771,1.252201536604966,29.723,0.0,43.94,7.581,-6.21,0.309
2022-04-16,106,4,2022,0.07,telemetry,30.1,8.1,generated,Ludhiana,1,6.72,0.611,0.0,4.106,4.6498,0.0,4.6498,1.6337,4.8416,0.0207,5.54,-0.6984,1.2505556655824608,29.721,0.07,43.44,7.194,-6.15,0.296
2022-04-17,107,4,2022,0.0,telemetry,29.5,21.6,generated,Ludhiana,1,4.749,0.59,0.0,2.803,3.2294,0.0,3.2294,1.1347,3.4212,0.0,5.5523,-2.1311,1.2455333270707512,29.716,0.07,42.93,6.723,-6.15,0.205
2022-04-18,108,4,2022,0.0,telemetry,30.4,15.4,generated,Ludhiana,1,6.166,0.57,0.0,3.512,4.0463,0.0,4.0463,1.4217,4.2381,0.0,5.5582,-1.3201,1.242422275317702,29.713,0.07,42.45,6.331,-6.15,0.257
2022-04-19,109,4,2022,0.0,telemetry,31.6,11.7,generated,Ludhiana,1,6.91,0.549,0.0,3.792,4.3688,0.0,4.3688,1.535,4.5606,0.0,5.5593,-0.9987,1.2400686775188388,29.71,0.07,42.01,5.951,-6.15,0.278
2022-04-20,110,4,2022,0.0,telemetry,39.9,28.0,telemetry,Ludhiana,1,7.034,0.528,0.0,3.714,4.2796,0.0,4.2796,1.5036,4.4714,0.0,5.5564,-1.085,1.2375116482438095,29.708,0.07,41.87,5.582,-6.15,0.272
2022-04-21,111,4,2022,5.07,telemetry,36.7,23.7,telemetry,Ludhiana,1,6.843,0.507,0.0,3.472,0.0,0.0,0.0,0.0,0.1918,1.4966,5.5498,-5.358,1.2248845302466107,29.695,5.14,41.65,4.939,-1.5,0.0
2022-04-22,112,4,2022,0.07,telemetry,35.9,21.4,telemetry,Ludhiana,1,7.018,0.487,0.0,3.415,3.8537,0.0,3.8537,1.354,4.0455,0.0207,5.5353,-1.4898,1.2213734612458624,29.692,5.21,41.41,4.587,-1.44,0.245
2022-04-23,113,4,2022,0.0,telemetry,36.4,19.0,telemetry,Ludhiana,1,7.555,0.466,0.0,3.52,4.0553,0.0,4.0553,1.4248,4.2471,0.0,5.5176,-1.2705,1.2183792048173232,29.689,5.14,41.2,4.285,-1.44,0.258
2022-04-24,114,4,2022,0.0,telemetry,36.7,19.0,telemetry,Ludhiana,1,7.67,0.445,0.0,3.414,3.9337,0.0,3.9337,1.3821,4.1255,0.0,5.4972,-1.3717,1.2151464328846877,29.686,5.14,40.98,3.981,-1.44,0.25
2022-04-25,115,4,2022,1.27,telemetry,38.8,21.9,telemetry,Ludhiana,1,7.93,0.424,0.0,3.366,2.4294,0.0,2.4294,0.8536,2.6212,0.3749,5.4742,-2.853,1.2084226600738248,29.679,6.41,40.78,3.883,-0.27,0.154
2022-04-26,116,4,2022,0.0,telemetry,39.1,20.3,telemetry,Ludhiana,1,8.277,0.404,0.0,3.341,3.8496,0.0,3.8496,1.3526,4.0414,0.0,5.4472,-1.4058,1.2051095017713618,29.675,6.41,40.5,3.841,-0.27,0.245
2022-04-27,117,4,2022,0.0,telemetry,40.7,18.8,telemetry,Ludhiana,1,8.97,0.383,0.0,3.435,3.9576,0.0,3.9576,1.3905,4.1494,0.0,5.4182,-1.2688,1.2021193453830856,29.672,6.41,40.25,3.74,-0.27,0.252
2022-04-28,118,4,2022,0.0,telemetry,42.3,20.9,telemetry,Ludhiana,1,9.239,0.362,0.0,3.346,3.8557,0.0,3.8557,1.3547,4.0475,0.0,5.3874,-1.3399,1.1989615032295255,29.669,1.34,40.04,3.669,-0.27,0.245
2022-04-29,119,4,2022,0.0,telemetry,42.6,23.6,telemetry,Ludhiana,1,8.996,0.341,0.0,3.072,3.5393,0.0,3.5393,1.2435,3.7311,0.0,5.3551,-1.624,1.1951343051203924,29.666,1.27,39.85,3.575,-0.27,0.225
2022-04-30,120,4,2022,0.0,telemetry,42.3,22.0,telemetry,Ludhiana,1,9.151,0.321,0.0,2.935,3.3816,0.0,3.3816,1.1881,3.5734,0.0,5.3208,-1.7474,1.191016134962041,29.661,1.27,39.69,3.484,-0.27,0.215
2022-05-01,121,5,2022,0.0,telemetry,41.2,23.8,telemetry,Ludhiana,0,8.555,0.0,0.0,0.0,0.0,0.0,0.0,0.0,0.1918,0.0,5.2847,-5.0929,1.1790135955218983,29.649,1.27,39.47,3.254,-0.27,0.0
2022-05-02,122,5,2022,0.0,telemetry,39.6,25.2,telemetry,Ludhiana,0,7.788,0.0,0.0,0.0,0.0,0.0,0.0,0.0,0.1918,0.0,5.2425,-5.0507,1.167110521389675,29.637,0.0,39.18,2.965,-0.27,0.0
2022-05-03,123,5,2022,0.0,telemetry,37.8,26.8,telemetry,Ludhiana,0,6.811,0.0,0.0,0.0,0.0,0.0,0.0,0.0,0.1918,0.0,5.1948,-5.003,1.1553199559615868,29.626,0.0,38.81,2.653,-0.27,0.0
2022-05-04,124,5,2022,9.67,telemetry,36.2,21.9,telemetry,Ludhiana,0,7.28,0.0,0.0,0.0,0.0,0.0,0.0,0.0,0.1918,2.8544,5.1421,-4.9503,1.1436536536773945,29.614,9.67,38.4,2.347,8.59,0.0
2022-05-05,125,5,2022,0.27,telemetry,36.2,19.8,telemetry,Ludhiana,0,7.64,0.0,0.0,0.0,0.0,0.0,0.0,0.0,0.1918,0.0797,5.0873,-4.8955,1.132116327395415,29.602,9.94,37.98,2.347,8.84,0.0
2022-05-06,126,5,2022,0.0,telemetry,37.0,22.8,telemetry,Ludhiana,0,7.422,0.0,0.0,0.0,0.0,0.0,0.0,0.0,0.1918,0.0,5.0286,-4.8368,1.1207175345655247,29.591,9.94,37.59,2.072,8.84,0.0
2022-05-07,127,5,2022,0.0,telemetry,38.8,20.3,telemetry,Ludhiana,0,8.429,0.0,0.0,0.0,0.0,0.0,0.0,0.0,0.1918,0.0,4.9661,-4.7743,1.1094659497645984,29.58,9.94,37.27,1.782,8.84,0.0
2022-05-08,128,5,2022,0.0,telemetry,40.2,22.5,telemetry,Ludhiana,0,8.577,0.0,0.0,0.0,0.0,0.0,0.0,0.0,0.1918,0.0,4.9004,-4.7086,1.0983692660408897,29.569,9.94,37.0,1.501,8.84,0.0
2022-05-09,129,5,2022,0.0,telemetry,40.2,24.6,telemetry,Ludhiana,0,8.242,0.0,0.0,0.0,0.0,0.0,0.0,0.0,0.1918,0.0,4.8318,-4.64,1.0874342633377503,29.558,9.94,36.74,1.327,8.84,0.0
2022-05-10,130,5,2022,0.0,telemetry,39.7,26.0,telemetry,Ludhiana,0,7.81,0.0,0.0,0.0,0.0,0.0,0.0,0.0,0.1918,0.0,4.7606,-4.5688,1.0766668728279396,29.547,9.94,36.47,1.052,8.84,0.0
2022-05-11,131,5,2022,0.0,telemetry,40.4,26.2,telemetry,Ludhiana,0,8.038,0.0,0.0,0.0,0.0,0.0,0.0,0.0,0.1918,0.0,4.6873,-4.4955,1.0660722373848521,29.536,0.27,36.87,0.77,8.84,0.0
2022-05-12,132,5,2022,0.0,telemetry,42.8,26.0,telemetry,Ludhiana,0,8.949,0.0,0.0,0.0,0.0,0.0,0.0,0.0,0.1918,0.0,4.6122,-4.4204,1.0556547684050301,29.526,0.0,37.28,0.494,8.84,0.0
2022-05-13,133,5,2022,0.0,telemetry,42.6,24.6,telemetry,Ludhiana,0,9.139,0.0,0.0,0.0,0.0,0.0,0.0,0.0,0.1918,0.0,4.5354,-4.3436,1.0454181991849882,29.516,0.0,37.63,0.242,8.84,0.0
2022-05-14,134,5,2022,0.0,telemetry,44.2,23.0,telemetry,Ludhiana,0,9.936,0.0,0.0,0.0,0.0,0.0,0.0,0.0,0.1918,0.0,4.4573,-4.2655,1.0353656350446112,29.506,0.0,38.03,0.0,8.84,0.0
2022-05-15,135,5,2022,0.0,telemetry,44.8,24.4,telemetry,Ludhiana,0,9.955,0.0,1.05,0.0,0.0,14.6986,14.6986,5.1644,14.8904,0.0,4.3782,10.5122,1.060139761423387,29.531,0.0,38.49,0.0,8.84,0.934
2022-05-16,136,5,2022,0.0,telemetry,38.8,27.8,telemetry,Ludhiana,0,7.141,0.0,1.05,0.0,0.0,10.544,10.544,3.7046,10.7358,0.0,4.3177,6.4181,1.0752652902473159,29.546,0.0,38.78,0.0,8.77,0.67
2022-05-17,137,5,2022,0.0,telemetry,40.2,25.7,telemetry,Ludhiana,0,8.156,0.0,1.05,0.0,0.0,12.043,12.043,4.2313,12.2348,0.0,4.2689,7.9659,1.094038486032151,29.564,0.0,39.14,0.0,8.77,0.766
2022-05-18,138,5,2022,0.0,telemetry,40.4,25.7,telemetry,Ludhiana,0,8.242,0.0,1.05,0.0,0.0,12.1694,12.1694,4.2757,12.3612,0.0,4.2329,8.1283,1.113194399341938,29.584,0.0,39.47,0.0,8.77,0.774
2022-05-19,139,5,2022,0.0,telemetry,42.8,24.6,telemetry,Ludhiana,0,9.302,0.0,1.05,0.0,0.0,13.7354,13.7354,4.826,13.9272,0.0,4.2089,9.7183,1.1360975674862288,29.606,0.0,39.84,0.0,8.77,0.873
2022-05-20,140,5,2022,0.0,telemetry,43.1,26.0,telemetry,Ludhiana,0,9.179,0.0,1.05,0.0,0.0,13.554,13.554,4.7622,13.7458,0.0,4.1979,9.5479,1.1585990932097538,29.629,0.0,39.95,0.0,8.77,0.862
2022-05-21,141,5,2022,0.0,telemetry,39.7,24.6,telemetry,Ludhiana,0,8.242,0.0,1.05,0.0,0.0,12.1704,12.1704,4.2761,12.3622,0.0,4.1987,8.1635,1.1778380545555267,29.648,0.0,40.05,0.0,3.7,0.774
2022-05-22,142,5,2022,0.0,telemetry,38.8,22.0,telemetry,Ludhiana,0,8.401,0.0,1.05,0.0,0.0,12.4046,12.4046,4.3584,12.5964,0.0,4.2084,8.388,1.1976060714695096,29.668,0.0,40.15,0.0,3.63,0.789
2022-05-23,143,5,2022,10.27,telemetry,42.7,25.7,generated,Ludhiana,0,9.129,0.0,1.05,0.0,0.0,0.2244,0.2244,0.0788,0.4162,3.0315,4.2266,-3.8104,1.1886261806472294,29.659,10.27,40.36,0.0,13.04,0.014
2022-05-24,144,5,2022,0.33,telemetry,28.1,21.4,telemetry,Ludhiana,0,4.696,0.0,1.05,0.0,0.0,6.4707,6.4707,2.2735,6.6625,0.0974,4.2389,2.4236,1.1943377561663109,29.665,10.6,40.07,0.0,13.35,0.411
2022-05-25,145,5,2022,0.0,telemetry,31.6,18.4,telemetry,Ludhiana,0,6.638,0.0,1.05,0.0,0.0,9.8012,9.8012,3.4437,9.993,0.0,4.2518,5.7412,1.2078679719503433,29.678,10.6,39.83,0.0,12.08,0.623
2022-05-26,146,5,2022,0.0,telemetry,36.2,21.1,telemetry,Ludhiana,0,7.714,0.0,1.05,0.0,0.0,11.3901,11.3901,4.0019,11.5819,0.0,4.2695,7.3124,1.2251011723625032,29.695,10.6,39.73,0.0,12.08,0.724
2022-05-27,147,5,2022,0.0,telemetry,38.8,23.8,telemetry,Ludhiana,0,8.136,0.0,1.05,0.0,0.0,12.0134,12.0134,4.2209,12.2052,0.0,4.2935,7.9117,1.2437465523027258,29.714,10.6,39.67,0.0,12.08,0.764
2022-05-28,148,5,2022,8.6,telemetry,39.1,25.4,telemetry,Ludhiana,0,7.934,0.0,1.05,0.0,0.0,0.4539,0.4539,0.1595,0.6457,2.5386,4.3243,-3.6786,1.2350771839848562,29.705,19.2,39.56,0.0,19.96,0.029
2022-05-29,149,5,2022,0.0,telemetry,39.9,22.8,telemetry,Ludhiana,0,8.714,0.0,1.05,0.0,0.0,12.8665,12.8665,4.5207,13.0583,0.0,4.348,8.7103,1.255604739427535,29.726,19.2,39.47,0.0,19.96,0.818
2022-05-30,150,5,2022,0.0,telemetry,38.8,24.6,telemetry,Ludhiana,0,8.005,0.0,1.05,0.0,0.0,11.8196,11.8196,4.1528,12.0114,0.0,4.3795,7.6319,1.2735908087978438,29.744,8.93,39.36,0.0,19.96,0.751
2022-05-31,151,5,2022,0.0,telemetry,39.9,24.1,telemetry,Ludhiana,0,8.503,0.0,1.05,0.0,0.0,12.5547,12.5547,4.4111,12.7465,0.0,4.4167,8.3298,1.293221555133681,29.764,8.6,39.31,0.0,19.96,0.798
2022-06-01,152,6,2022,0.0,telemetry,42.0,23.3,telemetry,Ludhiana,0,9.379,0.0,1.052,0.0,0.0,13.8724,13.8724,4.8741,14.0642,0.0,4.4601,9.6041,1.3158555131015728,29.786,8.6,39.39,0.0,19.96,0.882
2022-06-02,153,6,2022,0.0,telemetry,41.5,23.8,telemetry,Ludhiana,0,9.132,0.0,1.055,0.0,0.0,13.554,13.554,4.7622,13.7458,0.0,4.5108,9.235,1.3376196939088065,29.808,8.6,39.52,0.0,19.96,0.862
2022-06-03,154,6,2022,0.0,telemetry,42.3,22.8,telemetry,Ludhiana,0,9.573,0.0,1.059,0.0,0.0,14.258,14.258,5.0096,14.4498,0.0,4.5676,9.8822,1.360909048161957,29.831,8.6,39.72,0.0,10.29,0.906
2022-06-04,155,6,2022,0.0,telemetry,43.1,22.8,telemetry,Ludhiana,0,9.852,0.0,1.063,0.0,0.0,14.7238,14.7238,5.1732,14.9156,0.0,4.6309,10.2847,1.3851469359291124,29.856,0.0,39.95,0.0,10.02,0.936
2022-06-05,156,6,2022,0.0,telemetry,43.4,24.6,telemetry,Ludhiana,0,9.684,0.0,1.066,0.0,0.0,14.5216,14.5216,5.1022,14.7134,0.0,4.7007,10.0127,1.4087439053407054,29.879,0.0,40.16,0.0,10.02,0.923
2022-06-06,157,6,2022,0.0,telemetry,42.8,26.8,telemetry,Ludhiana,0,9.077,0.0,1.07,0.0,0.0,13.6582,13.6582,4.7988,13.85,0.0,4.7759,9.0741,1.4301287348060043,29.901,0.0,40.3,0.0,10.02,0.868
2022-06-07,158,6,2022,0.0,telemetry,43.4,27.3,telemetry,Ludhiana,0,9.206,0.0,1.074,0.0,0.0,13.8989,13.8989,4.8834,14.0907,0.0,4.855,9.2357,1.4518945933454697,29.922,0.0,40.4,0.0,10.02,0.884
2022-06-08,159,6,2022,0.0,telemetry,43.1,27.6,telemetry,Ludhiana,0,9.037,0.0,1.077,0.0,0.0,13.6907,13.6907,4.8102,13.8825,0.0,4.9376,8.9449,1.4729750275534867,29.943,0.0,40.5,0.0,10.02,0.87
2022-06-09,160,6,2022,0.0,telemetry,43.1,26.0,telemetry,Ludhiana,0,9.354,0.0,1.081,0.0,0.0,14.2179,14.2179,4.9955,14.4097,0.0,5.0231,9.3866,1.4950963426800221,29.965,0.0,40.61,0.0,10.02,0.904
2022-06-10,161,6,2022,0.0,telemetry,42.3,27.8,telemetry,Ludhiana,0,8.699,0.0,1.085,0.0,0.0,13.2675,13.2675,4.6616,13.4593,0.0,5.1119,8.3474,1.5147687598261936,29.985,0.0,40.68,0.0,10.02,0.843
2022-06-11,162,6,2022,0.0,telemetry,41.5,27.3,telemetry,Ludhiana,0,8.506,0.0,1.088,0.0,0.0,13.0164,13.0164,4.5733,13.2082,0.0,5.2021,8.0061,1.5336367790309244,30.004,0.0,40.63,0.0,10.02,0.827
2022-06-12,163,6,2022,0.0,telemetry,41.5,25.7,telemetry,Ludhiana,0,8.838,0.0,1.092,0.0,0.0,13.5693,13.5693,4.7676,13.7611,0.0,5.2932,8.4679,1.553593115508838,30.024,0.0,40.6,0.0,10.02,0.863
2022-06-13,164,6,2022,0.0,telemetry,41.8,27.8,telemetry,Ludhiana,0,8.516,0.0,1.095,0.0,0.0,13.1184,13.1184,4.6092,13.3102,0.0,5.3857,7.9245,1.5722688800929476,30.043,0.0,40.52,0.0,10.02,0.834
2022-06-14,165,6,2022,0.0,telemetry,41.5,27.3,telemetry,Ludhiana,0,8.513,0.0,1.099,0.0,0.0,13.1579,13.1579,4.623,13.3497,0.0,5.4786,7.8711,1.5908186388050027,30.061,0.0,40.41,0.0,10.02,0.836
2022-06-15,166,6,2022,0.0,telemetry,42.6,26.5,telemetry,Ludhiana,0,9.093,0.0,1.103,0.0,0.0,14.1,14.1,4.9541,14.2918,0.0,5.5719,8.7199,1.611368760009487,30.082,0.0,40.53,0.0,10.02,0.896
2022-06-16,167,6,2022,4.27,telemetry,38.6,26.0,telemetry,Ludhiana,0,7.699,0.0,1.106,0.0,0.0,6.1789,6.1789,2.171,6.3707,3.4662,5.6666,0.7041,1.6130280885504151,30.083,4.27,40.48,0.0,13.93,0.393
2022-06-17,168,6,2022,10.13,telemetry,30.5,20.6,telemetry,Ludhiana,0,5.906,0.0,1.11,0.0,0.0,0.0,0.0,0.0,0.1918,8.223,5.7549,-5.5631,1.5999175580618499,30.07,14.4,40.15,0.0,23.22,0.0
2022-06-18,169,6,2022,3.87,telemetry,26.2,20.1,telemetry,Ludhiana,0,4.379,0.0,1.114,0.0,0.0,1.5845,1.5845,0.5567,1.7763,3.1415,5.8332,-4.0569,1.590356708144093,30.061,18.27,39.6,0.0,26.77,0.101
2022-06-19,170,6,2022,0.2,telemetry,29.2,21.4,telemetry,Ludhiana,0,5.212,0.0,1.117,0.0,0.0,7.9082,7.9082,2.7786,8.1,0.1623,5.9001,2.1999,1.5955411564826267,30.066,18.47,39.13,0.0,26.95,0.503
2022-06-20,171,6,2022,0.07,telemetry,32.4,22.2,telemetry,Ludhiana,0,6.237,0.0,1.121,0.0,0.0,9.7322,9.7322,3.4194,9.924,0.0568,5.9624,3.9616,1.6048773710025541,30.075,18.54,38.89,0.0,27.01,0.619
2022-06-21,172,6,2022,0.47,telemetry,28.4,18.7,telemetry,Ludhiana,0,5.576,0.0,1.125,0.0,0.0,8.1588,8.1588,2.8666,8.3506,0.3815,6.0227,2.3279,1.6103634805922773,30.081,19.01,38.54,0.0,27.44,0.519
2022-06-22,173,6,2022,0.0,telemetry,31.6,21.9,telemetry,Ludhiana,0,6.006,0.0,1.128,0.0,0.0,9.5291,9.5291,3.3481,9.7209,0.0,6.0792,3.6417,1.6189458025072936,30.089,19.01,38.17,0.0,17.18,0.606
2022-06-23,174,6,2022,0.0,telemetry,34.8,22.5,telemetry,Ludhiana,0,7.051,0.0,1.132,0.0,0.0,11.2223,11.2223,3.943,11.4141,0.0,6.1337,5.2804,1.6313902020030993,30.102,14.74,38.4,0.0,16.84,0.713
2022-06-24,175,6,2022,0.0,telemetry,36.7,21.7,telemetry,Ludhiana,0,7.877,0.0,1.135,0.0,0.0,12.5772,12.5772,4.419,12.769,0.0,6.1883,6.5807,1.6468988426696969,30.117,4.61,38.57,0.0,16.84,0.799
2022-06-25,176,6,2022,0.0,telemetry,38.0,22.2,telemetry,Ludhiana,0,8.237,0.0,1.139,0.0,0.0,13.1941,13.1941,4.6358,13.3859,0.0,6.2449,7.141,1.6637279777431513,30.134,0.74,38.63,0.0,16.84,0.839
2022-06-26,177,6,2022,0.0,telemetry,38.6,25.4,telemetry,Ludhiana,0,7.825,0.0,1.143,0.0,0.0,12.5743,12.5743,4.418,12.7661,0.0,6.304,6.4621,1.6789572820743923,30.149,0.54,38.62,0.0,16.84,0.799
2022-06-27,178,6,2022,0.0,telemetry,39.1,28.1,telemetry,Ludhiana,0,7.37,0.0,1.146,0.0,0.0,11.881,11.881,4.1744,12.0728,0.0,6.3643,5.7085,1.692410435138553,30.163,0.47,38.62,0.0,8.24,0.755
2022-06-28,179,6,2022,0.0,telemetry,39.1,30.0,telemetry,Ludhiana,0,6.825,0.0,1.15,0.0,0.0,11.0365,11.0365,3.8777,11.2283,0.0,6.4249,4.8034,1.7037307042525203,30.174,0.0,38.59,0.0,8.24,0.702
2022-06-29,180,6,2022,0.0,telemetry,38.0,28.6,telemetry,Ludhiana,0,6.767,0.0,1.154,0.0,0.0,10.9789,10.9789,3.8575,11.1707,0.0,6.4843,4.6864,1.7147751255544967,30.185,0.0,38.57,0.0,8.24,0.698
2022-06-30,181,6,2022,6.0,telemetry,34.3,24.1,telemetry,Ludhiana,0,6.481,0.0,1.157,0.0,0.0,2.5145,2.5145,0.8835,2.7063,4.8705,6.5426,-3.8363,1.7057341982114582,30.176,6.0,38.38,0.0,13.74,0.16
2022-07-01,182,7,2022,3.6,telemetry,29.4,22.2,telemetry,Ludhiana,0,5.048,0.0,1.161,0.0,0.0,3.3249,3.3249,1.1682,3.5167,2.9223,6.5926,-3.0759,1.6984851571478445,30.169,9.6,37.96,0.0,17.05,0.211
2022-07-02,183,7,2022,0.0,telemetry,33.5,25.4,telemetry,Ludhiana,0,5.8,0.0,1.165,0.0,0.0,9.4975,9.4975,3.337,9.6893,0.0,6.6346,3.0547,1.7056841266469802,30.176,9.6,37.69,0.0,17.05,0.604
2022-07-03,184,7,2022,0.07,telemetry,32.1,25.7,telemetry,Ludhiana,0,5.092,0.0,1.168,0.0,0.0,8.2664,8.2664,2.9044,8.4582,0.0568,6.6749,1.7833,1.7098869255619515,30.18,9.67,37.35,0.0,17.11,0.525
2022-07-04,185,7,2022,0.0,telemetry,35.3,26.2,telemetry,Ludhiana,0,6.308,0.0,1.172,0.0,0.0,10.3948,10.3948,3.6522,10.5866,0.0,6.7118,3.8748,1.7190185740394301,30.189,9.67,37.09,0.0,17.11,0.661
2022-07-05,186,7,2022,0.0,telemetry,37.0,28.1,telemetry,Ludhiana,0,6.465,0.0,1.175,0.0,0.0,10.6865,10.6865,3.7547,10.8783,0.0,6.7485,4.1298,1.7287512130877618,30.199,9.67,36.88,0.0,17.11,0.679
2022-07-06,187,7,2022,6.73,telemetry,33.8,27.3,telemetry,Ludhiana,0,5.301,0.0,1.179,0.0,0.0,0.0,0.0,0.0,0.1918,5.4631,6.7853,-6.5935,1.713212441112746,30.184,16.4,36.58,0.0,23.28,0.0
2022-07-07,188,7,2022,0.0,telemetry,33.7,25.2,telemetry,Ludhiana,0,5.92,0.0,1.183,0.0,0.0,9.8457,9.8457,3.4593,10.0375,0.0,6.8125,3.225,1.7208127938292979,30.191,10.4,36.26,0.0,23.28,0.626
2022-07-08,189,7,2022,0.0,telemetry,37.0,28.1,telemetry,Ludhiana,0,6.449,0.0,1.186,0.0,0.0,10.7594,10.7594,3.7803,10.9512,0.0,6.8395,4.1117,1.730502836325042,30.201,6.8,36.05,0.0,23.28,0.684
2022-07-09,190,7,2022,10.2,telemetry,35.3,23.3,telemetry,Ludhiana,0,6.999,0.0,1.19,0.0,0.0,0.0,0.0,0.0,0.1918,8.2798,6.8674,-6.6756,1.7147704282077827,30.185,17.0,35.79,0.0,32.63,0.0
2022-07-10,191,7,2022,0.0,telemetry,30.2,23.8,telemetry,Ludhiana,0,4.857,0.0,1.194,0.0,0.0,8.1528,8.1528,2.8645,8.3446,0.0,6.889,1.4556,1.7182007919385474,30.189,16.93,35.39,0.0,32.63,0.518
2022-07-11,192,7,2022,0.07,telemetry,34.2,24.6,telemetry,Ludhiana,0,6.261,0.0,1.197,0.0,0.0,10.4432,10.4432,3.6692,10.635,0.0568,6.9087,3.7263,1.7269826061934248,30.197,17.0,35.15,0.0,32.69,0.664
2022-07-12,193,7,2022,0.0,telemetry,34.3,27.3,telemetry,Ludhiana,0,5.499,0.0,1.2,0.0,0.0,9.2799,9.2799,3.2605,9.4717,0.0,6.9296,2.5421,1.7329735889958549,30.203,17.0,34.91,0.0,32.69,0.59
2022-07-13,194,7,2022,0.6,telemetry,32.6,26.6,generated,Ludhiana,0,4.96,0.0,1.2,0.0,0.0,7.5304,7.5304,2.6458,7.7222,0.487,6.95,0.7722,1.7347934170314467,30.205,10.87,34.6,0.0,33.24,0.479
2022-07-14,195,7,2022,0.07,telemetry,31.8,23.5,telemetry,Ludhiana,0,5.587,0.0,1.2,0.0,0.0,9.3303,9.3303,3.2782,9.5221,0.0568,6.968,2.5541,1.7408126319399402,30.211,10.94,34.28,0.0,33.31,0.593
2022-07-15,196,7,2022,0.0,telemetry,29.2,22.7,telemetry,Ludhiana,0,4.754,0.0,1.2,0.0,0.0,8.0222,8.0222,2.8186,8.214,0.0,6.9858,1.2282,1.7437071497299426,30.214,10.94,33.83,0.0,33.31,0.51
2022-07-16,197,7,2022,0.17,telemetry,34.0,22.2,telemetry,Ludhiana,0,6.712,0.0,1.2,0.0,0.0,11.087,11.087,3.8954,11.2788,0.138,7.0015,4.2773,1.7537873826961703,30.224,0.91,33.68,0.0,29.19,0.705
2022-07-17,198,7,2022,8.1,telemetry,30.0,22.5,telemetry,Ludhiana,0,5.128,0.0,1.2,0.0,0.0,0.0,0.0,0.0,0.1918,6.5752,7.0195,-6.8277,1.7376964550524014,30.208,9.01,33.66,0.0,26.49,0.0
2022-07-18,199,7,2022,0.27,telemetry,34.7,29.8,generated,Ludhiana,0,4.703,0.0,1.2,0.0,0.0,7.5582,7.5582,2.6556,7.75,0.2192,7.0305,0.7195,1.7393921784579733,30.21,9.21,33.94,0.0,22.86,0.48
2022-07-19,200,7,2022,0.0,telemetry,35.1,29.7,telemetry,Ludhiana,0,4.945,0.0,1.2,0.0,0.0,8.3454,8.3454,2.9322,8.5372,0.0,7.0396,1.4976,1.742921621855376,30.213,9.21,34.14,0.0,22.66,0.53
2022-07-20,201,7,2022,14.4,telemetry,31.6,24.7,telemetry,Ludhiana,0,5.109,0.0,1.2,0.0,0.0,0.0,0.0,0.0,0.1918,11.6892,7.0479,-6.8561,1.7267639737225582,30.197,23.01,34.11,0.0,35.8,0.0
2022-07-21,202,7,2022,68.2,telemetry,27.6,22.8,telemetry,Ludhiana,0,3.982,0.0,1.2,0.0,0.0,0.0,0.0,0.0,0.1918,55.3612,7.0544,-6.8626,1.7105908969664023,30.181,91.14,34.09,0.0,97.84,0.0
2022-07-22,203,7,2022,8.27,telemetry,32.1,24.4,telemetry,Ludhiana,0,5.393,0.0,1.2,0.0,0.0,0.0,0.0,0.0,0.1918,6.7132,7.0976,-6.9058,1.6943159939083505,30.165,99.41,34.1,0.0,105.42,0.0
2022-07-23,204,7,2022,0.2,telemetry,31.6,25.2,telemetry,Ludhiana,0,4.924,0.0,1.2,0.0,0.0,8.0291,8.0291,2.821,8.2209,0.1623,7.1338,1.0871,1.6968779408001915,30.167,99.44,34.0,0.0,105.61,0.51
2022-07-24,205,7,2022,0.47,telemetry,33.2,24.9,telemetry,Ludhiana,0,5.677,0.0,1.2,0.0,0.0,8.922,8.922,3.1348,9.1138,0.3815,7.1686,1.9452,1.7014620726919352,30.172,91.81,33.88,0.0,106.04,0.567
2022-07-25,206,7,2022,2.33,telemetry,32.4,25.7,telemetry,Ludhiana,0,5.092,0.0,1.2,0.0,0.0,5.3772,5.3772,1.8893,5.569,1.8914,7.2035,-1.6345,1.6976100328730777,30.168,93.87,33.69,0.0,108.17,0.342
2022-07-26,207,7,2022,0.0,telemetry,32.4,26.2,telemetry,Ludhiana,0,4.916,0.0,1.2,0.0,0.0,8.2951,8.2951,2.9145,8.4869,0.0,7.2349,1.252,1.700560668337212,30.171,93.87,33.49,0.0,108.17,0.527
2022-07-27,208,7,2022,0.27,telemetry,32.9,25.4,telemetry,Ludhiana,0,5.379,0.0,1.2,0.0,0.0,8.6986,8.6986,3.0563,8.8904,0.2192,7.2652,1.6252,1.7043906912362716,30.175,79.74,33.28,0.0,108.42,0.553
2022-07-28,209,7,2022,4.2,telemetry,32.4,24.9,telemetry,Ludhiana,0,5.312,0.0,1.2,0.0,0.0,3.2559,3.2559,1.144,3.4477,3.4093,7.2953,-3.8476,1.6953231155439106,30.166,15.74,33.06,0.0,112.27,0.207
2022-07-29,210,7,2022,1.47,telemetry,30.0,23.8,telemetry,Ludhiana,0,4.638,0.0,1.2,0.0,0.0,5.7846,5.7846,2.0324,5.9764,1.1933,7.3205,-1.3441,1.6921555412440719,30.163,8.94,32.79,0.0,113.62,0.368
2022-07-30,211,7,2022,9.4,telemetry,30.8,23.5,telemetry,Ludhiana,0,5.051,0.0,1.2,0.0,0.0,0.0,0.0,0.0,0.1918,7.6304,7.3427,-7.1509,1.6753031007956516,30.146,18.14,32.67,0.0,116.23,0.0
2022-07-31,212,7,2022,1.53,telemetry,29.4,21.7,telemetry,Ludhiana,0,4.993,0.0,1.2,0.0,0.0,6.2997,6.2997,2.2134,6.4915,1.242,7.36,-0.8685,1.6732563792647017,30.144,19.2,32.67,0.0,114.04,0.4
2022-08-01,213,8,2022,0.47,telemetry,31.6,22.7,telemetry,Ludhiana,0,5.554,0.0,1.2,0.0,0.0,8.7133,8.7133,3.0614,8.9051,0.3815,7.3758,1.5293,1.6768605922260682,30.147,17.34,32.61,0.0,114.47,0.554
2022-08-02,214,8,2022,0.07,telemetry,33.2,24.6,telemetry,Ludhiana,0,5.659,0.0,1.2,0.0,0.0,9.4516,9.4516,3.3208,9.6434,0.0568,7.3925,2.2509,1.6821651671482467,30.153,17.41,32.65,0.0,114.46,0.601
2022-08-03,215,8,2022,0.0,telemetry,34.0,25.2,telemetry,Ludhiana,0,5.797,0.0,1.2,0.0,0.0,9.783,9.783,3.4373,9.9748,0.0,7.4109,2.5639,1.6882075023502303,30.159,17.14,32.6,0.0,114.46,0.622
2022-08-04,216,8,2022,0.07,telemetry,31.6,25.4,telemetry,Ludhiana,0,4.742,0.0,1.2,0.0,0.0,7.9039,7.9039,2.777,8.0957,0.0568,7.431,0.6647,1.6897740500997982,30.16,13.01,32.42,0.0,114.53,0.502
2022-08-05,217,8,2022,0.0,telemetry,29.7,24.6,telemetry,Ludhiana,0,4.166,0.0,1.2,0.0,0.0,7.0293,7.0293,2.4698,7.2211,0.0,7.4501,-0.229,1.6892343668917442,30.16,11.54,32.29,0.0,107.8,0.447
2022-08-06,218,8,2022,0.2,telemetry,32.4,24.6,telemetry,Ludhiana,0,5.293,0.0,1.2,0.0,0.0,8.6514,8.6514,3.0397,8.8432,0.1623,7.467,1.3762,1.6924775455908991,30.163,2.34,32.24,0.0,107.98,0.55
2022-08-07,219,8,2022,0.07,telemetry,31.3,26.0,telemetry,Ludhiana,0,4.366,0.0,1.2,0.0,0.0,7.2697,7.2697,2.5542,7.4615,0.0568,7.4842,-0.0227,1.6924240287808945,30.163,0.88,32.05,0.0,108.04,0.462
2022-08-08,220,8,2022,0.0,telemetry,33.2,24.9,telemetry,Ludhiana,0,5.497,0.0,1.2,0.0,0.0,9.2758,9.2758,3.2591,9.4676,0.0,7.4996,1.968,1.6970620988087532,30.167,0.41,31.98,0.0,97.84,0.59
2022-08-09,221,8,2022,0.0,telemetry,35.3,27.3,telemetry,Ludhiana,0,5.641,0.0,1.2,0.0,0.0,9.5187,9.5187,3.3444,9.7105,0.0,7.5158,2.1947,1.702234358458187,30.173,0.34,32.15,0.0,97.84,0.605
2022-08-10,222,8,2022,2.27,telemetry,35.1,26.0,telemetry,Ludhiana,0,5.908,0.0,1.2,0.0,0.0,6.8355,6.8355,2.4017,7.0273,1.8427,7.5331,-0.5058,1.7010424126060208,30.171,2.61,32.18,0.0,99.85,0.435
2022-08-11,223,8,2022,0.0,telemetry,31.8,25.4,telemetry,Ludhiana,0,4.741,0.0,1.2,0.0,0.0,8.0013,8.0013,2.8113,8.1931,0.0,7.5493,0.6438,1.702559755135018,30.173,2.54,32.1,0.0,99.85,0.509
2022-08-12,224,8,2022,0.0,telemetry,34.0,24.1,telemetry,Ludhiana,0,5.937,0.0,1.2,0.0,0.0,10.0192,10.0192,3.5203,10.211,0.0,7.5644,2.6466,1.708797053876383,30.179,2.54,32.15,0.0,99.25,0.637
2022-08-13,225,8,2022,0.07,telemetry,33.4,26.5,telemetry,Ludhiana,0,5.037,0.0,1.2,0.0,0.0,8.4019,8.4019,2.952,8.5937,0.0568,7.5811,1.0126,1.7111834276342572,30.182,2.41,32.2,0.0,99.25,0.534
2022-08-14,226,8,2022,0.93,telemetry,33.2,24.1,telemetry,Ludhiana,0,5.61,0.0,1.2,0.0,0.0,8.1694,8.1694,2.8703,8.3612,0.7549,7.5971,0.7641,1.7129840706098727,30.183,3.27,32.33,0.0,100.1,0.519
2022-08-15,227,8,2022,0.27,telemetry,30.8,23.3,telemetry,Ludhiana,0,4.903,0.0,1.2,0.0,0.0,7.8946,7.8946,2.7738,8.0864,0.2192,7.6128,0.4736,1.7141002763499142,30.184,3.54,32.23,0.0,100.18,0.502
2022-08-16,228,8,2022,0.0,telemetry,33.2,24.4,telemetry,Ludhiana,0,5.501,0.0,1.2,0.0,0.0,9.2823,9.2823,3.2613,9.4741,0.0,7.6271,1.847,1.7184530365277344,30.189,3.54,32.33,0.0,92.08,0.59
2022-08-17,229,8,2022,0.0,telemetry,30.2,24.6,telemetry,Ludhiana,0,4.242,0.0,1.2,0.0,0.0,7.1592,7.1592,2.5154,7.351,0.0,7.6419,-0.2909,1.7177674549734467,30.188,1.27,32.18,0.0,91.81,0.455
2022-08-18,230,8,2022,0.0,telemetry,32.9,24.4,telemetry,Ludhiana,0,5.354,0.0,1.2,0.0,0.0,9.0344,9.0344,3.1742,9.2262,0.0,7.6542,1.572,1.721472216604042,30.192,1.27,32.11,0.0,91.81,0.574
2022-08-19,231,8,2022,0.0,telemetry,32.9,24.1,telemetry,Ludhiana,0,5.412,0.0,1.2,0.0,0.0,9.132,9.132,3.2085,9.3238,0.0,7.6666,1.6572,1.7253777590475405,30.196,1.27,32.15,0.0,77.41,0.58
2022-08-20,232,8,2022,0.0,telemetry,33.5,24.4,telemetry,Ludhiana,0,5.537,0.0,1.2,0.0,0.0,9.3445,9.3445,3.2832,9.5363,0.0,7.6792,1.8571,1.7297544523685167,30.2,1.2,32.35,0.0,9.21,0.594
2022-08-21,233,8,2022,0.0,telemetry,33.8,25.2,telemetry,Ludhiana,0,5.427,0.0,1.2,0.0,0.0,9.1588,9.1588,3.218,9.3506,0.0,7.6921,1.6585,1.7336629757777495,30.204,0.27,32.41,0.0,0.94,0.582
2022-08-22,234,8,2022,0.0,telemetry,34.6,25.7,telemetry,Ludhiana,0,5.577,0.0,1.2,0.0,0.0,9.4114,9.4114,3.3067,9.6032,0.0,7.7051,1.8981,1.7381362018205417,30.209,0.0,32.51,0.0,0.74,0.598
2022-08-23,235,8,2022,0.0,telemetry,33.7,26.2,telemetry,Ludhiana,0,5.08,0.0,1.2,0.0,0.0,8.5721,8.5721,3.0118,8.7639,0.0,7.7184,1.0455,1.7406001587018651,30.211,0.0,32.52,0.0,0.27,0.545
2022-08-24,236,8,2022,0.27,telemetry,31.3,24.6,telemetry,Ludhiana,0,4.583,0.0,1.2,0.0,0.0,7.3548,7.3548,2.5841,7.5466,0.2192,7.7308,-0.1842,1.7401661633645082,30.211,0.27,32.49,0.0,-1.81,0.468
2022-08-25,237,8,2022,0.0,telemetry,31.9,24.1,telemetry,Ludhiana,0,4.931,0.0,1.2,0.0,0.0,8.3218,8.3218,2.9239,8.5136,0.0,7.7408,0.7728,1.7419874328704767,30.212,0.27,32.47,0.0,-1.81,0.529
2022-08-26,238,8,2022,0.0,telemetry,32.1,24.6,telemetry,Ludhiana,0,4.854,0.0,1.2,0.0,0.0,8.1906,8.1906,2.8778,8.3824,0.0,7.7497,0.6327,1.7434784139267034,30.214,0.27,32.44,0.0,-2.08,0.521
2022-08-27,239,8,2022,0.0,telemetry,31.8,24.6,telemetry,Ludhiana,0,4.721,0.0,1.2,0.0,0.0,7.9674,7.9674,2.7994,8.1592,0.0,7.7575,0.4017,1.744425193844636,30.215,0.27,32.42,0.0,-6.28,0.506
2022-08-28,240,8,2022,0.0,telemetry,33.2,23.8,telemetry,Ludhiana,0,5.408,0.0,1.2,0.0,0.0,9.126,9.126,3.2064,9.3178,0.0,7.7637,1.5541,1.7480877457303698,30.218,0.27,32.53,0.0,-7.75,0.58
2022-08-29,241,8,2022,0.0,telemetry,33.3,23.7,telemetry,Ludhiana,0,5.443,0.0,1.2,0.0,0.0,9.1847,9.1847,3.2271,9.3765,0.0,7.7701,1.6064,1.751873630892257,30.222,0.27,32.61,0.0,-17.15,0.584
2022-08-30,242,8,2022,0.0,telemetry,34.8,25.2,telemetry,Ludhiana,0,5.596,0.0,1.2,0.0,0.0,9.4425,9.4425,3.3176,9.6343,0.0,7.7766,1.8577,1.7562517231937105,30.227,0.27,32.79,0.0,-18.68,0.6
2022-08-31,243,8,2022,0.0,telemetry,34.8,24.6,telemetry,Ludhiana,0,5.707,0.0,1.2,0.0,0.0,9.6308,9.6308,3.3838,9.8226,0.0,7.7835,2.0391,1.761057229118435,30.231,0.0,32.9,0.0,-19.15,0.612
2022-09-01,244,9,2022,0.0,telemetry,35.9,24.9,telemetry,Ludhiana,0,5.988,0.0,1.2,0.0,0.0,10.1046,10.1046,3.5503,10.2964,0.0,7.791,2.5054,1.7669615969825578,30.237,0.0,32.99,0.0,-19.22,0.642
2022-09-02,245,9,2022,0.0,telemetry,35.6,24.9,telemetry,Ludhiana,0,5.861,0.0,1.2,0.0,0.0,9.8909,9.8909,3.4752,10.0827,0.0,7.7997,2.283,1.7723419621857237,30.243,0.0,33.04,0.0,-19.22,0.629
2022-09-03,246,9,2022,0.0,telemetry,34.8,24.4,telemetry,Ludhiana,0,5.675,0.0,1.2,0.0,0.0,9.576,9.576,3.3645,9.7678,0.0,7.809,1.9588,1.776958204315253,30.247,0.0,33.15,0.0,-19.29,0.609
2022-09-04,247,9,2022,0.0,telemetry,34.5,23.3,telemetry,Ludhiana,0,5.775,0.0,1.2,0.0,0.0,9.7459,9.7459,3.4242,9.9377,0.0,7.8185,2.1192,1.7819524735532692,30.252,0.0,33.31,0.0,-19.29,0.62
2022-09-05,248,9,2022,0.0,telemetry,33.7,23.5,telemetry,Ludhiana,0,5.451,0.0,1.2,0.0,0.0,9.1978,9.1978,3.2317,9.3896,0.0,7.8283,1.5613,1.785631907731853,30.256,0.0,33.35,0.0,-19.49,0.585
2022-09-06,249,9,2022,0.0,telemetry,32.6,22.0,telemetry,Ludhiana,0,5.375,0.0,1.2,0.0,0.0,9.0705,9.0705,3.1869,9.2623,0.0,7.8377,1.4246,1.7889893533574204,30.259,0.0,33.4,0.0,-19.56,0.577
2022-09-07,250,9,2022,0.0,telemetry,33.2,23.0,telemetry,Ludhiana,0,5.34,0.0,1.2,0.0,0.0,9.0119,9.0119,3.1663,9.2037,0.0,7.8463,1.3574,1.7921882862600946,30.263,0.0,33.4,0.0,-19.56,0.573
2022-09-08,251,9,2022,0.0,telemetry,32.9,24.4,telemetry,Ludhiana,0,4.909,0.0,1.2,0.0,0.0,8.2845,8.2845,2.9108,8.4763,0.0,7.8542,0.6221,1.7936542855561597,30.264,0.0,33.32,0.0,-19.56,0.527
2022-09-09,252,9,2022,0.2,telemetry,33.7,24.4,telemetry,Ludhiana,0,5.154,0.0,1.2,0.0,0.0,8.416,8.416,2.957,8.6078,0.1623,7.8605,0.7473,1.7954154991459168,30.266,0.2,33.27,0.0,-21.65,0.535
2022-09-10,253,9,2022,0.0,telemetry,33.8,24.9,telemetry,Ludhiana,0,5.048,0.0,1.2,0.0,0.0,8.5189,8.5189,2.9931,8.7107,0.0,7.8654,0.8453,1.7974075322824241,30.268,0.2,33.34,0.0,-21.65,0.542
2022-09-11,254,9,2022,0.0,telemetry,32.6,23.8,telemetry,Ludhiana,0,4.872,0.0,1.2,0.0,0.0,8.2219,8.2219,2.8888,8.4137,0.0,7.8692,0.5445,1.798690791606109,30.269,0.2,33.29,0.0,-21.65,0.523
2022-09-12,255,9,2022,0.0,telemetry,32.9,23.0,telemetry,Ludhiana,0,5.113,0.0,1.2,0.0,0.0,8.628,8.628,3.0315,8.8198,0.0,7.8714,0.9484,1.800925902289861,30.271,0.2,33.27,0.0,-21.72,0.548
2022-09-13,256,9,2022,0.0,telemetry,32.9,24.6,telemetry,Ludhiana,0,4.738,0.0,1.2,0.0,0.0,7.9958,7.9958,2.8093,8.1876,0.0,7.8727,0.3149,1.8016680440066695,30.272,0.2,33.26,0.0,-22.65,0.508
2022-09-14,257,9,2022,0.93,telemetry,31.8,23.8,telemetry,Ludhiana,0,4.532,0.0,1.2,0.0,0.0,6.3504,6.3504,2.2312,6.5422,0.7549,7.8723,-1.3301,1.7985334255424037,30.269,1.13,33.3,0.0,-22.07,0.404
2022-09-15,258,9,2022,0.27,telemetry,31.6,22.8,telemetry,Ludhiana,0,4.666,0.0,1.2,0.0,0.0,7.4943,7.4943,2.6331,7.6861,0.2192,7.8688,-0.1827,1.7981029351065065,30.268,1.4,33.24,0.0,-21.82,0.476
2022-09-16,259,9,2022,0.0,telemetry,31.8,21.4,telemetry,Ludhiana,0,4.977,0.0,1.2,0.0,0.0,8.3983,8.3983,2.9508,8.5901,0.0,7.8634,0.7267,1.7998154534733022,30.27,1.2,33.3,0.0,-21.82,0.534
2022-09-17,260,9,2022,0.0,telemetry,32.7,22.5,telemetry,Ludhiana,0,5.012,0.0,1.2,0.0,0.0,8.4569,8.4569,2.9713,8.6487,0.0,7.8575,0.7912,1.801680175993186,30.272,1.2,33.29,0.0,-21.82,0.538
2022-09-18,261,9,2022,0.0,telemetry,34.0,23.6,telemetry,Ludhiana,0,5.165,0.0,1.2,0.0,0.0,8.7155,8.7155,3.0622,8.9073,0.0,7.8509,1.0564,1.8041697203214637,30.275,1.2,33.33,0.0,-21.82,0.554
2022-09-19,262,9,2022,0.0,telemetry,33.7,23.7,telemetry,Ludhiana,0,5.025,0.0,1.2,0.0,0.0,8.4789,8.4789,2.9791,8.6707,0.0,7.8442,0.8265,1.8061174510259201,30.276,1.2,33.33,0.0,-21.82,0.539
2022-09-20,263,9,2022,0.0,telemetry,33.0,23.7,telemetry,Ludhiana,0,4.781,0.0,1.2,0.0,0.0,8.068,8.068,2.8347,8.2598,0.0,7.8371,0.4227,1.8071137408006128,30.277,1.2,33.31,0.0,-21.82,0.513
2022-09-21,264,9,2022,8.93,telemetry,31.9,23.3,telemetry,Ludhiana,0,4.496,0.0,1.2,0.0,0.0,0.0,0.0,0.0,0.1918,7.2489,7.8289,-7.6371,1.7891154863361345,30.259,9.2,33.22,0.0,-13.64,0.0
2022-09-22,265,9,2022,0.53,telemetry,29.8,21.9,telemetry,Ludhiana,0,4.119,0.0,1.2,0.0,0.0,6.2079,6.2079,2.1812,6.3997,0.4302,7.8153,-1.4156,1.7857792787488334,30.256,9.46,33.09,0.0,-13.15,0.395
2022-09-23,266,9,2022,6.27,telemetry,27.2,22.6,telemetry,Ludhiana,0,3.056,0.0,1.2,0.0,0.0,0.0,0.0,0.0,0.1918,5.0897,7.7994,-7.6076,1.7678503818527294,30.238,15.73,32.95,0.0,-7.67,0.0
2022-09-24,267,9,2022,43.07,telemetry,23.3,20.5,telemetry,Ludhiana,0,2.203,0.0,1.2,0.0,0.0,0.0,0.0,0.0,0.1918,34.962,7.7772,-7.5854,1.7499738888613856,30.22,58.8,32.66,0.0,31.81,0.0
2022-09-25,268,9,2022,28.27,telemetry,29.1,20.1,telemetry,Ludhiana,0,4.192,0.0,1.2,0.0,0.0,0.0,0.0,0.0,0.1918,22.9481,7.7753,-7.5835,1.7321019858311488,30.202,87.07,32.56,0.0,57.72,0.0
2022-09-26,269,9,2022,0.2,telemetry,29.0,20.1,telemetry,Ludhiana,0,4.138,0.0,1.2,0.0,0.0,6.7024,6.7024,2.3549,6.8942,0.1623,7.7825,-0.8883,1.7300084575589039,30.2,87.27,32.47,0.0,57.91,0.426
2022-09-27,270,9,2022,0.0,telemetry,31.2,20.1,telemetry,Ludhiana,0,4.712,0.0,1.2,0.0,0.0,7.9508,7.9508,2.7935,8.1426,0.0,7.788,0.3546,1.7308440502339342,30.201,87.27,32.4,0.0,57.91,0.505
2022-09-28,271,9,2022,0.07,telemetry,30.8,23.0,telemetry,Ludhiana,0,4.037,0.0,1.2,0.0,0.0,6.7146,6.7146,2.3592,6.9064,0.0568,7.7934,-0.887,1.7287537213346285,30.199,78.41,32.32,0.0,57.97,0.427
2022-09-29,272,9,2022,0.13,telemetry,31.5,22.3,telemetry,Ludhiana,0,4.357,0.0,1.2,0.0,0.0,7.169,7.169,2.5188,7.3608,0.1055,7.7969,-0.4361,1.7277259936559257,30.198,78.01,32.21,0.0,58.09,0.456
2022-09-30,273,9,2022,0.0,telemetry,33.0,21.2,telemetry,Ludhiana,0,4.924,0.0,1.2,0.0,0.0,8.3088,8.3088,2.9193,8.5006,0.0,7.7993,0.7013,1.729378707413632,30.2,71.74,32.15,0.0,58.09,0.528
2022-10-01,274,10,2022,0.0,telemetry,33.7,20.8,telemetry,Ludhiana,0,5.131,0.0,1.2,0.0,0.0,8.6594,8.6594,3.0425,8.8512,0.0,7.8021,1.0491,1.7318510920618286,30.202,28.67,32.08,0.0,58.09,0.55
2022-10-02,275,10,2022,0.07,telemetry,32.6,21.6,telemetry,Ludhiana,0,4.692,0.0,1.2,0.0,0.0,7.8186,7.8186,2.7471,8.0104,0.0207,7.8056,0.2048,1.7323336356226415,30.203,0.47,31.98,0.0,58.15,0.497
2022-10-03,276,10,2022,0.0,telemetry,31.9,19.4,telemetry,Ludhiana,0,4.807,0.0,1.189,0.0,0.0,8.0408,8.0408,2.8251,8.2326,0.0,7.8087,0.4239,1.7333326474011816,30.204,0.27,31.88,0.0,58.15,0.511
2022-10-04,277,10,2022,0.0,telemetry,31.7,18.4,telemetry,Ludhiana,0,4.858,0.0,1.175,0.0,0.0,8.028,8.028,2.8206,8.2198,0.0,7.8115,0.4083,1.7342948372758504,30.205,0.27,31.79,0.0,58.15,0.51
2022-10-05,278,10,2022,0.07,telemetry,33.0,20.1,telemetry,Ludhiana,0,4.918,0.0,1.161,0.0,0.0,7.9315,7.9315,2.7867,8.1233,0.0207,7.8141,0.3092,1.7350236199210782,30.205,0.27,31.76,0.0,58.22,0.504
2022-10-06,279,10,2022,0.0,telemetry,29.5,18.8,telemetry,Ludhiana,0,4.208,0.0,1.147,0.0,0.0,6.7865,6.7865,2.3844,6.9783,0.0,7.8162,-0.8379,1.7330490091028703,30.203,0.14,31.66,0.0,58.22,0.431
2022-10-07,280,10,2022,0.0,telemetry,26.8,18.4,telemetry,Ludhiana,0,3.566,0.0,1.133,0.0,0.0,5.6802,5.6802,1.9957,5.872,0.0,7.8163,-1.9443,1.7284668923685689,30.199,0.14,31.45,0.0,58.29,0.361
2022-10-08,281,10,2022,0.07,telemetry,25.8,19.4,telemetry,Ludhiana,0,3.091,0.0,1.119,0.0,0.0,4.7639,4.7639,1.6738,4.9557,0.0207,7.8131,-2.8574,1.7217329183203063,30.192,0.21,31.21,0.0,58.77,0.303
2022-10-09,282,10,2022,0.0,telemetry,25.3,17.2,telemetry,Ludhiana,0,3.338,0.0,1.105,0.0,0.0,5.1841,5.1841,1.8214,5.3759,0.0,7.8056,-2.4297,1.7160069628418362,30.186,0.14,30.93,0.0,58.83,0.33
2022-10-10,283,10,2022,0.4,telemetry,22.6,18.7,telemetry,Ludhiana,0,2.264,0.0,1.09,0.0,0.0,2.9114,2.9114,1.0229,3.1032,0.1181,7.7946,-4.6914,1.7049507886033513,30.175,0.54,30.56,0.0,59.2,0.185
2022-10-11,284,10,2022,8.53,telemetry,25.8,18.4,telemetry,Ludhiana,0,3.214,0.0,1.076,0.0,0.0,0.0,0.0,0.0,0.1918,2.5179,7.7775,-7.5857,1.6870735476300223,30.157,9.07,30.33,0.0,67.02,0.0
2022-10-12,285,10,2022,0.0,telemetry,27.4,15.1,telemetry,Ludhiana,0,4.026,0.0,1.062,0.0,0.0,6.0139,6.0139,2.113,6.2057,0.0,7.7531,-1.5474,1.6834268820858425,30.154,9.0,30.15,0.0,67.02,0.382
2022-10-13,286,10,2022,0.0,telemetry,29.0,15.1,telemetry,Ludhiana,0,4.337,0.0,1.048,0.0,0.0,6.3914,6.3914,2.2456,6.5832,0.0,7.7277,-1.1445,1.6807296151898035,30.151,9.0,30.02,0.0,67.02,0.406
2022-10-14,287,10,2022,0.0,telemetry,28.4,14.6,telemetry,Ludhiana,0,4.231,0.0,1.034,0.0,0.0,6.1514,6.1514,2.1613,6.3432,0.0,7.702,-1.3588,1.6775272528376404,30.148,9.0,29.9,0.0,66.09,0.391
2022-10-15,288,10,2022,0.0,telemetry,30.1,15.1,telemetry,Ludhiana,0,4.502,0.0,1.02,0.0,0.0,6.456,6.456,2.2683,6.6478,0.0,7.6757,-1.0279,1.6751047117732265,30.145,8.93,29.85,0.0,65.82,0.41
2022-10-16,289,10,2022,0.0,telemetry,29.9,16.3,telemetry,Ludhiana,0,4.309,0.0,1.006,0.0,0.0,6.0929,6.0929,2.1407,6.2847,0.0,7.6493,-1.3646,1.6718888102342606,30.142,8.93,29.79,0.0,65.82,0.387
2022-10-17,290,10,2022,0.0,telemetry,31.3,14.9,telemetry,Ludhiana,0,4.697,0.0,0.991,0.0,0.0,6.549,6.549,2.301,6.7408,0.0,7.6222,-0.8814,1.6698116430174625,30.14,8.53,29.74,0.0,65.82,0.416
2022-10-18,291,10,2022,0.0,telemetry,31.3,14.6,telemetry,Ludhiana,0,4.689,0.0,0.977,0.0,0.0,6.4434,6.4434,2.2639,6.6352,0.0,7.5951,-0.9599,1.667549383774224,30.138,0.0,29.65,0.0,65.82,0.41
2022-10-19,292,10,2022,0.0,telemetry,30.6,15.6,telemetry,Ludhiana,0,4.427,0.0,0.963,0.0,0.0,5.9966,5.9966,2.1069,6.1884,0.0,7.568,-1.3796,1.6642981868298212,30.135,0.0,29.55,0.0,65.82,0.381
2022-10-20,293,10,2022,0.0,telemetry,31.0,15.6,telemetry,Ludhiana,0,4.475,0.0,0.949,0.0,0.0,5.9723,5.9723,2.0984,6.1641,0.0,7.5401,-1.376,1.6610553831784298,30.131,0.0,29.48,0.0,65.82,0.38
2022-10-21,294,10,2022,0.0,telemetry,29.2,14.9,telemetry,Ludhiana,0,4.151,0.0,0.935,0.0,0.0,5.4568,5.4568,1.9173,5.6486,0.0,7.5116,-1.863,1.6566649147191737,30.127,0.0,29.39,0.0,56.89,0.347
2022-10-22,295,10,2022,0.0,telemetry,27.4,13.5,telemetry,Ludhiana,0,3.899,0.0,0.921,0.0,0.0,5.0488,5.0488,1.7739,5.2406,0.0,7.4818,-2.2412,1.6513831425564183,30.122,0.0,29.31,0.0,56.63,0.321
2022-10-23,296,10,2022,0.0,telemetry,28.4,12.1,telemetry,Ludhiana,0,4.17,0.0,0.907,0.0,0.0,5.3161,5.3161,1.8678,5.5079,0.0,7.4503,-1.9424,1.6468055595083029,30.117,0.0,29.35,0.0,50.36,0.338
2022-10-24,297,10,2022,0.0,telemetry,29.2,12.1,telemetry,Ludhiana,0,4.284,0.0,0.892,0.0,0.0,5.3769,5.3769,1.8892,5.5687,0.0,7.4176,-1.8489,1.6424483160043943,30.113,0.0,29.55,0.0,7.29,0.342
2022-10-25,298,10,2022,0.07,telemetry,28.8,12.4,telemetry,Ludhiana,0,4.16,0.0,0.878,0.0,0.0,5.0394,5.0394,1.7706,5.2312,0.0207,7.3839,-2.1527,1.6373750817072397,30.108,0.07,29.54,0.0,-20.92,0.32
2022-10-26,299,10,2022,0.0,telemetry,28.8,12.4,telemetry,Ludhiana,0,4.13,0.0,0.864,0.0,0.0,5.0183,5.0183,1.7632,5.2101,0.0,7.3489,-2.1388,1.6323346291946499,30.103,0.07,29.53,0.0,-21.12,0.319
2022-10-27,300,10,2022,0.0,telemetry,30.2,12.8,telemetry,Ludhiana,0,4.322,0.0,0.85,0.0,0.0,5.1658,5.1658,1.815,5.3576,0.0,7.3126,-1.955,1.6277272036175057,30.098,0.07,29.5,0.0,-21.12,0.328
2022-10-28,301,10,2022,0.0,telemetry,27.9,13.5,telemetry,Ludhiana,0,3.824,0.0,0.0,0.0,0.0,0.0,0.0,0.0,0.1918,0.0,7.2755,-7.0837,1.6110331025761289,30.081,0.07,29.4,0.0,-21.19,0.0
2022-10-29,302,10,2022,0.0,telemetry,29.6,12.8,telemetry,Ludhiana,0,4.153,0.0,0.0,0.0,0.0,0.0,0.0,0.0,0.1918,0.0,7.2307,-7.0389,1.5944446111863602,30.065,0.07,29.34,0.0,-21.32,0.0
2022-10-30,303,10,2022,0.0,telemetry,29.9,12.8,telemetry,Ludhiana,0,4.176,0.0,0.0,0.0,0.0,0.0,0.0,0.0,0.1918,0.0,7.1789,-6.9871,1.5779781750030968,30.048,0.07,29.24,0.0,-19.86,0.0
2022-10-31,304,10,2022,0.0,telemetry,30.3,13.1,telemetry,Ludhiana,0,4.195,0.0,0.0,0.0,0.0,0.0,0.0,0.0,0.1918,0.0,7.1207,-6.9289,1.56164873424667,30.032,0.07,29.12,0.0,-19.86,0.0
2022-11-01,305,11,2022,0.0,telemetry,30.3,14.6,telemetry,Ludhiana,1,4.055,0.4,0.0,1.622,2.7544,0.0,2.7544,0.9678,2.9462,0.0,7.0569,-4.1107,1.5519611105437456,30.022,0.0,29.05,0.197,-19.93,0.175
2022-11-02,306,11,2022,0.0,telemetry,29.5,15.6,telemetry,Ludhiana,1,3.798,0.4,0.0,1.519,2.5797,0.0,2.5797,0.9064,2.7715,0.0,6.9915,-4.22,1.5420159013004102,30.012,0.0,28.97,0.381,-19.93,0.164
2022-11-03,307,11,2022,0.0,telemetry,28.1,13.5,telemetry,Ludhiana,1,3.697,0.4,0.0,1.479,2.5114,0.0,2.5114,0.8824,2.7032,0.0,6.9245,-4.2213,1.5320675143440257,30.002,0.0,28.85,0.56,-19.93,0.16
2022-11-04,308,11,2022,0.0,telemetry,28.8,13.9,telemetry,Ludhiana,1,3.762,0.4,0.0,1.505,2.5551,0.0,2.5551,0.8977,2.7469,0.0,6.8561,-4.1092,1.5223832634832744,29.993,0.0,28.71,0.743,-20.0,0.162
2022-11-05,309,11,2022,0.0,telemetry,27.4,15.6,telemetry,Ludhiana,1,3.337,0.4,0.0,1.335,2.2667,0.0,2.2667,0.7964,2.4585,0.0,6.7866,-4.3281,1.5121832282770782,29.983,0.0,28.64,0.905,-19.39,0.144
2022-11-06,310,11,2022,0.0,telemetry,28.5,16.7,telemetry,Ludhiana,1,3.407,0.4,0.0,1.363,2.314,0.0,2.314,0.813,2.5058,0.0,6.7157,-4.2099,1.5022617511616811,29.973,0.0,28.69,1.07,-19.29,0.147
2022-11-07,311,11,2022,0.0,telemetry,29.5,14.6,telemetry,Ludhiana,1,3.75,0.4,0.0,1.5,2.5473,0.0,2.5473,0.895,2.7391,0.0,6.6437,-3.9046,1.4930597414656985,29.963,0.0,28.82,1.252,-19.36,0.162
2022-11-08,312,11,2022,0.0,telemetry,22.0,11.9,telemetry,Ludhiana,1,2.674,0.4,0.0,1.07,1.8164,0.0,1.8164,0.6382,2.0082,0.0,6.5711,-4.5629,1.4823062644372156,29.953,0.0,28.71,1.382,-19.36,0.115
2022-11-09,313,11,2022,0.0,telemetry,26.3,13.5,telemetry,Ludhiana,1,3.244,0.4,0.0,1.298,2.2036,0.0,2.2036,0.7742,2.3954,0.0,6.4972,-4.1018,1.4726396776709816,29.943,0.0,28.83,1.539,-19.76,0.14
2022-11-10,314,11,2022,0.0,telemetry,25.9,15.1,telemetry,Ludhiana,1,3.007,0.4,0.0,1.203,2.0427,0.0,2.0427,0.7177,2.2345,0.0,6.4225,-4.188,1.4627698820399753,29.933,0.0,28.83,1.685,-28.29,0.13
2022-11-11,315,11,2022,0.0,telemetry,26.0,10.7,telemetry,Ludhiana,1,3.356,0.4,0.0,1.343,2.2798,0.0,2.2798,0.801,2.4716,0.0,6.3471,-3.8755,1.453636578391955,29.924,0.0,28.79,1.848,-28.29,0.145
2022-11-12,316,11,2022,0.0,telemetry,24.8,10.1,telemetry,Ludhiana,1,3.187,0.4,0.0,1.275,2.1649,0.0,2.1649,0.7606,2.3567,0.0,6.2714,-3.9147,1.4444108122715185,29.915,0.0,28.65,2.003,-28.29,0.138
2022-11-13,317,11,2022,0.0,telemetry,23.9,8.5,telemetry,Ludhiana,1,3.127,0.4,0.0,1.251,2.1236,0.0,2.1236,0.7461,2.3154,0.0,6.1955,-3.8801,1.4352667015796399,29.906,0.0,28.5,2.154,-28.29,0.135
2022-11-14,318,11,2022,0.07,telemetry,20.1,12.9,telemetry,Ludhiana,1,2.143,0.4,0.0,0.857,1.3369,0.0,1.3369,0.4697,1.5287,0.0207,6.1193,-4.5906,1.4244480524437249,29.895,0.07,28.16,2.25,-28.22,0.085
2022-11-15,319,11,2022,0.0,telemetry,23.0,10.8,telemetry,Ludhiana,1,2.805,0.4,0.0,1.122,1.9051,0.0,1.9051,0.6694,2.0969,0.0,6.042,-3.9451,1.4151505697198798,29.886,0.07,27.93,2.189,-28.22,0.121
2022-11-16,320,11,2022,0.0,telemetry,23.7,10.8,telemetry,Ludhiana,1,2.895,0.4,0.0,1.158,1.9667,0.0,1.9667,0.691,2.1585,0.0,5.9646,-3.8061,1.4061807521529914,29.877,0.07,27.68,2.145,-28.22,0.125
2022-11-17,321,11,2022,0.0,telemetry,22.6,8.7,telemetry,Ludhiana,1,2.851,0.4,0.0,1.141,1.9367,0.0,1.9367,0.6805,2.1285,0.0,5.8872,-3.7587,1.39732264273295,29.868,0.07,27.39,2.104,-28.22,0.123
2022-11-18,322,11,2022,0.0,telemetry,24.2,6.0,telemetry,Ludhiana,1,3.19,0.4,0.0,1.276,2.1669,0.0,2.1669,0.7613,2.3587,0.0,5.8099,-3.4512,1.38918921134682,29.86,0.07,27.18,2.077,-28.22,0.138
2022-11-19,323,11,2022,0.0,telemetry,24.0,7.8,telemetry,Ludhiana,1,3.065,0.4,0.0,1.226,2.082,0.0,2.082,0.7315,2.2738,0.0,5.7331,-3.4593,1.3810366591892662,29.851,0.07,26.94,2.063,-28.22,0.132
2022-11-20,324,11,2022,0.0,telemetry,23.0,7.2,telemetry,Ludhiana,1,2.939,0.4,0.0,1.176,1.9961,0.0,1.9961,0.7013,2.1879,0.0,5.6568,-3.4689,1.3728615326890825,29.843,0.07,26.74,2.041,-28.22,0.127
2022-11-21,325,11,2022,0.0,telemetry,23.8,6.9,telemetry,Ludhiana,1,3.046,0.4,0.0,1.218,2.0687,0.0,2.0687,0.7268,2.2605,0.0,5.5809,-3.3204,1.3650363732838835,29.835,0.0,26.62,2.006,-28.22,0.132
2022-11-22,326,11,2022,0.0,telemetry,23.5,6.4,telemetry,Ludhiana,1,3.01,0.417,0.0,1.254,2.13,0.0,2.13,0.7484,2.3218,0.0,5.5056,-3.1838,1.3575331532160921,29.828,0.0,26.45,2.029,-28.07,0.135
2022-11-23,327,11,2022,0.0,telemetry,25.0,7.8,telemetry,Ludhiana,1,3.136,0.433,0.0,1.359,2.3079,0.0,2.3079,0.8109,2.4997,0.0,5.431,-2.9313,1.3506249347784822,29.821,0.0,26.31,2.036,-28.07,0.147
2022-11-24,328,11,2022,0.0,telemetry,25.1,6.5,telemetry,Ludhiana,1,3.188,0.45,0.0,1.435,2.4362,0.0,2.4362,0.856,2.628,0.0,5.3575,-2.7295,1.3441924307076119,29.815,0.0,26.19,2.064,-27.49,0.155
2022-11-25,329,11,2022,0.0,telemetry,27.7,6.2,telemetry,Ludhiana,1,3.528,0.467,0.0,1.646,2.7953,0.0,2.7953,0.9821,2.9871,0.0,5.2851,-2.298,1.3387767387116225,29.809,0.0,26.15,2.101,-27.49,0.178
2022-11-26,330,11,2022,0.0,telemetry,23.5,5.3,telemetry,Ludhiana,1,2.993,0.483,0.0,1.447,2.4565,0.0,2.4565,0.8631,2.6483,0.0,5.2144,-2.5661,1.332729138874206,29.803,0.0,25.93,2.122,-27.49,0.156
2022-11-27,331,11,2022,0.0,telemetry,22.6,5.0,telemetry,Ludhiana,1,2.875,0.5,0.0,1.438,2.4411,0.0,2.4411,0.8577,2.6329,0.0,5.145,-2.5121,1.3268089567386998,29.797,0.0,25.75,2.145,-27.49,0.155
2022-11-28,332,11,2022,0.33,telemetry,21.0,3.9,telemetry,Ludhiana,1,2.701,0.517,0.0,1.395,1.8106,0.0,1.8106,0.6362,2.0024,0.0974,5.0767,-3.0743,1.3195638098013722,29.79,0.33,25.47,2.179,-27.19,0.115
2022-11-29,333,11,2022,0.0,telemetry,22.8,6.6,telemetry,Ludhiana,1,2.812,0.533,0.0,1.5,2.5468,0.0,2.5468,0.8948,2.7386,0.0,5.0088,-2.2702,1.3142135880634112,29.785,0.33,25.23,2.224,-27.19,0.162
2022-11-30,334,11,2022,0.0,telemetry,22.4,6.0,telemetry,Ludhiana,1,2.774,0.55,0.0,1.526,2.5912,0.0,2.5912,0.9104,2.783,0.0,4.9423,-2.1593,1.3091246612872276,29.779,0.33,24.97,2.269,-27.19,0.165
2022-12-01,335,12,2022,0.0,telemetry,22.9,7.8,telemetry,Ludhiana,1,2.747,0.567,0.0,1.557,2.6433,0.0,2.6433,0.9287,2.8351,0.0,4.8773,-2.0422,1.3043118178992883,29.775,0.33,24.72,2.319,-27.19,0.168
2022-12-02,336,12,2022,0.0,telemetry,22.4,6.7,telemetry,Ludhiana,1,2.723,0.583,0.0,1.588,2.6974,0.0,2.6974,0.9477,2.8892,0.0,4.8137,-1.9245,1.2997763287409525,29.77,0.33,24.48,2.357,-27.19,0.171
2022-12-03,337,12,2022,0.0,telemetry,21.0,6.0,telemetry,Ludhiana,1,2.566,0.6,0.0,1.54,2.6145,0.0,2.6145,0.9186,2.8063,0.0,4.7516,-1.9453,1.29519175608638,29.766,0.33,24.25,2.395,-27.19,0.166
2022-12-04,338,12,2022,0.0,telemetry,21.0,5.0,telemetry,Ludhiana,1,2.599,0.617,0.0,1.603,2.7216,0.0,2.7216,0.9562,2.9134,0.0,4.6909,-1.7775,1.2910026473263034,29.761,0.33,23.99,2.447,-27.19,0.173
2022-12-05,339,12,2022,0.0,telemetry,19.6,4.9,telemetry,Ludhiana,1,2.423,0.633,0.0,1.534,2.6055,0.0,2.6055,0.9154,2.7973,0.0,4.6317,-1.8344,1.286679502350959,29.757,0.0,23.73,2.486,-27.19,0.166
2022-12-06,340,12,2022,0.07,telemetry,22.4,7.3,telemetry,Ludhiana,1,2.66,0.65,0.0,1.729,2.817,0.0,2.817,0.9898,3.0088,0.0207,4.5738,-1.565,1.2829913427949002,29.753,0.07,23.52,2.535,-27.13,0.179
2022-12-07,341,12,2022,0.0,telemetry,21.6,8.6,telemetry,Ludhiana,1,2.48,0.667,0.0,1.653,2.8072,0.0,2.8072,0.9863,2.999,0.0,4.5174,-1.5184,1.2794129540215118,29.75,0.07,23.26,2.57,-27.13,0.178
2022-12-08,342,12,2022,0.0,telemetry,23.7,7.5,telemetry,Ludhiana,1,2.803,0.683,0.0,1.915,3.2523,0.0,3.2523,1.1427,3.4441,0.0,4.4625,-1.0184,1.277012907655862,29.747,0.07,23.32,2.629,-27.13,0.207
2022-12-09,343,12,2022,0.0,telemetry,20.4,5.4,telemetry,Ludhiana,1,2.473,0.7,0.0,1.731,2.9395,0.0,2.9395,1.0328,3.1313,0.0,4.4096,-1.2783,1.274000287562269,29.744,0.07,23.12,2.639,-27.13,0.187
2022-12-10,344,12,2022,0.07,telemetry,22.6,7.2,telemetry,Ludhiana,1,2.663,0.717,0.0,1.908,3.122,0.0,3.122,1.0969,3.3138,0.0207,4.3583,-1.0445,1.2715387894352639,29.742,0.14,23.01,2.686,-27.06,0.198
2022-12-11,345,12,2022,0.07,telemetry,23.3,7.8,telemetry,Ludhiana,1,2.719,0.733,0.0,1.994,3.2673,0.0,3.2673,1.148,3.4591,0.0207,4.3086,-0.8495,1.2695366844957368,29.74,0.21,22.92,2.745,-27.0,0.208
2022-12-12,346,12,2022,0.07,telemetry,22.5,6.1,telemetry,Ludhiana,1,2.687,0.75,0.0,2.015,3.3036,0.0,3.3036,1.1607,3.4954,0.0207,4.2608,-0.7654,1.2677327522639832,29.738,0.28,22.84,2.852,-26.94,0.21
2022-12-13,347,12,2022,0.07,telemetry,21.9,6.1,telemetry,Ludhiana,1,2.609,0.767,0.0,2.0,3.2775,0.0,3.2775,1.1516,3.4693,0.0207,4.2149,-0.7456,1.2659756828909878,29.736,0.28,22.78,2.904,-26.87,0.208
2022-12-14,348,12,2022,0.07,telemetry,19.8,4.5,telemetry,Ludhiana,1,2.414,0.783,0.0,1.891,3.0928,0.0,3.0928,1.0867,3.2846,0.0207,4.1706,-0.886,1.2638877374007216,29.734,0.35,22.77,2.94,-26.88,0.197
2022-12-15,349,12,2022,0.07,telemetry,19.8,3.7,telemetry,Ludhiana,1,2.441,0.8,0.0,1.953,3.1969,0.0,3.1969,1.1232,3.3887,0.0207,4.1276,-0.7389,1.2621463240899762,29.733,0.42,22.66,2.98,-26.81,0.203
2022-12-16,350,12,2022,0.07,telemetry,19.8,3.7,telemetry,Ludhiana,1,2.438,0.817,0.0,1.991,3.2626,0.0,3.2626,1.1463,3.4544,0.0207,4.0861,-0.6317,1.2606575553195776,29.731,0.49,22.53,3.02,-26.75,0.207
2022-12-17,351,12,2022,0.07,telemetry,20.1,3.2,telemetry,Ludhiana,1,2.488,0.833,0.0,2.073,3.4017,0.0,3.4017,1.1952,3.5935,0.0207,4.0461,-0.4526,1.2595909372682517,29.73,0.49,22.45,3.076,-26.68,0.216
2022-12-18,352,12,2022,0.07,telemetry,17.5,4.8,generated,Ludhiana,1,2.119,0.85,0.0,1.801,2.9395,0.0,2.9395,1.0328,3.1313,0.0207,4.0076,-0.8763,1.2575256483264219,29.728,0.49,22.22,3.092,-26.62,0.187
2022-12-19,353,12,2022,0.13,telemetry,19.8,2.0,generated,Ludhiana,1,2.486,0.867,0.0,2.155,3.4381,0.0,3.4381,1.208,3.6299,0.0384,3.9701,-0.3402,1.256723899206304,29.727,0.55,22.08,3.151,-26.5,0.219
2022-12-20,354,12,2022,0.0,telemetry,20.8,4.7,generated,Ludhiana,1,2.516,0.883,0.0,2.223,3.7746,0.0,3.7746,1.3262,3.9664,0.0,3.9341,0.0323,1.256800022819144,29.727,0.48,22.01,3.22,-26.5,0.24
2022-12-21,355,12,2022,0.07,telemetry,21.8,2.8,generated,Ludhiana,1,2.694,0.9,0.0,2.424,3.9979,0.0,3.9979,1.4047,4.1897,0.0207,3.9,0.2897,1.2574828071222377,29.728,0.48,21.94,3.305,-26.44,0.254
2022-12-22,356,12,2022,0.0,telemetry,22.6,4.2,generated,Ludhiana,1,2.749,0.917,0.0,2.519,4.2783,0.0,4.2783,1.5032,4.4701,0.0,3.8679,0.6022,1.2589019017663312,29.729,0.41,21.91,3.378,-26.44,0.272
2022-12-23,357,12,2022,0.0,telemetry,23.4,1.4,generated,Ludhiana,1,2.911,0.933,0.0,2.717,4.613,0.0,4.613,1.6208,4.8048,0.0,3.8382,0.9666,1.261179841635575,29.732,0.34,21.86,3.498,-24.87,0.293
2022-12-24,358,12,2022,0.0,telemetry,20.0,6.2,generated,Ludhiana,1,2.36,0.95,0.0,2.242,3.8078,0.0,3.8078,1.3379,3.9996,0.0,3.811,0.1886,1.261624236102645,29.732,0.27,21.69,3.547,-24.87,0.242
2022-12-25,359,12,2022,0.07,telemetry,19.9,3.2,generated,Ludhiana,1,2.469,0.967,0.0,2.386,3.9336,0.0,3.9336,1.3821,4.1254,0.0207,3.7852,0.3402,1.2624258764699274,29.733,0.27,21.43,3.594,-24.81,0.25
2022-12-26,360,12,2022,0.13,telemetry,18.7,12.0,generated,Ludhiana,1,1.768,0.983,0.0,1.739,2.7321,0.0,2.7321,0.9599,2.9239,0.0384,3.7609,-0.837,1.260453308562884,29.731,0.27,21.27,3.553,-24.69,0.174
2022-12-27,361,12,2022,0.07,telemetry,18.4,-1.0,generated,Ludhiana,1,2.409,1.0,0.0,2.409,3.9713,0.0,3.9713,1.3953,4.1631,0.0207,3.7363,0.4268,1.261459049895177,29.732,0.34,21.13,3.603,-24.62,0.252
2022-12-28,362,12,2022,0.07,telemetry,18.4,6.5,generated,Ludhiana,1,2.157,1.017,0.0,2.193,3.6048,0.0,3.6048,1.2666,3.7966,0.0207,3.7132,0.0834,1.2616555179300373,29.732,0.34,21.04,3.639,-24.89,0.229
2022-12-29,363,12,2022,0.27,telemetry,17.5,2.3,generated,Ludhiana,1,2.236,1.033,0.0,2.311,3.4664,0.0,3.4664,1.2179,3.6582,0.0797,3.691,-0.0328,1.261578209749378,29.732,0.61,20.87,3.659,-24.64,0.22
2022-12-30,364,12,2022,0.0,telemetry,18.3,2.1,generated,Ludhiana,1,2.338,1.05,0.0,2.455,4.1693,0.0,4.1693,1.4649,4.3611,0.0,3.6694,0.6917,1.26320822005228,29.734,0.61,20.73,3.723,-24.64,0.265
2022-12-31,365,12,2022,0.2,telemetry,19.2,-1.0,generated,Ludhiana,1,2.514,1.067,0.0,2.682,4.2148,0.0,4.2148,1.4809,4.4066,0.059,3.6494,0.7572,1.264992603763836,29.735,0.81,20.61,3.782,-24.46,0.268
2023-01-01,1,1,2023,0.2,telemetry,14.8,1.6,generated,Ludhiana,1,1.969,1.083,0.0,2.133,3.2834,0.0,3.2834,1.1536,3.4752,0.059,3.631,-0.1558,1.2646254719257706,29.735,0.94,20.35,3.806,-24.27,0.209
2023-01-02,2,1,2023,0.2,telemetry,11.3,-1.0,generated,Ludhiana,1,1.682,1.1,0.0,1.851,2.8033,0.0,2.8033,0.9849,2.9951,0.059,3.6127,-0.6176,1.2631699424297038,29.734,1.01,20.03,3.761,-24.09,0.178
2023-01-03,3,1,2023,0.27,telemetry,8.8,0.2,generated,Ludhiana,1,1.371,1.117,0.0,1.531,2.1417,0.0,2.1417,0.7525,2.3335,0.0797,3.594,-1.2605,1.2601993032356529,29.731,1.21,19.62,3.644,-23.84,0.136
2023-01-04,4,1,2023,0.0,telemetry,8.0,-1.0,generated,Ludhiana,1,1.343,1.133,0.0,1.523,2.5855,0.0,2.5855,0.9084,2.7773,0.0,3.5741,-0.7968,1.2583215637704024,29.729,1.14,19.24,3.543,-23.84,0.164
2023-01-05,5,1,2023,0.0,telemetry,8.2,-1.0,generated,Ludhiana,1,1.369,1.15,0.0,1.574,2.6735,0.0,2.6735,0.9393,2.8653,0.0,3.5535,-0.6882,1.256699595605509,29.727,0.87,18.76,3.429,-23.91,0.17
2023-01-06,6,1,2023,0.0,telemetry,9.2,-1.0,generated,Ludhiana,1,1.48,1.15,0.0,1.702,2.8907,0.0,2.8907,1.0157,3.0825,0.0,3.5326,-0.4501,1.255638819519657,29.726,0.87,18.35,3.306,-23.91,0.184
2023-01-07,7,1,2023,0.07,telemetry,12.1,1.7,generated,Ludhiana,1,1.692,1.15,0.0,1.946,3.1852,0.0,3.1852,1.1191,3.377,0.0207,3.5116,-0.1346,1.2553215252768655,29.726,0.74,17.96,3.261,-23.85,0.202
2023-01-08,8,1,2023,0.13,telemetry,11.8,3.5,generated,Ludhiana,1,1.563,1.15,0.0,1.798,2.8323,0.0,2.8323,0.9951,3.0241,0.0384,3.491,-0.4669,1.2542210688278121,29.725,0.67,17.68,3.182,-23.73,0.18
2023-01-09,9,1,2023,0.2,telemetry,8.1,4.9,telemetry,Ludhiana,1,0.931,1.15,0.0,1.07,1.478,0.0,1.478,0.5193,1.6698,0.059,3.4704,-1.8006,1.249977617334913,29.72,0.67,17.19,3.093,-23.62,0.094
2023-01-10,10,1,2023,0.0,telemetry,11.8,4.3,telemetry,Ludhiana,1,1.522,1.15,0.0,1.75,2.9716,0.0,2.9716,1.0441,3.1634,0.0,3.4479,-0.2845,1.2493070922855236,29.72,0.4,16.81,3.021,-23.69,0.189
2023-01-11,11,1,2023,0.0,telemetry,12.6,4.4,telemetry,Ludhiana,1,1.626,1.15,0.0,1.87,3.175,0.0,3.175,1.1155,3.3668,0.0,3.4257,-0.0589,1.2491681801796939,29.72,0.4,16.48,2.991,-23.76,0.202
2023-01-12,12,1,2023,0.07,telemetry,11.5,6.1,telemetry,Ludhiana,1,1.34,1.15,0.0,1.542,2.4988,0.0,2.4988,0.878,2.6906,0.0207,3.4041,-0.7135,1.2474865817891447,29.718,0.47,16.13,2.922,-23.76,0.159
2023-01-13,13,1,2023,0.07,telemetry,11.6,5.2,telemetry,Ludhiana,1,1.444,1.15,0.0,1.661,2.7011,0.0,2.7011,0.949,2.8929,0.0207,3.3822,-0.4893,1.2463334274582272,29.717,0.54,15.86,2.817,-23.77,0.172
2023-01-14,14,1,2023,0.0,telemetry,11.9,0.1,telemetry,Ludhiana,1,1.79,1.15,0.0,2.058,3.495,0.0,3.495,1.228,3.6868,0.0,3.3603,0.3265,1.2471029440545482,29.717,0.47,15.6,2.765,-23.84,0.222
2023-01-15,15,1,2023,0.0,telemetry,13.0,-2.5,telemetry,Ludhiana,1,1.997,1.15,0.0,2.296,3.8988,0.0,3.8988,1.3698,4.0906,0.0,3.3394,0.7512,1.2488732760370258,29.719,0.34,15.37,2.809,-23.91,0.248
2023-01-16,16,1,2023,0.0,telemetry,13.5,-2.0,telemetry,Ludhiana,1,2.05,1.15,0.0,2.358,4.0038,0.0,4.0038,1.4067,4.1956,0.0,3.3201,0.8755,1.250936627454866,29.721,0.14,15.15,2.895,-23.98,0.255
2023-01-17,17,1,2023,0.0,telemetry,13.5,-3.0,telemetry,Ludhiana,1,2.081,1.15,0.0,2.394,4.0646,0.0,4.0646,1.4281,4.2564,0.0,3.3023,0.9541,1.25318511220959,29.724,0.14,15.02,3.032,-24.05,0.258
2023-01-18,18,1,2023,0.0,telemetry,13.5,-1.4,telemetry,Ludhiana,1,2.058,1.15,0.0,2.366,4.0182,0.0,4.0182,1.4118,4.21,0.0,3.2861,0.9239,1.2553625032995503,29.726,0.14,14.81,3.135,-24.18,0.255
2023-01-19,19,1,2023,0.0,telemetry,16.7,3.9,telemetry,Ludhiana,1,2.259,1.15,0.0,2.598,4.4123,0.0,4.4123,1.5503,4.6041,0.0,3.2712,1.3329,1.2585036326501942,29.729,0.07,14.67,3.259,-24.18,0.28
2023-01-20,20,1,2023,0.53,telemetry,13.0,5.4,telemetry,Ludhiana,1,1.682,1.15,0.0,1.935,2.3893,0.0,2.3893,0.8395,2.5811,0.1564,3.2582,-0.6771,1.2569078839000403,29.727,0.53,14.38,3.223,-23.76,0.152
2023-01-21,21,1,2023,0.0,telemetry,14.6,2.8,telemetry,Ludhiana,1,2.07,1.15,0.0,2.38,4.0414,0.0,4.0414,1.42,4.2332,0.0,3.2443,0.9889,1.2592384441424636,29.73,0.53,14.11,3.284,-23.76,0.257
2023-01-22,22,1,2023,0.07,telemetry,14.6,2.8,telemetry,Ludhiana,1,2.082,1.15,0.0,2.394,3.9466,0.0,3.9466,1.3866,4.1384,0.0207,3.2316,0.9068,1.2613754122718768,29.732,0.6,13.82,3.364,-23.7,0.251
2023-01-23,23,1,2023,0.0,telemetry,16.2,6.0,telemetry,Ludhiana,1,2.124,1.15,0.0,2.442,4.1471,0.0,4.1471,1.4571,4.3389,0.0,3.22,1.1189,1.2640122071684954,29.734,0.6,13.69,3.555,-23.7,0.264
2023-01-24,24,1,2023,8.53,telemetry,13.5,1.7,telemetry,Ludhiana,1,2.02,1.15,0.0,2.323,0.0,0.0,0.0,0.0,0.1918,2.5179,3.2097,-3.0179,1.256899929332906,29.727,9.13,13.48,3.342,-15.95,0.0
2023-01-25,25,1,2023,6.2,telemetry,14.6,5.5,telemetry,Ludhiana,1,1.957,1.15,0.0,2.251,0.0,0.0,0.0,0.0,0.1918,1.8301,3.1972,-3.0054,1.2498171622271215,29.72,15.33,13.34,3.116,-10.39,0.0
2023-01-26,26,1,2023,0.13,telemetry,14.0,2.3,telemetry,Ludhiana,1,2.081,1.15,0.0,2.393,3.8433,0.0,3.8433,1.3503,4.0351,0.0384,3.1822,0.8529,1.2518272846494243,29.722,15.46,13.19,3.212,-10.34,0.244
2023-01-27,27,1,2023,0.0,telemetry,14.6,-1.4,telemetry,Ludhiana,1,2.303,1.15,0.0,2.649,4.4974,0.0,4.4974,1.5802,4.6892,0.0,3.1685,1.5207,1.2554111715952259,29.726,14.93,13.07,3.34,-10.41,0.286
2023-01-28,28,1,2023,0.0,telemetry,16.7,-1.0,telemetry,Ludhiana,1,2.563,1.15,0.0,2.948,5.0054,0.0,5.0054,1.7587,5.1972,0.0,3.1569,2.0403,1.2602196263762777,29.731,14.93,13.04,3.448,-10.65,0.318
2023-01-29,29,1,2023,0.13,telemetry,11.9,0.6,telemetry,Ludhiana,1,1.933,1.15,0.0,2.223,3.5544,0.0,3.5544,1.2488,3.7462,0.0384,3.1478,0.5984,1.2616297868298214,29.732,14.99,12.83,3.423,-10.53,0.226
2023-01-30,30,1,2023,3.13,telemetry,15.1,8.1,telemetry,Ludhiana,1,1.872,1.15,0.0,2.153,0.0,0.0,0.0,0.0,0.1918,0.9239,3.1393,-2.9475,1.2546834383880954,29.725,18.12,12.69,3.137,-7.87,0.0
2023-01-31,31,1,2023,0.2,telemetry,10.9,4.4,telemetry,Ludhiana,1,1.573,1.15,0.0,1.809,2.7319,0.0,2.7319,0.9599,2.9237,0.059,3.1272,-0.2035,1.2542037407930124,29.725,9.79,12.56,3.042,-7.88,0.174
2023-02-01,32,2,2023,0.13,telemetry,18.0,4.0,telemetry,Ludhiana,1,2.63,1.15,0.0,3.024,4.9149,0.0,4.9149,1.7269,5.1067,0.0384,3.1149,1.9918,1.2588977879699308,29.729,3.72,12.78,3.106,-7.96,0.312
2023-02-02,33,2,2023,0.07,telemetry,20.5,4.0,telemetry,Ludhiana,1,3.0,1.15,0.0,3.45,5.7389,0.0,5.7389,2.0164,5.9307,0.0207,3.1052,2.8255,1.2655566370902558,29.736,3.66,13.17,3.201,-8.16,0.365
2023-02-03,34,2,2023,0.13,telemetry,21.2,4.4,telemetry,Ludhiana,1,3.104,1.15,0.0,3.57,5.8408,0.0,5.8408,2.0522,6.0326,0.0384,3.099,2.9336,1.2724702821376788,29.743,3.79,13.61,3.447,-7.62,0.371
2023-02-04,35,2,2023,0.0,telemetry,21.6,5.4,telemetry,Ludhiana,1,3.14,1.15,0.0,3.611,6.1315,0.0,6.1315,2.1543,6.3233,0.0,3.0961,3.2272,1.280075760644506,29.75,3.79,14.06,3.597,-7.62,0.39
2023-02-05,36,2,2023,0.0,telemetry,22.3,5.4,telemetry,Ludhiana,1,3.266,1.15,0.0,3.756,6.3779,0.0,6.3779,2.2409,6.5697,0.0,3.0967,3.473,1.2882606008771575,29.759,3.66,14.5,3.77,-7.55,0.405
2023-02-06,37,2,2023,0.07,telemetry,20.1,9.0,telemetry,Ludhiana,1,2.725,1.15,0.0,3.134,5.2025,0.0,5.2025,1.8279,5.3943,0.0207,3.1007,2.2936,1.2936659066420413,29.764,0.6,14.76,3.846,-7.56,0.331
2023-02-07,38,2,2023,0.0,telemetry,19.8,7.2,telemetry,Ludhiana,1,2.829,1.15,0.0,3.254,5.5252,0.0,5.5252,1.9413,5.717,0.0,3.1063,2.6107,1.2998184580551657,29.77,0.4,15.03,4.24,-7.69,0.351
2023-02-08,39,2,2023,0.0,telemetry,20.1,5.1,telemetry,Ludhiana,1,3.02,1.15,0.0,3.473,5.8978,0.0,5.8978,2.0722,6.0896,0.0,3.1138,2.9758,1.3068314571420798,29.777,0.27,15.43,4.662,-7.89,0.375
2023-02-09,40,2,2023,0.07,telemetry,21.1,6.6,telemetry,Ludhiana,1,3.114,1.15,0.0,3.581,5.9625,0.0,5.9625,2.0949,6.1543,0.0207,3.1235,3.0308,1.3139741332641965,29.784,0.27,15.74,4.813,-7.82,0.379
2023-02-10,41,2,2023,0.2,telemetry,21.2,9.7,telemetry,Ludhiana,1,2.935,1.15,0.0,3.375,5.3924,0.0,5.3924,1.8946,5.5842,0.059,3.1353,2.4489,1.3197455563578493,29.79,0.34,16.03,4.877,-7.64,0.343
2023-02-11,42,2,2023,0.0,telemetry,20.4,7.7,telemetry,Ludhiana,1,2.976,1.15,0.0,3.423,5.8121,0.0,5.8121,2.0421,6.0039,0.0,3.1482,2.8557,1.326475668919199,29.797,0.34,16.32,4.934,-7.71,0.369
2023-02-12,43,2,2023,0.07,telemetry,17.2,5.1,telemetry,Ludhiana,1,2.66,1.15,0.0,3.059,5.076,0.0,5.076,1.7835,5.2678,0.0207,3.1626,2.1052,1.3314369871402938,29.802,0.41,16.51,5.043,-7.71,0.323
2023-02-13,44,2,2023,0.2,telemetry,17.6,2.1,telemetry,Ludhiana,1,2.897,1.15,0.0,3.332,5.3181,0.0,5.3181,1.8685,5.5099,0.059,3.1775,2.3324,1.3369338623043612,29.807,0.54,16.7,5.423,-7.53,0.338
2023-02-14,45,2,2023,0.47,telemetry,20.6,4.8,telemetry,Ludhiana,1,3.25,1.15,0.0,3.738,5.5522,0.0,5.5522,1.9508,5.744,0.1387,3.193,2.551,1.342945793506491,29.813,1.01,16.95,5.624,-7.1,0.353
2023-02-15,46,2,2023,0.0,telemetry,23.7,5.8,telemetry,Ludhiana,1,3.72,1.15,0.0,4.278,7.2638,0.0,7.2638,2.5521,7.4556,0.0,3.2095,4.2461,1.3529524771928856,29.823,1.01,17.29,5.792,-7.1,0.462
2023-02-16,47,2,2023,0.0,telemetry,23.3,5.3,telemetry,Ludhiana,1,3.706,1.15,0.0,4.262,7.2369,0.0,7.2369,2.5427,7.4287,0.0,3.229,4.1997,1.3628497990615203,29.833,0.94,17.62,5.899,-7.1,0.46
2023-02-17,48,2,2023,0.0,telemetry,23.8,6.4,telemetry,Ludhiana,1,3.762,1.15,0.0,4.327,7.347,0.0,7.347,2.5814,7.5388,0.0,3.2513,4.2875,1.3729541511502592,29.843,0.74,17.96,6.007,-7.1,0.467
2023-02-18,49,2,2023,0.07,telemetry,23.8,6.9,telemetry,Ludhiana,1,3.764,1.15,0.0,4.328,7.2313,0.0,7.2313,2.5407,7.4231,0.0207,3.2761,4.147,1.3827273449608513,29.853,0.81,18.2,6.085,-7.04,0.46
2023-02-19,50,2,2023,0.07,telemetry,24.1,5.3,telemetry,Ludhiana,1,3.921,1.15,0.0,4.509,7.5381,0.0,7.5381,2.6485,7.7299,0.0207,3.3031,4.4268,1.3931599827082024,29.864,0.81,18.57,6.168,-7.5,0.479
2023-02-20,51,2,2023,0.07,telemetry,23.8,11.5,telemetry,Ludhiana,1,3.485,1.15,0.0,4.008,6.687,0.0,6.687,2.3495,6.8788,0.0207,3.3324,3.5464,1.4015177359738158,29.872,0.68,18.88,6.274,-7.44,0.425
2023-02-21,52,2,2023,0.0,telemetry,23.6,11.8,telemetry,Ludhiana,1,3.444,1.15,0.0,3.96,6.7251,0.0,6.7251,2.3629,6.9169,0.0,3.3627,3.5542,1.409893931925535,29.88,0.21,19.18,6.36,-7.51,0.427
2023-02-22,53,2,2023,0.07,telemetry,23.8,5.4,telemetry,Ludhiana,1,3.954,1.15,0.0,4.547,7.6025,0.0,7.6025,2.6711,7.7943,0.0207,3.3938,4.4005,1.4202645511888041,29.891,0.28,19.43,6.482,-7.44,0.483
2023-02-23,54,2,2023,0.07,telemetry,24.4,4.0,telemetry,Ludhiana,1,4.142,1.15,0.0,4.764,7.9703,0.0,7.9703,2.8004,8.1621,0.0207,3.4268,4.7353,1.431424143964658,29.902,0.35,19.79,6.625,-15.9,0.507
2023-02-24,55,2,2023,0.07,telemetry,24.4,6.9,telemetry,Ludhiana,1,4.04,1.15,0.0,4.646,7.7706,0.0,7.7706,2.7302,7.9624,0.0207,3.462,4.5004,1.4420301909685453,29.912,0.42,20.12,6.795,-21.97,0.494
2023-02-25,56,2,2023,0.0,telemetry,25.3,5.6,telemetry,Ludhiana,1,4.292,1.15,0.0,4.936,8.3817,0.0,8.3817,2.9449,8.5735,0.0,3.4988,5.0747,1.45398961834526,29.924,0.35,20.5,6.979,-22.1,0.533
2023-02-26,57,2,2023,0.0,telemetry,26.0,6.9,telemetry,Ludhiana,1,4.385,1.15,0.0,5.043,8.5635,0.0,8.5635,3.0088,8.7553,0.0,3.5379,5.2174,1.4662854414376436,29.937,0.28,20.88,7.228,-22.06,0.544
2023-02-27,58,2,2023,0.0,telemetry,24.4,10.4,telemetry,Ludhiana,1,3.887,1.15,0.0,4.47,7.5898,0.0,7.5898,2.6667,7.7816,0.0,3.5792,4.2024,1.476189281351054,29.947,0.21,21.13,7.39,-22.06,0.482
2023-02-28,59,2,2023,0.0,telemetry,21.1,9.1,telemetry,Ludhiana,1,3.388,1.15,0.0,3.896,6.6153,0.0,6.6153,2.3243,6.8071,0.0,3.6211,3.186,1.48369770982499,29.954,0.21,21.44,7.466,-22.19,0.421
2023-03-01,60,3,2023,1.47,telemetry,23.8,10.9,telemetry,Ludhiana,1,3.78,1.15,0.0,4.347,4.914,0.0,4.914,1.7265,5.1058,0.4339,3.6623,1.4435,1.487099693351034,29.957,1.61,21.73,7.298,-23.98,0.312
2023-03-02,61,3,2023,0.0,telemetry,24.4,8.8,telemetry,Ludhiana,1,4.097,1.15,0.0,4.711,8.0003,0.0,8.0003,2.8109,8.1921,0.0,3.7007,4.4914,1.4976844494479133,29.968,1.54,22.18,7.353,-24.18,0.509
2023-03-03,62,3,2023,0.0,telemetry,24.1,8.8,telemetry,Ludhiana,1,4.068,1.15,0.0,4.679,7.9447,0.0,7.9447,2.7914,8.1365,0.0,3.7405,4.396,1.5080446062099677,29.978,1.47,22.38,7.395,-24.3,0.505
2023-03-04,63,3,2023,0.0,telemetry,25.4,6.6,telemetry,Ludhiana,1,4.482,1.15,0.0,5.154,8.7525,0.0,8.7525,3.0752,8.9443,0.0,3.7811,5.1632,1.5202126696568994,29.991,1.47,22.55,7.504,-24.36,0.556
2023-03-05,64,3,2023,0.0,telemetry,24.4,7.8,telemetry,Ludhiana,1,4.254,1.15,0.0,4.892,8.3069,0.0,8.3069,2.9186,8.4987,0.0,3.8237,4.675,1.5312303377399477,30.002,1.47,22.65,7.559,-24.49,0.528
2023-03-06,65,3,2023,0.0,telemetry,25.2,10.1,telemetry,Ludhiana,1,4.272,1.15,0.0,4.913,8.3428,0.0,8.3428,2.9313,8.5346,0.0,3.8672,4.6674,1.5422298880488627,30.013,1.47,22.77,7.677,-24.49,0.53
2023-03-07,66,3,2023,0.0,telemetry,25.4,10.2,telemetry,Ludhiana,1,4.334,1.15,0.0,4.984,8.4641,0.0,8.4641,2.9739,8.6559,0.0,3.9118,4.7441,1.553410404638763,30.024,1.47,22.88,7.801,-24.49,0.538
2023-03-08,67,3,2023,0.0,telemetry,26.5,8.6,telemetry,Ludhiana,1,4.703,1.15,0.0,5.408,9.1833,0.0,9.1833,3.2266,9.3751,0.0,3.9572,5.4179,1.5661787735252108,30.037,0.0,23.09,7.914,-24.56,0.584
2023-03-09,68,3,2023,0.0,telemetry,26.2,10.7,telemetry,Ludhiana,1,4.518,1.15,0.0,5.196,8.8229,0.0,8.8229,3.0999,9.0147,0.0,4.0043,5.0104,1.577986657632572,30.048,0.0,23.3,7.975,-24.56,0.561
2023-03-10,69,3,2023,0.0,telemetry,27.0,10.1,telemetry,Ludhiana,1,4.763,1.15,0.0,5.477,9.3006,0.0,9.3006,3.2678,9.4924,0.0,4.0525,5.4399,1.5908068331154819,30.061,0.0,23.53,8.084,-24.56,0.591
2023-03-11,70,3,2023,0.0,telemetry,28.6,12.6,telemetry,Ludhiana,1,4.928,1.15,0.0,5.668,9.6239,0.0,9.6239,3.3814,9.8157,0.0,4.1021,5.7136,1.6042719716732365,30.075,0.0,23.78,8.173,-24.63,0.612
2023-03-12,71,3,2023,0.0,telemetry,29.2,13.4,telemetry,Ludhiana,1,5.02,1.15,0.0,5.773,9.8026,0.0,9.8026,3.4442,9.9944,0.0,4.1534,5.841,1.6180373358089795,30.088,0.0,24.05,8.262,-24.83,0.623
2023-03-13,72,3,2023,0.0,telemetry,29.1,14.0,telemetry,Ludhiana,1,4.971,1.15,0.0,5.717,9.7076,0.0,9.7076,3.4108,9.8994,0.0,4.2064,5.693,1.6314539341006231,30.102,0.0,24.34,8.413,-24.83,0.617
2023-03-14,73,3,2023,0.0,telemetry,28.4,13.6,telemetry,Ludhiana,1,4.884,1.15,0.0,5.617,9.5381,0.0,9.5381,3.3512,9.7299,0.0,4.2607,5.4692,1.6443430983670355,30.115,0.0,24.71,8.622,-24.9,0.606
2023-03-15,74,3,2023,0.0,telemetry,29.2,14.4,telemetry,Ludhiana,1,5.017,1.15,0.0,5.77,9.7974,0.0,9.7974,3.4423,9.9892,0.0,4.3159,5.6733,1.6577132993990646,30.128,0.0,25.1,8.971,-25.1,0.623
2023-03-16,75,3,2023,0.0,telemetry,28.9,14.2,telemetry,Ludhiana,1,5.0,1.15,0.0,5.75,9.7644,0.0,9.7644,3.4307,9.9562,0.0,4.3722,5.584,1.670873200732282,30.141,0.0,25.38,9.097,-25.57,0.621
2023-03-17,76,3,2023,0.13,telemetry,23.0,14.4,telemetry,Ludhiana,1,3.57,1.15,0.0,4.105,6.7508,0.0,6.7508,2.3719,6.9426,0.0384,4.4292,2.5134,1.6767965098848918,30.147,0.13,25.35,9.011,-25.45,0.429
2023-03-18,77,3,2023,26.13,telemetry,19.2,13.1,telemetry,Ludhiana,1,2.814,1.15,0.0,3.236,0.0,0.0,0.0,0.0,0.1918,7.7131,4.4829,-4.2911,1.6666836117821915,30.137,26.26,25.22,8.386,-1.5,0.0
2023-03-19,78,3,2023,0.93,telemetry,26.7,16.5,generated,Ludhiana,1,4.249,1.15,0.0,4.886,6.7297,0.0,6.7297,2.3645,6.9215,0.2745,4.5312,2.3903,1.6723168012386391,30.143,27.19,25.31,8.273,-0.65,0.428
2023-03-20,79,3,2023,3.6,telemetry,22.1,6.6,generated,Ludhiana,1,4.3,1.15,0.0,4.945,2.4598,0.0,2.4598,0.8643,2.6516,1.0627,4.5771,-1.9255,1.667778910067405,30.138,30.79,25.26,7.853,2.58,0.156
2023-03-21,80,3,2023,0.33,telemetry,22.2,15.0,telemetry,Ludhiana,1,3.338,1.15,0.0,3.839,5.9594,0.0,5.9594,2.0938,6.1512,0.0974,4.6158,1.5354,1.6713973336964685,30.142,31.12,25.19,7.674,2.81,0.379
2023-03-22,81,3,2023,0.27,telemetry,23.7,11.9,telemetry,Ludhiana,1,4.204,1.129,0.0,4.748,7.6042,0.0,7.6042,2.6717,7.796,0.0797,4.6517,3.1443,1.678807608999065,30.149,31.39,25.19,7.562,2.99,0.483
2023-03-23,82,3,2023,0.13,telemetry,25.4,11.8,telemetry,Ludhiana,1,4.642,1.109,0.0,5.146,8.5171,0.0,8.5171,2.9925,8.7089,0.0384,4.687,4.0219,1.6882861000106753,30.159,31.52,25.25,7.54,3.11,0.541
2023-03-24,83,3,2023,6.67,telemetry,21.9,13.4,telemetry,Ludhiana,1,3.595,1.088,0.0,3.91,0.0,0.0,0.0,0.0,0.1918,1.9689,4.7229,-4.5311,1.6776076549706305,30.148,38.06,25.19,6.875,9.15,0.0
2023-03-25,84,3,2023,0.33,telemetry,23.3,12.0,telemetry,Ludhiana,1,4.168,1.067,0.0,4.448,6.9936,0.0,6.9936,2.4572,7.1854,0.0974,4.7497,2.4357,1.6833478092915468,30.154,12.26,25.15,6.687,9.39,0.445
2023-03-26,85,3,2023,0.2,telemetry,23.3,12.0,telemetry,Ludhiana,1,4.192,1.046,0.0,4.386,7.1083,0.0,7.1083,2.4975,7.3001,0.059,4.7758,2.5243,1.6892967103513303,30.16,11.53,25.11,6.495,9.5,0.452
2023-03-27,86,3,2023,0.27,telemetry,24.1,11.0,telemetry,Ludhiana,1,4.525,1.026,0.0,4.641,7.4235,0.0,7.4235,2.6083,7.6153,0.0797,4.8014,2.8139,1.6959282064617978,30.166,8.2,25.07,6.332,9.75,0.472
2023-03-28,87,3,2023,0.13,telemetry,25.4,12.0,telemetry,Ludhiana,1,4.751,1.005,0.0,4.775,7.8871,0.0,7.8871,2.7711,8.0789,0.0384,4.8268,3.2521,1.7035923617948185,30.174,8.0,25.05,6.214,9.87,0.501
2023-03-29,88,3,2023,0.13,telemetry,26.2,13.1,telemetry,Ludhiana,1,4.846,0.984,0.0,4.769,7.8781,0.0,7.8781,2.768,8.0699,0.0384,4.8527,3.2172,1.711174442646856,30.182,7.86,25.11,6.077,9.99,0.501
2023-03-30,89,3,2023,0.07,telemetry,26.5,11.5,telemetry,Ludhiana,1,5.123,0.963,0.0,4.935,8.2616,0.0,8.2616,2.9027,8.4534,0.0207,4.8788,3.5746,1.719598761679069,30.19,7.8,25.29,5.97,10.05,0.525
2023-03-31,90,3,2023,0.13,telemetry,18.2,8.8,telemetry,Ludhiana,1,3.467,0.943,0.0,3.268,5.3294,0.0,5.3294,1.8725,5.5212,0.0384,4.9056,0.6156,1.7210494863086168,30.191,1.26,25.11,5.868,8.7,0.339
2023-04-01,91,4,2023,6.0,telemetry,22.5,9.6,telemetry,Ludhiana,1,4.415,0.922,0.0,4.07,0.0,0.0,0.0,0.0,0.1918,1.7711,4.9292,-4.7374,1.7098848533525424,30.18,6.93,25.04,5.868,14.2,0.0
2023-04-02,92,4,2023,0.27,telemetry,24.9,9.9,telemetry,Ludhiana,1,4.976,0.901,0.0,4.484,7.157,0.0,7.157,2.5146,7.3488,0.0797,4.9442,2.4046,1.715551835392838,30.186,7.0,25.07,5.899,14.45,0.455
2023-04-03,93,4,2023,0.07,telemetry,21.3,12.7,telemetry,Ludhiana,1,3.743,0.88,0.0,3.296,5.4778,0.0,5.4778,1.9246,5.6696,0.0207,4.9593,0.7103,1.7172258066657182,30.188,6.8,24.93,6.114,14.51,0.348
2023-04-04,94,4,2023,0.07,telemetry,24.2,11.4,telemetry,Ludhiana,1,4.694,0.86,0.0,4.036,6.7348,0.0,6.7348,2.3663,6.9266,0.0207,4.9723,1.9543,1.7218316139787189,30.192,6.74,24.93,6.169,14.57,0.428
2023-04-05,95,4,2023,0.13,telemetry,29.0,13.3,telemetry,Ludhiana,1,5.716,0.839,0.0,4.796,7.9228,0.0,7.9228,2.7837,8.1146,0.0384,4.9849,3.1297,1.7292074661319496,30.2,6.74,25.05,6.192,14.69,0.504
2023-04-06,96,4,2023,0.0,telemetry,28.1,9.9,telemetry,Ludhiana,1,5.842,0.818,0.0,4.78,8.1172,0.0,8.1172,2.852,8.309,0.0,4.9987,3.3103,1.737008820178085,30.207,6.67,25.14,6.164,14.69,0.516
2023-04-07,97,4,2023,0.0,telemetry,31.5,13.8,telemetry,Ludhiana,1,6.362,0.798,0.0,5.074,8.6157,0.0,8.6157,3.0271,8.8075,0.0,5.0139,3.7936,1.745949208084949,30.216,6.54,25.31,6.779,14.69,0.548
2023-04-08,98,4,2023,0.0,telemetry,30.8,8.0,telemetry,Ludhiana,1,6.67,0.777,0.0,5.182,8.7989,0.0,8.7989,3.0915,8.9907,0.0,5.0309,3.9598,1.7552812088971477,30.226,0.54,25.46,6.908,14.69,0.559
2023-04-09,99,4,2023,0.0,telemetry,33.0,12.3,telemetry,Ludhiana,1,6.942,0.756,0.0,5.249,8.9127,0.0,8.9127,3.1315,9.1045,0.0,5.0499,4.0546,1.764836793015212,30.235,0.27,25.66,7.037,14.69,0.567
2023-04-10,100,4,2023,0.0,telemetry,29.6,5.4,telemetry,Ludhiana,1,6.579,0.735,0.0,4.838,8.2151,0.0,8.2151,2.8864,8.4069,0.0,5.0706,3.3363,1.77269937577515,30.243,0.2,25.7,7.093,14.69,0.522
2023-04-11,101,4,2023,0.0,telemetry,35.3,10.4,telemetry,Ludhiana,1,7.718,0.715,0.0,5.515,9.3656,0.0,9.3656,3.2906,9.5574,0.0,5.0921,4.4653,1.7832226617062377,30.254,0.13,25.9,7.199,14.69,0.595
2023-04-12,102,4,2023,0.0,telemetry,34.4,16.7,telemetry,Ludhiana,1,6.968,0.694,0.0,4.835,8.2109,0.0,8.2109,2.8849,8.4027,0.0,5.1158,3.2869,1.7909689334872736,30.261,0.0,26.08,7.223,14.69,0.522
2023-04-13,103,4,2023,0.0,telemetry,33.8,14.6,telemetry,Ludhiana,1,7.061,0.673,0.0,4.753,8.0712,0.0,8.0712,2.8358,8.263,0.0,5.1398,3.1232,1.7983293333074342,30.269,0.0,26.26,7.209,14.69,0.513
2023-04-14,104,4,2023,0.0,telemetry,36.9,17.6,telemetry,Ludhiana,1,7.624,0.652,0.0,4.974,8.4466,0.0,8.4466,2.9677,8.6384,0.0,5.164,3.4744,1.8065175182503466,30.277,0.0,26.51,7.432,14.69,0.537
2023-04-15,105,4,2023,0.07,telemetry,39.8,18.0,telemetry,Ludhiana,1,8.433,0.632,0.0,5.327,8.9271,0.0,8.9271,3.1365,9.1189,0.0207,5.1887,3.9302,1.8157798659789421,30.286,0.07,26.88,8.07,14.76,0.567
2023-04-16,106,4,2023,0.0,telemetry,39.1,19.8,telemetry,Ludhiana,1,8.059,0.611,0.0,4.924,8.3615,0.0,8.3615,2.9378,8.5533,0.0,5.2145,3.3388,1.8236484071753667,30.294,0.07,27.41,8.156,14.63,0.532
2023-04-17,107,4,2023,0.0,telemetry,37.6,17.2,telemetry,Ludhiana,1,7.957,0.59,0.0,4.696,7.9747,0.0,7.9747,2.8019,8.1665,0.0,5.2405,2.926,1.830544046509397,30.301,0.07,28.03,8.334,-11.5,0.507
2023-04-18,108,4,2023,0.0,telemetry,35.9,21.9,telemetry,Ludhiana,1,6.836,0.57,0.0,3.893,6.6105,0.0,6.6105,2.3226,6.8023,0.0,5.2662,1.5361,1.8341642463924546,30.305,0.07,28.33,8.325,-12.43,0.42
2023-04-19,109,4,2023,1.47,telemetry,30.6,16.2,telemetry,Ludhiana,1,6.138,0.549,0.0,3.369,3.2534,0.0,3.2534,1.1431,3.4452,0.4339,5.2896,-1.8444,1.829817556292198,30.3,1.54,28.62,7.992,-14.68,0.207
2023-04-20,110,4,2023,0.47,telemetry,31.9,16.5,telemetry,Ludhiana,1,6.494,0.528,0.0,3.429,5.0281,0.0,5.0281,1.7666,5.2199,0.1387,5.3069,-0.087,1.829612586859028,30.3,2.01,28.94,7.771,-14.58,0.32
2023-04-21,111,4,2023,1.93,telemetry,32.6,13.3,telemetry,Ludhiana,1,7.079,0.507,0.0,3.591,2.8712,0.0,2.8712,1.0088,3.063,0.5697,5.3206,-2.2576,1.8242921390372662,30.295,3.94,29.24,7.361,-12.66,0.183
2023-04-22,112,4,2023,0.0,telemetry,31.2,14.4,telemetry,Ludhiana,1,6.602,0.487,0.0,3.213,5.4553,0.0,5.4553,1.9167,5.6471,0.0,5.3285,0.3186,1.8250429403058903,30.295,3.87,29.43,7.122,-12.78,0.347
2023-04-23,113,4,2023,0.0,telemetry,29.0,13.5,telemetry,Ludhiana,1,6.12,0.466,0.0,2.851,4.8413,0.0,4.8413,1.701,5.0331,0.0,5.3341,-0.301,1.8243336068320843,30.295,3.87,29.67,6.831,-19.45,0.308
2023-04-24,114,4,2023,0.0,telemetry,33.4,13.7,telemetry,Ludhiana,1,7.33,0.445,0.0,3.263,5.5402,0.0,5.5402,1.9466,5.732,0.0,5.3367,0.3953,1.8252653116803195,30.296,3.87,30.0,6.64,-19.78,0.352
2023-04-25,115,4,2023,0.0,telemetry,33.8,16.2,telemetry,Ludhiana,1,7.194,0.424,0.0,3.053,5.1842,0.0,5.1842,1.8215,5.376,0.0,5.3374,0.0386,1.8253562877461906,30.296,3.87,30.35,6.341,-19.87,0.33
2023-04-26,116,4,2023,0.0,telemetry,35.9,19.1,telemetry,Ludhiana,1,7.462,0.404,0.0,3.012,5.1148,0.0,5.1148,1.7971,5.3066,0.0,5.336,-0.0294,1.8252870483635977,30.296,2.4,30.75,6.12,-20.14,0.325
2023-04-27,117,4,2023,0.07,telemetry,33.7,20.5,telemetry,Ludhiana,1,6.576,0.383,0.0,2.518,4.1571,0.0,4.1571,1.4606,4.3489,0.0207,5.3325,-0.9836,1.822969018837624,30.293,2.0,31.02,5.84,-20.21,0.264
2023-04-28,118,4,2023,0.0,telemetry,33.4,19.1,telemetry,Ludhiana,1,6.735,0.362,0.0,2.439,4.1421,0.0,4.1421,1.4553,4.3339,0.0,5.3259,-0.992,1.8206312879670634,30.291,0.07,31.26,5.533,-20.34,0.263
2023-04-29,119,4,2023,0.0,telemetry,28.4,18.8,telemetry,Ludhiana,1,5.201,0.341,0.0,1.776,3.0157,0.0,3.0157,1.0596,3.2075,0.0,5.3163,-2.1088,1.815661501931638,30.286,0.07,31.33,5.111,-20.41,0.192
2023-04-30,120,4,2023,0.0,telemetry,28.0,17.6,telemetry,Ludhiana,1,5.324,0.321,0.0,1.707,2.8995,0.0,2.8995,1.0187,3.0913,0.0,5.3026,-2.2113,1.8104501976203518,30.281,0.07,31.65,4.721,-20.54,0.184
2023-05-01,121,5,2023,0.07,telemetry,27.3,16.9,telemetry,Ludhiana,0,5.246,0.0,0.0,0.0,0.0,0.0,0.0,0.0,0.1918,0.0207,5.2849,-5.0931,1.7984472778986689,30.269,0.14,31.81,4.151,-26.48,0.0
2023-05-02,122,5,2023,0.73,telemetry,26.9,15.1,telemetry,Ludhiana,0,5.449,0.0,0.0,0.0,0.0,0.0,0.0,0.0,0.1918,0.2155,5.2598,-5.068,1.7865034792963412,30.257,0.87,31.88,3.679,-26.08,0.0
2023-05-03,123,5,2023,0.67,telemetry,28.0,16.2,telemetry,Ludhiana,0,5.618,0.0,0.0,0.0,0.0,0.0,0.0,0.0,0.1918,0.1978,5.2281,-5.0363,1.7746343351656189,30.245,1.54,32.1,3.446,-25.53,0.0
2023-05-04,124,5,2023,0.0,telemetry,31.5,15.8,telemetry,Ludhiana,0,6.749,0.0,0.0,0.0,0.0,0.0,0.0,0.0,0.1918,0.0,5.1905,-4.9987,1.7628539804137016,30.233,1.47,32.35,3.087,-24.8,0.0
2023-05-05,125,5,2023,0.0,telemetry,31.9,17.2,telemetry,Ludhiana,0,6.688,0.0,0.0,0.0,0.0,0.0,0.0,0.0,0.1918,0.0,5.1472,-4.9554,1.7511756133031235,30.222,1.47,32.44,2.882,-24.9,0.0
2023-05-06,126,5,2023,0.13,telemetry,34.8,19.8,telemetry,Ludhiana,0,7.212,0.0,0.0,0.0,0.0,0.0,0.0,0.0,0.1918,0.0384,5.0989,-4.9071,1.739611159998837,30.21,1.6,32.67,2.492,-24.79,0.0
2023-05-07,127,5,2023,0.0,telemetry,35.5,19.1,telemetry,Ludhiana,0,7.559,0.0,0.0,0.0,0.0,0.0,0.0,0.0,0.1918,0.0,5.046,-4.8542,1.7281712802532052,30.199,1.6,32.8,2.147,-24.79,0.0
2023-05-08,128,5,2023,0.13,telemetry,34.4,15.6,telemetry,Ludhiana,0,7.698,0.0,0.0,0.0,0.0,0.0,0.0,0.0,0.1918,0.0384,4.9891,-4.7973,1.7168656095176198,30.187,1.66,32.92,1.751,-24.67,0.0
2023-05-09,129,5,2023,0.2,telemetry,34.4,16.5,telemetry,Ludhiana,0,7.607,0.0,0.0,0.0,0.0,0.0,0.0,0.0,0.1918,0.059,4.9285,-4.7367,1.7057026709525247,30.176,1.13,32.97,1.381,-24.48,0.0
2023-05-10,130,5,2023,0.13,telemetry,35.2,16.5,telemetry,Ludhiana,0,7.863,0.0,0.0,0.0,0.0,0.0,0.0,0.0,0.1918,0.0384,4.8647,-4.6729,1.6946899894080578,30.165,0.59,33.15,1.015,-24.36,0.0
2023-05-11,131,5,2023,0.0,telemetry,38.7,18.3,telemetry,Ludhiana,0,8.729,0.0,0.0,0.0,0.0,0.0,0.0,0.0,0.1918,0.0,4.7981,-4.6063,1.683834243682137,30.154,0.59,33.27,0.718,-24.36,0.0
2023-05-12,132,5,2023,0.0,telemetry,40.5,18.7,telemetry,Ludhiana,0,9.257,0.0,0.0,0.0,0.0,0.0,0.0,0.0,0.1918,0.0,4.729,-4.5372,1.6731413606710341,30.144,0.59,33.47,0.423,-24.36,0.0
2023-05-13,133,5,2023,0.0,telemetry,40.9,23.0,telemetry,Ludhiana,0,8.821,0.0,0.0,0.0,0.0,0.0,0.0,0.0,0.1918,0.0,4.6577,-4.4659,1.6626164945813342,30.133,0.46,33.71,0.207,-24.36,0.0
2023-05-14,134,5,2023,0.0,telemetry,38.0,25.1,telemetry,Ludhiana,0,7.442,0.0,0.0,0.0,0.0,0.0,0.0,0.0,0.1918,0.0,4.5846,-4.3928,1.6522640825194508,30.123,0.46,33.74,0.0,-24.36,0.0
2023-05-15,135,5,2023,0.0,telemetry,40.1,22.3,telemetry,Ludhiana,0,8.695,0.0,1.05,0.0,0.0,13.6398,13.6398,4.7924,13.8316,0.0,4.5098,9.3218,1.6742327834287092,30.145,0.33,33.75,0.0,-24.43,0.867
2023-05-16,136,5,2023,0.0,telemetry,38.0,23.0,telemetry,Ludhiana,0,7.882,0.0,1.05,0.0,0.0,12.3637,12.3637,4.344,12.5555,0.0,4.4518,8.1037,1.693330813600474,30.164,0.13,33.72,0.0,-24.43,0.786
2023-05-17,137,5,2023,0.0,telemetry,38.1,21.0,telemetry,Ludhiana,0,8.264,0.0,1.05,0.0,0.0,12.963,12.963,4.5546,13.1548,0.0,4.4075,8.7473,1.7139454763218847,30.184,0.0,33.73,0.0,-24.43,0.824
2023-05-18,138,5,2023,1.67,telemetry,31.0,16.7,telemetry,Ludhiana,0,6.658,0.0,1.05,0.0,0.0,7.9826,7.9826,2.8047,8.1744,0.493,4.3768,3.7976,1.7228953190772796,30.193,1.67,33.57,0.0,-22.9,0.507
2023-05-19,139,5,2023,0.0,telemetry,33.8,19.2,telemetry,Ludhiana,0,7.167,0.0,1.05,0.0,0.0,11.2421,11.2421,3.9499,11.4339,0.0,4.3523,7.0816,1.7395846248841977,30.21,1.67,33.68,0.0,-24.37,0.715
2023-05-20,140,5,2023,0.0,telemetry,38.4,19.9,telemetry,Ludhiana,0,8.563,0.0,1.05,0.0,0.0,13.4321,13.4321,4.7194,13.6239,0.0,4.3374,9.2865,1.761470144553187,30.232,1.67,33.89,0.0,-24.84,0.854
2023-05-21,141,5,2023,0.0,telemetry,41.5,21.2,telemetry,Ludhiana,0,9.404,0.0,1.05,0.0,0.0,14.751,14.751,5.1828,14.9428,0.0,4.3343,10.6085,1.7864712012476818,30.257,1.67,34.19,0.0,-26.77,0.938
2023-05-22,142,5,2023,0.0,telemetry,41.5,23.3,telemetry,Ludhiana,0,9.107,0.0,1.05,0.0,0.0,14.2854,14.2854,5.0192,14.4772,0.0,4.3437,10.1335,1.810352702638413,30.281,1.67,34.53,0.0,-26.77,0.908
2023-05-23,143,5,2023,0.8,telemetry,40.7,25.7,telemetry,Ludhiana,0,8.411,0.0,1.05,0.0,0.0,12.0056,12.0056,4.2182,12.1974,0.2361,4.3641,7.8333,1.8288135424287046,30.299,2.47,34.92,0.0,-25.18,0.763
2023-05-24,144,5,2023,22.33,telemetry,34.0,19.5,telemetry,Ludhiana,0,7.233,0.0,1.05,0.0,0.0,0.0,0.0,0.0,0.1918,6.5914,4.3914,-4.1996,1.818916245996655,30.289,24.8,34.94,0.0,-4.69,0.0
2023-05-25,145,5,2023,2.27,telemetry,29.4,18.5,telemetry,Ludhiana,0,5.884,0.0,1.05,0.0,0.0,5.9,5.9,2.073,6.0918,0.6701,4.4149,1.6769,1.8228682596166845,30.293,25.4,34.8,0.0,-2.61,0.375
2023-05-26,146,5,2023,0.2,telemetry,29.5,17.8,telemetry,Ludhiana,0,6.059,0.0,1.05,0.0,0.0,9.2065,9.2065,3.2347,9.3983,0.059,4.4375,4.9608,1.8345593448189061,30.305,25.6,34.58,0.0,-2.42,0.585
2023-05-27,147,5,2023,2.67,telemetry,28.8,17.8,telemetry,Ludhiana,0,5.832,0.0,1.05,0.0,0.0,5.2448,5.2448,1.8428,5.4366,0.7881,4.4633,0.9733,1.836853223350789,30.307,28.27,34.42,0.0,-0.05,0.333
2023-05-28,148,5,2023,0.0,telemetry,32.4,19.2,telemetry,Ludhiana,0,6.785,0.0,1.05,0.0,0.0,10.6425,10.6425,3.7393,10.8343,0.0,4.4872,6.3471,1.8518114844681357,30.322,28.27,34.39,0.0,0.67,0.677
2023-05-29,149,5,2023,3.87,telemetry,28.8,16.7,telemetry,Ludhiana,0,6.047,0.0,1.05,0.0,0.0,3.8837,3.8837,1.3645,4.0755,1.1423,4.5159,-0.4404,1.8507736688627108,30.321,32.14,34.4,0.0,4.22,0.247
2023-05-30,150,5,2023,1.87,telemetry,28.1,17.1,telemetry,Ludhiana,0,5.75,0.0,1.05,0.0,0.0,6.268,6.268,2.2023,6.4598,0.552,4.5409,1.9189,1.8552959290297393,30.326,33.21,34.4,0.0,5.93,0.398
2023-05-31,151,5,2023,5.87,telemetry,22.4,17.1,telemetry,Ludhiana,0,3.713,0.0,1.05,0.0,0.0,0.0,0.0,0.0,0.1918,1.7327,4.5652,-4.3734,1.8449891023572669,30.315,16.75,34.24,0.0,11.24,0.0
2023-06-01,152,6,2023,0.13,telemetry,25.3,15.3,telemetry,Ludhiana,0,5.18,0.0,1.052,0.0,0.0,7.9449,7.9449,2.7915,8.1367,0.1055,4.5815,3.5552,1.8533675279633934,30.324,14.61,34.19,0.0,10.63,0.505
2023-06-02,153,6,2023,1.33,telemetry,27.4,16.3,telemetry,Ludhiana,0,5.684,0.0,1.055,0.0,0.0,6.996,6.996,2.4581,7.1878,1.0796,4.5997,2.5881,1.85946689694764,30.33,15.74,34.17,0.0,11.18,0.445
2023-06-03,154,6,2023,0.0,telemetry,31.3,17.8,telemetry,Ludhiana,0,6.7,0.0,1.059,0.0,0.0,10.6006,10.6006,3.7245,10.7924,0.0,4.6191,6.1733,1.874015551698553,30.344,13.07,34.16,0.0,11.18,0.674
2023-06-04,155,6,2023,0.0,telemetry,33.1,20.6,telemetry,Ludhiana,0,6.802,0.0,1.063,0.0,0.0,10.799,10.799,3.7942,10.9908,0.0,4.6434,6.3474,1.8889744252715603,30.359,13.07,34.2,0.0,11.18,0.686
2023-06-05,156,6,2023,0.0,telemetry,35.2,19.9,telemetry,Ludhiana,0,7.648,0.0,1.066,0.0,0.0,12.1842,12.1842,4.2809,12.376,0.0,4.6725,7.7035,1.9071292397797752,30.378,9.2,34.21,0.0,11.05,0.775
2023-06-06,157,6,2023,0.2,telemetry,34.5,20.3,telemetry,Ludhiana,0,7.348,0.0,1.07,0.0,0.0,11.448,11.448,4.0223,11.6398,0.1623,4.7077,6.9321,1.9234660457314565,30.394,7.53,34.18,0.0,11.24,0.728
2023-06-07,158,6,2023,0.07,telemetry,32.1,18.5,telemetry,Ludhiana,0,6.861,0.0,1.074,0.0,0.0,10.9003,10.9003,3.8298,11.0921,0.0568,4.7477,6.3444,1.938417980117918,30.409,1.73,34.1,0.0,11.17,0.693
2023-06-08,159,6,2023,0.13,telemetry,35.3,19.9,telemetry,Ludhiana,0,7.695,0.0,1.077,0.0,0.0,12.1894,12.1894,4.2828,12.3812,0.1055,4.791,7.5902,1.956305758334608,30.427,1.73,34.13,0.0,11.09,0.775
2023-06-09,160,6,2023,0.0,telemetry,37.8,22.4,telemetry,Ludhiana,0,8.122,0.0,1.081,0.0,0.0,13.1156,13.1156,4.6082,13.3074,0.0,4.8392,8.4682,1.9762628102645248,30.447,0.4,34.22,0.0,10.96,0.834
2023-06-10,161,6,2023,0.67,telemetry,38.4,21.0,telemetry,Ludhiana,0,8.565,0.0,1.085,0.0,0.0,12.8816,12.8816,4.526,13.0734,0.5439,4.8928,8.1806,1.9955420523621497,30.466,1.07,34.21,0.0,11.57,0.819
2023-06-11,162,6,2023,0.0,telemetry,33.1,20.3,telemetry,Ludhiana,0,6.885,0.0,1.088,0.0,0.0,11.1921,11.1921,3.9324,11.3839,0.0,4.9514,6.4325,2.0107014047254723,30.481,1.07,33.96,0.0,11.57,0.711
2023-06-12,163,6,2023,0.0,telemetry,36.7,22.1,telemetry,Ludhiana,0,7.801,0.0,1.092,0.0,0.0,12.7249,12.7249,4.4709,12.9167,0.0,5.0119,7.9048,2.029330573023086,30.5,1.07,33.82,0.0,11.57,0.809
2023-06-13,164,6,2023,0.33,telemetry,38.5,24.6,telemetry,Ludhiana,0,7.961,0.0,1.095,0.0,0.0,12.5369,12.5369,4.4049,12.7287,0.2679,5.076,7.6527,2.047365707029882,30.518,1.2,33.84,0.0,11.88,0.797
2023-06-14,165,6,2023,0.0,telemetry,37.0,22.8,telemetry,Ludhiana,0,7.779,0.0,1.099,0.0,0.0,12.7734,12.7734,4.488,12.9652,0.0,5.1432,7.822,2.065799815634814,30.536,1.13,33.74,0.0,11.88,0.812
2023-06-15,166,6,2023,3.07,telemetry,32.1,21.0,telemetry,Ludhiana,0,6.396,0.0,1.103,0.0,0.0,6.0632,6.0632,2.1303,6.255,2.4921,5.2132,1.0418,2.0682549556766103,30.539,4.07,33.54,0.0,14.69,0.385
2023-06-16,167,6,2023,0.0,telemetry,34.9,22.4,telemetry,Ludhiana,0,7.11,0.0,1.106,0.0,0.0,11.7514,11.7514,4.1289,11.9432,0.0,5.279,6.6642,2.0839604476026627,30.554,4.07,33.43,0.0,15.05,0.747
2023-06-17,168,6,2023,0.0,telemetry,36.3,23.9,telemetry,Ludhiana,0,7.303,0.0,1.11,0.0,0.0,12.1105,12.1105,4.255,12.3023,0.0,5.3462,6.9561,2.1003538546390996,30.571,3.4,33.61,0.0,14.22,0.77
2023-06-18,169,6,2023,0.0,telemetry,32.0,25.6,telemetry,Ludhiana,0,5.105,0.0,1.114,0.0,0.0,8.4925,8.4925,2.9839,8.6843,0.0,5.4151,3.2692,2.1080584576603094,30.578,3.4,33.55,0.0,14.54,0.54
2023-06-19,170,6,2023,1.73,telemetry,37.0,23.8,telemetry,Ludhiana,0,7.583,0.0,1.117,0.0,0.0,10.1077,10.1077,3.5514,10.2995,1.4043,5.4805,4.819,2.1194153933037057,30.59,5.13,33.5,0.0,16.14,0.643
2023-06-20,171,6,2023,0.0,telemetry,38.1,24.9,telemetry,Ludhiana,0,7.755,0.0,1.121,0.0,0.0,12.9869,12.9869,4.563,13.1787,0.0,5.546,7.6327,2.1374032756764483,30.608,4.8,33.39,0.0,16.15,0.826
2023-06-21,172,6,2023,0.0,telemetry,37.8,27.0,telemetry,Ludhiana,0,7.142,0.0,1.125,0.0,0.0,11.9994,11.9994,4.216,12.1912,0.0,5.6142,6.577,2.1529032955606757,30.623,4.8,33.27,0.0,16.19,0.763
2023-06-22,173,6,2023,0.0,telemetry,36.7,27.0,telemetry,Ludhiana,0,6.694,0.0,1.128,0.0,0.0,11.2822,11.2822,3.964,11.474,0.0,5.6833,5.7907,2.1665502156019305,30.637,1.73,33.13,0.0,15.39,0.717
2023-06-23,174,6,2023,0.0,telemetry,37.0,28.1,telemetry,Ludhiana,0,6.501,0.0,1.132,0.0,0.0,10.9928,10.9928,3.8623,11.1846,0.0,5.7522,5.4324,2.1793527214920085,30.65,1.73,33.23,0.0,-6.94,0.699
2023-06-24,175,6,2023,0.0,telemetry,37.0,27.8,telemetry,Ludhiana,0,6.589,0.0,1.135,0.0,0.0,11.1766,11.1766,3.9269,11.3684,0.0,5.8204,5.548,2.1924276678394294,30.663,1.73,33.49,0.0,-9.21,0.71
2023-06-25,176,6,2023,0.0,telemetry,33.1,22.4,telemetry,Ludhiana,0,6.446,0.0,1.139,0.0,0.0,10.969,10.969,3.854,11.1608,0.0,5.8881,5.2727,2.2048538958462944,30.675,1.73,33.61,0.0,-9.41,0.697
2023-06-26,177,6,2023,0.0,telemetry,29.6,22.1,telemetry,Ludhiana,0,5.17,0.0,1.143,0.0,0.0,8.8257,8.8257,3.1009,9.0175,0.0,5.9548,3.0627,2.2120716515882184,30.682,0.0,33.63,0.0,-12.08,0.561
2023-06-27,178,6,2023,0.0,telemetry,32.8,24.6,telemetry,Ludhiana,0,5.757,0.0,1.146,0.0,0.0,9.8588,9.8588,3.4639,10.0506,0.0,6.0178,4.0328,2.221575685105475,30.692,0.0,33.65,0.0,-12.08,0.627
2023-06-28,179,6,2023,1.07,telemetry,31.7,23.8,telemetry,Ludhiana,0,5.533,0.0,1.15,0.0,0.0,7.9205,7.9205,2.7829,8.1123,0.8686,6.0786,2.0337,2.2263686127795275,30.697,1.07,33.74,0.0,-14.97,0.503
2023-06-29,180,6,2023,0.13,telemetry,33.8,24.9,telemetry,Ludhiana,0,6.076,0.0,1.154,0.0,0.0,10.2778,10.2778,3.6111,10.4696,0.1055,6.1353,4.3343,2.2365831588797818,30.707,1.2,33.93,0.0,-16.72,0.653
2023-06-30,181,6,2023,0.0,telemetry,33.5,24.9,telemetry,Ludhiana,0,5.951,0.0,1.157,0.0,0.0,10.2884,10.2884,3.6148,10.4802,0.0,6.1909,4.2893,2.2466918170782497,30.717,1.2,34.3,0.0,-22.09,0.654
2023-07-01,182,7,2023,5.13,telemetry,33.8,23.1,telemetry,Ludhiana,0,6.528,0.0,1.161,0.0,0.0,3.9729,3.9729,1.3959,4.1647,4.1643,6.2451,-2.0804,2.24178901874309,30.712,6.33,34.59,0.0,-17.22,0.253
2023-07-02,183,7,2023,0.0,telemetry,34.5,23.8,telemetry,Ludhiana,0,6.623,0.0,1.165,0.0,0.0,11.523,11.523,4.0486,11.7148,0.0,6.2932,5.4216,2.254566153196298,30.725,6.33,34.82,0.0,-18.55,0.732
2023-07-03,184,7,2023,0.0,telemetry,37.0,27.0,telemetry,Ludhiana,0,6.787,0.0,1.168,0.0,0.0,11.8454,11.8454,4.1619,12.0372,0.0,6.3421,5.6951,2.2679876877806064,30.738,6.33,35.01,0.0,-18.54,0.753
2023-07-04,185,7,2023,0.0,telemetry,35.3,25.6,telemetry,Ludhiana,0,6.472,0.0,1.172,0.0,0.0,11.3308,11.3308,3.9811,11.5226,0.0,6.3922,5.1304,2.2800784291297878,30.75,6.33,35.09,0.0,-18.54,0.72
2023-07-05,186,7,2023,23.0,telemetry,27.8,22.1,telemetry,Ludhiana,0,4.393,0.0,1.175,0.0,0.0,0.0,0.0,0.0,0.1918,18.6702,6.4426,-6.2508,2.2653472862467967,30.736,28.26,34.84,0.0,2.54,0.0
2023-07-06,187,7,2023,1.6,telemetry,29.5,23.1,telemetry,Ludhiana,0,4.798,0.0,1.179,0.0,0.0,6.0921,6.0921,2.1405,6.2839,1.2988,6.4942,-0.2103,2.2648517268362616,30.735,29.73,34.67,0.0,4.37,0.387
2023-07-07,188,7,2023,0.0,telemetry,31.7,23.1,telemetry,Ludhiana,0,5.696,0.0,1.183,0.0,0.0,10.0645,10.0645,3.5362,10.2563,0.0,6.5405,3.7158,2.273608812417697,30.744,29.73,34.66,0.0,4.3,0.64
2023-07-08,189,7,2023,11.53,telemetry,27.4,22.8,telemetry,Ludhiana,0,3.95,0.0,1.186,0.0,0.0,0.0,0.0,0.0,0.1918,9.3594,6.586,-6.3942,2.258539688115915,30.729,36.13,34.4,0.0,14.74,0.0
2023-07-09,190,7,2023,23.53,telemetry,27.4,23.1,telemetry,Ludhiana,0,3.829,0.0,1.19,0.0,0.0,0.0,0.0,0.0,0.1918,19.1004,6.6254,-6.4336,2.243377655987006,30.714,59.66,34.05,0.0,37.16,0.0
2023-07-10,191,7,2023,3.2,telemetry,27.1,22.4,telemetry,Ludhiana,0,3.953,0.0,1.194,0.0,0.0,2.3913,2.3913,0.8402,2.5831,2.5976,6.6679,-4.0848,2.2337509710322423,30.704,62.86,33.67,0.0,39.42,0.152
2023-07-11,192,7,2023,0.0,telemetry,32.1,22.4,telemetry,Ludhiana,0,6.007,0.0,1.197,0.0,0.0,10.7443,10.7443,3.775,10.9361,0.0,6.7026,4.2335,2.24372797128844,30.714,62.86,33.64,0.0,39.43,0.683
2023-07-12,193,7,2023,0.0,telemetry,32.7,24.9,telemetry,Ludhiana,0,5.566,0.0,1.2,0.0,0.0,9.9784,9.9784,3.5059,10.1702,0.0,6.739,3.4312,2.2518142526683924,30.722,39.86,33.51,0.0,39.43,0.634
2023-07-13,194,7,2023,0.0,telemetry,31.7,24.2,telemetry,Ludhiana,0,5.353,0.0,1.2,0.0,0.0,9.5956,9.5956,3.3714,9.7874,0.0,6.7758,3.0116,2.258911713505539,30.729,38.26,33.28,0.0,39.15,0.61
2023-07-14,195,7,2023,0.0,telemetry,31.3,24.9,telemetry,Ludhiana,0,4.955,0.0,1.2,0.0,0.0,8.8828,8.8828,3.121,9.0746,0.0,6.8123,2.2623,2.2642431990753864,30.735,38.26,33.09,0.0,39.15,0.565
2023-07-15,196,7,2023,0.4,telemetry,33.8,24.9,telemetry,Ludhiana,0,5.995,0.0,1.2,0.0,0.0,10.1517,10.1517,3.5668,10.3435,0.3247,6.8476,3.4959,2.2724819462422086,30.743,27.13,33.15,0.0,36.45,0.645
2023-07-16,197,7,2023,0.07,telemetry,31.3,24.9,telemetry,Ludhiana,0,4.943,0.0,1.2,0.0,0.0,8.7565,8.7565,3.0766,8.9483,0.0568,6.8836,2.0647,2.2773477904758557,30.748,3.67,33.03,0.0,36.53,0.557
2023-07-17,198,7,2023,0.0,telemetry,32.4,24.9,telemetry,Ludhiana,0,5.408,0.0,1.2,0.0,0.0,9.6947,9.6947,3.4062,9.8865,0.0,6.9181,2.9684,2.2843434761339347,30.755,0.47,32.9,0.0,37.2,0.616
2023-07-18,199,7,2023,5.27,telemetry,32.1,26.0,telemetry,Ludhiana,0,4.912,0.0,1.2,0.0,0.0,1.2653,1.2653,0.4446,1.4571,4.2779,6.9523,-5.4952,2.2713930059384335,30.742,5.74,32.9,0.0,42.06,0.08
2023-07-19,200,7,2023,3.53,telemetry,29.9,24.5,telemetry,Ludhiana,0,4.433,0.0,1.2,0.0,0.0,2.8227,2.8227,0.9918,3.0145,2.8655,6.9787,-3.9642,2.262050700840097,30.732,9.27,32.66,0.0,43.56,0.179
2023-07-20,201,7,2023,0.0,telemetry,34.5,26.3,telemetry,Ludhiana,0,5.843,0.0,1.2,0.0,0.0,10.4745,10.4745,3.6802,10.6663,0.0,6.9987,3.6676,2.2706940146069226,30.741,9.27,32.54,0.0,44.76,0.666
2023-07-21,202,7,2023,0.0,telemetry,36.0,27.4,telemetry,Ludhiana,0,6.136,0.0,1.2,0.0,0.0,10.9996,10.9996,3.8647,11.1914,0.0,7.0208,4.1706,2.2805229012583093,30.751,9.27,32.48,0.0,50.44,0.699
2023-07-22,203,7,2023,0.2,telemetry,29.0,25.2,telemetry,Ludhiana,0,3.694,0.0,1.2,0.0,0.0,6.3235,6.3235,2.2218,6.5153,0.1623,7.0452,-0.5299,2.279274091152962,30.75,9.07,32.23,0.0,51.32,0.402
2023-07-23,204,7,2023,0.0,telemetry,33.8,25.8,telemetry,Ludhiana,0,5.672,0.0,1.2,0.0,0.0,10.1692,10.1692,3.573,10.361,0.0,7.0657,3.2953,2.2870401426012466,30.757,9.0,32.12,0.0,51.33,0.646
2023-07-24,205,7,2023,0.0,telemetry,34.4,26.8,telemetry,Ludhiana,0,5.612,0.0,1.2,0.0,0.0,10.0614,10.0614,3.5351,10.2532,0.0,7.0875,3.1657,2.2945008186106453,30.765,9.0,32.03,0.0,51.37,0.64
2023-07-25,206,7,2023,13.2,telemetry,33.3,22.6,telemetry,Ludhiana,0,6.284,0.0,1.2,0.0,0.0,0.0,0.0,0.0,0.1918,10.7151,7.1102,-6.9184,2.278196219860245,30.749,16.93,32.04,0.0,63.67,0.0
2023-07-26,207,7,2023,0.47,telemetry,29.6,23.6,telemetry,Ludhiana,0,4.558,0.0,1.2,0.0,0.0,7.4726,7.4726,2.6255,7.6644,0.3815,7.1297,0.5347,2.2794563313383445,30.75,13.87,32.04,0.0,64.1,0.475
2023-07-27,208,7,2023,9.53,telemetry,31.7,25.8,telemetry,Ludhiana,0,4.73,0.0,1.2,0.0,0.0,0.0,0.0,0.0,0.1918,7.736,7.1475,-6.9557,2.2630639642298793,30.733,23.4,32.0,0.0,72.86,0.0
2023-07-28,209,7,2023,27.13,telemetry,28.0,23.6,telemetry,Ludhiana,0,3.819,0.0,1.2,0.0,0.0,0.0,0.0,0.0,0.1918,22.0227,7.16,-6.9682,2.246642031030822,30.717,50.53,31.88,0.0,97.01,0.0
2023-07-29,210,7,2023,0.0,telemetry,32.2,24.8,telemetry,Ludhiana,0,5.249,0.0,1.2,0.0,0.0,9.4099,9.4099,3.3062,9.6017,0.0,7.1804,2.4213,2.2523483911177555,30.723,50.33,31.83,0.0,97.0,0.598
2023-07-30,211,7,2023,0.67,telemetry,31.7,24.2,telemetry,Ludhiana,0,5.211,0.0,1.2,0.0,0.0,8.3462,8.3462,2.9324,8.538,0.5439,7.2019,1.3361,2.2554972165531,30.726,51.0,31.77,0.0,98.4,0.531
2023-07-31,212,7,2023,0.0,telemetry,33.3,24.8,telemetry,Ludhiana,0,5.669,0.0,1.2,0.0,0.0,10.163,10.163,3.5708,10.3548,0.0,7.2234,3.1314,2.262876910969247,30.733,51.0,31.75,0.0,93.39,0.646
2023-08-01,213,8,2023,0.0,telemetry,34.4,25.8,telemetry,Ludhiana,0,5.818,0.0,1.2,0.0,0.0,10.4292,10.4292,3.6643,10.621,0.0,7.2469,3.3741,2.2708287186648426,30.741,37.8,31.75,0.0,93.43,0.663
2023-08-02,214,8,2023,0.0,telemetry,34.3,25.3,telemetry,Ludhiana,0,5.901,0.0,1.2,0.0,0.0,10.5788,10.5788,3.7169,10.7706,0.0,7.2723,3.4983,2.279073143974245,30.749,37.33,31.66,0.0,93.44,0.672
2023-08-03,215,8,2023,0.0,telemetry,33.8,25.3,telemetry,Ludhiana,0,5.692,0.0,1.2,0.0,0.0,10.2036,10.2036,3.585,10.3954,0.0,7.2997,3.0957,2.286368835726318,30.757,27.8,31.61,0.0,93.44,0.649
2023-08-04,216,8,2023,0.07,telemetry,33.3,25.3,telemetry,Ludhiana,0,5.48,0.0,1.2,0.0,0.0,9.7192,9.7192,3.4149,9.911,0.0568,7.3282,2.5828,2.292455667551956,30.763,0.74,31.79,0.0,70.51,0.618
2023-08-05,217,8,2023,4.13,telemetry,33.8,25.2,telemetry,Ludhiana,0,5.692,0.0,1.2,0.0,0.0,4.2381,4.2381,1.4891,4.4299,3.3525,7.3572,-2.9273,2.2855570152369724,30.756,4.87,31.93,0.0,72.69,0.269
2023-08-06,218,8,2023,0.0,telemetry,33.3,24.7,telemetry,Ludhiana,0,5.618,0.0,1.2,0.0,0.0,10.0715,10.0715,3.5386,10.2633,0.0,7.3819,2.8814,2.292347534348783,30.763,4.2,31.99,0.0,72.71,0.64
2023-08-07,219,8,2023,0.0,telemetry,32.2,24.8,telemetry,Ludhiana,0,5.143,0.0,1.2,0.0,0.0,9.2193,9.2193,3.2392,9.4111,0.0,7.4077,2.0034,2.2970688381878106,30.767,4.2,32.15,0.0,61.19,0.586
2023-08-08,220,8,2023,0.0,telemetry,32.2,25.3,telemetry,Ludhiana,0,4.98,0.0,1.2,0.0,0.0,8.9273,8.9273,3.1366,9.1191,0.0,7.4333,1.6858,2.301041792828511,30.771,4.2,32.31,0.0,37.66,0.567
2023-08-09,221,8,2023,0.0,telemetry,32.8,24.8,telemetry,Ludhiana,0,5.353,0.0,1.2,0.0,0.0,9.5973,9.5973,3.372,9.7891,0.0,7.4581,2.331,2.3065352633101224,30.777,4.2,32.5,0.0,34.46,0.61
2023-08-10,222,8,2023,0.0,telemetry,32.2,24.8,telemetry,Ludhiana,0,5.102,0.0,1.2,0.0,0.0,9.146,9.146,3.2135,9.3378,0.0,7.483,1.8548,2.3109064485676454,30.781,4.2,32.5,0.0,34.65,0.581
2023-08-11,223,8,2023,0.0,telemetry,32.8,24.2,telemetry,Ludhiana,0,5.485,0.0,1.2,0.0,0.0,9.8322,9.8322,3.4546,10.024,0.0,7.5073,2.5167,2.3168375374259567,30.787,4.13,32.5,0.0,34.65,0.625
2023-08-12,224,8,2023,0.0,telemetry,33.3,24.2,telemetry,Ludhiana,0,5.656,0.0,1.2,0.0,0.0,10.1395,10.1395,3.5625,10.3313,0.0,7.532,2.7993,2.3234347411734944,30.794,0.0,32.56,0.0,34.65,0.645
2023-08-13,225,8,2023,0.0,telemetry,32.8,24.2,telemetry,Ludhiana,0,5.453,0.0,1.2,0.0,0.0,9.7754,9.7754,3.4346,9.9672,0.0,7.5572,2.41,2.32911430289503,30.799,0.0,32.61,0.0,34.65,0.621
2023-08-14,226,8,2023,0.0,telemetry,30.6,23.6,telemetry,Ludhiana,0,4.756,0.0,1.2,0.0,0.0,8.527,8.527,2.996,8.7188,0.0,7.5825,1.1363,2.3317922525747825,30.802,0.0,32.5,0.0,34.33,0.542
2023-08-15,227,8,2023,0.0,telemetry,32.8,24.8,telemetry,Ludhiana,0,5.261,0.0,1.2,0.0,0.0,9.4318,9.4318,3.3139,9.6236,0.0,7.606,2.0176,2.3365472012120097,30.807,0.0,32.55,0.0,34.28,0.6
2023-08-16,228,8,2023,2.33,telemetry,33.3,23.7,telemetry,Ludhiana,0,5.708,0.0,1.2,0.0,0.0,6.8173,6.8173,2.3953,7.0091,1.8914,7.629,-0.6199,2.3350863960444044,30.805,2.33,32.58,0.0,36.42,0.433
2023-08-17,229,8,2023,0.0,telemetry,33.3,24.2,telemetry,Ludhiana,0,5.57,0.0,1.2,0.0,0.0,9.9849,9.9849,3.5082,10.1767,0.0,7.6496,2.5271,2.3410420877151505,30.811,2.33,32.62,0.0,31.15,0.635
2023-08-18,230,8,2023,0.0,telemetry,33.8,24.8,telemetry,Ludhiana,0,5.586,0.0,1.2,0.0,0.0,10.0142,10.0142,3.5185,10.206,0.0,7.6706,2.5354,2.347017373913022,30.817,2.33,32.75,0.0,27.62,0.637
2023-08-19,231,8,2023,0.13,telemetry,30.0,24.2,telemetry,Ludhiana,0,4.261,0.0,1.2,0.0,0.0,7.4439,7.4439,2.6154,7.6357,0.1055,7.6918,-0.0561,2.346885069893413,30.817,2.46,32.6,0.0,27.74,0.473
2023-08-20,232,8,2023,6.87,telemetry,34.4,25.2,telemetry,Ludhiana,0,5.669,0.0,1.2,0.0,0.0,0.4638,0.4638,0.163,0.6556,5.5767,7.71,-7.0544,2.3302599614063295,30.801,9.33,32.55,0.0,34.03,0.029
2023-08-21,233,8,2023,0.0,telemetry,34.4,25.2,telemetry,Ludhiana,0,5.649,0.0,1.2,0.0,0.0,10.1274,10.1274,3.5583,10.3192,0.0,7.7207,2.5985,2.3363837619606667,30.807,9.33,32.73,0.0,33.83,0.644
2023-08-22,234,8,2023,0.0,telemetry,34.4,26.4,telemetry,Ludhiana,0,5.315,0.0,1.2,0.0,0.0,9.5287,9.5287,3.3479,9.7205,0.0,7.7327,1.9878,2.341068308793609,30.811,9.33,32.75,0.0,33.83,0.606
2023-08-23,235,8,2023,0.0,telemetry,31.7,24.7,telemetry,Ludhiana,0,4.728,0.0,1.2,0.0,0.0,8.4754,8.4754,2.9778,8.6672,0.0,7.7451,0.9221,2.3432414994655555,30.814,7.0,32.66,0.0,33.83,0.539
2023-08-24,236,8,2023,0.0,telemetry,32.2,24.2,telemetry,Ludhiana,0,5.035,0.0,1.2,0.0,0.0,9.0268,9.0268,3.1716,9.2186,0.0,7.7562,1.4624,2.3466879888107,30.817,7.0,32.62,0.0,20.66,0.574
2023-08-25,237,8,2023,0.0,telemetry,33.8,24.8,telemetry,Ludhiana,0,5.448,0.0,1.2,0.0,0.0,9.766,9.766,3.4313,9.9578,0.0,7.7669,2.1909,2.3518512576467248,30.822,7.0,32.76,0.0,20.19,0.621
2023-08-26,238,8,2023,0.0,telemetry,32.8,23.2,telemetry,Ludhiana,0,5.45,0.0,1.2,0.0,0.0,9.7698,9.7698,3.4326,9.9616,0.0,7.7782,2.1834,2.3569968150732636,30.827,6.87,32.8,0.0,10.66,0.621
2023-08-27,239,8,2023,0.0,telemetry,32.8,24.2,telemetry,Ludhiana,0,5.194,0.0,1.2,0.0,0.0,9.3109,9.3109,3.2714,9.5027,0.0,7.79,1.7127,2.361033139725323,30.831,0.0,32.96,0.0,-16.47,0.592
2023-08-28,240,8,2023,0.0,telemetry,31.2,22.0,telemetry,Ludhiana,0,5.131,0.0,1.2,0.0,0.0,9.1978,9.1978,3.2317,9.3896,0.0,7.8015,1.5881,2.364775766605721,30.835,0.0,32.92,0.0,-16.47,0.585
2023-08-29,241,8,2023,0.2,telemetry,33.3,23.6,telemetry,Ludhiana,0,5.465,0.0,1.2,0.0,0.0,9.4992,9.4992,3.3376,9.691,0.1623,7.8126,1.8784,2.3692025746767134,30.84,0.2,32.98,0.0,-16.96,0.604
2023-08-30,242,8,2023,3.4,telemetry,33.8,24.2,telemetry,Ludhiana,0,5.479,0.0,1.2,0.0,0.0,4.8802,4.8802,1.7147,5.072,2.7599,7.8237,-2.7517,2.3627175819653887,30.833,3.6,32.99,0.0,-13.84,0.31
2023-08-31,243,8,2023,0.67,telemetry,34.4,24.2,telemetry,Ludhiana,0,5.659,0.0,1.2,0.0,0.0,9.1496,9.1496,3.2147,9.3414,0.5439,7.8311,1.5103,2.366277011959902,30.837,4.27,32.99,0.0,-13.23,0.582
2023-09-01,244,9,2023,2.0,telemetry,35.4,24.8,telemetry,Ludhiana,0,5.841,0.0,1.2,0.0,0.0,7.532,7.532,2.6464,7.7238,1.6235,7.8386,-0.1148,2.366006385606495,30.836,6.27,33.03,0.0,-11.4,0.479
2023-09-02,245,9,2023,0.0,telemetry,33.8,24.8,telemetry,Ludhiana,0,5.269,0.0,1.2,0.0,0.0,9.4463,9.4463,3.319,9.6381,0.0,7.8451,1.793,2.3702318873941346,30.841,6.27,33.03,0.0,-11.4,0.6
2023-09-03,246,9,2023,0.0,telemetry,33.8,23.6,telemetry,Ludhiana,0,5.513,0.0,1.2,0.0,0.0,9.8835,9.8835,3.4726,10.0753,0.0,7.8519,2.2234,2.375471751881863,30.846,6.27,33.05,0.0,-11.47,0.628
2023-09-04,247,9,2023,0.0,telemetry,33.8,23.1,telemetry,Ludhiana,0,5.591,0.0,1.2,0.0,0.0,10.0223,10.0223,3.5213,10.2141,0.0,7.8594,2.3547,2.381021038292893,30.851,6.27,33.05,0.0,-15.6,0.637
2023-09-05,248,9,2023,0.0,telemetry,34.3,23.2,telemetry,Ludhiana,0,5.704,0.0,1.2,0.0,0.0,10.2263,10.2263,3.593,10.4181,0.0,7.8677,2.5504,2.387031516831844,30.857,6.07,33.08,0.0,-15.6,0.65
2023-09-06,249,9,2023,0.0,telemetry,34.9,22.6,telemetry,Ludhiana,0,5.976,0.0,1.2,0.0,0.0,10.7138,10.7138,3.7643,10.9056,0.0,7.877,3.0286,2.3941690735145396,30.865,2.67,33.17,0.0,-15.6,0.681
2023-09-07,250,9,2023,0.0,telemetry,34.9,23.1,telemetry,Ludhiana,0,5.857,0.0,1.2,0.0,0.0,10.4993,10.4993,3.6889,10.6911,0.0,7.8877,2.8034,2.400775834036516,30.871,2.0,33.26,0.0,-15.6,0.667
2023-09-08,251,9,2023,0.0,telemetry,34.4,24.2,telemetry,Ludhiana,0,5.453,0.0,1.2,0.0,0.0,9.7761,9.7761,3.4348,9.9679,0.0,7.8994,2.0685,2.405650563323006,30.876,0.0,33.31,0.0,-15.6,0.621
2023-09-09,252,9,2023,0.0,telemetry,32.8,24.2,telemetry,Ludhiana,0,4.898,0.0,1.2,0.0,0.0,8.7803,8.7803,3.085,8.9721,0.0,7.9111,1.061,2.4081510425939503,30.879,0.0,33.33,0.0,-15.58,0.558
2023-09-10,253,9,2023,0.0,telemetry,31.7,22.1,telemetry,Ludhiana,0,4.971,0.0,1.2,0.0,0.0,8.9109,8.9109,3.1309,9.1027,0.0,7.9212,1.1815,2.410935427018144,30.881,0.0,33.3,0.0,-15.58,0.566
2023-09-11,254,9,2023,0.0,telemetry,32.2,22.1,telemetry,Ludhiana,0,5.101,0.0,1.2,0.0,0.0,9.1439,9.1439,3.2127,9.3357,0.0,7.9302,1.4055,2.414247750943511,30.885,0.0,33.26,0.0,-15.58,0.581
2023-09-12,255,9,2023,0.0,telemetry,33.8,24.8,telemetry,Ludhiana,0,5.019,0.0,1.2,0.0,0.0,8.9974,8.9974,3.1612,9.1892,0.0,7.9383,1.2509,2.4171956419705882,30.888,0.0,33.29,0.0,-15.58,0.572
2023-09-13,256,9,2023,0.0,telemetry,34.4,25.8,telemetry,Ludhiana,0,4.963,0.0,1.2,0.0,0.0,8.8973,8.8973,3.1261,9.0891,0.0,7.9453,1.1438,2.419891118232142,30.89,0.0,33.42,0.0,-15.58,0.566
2023-09-14,257,9,2023,0.0,telemetry,34.9,26.3,telemetry,Ludhiana,0,4.988,0.0,1.2,0.0,0.0,8.9419,8.9419,3.1417,9.1337,0.0,7.9508,1.1829,2.4226788577522114,30.893,0.0,33.49,0.0,-15.5,0.568
2023-09-15,258,9,2023,18.47,telemetry,29.0,21.6,telemetry,Ludhiana,0,4.098,0.0,1.2,0.0,0.0,0.0,0.0,0.0,0.1918,14.993,7.9558,-7.764,2.4043815324170144,30.875,18.47,33.35,0.0,-0.88,0.0
2023-09-16,259,9,2023,18.4,telemetry,32.8,22.6,telemetry,Ludhiana,0,5.051,0.0,1.2,0.0,0.0,0.0,0.0,0.0,0.1918,14.9362,7.961,-7.7692,2.3860718899798012,30.856,36.87,33.33,0.0,15.99,0.0
2023-09-17,260,9,2023,22.33,telemetry,26.9,22.6,telemetry,Ludhiana,0,3.05,0.0,1.2,0.0,0.0,0.0,0.0,0.0,0.1918,18.1263,7.9668,-7.775,2.3677486167497666,30.838,59.2,33.1,0.0,36.46,0.0
2023-09-18,261,9,2023,0.07,telemetry,33.0,25.7,generated,Ludhiana,0,4.378,0.0,1.2,0.0,0.0,7.7442,7.7442,2.7209,7.936,0.0568,7.9763,-0.0403,2.3676537567972513,30.838,59.27,33.2,0.0,36.39,0.492
2023-09-19,262,9,2023,22.13,telemetry,32.9,23.4,generated,Ludhiana,0,4.839,0.0,1.2,0.0,0.0,0.0,0.0,0.0,0.1918,17.964,7.9842,-7.7924,2.3492893384972606,30.82,81.4,33.15,0.0,49.81,0.0
2023-09-20,263,9,2023,2.67,telemetry,33.9,25.0,generated,Ludhiana,0,4.789,0.0,1.2,0.0,0.0,4.681,4.681,1.6447,4.8728,2.1674,7.996,-3.1232,2.3419288080274843,30.812,84.07,33.13,0.0,52.25,0.298
2023-09-21,264,9,2023,0.07,telemetry,31.8,23.7,generated,Ludhiana,0,4.378,0.0,1.2,0.0,0.0,7.744,7.744,2.7209,7.9358,0.0568,8.0043,-0.0685,2.341767367971421,30.812,84.14,33.05,0.0,53.06,0.492
2023-09-22,265,9,2023,0.53,telemetry,30.5,19.4,generated,Ludhiana,0,4.781,0.0,1.2,0.0,0.0,7.7831,7.7831,2.7346,7.9749,0.4302,8.0116,-0.0367,2.341680880768752,30.812,66.2,33.01,0.0,53.59,0.495
2023-09-23,266,9,2023,13.53,telemetry,32.8,24.5,generated,Ludhiana,0,4.465,0.0,1.2,0.0,0.0,0.0,0.0,0.0,0.1918,10.9829,8.0182,-7.8264,2.323236350648259,30.794,61.33,33.03,0.0,66.52,0.0
2023-09-24,267,9,2023,0.13,telemetry,33.0,24.6,generated,Ludhiana,0,4.479,0.0,1.2,0.0,0.0,7.8358,7.8358,2.7531,8.0276,0.1055,8.0231,0.0045,2.323246853831717,30.794,39.13,33.0,0.0,70.23,0.498
2023-09-25,268,9,2023,0.07,telemetry,32.9,23.8,generated,Ludhiana,0,4.588,0.0,1.2,0.0,0.0,8.1214,8.1214,2.8535,8.3132,0.0568,8.0277,0.2855,2.3239197688161797,30.794,39.13,33.0,0.0,72.65,0.516
2023-09-26,269,9,2023,0.0,telemetry,29.5,21.7,generated,Ludhiana,0,3.97,0.0,1.2,0.0,0.0,7.1172,7.1172,2.5006,7.309,0.0,8.0321,-0.7231,2.3222156461188805,30.793,17.0,32.89,0.0,72.66,0.452
2023-09-27,270,9,2023,0.0,telemetry,31.9,23.8,generated,Ludhiana,0,4.229,0.0,1.2,0.0,0.0,7.5807,7.5807,2.6635,7.7725,0.0,8.035,-0.2625,2.321597038050354,30.792,14.33,32.92,0.0,72.66,0.482
2023-09-28,271,9,2023,0.07,telemetry,33.0,21.9,telemetry,Ludhiana,0,4.876,0.0,1.2,0.0,0.0,8.6359,8.6359,3.0342,8.8277,0.0568,8.037,0.7907,2.3234604336138776,30.794,14.33,32.91,0.0,72.53,0.549
2023-09-29,272,9,2023,0.0,telemetry,33.3,20.5,telemetry,Ludhiana,0,5.139,0.0,1.2,0.0,0.0,9.2122,9.2122,3.2367,9.404,0.0,8.0396,1.3644,2.3266758052554124,30.797,13.8,32.89,0.0,69.14,0.586
2023-09-30,273,9,2023,0.07,telemetry,33.0,19.8,telemetry,Ludhiana,0,5.126,0.0,1.2,0.0,0.0,9.0858,9.0858,3.1923,9.2776,0.0568,8.0435,1.2341,2.32958428472903,30.8,0.34,32.84,0.0,68.54,0.578
2023-10-01,274,10,2023,0.0,telemetry,32.6,13.7,telemetry,Ludhiana,0,5.646,0.0,1.2,0.0,0.0,10.1217,10.1217,3.5563,10.3135,0.0,8.0482,2.2653,2.3349229048098463,30.805,0.21,32.75,0.0,66.54,0.643
2023-10-02,275,10,2023,0.0,telemetry,32.6,10.0,telemetry,Ludhiana,0,5.856,0.0,1.2,0.0,0.0,10.4983,10.4983,3.6886,10.6901,0.0,8.055,2.6351,2.341132952489545,30.812,0.14,32.71,0.0,66.54,0.667
2023-10-03,276,10,2023,0.0,telemetry,32.6,17.2,telemetry,Ludhiana,0,5.244,0.0,1.189,0.0,0.0,9.3178,9.3178,3.2738,9.5096,0.0,8.0642,1.4454,2.3445392691394464,30.815,0.14,32.67,0.0,66.54,0.592
2023-10-04,277,10,2023,0.0,telemetry,33.7,18.7,telemetry,Ludhiana,0,5.297,0.0,1.175,0.0,0.0,9.3004,9.3004,3.2677,9.4922,0.0,8.0739,1.4183,2.3478817539942236,30.818,0.14,32.67,0.0,66.54,0.591
2023-10-05,278,10,2023,0.0,telemetry,33.7,17.6,telemetry,Ludhiana,0,5.383,0.0,1.161,0.0,0.0,9.3367,9.3367,3.2805,9.5285,0.0,8.084,1.4445,2.351286028930835,30.822,0.07,32.65,0.0,66.55,0.594
2023-10-06,279,10,2023,0.07,telemetry,34.1,18.3,telemetry,Ludhiana,0,5.363,0.0,1.147,0.0,0.0,9.0847,9.0847,3.1919,9.2765,0.0207,8.0944,1.1821,2.354071903891122,30.824,0.14,32.62,0.0,66.61,0.577
2023-10-07,280,10,2023,0.0,telemetry,34.1,20.1,telemetry,Ludhiana,0,5.116,0.0,1.133,0.0,0.0,8.6581,8.6581,3.042,8.8499,0.0,8.1047,0.7452,2.3558281209002687,30.826,0.07,32.59,0.0,66.61,0.55
2023-10-08,281,10,2023,0.0,telemetry,34.4,21.5,telemetry,Ludhiana,0,4.969,0.0,1.119,0.0,0.0,8.3047,8.3047,2.9179,8.4965,0.0,8.1143,0.3822,2.356728953967612,30.827,0.07,32.59,0.0,66.62,0.528
2023-10-09,282,10,2023,0.0,telemetry,34.1,23.0,telemetry,Ludhiana,0,4.637,0.0,1.105,0.0,0.0,7.6523,7.6523,2.6886,7.8441,0.0,8.1226,-0.2785,2.356072605727445,30.826,0.07,32.64,0.0,66.62,0.486
2023-10-10,283,10,2023,2.27,telemetry,31.9,18.0,telemetry,Ludhiana,0,4.753,0.0,1.09,0.0,0.0,4.4127,4.4127,1.5504,4.6045,0.6701,8.1289,-3.5244,2.3477666497276375,30.818,2.34,32.64,0.0,68.73,0.281
2023-10-11,284,10,2023,0.0,telemetry,31.5,16.9,telemetry,Ludhiana,0,4.752,0.0,1.076,0.0,0.0,7.6403,7.6403,2.6844,7.8321,0.0,8.1296,-0.2975,2.34706564988342,30.817,2.34,32.62,0.0,69.44,0.486
2023-10-12,285,10,2023,0.0,telemetry,31.9,17.2,telemetry,Ludhiana,0,4.774,0.0,1.062,0.0,0.0,7.5747,7.5747,2.6614,7.7665,0.0,8.1287,-0.3622,2.3462120917859717,30.817,2.34,32.56,0.0,69.44,0.482
2023-10-13,286,10,2023,0.0,telemetry,33.6,18.0,telemetry,Ludhiana,0,5.027,0.0,1.048,0.0,0.0,7.8701,7.8701,2.7652,8.0619,0.0,8.1263,-0.0644,2.346060323299017,30.816,2.27,32.53,0.0,69.44,0.5
2023-10-14,287,10,2023,0.0,telemetry,33.0,19.1,telemetry,Ludhiana,0,4.738,0.0,1.034,0.0,0.0,7.318,7.318,2.5712,7.5098,0.0,8.1229,-0.6131,2.3446155032190545,30.815,2.27,32.47,0.0,69.44,0.465
2023-10-15,288,10,2023,2.27,telemetry,28.3,16.9,telemetry,Ludhiana,0,3.925,0.0,1.02,0.0,0.0,2.6495,2.6495,0.9309,2.8413,0.6701,8.1177,-5.2764,2.332180598333751,30.803,4.54,32.44,0.0,53.06,0.168
2023-10-16,289,10,2023,14.0,telemetry,23.3,15.8,telemetry,Ludhiana,0,2.922,0.0,1.006,0.0,0.0,0.0,0.0,0.0,0.1918,4.1325,8.1053,-7.9135,2.3135308403975876,30.784,18.54,32.13,0.0,47.49,0.0
2023-10-17,290,10,2023,1.07,telemetry,24.0,14.4,telemetry,Ludhiana,0,3.251,0.0,0.991,0.0,0.0,3.2306,3.2306,1.1351,3.4224,0.3158,8.0858,-4.6634,2.302540690551259,30.773,17.34,32.03,0.0,26.14,0.205
2023-10-18,291,10,2023,0.0,telemetry,26.5,13.7,telemetry,Ludhiana,0,3.818,0.0,0.977,0.0,0.0,5.5737,5.5737,1.9583,5.7655,0.0,8.0608,-2.2953,2.297131440596422,30.768,17.34,31.81,0.0,26.07,0.354
2023-10-19,292,10,2023,0.0,telemetry,26.9,14.0,telemetry,Ludhiana,0,3.84,0.0,0.963,0.0,0.0,5.525,5.525,1.9412,5.7168,0.0,8.0336,-2.3168,2.2916714184299374,30.762,17.34,31.61,0.0,3.94,0.351
2023-10-20,293,10,2023,0.0,telemetry,27.6,14.4,telemetry,Ludhiana,0,3.911,0.0,0.949,0.0,0.0,5.5454,5.5454,1.9484,5.7372,0.0,8.0044,-2.2672,2.286328276078988,30.757,17.34,31.4,0.0,1.27,0.353
2023-10-21,294,10,2023,0.0,telemetry,29.0,14.4,telemetry,Ludhiana,0,4.157,0.0,0.935,0.0,0.0,5.8061,5.8061,2.04,5.9979,0.0,7.9734,-1.9755,2.281672651141645,30.752,17.34,31.31,0.0,1.2,0.369
2023-10-22,295,10,2023,0.0,telemetry,26.9,16.5,telemetry,Ludhiana,0,3.483,0.0,0.921,0.0,0.0,4.791,4.791,1.6833,4.9828,0.0,7.941,-2.9582,2.274700991721842,30.745,15.07,31.19,0.0,0.67,0.305
2023-10-23,296,10,2023,1.93,telemetry,28.3,15.5,telemetry,Ludhiana,0,3.855,0.0,0.907,0.0,0.0,2.3829,2.3829,0.8372,2.5747,0.5697,7.9061,-5.3314,2.2621364213609967,30.733,3.0,31.04,0.0,-11.09,0.151
2023-10-24,297,10,2023,0.0,telemetry,28.3,15.5,telemetry,Ludhiana,0,3.827,0.0,0.892,0.0,0.0,5.1028,5.1028,1.7929,5.2946,0.0,7.8662,-2.5716,2.256075912006101,30.726,1.93,30.88,0.0,-11.22,0.324
2023-10-25,298,10,2023,0.0,telemetry,29.4,14.7,telemetry,Ludhiana,0,4.087,0.0,0.878,0.0,0.0,5.3627,5.3627,1.8842,5.5545,0.0,7.8249,-2.2704,2.2507253707726327,30.721,1.93,30.77,0.0,-11.29,0.341
2023-10-26,299,10,2023,1.0,telemetry,30.8,14.4,telemetry,Ludhiana,0,4.345,0.0,0.864,0.0,0.0,4.1269,4.1269,1.45,4.3187,0.2952,7.7826,-3.4639,2.242562098932582,30.713,2.93,30.81,0.0,-10.37,0.262
2023-10-27,300,10,2023,0.0,telemetry,30.5,13.7,telemetry,Ludhiana,0,4.311,0.0,0.85,0.0,0.0,5.4748,5.4748,1.9236,5.6666,0.0,7.7381,-2.0715,2.237680307171554,30.708,2.93,30.76,0.0,-10.37,0.348
2023-10-28,301,10,2023,0.0,telemetry,28.7,14.8,telemetry,Ludhiana,0,3.859,0.0,0.0,0.0,0.0,0.0,0.0,0.0,0.1918,0.0,7.6931,-7.5013,2.220002001535923,30.69,2.93,30.62,0.0,-10.44,0.0
2023-10-29,302,10,2023,0.0,telemetry,29.4,15.8,telemetry,Ludhiana,0,3.871,0.0,0.0,0.0,0.0,0.0,0.0,0.0,0.1918,0.0,7.6405,-7.4487,2.2024476258719776,30.673,2.93,30.49,0.0,-10.44,0.0
2023-10-30,303,10,2023,0.0,telemetry,29.4,16.5,telemetry,Ludhiana,0,3.775,0.0,0.0,0.0,0.0,0.0,0.0,0.0,0.1918,0.0,7.581,-7.3892,2.185033540877026,30.655,1.0,30.37,0.0,-10.51,0.0
2023-10-31,304,10,2023,0.0,telemetry,29.4,15.4,telemetry,Ludhiana,0,3.852,0.0,0.0,0.0,0.0,0.0,0.0,0.0,0.1918,0.0,7.5152,-7.3234,2.167774581776569,30.638,1.0,30.26,0.0,-10.51,0.0
2023-11-01,305,11,2023,0.07,telemetry,28.3,16.2,telemetry,Ludhiana,1,3.542,0.4,0.0,1.417,2.0382,0.0,2.0382,0.7161,2.23,0.0207,7.4437,-5.2137,2.1554875792692867,30.626,1.07,30.12,0.146,-10.44,0.13
2023-11-02,306,11,2023,0.0,telemetry,28.7,15.5,telemetry,Ludhiana,1,3.66,0.4,0.0,1.464,2.2152,0.0,2.2152,0.7783,2.407,0.0,7.3697,-4.9627,2.143791904635383,30.614,0.07,29.99,0.304,-10.44,0.141
2023-11-03,307,11,2023,0.0,telemetry,28.0,15.8,telemetry,Ludhiana,1,3.476,0.4,0.0,1.39,2.104,0.0,2.104,0.7392,2.2958,0.0,7.2939,-4.9981,2.132012811339122,30.602,0.07,29.8,0.454,-10.44,0.134
2023-11-04,308,11,2023,0.2,telemetry,27.6,16.2,telemetry,Ludhiana,1,3.337,0.4,0.0,1.335,1.7174,0.0,1.7174,0.6034,1.9092,0.059,7.2164,-5.3072,2.1195054541411533,30.59,0.27,29.6,0.577,-10.26,0.109
2023-11-05,309,11,2023,0.0,telemetry,28.7,13.3,telemetry,Ludhiana,1,3.764,0.4,0.0,1.506,2.2781,0.0,2.2781,0.8004,2.4699,0.0,7.1368,-4.6669,2.10850702251168,30.579,0.27,29.42,0.739,-10.33,0.145
2023-11-06,310,11,2023,0.0,telemetry,28.3,12.6,telemetry,Ludhiana,1,3.721,0.4,0.0,1.488,2.2519,0.0,2.2519,0.7912,2.4437,0.0,7.0562,-4.6125,2.0976367805391885,30.568,0.27,29.22,0.9,-10.33,0.143
2023-11-07,311,11,2023,0.0,telemetry,28.0,13.0,telemetry,Ludhiana,1,3.616,0.4,0.0,1.447,2.1889,0.0,2.1889,0.7691,2.3807,0.0,6.9747,-4.594,2.086810034304413,30.557,0.27,29.01,1.057,-10.33,0.139
2023-11-08,312,11,2023,0.0,telemetry,27.6,14.4,telemetry,Ludhiana,1,3.414,0.4,0.0,1.365,2.0661,0.0,2.0661,0.7259,2.2579,0.0,6.8925,-4.6346,2.0758876681772502,30.546,0.2,28.79,1.204,-10.33,0.131
2023-11-09,313,11,2023,0.0,telemetry,26.5,14.8,telemetry,Ludhiana,1,3.163,0.4,0.0,1.265,1.9147,0.0,1.9147,0.6727,2.1065,0.0,6.8095,-4.703,2.0648040361010853,30.535,0.2,28.61,1.341,-12.6,0.122
2023-11-10,314,11,2023,5.6,telemetry,19.4,13.0,telemetry,Ludhiana,1,2.055,0.4,0.0,0.822,0.0,0.0,0.0,0.0,0.1918,1.653,6.7258,-6.534,2.0494053911281838,30.52,5.8,28.21,1.341,-7.47,0.0
2023-11-11,315,11,2023,0.07,telemetry,23.3,10.1,telemetry,Ludhiana,1,2.975,0.4,0.0,1.19,1.695,0.0,1.695,0.5955,1.8868,0.0207,6.6404,-4.7536,2.038202708846068,30.509,5.67,27.92,1.462,-7.4,0.108
2023-11-12,316,11,2023,0.07,telemetry,24.8,11.5,telemetry,Ludhiana,1,3.092,0.4,0.0,1.237,1.7656,0.0,1.7656,0.6203,1.9574,0.0207,6.5544,-4.597,2.027369070212686,30.498,5.74,27.63,1.588,-7.34,0.112
2023-11-13,317,11,2023,0.0,telemetry,24.4,9.4,telemetry,Ludhiana,1,3.149,0.4,0.0,1.26,1.9061,0.0,1.9061,0.6697,2.0979,0.0,6.4681,-4.3702,2.017069893044384,30.487,5.74,27.34,1.724,-7.34,0.121
2023-11-14,318,11,2023,0.0,telemetry,25.5,10.8,telemetry,Ludhiana,1,3.21,0.4,0.0,1.284,1.9426,0.0,1.9426,0.6825,2.1344,0.0,6.3818,-4.2474,2.0070600219339587,30.477,5.74,27.25,1.863,-9.6,0.123
2023-11-15,319,11,2023,0.0,telemetry,25.8,10.4,telemetry,Ludhiana,1,3.26,0.4,0.0,1.304,1.9733,0.0,1.9733,0.6933,2.1651,0.0,6.2957,-4.1306,1.9973254958511877,30.468,5.74,27.33,1.858,-23.6,0.125
2023-11-16,320,11,2023,0.0,telemetry,25.1,11.2,telemetry,Ludhiana,1,3.083,0.4,0.0,1.233,1.8659,0.0,1.8659,0.6556,2.0577,0.0,6.21,-4.1523,1.987539893237666,30.458,5.74,27.37,1.834,-24.67,0.119
2023-11-17,321,11,2023,0.0,telemetry,26.5,11.5,telemetry,Ludhiana,1,3.259,0.4,0.0,1.303,1.9723,0.0,1.9723,0.693,2.1641,0.0,6.1245,-3.9604,1.9782064920339808,30.449,0.14,27.37,1.824,-24.67,0.125
2023-11-18,322,11,2023,0.0,telemetry,26.2,10.4,telemetry,Ludhiana,1,3.262,0.4,0.0,1.305,1.9741,0.0,1.9741,0.6936,2.1659,0.0,6.0392,-3.8733,1.9690782528739312,30.439,0.07,27.35,1.842,-24.67,0.125
2023-11-19,323,11,2023,0.0,telemetry,24.4,11.2,telemetry,Ludhiana,1,2.923,0.4,0.0,1.169,1.7692,0.0,1.7692,0.6216,1.961,0.0,5.9547,-3.9937,1.9596662971752385,30.43,0.0,27.24,1.806,-24.67,0.112
2023-11-20,324,11,2023,0.07,telemetry,24.0,11.5,telemetry,Ludhiana,1,2.824,0.4,0.0,1.13,1.6037,0.0,1.6037,0.5635,1.7955,0.0207,5.8708,-4.0753,1.9500619612872814,30.42,0.07,27.07,1.76,-24.61,0.102
2023-11-21,325,11,2023,0.0,telemetry,24.4,10.5,telemetry,Ludhiana,1,2.937,0.4,0.0,1.175,1.7777,0.0,1.7777,0.6246,1.9695,0.0,5.7873,-3.8178,1.9410646501976117,30.411,0.07,26.99,1.73,-24.61,0.113
2023-11-22,326,11,2023,0.0,telemetry,24.0,8.7,telemetry,Ludhiana,1,2.969,0.417,0.0,1.237,1.8721,0.0,1.8721,0.6578,2.0639,0.0,5.7043,-3.6404,1.9324853478429753,30.403,0.07,26.85,1.717,-26.54,0.119
2023-11-23,327,11,2023,0.0,telemetry,24.0,8.3,telemetry,Ludhiana,1,2.975,0.433,0.0,1.289,1.9505,0.0,1.9505,0.6853,2.1423,0.0,5.6221,-3.4798,1.924284466749346,30.395,0.07,26.7,1.719,-26.54,0.124
2023-11-24,328,11,2023,0.0,telemetry,24.0,8.6,telemetry,Ludhiana,1,2.944,0.45,0.0,1.325,2.0047,0.0,2.0047,0.7044,2.1965,0.0,5.5409,-3.3444,1.9164027229550267,30.387,0.07,26.52,1.862,-26.54,0.127
2023-11-25,329,11,2023,0.0,telemetry,23.0,9.0,telemetry,Ludhiana,1,2.769,0.467,0.0,1.292,1.9551,0.0,1.9551,0.6869,2.1469,0.0,5.4607,-3.3138,1.9085929810946254,30.379,0.07,26.26,1.881,-27.54,0.124
2023-11-26,330,11,2023,0.0,telemetry,22.3,10.1,telemetry,Ludhiana,1,2.587,0.483,0.0,1.251,1.8924,0.0,1.8924,0.6649,2.0842,0.0,5.3816,-3.2974,1.9008219475245927,30.371,0.07,25.99,1.89,-27.54,0.12
2023-11-27,331,11,2023,0.0,telemetry,19.4,11.9,telemetry,Ludhiana,1,1.987,0.5,0.0,0.993,1.5031,0.0,1.5031,0.5281,1.6949,0.0,5.3035,-3.6086,1.892317631439989,30.363,0.0,25.68,1.861,-27.54,0.096
2023-11-28,332,11,2023,0.73,telemetry,22.6,11.5,telemetry,Ludhiana,1,2.507,0.517,0.0,1.295,0.8617,0.0,0.8617,0.3028,1.0535,0.2155,5.2258,-4.1723,1.882484757371433,30.353,0.73,25.45,1.784,-26.84,0.055
2023-11-29,333,11,2023,0.2,telemetry,22.6,11.2,telemetry,Ludhiana,1,2.519,0.533,0.0,1.343,1.7305,0.0,1.7305,0.608,1.9223,0.059,5.148,-3.2257,1.8748826534687704,30.345,0.93,25.23,1.767,-26.66,0.11
2023-11-30,334,11,2023,8.4,telemetry,19.1,11.5,telemetry,Ludhiana,1,1.954,0.55,0.0,1.074,0.0,0.0,0.0,0.0,0.1918,2.4795,5.0713,-4.8795,1.8633830926745494,30.334,9.33,24.88,1.633,-18.96,0.0
2023-12-01,335,12,2023,0.0,telemetry,22.3,9.4,telemetry,Ludhiana,1,2.577,0.567,0.0,1.46,2.2099,0.0,2.2099,0.7765,2.4017,0.0,4.9955,-2.5938,1.8572703438504392,30.328,9.33,24.68,1.65,-19.03,0.14
2023-12-02,336,12,2023,0.2,telemetry,22.6,9.0,telemetry,Ludhiana,1,2.632,0.583,0.0,1.536,2.0214,0.0,2.0214,0.7102,2.2132,0.059,4.9214,-2.7082,1.8508879270180079,30.321,9.53,24.48,1.654,-18.85,0.128
2023-12-03,337,12,2023,0.0,telemetry,22.2,8.6,telemetry,Ludhiana,1,2.592,0.6,0.0,1.555,2.353,0.0,2.353,0.8267,2.5448,0.0,4.8489,-2.3041,1.8454579518506558,30.316,9.53,24.29,1.695,-18.85,0.15
2023-12-04,338,12,2023,0.07,telemetry,21.2,8.0,telemetry,Ludhiana,1,2.483,0.617,0.0,1.531,2.2114,0.0,2.2114,0.777,2.4032,0.0207,4.7782,-2.375,1.8398607529714377,30.31,9.6,24.07,1.739,-18.98,0.141
2023-12-05,339,12,2023,0.07,telemetry,21.6,8.3,telemetry,Ludhiana,1,2.512,0.633,0.0,1.591,2.301,0.0,2.301,0.8085,2.4928,0.0207,4.7092,-2.2164,1.834637312134238,30.305,8.94,23.84,1.776,-18.92,0.146
2023-12-06,340,12,2023,0.07,telemetry,22.3,7.6,telemetry,Ludhiana,1,2.632,0.65,0.0,1.711,2.4832,0.0,2.4832,0.8725,2.675,0.0207,4.642,-1.967,1.8300016797419267,30.3,8.81,23.64,1.82,-18.85,0.158
2023-12-07,341,12,2023,0.0,telemetry,22.6,6.9,telemetry,Ludhiana,1,2.696,0.667,0.0,1.797,2.7198,0.0,2.7198,0.9556,2.9116,0.0,4.5767,-1.6651,1.8260774800663397,30.296,0.41,23.46,1.875,-18.85,0.173
2023-12-08,342,12,2023,0.13,telemetry,21.9,6.5,telemetry,Ludhiana,1,2.618,0.683,0.0,1.789,2.5107,0.0,2.5107,0.8821,2.7025,0.0384,4.5136,-1.8111,1.821809215279151,30.292,0.54,23.27,1.911,-18.73,0.16
2023-12-09,343,12,2023,0.0,telemetry,21.9,6.1,telemetry,Ludhiana,1,2.629,0.7,0.0,1.84,2.7847,0.0,2.7847,0.9784,2.9765,0.0,4.4524,-1.4759,1.8183310810121471,30.289,0.34,23.11,1.97,-18.73,0.177
2023-12-10,344,12,2023,0.13,telemetry,20.5,6.5,telemetry,Ludhiana,1,2.43,0.717,0.0,1.742,2.4391,0.0,2.4391,0.857,2.6309,0.0384,4.3932,-1.7623,1.8141779160256166,30.285,0.47,23.15,2.009,-24.2,0.155
2023-12-11,345,12,2023,0.13,telemetry,20.8,5.1,telemetry,Ludhiana,1,2.523,0.733,0.0,1.85,2.6035,0.0,2.6035,0.9147,2.7953,0.0384,4.3356,-1.5403,1.8105479056089933,30.281,0.53,23.07,2.088,-24.15,0.165
2023-12-12,346,12,2023,0.13,telemetry,19.1,5.8,telemetry,Ludhiana,1,2.281,0.75,0.0,1.71,2.3916,0.0,2.3916,0.8403,2.5834,0.0384,4.2798,-1.6964,1.8065500964140777,30.277,0.59,22.88,2.197,-24.09,0.152
2023-12-13,347,12,2023,0.0,telemetry,20.1,4.7,telemetry,Ludhiana,1,2.446,0.767,0.0,1.875,2.8376,0.0,2.8376,0.997,3.0294,0.0,4.2253,-1.1959,1.8037316517440298,30.274,0.52,22.73,2.276,-24.09,0.18
2023-12-14,348,12,2023,0.07,telemetry,22.1,12.9,generated,Ludhiana,1,2.207,0.783,0.0,1.729,2.5098,0.0,2.5098,0.8818,2.7016,0.0207,4.1728,-1.4712,1.8002644284313574,30.271,0.59,22.62,2.455,-24.02,0.16
2023-12-15,349,12,2023,0.13,telemetry,25.0,20.0,generated,Ludhiana,1,1.855,0.8,0.0,1.484,2.049,0.0,2.049,0.7199,2.2408,0.0384,4.1217,-1.8809,1.7958316440404067,30.266,0.59,22.59,2.444,-23.89,0.13
2023-12-16,350,12,2023,0.07,telemetry,25.4,3.4,generated,Ludhiana,1,3.106,0.817,0.0,2.537,3.7323,0.0,3.7323,1.3113,3.9241,0.0207,4.0714,-0.1473,1.7954844688622513,30.266,0.66,22.6,2.566,-23.82,0.237
2023-12-17,351,12,2023,0.0,telemetry,27.5,15.8,generated,Ludhiana,1,2.773,0.833,0.0,2.311,3.4965,0.0,3.4965,1.2285,3.6883,0.0,4.0241,-0.3358,1.794693094791723,30.265,0.53,22.64,2.648,-23.82,0.222
2023-12-18,352,12,2023,0.13,telemetry,26.0,16.6,generated,Ludhiana,1,2.462,0.85,0.0,2.093,2.9702,0.0,2.9702,1.0436,3.162,0.0384,3.9793,-0.8173,1.7927670479040503,30.263,0.53,22.63,2.702,-23.69,0.189
2023-12-19,353,12,2023,1.07,telemetry,25.6,3.6,generated,Ludhiana,1,3.12,0.867,0.0,2.704,2.4865,0.0,2.4865,0.8736,2.6783,0.3158,3.9361,-1.2578,1.789802783903527,30.26,1.47,22.67,2.715,-22.7,0.158
2023-12-20,354,12,2023,0.07,telemetry,24.9,12.1,generated,Ludhiana,1,2.666,0.883,0.0,2.355,3.4577,0.0,3.4577,1.2149,3.6495,0.0207,3.8941,-0.2446,1.7892262573733841,30.26,1.54,22.7,2.785,-22.71,0.22
2023-12-21,355,12,2023,0.0,telemetry,22.8,4.1,generated,Ludhiana,1,2.774,0.9,0.0,2.497,3.7783,0.0,3.7783,1.3275,3.9701,0.0,3.8544,0.1157,1.7894990401236395,30.26,1.47,22.65,2.861,-22.7,0.24
2023-12-22,356,12,2023,0.07,telemetry,23.0,1.0,generated,Ludhiana,1,2.871,0.917,0.0,2.631,3.8758,0.0,3.8758,1.3618,4.0676,0.0207,3.817,0.2506,1.7900895294849835,30.26,1.41,22.61,2.958,-22.64,0.246
2023-12-23,357,12,2023,0.0,telemetry,22.1,6.0,generated,Ludhiana,1,2.626,0.933,0.0,2.451,3.7087,0.0,3.7087,1.3031,3.9005,0.0,3.7822,0.1183,1.7903683522808875,30.261,1.34,22.55,3.024,-22.64,0.236
2023-12-24,358,12,2023,0.13,telemetry,23.1,2.2,generated,Ludhiana,1,2.863,0.95,0.0,2.719,3.9185,0.0,3.9185,1.3768,4.1103,0.0384,3.7494,0.3609,1.7912188996838119,30.262,1.47,22.52,3.13,-22.52,0.249
2023-12-25,359,12,2023,0.07,telemetry,23.7,18.2,generated,Ludhiana,1,1.871,0.967,0.0,1.808,2.6302,0.0,2.6302,0.9241,2.822,0.0207,3.7188,-0.8968,1.7891053276960378,30.259,1.41,22.54,3.132,-22.45,0.167
2023-12-26,360,12,2023,0.13,telemetry,27.4,16.1,generated,Ludhiana,1,2.74,0.983,0.0,2.694,3.8801,0.0,3.8801,1.3633,4.0719,0.0384,3.6886,0.3833,1.7900085525848735,30.26,0.47,22.71,3.238,-22.32,0.247
2023-12-27,361,12,2023,0.2,telemetry,24.3,7.3,generated,Ludhiana,1,2.859,1.0,0.0,2.859,4.0238,0.0,4.0238,1.4138,4.2156,0.059,3.6605,0.5551,1.7913167725154138,30.262,0.6,22.88,3.323,-22.13,0.256
2023-12-28,362,12,2023,0.13,telemetry,23.8,16.4,generated,Ludhiana,1,2.131,1.017,0.0,2.167,3.0818,0.0,3.0818,1.0828,3.2736,0.0384,3.6345,-0.3609,1.7904663269831205,30.261,0.73,22.92,3.364,-22.73,0.196
2023-12-29,363,12,2023,0.0,telemetry,19.2,5.4,generated,Ludhiana,1,2.315,1.033,0.0,2.393,3.6204,0.0,3.6204,1.272,3.8122,0.0,3.6091,0.2031,1.790944880270277,30.261,0.66,22.8,3.476,-22.91,0.23
2023-12-30,364,12,2023,0.0,telemetry,18.5,2.8,generated,Ludhiana,1,2.339,1.05,0.0,2.456,3.7163,0.0,3.7163,1.3057,3.9081,0.0,3.5852,0.3229,1.7917059198107474,30.262,0.66,22.78,3.475,-31.31,0.236
2023-12-31,365,12,2023,0.0,telemetry,18.4,1.8,generated,Ludhiana,1,2.364,1.067,0.0,2.521,3.8154,0.0,3.8154,1.3405,4.0072,0.0,3.5626,0.4446,1.7927536888074989,30.263,0.53,22.65,3.497,-31.29,0.243
2024-01-01,1,1,2024,0.07,telemetry,15.0,-1.0,generated,Ludhiana,1,2.068,1.083,0.0,2.24,3.284,0.0,3.284,1.1538,3.4758,0.0207,3.5415,-0.0657,1.7925988981377157,30.263,0.53,22.4,3.52,-31.41,0.209
2024-01-02,2,1,2024,0.0,telemetry,18.4,14.0,generated,Ludhiana,1,1.491,1.1,0.0,1.64,2.4812,0.0,2.4812,0.8718,2.673,0.0,3.521,-0.848,1.7906003973322597,30.261,0.4,22.27,3.519,-31.4,0.158
2024-01-03,3,1,2024,0.0,telemetry,21.8,5.0,generated,Ludhiana,1,2.68,1.117,0.0,2.993,4.5292,0.0,4.5292,1.5913,4.721,0.0,3.5001,1.2209,1.7934777492541034,30.264,0.2,22.29,3.596,-31.44,0.288
2024-01-04,4,1,2024,0.07,telemetry,24.5,6.3,generated,Ludhiana,1,2.978,1.133,0.0,3.375,5.0008,0.0,5.0008,1.757,5.1926,0.0207,3.4815,1.7111,1.7975103916159876,30.268,0.14,22.39,3.683,-31.45,0.318
2024-01-05,5,1,2024,0.0,telemetry,28.4,6.4,generated,Ludhiana,1,3.482,1.15,0.0,4.005,6.0598,0.0,6.0598,2.1291,6.2516,0.0,3.4656,2.786,1.80407608020407,30.274,0.14,22.59,3.839,-31.52,0.385
2024-01-06,6,1,2024,0.07,telemetry,24.9,5.7,generated,Ludhiana,1,3.07,1.15,0.0,3.53,5.2357,0.0,5.2357,1.8396,5.4275,0.0207,3.4538,1.9737,1.8087275913174774,30.279,0.21,22.67,3.948,-31.46,0.333
2024-01-07,7,1,2024,0.0,telemetry,22.2,5.5,generated,Ludhiana,1,2.747,1.15,0.0,3.159,4.7807,0.0,4.7807,1.6797,4.9725,0.0,3.4444,1.5281,1.812328753722483,30.283,0.21,22.68,4.01,-31.58,0.304
2024-01-08,8,1,2024,0.0,telemetry,23.5,1.5,generated,Ludhiana,1,3.03,1.15,0.0,3.485,5.273,0.0,5.273,1.8527,5.4648,0.0,3.4369,2.0279,1.8171079985910172,30.287,0.14,22.73,4.199,-31.57,0.335
2024-01-09,9,1,2024,0.0,telemetry,27.4,11.3,generated,Ludhiana,1,3.191,1.15,0.0,3.67,5.5526,0.0,5.5526,1.9509,5.7444,0.0,3.4315,2.3129,1.8225587874996259,30.293,0.14,22.96,4.318,-31.68,0.353
2024-01-10,10,1,2024,0.0,telemetry,23.5,17.3,generated,Ludhiana,1,2.045,1.15,0.0,2.351,3.5579,0.0,3.5579,1.2501,3.7497,0.0,3.4286,0.3211,1.8233155868067445,30.294,0.14,23.05,4.285,-31.81,0.226
2024-01-11,11,1,2024,0.0,telemetry,32.3,12.6,generated,Ludhiana,1,3.857,1.15,0.0,4.435,6.7112,0.0,6.7112,2.358,6.903,0.0,3.4252,3.4778,1.8315117148188962,30.302,0.07,23.49,4.544,-31.94,0.427
2024-01-12,12,1,2024,0.13,telemetry,25.4,9.8,generated,Ludhiana,1,3.032,1.15,0.0,3.487,5.0797,0.0,5.0797,1.7848,5.2715,0.0384,3.4256,1.8459,1.8358619449728724,30.306,0.2,23.67,4.648,-31.82,0.323
2024-01-13,13,1,2024,0.6,telemetry,26.1,6.4,generated,Ludhiana,1,3.293,1.15,0.0,3.786,4.826,0.0,4.826,1.6956,5.0178,0.1771,3.4273,1.5905,1.839610235868034,30.31,0.73,23.8,4.728,-31.33,0.307
2024-01-14,14,1,2024,0.4,telemetry,28.3,7.3,generated,Ludhiana,1,3.571,1.15,0.0,4.107,5.6114,0.0,5.6114,1.9716,5.8032,0.1181,3.43,2.3732,1.8452031335978,30.316,1.13,23.91,4.856,-31.09,0.357
2024-01-15,15,1,2024,1.27,telemetry,26.2,4.2,generated,Ludhiana,1,3.405,1.15,0.0,3.916,4.0236,0.0,4.0236,1.4137,4.2154,0.3749,3.4346,0.7808,1.8470433054376239,30.317,2.4,23.94,4.909,-30.0,0.256
2024-01-16,16,1,2024,0.13,telemetry,29.5,11.9,generated,Ludhiana,1,3.572,1.15,0.0,4.107,6.0188,0.0,6.0188,2.1147,6.2106,0.0384,3.439,2.7716,1.8535752310513574,30.324,2.53,24.01,5.161,-29.88,0.383
2024-01-17,17,1,2024,0.07,telemetry,30.9,21.7,generated,Ludhiana,1,2.974,1.15,0.0,3.42,5.0686,0.0,5.0686,1.7809,5.2604,0.0207,3.4455,1.8149,1.8578523517446008,30.328,2.6,24.17,5.2,-29.95,0.322
2024-01-18,18,1,2024,0.07,telemetry,33.1,21.4,generated,Ludhiana,1,3.444,1.15,0.0,3.961,5.8874,0.0,5.8874,2.0685,6.0792,0.0207,3.4528,2.6264,1.864042014819315,30.334,2.67,24.42,5.263,-30.95,0.374
2024-01-19,19,1,2024,0.13,telemetry,32.0,10.0,generated,Ludhiana,1,4.09,1.15,0.0,4.704,6.921,0.0,6.921,2.4317,7.1128,0.0384,3.4618,3.651,1.8726464197326032,30.343,2.67,24.66,5.325,-30.9,0.44
2024-01-20,20,1,2024,0.0,telemetry,30.0,22.5,generated,Ludhiana,1,2.727,1.15,0.0,3.136,4.7449,0.0,4.7449,1.6671,4.9367,0.0,3.4737,1.463,1.876094380579324,30.346,2.07,24.9,5.29,-30.86,0.302
2024-01-21,21,1,2024,0.0,telemetry,29.6,10.7,generated,Ludhiana,1,3.751,1.15,0.0,4.313,6.527,0.0,6.527,2.2933,6.7188,0.0,3.4853,3.2335,1.8837148208663244,30.354,1.67,25.12,5.415,-30.93,0.415
2024-01-22,22,1,2024,0.0,telemetry,29.5,12.0,generated,Ludhiana,1,3.688,1.15,0.0,4.241,6.4178,0.0,6.4178,2.2549,6.6096,0.0,3.499,3.1106,1.8910456054333784,30.361,0.4,25.36,5.496,-30.92,0.408
2024-01-23,23,1,2024,0.07,telemetry,27.2,13.4,generated,Ludhiana,1,3.256,1.15,0.0,3.745,5.5609,0.0,5.5609,1.9538,5.7527,0.0207,3.5144,2.2383,1.8963205499715823,30.367,0.34,25.5,5.497,-30.99,0.353
2024-01-24,24,1,2024,0.13,telemetry,23.8,5.0,generated,Ludhiana,1,3.232,1.15,0.0,3.717,5.4279,0.0,5.4279,1.9071,5.6197,0.0384,3.5303,2.0894,1.9012446554889182,30.372,0.4,25.5,5.63,-30.23,0.345
2024-01-25,25,1,2024,0.0,telemetry,26.2,6.9,generated,Ludhiana,1,3.516,1.15,0.0,4.043,6.1175,0.0,6.1175,2.1494,6.3093,0.0,3.5464,2.7629,1.9077560811868577,30.378,0.33,25.46,5.588,-29.84,0.389
2024-01-26,26,1,2024,0.07,telemetry,31.3,14.3,generated,Ludhiana,1,3.925,1.15,0.0,4.513,6.7236,0.0,6.7236,2.3623,6.9154,0.0207,3.5634,3.352,1.9156556288898101,30.386,0.27,25.7,5.705,-29.97,0.427
2024-01-27,27,1,2024,0.13,telemetry,28.3,16.9,generated,Ludhiana,1,3.219,1.15,0.0,3.702,5.4046,0.0,5.4046,1.8989,5.5964,0.0384,3.5823,2.0141,1.920402362419938,30.391,0.4,25.85,5.747,-29.98,0.344
2024-01-28,28,1,2024,0.0,telemetry,32.0,15.4,generated,Ludhiana,1,4.016,1.15,0.0,4.619,6.9887,0.0,6.9887,2.4555,7.1805,0.0,3.6009,3.5796,1.9288384824194507,30.399,0.4,26.27,5.845,-29.98,0.444
2024-01-29,29,1,2024,0.0,telemetry,30.6,13.3,generated,Ludhiana,1,3.953,1.15,0.0,4.546,6.8792,0.0,6.8792,2.417,7.071,0.0,3.6213,3.4497,1.9369683355995475,30.407,0.4,26.68,6.049,-29.97,0.437
2024-01-30,30,1,2024,0.13,telemetry,32.8,13.8,generated,Ludhiana,1,4.313,1.15,0.0,4.959,7.308,0.0,7.308,2.5677,7.4998,0.0384,3.6433,3.8565,1.9460569963029415,30.416,0.46,27.16,6.141,-29.59,0.465
2024-01-31,31,1,2024,1.07,telemetry,26.1,19.2,generated,Ludhiana,1,2.575,1.15,0.0,2.962,2.8761,0.0,2.8761,1.0105,3.0679,0.3158,3.6672,-0.5993,1.944644712881124,30.415,1.4,27.53,5.985,-28.66,0.183
2024-02-01,32,2,2024,1.4,telemetry,26.9,13.1,generated,Ludhiana,1,3.427,1.15,0.0,3.941,3.8685,0.0,3.8685,1.3592,4.0603,0.4133,3.6871,0.3732,1.945524166267798,30.416,2.8,27.81,5.84,-27.37,0.246
2024-02-02,33,2,2024,0.27,telemetry,35.5,0.0,telemetry,Ludhiana,1,5.205,1.15,0.0,5.986,8.6502,0.0,8.6502,3.0393,8.842,0.0797,3.7049,5.1371,1.9576308381054308,30.428,3.0,28.27,5.964,-27.11,0.55
2024-02-03,34,2,2024,0.07,telemetry,29.5,18.5,generated,Ludhiana,1,3.431,1.15,0.0,3.946,5.8644,0.0,5.8644,2.0605,6.0562,0.0207,3.7266,2.3296,1.9631210129984957,30.433,2.94,28.43,6.044,-27.11,0.373
2024-02-04,35,2,2024,2.53,telemetry,31.0,0.0,telemetry,Ludhiana,1,4.621,1.15,0.0,5.314,4.2903,0.0,4.2903,1.5074,4.4821,0.7468,3.7482,0.7339,1.9648506232461787,30.435,5.47,28.52,5.884,-24.79,0.273
2024-02-05,36,2,2024,0.13,telemetry,31.0,0.0,telemetry,Ludhiana,1,4.654,1.15,0.0,5.352,7.9022,0.0,7.9022,2.7764,8.094,0.0384,3.7682,4.3258,1.9750453449813876,30.445,5.6,28.72,5.99,-24.74,0.502
2024-02-06,37,2,2024,0.13,telemetry,22.5,0.5,generated,Ludhiana,1,3.475,1.15,0.0,3.996,5.8497,0.0,5.8497,2.0553,6.0415,0.0384,3.7908,2.2507,1.9803496157239773,30.451,5.6,28.73,6.011,-24.61,0.372
2024-02-07,38,2,2024,0.0,telemetry,26.1,7.8,generated,Ludhiana,1,3.786,1.15,0.0,4.353,6.5876,0.0,6.5876,2.3146,6.7794,0.0,3.8131,2.9663,1.9873403390848032,30.458,4.53,28.82,6.094,-24.61,0.419
2024-02-08,39,2,2024,0.07,telemetry,24.0,4.0,generated,Ludhiana,1,3.648,1.15,0.0,4.195,6.2422,0.0,6.2422,2.1932,6.434,0.0207,3.836,2.598,1.993463092787545,30.464,3.2,28.71,6.103,-24.55,0.397
2024-02-09,40,2,2024,0.0,telemetry,22.0,6.2,generated,Ludhiana,1,3.276,1.15,0.0,3.768,5.7015,0.0,5.7015,2.0032,5.8933,0.0,3.8589,2.0344,1.9982574726257984,30.469,2.93,28.66,6.03,-24.54,0.362
2024-02-10,41,2,2024,0.0,telemetry,22.7,3.3,generated,Ludhiana,1,3.531,1.15,0.0,4.061,6.1448,0.0,6.1448,2.159,6.3366,0.0,3.8812,2.4554,2.0040441862558933,30.474,2.86,28.34,6.082,-24.53,0.391
2024-02-11,42,2,2024,0.0,telemetry,20.4,1.2,generated,Ludhiana,1,3.286,1.15,0.0,3.779,5.7183,0.0,5.7183,2.0091,5.9101,0.0,3.9033,2.0068,2.008773673838331,30.479,0.33,28.17,5.992,-24.66,0.363
2024-02-12,43,2,2024,0.13,telemetry,17.4,-1.0,generated,Ludhiana,1,2.946,1.15,0.0,3.388,4.9302,0.0,4.9302,1.7322,5.122,0.0384,3.9246,1.1974,2.0115954702990066,30.482,0.33,27.88,5.852,-25.13,0.313
2024-02-13,44,2,2024,0.0,telemetry,18.6,-1.0,generated,Ludhiana,1,3.134,1.15,0.0,3.604,5.4535,0.0,5.4535,1.9161,5.6453,0.0,3.9443,1.701,2.0156042139473223,30.486,0.2,27.56,5.72,-25.52,0.347
2024-02-14,45,2,2024,0.0,telemetry,20.8,6.0,generated,Ludhiana,1,3.218,1.15,0.0,3.701,5.5998,0.0,5.5998,1.9675,5.7916,0.0,3.963,1.8286,2.0199136927546393,30.49,0.2,27.38,5.915,-26.75,0.356
2024-02-15,46,2,2024,0.0,telemetry,23.8,17.7,generated,Ludhiana,1,2.572,1.15,0.0,2.957,4.4751,0.0,4.4751,1.5723,4.6669,0.0,3.981,0.6859,2.021530253079158,30.492,0.13,27.19,5.958,-26.88,0.284
2024-02-16,47,2,2024,0.07,telemetry,25.7,7.7,generated,Ludhiana,1,3.983,1.15,0.0,4.58,6.8251,0.0,6.8251,2.398,7.0169,0.0207,3.9967,3.0202,2.028647889389388,30.499,0.2,27.01,5.827,-26.88,0.434
2024-02-17,48,2,2024,0.0,telemetry,29.6,11.0,generated,Ludhiana,1,4.505,1.15,0.0,5.18,7.8388,0.0,7.8388,2.7542,8.0306,0.0,4.0136,4.017,2.038114775631417,30.508,0.2,26.9,5.969,-26.95,0.498
2024-02-18,49,2,2024,0.0,telemetry,29.0,22.7,generated,Ludhiana,1,3.026,1.15,0.0,3.48,5.2656,0.0,5.2656,1.8501,5.4574,0.0,4.0327,1.4247,2.0414722731750943,30.512,0.2,26.8,6.038,-27.08,0.335
2024-02-19,50,2,2024,0.0,telemetry,26.5,0.0,telemetry,Ludhiana,1,4.448,1.15,0.0,5.115,7.7393,0.0,7.7393,2.7192,7.9311,0.0,4.0505,3.8806,2.0506175953539016,30.521,0.07,26.68,6.027,-27.07,0.492
2024-02-20,51,2,2024,0.27,telemetry,42.5,0.0,telemetry,Ludhiana,1,7.136,1.15,0.0,8.207,12.0105,0.0,12.0105,4.2199,12.2023,0.0797,4.0703,8.132,2.069782187801342,30.54,0.34,27.11,6.467,-26.82,0.763
2024-02-21,52,2,2024,0.27,telemetry,18.3,2.8,generated,Ludhiana,1,3.152,1.15,0.0,3.625,5.0773,0.0,5.0773,1.7839,5.2691,0.0797,4.0977,1.1714,2.0725429104945965,30.543,0.61,26.74,6.359,-26.57,0.323
2024-02-22,53,2,2024,0.0,telemetry,21.9,9.1,generated,Ludhiana,1,3.389,1.15,0.0,3.898,5.8981,0.0,5.8981,2.0723,6.0899,0.0,4.1226,1.9673,2.077179141722465,30.548,0.61,26.56,6.334,-26.63,0.375
2024-02-23,54,2,2024,0.0,telemetry,22.6,7.9,generated,Ludhiana,1,3.632,1.15,0.0,4.176,6.3197,0.0,6.3197,2.2204,6.5115,0.0,4.1464,2.3651,2.082752871957709,30.553,0.54,26.52,6.378,-26.76,0.402
2024-02-24,55,2,2024,0.0,telemetry,18.4,-1.0,generated,Ludhiana,1,3.37,1.15,0.0,3.875,5.8641,0.0,5.8641,2.0604,6.0559,0.0,4.1697,1.8862,2.087198153542231,30.558,0.54,26.26,6.358,-26.75,0.373
2024-02-25,56,2,2024,0.0,telemetry,21.2,-0.8,generated,Ludhiana,1,3.82,1.15,0.0,4.393,6.6467,0.0,6.6467,2.3353,6.8385,0.0,4.1917,2.6468,2.0934358170882583,30.564,0.54,25.92,6.425,-26.82,0.423
2024-02-26,57,2,2024,0.0,telemetry,23.5,3.6,generated,Ludhiana,1,4.097,1.15,0.0,4.712,7.1296,0.0,7.1296,2.505,7.3214,0.0,4.2137,3.1077,2.100759753551731,30.571,0.54,25.76,6.582,-26.95,0.453
2024-02-27,58,2,2024,0.0,telemetry,22.1,7.6,generated,Ludhiana,1,3.669,1.15,0.0,4.219,6.3844,0.0,6.3844,2.2432,6.5762,0.0,4.2362,2.34,2.1062744729665224,30.577,0.27,25.43,6.648,-26.95,0.406
2024-02-28,59,2,2024,0.0,telemetry,26.8,22.8,generated,Ludhiana,1,2.532,1.15,0.0,2.912,4.4069,0.0,4.4069,1.5484,4.5987,0.0,4.2581,0.3406,2.1070771261167605,30.577,0.0,25.31,6.563,-26.95,0.28
2024-02-29,60,2,2024,0.0,telemetry,25.9,12.6,generated,Ludhiana,1,4.045,1.15,0.0,4.652,7.0393,0.0,7.0393,2.4733,7.2311,0.0,4.2769,2.9542,2.1140393455268636,30.584,0.0,25.08,6.746,-26.96,0.447
2024-03-01,61,3,2024,0.87,telemetry,9.5,0.0,telemetry,Ludhiana,1,2.096,1.15,0.0,2.41,2.3396,0.0,2.3396,0.822,2.5314,0.2568,4.2962,-1.7648,2.109880305871766,30.58,0.87,24.52,6.426,-27.23,0.149
2024-03-02,62,3,2024,6.67,telemetry,26.5,0.5,telemetry,Ludhiana,1,4.847,1.15,0.0,5.574,0.0,0.0,0.0,0.0,0.1918,1.9689,4.3099,-4.1181,2.10017514482994,30.571,7.54,24.51,5.866,-22.52,0.0
2024-03-03,63,3,2024,3.13,telemetry,43.0,0.0,telemetry,Ludhiana,1,7.882,1.15,0.0,9.064,9.0973,0.0,9.0973,3.1963,9.2891,0.9239,4.3169,4.9722,2.1118930454310534,30.582,10.67,24.76,6.139,-19.92,0.578
2024-03-04,64,3,2024,0.0,telemetry,30.0,0.0,telemetry,Ludhiana,1,5.533,1.15,0.0,6.363,9.6282,0.0,9.6282,3.3829,9.82,0.0,4.329,5.491,2.124833702485796,30.595,10.67,24.78,6.274,-19.99,0.612
2024-03-05,65,3,2024,0.0,telemetry,29.7,9.7,generated,Ludhiana,1,5.201,1.15,0.0,5.981,9.0507,0.0,9.0507,3.18,9.2425,0.0,4.3456,4.8969,2.1363742852151986,30.607,10.67,24.73,6.063,-22.52,0.575
2024-03-06,66,3,2024,0.13,telemetry,27.2,8.9,generated,Ludhiana,1,4.789,1.15,0.0,5.508,8.1374,0.0,8.1374,2.8591,8.3292,0.0384,4.3655,3.9637,2.14571552860692,30.616,10.8,24.61,6.282,-22.53,0.517
2024-03-07,67,3,2024,0.0,telemetry,32.8,18.9,generated,Ludhiana,1,5.117,1.15,0.0,5.885,8.9044,0.0,8.9044,3.1286,9.0962,0.0,4.3873,4.7089,2.156813040210378,30.627,10.8,24.95,6.496,-22.66,0.566
2024-03-08,68,3,2024,0.07,telemetry,28.5,10.0,generated,Ludhiana,1,5.045,1.15,0.0,5.802,8.673,0.0,8.673,3.0473,8.8648,0.0207,4.4117,4.4531,2.1673076862507368,30.638,10.0,25.03,6.664,-22.6,0.551
2024-03-09,69,3,2024,0.0,telemetry,27.6,15.6,generated,Ludhiana,1,4.35,1.15,0.0,5.003,7.5697,0.0,7.5697,2.6596,7.7615,0.0,4.4382,3.3233,2.175139771361534,30.646,3.33,25.15,6.786,-22.67,0.481
2024-03-10,70,3,2024,0.0,telemetry,25.8,3.9,generated,Ludhiana,1,4.902,1.15,0.0,5.638,8.5309,0.0,8.5309,2.9973,8.7227,0.0,4.465,4.2577,2.1851738326220445,30.656,0.2,25.28,6.921,-22.67,0.542
2024-03-11,71,3,2024,0.0,telemetry,25.4,14.5,generated,Ludhiana,1,4.025,1.15,0.0,4.629,7.0048,0.0,7.0048,2.4611,7.1966,0.0,4.4934,2.7032,2.191544379538578,30.662,0.2,25.37,6.912,-22.67,0.445
2024-03-12,72,3,2024,0.0,telemetry,25.3,12.9,generated,Ludhiana,1,4.224,1.15,0.0,4.858,7.351,0.0,7.351,2.5828,7.5428,0.0,4.5212,3.0216,2.198665394242104,30.669,0.2,25.53,6.981,-22.67,0.467
2024-03-13,73,3,2024,0.0,telemetry,26.3,8.5,generated,Ludhiana,1,4.86,1.15,0.0,5.588,8.4563,0.0,8.4563,2.9711,8.6481,0.0,4.5488,4.0993,2.2083262991369845,30.679,0.07,25.83,7.27,-22.8,0.538
2024-03-14,74,3,2024,1.0,telemetry,32.4,20.2,generated,Ludhiana,1,5.073,1.15,0.0,5.834,7.3263,0.0,7.3263,2.5741,7.5181,0.2952,4.5776,2.9405,2.2152562528101245,30.686,1.07,26.29,7.291,-21.88,0.466
2024-03-15,75,3,2024,0.07,telemetry,35.2,21.3,generated,Ludhiana,1,5.69,1.15,0.0,6.544,9.7958,0.0,9.7958,3.4418,9.9876,0.0207,4.6062,5.3814,2.227938581707774,30.698,1.07,26.77,7.823,-21.82,0.623
2024-03-16,76,3,2024,0.0,telemetry,28.7,14.8,telemetry,Ludhiana,1,4.918,1.15,0.0,5.655,8.5576,0.0,8.5576,3.0067,8.7494,0.0,4.6377,4.1117,2.237628660299622,30.708,1.07,26.93,8.435,-21.8,0.544
2024-03-17,77,3,2024,0.0,telemetry,27.8,16.2,telemetry,Ludhiana,1,4.549,1.15,0.0,5.231,7.916,0.0,7.916,2.7813,8.1078,0.0,4.67,3.4378,2.245730416617663,30.716,1.07,27.0,8.35,-19.7,0.503
2024-03-18,78,3,2024,0.0,telemetry,27.8,15.5,telemetry,Ludhiana,1,4.672,1.15,0.0,5.372,8.1294,0.0,8.1294,2.8563,8.3212,0.0,4.7023,3.6189,2.2542590760185957,30.725,1.07,26.94,8.243,-19.62,0.517
2024-03-19,79,3,2024,0.0,telemetry,28.8,16.9,telemetry,Ludhiana,1,4.764,1.15,0.0,5.478,8.2895,0.0,8.2895,2.9125,8.4813,0.0,4.7347,3.7466,2.263088787367355,30.733,1.07,26.93,8.189,-19.32,0.527
2024-03-20,80,3,2024,0.0,telemetry,30.0,17.0,telemetry,Ludhiana,1,5.089,1.15,0.0,5.852,8.8556,0.0,8.8556,3.1114,9.0474,0.0,4.7673,4.2801,2.273175728278287,30.744,1.07,27.05,8.24,-19.29,0.563
2024-03-21,81,3,2024,0.0,telemetry,27.0,18.5,telemetry,Ludhiana,1,4.064,1.129,0.0,4.59,6.9449,0.0,6.9449,2.4401,7.1367,0.0,4.8009,2.3358,2.2786805952531326,30.749,0.07,26.53,8.1,-19.54,0.441
2024-03-22,82,3,2024,0.0,telemetry,30.2,19.9,telemetry,Ludhiana,1,4.755,1.109,0.0,5.271,7.9766,0.0,7.9766,2.8026,8.1684,0.0,4.8327,3.3357,2.2865418516910494,30.757,0.0,26.93,8.05,-19.8,0.507
2024-03-23,83,3,2024,0.07,telemetry,30.3,19.2,telemetry,Ludhiana,1,4.93,1.088,0.0,5.363,8.0096,0.0,8.0096,2.8142,8.2014,0.0207,4.8642,3.3372,2.294406550973792,30.765,0.07,27.21,8.082,-19.18,0.509
2024-03-24,84,3,2024,0.0,telemetry,30.0,19.1,telemetry,Ludhiana,1,4.89,1.067,0.0,5.218,7.8964,0.0,7.8964,2.7744,8.0882,0.0,4.8955,3.1927,2.3019307679488783,30.772,0.07,27.46,8.036,-19.15,0.502
2024-03-25,85,3,2024,0.0,telemetry,30.1,19.5,telemetry,Ludhiana,1,4.878,1.046,0.0,5.104,7.7239,0.0,7.7239,2.7138,7.9157,0.0,4.9263,2.9894,2.3089758745941857,30.779,0.07,27.85,8.088,-19.13,0.491
2024-03-26,86,3,2024,0.0,telemetry,28.3,18.8,telemetry,Ludhiana,1,4.508,1.026,0.0,4.623,6.9955,0.0,6.9955,2.4579,7.1873,0.0,4.9564,2.2309,2.314233458397947,30.785,0.07,28.08,8.062,-19.11,0.445
2024-03-27,87,3,2024,0.2,telemetry,30.1,26.1,generated,Ludhiana,1,3.265,1.005,0.0,3.28,4.6617,0.0,4.6617,1.6379,4.8535,0.059,4.9848,-0.1313,2.3139240438292696,30.784,0.27,28.3,7.791,-18.92,0.296
2024-03-28,88,3,2024,0.27,telemetry,33.6,14.6,generated,Ludhiana,1,6.53,0.984,0.0,6.426,9.3163,0.0,9.3163,3.2733,9.5081,0.0797,5.0086,4.4995,2.3245281197402945,30.795,0.54,28.69,7.933,-18.66,0.592
2024-03-29,89,3,2024,0.0,telemetry,29.8,7.8,generated,Ludhiana,1,6.17,0.963,0.0,5.944,8.9948,0.0,8.9948,3.1603,9.1866,0.0,5.0342,4.1524,2.334314048488552,30.805,0.54,28.79,7.876,-18.65,0.572
2024-03-30,90,3,2024,0.13,telemetry,32.6,23.8,generated,Ludhiana,1,4.93,0.943,0.0,4.648,6.836,0.0,6.836,2.4018,7.0278,0.0384,5.0611,1.9667,2.3389490474455035,30.809,0.6,29.01,7.753,-18.52,0.435
2024-03-31,91,3,2024,0.0,telemetry,26.3,16.4,generated,Ludhiana,1,4.473,0.922,0.0,4.124,6.2405,0.0,6.2405,2.1926,6.4323,0.0,5.0861,1.3462,2.342121552530814,30.812,0.6,29.57,7.634,-18.89,0.397
2024-04-01,92,4,2024,0.0,telemetry,29.3,13.8,generated,Ludhiana,1,5.654,0.901,0.0,5.096,7.7107,0.0,7.7107,2.7092,7.9025,0.0,5.1087,2.7938,2.348705702126328,30.819,0.6,29.66,7.604,-25.54,0.49
2024-04-02,93,4,2024,0.13,telemetry,30.6,11.8,generated,Ludhiana,1,6.202,0.88,0.0,5.461,8.0671,0.0,8.0671,2.8344,8.2589,0.0384,5.1309,3.128,2.3560775238540526,30.826,0.73,29.25,7.588,-28.55,0.513
2024-04-03,94,4,2024,0.0,telemetry,32.1,18.7,telemetry,Ludhiana,1,5.829,0.86,0.0,5.011,7.5828,0.0,7.5828,2.6642,7.7746,0.0,5.1531,2.6215,2.362255490350932,30.833,0.53,29.32,7.497,-28.54,0.482
2024-04-04,95,4,2024,0.0,telemetry,33.1,21.9,telemetry,Ludhiana,1,5.615,0.839,0.0,4.711,7.1282,0.0,7.1282,2.5045,7.32,0.0,5.1748,2.1452,2.367311056411616,30.838,0.26,29.43,7.51,-28.53,0.453
2024-04-05,96,4,2024,0.0,telemetry,32.3,21.2,telemetry,Ludhiana,1,5.523,0.818,0.0,4.519,6.8385,0.0,6.8385,2.4027,7.0303,0.0,5.1953,1.835,2.3716356994137398,30.842,0.26,29.6,7.429,-28.66,0.435
2024-04-06,97,4,2024,0.0,telemetry,32.0,20.5,telemetry,Ludhiana,1,5.584,0.798,0.0,4.454,6.7392,0.0,6.7392,2.3678,6.931,0.0,5.2142,1.7168,2.3756817514505677,30.846,0.13,29.58,7.338,-28.66,0.428
2024-04-07,98,4,2024,0.0,telemetry,31.7,18.3,telemetry,Ludhiana,1,5.883,0.777,0.0,4.57,6.9158,0.0,6.9158,2.4299,7.1076,0.0,5.2315,1.8761,2.3801031364945584,30.85,0.13,29.68,7.268,-28.73,0.44
2024-04-08,99,4,2024,0.0,telemetry,33.6,21.0,telemetry,Ludhiana,1,6.039,0.756,0.0,4.566,6.9087,0.0,6.9087,2.4274,7.1005,0.0,5.2476,1.8529,2.384469858296341,30.855,0.13,29.88,7.21,-28.73,0.439
2024-04-09,100,4,2024,0.0,telemetry,33.7,22.2,telemetry,Ludhiana,1,5.878,0.735,0.0,4.322,6.5403,0.0,6.5403,2.2979,6.7321,0.0,5.2625,1.4696,2.387933223135236,30.858,0.0,30.15,7.177,-28.73,0.416
2024-04-10,101,4,2024,0.0,telemetry,31.8,12.7,generated,Ludhiana,1,6.66,0.715,0.0,4.759,7.2015,0.0,7.2015,2.5303,7.3933,0.0,5.2758,2.1175,2.392923454214964,30.863,0.0,30.36,7.359,-28.73,0.458
2024-04-11,102,4,2024,0.0,telemetry,31.8,13.6,generated,Ludhiana,1,6.602,0.694,0.0,4.581,6.9316,0.0,6.9316,2.4354,7.1234,0.0,5.2885,1.8349,2.3972476759587598,30.868,0.0,30.58,7.188,-28.73,0.441
2024-04-12,103,4,2024,0.0,telemetry,34.8,22.0,generated,Ludhiana,1,6.342,0.673,0.0,4.269,6.4597,0.0,6.4597,2.2696,6.6515,0.0,5.3003,1.3512,2.4004320640457606,30.871,0.0,30.86,7.007,-28.73,0.411
2024-04-13,104,4,2024,1.8,telemetry,32.4,22.6,telemetry,Ludhiana,1,5.463,0.652,0.0,3.564,2.7088,0.0,2.7088,0.9517,2.9006,0.5313,5.3105,-2.4099,2.394752579266745,30.865,1.8,30.86,6.712,-28.08,0.172
2024-04-14,105,4,2024,2.93,telemetry,27.9,22.1,telemetry,Ludhiana,1,3.986,0.632,0.0,2.518,0.0,0.0,0.0,0.0,0.1918,0.8649,5.3148,-5.123,2.3826791057317016,30.853,4.73,30.62,6.267,-25.46,0.0
2024-04-15,106,4,2024,1.07,telemetry,30.1,20.1,telemetry,Ludhiana,1,5.267,0.611,0.0,3.218,3.2643,0.0,3.2643,1.1469,3.4561,0.3158,5.3104,-1.8543,2.378309010506229,30.849,5.8,30.66,5.949,-24.48,0.208
2024-04-16,107,4,2024,0.0,telemetry,32.0,18.9,telemetry,Ludhiana,1,6.101,0.59,0.0,3.601,5.449,0.0,5.449,1.9145,5.6408,0.0,5.3019,0.3389,2.379107693494421,30.849,5.8,30.8,5.762,-24.48,0.346
2024-04-17,108,4,2024,0.0,telemetry,32.3,19.9,telemetry,Ludhiana,1,6.047,0.57,0.0,3.444,5.2114,0.0,5.2114,1.831,5.4032,0.0,5.2923,0.1109,2.379369168367497,30.85,5.8,30.95,5.593,-24.48,0.331
2024-04-18,109,4,2024,0.0,telemetry,28.4,22.7,telemetry,Ludhiana,1,4.064,0.549,0.0,2.23,3.3743,0.0,3.3743,1.1856,3.5661,0.0,5.2813,-1.7152,2.375327027555379,30.846,5.8,30.94,5.325,-24.35,0.214
2024-04-19,110,4,2024,1.93,telemetry,30.3,21.3,telemetry,Ludhiana,1,5.154,0.528,0.0,2.721,1.2427,0.0,1.2427,0.4366,1.4345,0.5697,5.2667,-3.8322,2.3662957988987596,30.837,7.73,30.95,4.925,-22.55,0.079
2024-04-20,111,4,2024,0.53,telemetry,33.0,21.6,telemetry,Ludhiana,1,6.021,0.507,0.0,3.055,3.8234,0.0,3.8234,1.3434,4.0152,0.1564,5.2464,-1.2312,2.363394257287306,30.834,6.46,31.15,4.717,-21.9,0.243
2024-04-21,112,4,2024,0.0,telemetry,32.8,21.2,telemetry,Ludhiana,1,6.054,0.487,0.0,2.946,4.4573,0.0,4.4573,1.5661,4.6491,0.0,5.2241,-0.575,2.3620392299352146,30.832,3.53,31.24,4.541,-21.9,0.283
2024-04-22,113,4,2024,0.0,telemetry,31.3,22.6,telemetry,Ludhiana,1,5.254,0.466,0.0,2.448,3.7039,0.0,3.7039,1.3014,3.8957,0.0,5.2006,-1.3049,2.3589639490393273,30.829,2.46,31.27,4.312,-21.97,0.235
2024-04-23,114,4,2024,2.8,telemetry,30.1,22.8,telemetry,Ludhiana,1,4.775,0.445,0.0,2.125,0.0,0.0,0.0,0.0,0.1918,0.8265,5.1752,-4.9834,2.3472196980542233,30.818,5.26,31.27,3.845,-19.4,0.0
2024-04-24,115,4,2024,0.0,telemetry,33.7,25.1,telemetry,Ludhiana,1,5.546,0.424,0.0,2.354,3.5613,0.0,3.5613,1.2513,3.7531,0.0,5.1437,-1.3906,2.343942490225276,30.814,5.26,31.39,3.585,-19.4,0.226
2024-04-25,116,4,2024,0.0,telemetry,34.8,21.6,telemetry,Ludhiana,1,6.717,0.404,0.0,2.711,4.1025,0.0,4.1025,1.4414,4.2943,0.0,5.1108,-0.8165,2.3420181638596107,30.812,5.26,31.61,3.383,-19.4,0.261
2024-04-26,117,4,2024,0.07,telemetry,35.4,23.8,telemetry,Ludhiana,1,6.508,0.383,0.0,2.492,3.6649,0.0,3.6649,1.2877,3.8567,0.0207,5.0775,-1.2208,2.33914119178088,30.81,3.4,31.79,3.183,-19.53,0.233
2024-04-27,118,4,2024,0.0,telemetry,26.3,19.7,telemetry,Ludhiana,1,4.238,0.362,0.0,1.535,2.3226,0.0,2.3226,0.816,2.5144,0.0,5.0431,-2.5287,2.333181772984945,30.804,2.87,31.54,3.156,-19.8,0.148
2024-04-28,119,4,2024,0.0,telemetry,32.7,22.0,telemetry,Ludhiana,1,5.988,0.341,0.0,2.045,3.0941,0.0,3.0941,1.0871,3.2859,0.0,5.0061,-1.7202,2.329127708564094,30.8,2.87,31.64,3.377,-19.8,0.197
2024-04-29,120,4,2024,1.4,telemetry,24.6,18.3,telemetry,Ludhiana,1,4.006,0.321,0.0,1.285,0.0,0.0,0.0,0.0,0.1918,0.4133,4.9678,-4.776,2.317872080502878,30.788,4.27,31.37,3.143,-18.65,0.0
2024-04-30,121,4,2024,0.0,telemetry,31.1,19.7,telemetry,Ludhiana,0,5.947,0.0,0.0,0.0,0.0,0.0,0.0,0.0,0.1918,0.0,4.9246,-4.7328,2.3067183000256786,30.777,1.47,31.53,2.754,-18.64,0.0
2024-05-01,122,5,2024,0.0,telemetry,29.1,18.2,telemetry,Ludhiana,0,5.594,0.0,0.0,0.0,0.0,0.0,0.0,0.0,0.1918,0.0,4.8766,-4.6848,2.295677595849347,30.766,1.47,31.53,2.382,-18.58,0.0
2024-05-02,123,5,2024,0.0,telemetry,32.1,19.2,telemetry,Ludhiana,0,6.396,0.0,0.0,0.0,0.0,0.0,0.0,0.0,0.1918,0.0,4.8244,-4.6326,2.2847600633945935,30.755,1.47,31.58,2.141,-18.66,0.0
2024-05-03,124,5,2024,0.0,telemetry,32.4,20.4,telemetry,Ludhiana,0,6.292,0.0,0.0,0.0,0.0,0.0,0.0,0.0,0.1918,0.0,4.7683,-4.5765,2.2739747443714697,30.744,1.4,31.59,2.052,-18.66,0.0
2024-05-04,125,5,2024,0.0,telemetry,32.0,24.6,telemetry,Ludhiana,0,5.166,0.0,0.0,0.0,0.0,0.0,0.0,0.0,0.1918,0.0,4.7087,-4.5169,2.2633296972869177,30.734,1.4,31.55,1.779,-18.66,0.0
2024-05-05,126,5,2024,0.0,telemetry,36.4,24.9,telemetry,Ludhiana,0,6.784,0.0,0.0,0.0,0.0,0.0,0.0,0.0,0.1918,0.0,4.6462,-4.4544,2.2528320652705744,30.723,1.4,31.69,1.461,-18.65,0.0
2024-05-06,127,5,2024,0.0,telemetry,37.9,23.2,telemetry,Ludhiana,0,7.672,0.0,0.0,0.0,0.0,0.0,0.0,0.0,0.1918,0.0,4.581,-4.3892,2.2424881396538416,30.713,0.0,31.88,1.196,-18.65,0.0
2024-05-07,128,5,2024,0.0,telemetry,38.0,26.7,telemetry,Ludhiana,0,6.993,0.0,0.0,0.0,0.0,0.0,0.0,0.0,0.1918,0.0,4.5134,-4.3216,2.232303420251731,30.703,0.0,32.09,1.196,-18.64,0.0
2024-05-08,129,5,2024,0.0,telemetry,36.6,27.3,telemetry,Ludhiana,0,6.307,0.0,0.0,0.0,0.0,0.0,0.0,0.0,0.1918,0.0,4.4438,-4.252,2.2222826725092664,30.693,0.0,32.19,0.942,-18.62,0.0
2024-05-09,130,5,2024,0.0,telemetry,35.7,26.1,telemetry,Ludhiana,0,6.286,0.0,0.0,0.0,0.0,0.0,0.0,0.0,0.1918,0.0,4.3725,-4.1807,2.2124299793400724,30.683,0.0,32.26,0.649,-18.61,0.0
2024-05-10,131,5,2024,0.0,telemetry,35.0,26.8,telemetry,Ludhiana,0,5.821,0.0,0.0,0.0,0.0,0.0,0.0,0.0,0.1918,0.0,4.2997,-4.1079,2.2027487876735266,30.673,0.0,32.37,0.387,-18.61,0.0
2024-05-11,132,5,2024,0.07,telemetry,33.3,24.9,telemetry,Ludhiana,0,5.685,0.0,0.0,0.0,0.0,0.0,0.0,0.0,0.1918,0.0207,4.2257,-4.0339,2.1932421384167653,30.664,0.07,32.42,0.221,-18.54,0.0
2024-05-12,133,5,2024,0.0,telemetry,28.1,23.5,telemetry,Ludhiana,0,3.919,0.0,0.0,0.0,0.0,0.0,0.0,0.0,0.1918,0.0,4.1507,-3.9589,2.183912138737637,30.654,0.07,32.19,0.0,-18.54,0.0
2024-05-13,134,5,2024,0.0,telemetry,35.9,24.0,telemetry,Ludhiana,0,6.916,0.0,0.0,0.0,0.0,0.0,0.0,0.0,0.1918,0.0,4.075,-3.8832,2.1747606260807055,30.645,0.07,32.31,0.0,-20.34,0.0
2024-05-14,135,5,2024,0.0,telemetry,38.3,25.6,telemetry,Ludhiana,0,7.457,0.0,1.05,0.0,0.0,11.6638,11.6638,4.0981,11.8556,0.0,3.9987,7.8569,2.193276999049499,30.664,0.07,32.66,0.0,-23.27,0.741
2024-05-15,136,5,2024,0.0,telemetry,39.1,25.5,telemetry,Ludhiana,0,7.785,0.0,1.05,0.0,0.0,12.1761,12.1761,4.2781,12.3679,0.0,3.9375,8.4304,2.2131449950631277,30.684,0.07,32.96,0.0,-24.34,0.774
2024-05-16,137,5,2024,0.0,telemetry,40.0,28.4,telemetry,Ludhiana,0,7.475,0.0,1.05,0.0,0.0,11.6913,11.6913,4.1078,11.8831,0.0,3.8908,7.9923,2.2319803248517944,30.702,0.07,33.22,0.0,-24.34,0.743
2024-05-17,138,5,2024,0.0,telemetry,40.9,29.3,telemetry,Ludhiana,0,7.616,0.0,1.05,0.0,0.0,11.9129,11.9129,4.1856,12.1047,0.0,3.857,8.2477,2.251417574876758,30.722,0.07,33.51,0.0,-24.2,0.757
2024-05-18,139,5,2024,6.33,telemetry,41.6,29.2,telemetry,Ludhiana,0,7.932,0.0,1.05,0.0,0.0,3.4543,3.4543,1.2137,3.6461,1.8685,3.8353,-0.1892,2.2509715813346824,30.721,6.33,33.95,0.0,-18.4,0.22
2024-05-19,140,5,2024,0.0,telemetry,41.2,29.7,telemetry,Ludhiana,0,7.657,0.0,1.05,0.0,0.0,11.9766,11.9766,4.208,12.1684,0.0,3.8152,8.3532,2.2706576152565376,30.741,6.33,34.31,0.0,-20.33,0.761
2024-05-20,141,5,2024,0.0,telemetry,41.3,29.6,telemetry,Ludhiana,0,7.735,0.0,1.05,0.0,0.0,12.0978,12.0978,4.2506,12.2896,0.0,3.8062,8.4834,2.290650491403327,30.761,6.33,34.59,0.0,-20.86,0.769
2024-05-21,142,5,2024,0.0,telemetry,40.2,28.9,telemetry,Ludhiana,0,7.483,0.0,1.05,0.0,0.0,11.7045,11.7045,4.1124,11.8963,0.0,3.8076,8.0887,2.309713152607106,30.78,6.33,34.84,0.0,-20.86,0.744
2024-05-22,143,5,2024,0.0,telemetry,40.1,30.0,telemetry,Ludhiana,0,7.152,0.0,1.05,0.0,0.0,11.1862,11.1862,3.9303,11.378,0.0,3.818,7.56,2.327529773769905,30.798,6.33,35.13,0.0,-20.8,0.711
2024-05-23,144,5,2024,0.0,telemetry,37.9,29.3,telemetry,Ludhiana,0,6.427,0.0,1.05,0.0,0.0,10.0518,10.0518,3.5317,10.2436,0.0,3.836,6.4076,2.342630606387659,30.813,6.33,35.39,0.0,-21.73,0.639
2024-05-24,145,5,2024,0.0,telemetry,37.6,23.5,telemetry,Ludhiana,0,7.75,0.0,1.05,0.0,0.0,12.1218,12.1218,4.259,12.3136,0.0,3.8593,8.4543,2.362554783369889,30.833,6.33,35.52,0.0,-21.55,0.771
2024-05-25,146,5,2024,0.0,telemetry,39.2,27.7,telemetry,Ludhiana,0,7.428,0.0,1.05,0.0,0.0,11.6175,11.6175,4.0818,11.8093,0.0,3.8903,7.919,2.3812175167510614,30.852,0.0,35.67,0.0,-21.53,0.738
2024-05-26,147,5,2024,0.0,telemetry,41.6,29.1,telemetry,Ludhiana,0,8.04,0.0,1.05,0.0,0.0,12.5751,12.5751,4.4183,12.7669,0.0,3.9275,8.8394,2.402049278275384,30.872,0.0,35.87,0.0,-21.38,0.799
2024-05-27,148,5,2024,0.0,telemetry,41.7,30.7,telemetry,Ludhiana,0,7.671,0.0,1.05,0.0,0.0,11.9979,11.9979,4.2155,12.1897,0.0,3.9717,8.218,2.421416653170255,30.892,0.0,36.39,0.0,-21.38,0.763
2024-05-28,149,5,2024,0.0,telemetry,42.9,30.9,telemetry,Ludhiana,0,8.124,0.0,1.05,0.0,0.0,12.7066,12.7066,4.4645,12.8984,0.0,4.0214,8.877,2.4423371377463083,30.913,0.0,36.73,0.0,-21.05,0.808
2024-05-29,150,5,2024,0.07,telemetry,43.0,31.5,telemetry,Ludhiana,0,8.011,0.0,1.05,0.0,0.0,12.4264,12.4264,4.366,12.6182,0.0207,4.0769,8.5413,2.4624662981029153,30.933,0.07,37.34,0.0,-22.23,0.79
2024-05-30,151,5,2024,0.0,telemetry,38.7,31.9,telemetry,Ludhiana,0,5.948,0.0,1.05,0.0,0.0,9.3027,9.3027,3.2685,9.4945,0.0,4.1375,5.357,2.475091203423077,30.945,0.07,37.59,0.0,-21.74,0.591
2024-05-31,152,5,2024,0.0,telemetry,41.9,30.0,telemetry,Ludhiana,0,7.971,0.0,1.052,0.0,0.0,12.4892,12.4892,4.3881,12.681,0.0,4.1983,8.4827,2.4950824794605513,30.965,0.07,38.02,0.0,-21.73,0.794
2024-06-01,153,6,2024,0.73,telemetry,41.5,31.8,telemetry,Ludhiana,0,7.296,0.0,1.055,0.0,0.0,10.3903,10.3903,3.6506,10.5821,0.5926,4.2634,6.3187,2.509973771109869,30.98,0.8,38.33,0.0,-20.95,0.66
2024-06-02,154,6,2024,0.07,telemetry,39.6,28.2,telemetry,Ludhiana,0,7.516,0.0,1.059,0.0,0.0,11.7534,11.7534,4.1296,11.9452,0.0568,4.3301,7.6151,2.527920195617866,30.998,0.87,38.57,0.0,-20.89,0.747
2024-06-03,155,6,2024,0.0,telemetry,40.7,29.7,telemetry,Ludhiana,0,7.574,0.0,1.063,0.0,0.0,11.9901,11.9901,4.2127,12.1819,0.0,4.3996,7.7823,2.546260787283338,31.017,0.87,38.86,0.0,-20.89,0.762
2024-06-04,156,6,2024,0.07,telemetry,39.2,26.7,telemetry,Ludhiana,0,7.736,0.0,1.066,0.0,0.0,12.1846,12.1846,4.2811,12.3764,0.0568,4.4716,7.9048,2.5648899199117383,31.035,0.94,38.96,0.0,-20.83,0.775
2024-06-05,157,6,2024,0.27,telemetry,39.7,25.1,telemetry,Ludhiana,0,8.275,0.0,1.07,0.0,0.0,12.7886,12.7886,4.4933,12.9804,0.2192,4.5463,8.4341,2.5847665858874125,31.055,1.14,39.02,0.0,-20.56,0.813
2024-06-06,158,6,2024,0.07,telemetry,38.2,26.5,telemetry,Ludhiana,0,7.405,0.0,1.074,0.0,0.0,11.7382,11.7382,4.1242,11.93,0.0568,4.6241,7.3059,2.6019843931594413,31.072,1.21,39.02,0.0,-20.49,0.746
2024-06-07,159,6,2024,0.0,telemetry,37.8,28.1,telemetry,Ludhiana,0,6.826,0.0,1.077,0.0,0.0,10.9545,10.9545,3.8489,11.1463,0.0,4.7031,6.4432,2.617168963126812,31.088,1.21,39.06,0.0,-20.48,0.696
2024-06-08,160,6,2024,0.0,telemetry,37.4,27.0,telemetry,Ludhiana,0,6.967,0.0,1.081,0.0,0.0,11.2181,11.2181,3.9415,11.4099,0.0,4.7821,6.6278,2.6327887019202025,31.103,0.48,39.12,0.0,-20.48,0.713
2024-06-09,161,6,2024,0.0,telemetry,39.9,27.7,telemetry,Ludhiana,0,7.791,0.0,1.085,0.0,0.0,12.5865,12.5865,4.4223,12.7783,0.0,4.8612,7.9171,2.6514470173147195,31.122,0.41,39.28,0.0,-20.42,0.8
2024-06-10,162,6,2024,0.0,telemetry,40.5,28.4,telemetry,Ludhiana,0,7.859,0.0,1.088,0.0,0.0,12.74,12.74,4.4762,12.9318,0.0,4.942,7.9898,2.6702765663270567,31.141,0.41,39.52,0.0,-20.49,0.81
2024-06-11,163,6,2024,0.0,telemetry,41.5,29.6,telemetry,Ludhiana,0,7.961,0.0,1.092,0.0,0.0,12.9476,12.9476,4.5492,13.1394,0.0,5.0245,8.1149,2.689400870139084,31.16,0.34,39.97,0.0,-20.49,0.823
2024-06-12,164,6,2024,0.0,telemetry,42.7,29.9,telemetry,Ludhiana,0,8.375,0.0,1.095,0.0,0.0,13.6662,13.6662,4.8016,13.858,0.0,5.1087,8.7493,2.7100202679286487,31.18,0.07,40.2,0.0,-20.47,0.869
2024-06-13,165,6,2024,0.0,telemetry,41.7,31.5,telemetry,Ludhiana,0,7.519,0.0,1.099,0.0,0.0,12.3108,12.3108,4.3254,12.5026,0.0,5.1953,7.3073,2.7272414656271438,31.198,0.0,40.31,0.0,-20.47,0.783
2024-06-14,166,6,2024,0.0,telemetry,41.6,30.2,telemetry,Ludhiana,0,7.848,0.0,1.103,0.0,0.0,12.8922,12.8922,4.5297,13.084,0.0,5.282,7.802,2.7456284930820507,31.216,0.0,40.39,0.0,-20.21,0.82
2024-06-15,167,6,2024,0.0,telemetry,41.9,30.6,telemetry,Ludhiana,0,7.866,0.0,1.106,0.0,0.0,12.9637,12.9637,4.5548,13.1555,0.0,5.3695,7.786,2.763977816497304,31.234,0.0,40.46,0.0,-20.21,0.824
2024-06-16,168,6,2024,0.0,telemetry,42.8,31.4,telemetry,Ludhiana,0,8.026,0.0,1.11,0.0,0.0,13.2704,13.2704,4.6626,13.4622,0.0,5.4576,8.0046,2.782842189553597,31.253,0.0,40.52,0.0,-20.21,0.844
2024-06-17,169,6,2024,0.0,telemetry,42.6,27.4,telemetry,Ludhiana,0,8.913,0.0,1.114,0.0,0.0,14.7863,14.7863,5.1952,14.9781,0.0,5.5466,9.4315,2.8050693358134002,31.275,0.0,40.55,0.0,-26.54,0.94
2024-06-18,170,6,2024,0.0,telemetry,41.7,29.9,telemetry,Ludhiana,0,7.972,0.0,1.117,0.0,0.0,13.2687,13.2687,4.662,13.4605,0.0,5.6382,7.8223,2.823504017800219,31.294,0.0,40.57,0.0,-26.4,0.843
2024-06-19,171,6,2024,0.0,telemetry,41.3,25.5,telemetry,Ludhiana,0,8.812,0.0,1.121,0.0,0.0,14.7135,14.7135,5.1696,14.9053,0.0,5.7301,9.1752,2.845127177478038,31.316,0.0,40.57,0.0,-26.4,0.935
2024-06-20,172,6,2024,7.0,telemetry,37.3,27.6,telemetry,Ludhiana,0,6.776,0.0,1.125,0.0,0.0,1.5069,1.5069,0.5295,1.6987,5.6822,5.8239,-4.1252,2.8354052642018623,31.306,7.0,40.47,0.0,-19.98,0.096
2024-06-21,173,6,2024,0.07,telemetry,33.7,27.7,telemetry,Ludhiana,0,5.143,0.0,1.128,0.0,0.0,8.5385,8.5385,3.0,8.7303,0.0568,5.9068,2.8235,2.84205944720992,31.312,7.07,40.26,0.0,-19.92,0.543
2024-06-22,174,6,2024,0.0,telemetry,38.7,27.5,telemetry,Ludhiana,0,7.373,0.0,1.132,0.0,0.0,12.4303,12.4303,4.3674,12.6221,0.0,5.9841,6.638,2.8577032944560172,31.328,7.07,40.29,0.0,-19.92,0.79
2024-06-23,175,6,2024,0.0,telemetry,38.7,28.7,telemetry,Ludhiana,0,7.047,0.0,1.135,0.0,0.0,11.9196,11.9196,4.188,12.1114,0.0,6.0612,6.0502,2.871961748129288,31.342,7.07,40.32,0.0,-19.92,0.758
2024-06-24,176,6,2024,0.0,telemetry,39.6,29.1,telemetry,Ludhiana,0,7.31,0.0,1.139,0.0,0.0,12.4045,12.4045,4.3583,12.5963,0.0,6.1374,6.4589,2.887183343552812,31.358,7.07,40.34,0.0,-19.92,0.789
2024-06-25,177,6,2024,0.0,telemetry,39.0,30.0,telemetry,Ludhiana,0,6.786,0.0,1.143,0.0,0.0,11.5505,11.5505,4.0583,11.7423,0.0,6.2133,5.529,2.900213541396424,31.371,7.07,40.25,0.0,-19.92,0.734
2024-06-26,178,6,2024,0.53,telemetry,38.7,31.0,telemetry,Ludhiana,0,6.316,0.0,1.146,0.0,0.0,9.9996,9.9996,3.5134,10.1914,0.4302,6.2876,3.9038,2.9094137258500616,31.38,7.6,40.15,0.0,-19.43,0.636
2024-06-27,179,6,2024,53.27,telemetry,35.9,26.6,telemetry,Ludhiana,0,6.464,0.0,1.15,0.0,0.0,0.0,0.0,0.0,0.1918,43.2418,6.3585,-6.1667,2.8948806019506925,31.365,53.87,39.92,0.0,29.49,0.0
2024-06-28,180,6,2024,0.0,telemetry,37.8,30.4,telemetry,Ludhiana,0,6.099,0.0,1.154,0.0,0.0,10.4802,10.4802,3.6822,10.672,0.0,6.4503,4.2217,2.9048299395674313,31.375,53.8,39.74,0.0,29.43,0.666
2024-06-29,181,6,2024,0.0,telemetry,33.6,28.4,telemetry,Ludhiana,0,4.805,0.0,1.157,0.0,0.0,8.2826,8.2826,2.9101,8.4744,0.0,6.5386,1.9358,2.9093920422362727,31.38,53.8,39.57,0.0,29.43,0.527
2024-06-30,182,6,2024,0.0,telemetry,37.3,31.1,telemetry,Ludhiana,0,5.587,0.0,1.161,0.0,0.0,9.6621,9.6621,3.3948,9.8539,0.0,6.6207,3.2332,2.9170117358723715,31.387,53.8,39.42,0.0,29.86,0.614
2024-07-01,183,7,2024,0.0,telemetry,36.2,28.8,telemetry,Ludhiana,0,5.901,0.0,1.165,0.0,0.0,10.2368,10.2368,3.5967,10.4286,0.0,6.6987,3.7299,2.925801896647695,31.396,53.8,39.24,0.0,29.13,0.651
2024-07-02,184,7,2024,1.47,telemetry,36.4,29.2,telemetry,Ludhiana,0,5.852,0.0,1.168,0.0,0.0,8.0191,8.0191,2.8175,8.2109,1.1933,6.7737,1.4372,2.9291890196798303,31.4,55.27,39.14,0.0,30.41,0.51
2024-07-03,185,7,2024,0.2,telemetry,36.1,27.3,telemetry,Ludhiana,0,6.325,0.0,1.172,0.0,0.0,10.7425,10.7425,3.7744,10.9343,0.1623,6.8437,4.0906,2.9388293792552607,31.409,54.94,38.98,0.0,30.59,0.683
2024-07-04,186,7,2024,46.13,telemetry,30.8,27.5,telemetry,Ludhiana,0,3.671,0.0,1.175,0.0,0.0,0.0,0.0,0.0,0.1918,37.4459,6.9118,-6.72,2.9229923947756578,31.393,47.8,38.7,0.0,74.72,0.0
2024-07-05,187,7,2024,0.0,telemetry,34.8,25.0,telemetry,Ludhiana,0,6.422,0.0,1.179,0.0,0.0,11.2796,11.2796,3.9631,11.4714,0.0,6.9961,4.4753,2.933539271085764,31.404,47.8,38.54,0.0,74.59,0.717
2024-07-06,188,7,2024,14.8,telemetry,32.3,24.2,telemetry,Ludhiana,0,5.632,0.0,1.183,0.0,0.0,0.0,0.0,0.0,0.1918,12.0139,7.0788,-6.887,2.917308728044706,31.388,62.6,38.34,0.0,88.08,0.0
2024-07-07,189,7,2024,1.33,telemetry,34.2,29.1,generated,Ludhiana,0,4.795,0.0,1.186,0.0,0.0,6.5133,6.5133,2.2885,6.7051,1.0796,7.1552,-0.4501,2.9162480244514577,31.387,63.93,38.22,0.0,90.26,0.414
2024-07-08,190,7,2024,0.93,telemetry,35.7,27.2,telemetry,Ludhiana,0,6.159,0.0,1.19,0.0,0.0,9.5434,9.5434,3.3531,9.7352,0.7549,7.2252,2.51,2.922163397325011,31.393,64.86,38.17,0.0,93.08,0.607
2024-07-09,191,7,2024,0.0,telemetry,34.9,24.0,telemetry,Ludhiana,0,6.685,0.0,1.194,0.0,0.0,11.8869,11.8869,4.1765,12.0787,0.0,7.2929,4.7858,2.9334420586651353,31.404,63.39,38.0,0.0,93.34,0.756
2024-07-10,192,7,2024,0.4,telemetry,35.5,29.3,telemetry,Ludhiana,0,5.351,0.0,1.197,0.0,0.0,8.9503,8.9503,3.1447,9.1421,0.3247,7.3609,1.7812,2.937639844610452,31.408,63.59,37.83,0.0,93.71,0.569
2024-07-11,193,7,2024,0.13,telemetry,35.3,29.3,telemetry,Ludhiana,0,5.248,0.0,1.2,0.0,0.0,9.1883,9.1883,3.2283,9.3801,0.1055,7.4253,1.9548,2.942246738091714,31.413,17.59,37.63,0.0,93.83,0.584
2024-07-12,194,7,2024,34.67,telemetry,33.1,22.3,telemetry,Ludhiana,0,6.388,0.0,1.2,0.0,0.0,0.0,0.0,0.0,0.1918,28.1433,7.4864,-7.2946,2.925055556200182,31.395,52.26,37.31,0.0,125.61,0.0
2024-07-13,195,7,2024,0.0,telemetry,35.7,26.1,telemetry,Ludhiana,0,6.439,0.0,1.2,0.0,0.0,11.5095,11.5095,4.0439,11.7013,0.0,7.5565,4.1448,2.9348236251903494,31.405,37.46,37.11,0.0,125.61,0.732
2024-07-14,196,7,2024,0.0,telemetry,35.5,28.2,telemetry,Ludhiana,0,5.717,0.0,1.2,0.0,0.0,10.22,10.22,3.5908,10.4118,0.0,7.6263,2.7855,2.9413881018462584,31.412,36.13,36.9,0.0,125.64,0.65
2024-07-15,197,7,2024,0.0,telemetry,36.8,28.7,telemetry,Ludhiana,0,6.124,0.0,1.2,0.0,0.0,10.9469,10.9469,3.8462,11.1387,0.0,7.6941,3.4446,2.9495059899335576,31.42,35.2,36.73,0.0,125.65,0.696
2024-07-16,198,7,2024,0.0,telemetry,37.8,30.3,telemetry,Ludhiana,0,6.036,0.0,1.2,0.0,0.0,10.7904,10.7904,3.7912,10.9822,0.0,7.7607,3.2215,2.9570980814259866,31.427,35.2,36.57,0.0,125.65,0.686
2024-07-17,199,7,2024,0.07,telemetry,36.1,30.9,telemetry,Ludhiana,0,4.966,0.0,1.2,0.0,0.0,8.7733,8.7733,3.0825,8.9651,0.0568,7.8258,1.1393,2.95978302007973,31.43,34.87,36.35,0.0,126.15,0.558
2024-07-18,200,7,2024,0.0,telemetry,34.6,24.7,telemetry,Ludhiana,0,6.329,0.0,1.2,0.0,0.0,11.3139,11.3139,3.9752,11.5057,0.0,7.8869,3.6188,2.968311493265115,31.439,34.74,36.11,0.0,126.44,0.719
2024-07-19,201,7,2024,0.0,telemetry,36.2,29.1,telemetry,Ludhiana,0,5.691,0.0,1.2,0.0,0.0,10.1722,10.1722,3.574,10.364,0.0,7.9473,2.4167,2.9740068708045055,31.444,0.07,35.94,0.0,126.44,0.647
2024-07-20,202,7,2024,0.0,telemetry,36.7,28.6,telemetry,Ludhiana,0,6.069,0.0,1.2,0.0,0.0,10.8485,10.8485,3.8116,11.0403,0.0,8.0055,3.0348,2.9811589279880804,31.452,0.07,35.92,0.0,119.44,0.69
2024-07-21,203,7,2024,0.0,telemetry,36.0,25.4,telemetry,Ludhiana,0,6.664,0.0,1.2,0.0,0.0,11.9118,11.9118,4.1852,12.1036,0.0,8.0624,4.0412,2.9906828016013955,31.461,0.07,36.0,0.0,119.39,0.757
2024-07-22,204,7,2024,0.0,telemetry,35.8,28.3,telemetry,Ludhiana,0,5.752,0.0,1.2,0.0,0.0,10.2819,10.2819,3.6126,10.4737,0.0,8.1193,2.3544,2.996231338758977,31.467,0.07,35.9,0.0,119.39,0.654
2024-07-23,205,7,2024,0.0,telemetry,34.4,23.5,telemetry,Ludhiana,0,6.492,0.0,1.2,0.0,0.0,11.605,11.605,4.0774,11.7968,0.0,8.174,3.6228,3.0047692209733317,31.475,0.07,35.76,0.0,119.39,0.738
2024-07-24,206,7,2024,0.0,telemetry,35.5,28.9,telemetry,Ludhiana,0,5.394,0.0,1.2,0.0,0.0,9.6413,9.6413,3.3875,9.8331,0.0,8.2281,1.605,3.0085516041997193,31.479,0.0,35.62,0.0,120.49,0.613
2024-07-25,207,7,2024,8.47,telemetry,35.3,26.1,telemetry,Ludhiana,0,6.166,0.0,1.2,0.0,0.0,0.0,0.0,0.0,0.1918,6.8755,8.2791,-8.0873,2.989492207573492,31.46,8.47,35.5,0.0,128.3,0.0
2024-07-26,208,7,2024,3.6,telemetry,35.2,27.1,telemetry,Ludhiana,0,5.828,0.0,1.2,0.0,0.0,5.2104,5.2104,1.8307,5.4022,2.9223,8.3202,-2.918,2.982615354856817,31.453,12.07,35.38,0.0,131.86,0.331
2024-07-27,209,7,2024,0.0,telemetry,35.5,27.9,telemetry,Ludhiana,0,5.698,0.0,1.2,0.0,0.0,10.1858,10.1858,3.5788,10.3776,0.0,8.3558,2.0218,2.9873801560942326,31.458,12.07,35.37,0.0,80.85,0.647
2024-07-28,210,7,2024,0.0,telemetry,35.2,27.4,telemetry,Ludhiana,0,5.715,0.0,1.2,0.0,0.0,10.2155,10.2155,3.5892,10.4073,0.0,8.3904,2.0169,2.9921334389460648,31.463,12.07,35.28,0.0,80.85,0.649
2024-07-29,211,7,2024,2.53,telemetry,35.1,27.5,telemetry,Ludhiana,0,5.63,0.0,1.2,0.0,0.0,6.3708,6.3708,2.2384,6.5626,2.0537,8.424,-1.8614,2.987746748186362,31.458,14.6,35.33,0.0,83.22,0.405
2024-07-30,212,7,2024,6.73,telemetry,36.9,29.1,telemetry,Ludhiana,0,5.888,0.0,1.2,0.0,0.0,1.0404,1.0404,0.3655,1.2322,5.4631,8.4532,-7.221,2.9707289709670825,31.441,21.33,35.32,0.0,89.39,0.066
2024-07-31,213,7,2024,0.0,telemetry,34.4,28.6,telemetry,Ludhiana,0,4.917,0.0,1.2,0.0,0.0,8.7897,8.7897,3.0883,8.9815,0.0,8.4743,0.5072,2.9719241767677285,31.442,21.33,35.26,0.0,89.39,0.559
2024-08-01,214,8,2024,2.47,telemetry,30.3,26.0,telemetry,Ludhiana,0,3.937,0.0,1.2,0.0,0.0,3.4317,3.4317,1.2057,3.6235,2.005,8.4936,-4.8701,2.960446736746837,31.431,15.33,35.06,0.0,90.19,0.218
2024-08-02,215,8,2024,3.73,telemetry,35.7,26.7,telemetry,Ludhiana,0,6.061,0.0,1.2,0.0,0.0,5.4434,5.4434,1.9125,5.6352,3.0278,8.5058,-2.8706,2.953681630875668,31.424,15.46,35.04,0.0,93.41,0.346
2024-08-03,216,8,2024,0.07,telemetry,33.2,26.3,telemetry,Ludhiana,0,5.138,0.0,1.2,0.0,0.0,9.0797,9.0797,3.1902,9.2715,0.0568,8.5149,0.7566,2.955464627453446,31.426,15.53,35.12,0.0,47.35,0.577
2024-08-04,217,8,2024,0.0,telemetry,30.9,25.9,telemetry,Ludhiana,0,4.239,0.0,1.2,0.0,0.0,7.5777,7.5777,2.6624,7.7695,0.0,8.5236,-0.7541,2.9536874101268875,31.424,15.53,34.99,0.0,47.69,0.482
2024-08-05,218,8,2024,0.0,telemetry,35.0,27.2,telemetry,Ludhiana,0,5.59,0.0,1.2,0.0,0.0,9.993,9.993,3.5111,10.1848,0.0,8.5297,1.6551,2.957587879130971,31.428,13.0,35.08,0.0,32.89,0.635
2024-08-06,219,8,2024,0.0,telemetry,34.5,26.4,telemetry,Ludhiana,0,5.607,0.0,1.2,0.0,0.0,10.0227,10.0227,3.5215,10.2145,0.0,8.5367,1.6778,2.961542003818334,31.432,6.27,35.09,0.0,31.56,0.637
2024-08-07,220,8,2024,0.53,telemetry,30.0,28.2,telemetry,Ludhiana,0,2.563,0.0,1.2,0.0,0.0,3.7945,3.7945,1.3332,3.9863,0.4302,8.5443,-4.558,2.9508001211098067,31.421,6.8,34.9,0.0,31.12,0.241
2024-08-08,221,8,2024,0.0,telemetry,35.3,26.9,telemetry,Ludhiana,0,5.756,0.0,1.2,0.0,0.0,10.2899,10.2899,3.6154,10.4817,0.0,8.5446,1.9371,2.9553651857641006,31.426,4.33,34.92,0.0,31.12,0.654
2024-08-09,222,8,2024,0.0,telemetry,34.8,27.8,telemetry,Ludhiana,0,5.262,0.0,1.2,0.0,0.0,9.4061,9.4061,3.3048,9.5979,0.0,8.5465,1.0514,2.957843036441636,31.428,0.6,34.89,0.0,30.72,0.598
2024-08-10,223,8,2024,15.8,telemetry,32.5,29.1,telemetry,Ludhiana,0,3.62,0.0,1.2,0.0,0.0,0.0,0.0,0.0,0.1918,12.8256,8.5485,-8.3567,2.9381488154644524,31.409,16.33,34.8,0.0,45.07,0.0
2024-08-11,224,8,2024,24.53,telemetry,32.6,25.7,telemetry,Ludhiana,0,4.967,0.0,1.2,0.0,0.0,0.0,0.0,0.0,0.1918,19.9122,8.5493,-8.3575,2.9184528255643833,31.389,40.86,34.78,0.0,32.89,0.0
2024-08-12,225,8,2024,0.0,telemetry,34.6,27.4,telemetry,Ludhiana,0,5.259,0.0,1.2,0.0,0.0,9.4001,9.4001,3.3027,9.5919,0.0,8.5553,1.0366,2.9208957013386883,31.391,40.86,34.75,0.0,32.89,0.598
2024-08-13,226,8,2024,2.13,telemetry,34.0,28.5,telemetry,Ludhiana,0,4.606,0.0,1.2,0.0,0.0,5.1143,5.1143,1.7969,5.3061,1.729,8.5621,-3.256,2.9132223573229914,31.384,42.99,34.7,0.0,34.84,0.325
2024-08-14,227,8,2024,0.0,telemetry,35.0,26.7,telemetry,Ludhiana,0,5.595,0.0,1.2,0.0,0.0,10.0007,10.0007,3.5138,10.1925,0.0,8.5651,1.6274,2.917057553620046,31.387,42.46,34.64,0.0,34.84,0.636
2024-08-15,228,8,2024,1.87,telemetry,32.5,25.3,telemetry,Ludhiana,0,4.986,0.0,1.2,0.0,0.0,6.1691,6.1691,2.1675,6.3609,1.518,8.5698,-2.2089,2.911851818647419,31.382,44.33,34.46,0.0,36.75,0.392
2024-08-16,229,8,2024,3.33,telemetry,35.0,26.8,telemetry,Ludhiana,0,5.531,0.0,1.2,0.0,0.0,5.0591,5.0591,1.7775,5.2509,2.7031,8.5721,-3.3212,2.9040247309718716,31.374,47.66,34.42,0.0,39.73,0.322
2024-08-17,230,8,2024,1.0,telemetry,34.4,27.2,telemetry,Ludhiana,0,5.155,0.0,1.2,0.0,0.0,7.7378,7.7378,2.7187,7.9296,0.8117,8.5718,-0.6422,2.902511329799334,31.373,32.86,34.42,0.0,40.65,0.492
2024-08-18,231,8,2024,0.07,telemetry,34.0,28.3,telemetry,Ludhiana,0,4.605,0.0,1.2,0.0,0.0,8.1267,8.1267,2.8553,8.3185,0.0568,8.5709,-0.2524,2.901916384066738,31.372,8.4,34.34,0.0,40.72,0.517
2024-08-19,232,8,2024,0.0,telemetry,33.1,27.1,generated,Ludhiana,0,4.607,0.0,1.2,0.0,0.0,8.2353,8.2353,2.8935,8.4271,0.0,8.5695,-0.1424,2.9015807643027425,31.372,8.4,34.22,0.0,41.29,0.523
2024-08-20,233,8,2024,1.6,telemetry,33.1,23.3,generated,Ludhiana,0,5.635,0.0,1.2,0.0,0.0,7.719,7.719,2.7121,7.9108,1.2988,8.5675,-0.6567,2.900033021204619,31.37,7.87,34.13,0.0,42.76,0.491
2024-08-21,234,8,2024,1.93,telemetry,33.6,24.6,generated,Ludhiana,0,5.486,0.0,1.2,0.0,0.0,6.9751,6.9751,2.4507,7.1669,1.5667,8.5655,-1.3986,2.896737029810153,31.367,9.8,34.05,0.0,44.53,0.443
2024-08-22,235,8,2024,0.07,telemetry,34.3,27.9,telemetry,Ludhiana,0,4.805,0.0,1.2,0.0,0.0,8.4858,8.4858,2.9815,8.6776,0.0568,8.5625,0.1151,2.897008226312735,31.367,8.0,34.05,0.0,44.59,0.539
2024-08-23,236,8,2024,9.8,telemetry,35.1,27.1,telemetry,Ludhiana,0,5.353,0.0,1.2,0.0,0.0,0.0,0.0,0.0,0.1918,7.9551,8.5595,-8.3677,2.877288125600075,31.348,14.47,34.04,0.0,53.58,0.0
2024-08-24,237,8,2024,3.6,telemetry,34.9,26.5,telemetry,Ludhiana,0,5.419,0.0,1.2,0.0,0.0,4.479,4.479,1.5737,4.6708,2.9223,8.5518,-3.881,2.868141676725985,31.339,17.07,34.02,0.0,48.41,0.285
2024-08-25,238,8,2024,0.0,telemetry,34.3,29.3,generated,Ludhiana,0,4.259,0.0,1.2,0.0,0.0,7.6137,7.6137,2.6751,7.8055,0.0,8.5418,-0.7363,2.86640633014764,31.337,17.0,33.99,0.0,44.81,0.484
2024-08-26,239,8,2024,0.33,telemetry,34.6,24.8,generated,Ludhiana,0,5.688,0.0,1.2,0.0,0.0,9.6772,9.6772,3.4001,9.869,0.2679,8.5313,1.3377,2.8695588346299505,31.34,17.33,33.96,0.0,45.11,0.615
2024-08-27,240,8,2024,19.27,telemetry,34.5,24.4,generated,Ludhiana,0,5.721,0.0,1.2,0.0,0.0,0.0,0.0,0.0,0.1918,15.6424,8.5232,-8.3314,2.8499241478711363,31.32,35.0,33.94,0.0,62.77,0.0
2024-08-28,241,8,2024,3.53,telemetry,33.2,27.0,telemetry,Ludhiana,0,4.525,0.0,1.2,0.0,0.0,2.9791,2.9791,1.0467,3.1709,2.8655,8.5177,-5.3468,2.8373234171730237,31.308,36.6,33.88,0.0,63.5,0.189
2024-08-29,242,8,2024,15.6,telemetry,28.9,25.8,telemetry,Ludhiana,0,3.003,0.0,1.2,0.0,0.0,0.0,0.0,0.0,0.1918,12.6633,8.5081,-8.3163,2.817724501460429,31.288,52.13,33.61,0.0,71.35,0.0
2024-08-30,243,8,2024,0.0,telemetry,34.0,25.9,telemetry,Ludhiana,0,5.113,0.0,1.2,0.0,0.0,9.1389,9.1389,3.211,9.3307,0.0,8.4992,0.8315,2.8196841530158023,31.29,42.33,33.6,0.0,71.41,0.581
2024-08-31,244,8,2024,0.0,telemetry,34.9,27.0,telemetry,Ludhiana,0,5.132,0.0,1.2,0.0,0.0,9.1744,9.1744,3.2234,9.3662,0.0,8.4923,0.8739,2.8217435858397333,31.292,38.73,33.75,0.0,69.1,0.583
2024-09-01,245,9,2024,0.0,telemetry,34.1,27.7,telemetry,Ludhiana,0,4.594,0.0,1.2,0.0,0.0,8.2126,8.2126,2.8855,8.4044,0.0,8.4873,-0.0829,2.821548122323594,31.292,38.73,33.7,0.0,65.37,0.522
2024-09-02,246,9,2024,0.0,telemetry,34.2,27.3,telemetry,Ludhiana,0,4.734,0.0,1.2,0.0,0.0,8.4628,8.4628,2.9734,8.6546,0.0,8.483,0.1716,2.8219526447196945,31.292,38.4,33.73,0.0,65.3,0.538
2024-09-03,247,9,2024,3.13,telemetry,33.2,23.3,telemetry,Ludhiana,0,5.354,0.0,1.2,0.0,0.0,5.0252,5.0252,1.7656,5.217,2.5408,8.4793,-3.2623,2.8142644989724097,31.285,22.26,33.81,0.0,68.17,0.319
2024-09-04,248,9,2024,7.07,telemetry,33.2,26.9,telemetry,Ludhiana,0,4.417,0.0,1.2,0.0,0.0,0.0,0.0,0.0,0.1918,5.7391,8.4737,-8.2819,2.7947464580904895,31.265,25.8,33.75,0.0,74.65,0.0
2024-09-05,249,9,2024,5.27,telemetry,34.4,27.4,telemetry,Ludhiana,0,4.717,0.0,1.2,0.0,0.0,0.912,0.912,0.3204,1.1038,4.2779,8.4627,-7.3589,2.777403751766369,31.248,15.47,33.74,0.0,79.48,0.058
2024-09-06,250,9,2024,0.0,telemetry,33.2,24.5,telemetry,Ludhiana,0,5.013,0.0,1.2,0.0,0.0,8.9604,8.9604,3.1482,9.1522,0.0,8.4467,0.7055,2.7790665053671666,31.249,15.47,33.85,0.0,78.95,0.57
2024-09-07,251,9,2024,0.07,telemetry,33.8,26.2,telemetry,Ludhiana,0,4.777,0.0,1.2,0.0,0.0,8.4351,8.4351,2.9637,8.6269,0.0568,8.4331,0.1938,2.7795232741539024,31.25,15.54,33.8,0.0,79.02,0.536
2024-09-08,252,9,2024,0.0,telemetry,34.4,27.1,telemetry,Ludhiana,0,4.732,0.0,1.2,0.0,0.0,8.4581,8.4581,2.9718,8.6499,0.0,8.4211,0.2288,2.780062525315663,31.25,15.54,33.79,0.0,79.02,0.538
2024-09-09,253,9,2024,0.0,telemetry,34.8,27.9,telemetry,Ludhiana,0,4.634,0.0,1.2,0.0,0.0,8.2826,8.2826,2.9101,8.4744,0.0,8.4105,0.0639,2.780213223520287,31.251,15.54,33.86,0.0,63.22,0.527
2024-09-10,254,9,2024,0.47,telemetry,31.6,26.7,telemetry,Ludhiana,0,3.711,0.0,1.2,0.0,0.0,5.9356,5.9356,2.0855,6.1274,0.3815,8.4008,-2.2734,2.7748556023928774,31.245,12.88,33.83,0.0,39.12,0.377
2024-09-11,255,9,2024,0.13,telemetry,35.5,26.0,telemetry,Ludhiana,0,5.315,0.0,1.2,0.0,0.0,9.3075,9.3075,3.2702,9.4993,0.1055,8.3891,1.1102,2.77747193841484,31.248,5.94,33.86,0.0,39.24,0.592
2024-09-12,256,9,2024,7.0,telemetry,35.2,26.8,telemetry,Ludhiana,0,4.997,0.0,1.2,0.0,0.0,0.0,0.0,0.0,0.1918,5.6822,8.3799,-8.1881,2.758174966722361,31.229,7.67,33.9,0.0,43.52,0.0
2024-09-13,257,9,2024,0.07,telemetry,32.4,25.4,telemetry,Ludhiana,0,4.342,0.0,1.2,0.0,0.0,7.6573,7.6573,2.6904,7.8491,0.0568,8.3654,-0.5163,2.7569582044268293,31.227,7.74,33.81,0.0,43.59,0.487
2024-09-14,258,9,2024,0.07,telemetry,33.2,25.5,telemetry,Ludhiana,0,4.573,0.0,1.2,0.0,0.0,8.0698,8.0698,2.8353,8.2616,0.0568,8.3514,-0.0898,2.7567466307226334,31.227,7.74,33.84,0.0,43.32,0.513
2024-09-15,259,9,2024,0.0,telemetry,33.6,27.0,telemetry,Ludhiana,0,4.295,0.0,1.2,0.0,0.0,7.6776,7.6776,2.6975,7.8694,0.0,8.3383,-0.4689,2.755641512321608,31.226,7.74,33.79,0.0,41.52,0.488
2024-09-16,260,9,2024,0.0,telemetry,33.6,25.5,telemetry,Ludhiana,0,4.658,0.0,1.2,0.0,0.0,8.3259,8.3259,2.9253,8.5177,0.0,8.3256,0.1921,2.7560943301139953,31.226,7.74,33.76,0.0,42.39,0.529
2024-09-17,261,9,2024,0.0,telemetry,34.4,27.2,telemetry,Ludhiana,0,4.482,0.0,1.2,0.0,0.0,8.0113,8.0113,2.8148,8.2031,0.0,8.3138,-0.1107,2.7558335330577877,31.226,7.27,33.78,0.0,42.32,0.509
2024-09-18,262,9,2024,0.0,telemetry,35.6,24.1,telemetry,Ludhiana,0,5.521,0.0,1.2,0.0,0.0,9.8699,9.8699,3.4678,10.0617,0.0,8.3026,1.7591,2.759979223907295,31.23,7.14,33.86,0.0,44.17,0.627
2024-09-19,263,9,2024,0.0,telemetry,30.5,25.3,telemetry,Ludhiana,0,3.54,0.0,1.2,0.0,0.0,6.3283,6.3283,2.2235,6.5201,0.0,8.2942,-1.7741,2.755798095758935,31.226,0.14,33.77,0.0,42.79,0.402
2024-09-20,264,9,2024,0.0,telemetry,34.5,23.6,telemetry,Ludhiana,0,5.224,0.0,1.2,0.0,0.0,9.3374,9.3374,3.2807,9.5292,0.0,8.2837,1.2455,2.7587334449292324,31.229,0.07,33.8,0.0,40.86,0.594
2024-09-21,265,9,2024,0.0,telemetry,34.4,25.8,telemetry,Ludhiana,0,4.716,0.0,1.2,0.0,0.0,8.4293,8.4293,2.9616,8.6211,0.0,8.2753,0.3458,2.759548294902367,31.23,0.0,33.81,0.0,40.84,0.536
2024-09-22,266,9,2024,0.0,telemetry,34.3,28.5,telemetry,Ludhiana,0,3.954,0.0,1.2,0.0,0.0,7.0674,7.0674,2.4831,7.2592,0.0,8.2676,-1.0084,2.7571717517975807,31.228,0.0,33.78,0.0,32.17,0.449
2024-09-23,267,9,2024,0.0,telemetry,35.2,28.2,telemetry,Ludhiana,0,4.343,0.0,1.2,0.0,0.0,7.7638,7.7638,2.7278,7.9556,0.0,8.2586,-0.303,2.756457651482469,31.227,0.0,33.79,0.0,28.58,0.494
2024-09-24,268,9,2024,0.0,telemetry,36.3,28.2,telemetry,Ludhiana,0,4.695,0.0,1.2,0.0,0.0,8.3923,8.3923,2.9486,8.5841,0.0,8.2493,0.3348,2.7572466988111914,31.228,0.0,33.86,0.0,28.58,0.533
2024-09-25,269,9,2024,0.0,telemetry,35.7,28.8,telemetry,Ludhiana,0,4.306,0.0,1.2,0.0,0.0,7.6974,7.6974,2.7045,7.8892,0.0,8.2405,-0.3513,2.7564188370345235,31.227,0.0,33.89,0.0,28.25,0.489
2024-09-26,270,9,2024,0.0,telemetry,32.9,24.9,telemetry,Ludhiana,0,4.299,0.0,1.2,0.0,0.0,7.6848,7.6848,2.7001,7.8766,0.0,8.2312,-0.3546,2.7555832109404834,31.226,0.0,33.84,0.0,8.98,0.489
2024-09-27,271,9,2024,1.8,telemetry,29.5,25.1,telemetry,Ludhiana,0,3.059,0.0,1.2,0.0,0.0,2.8262,2.8262,0.993,3.018,1.4611,8.2214,-5.2034,2.7433204692638644,31.214,1.8,33.72,0.0,7.11,0.18
2024-09-28,272,9,2024,1.53,telemetry,31.1,24.5,telemetry,Ludhiana,0,3.764,0.0,1.2,0.0,0.0,4.4775,4.4775,1.5732,4.6693,1.242,8.2058,-3.5365,2.7349859561690546,31.205,3.33,33.79,0.0,-7.09,0.285
2024-09-29,273,9,2024,0.0,telemetry,32.1,24.5,telemetry,Ludhiana,0,4.057,0.0,1.2,0.0,0.0,7.2523,7.2523,2.5481,7.4441,0.0,8.1871,-0.743,2.7332348712379853,31.204,3.33,33.73,0.0,-7.08,0.461
2024-09-30,274,9,2024,0.0,telemetry,32.4,25.2,telemetry,Ludhiana,0,3.966,0.0,1.2,0.0,0.0,7.0886,7.0886,2.4906,7.2804,0.0,8.1681,-0.8877,2.7311427706384586,31.202,3.33,33.64,0.0,-7.08,0.451
2024-10-01,275,10,2024,0.0,telemetry,33.6,26.0,telemetry,Ludhiana,0,4.134,0.0,1.2,0.0,0.0,7.39,7.39,2.5965,7.5818,0.0,8.1486,-0.5668,2.7298069693355553,31.2,3.33,33.63,0.0,-7.08,0.47
2024-10-02,276,10,2024,0.0,telemetry,34.0,25.6,telemetry,Ludhiana,0,4.317,0.0,1.189,0.0,0.0,7.6492,7.6492,2.6876,7.841,0.0,8.129,-0.288,2.7291282305161064,31.2,3.33,33.62,0.0,-7.08,0.486
2024-10-03,277,10,2024,0.07,telemetry,35.5,25.5,telemetry,Ludhiana,0,4.748,0.0,1.175,0.0,0.0,8.2075,8.2075,2.8837,8.3993,0.0207,8.1096,0.2897,2.7298108692684697,31.2,3.4,33.7,0.0,-10.15,0.522
2024-10-04,278,10,2024,0.0,telemetry,34.6,25.8,telemetry,Ludhiana,0,4.396,0.0,1.161,0.0,0.0,7.6036,7.6036,2.6715,7.7954,0.0,8.0912,-0.2958,2.7291136594019485,31.199,1.6,33.74,0.0,-17.22,0.483
2024-10-05,279,10,2024,0.0,telemetry,33.6,25.4,telemetry,Ludhiana,0,4.153,0.0,1.147,0.0,0.0,7.0959,7.0959,2.4932,7.2877,0.0,8.0729,-0.7852,2.7272632049453867,31.198,0.07,33.72,0.0,-22.48,0.451
2024-10-06,280,10,2024,1.47,telemetry,31.2,20.7,telemetry,Ludhiana,0,4.317,0.0,1.133,0.0,0.0,5.121,5.121,1.7993,5.3128,0.4339,8.0539,-2.7411,2.7208032847776056,31.191,1.54,33.65,0.0,-21.14,0.326
2024-10-07,281,10,2024,0.07,telemetry,32.7,22.1,telemetry,Ludhiana,0,4.45,0.0,1.119,0.0,0.0,7.3119,7.3119,2.569,7.5037,0.0207,8.032,-0.5283,2.7195581539698077,31.19,1.61,33.61,0.0,-21.14,0.465
2024-10-08,282,10,2024,0.0,telemetry,32.4,23.2,telemetry,Ludhiana,0,4.154,0.0,1.105,0.0,0.0,6.8341,6.8341,2.4012,7.0259,0.0,8.0101,-0.9842,2.717238638496121,31.188,1.61,33.55,0.0,-21.14,0.434
2024-10-09,283,10,2024,0.0,telemetry,31.9,22.4,telemetry,Ludhiana,0,4.131,0.0,1.09,0.0,0.0,6.7106,6.7106,2.3578,6.9024,0.0,7.9875,-1.0851,2.7146814456872868,31.185,1.61,33.45,0.0,-20.95,0.427
2024-10-10,284,10,2024,0.0,telemetry,32.0,22.4,telemetry,Ludhiana,0,4.128,0.0,1.076,0.0,0.0,6.6188,6.6188,2.3255,6.8106,0.0,7.964,-1.1534,2.7119631885207705,31.182,1.54,33.46,0.0,-21.42,0.421
2024-10-11,285,10,2024,0.0,telemetry,31.7,21.9,telemetry,Ludhiana,0,4.105,0.0,1.062,0.0,0.0,6.4945,6.4945,2.2819,6.6863,0.0,7.9397,-1.2534,2.7090093558990347,31.179,1.54,33.34,0.0,-21.55,0.413
2024-10-12,286,10,2024,0.0,telemetry,32.3,21.7,telemetry,Ludhiana,0,4.258,0.0,1.048,0.0,0.0,6.6467,6.6467,2.3353,6.8385,0.0,7.9144,-1.0759,2.7064738734385068,31.177,1.54,33.24,0.0,-28.55,0.423
2024-10-13,287,10,2024,0.0,telemetry,31.1,21.7,telemetry,Ludhiana,0,3.928,0.0,1.034,0.0,0.0,6.0485,6.0485,2.1251,6.2403,0.0,7.8883,-1.648,2.7025900267157534,31.173,0.07,33.2,0.0,-28.62,0.384
2024-10-14,288,10,2024,0.0,telemetry,31.9,22.2,telemetry,Ludhiana,0,4.019,0.0,1.02,0.0,0.0,6.1052,6.1052,2.1451,6.297,0.0,7.8609,-1.5639,2.6989044520778953,31.169,0.0,33.15,0.0,-28.5,0.388
2024-10-15,289,10,2024,0.0,telemetry,31.9,22.3,telemetry,Ludhiana,0,3.974,0.0,1.006,0.0,0.0,5.9529,5.9529,2.0916,6.1447,0.0,7.8322,-1.6875,2.694927483715584,31.165,0.0,33.1,0.0,-27.34,0.378
2024-10-16,290,10,2024,0.0,telemetry,31.7,22.7,telemetry,Ludhiana,0,3.829,0.0,0.991,0.0,0.0,5.6543,5.6543,1.9866,5.8461,0.0,7.8022,-1.9561,2.690317433680199,31.161,0.0,33.03,0.0,-27.25,0.359
2024-10-17,291,10,2024,0.0,telemetry,31.4,21.8,telemetry,Ludhiana,0,3.873,0.0,0.977,0.0,0.0,5.6385,5.6385,1.9811,5.8303,0.0,7.7707,-1.9404,2.6857445219558667,31.156,0.0,32.93,0.0,-27.25,0.358
2024-10-18,292,10,2024,0.0,telemetry,32.0,22.1,telemetry,Ludhiana,0,3.944,0.0,0.963,0.0,0.0,5.6589,5.6589,1.9883,5.8507,0.0,7.7377,-1.887,2.6812975059853783,31.152,0.0,32.81,0.0,-27.25,0.36
2024-10-19,293,10,2024,0.0,telemetry,30.7,22.1,telemetry,Ludhiana,0,3.597,0.0,0.949,0.0,0.0,5.0842,5.0842,1.7863,5.276,0.0,7.7034,-2.4274,2.675576961667505,31.146,0.0,32.82,0.0,-27.25,0.323
2024-10-20,294,10,2024,0.53,telemetry,32.3,22.0,telemetry,Ludhiana,0,3.974,0.0,0.935,0.0,0.0,4.7474,4.7474,1.668,4.9392,0.1564,7.6671,-2.7279,2.6691480845041755,31.14,0.53,32.75,0.0,-26.76,0.302
2024-10-21,295,10,2024,0.0,telemetry,30.4,21.9,telemetry,Ludhiana,0,3.504,0.0,0.921,0.0,0.0,4.8054,4.8054,1.6884,4.9972,0.0,7.6288,-2.6316,2.662946128472174,31.133,0.53,32.61,0.0,-26.76,0.305
2024-10-22,296,10,2024,0.0,telemetry,22.5,6.2,generated,Ludhiana,0,3.523,0.0,0.907,0.0,0.0,4.7581,4.7581,1.6718,4.9499,0.0,7.5886,-2.6387,2.656727418530762,31.127,0.53,32.22,0.0,-26.6,0.302
2024-10-23,297,10,2024,0.0,telemetry,25.6,13.4,generated,Ludhiana,0,3.511,0.0,0.892,0.0,0.0,4.667,4.667,1.6398,4.8588,0.0,7.5467,-2.6879,2.6503929596546985,31.121,0.53,31.9,0.0,-26.6,0.297
2024-10-24,298,10,2024,0.0,telemetry,24.8,4.2,generated,Ludhiana,0,3.922,0.0,0.878,0.0,0.0,5.1307,5.1307,1.8027,5.3225,0.0,7.503,-2.1805,2.645254217462069,31.116,0.53,31.52,0.0,-26.6,0.326
2024-10-25,299,10,2024,0.0,telemetry,26.9,19.4,generated,Ludhiana,0,2.978,0.0,0.864,0.0,0.0,3.8335,3.8335,1.3469,4.0253,0.0,7.4584,-3.4331,2.6371634383944795,31.108,0.53,31.22,0.0,-26.52,0.244
2024-10-26,300,10,2024,0.0,telemetry,28.1,13.9,generated,Ludhiana,0,3.854,0.0,0.85,0.0,0.0,4.8804,4.8804,1.7147,5.0722,0.0,7.4113,-2.3391,2.6316508283411646,31.102,0.53,31.06,0.0,-26.52,0.31
2024-10-27,301,10,2024,0.47,telemetry,27.7,16.3,generated,Ludhiana,0,3.517,0.0,0.0,0.0,0.0,0.0,0.0,0.0,0.1918,0.1387,7.3634,-7.1716,2.6147495543106976,31.085,0.47,31.0,0.0,-27.89,0.0
2024-10-28,302,10,2024,0.0,telemetry,31.7,22.8,telemetry,Ludhiana,0,3.492,0.0,0.0,0.0,0.0,0.0,0.0,0.0,0.1918,0.0,7.3084,-7.1166,2.597977958928255,31.068,0.47,31.02,0.0,-29.42,0.0
2024-10-29,303,10,2024,0.0,telemetry,30.6,21.3,telemetry,Ludhiana,0,3.442,0.0,0.0,0.0,0.0,0.0,0.0,0.0,0.1918,0.0,7.2468,-7.055,2.581351479469025,31.052,0.47,30.97,0.0,-29.42,0.0
2024-10-30,304,10,2024,0.0,telemetry,31.5,21.1,telemetry,Ludhiana,0,3.642,0.0,0.0,0.0,0.0,0.0,0.0,0.0,0.1918,0.0,7.1793,-6.9875,2.564884081460979,31.035,0.47,30.94,0.0,-29.42,0.0
2024-10-31,305,10,2024,0.0,telemetry,32.2,20.5,telemetry,Ludhiana,1,3.84,0.4,0.0,1.536,2.5805,0.0,2.5805,0.9067,2.7723,0.0,7.1064,-4.3341,2.5546698131624006,31.025,0.47,30.9,0.184,-29.41,0.164
2024-11-01,306,11,2024,0.0,telemetry,30.6,19.6,telemetry,Ludhiana,1,3.592,0.4,0.0,1.437,2.414,0.0,2.414,0.8482,2.6058,0.0,7.0322,-4.4264,2.5442380575535126,31.015,0.47,30.78,0.357,-29.41,0.153
2024-11-02,307,11,2024,0.0,telemetry,30.2,19.6,telemetry,Ludhiana,1,3.485,0.4,0.0,1.394,2.342,0.0,2.342,0.8229,2.5338,0.0,6.9566,-4.4228,2.533814766459698,31.004,0.47,30.61,0.524,-29.48,0.149
2024-11-03,308,11,2024,0.0,telemetry,30.3,20.0,telemetry,Ludhiana,1,3.431,0.4,0.0,1.372,2.3059,0.0,2.3059,0.8102,2.4977,0.0,6.8798,-4.3821,2.523487499263154,30.994,0.0,30.46,0.689,-29.46,0.147
2024-11-04,309,11,2024,0.0,telemetry,29.8,19.4,telemetry,Ludhiana,1,3.38,0.4,0.0,1.352,2.2714,0.0,2.2714,0.7981,2.4632,0.0,6.8019,-4.3387,2.5132625946765166,30.984,0.0,30.34,0.851,-29.46,0.144
2024-11-05,310,11,2024,0.0,telemetry,29.7,18.9,telemetry,Ludhiana,1,3.396,0.4,0.0,1.359,2.2825,0.0,2.2825,0.802,2.4743,0.0,6.723,-4.2487,2.5032497208403672,30.974,0.0,30.29,1.014,-30.93,0.145
2024-11-06,311,11,2024,0.0,telemetry,29.6,19.8,telemetry,Ludhiana,1,3.244,0.4,0.0,1.297,2.1799,0.0,2.1799,0.7659,2.3717,0.0,6.6434,-4.2717,2.493182642091595,30.964,0.0,30.18,1.17,-31.0,0.139
2024-11-07,312,11,2024,0.0,telemetry,28.9,19.4,telemetry,Ludhiana,1,3.131,0.4,0.0,1.252,2.1041,0.0,2.1041,0.7393,2.2959,0.0,6.5631,-4.2672,2.4831261490129846,30.954,0.0,30.07,1.32,-31.0,0.134
2024-11-08,313,11,2024,0.0,telemetry,26.3,19.0,generated,Ludhiana,1,2.629,0.4,0.0,1.051,1.7666,0.0,1.7666,0.6207,1.9584,0.0,6.482,-4.5236,2.472465304040323,30.943,0.0,29.88,1.446,-31.0,0.112
2024-11-09,314,11,2024,0.0,telemetry,27.5,19.8,telemetry,Ludhiana,1,2.748,0.4,0.0,1.099,1.8468,0.0,1.8468,0.6489,2.0386,0.0,6.4001,-4.3615,2.4621866097632927,30.933,0.0,29.73,1.578,-30.54,0.117
2024-11-10,315,11,2024,0.0,telemetry,28.1,19.6,telemetry,Ludhiana,1,2.882,0.4,0.0,1.153,1.937,0.0,1.937,0.6806,2.1288,0.0,6.3175,-4.1887,2.4523151140142994,30.923,0.0,29.61,1.716,-30.53,0.123
2024-11-11,316,11,2024,0.0,telemetry,28.6,19.4,telemetry,Ludhiana,1,2.99,0.4,0.0,1.196,2.0093,0.0,2.0093,0.706,2.2011,0.0,6.2348,-4.0337,2.442808923794084,30.913,0.0,29.49,1.86,-30.53,0.128
2024-11-12,317,11,2024,0.0,telemetry,28.3,19.6,telemetry,Ludhiana,1,2.886,0.4,0.0,1.154,1.9392,0.0,1.9392,0.6813,2.131,0.0,6.1518,-4.0208,2.4333330229928065,30.904,0.0,29.39,1.999,-30.53,0.123
2024-11-13,318,11,2024,0.07,telemetry,26.5,16.6,telemetry,Ludhiana,1,2.883,0.4,0.0,1.153,1.8199,0.0,1.8199,0.6394,2.0117,0.0207,6.069,-4.0573,2.4237711512308406,30.894,0.07,29.21,2.129,-30.46,0.116
2024-11-14,319,11,2024,0.0,telemetry,26.9,16.2,telemetry,Ludhiana,1,2.979,0.4,0.0,1.191,2.0017,0.0,2.0017,0.7033,2.1935,0.0,5.9862,-3.7927,2.414832973917281,30.885,0.07,29.05,2.087,-30.46,0.127
2024-11-15,320,11,2024,0.13,telemetry,26.4,16.4,telemetry,Ludhiana,1,2.851,0.4,0.0,1.14,1.6979,0.0,1.6979,0.5966,1.8897,0.0384,5.9036,-4.0139,2.4053733720674813,30.876,0.2,28.87,2.036,-30.34,0.108
2024-11-16,321,11,2024,0.07,telemetry,25.8,16.4,telemetry,Ludhiana,1,2.727,0.4,0.0,1.091,1.7149,0.0,1.7149,0.6025,1.9067,0.0207,5.821,-3.9143,2.3961485449642237,30.867,0.27,28.68,1.991,-30.28,0.109
2024-11-17,322,11,2024,0.0,telemetry,25.2,16.3,telemetry,Ludhiana,1,2.614,0.4,0.0,1.046,1.7567,0.0,1.7567,0.6172,1.9485,0.0,5.7387,-3.7902,2.387216304626983,30.858,0.27,28.46,1.952,-30.28,0.112
2024-11-18,323,11,2024,0.0,telemetry,25.5,15.9,telemetry,Ludhiana,1,2.696,0.4,0.0,1.078,1.8116,0.0,1.8116,0.6365,2.0034,0.0,5.6566,-3.6532,2.3786067977277936,30.849,0.27,28.28,1.919,-30.28,0.115
2024-11-19,324,11,2024,0.0,telemetry,25.6,15.8,telemetry,Ludhiana,1,2.708,0.4,0.0,1.083,1.8201,0.0,1.8201,0.6395,2.0119,0.0,5.575,-3.5631,2.3702095442796645,30.841,0.27,28.06,1.886,-30.8,0.116
2024-11-20,325,11,2024,0.0,telemetry,25.2,15.0,telemetry,Ludhiana,1,2.705,0.4,0.0,1.082,1.8179,0.0,1.8179,0.6387,2.0097,0.0,5.4941,-3.4844,2.361997980906217,30.832,0.2,27.89,1.86,-30.8,0.116
2024-11-21,326,11,2024,0.0,telemetry,24.9,15.4,telemetry,Ludhiana,1,2.6,0.417,0.0,1.083,1.8201,0.0,1.8201,0.6395,2.0119,0.0,5.4137,-3.4018,2.3539809649873824,30.824,0.2,27.97,1.84,-30.8,0.116
2024-11-22,327,11,2024,0.0,telemetry,25.5,15.1,telemetry,Ludhiana,1,2.717,0.433,0.0,1.177,1.978,0.0,1.978,0.695,2.1698,0.0,5.3341,-3.1643,2.346523753006013,30.817,0.07,27.96,1.855,-30.8,0.126
2024-11-23,328,11,2024,0.0,telemetry,25.0,15.3,telemetry,Ludhiana,1,2.6,0.45,0.0,1.17,1.966,0.0,1.966,0.6908,2.1578,0.0,5.2554,-3.0976,2.3392236254823686,30.81,0.0,27.97,1.864,-30.8,0.125
2024-11-24,329,11,2024,0.0,telemetry,26.6,17.5,telemetry,Ludhiana,1,2.632,0.467,0.0,1.228,2.0634,0.0,2.0634,0.725,2.2552,0.0,5.1778,-2.9226,2.332336038879393,30.803,0.0,27.96,1.873,-30.8,0.131
2024-11-25,330,11,2024,0.0,telemetry,25.6,15.7,telemetry,Ludhiana,1,2.636,0.483,0.0,1.274,2.1404,0.0,2.1404,0.752,2.3322,0.0,5.1013,-2.7691,2.3258101671403235,30.796,0.0,27.88,1.882,-30.8,0.136
2024-11-26,331,11,2024,0.0,telemetry,24.7,15.0,telemetry,Ludhiana,1,2.543,0.5,0.0,1.272,2.1362,0.0,2.1362,0.7506,2.328,0.0,5.0261,-2.6981,2.3194516110942773,30.79,0.0,27.78,1.896,-31.27,0.136
2024-11-27,332,11,2024,0.0,telemetry,24.9,14.3,telemetry,Ludhiana,1,2.629,0.517,0.0,1.358,2.2821,0.0,2.2821,0.8018,2.4739,0.0,4.9522,-2.4783,2.3136110761300133,30.784,0.0,27.55,1.929,-31.21,0.145
2024-11-28,333,11,2024,0.0,telemetry,25.0,14.3,telemetry,Ludhiana,1,2.634,0.533,0.0,1.405,2.3597,0.0,2.3597,0.8291,2.5515,0.0,4.8797,-2.3282,2.3081240989205365,30.778,0.0,27.36,1.955,-31.2,0.15
2024-11-29,334,11,2024,0.0,telemetry,25.1,14.8,telemetry,Ludhiana,1,2.594,0.55,0.0,1.427,2.3968,0.0,2.3968,0.8421,2.5886,0.0,4.8089,-2.2203,2.30289152422194,30.773,0.0,27.15,2.005,-30.5,0.152
2024-11-30,335,11,2024,0.0,telemetry,24.6,14.6,telemetry,Ludhiana,1,2.522,0.567,0.0,1.429,2.4011,0.0,2.4011,0.8436,2.5929,0.0,4.7396,-2.1467,2.2978322840029874,30.768,0.0,26.9,2.054,-30.5,0.153
2024-12-01,336,12,2024,0.0,telemetry,24.5,14.1,telemetry,Ludhiana,1,2.542,0.583,0.0,1.483,2.491,0.0,2.491,0.8752,2.6828,0.0,4.672,-1.9892,2.293144399151915,30.764,0.0,26.69,2.106,-30.48,0.158
2024-12-02,337,12,2024,0.0,telemetry,25.6,14.0,telemetry,Ludhiana,1,2.711,0.6,0.0,1.626,2.7326,0.0,2.7326,0.9601,2.9244,0.0,4.606,-1.6816,2.2891814564875332,30.76,0.0,26.54,2.172,-30.48,0.174
2024-12-03,338,12,2024,0.0,telemetry,25.4,15.7,telemetry,Ludhiana,1,2.52,0.617,0.0,1.554,2.6105,0.0,2.6105,0.9172,2.8023,0.0,4.5419,-1.7396,2.285081750997583,30.755,0.0,26.38,2.228,-30.47,0.166
2024-12-04,339,12,2024,0.0,telemetry,31.8,20.4,generated,Ludhiana,1,3.117,0.633,0.0,1.974,3.3164,0.0,3.3164,1.1652,3.5082,0.0,4.4796,-0.9714,2.2827925703711474,30.753,0.0,26.44,2.335,-30.47,0.211
2024-12-05,340,12,2024,0.0,telemetry,28.1,16.9,generated,Ludhiana,1,2.827,0.65,0.0,1.838,3.0877,0.0,3.0877,1.0849,3.2795,0.0,4.4198,-1.1403,2.2801052078534823,30.75,0.0,26.39,2.426,-30.46,0.196
2024-12-06,341,12,2024,0.0,telemetry,22.5,12.6,telemetry,Ludhiana,1,2.325,0.667,0.0,1.55,2.6043,0.0,2.6043,0.915,2.7961,0.0,4.3622,-1.5661,2.2764142943929895,30.747,0.0,26.15,2.471,-30.46,0.166
2024-12-07,342,12,2024,0.0,telemetry,22.2,12.2,telemetry,Ludhiana,1,2.308,0.683,0.0,1.577,2.6492,0.0,2.6492,0.9308,2.841,0.0,4.3061,-1.4651,2.2729614925829926,30.743,0.0,25.93,2.519,-30.45,0.168
2024-12-08,343,12,2024,0.0,telemetry,20.5,11.5,telemetry,Ludhiana,1,2.109,0.7,0.0,1.476,2.4803,0.0,2.4803,0.8715,2.6721,0.0,4.2514,-1.5793,2.26923951503319,30.74,0.0,25.74,2.549,-30.45,0.158
2024-12-09,344,12,2024,0.0,telemetry,19.9,14.3,generated,Ludhiana,1,1.714,0.717,0.0,1.228,2.0636,0.0,2.0636,0.725,2.2554,0.0,4.1979,-1.9425,2.2646616416321383,30.735,0.0,25.48,2.544,-30.44,0.131
2024-12-10,345,12,2024,0.0,telemetry,20.4,11.1,telemetry,Ludhiana,1,2.119,0.733,0.0,1.554,2.6106,0.0,2.6106,0.9172,2.8024,0.0,4.145,-1.3426,2.2614974745254797,30.732,0.0,25.23,2.578,-30.43,0.166
2024-12-11,346,12,2024,0.0,telemetry,22.0,9.9,telemetry,Ludhiana,1,2.427,0.75,0.0,1.82,3.058,0.0,3.058,1.0744,3.2498,0.0,4.0935,-0.8437,2.259509050554125,30.73,0.0,25.01,2.633,-30.42,0.194
2024-12-12,347,12,2024,0.0,telemetry,19.1,11.3,telemetry,Ludhiana,1,1.902,0.767,0.0,1.458,2.45,0.0,2.45,0.8608,2.6418,0.0,4.044,-1.4022,2.2562045697473962,30.727,0.0,24.7,2.639,-30.42,0.156
2024-12-13,348,12,2024,0.0,telemetry,21.0,11.0,telemetry,Ludhiana,1,2.203,0.783,0.0,1.726,2.8991,0.0,2.8991,1.0186,3.0909,0.0,3.9954,-0.9045,2.2540728659170406,30.724,0.0,24.52,2.675,-30.48,0.184
2024-12-14,349,12,2024,0.0,telemetry,21.4,9.3,telemetry,Ludhiana,1,2.374,0.8,0.0,1.899,3.1904,0.0,3.1904,1.121,3.3822,0.0,3.9485,-0.5663,2.2527382508068876,30.723,0.0,24.33,2.732,-30.47,0.203
2024-12-15,350,12,2024,0.0,telemetry,21.6,10.3,telemetry,Ludhiana,1,2.333,0.817,0.0,1.905,3.2012,0.0,3.2012,1.1247,3.393,0.0,3.9035,-0.5105,2.2515351114494786,30.722,0.0,24.17,2.782,-30.6,0.203
2024-12-16,351,12,2024,0.0,telemetry,20.6,9.0,telemetry,Ludhiana,1,2.282,0.833,0.0,1.901,3.1944,0.0,3.1944,1.1224,3.3862,0.0,3.8604,-0.4742,2.250417615059987,30.721,0.0,24.0,2.815,-30.67,0.203
2024-12-17,352,12,2024,0.0,telemetry,22.4,9.7,telemetry,Ludhiana,1,2.478,0.85,0.0,2.106,3.538,0.0,3.538,1.2431,3.7298,0.0,3.819,-0.0892,2.2502074119745727,30.721,0.0,23.91,2.882,-30.65,0.225
2024-12-18,353,12,2024,0.0,telemetry,21.9,10.6,telemetry,Ludhiana,1,2.35,0.867,0.0,2.037,3.4217,0.0,3.4217,1.2022,3.6135,0.0,3.7797,-0.1662,2.2498156596624432,30.72,0.0,23.79,2.889,-30.56,0.218
2024-12-19,354,12,2024,0.0,telemetry,21.5,9.3,telemetry,Ludhiana,1,2.381,0.883,0.0,2.103,3.5328,0.0,3.5328,1.2413,3.7246,0.0,3.7423,-0.0177,2.2497739279290148,30.72,0.0,23.65,2.921,-30.56,0.225
2024-12-20,355,12,2024,0.0,telemetry,21.1,11.0,telemetry,Ludhiana,1,2.209,0.9,0.0,1.988,3.3395,0.0,3.3395,1.1733,3.5313,0.0,3.7068,-0.1755,2.2493603744271833,30.72,0.0,23.51,2.973,-30.56,0.212
2024-12-21,356,12,2024,0.0,telemetry,21.8,9.7,telemetry,Ludhiana,1,2.397,0.917,0.0,2.197,3.6911,0.0,3.6911,1.2969,3.8829,0.0,3.6728,0.2101,2.249855556504046,30.72,0.0,23.41,3.048,-30.55,0.235
2024-12-22,357,12,2024,0.0,telemetry,21.6,11.0,telemetry,Ludhiana,1,2.281,0.933,0.0,2.129,3.5772,0.0,3.5772,1.2569,3.769,0.0,3.6407,0.1283,2.250157921011891,30.721,0.0,23.28,3.126,-30.55,0.227
2024-12-23,358,12,2024,4.2,telemetry,16.8,11.1,telemetry,Ludhiana,1,1.559,0.95,0.0,1.481,0.0,0.0,0.0,0.0,0.1918,1.2398,3.6103,-3.4185,2.242101633942145,30.712,4.2,23.01,2.979,-26.69,0.0
2024-12-24,359,12,2024,0.0,telemetry,20.9,13.3,telemetry,Ludhiana,1,1.98,0.967,0.0,1.914,3.2162,0.0,3.2162,1.13,3.408,0.0,3.5777,-0.1697,2.2417016847602893,30.712,4.2,22.82,3.022,-26.69,0.204
2024-12-25,360,12,2024,0.07,telemetry,23.9,12.5,telemetry,Ludhiana,1,2.505,0.983,0.0,2.463,4.0206,0.0,4.0206,1.4126,4.2124,0.0207,3.5465,0.6659,2.243271049142731,30.714,4.27,22.76,3.091,-26.61,0.256
2024-12-26,361,12,2024,0.0,telemetry,24.2,13.1,telemetry,Ludhiana,1,2.506,1.0,0.0,2.506,4.2103,0.0,4.2103,1.4793,4.4021,0.0,3.5176,0.8845,2.2453555237662397,30.716,4.27,22.74,3.217,-26.6,0.268
2024-12-27,362,12,2024,10.8,telemetry,24.0,7.3,generated,Ludhiana,1,2.825,1.017,0.0,2.873,0.0,0.0,0.0,0.0,0.1918,3.188,3.4912,-3.2994,2.2375799148075313,30.708,15.07,22.71,3.01,-16.68,0.0
2024-12-28,363,12,2024,1.2,telemetry,26.6,8.5,generated,Ludhiana,1,3.114,1.033,0.0,3.218,3.4097,0.0,3.4097,1.198,3.6015,0.3542,3.4642,0.1373,2.2379035830999165,30.708,16.27,22.77,3.025,-15.58,0.217
2024-12-29,364,12,2024,0.0,telemetry,25.8,14.3,generated,Ludhiana,1,2.663,1.05,0.0,2.796,4.6981,0.0,4.6981,1.6507,4.8899,0.0,3.4388,1.4511,2.2413232869869764,30.712,16.27,22.79,3.132,-15.58,0.299
2024-12-30,365,12,2024,0.0,telemetry,26.3,15.7,generated,Ludhiana,1,2.627,1.067,0.0,2.802,4.7077,0.0,4.7077,1.6541,4.8995,0.0,3.4165,1.483,2.2448182294891423,30.715,12.07,22.85,3.24,-15.58,0.299
2024-12-31,366,12,2024,0.0,telemetry,24.9,14.1,generated,Ludhiana,1,2.555,1.083,0.0,2.768,4.6508,0.0,4.6508,1.6341,4.8426,0.0,3.397,1.4456,2.248225135549695,30.719,12.07,22.86,3.32,-15.58,0.296
2025-01-01,1,1,2025,0.0,telemetry,15.1,10.6,telemetry,Ludhiana,1,1.355,1.083,0.0,1.468,2.4669,0.0,2.4669,0.8667,2.6587,0.0,3.3799,-0.7212,2.246525428477598,30.717,12.0,22.51,3.251,-15.58,0.157
2025-01-02,2,1,2025,1.6,telemetry,19.5,10.6,telemetry,Ludhiana,1,2.048,1.1,0.0,2.253,1.1318,0.0,1.1318,0.3977,1.3236,0.4723,3.3623,-2.0387,2.2417208750108766,30.712,13.6,22.31,3.08,-14.11,0.072
2025-01-03,3,1,2025,0.0,telemetry,22.1,13.9,telemetry,Ludhiana,1,2.149,1.117,0.0,2.399,4.0313,0.0,4.0313,1.4164,4.2231,0.0,3.3427,0.8804,2.243795635358338,30.714,2.8,21.99,3.129,-14.11,0.256
2025-01-04,4,1,2025,0.0,telemetry,24.7,12.7,telemetry,Ludhiana,1,2.658,1.133,0.0,3.013,5.0616,0.0,5.0616,1.7784,5.2534,0.0,3.3249,1.9285,2.2483404184825426,30.719,1.6,21.88,3.227,-14.11,0.322
2025-01-05,5,1,2025,0.0,telemetry,22.1,14.3,telemetry,Ludhiana,1,2.121,1.15,0.0,2.439,4.0973,0.0,4.0973,1.4396,4.2891,0.0,3.3101,0.979,2.2506475168604347,30.721,1.6,21.86,3.264,-14.1,0.26
2025-01-06,6,1,2025,0.07,telemetry,20.7,13.9,telemetry,Ludhiana,1,1.937,1.15,0.0,2.228,3.6252,0.0,3.6252,1.2737,3.817,0.0207,3.2968,0.5202,2.2518734302219956,30.722,1.67,21.81,3.523,-14.04,0.23
2025-01-07,7,1,2025,0.0,telemetry,17.1,10.7,telemetry,Ludhiana,1,1.703,1.15,0.0,1.959,3.2911,0.0,3.2911,1.1563,3.4829,0.0,3.2842,0.1987,2.252341612598214,30.723,1.67,21.7,3.529,-14.04,0.209
2025-01-08,8,1,2025,0.0,telemetry,18.9,9.9,telemetry,Ludhiana,1,2.06,1.15,0.0,2.369,3.9794,0.0,3.9794,1.3982,4.1712,0.0,3.2719,0.8993,2.254460990206251,30.725,1.67,21.67,3.526,-14.04,0.253
2025-01-09,9,1,2025,0.07,telemetry,19.5,9.1,telemetry,Ludhiana,1,2.216,1.15,0.0,2.548,4.1639,0.0,4.1639,1.463,4.3557,0.0207,3.2607,1.095,2.2570415655247196,30.727,0.14,21.64,3.522,-13.97,0.265
2025-01-10,10,1,2025,0.0,telemetry,19.1,10.6,telemetry,Ludhiana,1,2.046,1.15,0.0,2.353,3.9533,0.0,3.9533,1.389,4.1451,0.0,3.2508,0.8943,2.259149099675228,30.73,0.14,21.54,3.805,-13.97,0.251
2025-01-11,11,1,2025,0.07,telemetry,18.6,10.4,telemetry,Ludhiana,1,1.997,1.15,0.0,2.296,3.7404,0.0,3.7404,1.3142,3.9322,0.0207,3.2419,0.6903,2.260776008367278,30.731,0.21,21.52,3.828,-13.9,0.238
2025-01-12,12,1,2025,0.4,telemetry,17.2,12.6,telemetry,Ludhiana,1,1.521,1.15,0.0,1.749,2.2686,0.0,2.2686,0.7971,2.4604,0.1181,3.2335,-0.7731,2.2589540727051225,30.729,0.61,21.4,3.655,-13.48,0.144
2025-01-13,13,1,2025,0.07,telemetry,21.4,10.0,telemetry,Ludhiana,1,2.464,1.15,0.0,2.834,4.6436,0.0,4.6436,1.6315,4.8354,0.0207,3.2238,1.6116,2.262752174637012,30.733,0.61,21.4,3.65,-13.38,0.295
2025-01-14,14,1,2025,0.0,telemetry,20.6,9.2,telemetry,Ludhiana,1,2.417,1.15,0.0,2.78,4.6698,0.0,4.6698,1.6407,4.8616,0.0,3.2159,1.6457,2.266630520856192,30.737,0.61,21.36,3.652,-13.28,0.297
2025-01-15,15,1,2025,0.0,telemetry,22.1,10.3,telemetry,Ludhiana,1,2.57,1.15,0.0,2.955,4.9645,0.0,4.9645,1.7443,5.1563,0.0,3.2098,1.9465,2.271217820348174,30.742,0.61,21.41,3.83,-13.27,0.316
2025-01-16,16,1,2025,0.0,telemetry,16.1,11.7,telemetry,Ludhiana,1,1.47,1.15,0.0,1.691,2.841,0.0,2.841,0.9982,3.0328,0.0,3.2057,-0.1729,2.2708104574246963,30.741,0.54,21.2,3.952,-13.26,0.181
2025-01-17,17,1,2025,0.07,telemetry,19.9,12.4,telemetry,Ludhiana,1,2.067,1.15,0.0,2.377,3.8758,0.0,3.8758,1.3618,4.0676,0.0207,3.2005,0.8671,2.2728539794514373,30.743,0.61,21.14,3.941,-13.19,0.246
2025-01-18,18,1,2025,0.0,telemetry,18.7,11.9,telemetry,Ludhiana,1,1.929,1.15,0.0,2.219,3.7273,0.0,3.7273,1.3096,3.9191,0.0,3.1958,0.7233,2.274558615883646,30.745,0.54,21.04,3.846,-13.18,0.237
2025-01-19,19,1,2025,0.0,telemetry,21.4,11.8,telemetry,Ludhiana,1,2.395,1.15,0.0,2.755,4.6282,0.0,4.6282,1.6261,4.82,0.0,3.1913,1.6287,2.278396994737838,30.749,0.14,21.05,3.884,-13.18,0.294
2025-01-20,20,1,2025,0.0,telemetry,24.6,15.6,telemetry,Ludhiana,1,2.57,1.15,0.0,2.955,4.9653,0.0,4.9653,1.7446,5.1571,0.0,3.1882,1.9689,2.283037144443577,30.753,0.07,21.15,3.979,-13.18,0.316
2025-01-21,21,1,2025,0.0,telemetry,25.3,13.5,telemetry,Ludhiana,1,2.905,1.15,0.0,3.341,5.613,0.0,5.613,1.9721,5.8048,0.0,3.1868,2.618,2.289207021730227,30.76,0.07,21.27,4.145,-13.18,0.357
2025-01-22,22,1,2025,0.07,telemetry,23.6,14.1,telemetry,Ludhiana,1,2.583,1.15,0.0,2.971,4.8738,0.0,4.8738,1.7124,5.0656,0.0207,3.1878,1.8778,2.2936324086246613,30.764,0.14,21.5,4.209,-17.31,0.31
2025-01-23,23,1,2025,0.0,telemetry,21.0,11.9,telemetry,Ludhiana,1,2.377,1.15,0.0,2.734,4.5929,0.0,4.5929,1.6137,4.7847,0.0,3.1901,1.5946,2.2973904970928603,30.768,0.14,21.5,4.24,-17.3,0.292
2025-01-24,24,1,2025,0.0,telemetry,23.3,11.3,telemetry,Ludhiana,1,2.815,1.15,0.0,3.237,5.4385,0.0,5.4385,1.9108,5.6303,0.0,3.1931,2.4372,2.303134305466316,30.774,0.07,21.48,4.346,-17.37,0.346
2025-01-25,25,1,2025,0.07,telemetry,22.9,11.9,telemetry,Ludhiana,1,2.72,1.15,0.0,3.128,5.1371,0.0,5.1371,1.8049,5.3289,0.0207,3.1979,2.131,2.3081564915576744,30.779,0.14,21.44,4.446,-17.3,0.327
2025-01-26,26,1,2025,0.0,telemetry,19.1,10.1,telemetry,Ludhiana,1,2.279,1.15,0.0,2.621,4.4029,0.0,4.4029,1.547,4.5947,0.0,3.2039,1.3908,2.3114341568417758,30.782,0.14,21.27,4.598,-28.09,0.28
2025-01-27,27,1,2025,0.0,telemetry,8.7,-0.5,generated,Ludhiana,1,1.567,1.15,0.0,1.803,3.0284,0.0,3.0284,1.064,3.2202,0.0,3.2101,0.0101,2.311458014641932,30.782,0.14,20.68,4.483,-29.29,0.193
2025-01-28,28,1,2025,0.07,telemetry,23.5,14.9,telemetry,Ludhiana,1,2.577,1.15,0.0,2.964,4.8619,0.0,4.8619,1.7082,5.0537,0.0207,3.2145,1.8392,2.315792427526853,30.786,0.21,20.6,4.496,-29.22,0.309
2025-01-29,29,1,2025,0.0,telemetry,20.6,12.3,telemetry,Ludhiana,1,2.359,1.15,0.0,2.713,4.5584,0.0,4.5584,1.6016,4.7502,0.0,3.2198,1.5304,2.3193991260450897,30.79,0.14,20.41,4.467,-29.21,0.29
2025-01-30,30,1,2025,0.0,telemetry,22.7,13.8,telemetry,Ludhiana,1,2.589,1.15,0.0,2.977,5.002,0.0,5.002,1.7575,5.1938,0.0,3.2254,1.9684,2.324037990652264,30.794,0.14,20.34,4.622,-29.12,0.318
2025-01-31,31,1,2025,0.0,telemetry,23.6,13.1,telemetry,Ludhiana,1,2.839,1.15,0.0,3.265,5.4853,0.0,5.4853,1.9273,5.6771,0.0,3.2319,2.4452,2.329800495319309,30.8,0.14,20.62,4.737,-29.01,0.349
2025-02-01,32,2,2025,0.0,telemetry,20.6,7.3,generated,Ludhiana,1,2.826,1.15,0.0,3.25,5.4596,0.0,5.4596,1.9182,5.6514,0.0,3.2399,2.4115,2.33548369985283,30.806,0.07,20.66,4.861,-30.58,0.347
2025-02-02,33,2,2025,0.0,telemetry,24.8,2.8,generated,Ludhiana,1,3.642,1.15,0.0,4.189,7.0373,0.0,7.0373,2.4726,7.2291,0.0,3.2491,3.98,2.3448633670073993,30.815,0.07,20.75,5.033,-30.58,0.447
2025-02-03,34,2,2025,0.0,telemetry,19.6,13.0,telemetry,Ludhiana,1,2.168,1.15,0.0,2.493,4.1887,0.0,4.1887,1.4717,4.3805,0.0,3.2615,1.119,2.347500445307221,30.818,0.07,20.58,4.977,-30.37,0.266
2025-02-04,35,2,2025,0.0,telemetry,22.5,13.0,telemetry,Ludhiana,1,2.731,1.15,0.0,3.141,5.2763,0.0,5.2763,1.8538,5.4681,0.0,3.2731,2.195,2.352673383585601,30.823,0.0,20.59,4.953,-30.36,0.335
2025-02-05,36,2,2025,0.0,telemetry,20.1,11.7,telemetry,Ludhiana,1,2.452,1.15,0.0,2.819,4.7369,0.0,4.7369,1.6643,4.9287,0.0,3.2853,1.6434,2.356546342309795,30.827,0.0,20.57,4.943,-30.42,0.301
2025-02-06,37,2,2025,0.0,telemetry,29.4,12.5,generated,Ludhiana,1,4.028,1.15,0.0,4.632,7.7814,0.0,7.7814,2.734,7.9732,0.0,3.2974,4.6758,2.3675658780875146,30.838,0.0,20.98,5.171,-30.42,0.495
2025-02-07,38,2,2025,0.0,telemetry,21.1,10.4,telemetry,Ludhiana,1,2.795,1.15,0.0,3.214,5.3996,0.0,5.3996,1.8972,5.5914,0.0,3.3133,2.2781,2.3729347369157674,30.843,0.0,21.05,5.168,-30.41,0.343
2025-02-08,39,2,2025,0.0,telemetry,20.9,10.3,telemetry,Ludhiana,1,2.789,1.15,0.0,3.208,5.3893,0.0,5.3893,1.8935,5.5811,0.0,3.3295,2.2516,2.378241019347246,30.849,0.0,21.1,5.186,-30.48,0.343
2025-02-09,40,2,2025,0.0,telemetry,25.4,11.8,telemetry,Ludhiana,1,3.469,1.15,0.0,3.989,6.7016,0.0,6.7016,2.3546,6.8934,0.0,3.346,3.5474,2.386601064943991,30.857,0.0,21.31,5.35,-30.48,0.426
2025-02-10,41,2,2025,0.0,telemetry,23.2,13.6,telemetry,Ludhiana,1,2.92,1.15,0.0,3.357,5.6407,0.0,5.6407,1.9819,5.8325,0.0,3.3645,2.468,2.3924173606255974,30.863,0.0,21.46,5.537,-30.55,0.359
2025-02-11,42,2,2025,0.0,telemetry,24.4,12.6,telemetry,Ludhiana,1,3.27,1.15,0.0,3.76,6.3173,0.0,6.3173,2.2196,6.5091,0.0,3.3833,3.1258,2.399783871369428,30.87,0.0,21.7,5.641,-30.94,0.402
2025-02-12,43,2,2025,0.0,telemetry,23.7,13.3,telemetry,Ludhiana,1,3.092,1.15,0.0,3.556,5.9747,0.0,5.9747,2.0992,6.1665,0.0,3.4033,2.7632,2.406295884022893,30.877,0.0,21.78,5.742,-31.01,0.38
2025-02-13,44,2,2025,0.0,telemetry,21.6,10.4,telemetry,Ludhiana,1,3.01,1.15,0.0,3.462,5.8161,0.0,5.8161,2.0435,6.0079,0.0,3.4239,2.584,2.4123856694998094,30.883,0.0,21.81,5.8,-31.01,0.37
2025-02-14,45,2,2025,0.0,telemetry,23.9,10.1,telemetry,Ludhiana,1,3.466,1.15,0.0,3.986,6.6964,0.0,6.6964,2.3528,6.8882,0.0,3.4447,3.4435,2.4205009491798024,30.891,0.0,21.87,5.887,-31.01,0.426
2025-02-15,46,2,2025,0.0,telemetry,24.9,13.9,telemetry,Ludhiana,1,3.332,1.15,0.0,3.832,6.4386,0.0,6.4386,2.2622,6.6304,0.0,3.4669,3.1635,2.4279563121666303,30.898,0.0,22.17,5.957,-31.0,0.409
2025-02-16,47,2,2025,0.0,telemetry,23.6,12.4,telemetry,Ludhiana,1,3.26,1.15,0.0,3.749,6.299,0.0,6.299,2.2132,6.4908,0.0,3.49,3.0008,2.4350282527937326,30.905,0.0,22.29,5.904,-31.07,0.4
2025-02-17,48,2,2025,0.0,telemetry,25.8,14.0,telemetry,Ludhiana,1,3.55,1.15,0.0,4.083,6.8594,0.0,6.8594,2.4101,7.0512,0.0,3.5137,3.5375,2.443365106615812,30.914,0.0,22.53,6.095,-31.07,0.436
2025-02-18,49,2,2025,0.0,telemetry,25.7,15.3,telemetry,Ludhiana,1,3.411,1.15,0.0,3.923,6.5909,0.0,6.5909,2.3157,6.7827,0.0,3.5386,3.2441,2.451010529098111,30.921,0.0,22.67,6.189,-31.07,0.419
2025-02-19,50,2,2025,0.0,telemetry,24.8,12.4,telemetry,Ludhiana,1,3.567,1.15,0.0,4.102,6.8908,0.0,6.8908,2.4211,7.0826,0.0,3.5642,3.5184,2.459302384404309,30.93,0.0,22.68,6.343,-31.05,0.438
2025-02-20,51,2,2025,0.87,telemetry,18.6,12.1,telemetry,Ludhiana,1,2.369,1.15,0.0,2.725,3.1259,0.0,3.1259,1.0983,3.3177,0.2568,3.5908,-0.2731,2.4586588016752646,30.929,0.87,22.45,6.01,-30.23,0.199
2025-02-21,52,2,2025,0.0,telemetry,24.1,13.2,telemetry,Ludhiana,1,3.398,1.15,0.0,3.908,6.566,0.0,6.566,2.307,6.7578,0.0,3.6135,3.1443,2.4660689977941965,30.936,0.87,22.47,6.093,-30.3,0.417
2025-02-22,53,2,2025,0.0,telemetry,22.9,15.5,telemetry,Ludhiana,1,2.864,1.15,0.0,3.293,5.5325,0.0,5.5325,1.9439,5.7243,0.0,3.6369,2.0874,2.470988338140422,30.941,0.87,22.53,6.104,-30.3,0.352
2025-02-23,54,2,2025,0.0,telemetry,21.2,11.8,generated,Ludhiana,1,3.014,1.15,0.0,3.466,5.8232,0.0,5.8232,2.046,6.015,0.0,3.6596,2.3554,2.476539335944045,30.947,0.87,22.46,6.041,-30.3,0.37
2025-02-24,55,2,2025,0.0,telemetry,25.3,14.0,telemetry,Ludhiana,1,3.635,1.15,0.0,4.18,7.0224,0.0,7.0224,2.4673,7.2142,0.0,3.6819,3.5323,2.484863872186522,30.955,0.87,22.54,6.14,-30.37,0.446
2025-02-25,56,2,2025,0.0,telemetry,20.1,15.8,telemetry,Ludhiana,1,2.156,1.15,0.0,2.479,4.1656,0.0,4.1656,1.4636,4.3574,0.0,3.7055,0.6519,2.4864002829826,30.957,0.87,22.58,5.986,-30.37,0.265
2025-02-26,57,2,2025,0.0,telemetry,17.7,11.3,generated,Ludhiana,1,2.394,1.15,0.0,2.753,4.6252,0.0,4.6252,1.6251,4.817,0.0,3.7263,1.0907,2.488970715884305,30.959,0.87,22.88,5.889,-30.37,0.294
2025-02-27,58,2,2025,0.07,telemetry,17.3,12.4,telemetry,Ludhiana,1,2.133,1.15,0.0,2.453,4.0032,0.0,4.0032,1.4065,4.195,0.0207,3.7452,0.4498,2.490030683276424,30.96,0.07,22.67,5.76,-30.38,0.254
2025-02-28,59,2,2025,0.13,telemetry,17.4,12.8,telemetry,Ludhiana,1,2.097,1.15,0.0,2.412,3.8341,0.0,3.8341,1.3471,4.0259,0.0384,3.7616,0.2643,2.490653664748659,30.961,0.2,22.56,5.555,-30.26,0.244
2025-03-01,60,3,2025,0.0,telemetry,24.5,14.4,telemetry,Ludhiana,1,3.544,1.15,0.0,4.076,6.8476,0.0,6.8476,2.4059,7.0394,0.0,3.7753,3.2641,2.4983462722622134,30.969,0.2,22.62,5.585,-30.19,0.435
2025-03-02,61,3,2025,0.0,telemetry,24.6,14.8,telemetry,Ludhiana,1,3.54,1.15,0.0,4.071,6.8391,0.0,6.8391,2.4029,7.0309,0.0,3.7905,3.2404,2.505982947257033,30.976,0.2,22.66,5.623,-29.63,0.435
2025-03-03,62,3,2025,0.0,telemetry,20.6,13.7,telemetry,Ludhiana,1,2.788,1.15,0.0,3.206,5.3865,0.0,5.3865,1.8926,5.5783,0.0,3.8071,1.7712,2.5101571680834116,30.981,0.2,22.66,5.518,-29.37,0.342
2025-03-04,63,3,2025,0.0,telemetry,22.4,12.6,telemetry,Ludhiana,1,3.38,1.15,0.0,3.887,6.5297,0.0,6.5297,2.2942,6.7215,0.0,3.823,2.8985,2.516988126996924,30.987,0.2,22.58,5.514,-29.37,0.415
2025-03-05,64,3,2025,0.0,telemetry,22.2,11.8,telemetry,Ludhiana,1,3.456,1.15,0.0,3.975,6.678,0.0,6.678,2.3463,6.8698,0.0,3.8397,3.0301,2.5241291759883318,30.995,0.2,22.66,5.498,-29.37,0.425
2025-03-06,65,3,2025,0.0,telemetry,24.4,13.3,telemetry,Ludhiana,1,3.787,1.15,0.0,4.355,7.3166,0.0,7.3166,2.5707,7.5084,0.0,3.8573,3.6511,2.5327336212640255,31.003,0.13,22.73,5.798,-29.36,0.465
2025-03-07,66,3,2025,0.0,telemetry,25.2,13.7,telemetry,Ludhiana,1,3.945,1.15,0.0,4.537,7.6216,0.0,7.6216,2.6779,7.8134,0.0,3.8767,3.9367,2.5420113458195996,31.012,0.0,22.9,5.873,-29.36,0.484
2025-03-08,67,3,2025,0.0,telemetry,26.4,15.0,telemetry,Ludhiana,1,4.087,1.15,0.0,4.7,7.897,0.0,7.897,2.7746,8.0888,0.0,3.8979,4.1909,2.55188813543022,31.022,0.0,22.8,6.042,-29.35,0.502
2025-03-09,68,3,2025,0.0,telemetry,27.7,15.3,telemetry,Ludhiana,1,4.381,1.15,0.0,5.038,8.4645,0.0,8.4645,2.974,8.6563,0.0,3.9211,4.7352,2.563047529919363,31.033,0.0,23.02,6.231,-29.35,0.538
2025-03-10,69,3,2025,0.0,telemetry,26.6,18.0,telemetry,Ludhiana,1,3.748,1.15,0.0,4.31,7.2414,0.0,7.2414,2.5443,7.4332,0.0,3.947,3.4862,2.5712635131636232,31.042,0.0,23.21,6.246,-29.35,0.46
2025-03-11,70,3,2025,0.0,telemetry,28.2,19.8,telemetry,Ludhiana,1,3.887,1.15,0.0,4.47,7.5101,0.0,7.5101,2.6387,7.7019,0.0,3.9735,3.7284,2.580050137894207,31.05,0.0,23.3,6.485,-29.35,0.477
2025-03-12,71,3,2025,0.0,telemetry,28.4,19.6,telemetry,Ludhiana,1,4.005,1.15,0.0,4.606,7.7378,0.0,7.7378,2.7187,7.9296,0.0,4.0011,3.9285,2.589308530083456,31.06,0.0,23.47,6.708,-29.35,0.492
2025-03-13,72,3,2025,0.0,telemetry,29.0,17.6,telemetry,Ludhiana,1,4.511,1.15,0.0,5.188,8.7165,0.0,8.7165,3.0626,8.9083,0.0,4.0297,4.8786,2.6008059211427073,31.071,0.0,23.63,7.044,-29.35,0.554
2025-03-14,73,3,2025,0.2,telemetry,25.5,19.6,telemetry,Ludhiana,1,3.207,1.15,0.0,3.688,5.8608,0.0,5.8608,2.0592,6.0526,0.059,4.0606,1.992,2.605500426657907,31.076,0.2,23.69,7.189,-29.09,0.373
2025-03-15,74,3,2025,0.0,telemetry,22.0,16.5,telemetry,Ludhiana,1,2.862,1.15,0.0,3.291,5.5287,0.0,5.5287,1.9425,5.7205,0.0,4.0898,1.6307,2.6093434376929916,31.08,0.2,23.7,7.095,-29.08,0.351
2025-03-16,75,3,2025,0.0,telemetry,27.1,14.7,telemetry,Ludhiana,1,4.517,1.15,0.0,5.194,8.7263,0.0,8.7263,3.066,8.9181,0.0,4.1169,4.8012,2.6206583727000803,31.091,0.2,23.81,7.23,-29.08,0.555
2025-03-17,76,3,2025,0.0,telemetry,27.4,16.4,telemetry,Ludhiana,1,4.391,1.15,0.0,5.05,8.4844,0.0,8.4844,2.981,8.6762,0.0,4.1463,4.5299,2.6313340484195913,31.102,0.2,23.89,7.451,-29.08,0.539
2025-03-18,77,3,2025,0.0,telemetry,28.0,15.5,telemetry,Ludhiana,1,4.693,1.15,0.0,5.396,9.0664,0.0,9.0664,3.1855,9.2582,0.0,4.1773,5.0809,2.6433081572118002,31.114,0.2,24.04,7.632,-29.08,0.576
2025-03-19,78,3,2025,0.0,telemetry,28.8,16.9,telemetry,Ludhiana,1,4.735,1.15,0.0,5.445,9.1481,0.0,9.1481,3.2142,9.3399,0.0,4.2106,5.1293,2.655396301608524,31.126,0.2,24.14,7.809,-29.08,0.582
2025-03-20,79,3,2025,0.0,telemetry,29.5,18.2,telemetry,Ludhiana,1,4.756,1.15,0.0,5.47,9.1894,0.0,9.1894,3.2287,9.3812,0.0,4.2461,5.1351,2.6674982653384824,31.138,0.2,24.26,7.942,-29.08,0.584
2025-03-21,80,3,2025,0.0,telemetry,29.4,18.7,telemetry,Ludhiana,1,4.678,1.15,0.0,5.38,9.039,0.0,9.039,3.1759,9.2308,0.0,4.2834,4.9474,2.6791577079488444,31.15,0.0,24.42,8.044,-29.08,0.575
2025-03-22,81,3,2025,0.0,telemetry,30.4,19.0,telemetry,Ludhiana,1,4.933,1.129,0.0,5.571,9.3592,0.0,9.3592,3.2884,9.551,0.0,4.3223,5.2287,2.6914801403206,31.162,0.0,24.81,8.148,-29.95,0.595
2025-03-23,82,3,2025,0.0,telemetry,29.7,17.1,telemetry,Ludhiana,1,5.057,1.109,0.0,5.606,9.4182,0.0,9.4182,3.3091,9.61,0.0,4.3629,5.2471,2.7038459077417345,31.174,0.0,25.0,8.216,-29.94,0.599
2025-03-24,83,3,2025,0.0,telemetry,29.9,16.8,telemetry,Ludhiana,1,5.18,1.088,0.0,5.635,9.4666,0.0,9.4666,3.3261,9.6584,0.0,4.4051,5.2533,2.7162262742389327,31.187,0.0,25.23,8.375,-29.94,0.602
2025-03-25,84,3,2025,0.0,telemetry,31.5,18.0,telemetry,Ludhiana,1,5.468,1.067,0.0,5.835,9.8032,0.0,9.8032,3.4444,9.995,0.0,4.4488,5.5462,2.7292970307525173,31.2,0.0,25.57,8.539,-29.94,0.623
2025-03-26,85,3,2025,0.0,telemetry,33.3,22.7,telemetry,Ludhiana,1,5.245,1.046,0.0,5.488,9.22,0.0,9.22,3.2395,9.4118,0.0,4.4941,4.9177,2.740886494654634,31.211,0.0,25.84,8.645,-29.94,0.586
2025-03-27,86,3,2025,2.07,telemetry,33.1,24.9,telemetry,Ludhiana,1,4.74,1.026,0.0,4.861,4.747,0.0,4.747,1.6679,4.9388,0.611,4.5402,0.3986,2.7418259463240324,31.212,2.07,26.27,8.361,-28.03,0.302
2025-03-28,87,3,2025,0.0,telemetry,26.4,18.9,telemetry,Ludhiana,1,3.939,1.005,0.0,3.959,6.6506,0.0,6.6506,2.3367,6.8424,0.0,4.5814,2.261,2.747154541049072,31.218,2.07,26.56,8.418,-28.01,0.423
2025-03-29,88,3,2025,0.0,telemetry,27.1,15.5,telemetry,Ludhiana,1,4.761,0.984,0.0,4.686,7.8722,0.0,7.8722,2.7659,8.064,0.0,4.62,3.444,2.7552709114781333,31.226,2.07,26.89,8.585,-28.08,0.5
2025-03-30,89,3,2025,0.0,telemetry,30.1,15.6,telemetry,Ludhiana,1,5.563,0.963,0.0,5.36,9.0049,0.0,9.0049,3.1639,9.1967,0.0,4.658,4.5387,2.7659673202350774,31.236,2.07,27.31,8.605,-28.2,0.572
2025-03-31,90,3,2025,0.0,telemetry,30.6,18.6,telemetry,Ludhiana,1,5.307,0.943,0.0,5.002,8.4043,0.0,8.4043,2.9529,8.5961,0.0,4.6967,3.8994,2.775157121533645,31.246,2.07,27.52,8.599,-28.2,0.534
2025-04-01,91,4,2025,0.0,telemetry,30.2,16.3,telemetry,Ludhiana,1,5.558,0.922,0.0,5.124,8.6085,0.0,8.6085,3.0246,8.8003,0.0,4.7352,4.0651,2.7847374059858314,31.255,2.07,27.7,8.567,-28.2,0.547
2025-04-02,92,4,2025,0.07,telemetry,30.2,16.8,telemetry,Ludhiana,1,5.518,0.901,0.0,4.973,8.237,0.0,8.237,2.8941,8.4288,0.0207,4.7737,3.6551,2.793351337154077,31.264,2.14,28.02,8.501,-28.12,0.524
2025-04-03,93,4,2025,0.0,telemetry,32.0,20.3,telemetry,Ludhiana,1,5.514,0.88,0.0,4.855,8.1567,0.0,8.1567,2.8659,8.3485,0.0,4.8117,3.5368,2.801686391782439,31.272,0.07,28.34,8.428,-28.12,0.518
2025-04-04,94,4,2025,0.0,telemetry,32.5,22.2,telemetry,Ludhiana,1,5.341,0.86,0.0,4.592,7.7145,0.0,7.7145,2.7105,7.9063,0.0,4.8491,3.0572,2.8088912396635584,31.279,0.07,28.69,8.333,-28.12,0.49
2025-04-05,95,4,2025,0.0,telemetry,33.8,18.9,telemetry,Ludhiana,1,6.312,0.839,0.0,5.296,8.8968,0.0,8.8968,3.1259,9.0886,0.0,4.8852,4.2034,2.8187973102375548,31.289,0.07,29.0,8.3,-28.12,0.566
2025-04-06,96,4,2025,0.0,telemetry,34.4,19.1,telemetry,Ludhiana,1,6.484,0.818,0.0,5.306,8.9141,0.0,8.9141,3.132,9.1059,0.0,4.9217,4.1842,2.8286582302035654,31.299,0.07,29.31,8.264,-28.12,0.567
2025-04-07,97,4,2025,0.0,telemetry,27.9,20.9,telemetry,Ludhiana,1,4.174,0.798,0.0,3.329,5.5925,0.0,5.5925,1.9649,5.7843,0.0,4.9584,0.8259,2.8306045709846925,31.301,0.07,29.36,7.987,-28.12,0.355
2025-04-08,98,4,2025,0.0,telemetry,34.2,18.3,generated,Ludhiana,1,6.596,0.777,0.0,5.124,8.6085,0.0,8.6085,3.0246,8.8003,0.0,4.9909,3.8094,2.8395820933902023,31.31,0.07,29.57,7.902,-28.12,0.547
2025-04-09,99,4,2025,0.0,telemetry,35.5,25.4,telemetry,Ludhiana,1,5.784,0.756,0.0,4.373,7.3473,0.0,7.3473,2.5815,7.5391,0.0,5.0235,2.5156,2.845510553552343,31.316,0.0,29.87,7.768,-28.12,0.467
2025-04-10,100,4,2025,0.0,telemetry,36.0,26.7,telemetry,Ludhiana,1,5.678,0.735,0.0,4.176,7.0155,0.0,7.0155,2.4649,7.2073,0.0,5.0544,2.1529,2.8505841881016765,31.321,0.0,30.13,7.93,-28.12,0.446
2025-04-11,101,4,2025,0.47,telemetry,27.5,18.8,telemetry,Ludhiana,1,4.596,0.715,0.0,3.284,4.731,0.0,4.731,1.6622,4.9228,0.1387,5.0833,-0.1605,2.850205842197223,31.321,0.47,30.1,7.793,-27.69,0.301
2025-04-12,102,4,2025,0.4,telemetry,32.0,20.5,telemetry,Ludhiana,1,5.708,0.694,0.0,3.961,5.984,0.0,5.984,2.1025,6.1758,0.1181,5.1074,1.0684,2.85272368828017,31.323,0.87,30.2,7.658,-27.32,0.38
2025-04-13,103,4,2025,0.07,telemetry,29.5,19.5,telemetry,Ludhiana,1,5.132,0.673,0.0,3.455,5.6867,0.0,5.6867,1.998,5.8785,0.0207,5.1287,0.7498,2.8544907521449923,31.325,0.94,30.33,7.421,-27.31,0.361
2025-04-14,104,4,2025,0.0,telemetry,33.6,11.6,generated,Ludhiana,1,7.3,0.652,0.0,4.763,8.0014,0.0,8.0014,2.8113,8.1932,0.0,5.1469,3.0463,2.861670010106218,31.332,0.94,30.72,7.392,-27.07,0.509
2025-04-15,105,4,2025,0.0,telemetry,32.9,15.3,generated,Ludhiana,1,6.798,0.632,0.0,4.295,7.2151,0.0,7.2151,2.535,7.4069,0.0,5.1653,2.2416,2.866952897791941,31.337,0.94,30.91,7.293,-26.98,0.459
2025-04-16,106,4,2025,0.0,telemetry,32.8,18.6,generated,Ludhiana,1,6.364,0.611,0.0,3.888,6.5328,0.0,6.5328,2.2953,6.7246,0.0,5.1827,1.5419,2.8705866250670664,31.341,0.94,31.09,7.171,-26.98,0.415
2025-04-17,107,4,2025,0.0,telemetry,32.4,24.5,generated,Ludhiana,1,5.066,0.59,0.0,2.99,5.024,0.0,5.024,1.7652,5.2158,0.0,5.1984,0.0174,2.87062753647101,31.341,0.94,31.24,6.947,-26.98,0.319
2025-04-18,108,4,2025,18.07,telemetry,31.3,19.6,generated,Ludhiana,1,5.787,0.57,0.0,3.296,0.0,0.0,0.0,0.0,0.1918,5.3339,5.2105,-5.0187,2.858799963805483,31.329,18.54,31.32,6.396,-10.41,0.0
2025-04-19,109,4,2025,0.0,telemetry,34.9,23.8,generated,Ludhiana,1,6.168,0.549,0.0,3.385,5.6864,0.0,5.6864,1.9979,5.8782,0.0,5.2172,0.661,2.860357817082622,31.331,18.14,31.5,6.167,-10.25,0.361
2025-04-20,110,4,2025,0.0,telemetry,31.4,14.8,generated,Ludhiana,1,6.566,0.528,0.0,3.467,5.825,0.0,5.825,2.0466,6.0168,0.0,5.222,0.7948,2.862231038419606,31.333,18.07,31.57,5.946,-10.21,0.37
2025-04-21,111,4,2025,0.0,telemetry,26.2,6.4,generated,Ludhiana,1,6.0,0.507,0.0,3.044,5.1136,0.0,5.1136,1.7967,5.3054,0.0,5.2252,0.0802,2.86242008969471,31.333,18.07,31.43,5.912,-10.21,0.325
2025-04-22,112,4,2025,0.0,telemetry,29.0,18.0,generated,Ludhiana,1,5.435,0.487,0.0,2.644,4.4427,0.0,4.4427,1.5609,4.6345,0.0,5.226,-0.5915,2.861026011754861,31.331,18.07,31.41,5.615,-10.21,0.282
2025-04-23,113,4,2025,0.0,telemetry,30.4,12.2,generated,Ludhiana,1,6.64,0.466,0.0,3.093,5.197,0.0,5.197,1.826,5.3888,0.0,5.2238,0.165,2.8614148058552296,31.332,18.07,31.42,5.461,-9.97,0.33
2025-04-24,114,4,2025,0.0,telemetry,28.6,6.6,generated,Ludhiana,1,6.631,0.445,0.0,2.952,4.959,0.0,4.959,1.7424,5.1508,0.0,5.2198,-0.069,2.8612521968837674,31.332,18.07,31.33,5.314,-9.97,0.315
2025-04-25,115,4,2025,0.0,telemetry,26.5,16.1,generated,Ludhiana,1,5.052,0.424,0.0,2.144,3.602,0.0,3.602,1.2656,3.7938,0.0,5.2138,-1.42,2.8579056890603374,31.328,0.0,31.1,5.234,-9.97,0.229
2025-04-26,116,4,2025,0.0,telemetry,30.5,10.6,generated,Ludhiana,1,6.875,0.404,0.0,2.775,4.6627,0.0,4.6627,1.6382,4.8545,0.0,5.2042,-0.3497,2.8570815978287283,31.327,0.0,31.01,5.139,-12.04,0.296
2025-04-27,117,4,2025,0.0,telemetry,33.5,29.5,generated,Ludhiana,1,3.975,0.383,0.0,1.522,2.557,0.0,2.557,0.8984,2.7488,0.0,5.1927,-2.4439,2.8513220912791817,31.322,0.0,31.25,4.916,-12.04,0.163
2025-04-28,118,4,2025,0.0,telemetry,32.4,11.8,generated,Ludhiana,1,7.322,0.362,0.0,2.652,4.4553,0.0,4.4553,1.5654,4.6471,0.0,5.1767,-0.5296,2.8500739703198157,31.32,0.0,31.43,4.662,-12.04,0.283
2025-04-29,119,4,2025,0.0,telemetry,33.0,11.0,generated,Ludhiana,1,7.569,0.341,0.0,2.585,4.3423,0.0,4.3423,1.5257,4.5341,0.0,5.1591,-0.625,2.8486009274842674,31.319,0.0,31.52,4.457,-11.92,0.276
2025-04-30,120,4,2025,0.0,telemetry,34.8,14.6,generated,Ludhiana,1,7.767,0.321,0.0,2.491,4.1851,0.0,4.1851,1.4704,4.3769,0.0,5.14,-0.7631,2.846802492455269,31.317,0.0,31.66,4.289,-11.92,0.266
2025-05-01,121,5,2025,0.0,telemetry,32.4,23.8,generated,Ludhiana,0,5.488,0.0,0.0,0.0,0.0,0.0,0.0,0.0,0.1918,0.0,5.1193,-4.9275,2.8351899277744903,31.306,0.0,31.74,3.931,-11.92,0.0
2025-05-02,122,5,2025,3.0,telemetry,33.8,16.4,generated,Ludhiana,0,7.316,0.0,0.0,0.0,0.0,0.0,0.0,0.0,0.1918,0.8855,5.0915,-4.8997,2.8236427492632243,31.294,3.0,31.86,3.931,-9.24,0.0
2025-05-03,123,5,2025,0.2,telemetry,37.2,23.6,generated,Ludhiana,0,7.286,0.0,0.0,0.0,0.0,0.0,0.0,0.0,0.1918,0.059,5.0582,-4.8664,2.812174153290254,31.283,3.2,32.03,3.524,-9.06,0.0
2025-05-04,124,5,2025,8.93,telemetry,38.0,23.4,generated,Ludhiana,0,7.615,0.0,0.0,0.0,0.0,0.0,0.0,0.0,0.1918,2.636,5.0191,-4.8273,2.8007977292619244,31.271,12.13,32.21,3.108,-0.87,0.0
2025-05-05,125,5,2025,0.2,telemetry,39.7,24.2,generated,Ludhiana,0,8.068,0.0,0.0,0.0,0.0,0.0,0.0,0.0,0.1918,0.059,4.977,-4.7852,2.7895204944460295,31.26,12.33,32.41,2.743,-0.69,0.0
2025-05-06,126,5,2025,0.0,telemetry,41.7,29.4,generated,Ludhiana,0,7.726,0.0,0.0,0.0,0.0,0.0,0.0,0.0,0.1918,0.0,4.9301,-4.7383,2.7783537914174725,31.249,12.33,32.65,2.426,-0.69,0.0
2025-05-07,127,5,2025,0.0,telemetry,41.5,24.8,generated,Ludhiana,0,8.617,0.0,0.0,0.0,0.0,0.0,0.0,0.0,0.1918,0.0,4.8788,-4.687,2.7673079466518042,31.238,12.33,33.11,2.055,-0.69,0.0
2025-05-08,128,5,2025,4.67,telemetry,39.7,26.6,generated,Ludhiana,0,7.649,0.0,0.0,0.0,0.0,0.0,0.0,0.0,0.1918,1.3785,4.8236,-4.6318,2.7563922232794673,31.227,17.0,33.29,1.7,3.59,0.0
2025-05-09,129,5,2025,0.2,telemetry,40.1,26.1,generated,Ludhiana,0,7.917,0.0,0.0,0.0,0.0,0.0,0.0,0.0,0.1918,0.059,4.7661,-4.5743,2.74561206157409,31.216,14.2,33.44,1.443,3.78,0.0
2025-05-10,130,5,2025,7.73,telemetry,40.7,27.6,generated,Ludhiana,0,7.833,0.0,0.0,0.0,0.0,0.0,0.0,0.0,0.1918,2.2817,4.7054,-4.5136,2.734974814937467,31.205,21.73,33.6,1.11,10.86,0.0
2025-05-11,131,5,2025,0.0,telemetry,39.1,26.2,generated,Ludhiana,0,7.564,0.0,0.0,0.0,0.0,0.0,0.0,0.0,0.1918,0.0,4.644,-4.4522,2.7244824301605295,31.195,12.8,33.99,0.927,10.4,0.0
2025-05-12,132,5,2025,0.0,telemetry,38.7,28.0,generated,Ludhiana,0,6.998,0.0,0.0,0.0,0.0,0.0,0.0,0.0,0.1918,0.0,4.5799,-4.3881,2.714140947486216,31.185,12.6,34.21,0.609,10.0,0.0
2025-05-13,133,5,2025,0.0,telemetry,36.9,18.7,generated,Ludhiana,0,8.152,0.0,0.0,0.0,0.0,0.0,0.0,0.0,0.1918,0.0,4.5137,-4.3219,2.703955649149689,31.174,12.6,34.46,0.299,9.93,0.0
2025-05-14,134,5,2025,0.0,telemetry,39.7,24.6,generated,Ludhiana,0,8.149,0.0,0.0,0.0,0.0,0.0,0.0,0.0,0.1918,0.0,4.4454,-4.2536,2.693931113964753,31.164,12.6,34.66,0.0,9.93,0.0
2025-05-15,135,5,2025,0.0,telemetry,36.8,23.1,generated,Ludhiana,0,7.434,0.0,1.05,0.0,0.0,12.9696,12.9696,4.5569,13.1614,0.0,4.3756,8.7858,2.7146366937081488,31.185,7.93,34.79,0.0,9.93,0.824
2025-05-16,136,5,2025,0.0,telemetry,35.4,24.7,generated,Ludhiana,0,6.595,0.0,1.05,0.0,0.0,11.506,11.506,4.0426,11.6978,0.0,4.3215,7.3763,2.7320204464352544,31.202,7.73,34.88,0.0,9.93,0.731
2025-05-17,137,5,2025,0.0,telemetry,34.5,25.1,generated,Ludhiana,0,6.159,0.0,1.05,0.0,0.0,10.7461,10.7461,3.7757,10.9379,0.0,4.28,6.6579,2.747711012127568,31.218,0.0,34.95,0.0,9.93,0.683
2025-05-18,138,5,2025,0.0,telemetry,36.9,21.2,generated,Ludhiana,0,7.847,0.0,1.05,0.0,0.0,13.6913,13.6913,4.8105,13.8831,0.0,4.2492,9.6339,2.7704151299791633,31.241,0.0,35.13,0.0,-7.62,0.87
2025-05-19,139,5,2025,0.0,telemetry,40.4,26.8,generated,Ludhiana,0,8.026,0.0,1.05,0.0,0.0,14.0021,14.0021,4.9197,14.1939,0.0,4.2321,9.9618,2.793892021502585,31.264,0.0,35.32,0.0,-7.62,0.89
2025-05-20,140,5,2025,0.0,telemetry,38.1,24.3,generated,Ludhiana,0,7.719,0.0,1.05,0.0,0.0,13.4664,13.4664,4.7314,13.6582,0.0,4.228,9.4302,2.816116118816472,31.286,0.0,35.54,0.0,-7.62,0.856
2025-05-21,141,5,2025,0.07,telemetry,38.1,22.3,generated,Ludhiana,0,8.102,0.0,1.05,0.0,0.0,14.0193,14.0193,4.9257,14.2111,0.0207,4.2351,9.976,2.8396265331220936,31.31,0.07,35.94,0.0,-7.55,0.891
2025-05-22,142,5,2025,0.0,telemetry,40.6,26.3,generated,Ludhiana,0,8.241,0.0,1.05,0.0,0.0,14.3783,14.3783,5.0518,14.5701,0.0,4.2532,10.3169,2.8639403992928525,31.334,0.07,36.32,0.0,-7.55,0.914
2025-05-23,143,5,2025,0.0,telemetry,38.6,20.3,generated,Ludhiana,0,8.607,0.0,1.05,0.0,0.0,15.0159,15.0159,5.2759,15.2077,0.0,4.2818,10.9259,2.8896895562358775,31.36,0.07,36.6,0.0,-7.55,0.955
2025-05-24,144,5,2025,10.27,telemetry,35.1,24.4,generated,Ludhiana,0,6.631,0.0,1.05,0.0,0.0,0.0,0.0,0.0,0.1918,3.0315,4.3207,-4.1289,2.879958902582139,31.35,10.34,36.81,0.0,1.86,0.0
2025-05-25,145,5,2025,4.13,telemetry,35.5,21.9,generated,Ludhiana,0,7.32,0.0,1.05,0.0,0.0,6.1356,6.1356,2.1558,6.3274,1.2191,4.3519,1.9755,2.8846146032057565,31.355,14.47,37.11,0.0,5.65,0.39
2025-05-26,146,5,2025,0.0,telemetry,34.5,19.4,generated,Ludhiana,0,7.432,0.0,1.05,0.0,0.0,12.9658,12.9658,4.5556,13.1576,0.0,4.3824,8.7752,2.905294984646595,31.376,14.47,37.25,0.0,5.65,0.824
2025-05-27,147,5,2025,0.0,telemetry,37.3,27.6,generated,Ludhiana,0,6.696,0.0,1.05,0.0,0.0,11.6822,11.6822,4.1046,11.874,0.0,4.4205,7.4535,2.9228607050937137,31.393,14.47,37.37,0.0,5.65,0.743
2025-05-28,148,5,2025,0.0,telemetry,38.7,17.8,generated,Ludhiana,0,9.017,0.0,1.05,0.0,0.0,15.7314,15.7314,5.5272,15.9232,0.0,4.4635,11.4597,2.949867656530726,31.42,14.4,37.58,0.0,5.65,1.0
2025-05-29,149,5,2025,0.0,telemetry,42.0,30.1,generated,Ludhiana,0,7.964,0.0,1.05,0.0,0.0,13.8951,13.8951,4.8821,14.0869,0.0,4.5165,9.5704,2.972422115485979,31.443,14.4,37.88,0.0,5.65,0.883
2025-05-30,150,5,2025,2.6,telemetry,40.7,30.5,generated,Ludhiana,0,7.319,0.0,1.05,0.0,0.0,8.5388,8.5388,3.0001,8.7306,0.7675,4.5761,4.1545,2.9822130661323727,31.453,17.0,38.08,0.0,8.04,0.543
2025-05-31,151,5,2025,0.07,telemetry,36.8,24.6,generated,Ludhiana,0,7.276,0.0,1.05,0.0,0.0,12.5788,12.5788,4.4196,12.7706,0.0207,4.6351,8.1355,3.0013860536870194,31.472,6.8,38.23,0.0,8.1,0.8
2025-06-01,152,6,2025,0.0,telemetry,36.8,32.8,generated,Ludhiana,0,4.523,0.0,1.052,0.0,0.0,7.9041,7.9041,2.7771,8.0959,0.0,4.6982,3.3977,3.0093934561016433,31.48,2.67,38.33,0.0,5.16,0.502
2025-06-02,153,6,2025,0.0,telemetry,39.1,25.7,generated,Ludhiana,0,7.906,0.0,1.055,0.0,0.0,13.8656,13.8656,4.8717,14.0574,0.0,4.7587,9.2987,3.0313076352880306,31.502,2.67,38.39,0.0,4.97,0.881
2025-06-03,154,6,2025,8.33,telemetry,35.1,25.0,generated,Ludhiana,0,6.548,0.0,1.059,0.0,0.0,0.0,0.0,0.0,0.1918,6.7619,4.8247,-4.6329,3.0203892725095516,31.491,11.0,38.29,0.0,3.67,0.0
2025-06-04,155,6,2025,1.13,telemetry,35.5,24.3,generated,Ludhiana,0,6.878,0.0,1.063,0.0,0.0,10.2852,10.2852,3.6137,10.477,0.9173,4.883,5.594,3.0335725836259644,31.504,12.13,38.15,0.0,4.52,0.654
2025-06-05,156,6,2025,0.2,telemetry,39.2,30.6,generated,Ludhiana,0,6.663,0.0,1.066,0.0,0.0,11.4749,11.4749,4.0317,11.6667,0.1623,4.943,6.7237,3.0494183314758345,31.52,12.33,38.07,0.0,4.72,0.729
2025-06-06,157,6,2025,0.0,telemetry,36.7,21.3,generated,Ludhiana,0,7.923,0.0,1.07,0.0,0.0,14.0869,14.0869,4.9495,14.2787,0.0,5.0053,9.2734,3.0712729134138694,31.542,9.73,37.91,0.0,4.73,0.895
2025-06-07,158,6,2025,0.0,telemetry,38.5,28.2,generated,Ludhiana,0,7.086,0.0,1.074,0.0,0.0,12.6413,12.6413,4.4415,12.8331,0.0,5.073,7.7601,3.0895611641481016,31.56,9.66,37.87,0.0,0.06,0.804
2025-06-08,159,6,2025,0.0,telemetry,34.7,27.3,generated,Ludhiana,0,5.733,0.0,1.077,0.0,0.0,10.2625,10.2625,3.6057,10.4543,0.0,5.1435,5.3108,3.1020770693525903,31.572,9.66,37.69,0.0,-0.14,0.652
2025-06-09,160,6,2025,0.0,telemetry,35.7,18.3,generated,Ludhiana,0,8.075,0.0,1.081,0.0,0.0,14.5023,14.5023,5.0954,14.6941,0.0,5.2134,9.4807,3.124420239563548,31.595,9.66,37.52,0.0,-7.87,0.922
2025-06-10,161,6,2025,0.0,telemetry,42.5,32.0,telemetry,Ludhiana,0,7.711,0.0,1.085,0.0,0.0,13.8956,13.8956,4.8822,14.0874,0.0,5.2881,8.7993,3.1451574342381874,31.616,1.33,37.64,0.0,-7.87,0.883
2025-06-11,162,6,2025,0.0,telemetry,41.9,32.0,telemetry,Ludhiana,0,7.449,0.0,1.088,0.0,0.0,13.4692,13.4692,4.7324,13.661,0.0,5.3664,8.2946,3.164705262485137,31.635,0.2,37.74,0.0,-7.87,0.856
2025-06-12,163,6,2025,0.0,telemetry,40.8,30.7,telemetry,Ludhiana,0,7.362,0.0,1.092,0.0,0.0,13.3552,13.3552,4.6924,13.547,0.0,5.4472,8.0998,3.183794029898176,31.654,0.0,37.87,0.0,-7.87,0.849
2025-06-13,164,6,2025,0.0,telemetry,40.8,26.7,telemetry,Ludhiana,0,8.376,0.0,1.095,0.0,0.0,15.2452,15.2452,5.3564,15.437,0.0,5.53,9.907,3.2071418588091896,31.678,0.0,37.91,0.0,-7.87,0.969
2025-06-14,165,6,2025,0.0,telemetry,40.3,29.4,telemetry,Ludhiana,0,7.523,0.0,1.099,0.0,0.0,13.7387,13.7387,4.8271,13.9305,0.0,5.617,8.3135,3.226734358507088,31.697,0.0,38.03,0.0,-7.87,0.873
2025-06-15,166,6,2025,0.27,telemetry,38.8,27.6,telemetry,Ludhiana,0,7.388,0.0,1.103,0.0,0.0,13.0896,13.0896,4.599,13.2814,0.2192,5.7056,7.5758,3.2445882220509095,31.715,0.27,38.14,0.0,-7.62,0.832
2025-06-16,167,6,2025,0.0,telemetry,38.1,29.0,telemetry,Ludhiana,0,6.706,0.0,1.106,0.0,0.0,12.3283,12.3283,4.3316,12.5201,0.0,5.7949,6.7252,3.2604373938003723,31.731,0.27,38.26,0.0,-7.62,0.784
2025-06-17,168,6,2025,6.2,telemetry,34.0,28.0,telemetry,Ludhiana,0,5.176,0.0,1.11,0.0,0.0,0.0,0.0,0.0,0.1918,5.0328,5.8835,-5.6917,3.247023674515038,31.717,6.47,38.16,0.0,-1.94,0.0
2025-06-18,169,6,2025,5.6,telemetry,37.6,28.1,telemetry,Ludhiana,0,6.76,0.0,1.114,0.0,0.0,3.6201,3.6201,1.2719,3.8119,4.5458,5.9593,-2.1474,3.2419628390027544,31.712,12.07,38.07,0.0,3.19,0.23
2025-06-19,170,6,2025,0.07,telemetry,36.3,28.6,telemetry,Ludhiana,0,6.038,0.0,1.117,0.0,0.0,11.0924,11.0924,3.8973,11.2842,0.0568,6.0278,5.2564,3.2543506998947804,31.725,12.14,38.01,0.0,3.26,0.705
2025-06-20,171,6,2025,0.0,telemetry,31.6,27.4,telemetry,Ludhiana,0,4.197,0.0,1.121,0.0,0.0,7.8172,7.8172,2.7466,8.009,0.0,6.0955,1.9135,3.2588603231613096,31.729,12.14,37.79,0.0,3.77,0.497
2025-06-21,172,6,2025,0.0,telemetry,33.1,26.8,telemetry,Ludhiana,0,5.189,0.0,1.125,0.0,0.0,9.6957,9.6957,3.4066,9.8875,0.0,6.158,3.7295,3.267649629384982,31.738,12.14,37.54,0.0,3.78,0.616
2025-06-22,173,6,2025,0.73,telemetry,33.7,27.5,telemetry,Ludhiana,0,5.217,0.0,1.128,0.0,0.0,8.5738,8.5738,3.0124,8.7656,0.5926,6.2182,2.5474,3.273653187509572,31.744,12.6,37.38,0.0,4.44,0.545
2025-06-23,174,6,2025,0.4,telemetry,34.3,29.4,telemetry,Ludhiana,0,4.757,0.0,1.132,0.0,0.0,8.2834,8.2834,2.9104,8.4752,0.3247,6.275,2.2002,3.278838311709475,31.749,13.0,37.35,0.0,-5.46,0.527
2025-06-24,175,6,2025,1.13,telemetry,32.7,27.4,telemetry,Ludhiana,0,4.767,0.0,1.135,0.0,0.0,7.1328,7.1328,2.5061,7.3246,0.9173,6.3282,0.9964,3.2811865098527235,31.752,7.93,37.26,0.0,-8.55,0.453
2025-06-25,176,6,2025,0.27,telemetry,42.2,34.0,generated,Ludhiana,0,6.925,0.0,1.139,0.0,0.0,12.6592,12.6592,4.4478,12.851,0.2192,6.3769,6.4741,3.296444087566913,31.767,2.6,37.52,0.0,-8.31,0.805
2025-06-26,177,6,2025,0.07,telemetry,33.2,29.6,telemetry,Ludhiana,0,4.037,0.0,1.143,0.0,0.0,7.5493,7.5493,2.6525,7.7411,0.0568,6.4281,1.313,3.299538549234536,31.77,2.6,37.38,0.0,-8.2,0.48
2025-06-27,178,6,2025,0.2,telemetry,35.7,28.5,telemetry,Ludhiana,0,5.789,0.0,1.146,0.0,0.0,10.6943,10.6943,3.7575,10.8861,0.1623,6.4745,4.4116,3.309935293337086,31.78,2.8,37.28,0.0,-3.57,0.68
2025-06-28,179,6,2025,0.0,telemetry,34.9,27.2,telemetry,Ludhiana,0,5.858,0.0,1.15,0.0,0.0,11.1936,11.1936,3.9329,11.3854,0.0,6.5209,4.8645,3.3213995354071355,31.792,2.8,37.04,0.0,-3.57,0.712
2025-06-29,180,6,2025,3.73,telemetry,31.2,27.9,telemetry,Ludhiana,0,3.716,0.0,1.154,0.0,0.0,1.1094,1.1094,0.3898,1.3012,3.0278,6.5675,-5.2663,3.3089884475257465,31.779,5.8,36.73,0.0,-2.76,0.071
2025-06-30,181,6,2025,1.2,telemetry,31.1,26.5,telemetry,Ludhiana,0,4.315,0.0,1.157,0.0,0.0,6.3229,6.3229,2.2216,6.5147,0.9741,6.6036,-0.0889,3.3087790065548592,31.779,6.6,36.54,0.0,-1.73,0.402
2025-07-01,182,7,2025,4.87,telemetry,29.1,26.0,telemetry,Ludhiana,0,3.446,0.0,1.161,0.0,0.0,0.0,0.0,0.0,0.1918,3.9532,6.6351,-6.4433,3.293594086282971,31.764,10.34,36.28,0.0,2.74,0.0
2025-07-02,183,7,2025,0.2,telemetry,36.8,26.8,telemetry,Ludhiana,0,6.764,0.0,1.165,0.0,0.0,12.7574,12.7574,4.4823,12.9492,0.1623,6.6566,6.2926,3.3084237575210325,31.779,10.27,36.2,0.0,3.04,0.811
2025-07-03,184,7,2025,0.07,telemetry,34.2,28.2,telemetry,Ludhiana,0,5.173,0.0,1.168,0.0,0.0,9.9249,9.9249,3.4871,10.1167,0.0568,6.6827,3.434,3.3165166114207527,31.787,10.27,36.17,0.0,-5.2,0.631
2025-07-04,185,7,2025,0.07,telemetry,34.2,27.4,telemetry,Ludhiana,0,5.459,0.0,1.172,0.0,0.0,10.512,10.512,3.6934,10.7038,0.0568,6.7091,3.9947,3.3259309955886747,31.796,10.14,36.13,0.0,-2.43,0.668
2025-07-05,186,7,2025,0.0,telemetry,32.8,27.9,telemetry,Ludhiana,0,4.587,0.0,1.175,0.0,0.0,8.9598,8.9598,3.148,9.1516,0.0,6.7364,2.4152,3.3316229668892037,31.802,10.14,35.92,0.0,-2.63,0.57
2025-07-06,187,7,2025,0.0,telemetry,35.3,25.8,telemetry,Ludhiana,0,6.409,0.0,1.179,0.0,0.0,12.5566,12.5566,4.4118,12.7484,0.0,6.7624,5.986,3.345730209300381,31.816,6.41,35.87,0.0,-1.39,0.798
2025-07-07,188,7,2025,2.67,telemetry,36.1,26.7,telemetry,Ludhiana,0,6.482,0.0,1.183,0.0,0.0,8.3971,8.3971,2.9503,8.5889,2.1674,6.7919,1.797,3.3499651510568644,31.82,7.88,35.79,0.0,1.17,0.534
2025-07-08,189,7,2025,0.0,telemetry,33.3,28.9,telemetry,Ludhiana,0,4.404,0.0,1.186,0.0,0.0,8.6815,8.6815,3.0503,8.8733,0.0,6.821,2.0523,3.354801855607225,31.825,3.01,35.74,0.0,1.24,0.552
2025-07-09,190,7,2025,0.8,telemetry,33.0,26.3,telemetry,Ludhiana,0,5.269,0.0,1.19,0.0,0.0,9.0968,9.0968,3.1962,9.2886,0.6494,6.8481,2.4405,3.3605533772691722,31.831,3.61,35.65,0.0,1.98,0.578
2025-07-10,191,7,2025,6.6,telemetry,30.7,24.9,telemetry,Ludhiana,0,4.706,0.0,1.194,0.0,0.0,0.0,0.0,0.0,0.1918,5.3575,6.8745,-6.6827,3.3448042707544823,31.815,10.14,35.26,0.0,8.06,0.0
2025-07-11,192,7,2025,0.6,telemetry,34.0,27.6,telemetry,Ludhiana,0,5.264,0.0,1.197,0.0,0.0,9.4795,9.4795,3.3306,9.6713,0.487,6.8922,2.7791,3.351353746341812,31.822,10.67,35.0,0.0,8.62,0.603
2025-07-12,193,7,2025,11.27,telemetry,36.0,27.3,telemetry,Ludhiana,0,6.238,0.0,1.2,0.0,0.0,0.0,0.0,0.0,0.1918,9.1484,6.9104,-6.7186,3.3355199952451593,31.806,21.94,34.84,0.0,21.84,0.0
2025-07-13,194,7,2025,0.47,telemetry,31.0,28.6,telemetry,Ludhiana,0,3.15,0.0,1.2,0.0,0.0,5.5034,5.5034,1.9336,5.6952,0.3815,6.924,-1.2288,3.332624066015001,31.803,22.41,34.51,0.0,22.27,0.35
2025-07-14,195,7,2025,7.47,telemetry,34.4,27.3,telemetry,Ludhiana,0,5.532,0.0,1.2,0.0,0.0,0.0,0.0,0.0,0.1918,6.0638,6.9333,-6.7415,3.3167363996432324,31.787,27.21,34.31,0.0,29.12,0.0
2025-07-15,196,7,2025,4.33,telemetry,33.7,27.4,telemetry,Ludhiana,0,5.172,0.0,1.2,0.0,0.0,3.3676,3.3676,1.1832,3.5594,3.5149,6.9362,-3.3768,3.3087782122914113,31.779,31.54,34.14,0.0,32.82,0.214
2025-07-16,197,7,2025,1.33,telemetry,34.2,27.3,telemetry,Ludhiana,0,5.429,0.0,1.2,0.0,0.0,8.6376,8.6376,3.0348,8.8294,1.0796,6.9358,1.8936,3.313240882747638,31.784,32.07,34.01,0.0,34.04,0.549
2025-07-17,198,7,2025,0.27,telemetry,32.4,24.5,generated,Ludhiana,0,5.526,0.0,1.2,0.0,0.0,10.5711,10.5711,3.7142,10.7629,0.2192,6.9372,3.8257,3.322256910533328,31.793,25.74,33.96,0.0,28.09,0.672
2025-07-18,199,7,2025,2.07,telemetry,30.5,21.6,generated,Ludhiana,0,5.554,0.0,1.2,0.0,0.0,7.691,7.691,2.7022,7.8828,1.6803,6.9421,0.9407,3.324473788175823,31.795,27.21,33.72,0.0,24.39,0.489
2025-07-19,200,7,2025,0.07,telemetry,30.0,20.2,generated,Ludhiana,0,5.693,0.0,1.2,0.0,0.0,11.2359,11.2359,3.9477,11.4277,0.0568,6.9477,4.48,3.3350317720307614,31.805,16.01,33.51,0.0,24.38,0.714
2025-07-20,201,7,2025,0.07,telemetry,31.7,28.3,telemetry,Ludhiana,0,3.731,0.0,1.2,0.0,0.0,7.3232,7.3232,2.573,7.515,0.0568,6.9572,0.5578,3.336346347604822,31.807,15.61,33.52,0.0,24.45,0.466
2025-07-21,202,7,2025,0.67,telemetry,29.2,26.1,telemetry,Ludhiana,0,3.382,0.0,1.2,0.0,0.0,5.6369,5.6369,1.9805,5.8287,0.5439,6.965,-1.1363,3.33366836865557,31.804,8.81,33.39,0.0,25.06,0.358
2025-07-22,203,7,2025,3.47,telemetry,30.1,25.9,telemetry,Ludhiana,0,3.961,0.0,1.2,0.0,0.0,2.2924,2.2924,0.8054,2.4842,2.8168,6.9695,-4.4853,3.32309790517636,31.793,7.95,33.27,0.0,27.51,0.146
2025-07-23,204,7,2025,2.0,telemetry,31.7,25.7,telemetry,Ludhiana,0,4.799,0.0,1.2,0.0,0.0,6.2988,6.2988,2.2131,6.4906,1.6235,6.9684,-0.4778,3.3219719415937803,31.792,8.62,33.18,0.0,28.94,0.4
2025-07-24,205,7,2025,0.13,telemetry,34.1,26.9,telemetry,Ludhiana,0,5.451,0.0,1.2,0.0,0.0,10.6538,10.6538,3.7432,10.8456,0.1055,6.9665,3.8791,3.3311138108577385,31.801,8.48,33.23,0.0,27.93,0.677
2025-07-25,206,7,2025,0.07,telemetry,35.4,27.4,generated,Ludhiana,0,5.843,0.0,1.2,0.0,0.0,11.5345,11.5345,4.0527,11.7263,0.0568,6.9684,4.7579,3.3423267052481167,31.813,6.48,33.0,0.0,28.43,0.733
2025-07-26,207,7,2025,0.07,telemetry,34.1,29.7,generated,Ludhiana,0,4.37,0.0,1.2,0.0,0.0,8.5964,8.5964,3.0204,8.7882,0.0568,6.9749,1.8133,3.3466000978640364,31.817,6.48,33.03,0.0,28.73,0.546
2025-07-27,208,7,2025,4.07,telemetry,36.2,28.2,telemetry,Ludhiana,0,5.917,0.0,1.2,0.0,0.0,5.2547,5.2547,1.8462,5.4465,3.3038,6.9816,-1.5351,3.342982213420301,31.813,10.48,33.05,0.0,32.26,0.334
2025-07-28,209,7,2025,0.73,telemetry,33.4,27.0,telemetry,Ludhiana,0,5.071,0.0,1.2,0.0,0.0,8.9045,8.9045,3.1286,9.0963,0.5926,6.987,2.1093,3.3479532521304085,31.818,10.54,33.0,0.0,32.93,0.566
2025-07-29,210,7,2025,10.8,telemetry,33.1,26.8,telemetry,Ludhiana,0,4.995,0.0,1.2,0.0,0.0,0.0,0.0,0.0,0.1918,8.7669,6.9936,-6.8018,3.331923561001491,31.802,17.87,33.06,0.0,39.31,0.0
2025-07-30,211,7,2025,5.4,telemetry,29.2,26.6,telemetry,Ludhiana,0,3.065,0.0,1.2,0.0,0.0,0.0,0.0,0.0,0.1918,4.3834,6.9965,-6.8047,3.3158868283741634,31.786,21.27,33.0,0.0,43.62,0.0
2025-07-31,212,7,2025,17.33,telemetry,32.1,26.9,telemetry,Ludhiana,0,4.477,0.0,1.2,0.0,0.0,0.0,0.0,0.0,0.1918,14.0676,6.9927,-6.8009,3.2998592067275654,31.77,38.47,33.1,0.0,54.64,0.0
2025-08-01,213,8,2025,6.73,telemetry,27.6,24.9,telemetry,Ludhiana,0,2.998,0.0,1.2,0.0,0.0,0.0,0.0,0.0,0.1918,5.4631,6.9911,-6.7993,3.2838354249931174,31.754,45.13,32.79,0.0,60.81,0.0
2025-08-02,214,8,2025,0.4,telemetry,31.0,24.5,telemetry,Ludhiana,0,4.799,0.0,1.2,0.0,0.0,8.9061,8.9061,3.1292,9.0979,0.3247,6.9844,2.1135,3.2888162832134764,31.759,45.46,32.68,0.0,61.42,0.566
2025-08-03,215,8,2025,1.4,telemetry,34.3,27.0,telemetry,Ludhiana,0,5.397,0.0,1.2,0.0,0.0,8.4613,8.4613,2.9729,8.6531,1.1364,6.9807,1.6724,3.292757679812207,31.763,42.79,32.69,0.0,62.64,0.538
2025-08-04,216,8,2025,0.07,telemetry,33.6,28.1,telemetry,Ludhiana,0,4.693,0.0,1.2,0.0,0.0,9.2414,9.2414,3.247,9.4332,0.0568,6.9797,2.4535,3.2985398436313313,31.769,42.13,32.71,0.0,62.7,0.587
2025-08-05,217,8,2025,0.53,telemetry,32.6,25.5,telemetry,Ludhiana,0,5.123,0.0,1.2,0.0,0.0,9.3372,9.3372,3.2806,9.529,0.4302,6.9813,2.5477,3.304543919546727,31.775,31.86,32.62,0.0,63.19,0.594
2025-08-06,218,8,2025,0.0,telemetry,33.3,26.9,telemetry,Ludhiana,0,4.96,0.0,1.2,0.0,0.0,9.8905,9.8905,3.475,10.0823,0.0,6.9858,3.0965,3.3118414862351546,31.782,26.46,32.53,0.0,60.52,0.629
2025-08-07,219,8,2025,0.0,telemetry,30.4,26.8,telemetry,Ludhiana,0,3.595,0.0,1.2,0.0,0.0,7.1674,7.1674,2.5183,7.3592,0.0,6.9931,0.3661,3.312704232740434,31.783,9.13,32.43,0.0,60.56,0.456
2025-08-08,220,8,2025,0.0,telemetry,35.3,25.4,generated,Ludhiana,0,6.17,0.0,1.2,0.0,0.0,12.3022,12.3022,4.3224,12.494,0.0,6.9994,5.4946,3.3256532506432053,31.796,2.4,32.51,0.0,59.76,0.782
2025-08-09,221,8,2025,0.13,telemetry,33.5,29.1,generated,Ludhiana,0,4.183,0.0,1.2,0.0,0.0,8.1253,8.1253,2.8548,8.3171,0.1055,7.0116,1.3055,3.328729930470058,31.799,2.13,32.6,0.0,53.28,0.517
2025-08-10,222,8,2025,0.0,telemetry,33.4,25.0,generated,Ludhiana,0,5.518,0.0,1.2,0.0,0.0,11.0018,11.0018,3.8655,11.1936,0.0,7.0236,4.17,3.3385574063274333,31.809,0.73,32.58,0.0,54.0,0.699
2025-08-11,223,8,2025,0.07,telemetry,33.9,26.7,generated,Ludhiana,0,5.213,0.0,1.2,0.0,0.0,10.2788,10.2788,3.6115,10.4706,0.0568,7.0391,3.4315,3.346644467202033,31.817,0.73,32.51,0.0,44.84,0.653
2025-08-12,224,8,2025,1.2,telemetry,33.6,26.0,generated,Ludhiana,0,5.285,0.0,1.2,0.0,0.0,8.5639,8.5639,3.0089,8.7557,0.9741,7.0568,1.6989,3.3506482179905426,31.821,1.4,32.6,0.0,45.47,0.544
2025-08-13,225,8,2025,0.0,telemetry,34.9,28.2,generated,Ludhiana,0,5.13,0.0,1.2,0.0,0.0,10.2287,10.2287,3.5939,10.4205,0.0,7.0751,3.3454,3.3585324001035115,31.829,1.4,32.62,0.0,38.17,0.65
2025-08-14,226,8,2025,9.8,telemetry,34.5,28.6,generated,Ludhiana,0,4.8,0.0,1.2,0.0,0.0,0.0,0.0,0.0,0.1918,7.9551,7.095,-6.9032,3.342263529875516,31.813,11.2,32.64,0.0,42.83,0.0
2025-08-15,227,8,2025,2.53,telemetry,34.3,26.4,generated,Ludhiana,0,5.402,0.0,1.2,0.0,0.0,6.6526,6.6526,2.3374,6.8444,2.0537,7.11,-0.2656,3.3416376379214086,31.812,13.73,32.65,0.0,43.97,0.423
2025-08-16,228,8,2025,0.0,telemetry,33.5,25.4,generated,Ludhiana,0,5.351,0.0,1.2,0.0,0.0,10.6693,10.6693,3.7487,10.8611,0.0,7.1241,3.737,3.35044456450158,31.821,13.6,32.68,0.0,43.98,0.678
2025-08-17,229,8,2025,0.0,telemetry,33.3,27.4,generated,Ludhiana,0,4.639,0.0,1.2,0.0,0.0,9.2495,9.2495,3.2498,9.4413,0.0,7.1411,2.3002,3.355865462697385,31.826,13.6,32.78,0.0,41.99,0.588
2025-08-18,230,8,2025,0.0,telemetry,33.4,27.6,generated,Ludhiana,0,4.599,0.0,1.2,0.0,0.0,9.1691,9.1691,3.2216,9.3609,0.0,7.1587,2.2022,3.361055403780035,31.831,13.53,32.89,0.0,41.93,0.583
2025-08-19,231,8,2025,0.0,telemetry,33.4,26.4,generated,Ludhiana,0,4.972,0.0,1.2,0.0,0.0,9.9146,9.9146,3.4835,10.1064,0.0,7.1767,2.9297,3.367959838523098,31.838,12.33,32.95,0.0,41.86,0.63
2025-08-20,232,8,2025,0.07,telemetry,34.0,25.6,generated,Ludhiana,0,5.417,0.0,1.2,0.0,0.0,10.6847,10.6847,3.7541,10.8765,0.0568,7.196,3.6805,3.376633722316417,31.847,12.4,33.11,0.0,41.39,0.679
2025-08-21,233,8,2025,0.27,telemetry,35.1,28.4,generated,Ludhiana,0,5.018,0.0,1.2,0.0,0.0,9.5586,9.5586,3.3584,9.7504,0.2192,7.217,2.5334,3.382604181966595,31.853,2.87,33.27,0.0,38.32,0.608
2025-08-22,234,8,2025,0.0,telemetry,35.8,28.9,generated,Ludhiana,0,5.136,0.0,1.2,0.0,0.0,10.2407,10.2407,3.5981,10.4325,0.0,7.239,3.1935,3.3901302139149636,31.861,0.34,33.41,0.0,36.33,0.651
2025-08-23,235,8,2025,0.0,telemetry,36.5,27.6,generated,Ludhiana,0,5.777,0.0,1.2,0.0,0.0,11.5188,11.5188,4.0471,11.7106,0.0,7.2622,4.4484,3.400613670636919,31.871,0.34,33.49,0.0,37.02,0.732
2025-08-24,236,8,2025,23.27,telemetry,35.9,26.4,generated,Ludhiana,0,5.839,0.0,1.2,0.0,0.0,0.0,0.0,0.0,0.1918,18.8894,7.2881,-7.0963,3.383889807127693,31.854,23.61,33.51,0.0,58.58,0.0
2025-08-25,237,8,2025,21.07,telemetry,33.8,26.7,generated,Ludhiana,0,4.936,0.0,1.2,0.0,0.0,0.0,0.0,0.0,0.1918,17.1035,7.3175,-7.1257,3.3670967495256185,31.837,44.68,33.5,0.0,77.82,0.0
2025-08-26,238,8,2025,7.93,telemetry,32.8,26.0,generated,Ludhiana,0,4.727,0.0,1.2,0.0,0.0,0.0,0.0,0.0,0.1918,6.4372,7.349,-7.1572,3.350229473309098,31.821,52.61,33.38,0.0,81.05,0.0
2025-08-27,239,8,2025,0.0,telemetry,32.3,28.2,generated,Ludhiana,0,3.722,0.0,1.2,0.0,0.0,7.4206,7.4206,2.6072,7.6124,0.0,7.3736,0.2388,3.3507922440008655,31.821,52.54,33.35,0.0,81.92,0.472
2025-08-28,240,8,2025,0.0,telemetry,32.5,23.1,generated,Ludhiana,0,5.326,0.0,1.2,0.0,0.0,10.6201,10.6201,3.7314,10.8119,0.0,7.3959,3.416,3.3588426275620833,31.829,52.27,33.33,0.0,71.42,0.675
2025-08-29,241,8,2025,0.0,telemetry,31.5,23.4,generated,Ludhiana,0,4.886,0.0,1.2,0.0,0.0,9.7425,9.7425,3.423,9.9343,0.0,7.4211,2.5132,3.3647655973560653,31.835,52.27,33.4,0.0,67.32,0.619
2025-08-30,242,8,2025,0.93,telemetry,32.3,25.3,generated,Ludhiana,0,4.658,0.0,1.2,0.0,0.0,7.7542,7.7542,2.7244,7.946,0.7549,7.447,0.499,3.3659416733968848,31.836,53.2,33.41,0.0,50.84,0.493
2025-08-31,243,8,2025,28.73,telemetry,32.3,25.6,generated,Ludhiana,0,4.552,0.0,1.2,0.0,0.0,0.0,0.0,0.0,0.1918,23.3215,7.4717,-7.2799,3.3487850351639126,31.819,58.66,33.57,0.0,70.45,0.0
2025-09-01,244,9,2025,28.67,telemetry,33.0,27.0,generated,Ludhiana,0,4.386,0.0,1.2,0.0,0.0,0.0,0.0,0.0,0.1918,23.2728,7.5046,-7.3128,3.3315509321473873,31.802,66.26,33.63,0.0,96.33,0.0
2025-09-02,245,9,2025,6.4,telemetry,35.0,22.1,generated,Ludhiana,0,6.208,0.0,1.2,0.0,0.0,2.2884,2.2884,0.804,2.4802,5.1952,7.5455,-5.0653,3.319613601905222,31.79,64.73,33.66,0.0,100.79,0.145
2025-09-03,246,9,2025,56.2,telemetry,33.3,24.3,generated,Ludhiana,0,5.19,0.0,1.2,0.0,0.0,0.0,0.0,0.0,0.1918,45.6202,7.5816,-7.3898,3.302198106315953,31.773,120.93,33.65,0.0,152.5,0.0
2025-09-04,247,9,2025,6.6,telemetry,33.8,26.1,generated,Ludhiana,0,4.896,0.0,1.2,0.0,0.0,0.0,0.0,0.0,0.1918,5.3575,7.6454,-7.4536,3.2846321715063005,31.755,127.53,33.69,0.0,158.61,0.0
2025-09-05,248,9,2025,0.13,telemetry,31.9,21.0,generated,Ludhiana,0,5.373,0.0,1.2,0.0,0.0,10.4983,10.4983,3.6886,10.6901,0.1055,7.7007,2.9894,3.291677372791999,31.762,127.66,33.64,0.0,159.17,0.667
2025-09-06,249,9,2025,19.13,telemetry,31.7,23.6,generated,Ludhiana,0,4.735,0.0,1.2,0.0,0.0,0.0,0.0,0.0,0.1918,15.5287,7.7579,-7.5661,3.2738463168085388,31.744,145.86,33.68,0.0,176.7,0.0
2025-09-07,250,9,2025,6.87,telemetry,32.4,25.1,generated,Ludhiana,0,4.582,0.0,1.2,0.0,0.0,0.0,0.0,0.0,0.1918,5.5767,7.816,-7.6242,3.255878355490688,31.726,124.0,33.59,0.0,183.01,0.0
2025-09-08,251,9,2025,0.07,telemetry,32.4,27.1,generated,Ludhiana,0,3.968,0.0,1.2,0.0,0.0,7.7965,7.7965,2.7393,7.9883,0.0568,7.8665,0.1218,3.256165379479163,31.727,95.4,33.55,0.0,182.94,0.496
2025-09-09,252,9,2025,0.0,telemetry,30.9,19.3,generated,Ludhiana,0,5.27,0.0,1.2,0.0,0.0,10.5089,10.5089,3.6923,10.7007,0.0,7.9156,2.7851,3.2627290578986505,31.733,89.0,33.47,0.0,182.94,0.668
2025-09-10,253,9,2025,0.0,telemetry,31.7,19.9,generated,Ludhiana,0,5.375,0.0,1.2,0.0,0.0,10.7176,10.7176,3.7656,10.9094,0.0,7.9667,2.9427,3.2696640917704918,31.74,32.8,33.39,0.0,182.91,0.681
2025-09-11,254,9,2025,0.07,telemetry,32.0,26.1,generated,Ludhiana,0,4.063,0.0,1.2,0.0,0.0,7.9854,7.9854,2.8057,8.1772,0.0568,8.0198,0.1574,3.270035057253827,31.74,26.27,33.34,0.0,181.79,0.508
2025-09-12,255,9,2025,0.0,telemetry,31.4,20.5,generated,Ludhiana,0,5.13,0.0,1.2,0.0,0.0,10.2296,10.2296,3.5942,10.4214,0.0,8.0709,2.3505,3.2755744991333953,31.746,26.14,33.22,0.0,182.37,0.65
2025-09-13,256,9,2025,0.07,telemetry,31.9,26.9,generated,Ludhiana,0,3.729,0.0,1.2,0.0,0.0,7.3189,7.3189,2.5715,7.5107,0.0568,8.1229,-0.6122,3.274131712506195,31.745,7.08,33.14,0.0,172.64,0.465
2025-09-14,257,9,2025,0.0,telemetry,32.9,22.0,generated,Ludhiana,0,5.25,0.0,1.2,0.0,0.0,10.4679,10.4679,3.6779,10.6597,0.0,8.1718,2.4879,3.2799950483077067,31.75,0.21,33.09,0.0,170.12,0.665
2025-09-15,258,9,2025,0.0,telemetry,35.2,22.3,generated,Ludhiana,0,5.843,0.0,1.2,0.0,0.0,11.6513,11.6513,4.0937,11.8431,0.0,8.2216,3.6215,3.2885297264078566,31.759,0.14,33.15,0.0,170.12,0.741
2025-09-16,259,9,2025,0.0,telemetry,34.6,26.9,generated,Ludhiana,0,4.683,0.0,1.2,0.0,0.0,9.3366,9.3366,3.2804,9.5284,0.0,8.2739,1.2545,3.291486279483934,31.762,0.14,33.19,0.0,170.12,0.594
2025-09-17,260,9,2025,0.0,telemetry,34.6,25.8,generated,Ludhiana,0,4.921,0.0,1.2,0.0,0.0,9.813,9.813,3.4478,10.0048,0.0,8.325,1.6798,3.2954451314572024,31.766,0.14,33.23,0.0,170.12,0.624
2025-09-18,261,9,2025,0.0,telemetry,31.7,19.9,generated,Ludhiana,0,5.147,0.0,1.2,0.0,0.0,10.2631,10.2631,3.606,10.4549,0.0,8.3754,2.0795,3.3003458312653233,31.771,0.07,33.17,0.0,170.12,0.652
2025-09-19,262,9,2025,0.2,telemetry,31.8,24.8,generated,Ludhiana,0,4.168,0.0,1.2,0.0,0.0,7.9782,7.9782,2.8032,8.17,0.1623,8.4258,-0.2558,3.2997430100355674,31.77,0.27,33.1,0.0,170.23,0.507
2025-09-20,263,9,2025,0.0,telemetry,32.0,17.9,generated,Ludhiana,0,5.453,0.0,1.2,0.0,0.0,10.8733,10.8733,3.8203,11.0651,0.0,8.473,2.5921,3.3058518132299644,31.776,0.2,33.0,0.0,169.96,0.691
2025-09-21,264,9,2025,0.0,telemetry,33.5,21.6,generated,Ludhiana,0,5.283,0.0,1.2,0.0,0.0,10.5342,10.5342,3.7012,10.726,0.0,8.5208,2.2052,3.3110487746547705,31.781,0.2,32.92,0.0,169.96,0.67
2025-09-22,265,9,2025,0.0,telemetry,33.3,26.5,generated,Ludhiana,0,4.176,0.0,1.2,0.0,0.0,8.3259,8.3259,2.9253,8.5177,0.0,8.5685,-0.0508,3.310928960006588,31.781,0.2,32.81,0.0,169.96,0.529
2025-09-23,266,9,2025,0.0,telemetry,34.2,25.2,generated,Ludhiana,0,4.755,0.0,1.2,0.0,0.0,9.4808,9.4808,3.3311,9.6726,0.0,8.6131,1.0595,3.3134259563305037,31.784,0.2,32.76,0.0,146.69,0.603
2025-09-24,267,9,2025,0.0,telemetry,32.4,24.7,generated,Ludhiana,0,4.265,0.0,1.2,0.0,0.0,8.5048,8.5048,2.9882,8.6966,0.0,8.6561,0.0405,3.3135213771350047,31.784,0.2,32.71,0.0,125.62,0.541
2025-09-25,268,9,2025,0.0,telemetry,33.6,23.4,generated,Ludhiana,0,4.874,0.0,1.2,0.0,0.0,9.7177,9.7177,3.4143,9.9095,0.0,8.6963,1.2132,3.3163805980196037,31.787,0.2,32.74,0.0,117.69,0.618
2025-09-26,269,9,2025,0.07,telemetry,35.6,28.2,generated,Ludhiana,0,4.428,0.0,1.2,0.0,0.0,8.7133,8.7133,3.0614,8.9051,0.0568,8.7352,0.1699,3.316780908894922,31.787,0.07,32.85,0.0,117.75,0.554
2025-09-27,270,9,2025,0.0,telemetry,34.9,26.0,generated,Ludhiana,0,4.685,0.0,1.2,0.0,0.0,9.3414,9.3414,3.2821,9.5332,0.0,8.7717,0.7615,3.3185754755938177,31.789,0.07,32.93,0.0,117.9,0.594
2025-09-28,271,9,2025,0.0,telemetry,33.8,20.6,generated,Ludhiana,0,5.287,0.0,1.2,0.0,0.0,10.5426,10.5426,3.7042,10.7344,0.0,8.8065,1.9279,3.323118841588109,31.793,0.07,33.0,0.0,118.03,0.67
2025-09-29,272,9,2025,0.0,telemetry,35.0,27.8,generated,Ludhiana,0,4.242,0.0,1.2,0.0,0.0,8.4582,8.4582,2.9718,8.65,0.0,8.8413,-0.1913,3.3226680188677973,31.793,0.07,33.09,0.0,117.1,0.538
2025-09-30,273,9,2025,0.0,telemetry,34.5,23.1,generated,Ludhiana,0,5.023,0.0,1.2,0.0,0.0,10.0151,10.0151,3.5188,10.2069,0.0,8.8731,1.3338,3.325811465972823,31.796,0.07,33.17,0.0,88.37,0.637
2025-10-01,274,10,2025,0.0,telemetry,38.4,31.1,generated,Ludhiana,0,4.503,0.0,1.2,0.0,0.0,8.9783,8.9783,3.1545,9.1701,0.0,8.904,0.2661,3.3264384918264596,31.797,0.07,33.35,0.0,59.7,0.571
2025-10-02,275,10,2025,0.0,telemetry,39.9,22.8,generated,Ludhiana,0,6.403,0.0,1.2,0.0,0.0,12.7674,12.7674,4.4858,12.9592,0.0,8.9328,4.0264,3.3359275583063623,31.806,0.07,33.51,0.0,53.3,0.812
2025-10-03,276,10,2025,0.0,telemetry,37.9,26.5,generated,Ludhiana,0,5.283,0.0,1.189,0.0,0.0,10.441,10.441,3.6685,10.6328,0.0,8.9644,1.6684,3.3398595568091296,31.81,0.0,33.66,0.0,-2.89,0.664
2025-10-04,277,10,2025,0.0,telemetry,38.3,27.4,generated,Ludhiana,0,5.198,0.0,1.175,0.0,0.0,10.1505,10.1505,3.5664,10.3423,0.0,8.9952,1.3471,3.3430342113053655,31.813,0.0,33.81,0.0,-9.49,0.645
2025-10-05,278,10,2025,0.47,telemetry,35.6,25.3,generated,Ludhiana,0,4.781,0.0,1.161,0.0,0.0,8.4456,8.4456,2.9674,8.6374,0.1387,9.0249,-0.3875,3.3421208913153464,31.812,0.47,33.94,0.0,-9.19,0.537
2025-10-06,279,10,2025,5.53,telemetry,29.7,17.6,generated,Ludhiana,0,4.421,0.0,1.147,0.0,0.0,0.0,0.0,0.0,0.1918,1.6324,9.0516,-8.8598,3.321240975191546,31.792,6.0,33.87,0.0,-23.13,0.0
2025-10-07,280,10,2025,0.13,telemetry,28.4,7.9,generated,Ludhiana,0,4.957,0.0,1.133,0.0,0.0,9.1142,9.1142,3.2023,9.306,0.0384,9.0653,0.2407,3.321808285971666,31.792,6.13,33.74,0.0,-29.88,0.579
2025-10-08,281,10,2025,0.53,telemetry,27.3,12.8,generated,Ludhiana,0,4.359,0.0,1.119,0.0,0.0,7.2249,7.2249,2.5385,7.4167,0.1564,9.0777,-1.661,3.317893795232992,31.788,6.66,33.57,0.0,-29.46,0.459
2025-10-09,282,10,2025,0.07,telemetry,25.4,15.7,generated,Ludhiana,0,3.587,0.0,1.105,0.0,0.0,6.4667,6.4667,2.2721,6.6585,0.0207,9.0865,-2.428,3.312171763199914,31.783,6.73,33.38,0.0,-29.4,0.411
2025-10-10,283,10,2025,0.0,telemetry,22.2,7.9,generated,Ludhiana,0,3.704,0.0,1.09,0.0,0.0,6.7116,6.7116,2.3581,6.9034,0.0,9.0907,-2.1873,3.307016906780401,31.777,6.73,33.07,0.0,-29.4,0.427
2025-10-11,284,10,2025,0.07,telemetry,23.9,15.1,generated,Ludhiana,0,3.276,0.0,1.076,0.0,0.0,5.7429,5.7429,2.0178,5.9347,0.0207,9.0911,-3.1564,3.2995783378258294,31.77,6.8,32.8,0.0,-29.4,0.365
2025-10-12,285,10,2025,0.0,telemetry,26.9,10.7,generated,Ludhiana,0,4.331,0.0,1.062,0.0,0.0,7.6434,7.6434,2.6855,7.8352,0.0,9.0865,-1.2513,3.2966294908192078,31.767,6.33,32.65,0.0,-29.4,0.486
2025-10-13,286,10,2025,0.0,telemetry,30.1,13.1,generated,Ludhiana,0,4.742,0.0,1.048,0.0,0.0,8.2574,8.2574,2.9012,8.4492,0.0,9.0798,-0.6306,3.295143345229649,31.766,0.8,32.59,0.0,-29.47,0.525
2025-10-14,287,10,2025,0.0,telemetry,30.0,18.2,generated,Ludhiana,0,4.171,0.0,1.034,0.0,0.0,7.1658,7.1658,2.5177,7.3576,0.0,9.072,-1.7144,3.291103014024951,31.761,0.67,32.49,0.0,-29.47,0.456
2025-10-15,288,10,2025,0.0,telemetry,27.7,15.9,generated,Ludhiana,0,3.914,0.0,1.02,0.0,0.0,6.6318,6.6318,2.3301,6.8236,0.0,9.0617,-2.2381,3.2858285687394626,31.756,0.14,32.24,0.0,-29.47,0.422
2025-10-16,289,10,2025,0.0,telemetry,29.9,14.3,generated,Ludhiana,0,4.502,0.0,1.006,0.0,0.0,7.5219,7.5219,2.6428,7.7137,0.0,9.0483,-1.3346,3.2826833919733294,31.753,0.07,32.08,0.0,-29.47,0.478
2025-10-17,290,10,2025,0.0,telemetry,29.7,21.3,generated,Ludhiana,0,3.559,0.0,0.991,0.0,0.0,5.863,5.863,2.06,6.0548,0.0,9.0331,-2.9783,3.2756643789365216,31.746,0.07,31.92,0.0,-29.47,0.373
2025-10-18,291,10,2025,0.0,telemetry,28.6,15.3,generated,Ludhiana,0,4.081,0.0,0.977,0.0,0.0,6.6276,6.6276,2.3286,6.8194,0.0,9.0143,-2.1949,3.2704917434844307,31.741,0.0,31.82,0.0,-29.47,0.421
2025-10-19,292,10,2025,0.0,telemetry,29.1,14.1,generated,Ludhiana,0,4.265,0.0,0.963,0.0,0.0,6.8256,6.8256,2.3982,7.0174,0.0,8.993,-1.9756,3.2658359128324315,31.736,0.0,31.73,0.0,-29.67,0.434
2025-10-20,293,10,2025,0.0,telemetry,30.0,20.3,generated,Ludhiana,0,3.712,0.0,0.949,0.0,0.0,5.8526,5.8526,2.0563,6.0444,0.0,8.9697,-2.9253,3.2589419439449365,31.729,0.0,31.66,0.0,-29.63,0.372
2025-10-21,294,10,2025,0.0,telemetry,28.4,16.4,generated,Ludhiana,0,3.836,0.0,0.935,0.0,0.0,5.9583,5.9583,2.0935,6.1501,0.0,8.9431,-2.793,3.2523597869431256,31.723,0.0,31.49,0.0,-29.63,0.379
2025-10-22,295,10,2025,0.0,telemetry,28.6,18.0,generated,Ludhiana,0,3.659,0.0,0.921,0.0,0.0,5.5976,5.5976,1.9667,5.7894,0.0,8.9138,-3.1244,3.244996453900809,31.715,0.0,31.33,0.0,-29.63,0.356
2025-10-23,296,10,2025,0.0,telemetry,26.6,17.6,generated,Ludhiana,0,3.249,0.0,0.907,0.0,0.0,4.8944,4.8944,1.7197,5.0862,0.0,8.8815,-3.7953,3.236052087980056,31.706,0.0,31.08,0.0,-29.63,0.311
2025-10-24,297,10,2025,0.0,telemetry,26.1,11.3,generated,Ludhiana,0,3.784,0.0,0.892,0.0,0.0,5.6108,5.6108,1.9714,5.8026,0.0,8.8456,-3.043,3.2288806359869766,31.699,0.0,30.87,0.0,-29.63,0.357
2025-10-25,298,10,2025,0.0,telemetry,24.0,16.9,generated,Ludhiana,0,2.726,0.0,0.878,0.0,0.0,3.9788,3.9788,1.398,4.1706,0.0,8.8073,-4.6367,3.2179533124942403,31.688,0.0,30.55,0.0,-29.63,0.253
2025-10-26,299,10,2025,0.0,telemetry,25.9,15.4,generated,Ludhiana,0,3.309,0.0,0.864,0.0,0.0,4.7507,4.7507,1.6692,4.9425,0.0,8.7647,-3.8222,3.2089456560943663,31.679,0.0,30.23,0.0,-29.7,0.302
2025-10-27,300,10,2025,0.0,telemetry,28.4,19.5,generated,Ludhiana,0,3.284,0.0,0.85,0.0,0.0,4.6375,4.6375,1.6294,4.8293,0.0,8.719,-3.8897,3.1997786937973247,31.67,0.0,30.01,0.0,-29.66,0.295
2025-10-28,301,10,2025,0.0,telemetry,29.0,19.3,generated,Ludhiana,0,3.419,0.0,0.0,0.0,0.0,0.0,0.0,0.0,0.1918,0.0,8.6706,-8.4788,3.1797967123302557,31.65,0.0,29.85,0.0,-29.66,0.0
2025-10-29,302,10,2025,0.0,telemetry,31.0,16.1,generated,Ludhiana,0,4.147,0.0,0.0,0.0,0.0,0.0,0.0,0.0,0.1918,0.0,8.6134,-8.4216,3.159949468592335,31.63,0.0,29.72,0.0,-29.66,0.0
2025-10-30,303,10,2025,0.0,telemetry,27.7,14.1,generated,Ludhiana,0,3.681,0.0,0.0,0.0,0.0,0.0,0.0,0.0,0.1918,0.0,8.5484,-8.3566,3.1402555858510866,31.611,0.0,29.49,0.0,-29.66,0.0
2025-10-31,304,10,2025,0.0,telemetry,30.1,15.3,generated,Ludhiana,0,3.99,0.0,0.0,0.0,0.0,0.0,0.0,0.0,0.1918,0.0,8.4761,-8.2843,3.120731908302328,31.591,0.0,29.21,0.0,-29.66,0.0
2025-11-01,305,11,2025,0.0,telemetry,28.8,11.0,generated,Ludhiana,1,4.044,0.4,0.0,1.618,2.3668,0.0,2.3668,0.8316,2.5586,0.0,8.3974,-5.8388,3.106971596277377,31.577,0.0,28.84,0.169,-29.66,0.15
2025-11-02,306,11,2025,0.0,telemetry,30.0,15.1,generated,Ludhiana,1,3.932,0.4,0.0,1.573,2.3012,0.0,2.3012,0.8085,2.493,0.0,8.316,-5.823,3.09324863462483,31.564,0.0,28.58,0.333,-29.66,0.146
2025-11-03,307,11,2025,0.0,telemetry,29.7,16.2,generated,Ludhiana,1,3.753,0.4,0.0,1.501,2.1965,0.0,2.1965,0.7717,2.3883,0.0,8.232,-5.8437,3.079476726285549,31.55,0.0,28.29,0.49,-29.66,0.14
2025-11-04,308,11,2025,0.73,telemetry,29.9,12.0,generated,Ludhiana,1,4.081,0.4,0.0,1.632,1.3265,0.0,1.3265,0.4661,1.5183,0.2155,8.1458,-6.6275,3.0638577352267125,31.534,0.73,28.1,0.585,-29.46,0.084
2025-11-05,309,11,2025,0.0,telemetry,30.6,16.4,generated,Ludhiana,1,3.847,0.4,0.0,1.539,2.2513,0.0,2.2513,0.791,2.4431,0.0,8.0566,-5.6135,3.0506284655683262,31.521,0.73,28.13,0.746,-34.99,0.143
2025-11-06,310,11,2025,0.0,telemetry,31.4,15.8,generated,Ludhiana,1,4.014,0.4,0.0,1.606,2.3491,0.0,2.3491,0.8254,2.5409,0.0,7.9658,-5.4249,3.037843724855033,31.508,0.73,28.23,0.914,-35.12,0.149
2025-11-07,311,11,2025,0.0,telemetry,33.2,16.3,generated,Ludhiana,1,4.265,0.4,0.0,1.706,2.4957,0.0,2.4957,0.8769,2.6875,0.0,7.8738,-5.1863,3.0256211722509616,31.496,0.73,28.43,1.092,-35.65,0.159
2025-11-08,312,11,2025,0.0,telemetry,29.2,16.3,generated,Ludhiana,1,3.527,0.4,0.0,1.411,2.0639,0.0,2.0639,0.7252,2.2557,0.0,7.7811,-5.5254,3.012599493624409,31.483,0.73,28.56,1.239,-35.72,0.131
2025-11-09,313,11,2025,0.0,telemetry,28.4,15.9,generated,Ludhiana,1,3.397,0.4,0.0,1.359,1.9881,0.0,1.9881,0.6985,2.1799,0.0,7.6872,-5.5073,2.999620376662682,31.47,0.73,28.76,1.381,-35.72,0.126
2025-11-10,314,11,2025,0.0,telemetry,25.2,8.5,generated,Ludhiana,1,3.383,0.4,0.0,1.353,1.9799,0.0,1.9799,0.6956,2.1717,0.0,7.5923,-5.4206,2.986845550713057,31.457,0.73,28.81,1.523,-35.79,0.126
2025-11-11,315,11,2025,0.0,telemetry,24.5,15.1,generated,Ludhiana,1,2.736,0.4,0.0,1.095,1.6013,0.0,1.6013,0.5626,1.7931,0.0,7.4966,-5.7035,2.9734040269746034,31.444,0.0,28.73,1.637,-35.79,0.102
2025-11-12,316,11,2025,0.0,telemetry,25.2,17.5,generated,Ludhiana,1,2.562,0.4,0.0,1.025,1.4993,0.0,1.4993,0.5268,1.6911,0.0,7.3998,-5.7087,2.959950314570599,31.43,0.0,28.56,1.744,-35.79,0.095
2025-11-13,317,11,2025,0.0,telemetry,26.3,12.3,generated,Ludhiana,1,3.253,0.4,0.0,1.301,1.9035,0.0,1.9035,0.6688,2.0953,0.0,7.302,-5.2067,2.9476797921082714,31.418,0.0,28.44,1.88,-35.78,0.121
2025-11-14,318,11,2025,0.0,telemetry,29.9,16.4,generated,Ludhiana,1,3.504,0.4,0.0,1.401,2.0503,0.0,2.0503,0.7204,2.2421,0.0,7.2038,-4.9617,2.9359864832021785,31.406,0.0,28.51,2.027,-35.78,0.13
2025-11-15,319,11,2025,0.0,telemetry,29.6,12.7,generated,Ludhiana,1,3.705,0.4,0.0,1.482,2.1684,0.0,2.1684,0.7619,2.3602,0.0,7.1058,-4.7456,2.9248025436436165,31.395,0.0,28.5,2.012,-35.77,0.138
2025-11-16,320,11,2025,0.0,telemetry,29.1,18.9,generated,Ludhiana,1,3.071,0.4,0.0,1.228,1.7969,0.0,1.7969,0.6313,1.9887,0.0,7.0081,-5.0194,2.912973246789456,31.383,0.0,28.48,1.976,-35.77,0.114
2025-11-17,321,11,2025,0.0,telemetry,27.8,15.3,generated,Ludhiana,1,3.181,0.4,0.0,1.272,1.8614,0.0,1.8614,0.654,2.0532,0.0,6.9105,-4.8573,2.9015261378587396,31.372,0.0,28.46,1.953,-35.77,0.118
2025-11-18,322,11,2025,0.0,telemetry,25.5,11.6,generated,Ludhiana,1,3.08,0.4,0.0,1.232,1.8026,0.0,1.8026,0.6333,1.9944,0.0,6.813,-4.8186,2.8901701281973557,31.361,0.0,28.34,1.987,-35.77,0.115
2025-11-19,323,11,2025,0.0,telemetry,23.6,9.5,generated,Ludhiana,1,2.915,0.4,0.0,1.166,1.7058,0.0,1.7058,0.5993,1.8976,0.0,6.7158,-4.8182,2.878815050798782,31.349,0.0,28.12,1.948,-35.77,0.108
2025-11-20,324,11,2025,0.0,telemetry,25.6,15.0,generated,Ludhiana,1,2.788,0.4,0.0,1.115,1.6313,0.0,1.6313,0.5732,1.8231,0.0,6.6189,-4.7958,2.8675128730390065,31.338,0.0,28.03,1.896,-35.77,0.104
2025-11-21,325,11,2025,0.0,telemetry,27.1,7.3,generated,Ludhiana,1,3.481,0.4,0.0,1.392,2.0368,0.0,2.0368,0.7156,2.2286,0.0,6.5222,-4.2936,2.857394203084738,31.328,0.0,27.98,1.864,-35.77,0.129
2025-11-22,326,11,2025,0.0,telemetry,28.2,18.5,generated,Ludhiana,1,2.849,0.417,0.0,1.187,1.7366,0.0,1.7366,0.6102,1.9284,0.0,6.4264,-4.498,2.846793735887923,31.317,0.0,28.03,1.84,-35.77,0.11
2025-11-23,327,11,2025,0.0,telemetry,29.6,15.4,generated,Ludhiana,1,3.358,0.433,0.0,1.455,2.1289,0.0,2.1289,0.748,2.3207,0.0,6.3313,-4.0106,2.8373420722573126,31.308,0.0,28.15,1.85,-35.77,0.135
2025-11-24,328,11,2025,0.0,telemetry,29.0,17.2,generated,Ludhiana,1,3.091,0.45,0.0,1.391,2.035,0.0,2.035,0.715,2.2268,0.0,6.2373,-4.0105,2.827890561980779,31.298,0.0,28.32,1.854,-35.77,0.129
2025-11-25,329,11,2025,0.0,telemetry,28.9,17.2,generated,Ludhiana,1,3.059,0.467,0.0,1.428,2.0885,0.0,2.0885,0.7338,2.2803,0.0,6.1444,-3.8641,2.8187839668358925,31.289,0.0,28.42,1.889,-35.77,0.133
2025-11-26,330,11,2025,0.13,telemetry,24.2,9.6,generated,Ludhiana,1,2.889,0.483,0.0,1.396,1.8528,0.0,1.8528,0.651,2.0446,0.0384,6.0528,-4.0082,2.8093378465939502,31.28,0.13,28.28,1.914,-35.65,0.118
2025-11-27,331,11,2025,0.0,telemetry,25.4,17.9,generated,Ludhiana,1,2.343,0.5,0.0,1.172,1.714,0.0,1.714,0.6022,1.9058,0.0,5.9621,-4.0563,2.7997782678613965,31.27,0.13,28.16,1.901,-35.65,0.109
2025-11-28,332,11,2025,0.0,telemetry,26.3,15.1,generated,Ludhiana,1,2.782,0.517,0.0,1.437,2.1028,0.0,2.1028,0.7388,2.2946,0.0,5.8723,-3.5777,2.7913467142327573,31.262,0.13,28.0,1.904,-35.65,0.134
2025-11-29,333,11,2025,0.0,telemetry,25.4,7.6,generated,Ludhiana,1,3.111,0.533,0.0,1.659,2.4274,0.0,2.4274,0.8529,2.6192,0.0,5.7838,-3.1646,2.783888609696053,31.254,0.13,27.92,1.923,-35.65,0.154
2025-11-30,334,11,2025,0.0,telemetry,26.1,18.5,generated,Ludhiana,1,2.367,0.55,0.0,1.302,1.9044,0.0,1.9044,0.6691,2.0962,0.0,5.6972,-3.601,2.7754021024803674,31.246,0.13,27.79,1.931,-35.65,0.121
2025-12-01,335,12,2025,0.0,telemetry,27.7,7.0,generated,Ludhiana,1,3.41,0.567,0.0,1.933,2.8273,0.0,2.8273,0.9934,3.0191,0.0,5.6117,-2.5926,2.7692921121436087,31.24,0.13,27.75,2.0,-35.65,0.18
2025-12-02,336,12,2025,0.0,telemetry,28.1,16.7,generated,Ludhiana,1,2.884,0.583,0.0,1.682,2.4608,0.0,2.4608,0.8646,2.6526,0.0,5.5286,-2.876,2.7625143251123156,31.233,0.13,27.69,2.047,-35.65,0.156
2025-12-03,337,12,2025,0.0,telemetry,26.4,4.4,generated,Ludhiana,1,3.296,0.6,0.0,1.978,2.8935,0.0,2.8935,1.0166,3.0853,0.0,5.4472,-2.3619,2.7569479555799634,31.227,0.0,27.58,2.131,-35.65,0.184
2025-12-04,338,12,2025,0.0,telemetry,22.1,2.8,generated,Ludhiana,1,2.804,0.617,0.0,1.729,2.5293,0.0,2.5293,0.8887,2.7211,0.0,5.3683,-2.6472,2.7507094150389304,31.221,0.0,27.32,2.196,-36.38,0.161
2025-12-05,339,12,2025,0.0,telemetry,21.1,4.2,generated,Ludhiana,1,2.632,0.633,0.0,1.667,2.439,0.0,2.439,0.8569,2.6308,0.0,5.2911,-2.6603,2.7444399980629064,31.215,0.0,27.0,2.224,-36.38,0.155
2025-12-06,340,12,2025,0.0,telemetry,20.2,9.4,generated,Ludhiana,1,2.246,0.65,0.0,1.46,2.1358,0.0,2.1358,0.7504,2.3276,0.0,5.2155,-2.8879,2.737634128741651,31.208,0.0,26.63,2.253,-36.38,0.136
2025-12-07,341,12,2025,0.0,telemetry,21.3,5.2,generated,Ludhiana,1,2.604,0.667,0.0,1.736,2.5402,0.0,2.5402,0.8925,2.732,0.0,5.1411,-2.4091,2.7319565807254014,31.202,0.0,26.23,2.282,-36.38,0.161
2025-12-08,342,12,2025,0.0,telemetry,18.9,0.2,generated,Ludhiana,1,2.466,0.683,0.0,1.685,2.4652,0.0,2.4652,0.8662,2.657,0.0,5.0685,-2.4115,2.7262734446221275,31.197,0.0,25.89,2.313,-36.38,0.157
2025-12-09,343,12,2025,0.0,telemetry,15.2,-1.0,generated,Ludhiana,1,2.084,0.7,0.0,1.459,2.1347,0.0,2.1347,0.75,2.3265,0.0,4.9975,-2.671,2.7199788049086995,31.19,0.0,25.45,2.316,-36.38,0.136
2025-12-10,344,12,2025,0.0,telemetry,15.2,0.6,generated,Ludhiana,1,2.038,0.717,0.0,1.46,2.1367,0.0,2.1367,0.7507,2.3285,0.0,4.9276,-2.5991,2.7138535914890958,31.184,0.0,25.12,2.337,-36.38,0.136
2025-12-11,345,12,2025,0.0,telemetry,14.3,-1.0,generated,Ludhiana,1,1.981,0.733,0.0,1.452,2.125,0.0,2.125,0.7466,2.3168,0.0,4.8588,-2.542,2.7078628240488727,31.178,0.0,24.78,2.366,-36.38,0.135
2025-12-12,346,12,2025,0.0,telemetry,17.9,11.3,generated,Ludhiana,1,1.721,0.75,0.0,1.291,1.888,0.0,1.888,0.6634,2.0798,0.0,4.7912,-2.7114,2.701472871681476,31.172,0.0,24.53,2.351,-36.38,0.12
2025-12-13,347,12,2025,0.0,telemetry,15.5,-1.0,generated,Ludhiana,1,2.1,0.767,0.0,1.61,2.3555,0.0,2.3555,0.8276,2.5473,0.0,4.7244,-2.1771,2.6963420931437247,31.167,0.0,24.17,2.345,-36.38,0.15
2025-12-14,348,12,2025,0.27,telemetry,18.0,-1.0,generated,Ludhiana,1,2.363,0.783,0.0,1.851,2.3135,0.0,2.3135,0.8129,2.5053,0.0797,4.6591,-2.1538,2.6912662907061637,31.162,0.27,23.78,2.375,-36.13,0.147
2025-12-15,349,12,2025,0.0,telemetry,16.3,-1.0,generated,Ludhiana,1,2.179,0.8,0.0,1.743,2.5503,0.0,2.5503,0.8961,2.7421,0.0,4.5952,-1.8531,2.686899078773266,31.157,0.27,23.33,2.355,-36.13,0.162
2025-12-16,350,12,2025,0.0,telemetry,18.8,2.0,generated,Ludhiana,1,2.377,0.817,0.0,1.941,2.84,0.0,2.84,0.9978,3.0318,0.0,4.533,-1.5012,2.683361182182812,31.154,0.27,22.99,2.382,-36.13,0.181
2025-12-17,351,12,2025,0.0,telemetry,22.0,9.5,generated,Ludhiana,1,2.437,0.833,0.0,2.031,2.9717,0.0,2.9717,1.0441,3.1635,0.0,4.4728,-1.3093,2.680275509771479,31.151,0.27,22.8,2.387,-36.13,0.189
2025-12-18,352,12,2025,0.07,telemetry,23.3,4.1,generated,Ludhiana,1,2.835,0.85,0.0,2.41,3.4228,0.0,3.4228,1.2026,3.6146,0.0207,4.4147,-0.8001,2.678389837911702,31.149,0.34,22.72,2.451,-36.07,0.218
2025-12-19,353,12,2025,0.0,telemetry,23.0,11.9,generated,Ludhiana,1,2.411,0.867,0.0,2.09,3.0572,0.0,3.0572,1.0742,3.249,0.0,4.3593,-1.1103,2.6757732598394757,31.146,0.34,22.7,2.495,-36.07,0.194
2025-12-20,354,12,2025,0.0,telemetry,21.7,4.1,generated,Ludhiana,1,2.644,0.883,0.0,2.335,3.4168,0.0,3.4168,1.2005,3.6086,0.0,4.3058,-0.6972,2.674130180283755,31.145,0.34,22.57,2.587,-36.07,0.217
2025-12-21,355,12,2025,0.0,telemetry,21.3,0.3,generated,Ludhiana,1,2.691,0.9,0.0,2.422,3.5429,0.0,3.5429,1.2448,3.7347,0.0,4.2547,-0.52,2.6729047188945385,31.143,0.07,22.38,2.659,-36.07,0.225
2025-12-22,356,12,2025,0.2,telemetry,22.6,18.6,generated,Ludhiana,1,1.577,0.917,0.0,1.446,1.8231,0.0,1.8231,0.6405,2.0149,0.059,4.206,-2.1911,2.6677409592158066,31.138,0.27,22.19,2.613,-35.88,0.116
2025-12-23,357,12,2025,0.0,telemetry,24.2,11.2,generated,Ludhiana,1,2.63,0.933,0.0,2.455,3.5913,0.0,3.5913,1.2618,3.7831,0.0,4.1574,-0.3743,2.6668589531705322,31.137,0.27,22.01,2.717,-35.53,0.228
2025-12-24,358,12,2025,0.07,telemetry,23.9,12.7,generated,Ludhiana,1,2.484,0.95,0.0,2.36,3.3505,0.0,3.3505,1.1772,3.5423,0.0207,4.1111,-0.5688,2.6655184173115214,31.136,0.34,21.84,2.803,-35.47,0.213
2025-12-25,359,12,2025,0.0,telemetry,27.4,15.2,generated,Ludhiana,1,2.811,0.967,0.0,2.717,3.9755,0.0,3.9755,1.3968,4.1673,0.0,4.0669,0.1004,2.665755141338148,31.136,0.27,21.79,2.936,-35.46,0.253
2025-12-26,360,12,2025,0.0,telemetry,22.8,8.4,generated,Ludhiana,1,2.612,0.983,0.0,2.568,3.7575,0.0,3.7575,1.3202,3.9493,0.0,4.0253,-0.076,2.6655761147327413,31.136,0.27,21.75,3.069,-35.59,0.239
2025-12-27,361,12,2025,0.07,telemetry,19.4,-1.0,generated,Ludhiana,1,2.517,1.0,0.0,2.517,3.5794,0.0,3.5794,1.2576,3.7712,0.0207,3.9859,-0.2147,2.665070131744851,31.135,0.34,21.55,3.157,-34.63,0.228
2025-12-28,362,12,2025,0.07,telemetry,16.1,-1.0,generated,Ludhiana,1,2.167,1.017,0.0,2.203,3.1204,0.0,3.1204,1.0964,3.3122,0.0207,3.9484,-0.6362,2.6635707854998523,31.134,0.41,21.21,3.214,-34.46,0.198
2025-12-29,363,12,2025,0.0,telemetry,13.3,-1.0,generated,Ludhiana,1,1.875,1.033,0.0,1.938,2.8352,0.0,2.8352,0.9962,3.027,0.0,3.9121,-0.8851,2.6614849442990445,31.132,0.21,20.8,3.235,-34.46,0.18
2025-12-30,364,12,2025,0.0,telemetry,15.5,-1.0,generated,Ludhiana,1,2.111,1.05,0.0,2.217,3.2433,0.0,3.2433,1.1395,3.4351,0.0,3.8764,-0.4413,2.660444827794771,31.131,0.21,20.45,3.263,-34.46,0.206
2025-12-31,365,12,2025,0.0,telemetry,16.2,11.9,generated,Ludhiana,1,1.373,1.067,0.0,1.465,2.1433,0.0,2.1433,0.7531,2.3351,0.0,3.8421,-1.507,2.656893372803818,31.127,0.14,20.07,3.204,-34.46,0.136
2026-01-01,1,1,2026,0.07,telemetry,12.8,6.0,generated,Ludhiana,1,1.479,1.083,0.0,1.602,2.2411,0.0,2.2411,0.7874,2.4329,0.0207,3.8074,-1.3745,2.6536540832477145,31.124,0.21,19.56,3.12,-34.4,0.142
2026-01-02,2,1,2026,0.0,telemetry,8.9,-1.0,generated,Ludhiana,1,1.43,1.1,0.0,1.573,2.3019,0.0,2.3019,0.8088,2.4937,0.0,3.7727,-1.279,2.650639900324611,31.121,0.21,18.97,3.066,-34.27,0.146
2026-01-03,3,1,2026,0.07,telemetry,12.6,-1.0,generated,Ludhiana,1,1.824,1.117,0.0,2.037,2.8779,0.0,2.8779,1.0112,3.0697,0.0207,3.738,-0.6683,2.649064863196982,31.119,0.21,18.66,3.027,-34.2,0.183
2026-01-04,4,1,2026,0.07,telemetry,13.8,-0.7,generated,Ludhiana,1,1.949,1.133,0.0,2.209,3.1299,0.0,3.1299,1.0997,3.3217,0.0207,3.7042,-0.3825,2.6481633265008977,31.119,0.21,18.41,2.998,-34.14,0.199
2026-01-05,5,1,2026,0.0,telemetry,14.5,10.5,generated,Ludhiana,1,1.278,1.15,0.0,1.47,2.1505,0.0,2.1505,0.7556,2.3423,0.0,3.6716,-1.3293,2.645030453400054,31.115,0.21,18.22,3.021,-34.14,0.137
2026-01-06,6,1,2026,0.07,telemetry,14.6,10.6,generated,Ludhiana,1,1.287,1.15,0.0,1.48,2.0626,0.0,2.0626,0.7247,2.2544,0.0207,3.6389,-1.3845,2.6417676761043842,31.112,0.28,18.0,2.912,-34.07,0.131
2026-01-07,7,1,2026,0.07,telemetry,14.6,-1.0,generated,Ludhiana,1,2.064,1.15,0.0,2.373,3.3699,0.0,3.3699,1.184,3.5617,0.0207,3.6059,-0.0442,2.641663587705704,31.112,0.35,17.86,2.913,-34.0,0.214
2026-01-08,8,1,2026,0.0,telemetry,21.4,5.4,generated,Ludhiana,1,2.661,1.15,0.0,3.06,4.4769,0.0,4.4769,1.573,4.6687,0.0,3.5744,1.0943,2.644242428130881,31.115,0.28,18.06,2.949,-34.0,0.285
2026-01-09,9,1,2026,0.0,telemetry,25.0,14.7,generated,Ludhiana,1,2.587,1.15,0.0,2.975,4.3518,0.0,4.3518,1.529,4.5436,0.0,3.546,0.9976,2.646593585233437,31.117,0.28,18.39,2.992,-34.0,0.277
2026-01-10,10,1,2026,0.0,telemetry,30.9,13.0,generated,Ludhiana,1,3.615,1.15,0.0,4.157,6.0821,0.0,6.0821,2.137,6.2739,0.0,3.52,2.7539,2.6530836330348655,31.123,0.21,18.94,3.17,-34.0,0.387
2026-01-11,11,1,2026,0.0,telemetry,33.0,20.4,generated,Ludhiana,1,3.41,1.15,0.0,3.922,5.7373,0.0,5.7373,2.0158,5.9291,0.0,3.4988,2.4303,2.658811158566999,31.129,0.14,19.45,3.357,-33.99,0.365
2026-01-12,12,1,2026,0.13,telemetry,29.0,7.0,generated,Ludhiana,1,3.641,1.15,0.0,4.188,5.9364,0.0,5.9364,2.0858,6.1282,0.0384,3.4814,2.6468,2.6650488829530894,31.135,0.27,19.9,3.579,-33.84,0.377
2026-01-13,13,1,2026,0.0,telemetry,32.5,28.5,generated,Ludhiana,1,2.105,1.15,0.0,2.42,3.5409,0.0,3.5409,1.2441,3.7327,0.0,3.4679,0.2648,2.665673045320705,31.136,0.2,20.38,3.6,-34.1,0.225
2026-01-14,14,1,2026,0.0,telemetry,35.7,31.6,generated,Ludhiana,1,2.281,1.15,0.0,2.623,3.8371,0.0,3.8371,1.3482,4.0289,0.0,3.4546,0.5743,2.6670263966905186,31.137,0.13,21.03,3.721,-34.1,0.244
2026-01-15,15,1,2026,0.07,telemetry,36.3,21.3,generated,Ludhiana,1,3.971,1.15,0.0,4.566,6.5782,0.0,6.5782,2.3113,6.77,0.0207,3.4421,3.3279,2.6748691658362618,31.145,0.2,21.61,4.031,-34.04,0.418
2026-01-16,16,1,2026,0.0,telemetry,36.3,27.5,generated,Ludhiana,1,3.26,1.15,0.0,3.749,5.4853,0.0,5.4853,1.9273,5.6771,0.0,3.4339,2.2432,2.680155608448667,31.151,0.2,22.09,4.258,-34.04,0.349
2026-01-17,17,1,2026,0.07,telemetry,37.6,24.1,generated,Ludhiana,1,3.974,1.15,0.0,4.57,6.5832,0.0,6.5832,2.313,6.775,0.0207,3.4282,3.3468,2.6880429158458234,31.158,0.27,22.56,4.523,-34.04,0.418
2026-01-18,18,1,2026,0.07,telemetry,39.3,25.8,generated,Ludhiana,1,4.135,1.15,0.0,4.755,6.8543,0.0,6.8543,2.4083,7.0461,0.0207,3.4263,3.6198,2.696573724032707,31.167,0.34,23.11,4.789,-33.98,0.436
2026-01-19,19,1,2026,0.0,telemetry,34.5,29.5,generated,Ludhiana,1,2.503,1.15,0.0,2.878,4.2107,0.0,4.2107,1.4794,4.4025,0.0,3.4281,0.9744,2.698870026985801,31.169,0.21,23.53,4.936,-33.98,0.268
2026-01-20,20,1,2026,0.07,telemetry,37.5,28.5,generated,Ludhiana,1,3.445,1.15,0.0,3.961,5.6932,0.0,5.6932,2.0003,5.885,0.0207,3.4299,2.4551,2.7046559483172836,31.175,0.28,24.07,5.196,-33.91,0.362
2026-01-21,21,1,2026,0.0,telemetry,37.8,33.8,generated,Ludhiana,1,2.437,1.15,0.0,2.803,4.1004,0.0,4.1004,1.4407,4.2922,0.0,3.4336,0.8586,2.7066794270429075,31.177,0.28,24.58,5.248,-34.11,0.261
2026-01-22,22,1,2026,0.07,telemetry,36.0,26.2,generated,Ludhiana,1,3.501,1.15,0.0,4.026,5.7878,0.0,5.7878,2.0336,5.9796,0.0207,3.4369,2.5427,2.712671835787133,31.183,0.28,24.97,5.341,-34.04,0.368
2026-01-23,23,1,2026,29.0,telemetry,33.4,16.0,generated,Ludhiana,1,4.079,1.15,0.0,4.691,0.0,0.0,0.0,0.0,0.1918,8.5602,3.4421,-3.2503,2.7050119567964983,31.175,29.28,25.29,5.03,-7.53,0.0
2026-01-24,24,1,2026,0.0,telemetry,26.6,9.9,generated,Ludhiana,1,3.411,1.15,0.0,3.922,5.7381,0.0,5.7381,2.0161,5.9299,0.0,3.4487,2.4812,2.7108594742205083,31.181,29.21,25.26,5.006,-7.53,0.365
2026-01-25,25,1,2026,0.0,telemetry,28.3,13.6,generated,Ludhiana,1,3.461,1.15,0.0,3.98,5.8231,0.0,5.8231,2.046,6.0149,0.0,3.457,2.5579,2.7168876240303983,31.187,29.14,25.45,5.012,-7.52,0.37
2026-01-26,26,1,2026,0.07,telemetry,25.6,16.4,generated,Ludhiana,1,2.759,1.15,0.0,3.173,4.5398,0.0,4.5398,1.5951,4.7316,0.0207,3.4671,1.2645,2.7198677679977443,31.19,29.21,25.65,4.912,-7.53,0.289
2026-01-27,27,1,2026,4.27,telemetry,25.8,4.7,generated,Ludhiana,1,3.582,1.15,0.0,4.12,0.0,0.0,0.0,0.0,0.1918,1.2604,3.4769,-3.2851,2.7121257283215607,31.183,33.41,25.98,4.659,-3.68,0.0
2026-01-28,28,1,2026,0.07,telemetry,20.8,1.4,generated,Ludhiana,1,3.023,1.15,0.0,3.477,4.9845,0.0,4.9845,1.7513,5.1763,0.0207,3.4816,1.6947,2.716119515684354,31.186,33.48,26.23,4.741,-3.61,0.317
2026-01-29,29,1,2026,0.0,telemetry,22.2,8.5,generated,Ludhiana,1,2.934,1.15,0.0,3.374,4.9361,0.0,4.9361,1.7343,5.1279,0.0,3.4872,1.6407,2.719986105671161,31.19,33.41,26.45,4.624,-3.61,0.314
2026-01-30,30,1,2026,0.0,telemetry,20.9,5.5,generated,Ludhiana,1,2.928,1.15,0.0,3.368,4.927,0.0,4.927,1.7311,5.1188,0.0,3.4935,1.6253,2.72381653166557,31.194,4.41,26.61,4.584,-3.61,0.313
2026-01-31,31,1,2026,0.07,telemetry,12.2,-1.0,generated,Ludhiana,1,2.061,1.15,0.0,2.37,3.3644,0.0,3.3644,1.1821,3.5562,0.0207,3.5003,0.0559,2.7239482978935854,31.194,4.48,26.59,4.354,-3.62,0.214
2026-02-01,32,2,2026,0.27,telemetry,16.5,-0.5,generated,Ludhiana,1,2.596,1.15,0.0,2.985,3.9736,0.0,3.9736,1.3961,4.1654,0.0797,3.5056,0.6598,2.725503334390044,31.196,4.75,26.84,4.148,-3.37,0.253
2026-02-02,33,2,2026,0.07,telemetry,17.6,8.4,generated,Ludhiana,1,2.296,1.15,0.0,2.64,3.7602,0.0,3.7602,1.3212,3.952,0.0207,3.5103,0.4417,2.7265443935122993,31.197,4.75,27.01,4.116,-3.38,0.239
2026-02-03,34,2,2026,0.0,telemetry,20.9,14.8,generated,Ludhiana,1,2.179,1.15,0.0,2.506,3.6661,0.0,3.6661,1.2881,3.8579,0.0,3.5141,0.3438,2.727354719782069,31.198,0.48,27.24,3.972,-3.45,0.233
2026-02-04,35,2,2026,0.13,telemetry,22.7,2.7,generated,Ludhiana,1,3.4,1.15,0.0,3.909,5.5296,0.0,5.5296,1.9428,5.7214,0.0384,3.5169,2.2045,2.732550081134549,31.203,0.54,27.52,4.074,-3.33,0.352
2026-02-05,36,2,2026,0.0,telemetry,24.7,2.7,generated,Ludhiana,1,3.709,1.15,0.0,4.265,6.2398,0.0,6.2398,2.1924,6.4316,0.0,3.5213,2.9103,2.739408733345688,31.21,0.54,27.85,4.106,-3.4,0.397
2026-02-06,37,2,2026,0.07,telemetry,23.9,15.2,generated,Ludhiana,1,2.785,1.15,0.0,3.203,4.5838,0.0,4.5838,1.6105,4.7756,0.0207,3.5281,1.2475,2.7423487102274224,31.213,0.61,28.16,4.433,-3.41,0.291
2026-02-07,38,2,2026,0.07,telemetry,21.9,0.4,generated,Ludhiana,1,3.418,1.15,0.0,3.931,5.649,0.0,5.649,1.9848,5.8408,0.0207,3.5348,2.306,2.7477831684949607,31.218,0.61,28.18,4.427,-3.34,0.359
2026-02-08,39,2,2026,0.0,telemetry,22.2,8.1,generated,Ludhiana,1,3.174,1.15,0.0,3.65,5.3398,0.0,5.3398,1.8761,5.5316,0.0,3.5429,1.9887,2.7524698847793307,31.223,0.34,28.09,4.392,-3.34,0.339
2026-02-09,40,2,2026,0.0,telemetry,25.9,14.0,generated,Ludhiana,1,3.365,1.15,0.0,3.87,5.6613,0.0,5.6613,1.9891,5.8531,0.0,3.5518,2.3013,2.7578933851127165,31.228,0.27,27.92,4.473,-3.34,0.36
2026-02-10,41,2,2026,0.07,telemetry,26.9,16.2,generated,Ludhiana,1,3.35,1.15,0.0,3.853,5.5347,0.0,5.5347,1.9446,5.7265,0.0207,3.5618,2.1647,2.7629950019588403,31.233,0.34,27.72,4.868,-3.28,0.352
2026-02-11,42,2,2026,0.0,telemetry,26.3,9.1,generated,Ludhiana,1,3.861,1.15,0.0,4.44,6.4953,0.0,6.4953,2.2821,6.6871,0.0,3.5726,3.1145,2.770334946773582,31.241,0.21,27.63,4.976,-3.41,0.413
2026-02-12,43,2,2026,0.07,telemetry,25.2,8.8,generated,Ludhiana,1,3.723,1.15,0.0,4.281,6.1611,0.0,6.1611,2.1647,6.3529,0.0207,3.5854,2.7675,2.7768570497105145,31.247,0.28,27.38,5.063,-3.34,0.392
2026-02-13,44,2,2026,0.07,telemetry,28.3,6.3,generated,Ludhiana,1,4.381,1.15,0.0,5.038,7.269,0.0,7.269,2.554,7.4608,0.0207,3.5996,3.8612,2.7859566630726547,31.256,0.28,27.14,5.231,-3.28,0.462
2026-02-14,45,2,2026,0.0,telemetry,32.1,10.1,generated,Ludhiana,1,4.892,1.15,0.0,5.626,8.2302,0.0,8.2302,2.8917,8.422,0.0,3.6165,4.8055,2.797281705854777,31.268,0.21,27.0,5.578,-3.35,0.523
2026-02-15,46,2,2026,0.07,telemetry,33.6,12.5,generated,Ludhiana,1,5.068,1.15,0.0,5.829,8.4248,0.0,8.4248,2.9601,8.6166,0.0207,3.6371,4.9795,2.809016839204888,31.279,0.28,26.91,5.896,-3.28,0.536
2026-02-16,47,2,2026,0.07,telemetry,30.7,14.5,generated,Ludhiana,1,4.425,1.15,0.0,5.089,7.3422,0.0,7.3422,2.5797,7.534,0.0207,3.6613,3.8727,2.818143604419371,31.289,0.35,26.68,6.152,-3.29,0.467
2026-02-17,48,2,2026,0.07,telemetry,28.1,16.3,generated,Ludhiana,1,3.767,1.15,0.0,4.332,6.2353,0.0,6.2353,2.1908,6.4271,0.0207,3.6873,2.7398,2.824600420031836,31.295,0.35,26.3,6.335,-3.3,0.396
2026-02-18,49,2,2026,0.73,telemetry,26.0,5.7,generated,Ludhiana,1,4.187,1.15,0.0,4.815,5.9833,0.0,5.9833,2.1022,6.1751,0.2155,3.7135,2.4616,2.8304016916229644,31.301,1.08,26.02,6.368,-2.63,0.38
2026-02-19,50,2,2026,0.07,telemetry,28.1,13.5,generated,Ludhiana,1,4.104,1.15,0.0,4.72,6.8023,0.0,6.8023,2.39,6.9941,0.0207,3.7396,3.2545,2.838071653290565,31.308,1.08,25.71,6.408,-2.63,0.432
2026-02-20,51,2,2026,0.0,telemetry,29.8,12.2,generated,Ludhiana,1,4.563,1.15,0.0,5.247,7.6769,0.0,7.6769,2.6973,7.8687,0.0,3.7664,4.1023,2.847739552885176,31.318,1.01,25.44,6.629,-2.56,0.488
2026-02-21,52,2,2026,0.07,telemetry,29.2,16.9,generated,Ludhiana,1,4.046,1.15,0.0,4.653,6.7047,0.0,6.7047,2.3557,6.8965,0.0207,3.7951,3.1014,2.855048714029627,31.325,1.08,25.21,6.704,-2.57,0.426
2026-02-22,53,2,2026,0.07,telemetry,26.3,10.5,generated,Ludhiana,1,4.094,1.15,0.0,4.708,6.7851,0.0,6.7851,2.384,6.9769,0.0207,3.8241,3.1528,2.862479024873704,31.333,1.08,24.98,6.808,-31.5,0.431
2026-02-23,54,2,2026,0.0,telemetry,24.0,2.0,generated,Ludhiana,1,4.14,1.15,0.0,4.761,6.966,0.0,6.966,2.4475,7.1578,0.0,3.8534,3.3044,2.870266520882766,31.341,1.01,24.89,6.901,-31.5,0.443
2026-02-24,55,2,2026,0.0,telemetry,23.1,10.0,generated,Ludhiana,1,3.589,1.15,0.0,4.128,6.0391,0.0,6.0391,2.1218,6.2309,0.0,3.8832,2.3477,2.8757993251030065,31.346,0.94,24.72,6.937,-31.5,0.384
2026-02-25,56,2,2026,0.0,telemetry,25.9,3.9,generated,Ludhiana,1,4.461,1.15,0.0,5.13,7.505,0.0,7.505,2.6369,7.6968,0.0,3.9122,3.7846,2.884718552351739,31.355,0.21,24.73,7.009,-31.57,0.477
2026-02-26,57,2,2026,0.07,telemetry,25.8,11.8,generated,Ludhiana,1,4.012,1.15,0.0,4.614,6.6477,0.0,6.6477,2.3357,6.8395,0.0207,3.9422,2.8973,2.891546529376694,31.362,0.21,24.73,7.044,-35.78,0.423
2026-02-27,58,2,2026,0.0,telemetry,26.5,15.1,generated,Ludhiana,1,3.846,1.15,0.0,4.423,6.4707,0.0,6.4707,2.2735,6.6625,0.0,3.9721,2.6904,2.89788691022353,31.368,0.21,24.92,6.987,-35.84,0.411
2026-02-28,59,2,2026,0.0,telemetry,30.7,8.7,generated,Ludhiana,1,5.228,1.15,0.0,6.012,8.7961,0.0,8.7961,3.0905,8.9879,0.0,4.0016,4.9863,2.9096382015703552,31.38,0.14,25.2,7.027,-35.83,0.559
2026-03-01,60,3,2026,0.0,telemetry,29.3,14.2,generated,Ludhiana,1,4.601,1.15,0.0,5.291,7.7412,0.0,7.7412,2.7199,7.933,0.0,4.0336,3.8994,2.91882793477431,31.389,0.07,25.48,6.978,-35.83,0.492
2026-03-02,61,3,2026,0.0,telemetry,35.1,23.0,generated,Ludhiana,1,4.914,1.15,0.0,5.651,8.2676,0.0,8.2676,2.9048,8.4594,0.0,4.0665,4.3929,2.9291805981884353,31.4,0.07,26.24,7.044,-35.9,0.526
2026-03-03,62,3,2026,0.0,telemetry,38.2,24.5,generated,Ludhiana,1,5.525,1.15,0.0,6.353,9.2949,0.0,9.2949,3.2658,9.4867,0.0,4.1009,5.3858,2.941873191880658,31.412,0.07,26.97,7.263,-36.17,0.591
2026-03-04,63,3,2026,0.0,telemetry,37.2,22.4,generated,Ludhiana,1,5.6,1.15,0.0,6.44,9.4224,0.0,9.4224,3.3106,9.6142,0.0,4.138,5.4762,2.954778928445897,31.425,0.07,27.62,7.509,-36.24,0.599
2026-03-05,64,3,2026,0.07,telemetry,42.6,31.8,generated,Ludhiana,1,5.567,1.15,0.0,6.402,9.2634,0.0,9.2634,3.2547,9.4552,0.0207,4.1776,5.2776,2.9672166767370807,31.438,0.07,28.34,7.684,-36.18,0.589
2026-03-06,65,3,2026,0.07,telemetry,34.2,15.8,generated,Ludhiana,1,5.694,1.15,0.0,6.548,9.4772,0.0,9.4772,3.3298,9.669,0.0207,4.2192,5.4498,2.9800602082638616,31.45,0.14,28.73,7.813,-36.24,0.602
2026-03-07,66,3,2026,0.07,telemetry,33.9,20.0,generated,Ludhiana,1,5.21,1.15,0.0,5.992,8.6635,0.0,8.6635,3.0439,8.8553,0.0207,4.2629,4.5924,2.990883132664896,31.461,0.21,29.03,7.953,-36.18,0.551
2026-03-08,67,3,2026,0.0,telemetry,34.2,22.1,generated,Ludhiana,1,5.026,1.15,0.0,5.78,8.4557,0.0,8.4557,2.9709,8.6475,0.0,4.3073,4.3402,3.0011116401758335,31.471,0.21,29.38,8.072,-36.25,0.538
2026-03-09,68,3,2026,0.07,telemetry,34.9,23.9,generated,Ludhiana,1,4.956,1.15,0.0,5.699,8.2356,0.0,8.2356,2.8936,8.4274,0.0207,4.352,4.0754,3.0107160480580695,31.481,0.28,29.81,8.163,-36.25,0.524
2026-03-10,69,3,2026,0.0,telemetry,34.2,12.6,generated,Ludhiana,1,6.103,1.15,0.0,7.018,10.2677,0.0,10.2677,3.6076,10.4595,0.0,4.3967,6.0628,3.025004320493756,31.495,0.28,30.21,8.465,-36.25,0.653
2026-03-11,70,3,2026,0.07,telemetry,31.0,12.6,generated,Ludhiana,1,5.45,1.15,0.0,6.268,9.0673,0.0,9.0673,3.1858,9.2591,0.0207,4.4438,4.8153,3.0363525089346384,31.507,0.35,30.38,8.576,-36.19,0.576
2026-03-12,71,3,2026,0.0,telemetry,35.5,28.3,generated,Ludhiana,1,4.307,1.15,0.0,4.953,7.2468,0.0,7.2468,2.5462,7.4386,0.0,4.4916,2.947,3.043297717968591,31.514,0.28,30.67,8.619,-36.26,0.461
2026-03-13,72,3,2026,0.0,telemetry,36.5,23.4,generated,Ludhiana,1,5.619,1.15,0.0,6.461,9.4531,0.0,9.4531,3.3214,9.6449,0.0,4.5374,5.1075,3.055334471915994,31.526,0.21,31.01,8.832,-36.26,0.601
2026-03-14,73,3,2026,0.0,telemetry,40.8,27.3,generated,Ludhiana,1,6.234,1.15,0.0,7.169,10.4882,0.0,10.4882,3.685,10.68,0.0,4.5843,6.0957,3.069700097628316,31.54,0.14,31.53,8.953,-36.31,0.667
2026-03-15,74,3,2026,3.2,telemetry,41.2,19.2,generated,Ludhiana,1,7.414,1.15,0.0,8.527,7.9128,0.0,7.9128,2.7802,8.1046,0.9446,4.6335,3.4711,3.077880411919326,31.548,3.34,31.96,8.965,-33.45,0.503
2026-03-16,75,3,2026,0.27,telemetry,38.2,29.5,generated,Ludhiana,1,5.049,1.15,0.0,5.807,8.1008,0.0,8.1008,2.8462,8.2926,0.0797,4.6821,3.6105,3.0863893748384434,31.557,3.54,32.16,8.954,-33.2,0.515
2026-03-17,76,3,2026,0.0,telemetry,29.2,14.4,generated,Ludhiana,1,5.081,1.15,0.0,5.843,8.5484,0.0,8.5484,3.0035,8.7402,0.0,4.7295,4.0107,3.095841451566734,31.566,3.54,32.01,8.9,-33.27,0.543
2026-03-18,77,3,2026,0.33,telemetry,29.7,9.9,generated,Ludhiana,1,5.615,1.15,0.0,6.457,8.9651,0.0,8.9651,3.1499,9.1569,0.0974,4.7763,4.3806,3.1061652303992,31.577,3.8,31.98,8.868,-33.04,0.57
2026-03-19,78,3,2026,3.93,telemetry,31.0,23.2,generated,Ludhiana,1,4.234,1.15,0.0,4.869,1.555,0.0,1.555,0.5464,1.7468,1.1601,4.8231,-3.0763,3.0989153054763334,31.569,7.73,32.08,8.317,-29.51,0.099
2026-03-20,79,3,2026,0.47,telemetry,27.9,17.8,generated,Ludhiana,1,4.389,1.15,0.0,5.047,6.6987,0.0,6.6987,2.3536,6.8905,0.1387,4.8609,2.0296,3.1036983980596884,31.574,8.2,32.14,8.118,-29.81,0.426
2026-03-21,80,3,2026,0.0,telemetry,29.5,22.2,generated,Ludhiana,1,4.03,1.15,0.0,4.635,6.7811,0.0,6.7811,2.3825,6.9729,0.0,4.8964,2.0765,3.1085920694404767,31.579,8.2,32.19,7.984,-29.88,0.431
2026-03-22,81,3,2026,0.13,telemetry,27.6,11.6,generated,Ludhiana,1,5.143,1.129,0.0,5.808,8.3067,0.0,8.3067,2.9186,8.4985,0.0384,4.9297,3.5688,3.1170027376372063,31.587,5.13,32.11,7.973,-29.76,0.528
2026-03-23,82,3,2026,0.0,telemetry,29.8,17.2,generated,Ludhiana,1,5.069,1.109,0.0,5.62,8.2214,0.0,8.2214,2.8886,8.4132,0.0,4.9629,3.4503,3.1251340927132105,31.596,4.86,32.13,7.972,-29.83,0.523
2026-03-24,83,3,2026,0.0,telemetry,27.9,6.0,generated,Ludhiana,1,5.656,1.088,0.0,6.152,9.0009,0.0,9.0009,3.1625,9.1927,0.0,4.9959,4.1968,3.1350247935511275,31.605,4.86,32.19,7.882,-29.9,0.572
2026-03-25,84,3,2026,0.0,telemetry,33.8,17.2,generated,Ludhiana,1,6.171,1.067,0.0,6.584,9.633,0.0,9.633,3.3846,9.8248,0.0,5.0296,4.7952,3.1463257082238054,31.617,4.53,32.51,7.922,-29.9,0.612
2026-03-26,85,3,2026,0.0,telemetry,33.8,18.9,generated,Ludhiana,1,5.994,1.046,0.0,6.272,9.1761,0.0,9.1761,3.224,9.3679,0.0,5.0647,4.3032,3.156466962217487,31.627,0.6,32.87,8.06,-29.9,0.583
2026-03-27,86,3,2026,0.2,telemetry,36.3,17.1,generated,Ludhiana,1,6.896,1.026,0.0,7.073,10.0557,0.0,10.0557,3.5331,10.2475,0.059,5.1006,5.1469,3.168596727248133,31.639,0.33,33.22,8.103,-29.54,0.639
2026-03-28,87,3,2026,0.0,telemetry,33.8,12.7,generated,Ludhiana,1,6.705,1.005,0.0,6.738,9.858,0.0,9.858,3.4636,10.0498,0.0,5.1382,4.9116,3.1801719958931813,31.651,0.33,33.48,8.058,-29.61,0.627
2026-03-29,88,3,2026,3.87,telemetry,32.8,19.8,generated,Ludhiana,1,5.685,0.984,0.0,5.595,2.6985,0.0,2.6985,0.9481,2.8903,1.1423,5.177,-2.2867,3.174783023237505,31.645,4.07,33.69,7.686,-26.06,0.172
2026-03-30,89,3,2026,0.2,telemetry,35.4,25.5,generated,Ludhiana,1,5.456,0.963,0.0,5.257,7.3987,0.0,7.3987,2.5995,7.5905,0.059,5.2083,2.3822,3.1803971213859885,31.651,4.27,33.85,7.636,-25.88,0.47
2026-03-31,90,3,2026,6.2,telemetry,33.2,27.9,generated,Ludhiana,1,4.022,0.943,0.0,3.791,0.0,0.0,0.0,0.0,0.1918,1.8301,5.2381,-5.0463,3.1685045257679785,31.639,10.47,33.98,7.025,-20.2,0.0
2026-04-01,91,4,2026,0.33,telemetry,33.0,19.1,generated,Ludhiana,1,5.937,0.922,0.0,5.473,7.5262,0.0,7.5262,2.6443,7.718,0.0974,5.2581,2.4599,3.1743017478740283,31.645,10.8,33.91,6.922,-19.9,0.478
2026-04-02,92,4,2026,0.0,telemetry,31.5,18.5,generated,Ludhiana,1,5.632,0.901,0.0,5.076,7.426,0.0,7.426,2.6091,7.6178,0.0,5.2777,2.3401,3.1798167392867898,31.65,10.8,33.69,7.341,-19.89,0.472
2026-04-03,93,4,2026,5.93,telemetry,27.9,13.8,generated,Ludhiana,1,5.323,0.88,0.0,4.687,0.0,0.0,0.0,0.0,0.1918,1.7504,5.2966,-5.1048,3.1677863780473654,31.638,16.53,33.38,6.863,-14.45,0.0
2026-04-04,94,4,2026,0.13,telemetry,30.1,12.1,generated,Ludhiana,1,6.083,0.86,0.0,5.23,7.4613,0.0,7.4613,2.6215,7.6531,0.0384,5.3065,2.3466,3.173316721672849,31.644,16.66,32.96,6.912,-14.4,0.474
2026-04-05,95,4,2026,0.0,telemetry,32.9,18.1,generated,Ludhiana,1,6.169,0.839,0.0,5.176,7.5727,0.0,7.5727,2.6607,7.7645,0.0,5.3166,2.4479,3.1790857829258923,31.649,12.79,32.92,6.859,-14.47,0.481
2026-04-06,96,4,2026,0.0,telemetry,32.2,10.2,generated,Ludhiana,1,6.807,0.818,0.0,5.57,8.1486,0.0,8.1486,2.863,8.3404,0.0,5.3269,3.0135,3.186187577218473,31.657,12.59,32.86,6.854,-14.54,0.518
2026-04-07,97,4,2026,0.47,telemetry,38.3,26.2,generated,Ludhiana,1,6.508,0.798,0.0,5.191,6.9089,0.0,6.9089,2.4275,7.1007,0.1387,5.3383,1.7624,3.190340928398573,31.661,6.86,33.0,6.705,-14.11,0.439
2026-04-08,98,4,2026,3.2,telemetry,38.6,21.5,generated,Ludhiana,1,7.43,0.777,0.0,5.772,3.8829,0.0,3.8829,1.3643,4.0747,0.9446,5.3491,-1.2744,3.1873375628318548,31.658,9.73,33.12,6.294,-11.25,0.247
2026-04-09,99,4,2026,0.0,telemetry,38.0,20.7,generated,Ludhiana,1,7.397,0.756,0.0,5.593,8.1827,0.0,8.1827,2.875,8.3745,0.0,5.3559,3.0186,3.1944514154785693,31.665,9.73,33.25,6.223,-11.25,0.52
2026-04-10,100,4,2026,0.0,telemetry,33.4,18.1,generated,Ludhiana,1,6.454,0.735,0.0,4.746,6.943,0.0,6.943,2.4394,7.1348,0.0,5.3641,1.7707,3.1986244798187293,31.669,3.8,33.33,6.001,-11.32,0.441
2026-04-11,101,4,2026,0.27,telemetry,31.0,13.4,generated,Ludhiana,1,6.385,0.715,0.0,4.563,6.2812,0.0,6.2812,2.2069,6.473,0.0797,5.3717,1.1013,3.201219796159101,31.672,3.94,33.18,5.745,-11.03,0.399
2026-04-12,102,4,2026,0.07,telemetry,33.2,13.7,generated,Ludhiana,1,6.96,0.694,0.0,4.829,6.9632,0.0,6.9632,2.4465,7.155,0.0207,5.3782,1.7768,3.2054072614089026,31.676,4.01,33.07,6.05,-10.94,0.443
2026-04-13,103,4,2026,0.0,telemetry,35.6,20.8,generated,Ludhiana,1,6.79,0.673,0.0,4.571,6.6867,0.0,6.6867,2.3494,6.8785,0.0,5.3843,1.4942,3.2089287227129626,31.679,4.01,32.89,5.999,-10.93,0.425
2026-04-14,104,4,2026,0.0,telemetry,36.6,23.9,generated,Ludhiana,1,6.596,0.652,0.0,4.304,6.2964,0.0,6.2964,2.2122,6.4882,0.0,5.3897,1.0985,3.211517612038237,31.682,3.54,32.74,6.449,-14.13,0.4
2026-04-15,105,4,2026,0.0,telemetry,33.4,14.6,generated,Ludhiana,1,7.01,0.632,0.0,4.428,6.4781,0.0,6.4781,2.2761,6.6699,0.0,5.3939,1.276,3.214524707598928,31.685,0.34,32.58,6.374,-14.4,0.412
2026-04-16,106,4,2026,0.0,telemetry,28.3,11.2,generated,Ludhiana,1,6.029,0.611,0.0,3.683,5.3889,0.0,5.3889,1.8934,5.5807,0.0,5.3973,0.1834,3.214956862233979,31.685,0.34,32.55,6.228,-14.4,0.343
2026-04-17,107,4,2026,0.0,telemetry,29.0,17.3,generated,Ludhiana,1,5.459,0.59,0.0,3.222,4.7141,0.0,4.7141,1.6563,4.9059,0.0,5.3985,-0.4926,3.2137959398350024,31.684,0.34,32.53,6.565,-14.73,0.3
2026-04-18,108,4,2026,0.0,telemetry,34.7,18.0,generated,Ludhiana,1,7.058,0.57,0.0,4.02,5.8807,0.0,5.8807,2.0662,6.0725,0.0,5.3967,0.6758,3.2153885017758945,31.686,0.07,32.65,6.452,-17.15,0.374
2026-04-19,109,4,2026,0.0,telemetry,36.6,24.2,generated,Ludhiana,1,6.664,0.549,0.0,3.657,5.3503,0.0,5.3503,1.8798,5.5421,0.0,5.3938,0.1483,3.2157379476264634,31.686,0.0,32.94,6.293,-17.62,0.34
2026-04-20,110,4,2026,0.0,telemetry,37.5,24.9,generated,Ludhiana,1,6.853,0.528,0.0,3.619,5.2945,0.0,5.2945,1.8602,5.4863,0.0,5.3891,0.0972,3.215966916404558,31.686,0.0,33.21,6.089,-17.62,0.337
2026-04-21,111,4,2026,0.0,generated,39.4,27.0,generated,Ludhiana,1,7.101,0.507,0.0,3.602,5.2704,0.0,5.2704,1.8518,5.4622,0.0,5.3828,0.0794,3.2161540799308317,31.687,0.0,33.6,5.972,-17.75,0.335
2026-04-22,112,4,2026,0.0,generated,39.1,28.2,generated,Ludhiana,1,6.739,0.487,0.0,3.279,4.7976,0.0,4.7976,1.6856,4.9894,0.0,5.3749,-0.3855,3.215245686583449,31.686,0.0,33.91,6.038,-17.75,0.305
2026-04-23,113,4,2026,0.0,generated,33.6,23.0,generated,Ludhiana,1,5.975,0.466,0.0,2.783,4.0721,0.0,4.0721,1.4307,4.2639,0.0,5.3649,-1.101,3.212651045188924,31.683,0.0,34.1,5.744,-17.75,0.259
2026-04-24,114,4,2026,0.0,generated,35.7,25.0,generated,Ludhiana,1,6.29,0.445,0.0,2.8,4.0963,0.0,4.0963,1.4392,4.2881,0.0,5.352,-1.0639,3.210143653447,31.681,0.0,34.16,5.541,-17.75,0.26
2026-04-25,115,4,2026,0.0,generated,35.6,14.2,generated,Ludhiana,1,7.914,0.424,0.0,3.359,4.9137,0.0,4.9137,1.7264,5.1055,0.0,5.3367,-0.2312,3.2095988526680475,31.68,0.0,34.22,5.443,-17.75,0.312
2026-04-26,116,4,2026,0.0,generated,29.7,11.4,generated,Ludhiana,1,6.593,0.404,0.0,2.661,3.8937,0.0,3.8937,1.3681,4.0855,0.0,5.3201,-1.2346,3.2066893388349085,31.677,0.0,34.0,5.224,-17.95,0.248
2026-04-27,117,4,2026,0.0,generated,33.2,25.1,generated,Ludhiana,1,5.386,0.383,0.0,2.063,3.0176,0.0,3.0176,1.0602,3.2094,0.0,5.301,-2.0916,3.2017600216756645,31.672,0.0,33.98,4.962,-17.95,0.192
2026-04-28,118,4,2026,0.0,generated,27.5,11.0,generated,Ludhiana,1,6.085,0.362,0.0,2.204,3.2242,0.0,3.2242,1.1328,3.416,0.0,5.2786,-1.8626,3.197370471480595,31.668,0.0,33.81,4.742,-21.82,0.205
2026-04-29,119,4,2026,0.0,generated,30.5,17.4,generated,Ludhiana,1,6.127,0.341,0.0,2.092,3.0608,0.0,3.0608,1.0754,3.2526,0.0,5.2534,-2.0008,3.1926552859844453,31.663,0.0,33.64,4.498,-22.02,0.195
2026-04-30,120,4,2026,0.22,generated,30.7,21.4,generated,Ludhiana,1,5.437,0.321,0.0,1.744,2.2301,0.0,2.2301,0.7835,2.4219,0.0649,5.2254,-2.8035,3.186048283744776,31.656,0.22,33.56,4.273,-28.02,0.142
2026-05-01,121,5,2026,2.56,generated,31.1,14.9,generated,Ludhiana,0,6.695,0.0,0.0,0.0,0.0,0.0,0.0,0.0,0.1918,0.7557,5.1939,-5.0021,3.1742597646894453,31.645,2.78,33.5,3.936,-26.01,0.0
2026-05-02,122,5,2026,0.0,generated,30.9,14.2,generated,Ludhiana,0,6.741,0.0,0.0,0.0,0.0,0.0,0.0,0.0,0.1918,0.0,5.1569,-4.9651,3.1625584095732195,31.633,2.78,33.48,3.516,-25.76,0.0
2026-05-03,123,5,2026,0.0,generated,32.8,22.3,generated,Ludhiana,0,6.023,0.0,0.0,0.0,0.0,0.0,0.0,0.0,0.1918,0.0,5.1143,-4.9225,3.150957485492142,31.621,2.78,33.64,3.134,-31.67,0.0
2026-05-04,124,5,2026,0.0,generated,35.1,20.7,generated,Ludhiana,0,7.126,0.0,0.0,0.0,0.0,0.0,0.0,0.0,0.1918,0.0,5.0666,-4.8748,3.1394689801841738,31.61,2.78,33.81,2.755,-31.06,0.0
2026-05-05,125,5,2026,0.0,generated,40.1,25.7,generated,Ludhiana,0,7.925,0.0,0.0,0.0,0.0,0.0,0.0,0.0,0.1918,0.0,5.0143,-4.8225,3.128103692423288,31.598,2.78,34.05,2.379,-31.04,0.0
2026-05-06,126,5,2026,0.0,generated,42.1,28.7,generated,Ludhiana,0,8.041,0.0,0.0,0.0,0.0,0.0,0.0,0.0,0.1918,0.0,4.958,-4.7662,3.116871309868064,31.587,2.78,34.38,2.036,-31.04,0.0
2026-05-07,127,5,2026,0.0,generated,44.4,33.0,generated,Ludhiana,0,7.895,0.0,0.0,0.0,0.0,0.0,0.0,0.0,0.1918,0.0,4.8979,-4.7061,3.10578048583502,31.576,2.56,34.58,1.745,-31.51,0.0
2026-05-08,128,5,2026,0.0,generated,40.4,31.0,generated,Ludhiana,0,6.804,0.0,0.0,0.0,0.0,0.0,0.0,0.0,0.1918,0.0,4.8346,-4.6428,3.094838904708795,31.565,0.0,34.64,1.453,-34.32,0.0
2026-05-09,129,5,2026,1.26,generated,39.1,29.1,generated,Ludhiana,0,6.822,0.0,0.0,0.0,0.0,0.0,0.0,0.0,0.1918,0.3719,4.7684,-4.5766,3.084053354438484,31.554,1.26,34.68,1.102,-33.15,0.0
2026-05-10,130,5,2026,8.99,generated,38.8,30.1,generated,Ludhiana,0,6.42,0.0,0.0,0.0,0.0,0.0,0.0,0.0,0.1918,2.6537,4.6999,-4.5081,3.073429034358417,31.544,10.25,34.86,0.824,-24.26,0.0
2026-05-11,131,5,2026,2.19,generated,37.6,30.4,generated,Ludhiana,0,5.802,0.0,0.0,0.0,0.0,0.0,0.0,0.0,0.1918,0.6464,4.6316,-4.4398,3.0629657324172395,31.533,12.44,35.08,0.608,-22.53,0.0
2026-05-12,132,5,2026,0.0,generated,37.1,27.3,generated,Ludhiana,0,6.547,0.0,0.0,0.0,0.0,0.0,0.0,0.0,0.1918,0.0,4.5618,-4.37,3.0526668909660795,31.523,12.44,35.21,0.378,-22.6,0.0
2026-05-13,133,5,2026,0.0,generated,40.8,32.0,generated,Ludhiana,0,6.738,0.0,0.0,0.0,0.0,0.0,0.0,0.0,0.1918,0.0,4.4903,-4.2985,3.0425366603414448,31.513,12.44,35.38,0.159,-22.6,0.0
2026-05-14,134,5,2026,0.0,generated,42.3,34.0,generated,Ludhiana,0,6.768,0.0,0.0,0.0,0.0,0.0,0.0,0.0,0.1918,0.0,4.4172,-4.2254,3.0325785587771357,31.503,12.44,35.57,0.0,-22.6,0.0
2026-05-15,135,5,2026,0.0,generated,44.6,30.4,generated,Ludhiana,0,8.765,0.0,1.05,0.0,0.0,12.9924,12.9924,4.5649,13.1842,0.0,4.343,8.8412,3.0534146815918173,31.524,12.44,35.94,0.0,-22.6,0.826
2026-05-16,136,5,2026,0.0,generated,44.2,28.6,generated,Ludhiana,0,9.02,0.0,1.05,0.0,0.0,13.3702,13.3702,4.6976,13.562,0.0,4.2849,9.2771,3.075277977400131,31.546,11.18,36.47,0.0,-22.6,0.85
2026-05-17,137,5,2026,0.0,generated,41.8,27.9,generated,Ludhiana,0,8.285,0.0,1.05,0.0,0.0,12.2804,12.2804,4.3147,12.4722,0.0,4.2423,8.2299,3.09467329448421,31.565,2.19,36.9,0.0,-22.6,0.781
2026-05-18,138,5,2026,0.0,generated,41.7,34.0,generated,Ludhiana,0,6.528,0.0,1.05,0.0,0.0,9.6766,9.6766,3.3999,9.8684,0.0,4.2126,5.6558,3.108002423851823,31.578,0.0,37.13,0.0,-22.6,0.615
2026-05-19,139,5,2026,0.0,generated,43.1,31.4,generated,Ludhiana,0,7.973,0.0,1.05,0.0,0.0,11.8179,11.8179,4.1522,12.0097,0.0,4.1911,7.8186,3.1264285219349057,31.597,0.0,37.35,0.0,-22.6,0.751
2026-05-20,140,5,2026,0.0,generated,42.1,29.5,generated,Ludhiana,0,8.068,0.0,1.05,0.0,0.0,11.9589,11.9589,4.2018,12.1507,0.0,4.1801,7.9706,3.145212739489979,31.616,0.0,37.5,0.0,-22.6,0.76
2026-05-21,141,5,2026,0.0,generated,46.2,34.0,generated,Ludhiana,0,8.588,0.0,1.05,0.0,0.0,12.73,12.73,4.4727,12.9218,0.0,4.179,8.7428,3.1658168905997255,31.636,0.0,37.73,0.0,-22.59,0.809
2026-05-22,142,5,2026,0.0,generated,48.4,34.0,generated,Ludhiana,0,9.521,0.0,1.05,0.0,0.0,14.1126,14.1126,4.9585,14.3044,0.0,4.1879,10.1165,3.1896584677423254,31.66,0.0,38.04,0.0,-22.59,0.897
2026-05-23,143,5,2026,0.0,generated,47.2,32.8,generated,Ludhiana,0,9.339,0.0,1.05,0.0,0.0,13.844,13.844,4.8641,14.0358,0.0,4.2078,9.828,3.2128201778358254,31.683,0.0,38.49,0.0,-22.59,0.88
2026-05-24,144,5,2026,3.87,generated,46.2,34.0,generated,Ludhiana,0,8.622,0.0,1.05,0.0,0.0,7.4868,7.4868,2.6305,7.6786,1.1423,4.2373,3.4413,3.2209302200972703,31.691,3.87,38.84,0.0,-18.19,0.476
2026-05-25,145,5,2026,0.0,generated,47.8,34.0,generated,Ludhiana,0,9.308,0.0,1.05,0.0,0.0,13.798,13.798,4.8479,13.9898,0.0,4.2683,9.7215,3.243840968125443,31.714,3.87,39.25,0.0,-17.84,0.877
2026-05-26,146,5,2026,0.0,generated,48.2,29.7,generated,Ludhiana,0,10.432,0.0,1.05,0.0,0.0,15.4631,15.4631,5.433,15.6549,0.0,4.3078,11.3471,3.2705826731049643,31.741,3.87,39.87,0.0,-17.84,0.983
2026-05-27,147,5,2026,0.0,generated,49.2,34.0,generated,Ludhiana,0,9.908,0.0,1.05,0.0,0.0,14.6872,14.6872,5.1604,14.879,0.0,4.3574,10.5216,3.295379008975964,31.766,3.87,40.4,0.0,-17.84,0.934
2026-05-28,148,5,2026,0.0,generated,42.8,23.9,generated,Ludhiana,0,9.524,0.0,1.05,0.0,0.0,14.1178,14.1178,4.9603,14.3096,0.0,4.415,9.8946,3.3186976313347443,31.789,3.87,40.91,0.0,-17.84,0.897
2026-05-29,149,5,2026,0.0,generated,36.4,22.7,generated,Ludhiana,0,7.514,0.0,1.05,0.0,0.0,11.1381,11.1381,3.9134,11.3299,0.0,4.4791,6.8508,3.3348428138117483,31.805,3.87,41.11,0.0,-17.84,0.708
2026-05-30,150,5,2026,0.0,generated,36.4,22.9,generated,Ludhiana,0,7.482,0.0,1.05,0.0,0.0,11.0904,11.0904,3.8966,11.2822,0.0,4.5452,6.737,3.3507199087590536,31.821,3.87,41.3,0.0,-17.85,0.705
2026-05-31,151,5,2026,0.0,generated,36.4,21.3,generated,Ludhiana,0,7.786,0.0,1.05,0.0,0.0,11.5419,11.5419,4.0553,11.7337,0.0,4.6128,7.1209,3.3675017065040054,31.838,0.0,41.47,0.0,-20.4,0.734
2026-06-01,152,6,2026,0.0,generated,33.5,17.7,generated,Ludhiana,0,7.416,0.0,1.052,0.0,0.0,11.0123,11.0123,3.8692,11.2041,0.0,4.6823,6.5218,3.3828715631545387,31.853,0.0,41.56,0.0,-20.4,0.7
2026-06-02,153,6,2026,0.0,generated,36.5,24.0,generated,Ludhiana,0,7.309,0.0,1.055,0.0,0.0,10.8908,10.8908,3.8265,11.0826,0.0,4.7528,6.3298,3.397789104895077,31.868,0.0,41.68,0.0,-20.4,0.692
2026-06-03,154,6,2026,0.0,generated,36.2,29.6,generated,Ludhiana,0,5.608,0.0,1.059,0.0,0.0,8.3852,8.3852,2.9462,8.577,0.0,4.8237,3.7533,3.4066344460368243,31.877,0.0,41.72,0.0,-19.71,0.533
2026-06-04,155,6,2026,0.0,generated,36.2,32.2,generated,Ludhiana,0,4.481,0.0,1.063,0.0,0.0,6.7229,6.7229,2.3621,6.9147,0.0,4.8917,2.023,3.411401963148752,31.882,0.0,41.59,0.0,-19.61,0.427
2026-06-05,156,6,2026,15.4,generated,34.9,24.5,generated,Ludhiana,0,6.605,0.0,1.066,0.0,0.0,0.0,0.0,0.0,0.1918,12.5009,4.9547,-4.7629,3.400177237154103,31.871,15.4,41.35,0.0,-5.48,0.0
2026-06-06,157,6,2026,0.0,generated,33.3,20.4,generated,Ludhiana,0,6.919,0.0,1.07,0.0,0.0,10.4509,10.4509,3.6719,10.6427,0.0,5.0149,5.6278,3.4134403522633376,31.884,15.4,40.98,0.0,-5.48,0.664
2026-06-07,158,6,2026,0.0,generated,35.3,23.6,generated,Ludhiana,0,6.977,0.0,1.074,0.0,0.0,10.5742,10.5742,3.7153,10.766,0.0,5.0757,5.6903,3.42685056671302,31.897,15.4,40.81,0.0,-5.48,0.672
2026-06-08,159,6,2026,0.0,generated,35.6,24.2,generated,Ludhiana,0,6.956,0.0,1.077,0.0,0.0,10.5783,10.5783,3.7167,10.7701,0.0,5.1373,5.6328,3.440125298162978,31.911,15.4,40.69,0.0,-6.74,0.672
2026-06-09,160,6,2026,0.0,generated,35.5,26.6,generated,Ludhiana,0,6.297,0.0,1.081,0.0,0.0,9.6088,9.6088,3.3761,9.8006,0.0,5.1995,4.6011,3.45096880736095,31.921,15.4,40.58,0.0,-15.73,0.611
2026-06-10,161,6,2026,0.0,generated,34.8,27.6,generated,Ludhiana,0,5.683,0.0,1.085,0.0,0.0,8.7019,8.7019,3.0574,8.8937,0.0,5.2607,3.633,3.4595307885742956,31.93,15.4,40.49,0.0,-17.92,0.553
2026-06-11,162,6,2026,0.0,generated,36.3,20.3,generated,Ludhiana,0,7.974,0.0,1.088,0.0,0.0,12.2498,12.2498,4.304,12.4416,0.0,5.3197,7.1219,3.476314960500963,31.947,15.4,40.46,0.0,-17.92,0.779
2026-06-12,163,6,2026,0.0,generated,37.6,25.3,generated,Ludhiana,0,7.472,0.0,1.092,0.0,0.0,11.5164,11.5164,4.0463,11.7082,0.0,5.3813,6.3269,3.4912255633932907,31.962,0.0,40.36,0.0,-17.92,0.732
2026-06-13,164,6,2026,26.04,generated,34.6,24.8,generated,Ludhiana,0,6.434,0.0,1.095,0.0,0.0,0.0,0.0,0.0,0.1918,21.1379,5.4442,-5.2524,3.478847139409501,31.949,26.04,40.1,0.0,5.95,0.0
2026-06-14,165,6,2026,1.1,generated,35.1,21.0,generated,Ludhiana,0,7.451,0.0,1.099,0.0,0.0,10.0222,10.0222,3.5213,10.214,0.8929,5.5113,4.7027,3.4899299259159133,31.96,27.14,39.78,0.0,6.96,0.637
2026-06-15,166,6,2026,0.0,generated,31.4,18.2,generated,Ludhiana,0,6.7,0.0,1.103,0.0,0.0,10.4298,10.4298,3.6645,10.6216,0.0,5.5785,5.0431,3.5018151038182883,31.972,27.14,39.36,0.0,6.98,0.663
2026-06-16,167,6,2026,0.0,generated,33.1,19.2,generated,Ludhiana,0,7.094,0.0,1.106,0.0,0.0,11.0799,11.0799,3.8929,11.2717,0.0,5.6453,5.6264,3.515074886698671,31.985,27.14,39.07,0.0,6.98,0.704
2026-06-17,168,6,2026,0.0,generated,34.5,23.7,generated,Ludhiana,0,6.673,0.0,1.11,0.0,0.0,10.4574,10.4574,3.6742,10.6492,0.0,5.7125,4.9367,3.5267090926937064,31.997,27.14,38.83,0.0,7.5,0.665
2026-06-18,169,6,2026,0.51,generated,35.3,21.3,generated,Ludhiana,0,7.469,0.0,1.114,0.0,0.0,11.025,11.025,3.8736,11.2168,0.414,5.7793,5.4375,3.5395237431846387,32.01,27.65,38.57,0.0,8.43,0.701
2026-06-19,170,6,2026,0.0,generated,31.8,22.5,generated,Ludhiana,0,5.936,0.0,1.117,0.0,0.0,9.362,9.362,3.2894,9.5538,0.0,5.8464,3.7074,3.5482608954068455,32.019,27.65,38.22,0.0,8.44,0.595
2026-06-20,171,6,2026,0.0,generated,27.6,11.9,generated,Ludhiana,0,6.442,0.0,1.121,0.0,0.0,10.1942,10.1942,3.5817,10.386,0.0,5.9113,4.4747,3.558806330770169,32.029,1.61,37.6,0.0,8.44,0.648
2026-06-21,172,6,2026,0.0,generated,27.2,11.7,generated,Ludhiana,0,6.349,0.0,1.125,0.0,0.0,10.0799,10.0799,3.5416,10.2717,0.0,5.9751,4.2966,3.568932046443229,32.039,0.51,36.9,0.0,8.44,0.641
2026-06-22,173,6,2026,0.0,generated,28.3,21.0,generated,Ludhiana,0,4.965,0.0,1.128,0.0,0.0,7.9077,7.9077,2.7784,8.0995,0.0,6.0376,2.0619,3.5737912630781166,32.044,0.51,36.27,0.0,8.5,0.503
2026-06-23,174,6,2026,0.0,generated,27.0,17.9,generated,Ludhiana,0,5.255,0.0,1.132,0.0,0.0,8.3969,8.3969,2.9503,8.5887,0.0,6.0959,2.4928,3.579666007607434,32.05,0.51,35.63,0.0,4.66,0.534
2026-06-24,175,6,2026,0.21,generated,25.8,14.2,generated,Ludhiana,0,5.571,0.0,1.135,0.0,0.0,8.634,8.634,3.0336,8.8258,0.1705,6.1509,2.6749,3.5859699963994713,32.056,0.72,34.89,0.0,4.95,0.549
2026-06-25,176,6,2026,0.0,generated,28.4,19.8,generated,Ludhiana,0,5.316,0.0,1.139,0.0,0.0,8.5481,8.5481,3.0034,8.7399,0.0,6.2031,2.5368,3.5919483771274763,32.062,0.21,34.23,0.0,4.97,0.543
2026-06-26,177,6,2026,1.69,generated,25.6,16.3,generated,Ludhiana,0,5.111,0.0,1.143,0.0,0.0,5.891,5.891,2.0698,6.0828,1.3719,6.2525,-0.1697,3.5915483308947,32.062,1.9,33.45,0.0,6.53,0.374
2026-06-27,178,6,2026,1.02,generated,31.4,22.0,generated,Ludhiana,0,5.898,0.0,1.146,0.0,0.0,8.1175,8.1175,2.8521,8.3093,0.828,6.2969,2.0124,3.5962909023388296,32.067,2.92,33.07,0.0,7.48,0.516
2026-06-28,179,6,2026,4.85,generated,34.0,17.6,generated,Ludhiana,0,7.63,0.0,1.15,0.0,0.0,5.8066,5.8066,2.0402,5.9984,3.937,6.3391,-0.3407,3.5954880468192534,32.066,7.77,32.99,0.0,11.93,0.369
2026-06-29,180,6,2026,0.0,generated,35.8,26.6,generated,Ludhiana,0,6.42,0.0,1.154,0.0,0.0,10.4557,10.4557,3.6736,10.6475,0.0,6.3788,4.2687,3.605548085765765,32.076,7.77,32.97,0.0,12.24,0.665
2026-06-30,181,6,2026,0.0,generated,37.0,26.6,generated,Ludhiana,0,6.906,0.0,1.157,0.0,0.0,11.2828,11.2828,3.9642,11.4746,0.0,6.4191,5.0555,3.61746243399811,32.088,7.77,32.99,0.0,12.34,0.717
2026-07-01,182,7,2026,6.9,generated,35.4,28.9,generated,Ludhiana,0,5.495,0.0,1.161,0.0,0.0,0.0,0.0,0.0,0.1918,5.6011,6.4609,-6.2691,3.6026881659289116,32.073,14.46,33.05,0.0,19.07,0.0
2026-07-02,183,7,2026,0.0,generated,35.4,27.3,generated,Ludhiana,0,6.033,0.0,1.165,0.0,0.0,9.918,9.918,3.4847,10.1098,0.0,6.4938,3.616,3.611210000322223,32.082,14.46,33.01,0.0,19.08,0.63
2026-07-03,184,7,2026,0.0,generated,35.2,28.7,generated,Ludhiana,0,5.467,0.0,1.168,0.0,0.0,9.0155,9.0155,3.1676,9.2073,0.0,6.5271,2.6802,3.617526522768161,32.088,12.77,32.98,0.0,19.09,0.573
2026-07-04,185,7,2026,0.83,generated,37.6,33.6,generated,Ludhiana,0,4.6,0.0,1.172,0.0,0.0,6.4458,6.4458,2.2647,6.6376,0.6738,6.5593,0.0783,3.617711043830421,32.088,12.58,33.03,0.0,19.86,0.41
2026-07-05,186,7,2026,0.0,generated,37.2,29.6,generated,Ludhiana,0,6.075,0.0,1.175,0.0,0.0,10.0811,10.0811,3.542,10.2729,0.0,6.5878,3.6851,3.626395810773494,32.097,7.73,33.1,0.0,4.46,0.641
2026-07-06,187,7,2026,0.0,generated,36.8,30.4,generated,Ludhiana,0,5.592,0.0,1.179,0.0,0.0,9.3088,9.3088,3.2707,9.5006,0.0,6.6169,2.8837,3.6331918086715445,32.104,7.73,33.22,0.0,4.46,0.592
2026-07-07,188,7,2026,0.0,generated,35.6,22.8,generated,Ludhiana,0,7.226,0.0,1.183,0.0,0.0,12.065,12.065,4.2391,12.2568,0.0,6.6456,5.6112,3.6464157372821027,32.117,7.73,33.23,0.0,4.68,0.767
2026-07-08,189,7,2026,0.4,generated,36.0,29.5,generated,Ludhiana,0,5.533,0.0,1.186,0.0,0.0,8.7046,8.7046,3.0584,8.8964,0.3247,6.6774,2.219,3.651645164911042,32.122,1.23,33.24,0.0,5.05,0.553
2026-07-09,190,7,2026,0.02,generated,36.7,30.4,generated,Ludhiana,0,5.529,0.0,1.19,0.0,0.0,9.26,9.26,3.2535,9.4518,0.0162,6.7079,2.7439,3.6581116683894104,32.128,1.25,33.28,0.0,5.13,0.589
2026-07-10,191,7,2026,0.0,generated,34.6,25.5,generated,Ludhiana,0,6.186,0.0,1.194,0.0,0.0,10.424,10.424,3.6625,10.6158,0.0,6.7376,3.8782,3.6672515076555627,32.138,1.25,33.28,0.0,5.68,0.663
2026-07-11,192,7,2026,0.0,generated,36.3,25.9,generated,Ludhiana,0,6.751,0.0,1.197,0.0,0.0,11.4115,11.4115,4.0094,11.6033,0.0,6.7679,4.8354,3.678647096975811,32.149,0.42,33.28,0.0,5.73,0.725
2026-07-12,193,7,2026,0.0,generated,34.9,23.8,generated,Ludhiana,0,6.718,0.0,1.2,0.0,0.0,11.3813,11.3813,3.9988,11.5731,0.0,6.8001,4.773,3.6898956224982253,32.16,0.42,33.19,0.0,6.67,0.723
2026-07-13,194,7,2026,0.22,generated,34.2,28.8,generated,Ludhiana,0,4.894,0.0,1.2,0.0,0.0,7.9811,7.9811,2.8042,8.1729,0.1786,6.8339,1.339,3.693051248655202,32.163,0.64,33.17,0.0,-19.13,0.507
2026-07-14,195,7,2026,0.45,generated,33.5,27.0,generated,Ludhiana,0,5.227,0.0,1.2,0.0,0.0,8.2226,8.2226,2.889,8.4144,0.3653,6.8647,1.5497,3.6967033689993847,32.167,1.09,33.12,0.0,-19.19,0.523
2026-07-15,196,7,2026,1.15,generated,34.0,25.7,generated,Ludhiana,0,5.851,0.0,1.2,0.0,0.0,8.3032,8.3032,2.9173,8.495,0.9335,6.8932,1.6018,3.700478236208998,32.171,1.84,33.21,0.0,-17.78,0.528
2026-07-16,197,7,2026,5.08,generated,35.8,27.1,generated,Ludhiana,0,6.184,0.0,1.2,0.0,0.0,3.5952,3.5952,1.2632,3.787,4.1237,6.9202,-3.1332,3.6930942764626047,32.163,6.9,33.3,0.0,-13.01,0.229
2026-07-17,198,7,2026,19.76,generated,35.2,27.0,generated,Ludhiana,0,5.953,0.0,1.2,0.0,0.0,0.0,0.0,0.0,0.1918,16.0401,6.9422,-6.7504,3.6771857112218287,32.148,26.66,33.32,0.0,5.12,0.0
2026-07-18,199,7,2026,0.03,generated,35.1,29.0,generated,Ludhiana,0,5.227,0.0,1.2,0.0,0.0,8.8124,8.8124,3.0962,9.0042,0.0244,6.9652,2.039,3.68199096538251,32.152,26.69,33.31,0.0,4.81,0.56
2026-07-19,200,7,2026,0.03,generated,35.7,28.7,generated,Ludhiana,0,5.608,0.0,1.2,0.0,0.0,9.4583,9.4583,3.3232,9.6501,0.0244,6.9875,2.6626,3.6882658173838854,32.159,26.72,33.44,0.0,4.85,0.601
2026-07-20,201,7,2026,1.91,generated,38.5,29.8,generated,Ludhiana,0,6.487,0.0,1.2,0.0,0.0,8.3335,8.3335,2.928,8.5253,1.5504,7.01,1.5153,3.6918370194749897,32.162,28.41,33.81,0.0,6.6,0.53
2026-07-21,202,7,2026,6.67,generated,40.3,33.6,generated,Ludhiana,0,5.99,0.0,1.2,0.0,0.0,1.2338,1.2338,0.4335,1.4256,5.4144,7.0322,-5.6066,3.6786238846821497,32.149,34.63,34.24,0.0,12.77,0.078
2026-07-22,203,7,2026,2.4,generated,39.7,33.3,generated,Ludhiana,0,5.797,0.0,1.2,0.0,0.0,6.4978,6.4978,2.283,6.6896,1.9482,7.0483,-0.3587,3.6777785938297023,32.148,35.88,34.62,0.0,15.26,0.413
2026-07-23,204,7,2026,0.0,generated,36.8,29.3,generated,Ludhiana,0,5.867,0.0,1.2,0.0,0.0,9.9398,9.9398,3.4924,10.1316,0.0,7.0627,3.0689,3.6850110410738606,32.155,30.8,34.95,0.0,15.43,0.632
2026-07-24,205,7,2026,12.12,generated,34.5,26.0,generated,Ludhiana,0,5.892,0.0,1.2,0.0,0.0,0.0,0.0,0.0,0.1918,9.8384,7.0785,-6.8867,3.668781066044681,32.139,23.16,35.24,0.0,26.34,0.0
2026-07-25,206,7,2026,6.09,generated,34.4,27.4,generated,Ludhiana,0,5.41,0.0,1.2,0.0,0.0,0.9868,0.9868,0.3467,1.1786,4.9435,7.091,-5.9124,3.654847423576262,32.125,29.22,35.44,0.0,31.93,0.063
2026-07-26,207,7,2026,0.0,generated,31.2,25.5,generated,Ludhiana,0,4.618,0.0,1.2,0.0,0.0,7.8235,7.8235,2.7488,8.0153,0.0,7.0976,0.9177,3.6570102756854266,32.127,29.19,35.63,0.0,30.24,0.497
2026-07-27,208,7,2026,0.0,generated,32.2,25.5,generated,Ludhiana,0,5.052,0.0,1.2,0.0,0.0,8.5581,8.5581,3.0069,8.7499,0.0,7.1037,1.6462,3.660889874464751,32.131,27.28,35.65,0.0,29.56,0.544
2026-07-28,209,7,2026,0.0,generated,31.4,24.6,generated,Ludhiana,0,4.987,0.0,1.2,0.0,0.0,8.4485,8.4485,2.9684,8.6403,0.0,7.1103,1.53,3.664495615524031,32.135,20.61,35.57,0.0,24.77,0.537
2026-07-29,210,7,2026,0.0,generated,32.4,25.1,generated,Ludhiana,0,5.241,0.0,1.2,0.0,0.0,8.8795,8.8795,3.1198,9.0713,0.0,7.1172,1.9541,3.6691007376020925,32.139,18.21,35.45,0.0,25.67,0.564
2026-07-30,211,7,2026,0.0,generated,32.8,26.6,generated,Ludhiana,0,4.919,0.0,1.2,0.0,0.0,8.3333,8.3333,2.9279,8.5251,0.0,7.125,1.4001,3.672400417266098,32.143,18.21,35.31,0.0,26.12,0.53
2026-07-31,212,7,2026,0.0,generated,33.7,26.8,generated,Ludhiana,0,5.238,0.0,1.2,0.0,0.0,8.8744,8.8744,3.118,9.0662,0.0,7.1326,1.9336,3.6769572298662365,32.147,6.09,35.26,0.0,20.67,0.564
2026-08-01,213,8,2026,0.0,generated,32.6,25.8,generated,Ludhiana,0,5.076,0.0,1.2,0.0,0.0,8.5989,8.5989,3.0212,8.7907,0.0,7.1409,1.6498,3.6808452420200264,32.151,0.0,35.16,0.0,21.23,0.547
2026-08-02,214,8,2026,15.06,generated,33.6,25.4,generated,Ludhiana,0,5.597,0.0,1.2,0.0,0.0,0.0,0.0,0.0,0.1918,12.2249,7.1494,-6.9576,3.664448357890439,32.135,15.06,35.11,0.0,35.07,0.0
2026-08-03,215,8,2026,2.86,generated,32.4,26.8,generated,Ludhiana,0,4.625,0.0,1.2,0.0,0.0,3.8894,3.8894,1.3665,4.0812,2.3216,7.1571,-3.0759,3.65719941601596,32.128,17.92,34.94,0.0,36.98,0.247
2026-08-04,216,8,2026,0.0,generated,31.7,25.2,generated,Ludhiana,0,4.85,0.0,1.2,0.0,0.0,8.2167,8.2167,2.8869,8.4085,0.0,7.1611,1.2474,3.660139258573388,32.131,17.92,34.75,0.0,36.98,0.522
2026-08-05,217,8,2026,0.74,generated,31.6,22.7,generated,Ludhiana,0,5.503,0.0,1.2,0.0,0.0,8.2836,8.2836,2.9105,8.4754,0.6007,7.1653,1.3101,3.6632266667601114,32.134,18.66,34.58,0.0,37.7,0.527
2026-08-06,218,8,2026,1.19,generated,33.5,29.5,generated,Ludhiana,0,4.036,0.0,1.2,0.0,0.0,5.1735,5.1735,1.8177,5.3653,0.966,7.1705,-1.8052,3.6589724049782424,32.129,19.85,34.51,0.0,38.8,0.329
2026-08-07,219,8,2026,0.0,generated,32.7,24.8,generated,Ludhiana,0,5.342,0.0,1.2,0.0,0.0,9.0501,9.0501,3.1798,9.2419,0.0,7.1726,2.0693,3.663849231404681,32.134,19.85,34.4,0.0,38.4,0.575
2026-08-08,220,8,2026,0.0,generated,32.1,24.2,generated,Ludhiana,0,5.26,0.0,1.2,0.0,0.0,8.9103,8.9103,3.1306,9.1021,0.0,7.1761,1.926,3.6683881922633335,32.139,19.85,34.25,0.0,38.38,0.566
2026-08-09,221,8,2026,0.0,generated,35.5,30.5,generated,Ludhiana,0,4.614,0.0,1.2,0.0,0.0,7.8161,7.8161,2.7462,8.0079,0.0,7.1808,0.8271,3.6703373878595738,32.141,4.79,34.28,0.0,38.39,0.497
2026-08-10,222,8,2026,0.0,generated,33.1,25.4,generated,Ludhiana,0,5.288,0.0,1.2,0.0,0.0,8.959,8.959,3.1478,9.1508,0.0,7.1851,1.9657,3.6749700656860838,32.145,1.93,34.17,0.0,38.39,0.569
2026-08-11,223,8,2026,0.47,generated,31.6,27.6,generated,Ludhiana,0,3.829,0.0,1.2,0.0,0.0,5.8261,5.8261,2.047,6.0179,0.3815,7.1903,-1.1724,3.6722070860645606,32.143,2.4,34.06,0.0,38.82,0.37
2026-08-12,224,8,2026,10.02,generated,32.0,20.3,generated,Ludhiana,0,6.055,0.0,1.2,0.0,0.0,0.0,0.0,0.0,0.1918,8.1337,7.1926,-7.0008,3.6557082443811346,32.126,11.68,33.99,0.0,47.89,0.0
2026-08-13,225,8,2026,2.69,generated,32.0,21.8,generated,Ludhiana,0,5.733,0.0,1.2,0.0,0.0,5.9967,5.9967,2.1069,6.1885,2.1836,7.1913,-1.0028,3.653344932422256,32.124,13.18,33.94,0.0,49.9,0.381
2026-08-14,226,8,2026,32.05,generated,33.4,23.3,generated,Ludhiana,0,5.872,0.0,1.2,0.0,0.0,0.0,0.0,0.0,0.1918,26.0165,7.1896,-6.9978,3.6368532115929044,32.107,45.23,33.92,0.0,78.95,0.0
2026-08-15,227,8,2026,7.24,generated,33.1,26.1,generated,Ludhiana,0,5.006,0.0,1.2,0.0,0.0,0.0,0.0,0.0,0.1918,5.8771,7.2003,-7.0085,3.620336237614868,32.091,52.47,33.83,0.0,80.72,0.0
2026-08-16,228,8,2026,0.02,generated,33.6,24.8,generated,Ludhiana,0,5.548,0.0,1.2,0.0,0.0,9.3703,9.3703,3.2923,9.5621,0.0162,7.2057,2.3564,3.625889604060952,32.096,52.49,33.77,0.0,60.98,0.596
2026-08-17,229,8,2026,0.0,generated,34.0,23.8,generated,Ludhiana,0,5.916,0.0,1.2,0.0,0.0,10.0217,10.0217,3.5211,10.2135,0.0,7.2136,2.9999,3.6329594448135745,32.103,52.49,33.74,0.0,60.95,0.637
2026-08-18,230,8,2026,11.29,generated,33.7,25.1,generated,Ludhiana,0,5.472,0.0,1.2,0.0,0.0,0.0,0.0,0.0,0.1918,9.1646,7.2247,-7.0329,3.616385119709148,32.087,63.31,33.67,0.0,71.26,0.0
2026-08-19,231,8,2026,0.0,generated,32.9,23.7,generated,Ludhiana,0,5.509,0.0,1.2,0.0,0.0,9.3332,9.3332,3.2792,9.525,0.0,7.2332,2.2918,3.6217862868418433,32.092,53.29,33.48,0.0,69.35,0.593
2026-08-20,232,8,2026,0.0,generated,33.9,24.6,generated,Ludhiana,0,5.634,0.0,1.2,0.0,0.0,9.5443,9.5443,3.3534,9.7361,0.0,7.244,2.4921,3.627659453579203,32.098,50.6,33.27,0.0,62.69,0.607
2026-08-21,233,8,2026,0.0,generated,34.0,26.2,generated,Ludhiana,0,5.234,0.0,1.2,0.0,0.0,8.8675,8.8675,3.1156,9.0593,0.0,7.2571,1.8022,3.6319066475304886,32.102,18.55,33.08,0.0,60.31,0.564
2026-08-22,234,8,2026,0.0,generated,33.5,25.4,generated,Ludhiana,0,5.243,0.0,1.2,0.0,0.0,8.8819,8.8819,3.1207,9.0737,0.0,7.2714,1.8023,3.63615411247202,32.107,11.31,32.97,0.0,60.31,0.565
2026-08-23,235,8,2026,0.96,generated,33.8,25.2,generated,Ludhiana,0,5.388,0.0,1.2,0.0,0.0,7.7833,7.7833,2.7347,7.9751,0.7793,7.2867,0.6884,3.637776573335803,32.108,12.25,32.95,0.0,49.07,0.495
2026-08-24,236,8,2026,14.96,generated,34.8,30.0,generated,Ludhiana,0,4.256,0.0,1.2,0.0,0.0,0.0,0.0,0.0,0.1918,12.1437,7.302,-7.1102,3.6210200726310067,32.091,27.21,32.96,0.0,58.64,0.0
2026-08-25,237,8,2026,0.0,generated,34.0,25.7,generated,Ludhiana,0,5.293,0.0,1.2,0.0,0.0,8.966,8.966,3.1502,9.1578,0.0,7.3168,1.841,3.6253588600967595,32.096,15.92,33.05,0.0,60.39,0.57
2026-08-26,238,8,2026,0.0,generated,35.7,28.4,generated,Ludhiana,0,5.172,0.0,1.2,0.0,0.0,8.7626,8.7626,3.0788,8.9544,0.0,7.3328,1.6216,3.629180499897369,32.1,15.92,33.17,0.0,61.05,0.557
2026-08-27,239,8,2026,0.0,generated,36.8,27.2,generated,Ludhiana,0,5.902,0.0,1.2,0.0,0.0,9.9988,9.9988,3.5131,10.1906,0.0,7.3496,2.841,3.6358759160707246,32.106,15.92,33.35,0.0,61.05,0.636
2026-08-28,240,8,2026,0.0,generated,36.5,29.5,generated,Ludhiana,0,5.12,0.0,1.2,0.0,0.0,8.6744,8.6744,3.0478,8.8662,0.0,7.3686,1.4976,3.6394052689019416,32.11,15.92,33.49,0.0,61.05,0.551
2026-08-29,241,8,2026,0.0,generated,36.4,29.0,generated,Ludhiana,0,5.212,0.0,1.2,0.0,0.0,8.8297,8.8297,3.1023,9.0215,0.0,7.3879,1.6336,3.6432552823524866,32.114,15.92,33.61,0.0,61.05,0.561
2026-08-30,242,8,2026,0.0,generated,35.4,28.4,generated,Ludhiana,0,4.968,0.0,1.2,0.0,0.0,8.4163,8.4163,2.9571,8.6081,0.0,7.4074,1.2007,3.6460850001816536,32.116,14.96,33.66,0.0,61.13,0.535
2026-08-31,243,8,2026,0.0,generated,35.1,27.4,generated,Ludhiana,0,5.12,0.0,1.2,0.0,0.0,8.6744,8.6744,3.0478,8.8662,0.0,7.4265,1.4397,3.6494778509362575,32.12,0.0,33.75,0.0,63.52,0.551
2026-09-01,244,9,2026,0.0,generated,36.1,25.4,generated,Ludhiana,0,5.949,0.0,1.2,0.0,0.0,10.0774,10.0774,3.5407,10.2692,0.0,7.4456,2.8236,3.6561321570957714,32.127,0.0,33.83,0.0,50.85,0.641
2026-09-02,245,9,2026,0.0,generated,37.6,26.9,generated,Ludhiana,0,6.105,0.0,1.2,0.0,0.0,10.3427,10.3427,3.6339,10.5345,0.0,7.4664,3.0681,3.663362716781388,32.134,0.0,34.0,0.0,48.53,0.657
2026-09-03,246,9,2026,0.0,generated,37.0,29.1,generated,Ludhiana,0,5.306,0.0,1.2,0.0,0.0,8.9884,8.9884,3.1581,9.1802,0.0,7.489,1.6912,3.667348437960298,32.138,0.0,34.18,0.0,53.21,0.571
2026-09-04,247,9,2026,0.0,generated,35.4,23.5,generated,Ludhiana,0,6.023,0.0,1.2,0.0,0.0,10.2038,10.2038,3.5851,10.3956,0.0,7.5113,2.8843,3.67414575181048,32.145,0.0,34.31,0.0,53.02,0.649
2026-09-05,248,9,2026,0.26,generated,35.5,25.8,generated,Ludhiana,0,5.55,0.0,1.2,0.0,0.0,9.0361,9.0361,3.1748,9.2279,0.2111,7.535,1.6929,3.67813550800657,32.149,0.26,34.37,0.0,52.08,0.574
2026-09-06,249,9,2026,1.19,generated,34.6,26.9,generated,Ludhiana,0,4.932,0.0,1.2,0.0,0.0,6.6907,6.6907,2.3508,6.8825,0.966,7.5584,-0.6759,3.6765426163449284,32.147,1.45,34.44,0.0,54.76,0.425
2026-09-07,250,9,2026,1.81,generated,33.7,23.9,generated,Ludhiana,0,5.314,0.0,1.2,0.0,0.0,6.4849,6.4849,2.2785,6.6767,1.4693,7.579,-0.9023,3.674416142406797,32.145,3.26,34.49,0.0,57.0,0.412
2026-09-08,251,9,2026,7.55,generated,35.4,26.3,generated,Ludhiana,0,5.32,0.0,1.2,0.0,0.0,0.0,0.0,0.0,0.1918,6.1287,7.5972,-7.4054,3.656963829300087,32.127,10.81,34.49,0.0,63.92,0.0
2026-09-09,252,9,2026,0.0,generated,36.8,32.0,generated,Ludhiana,0,4.125,0.0,1.2,0.0,0.0,6.9886,6.9886,2.4555,7.1804,0.0,7.6086,-0.4282,3.655954696832703,32.126,10.81,34.61,0.0,63.92,0.444
2026-09-10,253,9,2026,4.18,generated,37.3,29.4,generated,Ludhiana,0,5.16,0.0,1.2,0.0,0.0,3.0372,3.0372,1.0671,3.229,3.3931,7.6178,-4.3888,3.6456115969103022,32.116,14.99,34.8,0.0,67.28,0.193
2026-09-11,254,9,2026,0.0,generated,36.0,27.0,generated,Ludhiana,0,5.281,0.0,1.2,0.0,0.0,8.946,8.946,3.1432,9.1378,0.0,7.6226,1.5152,3.649182369234507,32.12,14.99,34.93,0.0,57.27,0.569
2026-09-12,255,9,2026,0.0,generated,33.7,29.7,generated,Ludhiana,0,3.516,0.0,1.2,0.0,0.0,5.957,5.957,2.093,6.1488,0.0,7.6284,-1.4796,3.6456953356079405,32.116,14.73,34.99,0.0,54.58,0.379
2026-09-13,256,9,2026,0.0,generated,31.3,19.1,generated,Ludhiana,0,5.306,0.0,1.2,0.0,0.0,8.9896,8.9896,3.1585,9.1814,0.0,7.631,1.5504,3.649349047956235,32.12,13.54,34.92,0.0,22.54,0.571
2026-09-14,257,9,2026,0.0,generated,31.0,22.8,generated,Ludhiana,0,4.498,0.0,1.2,0.0,0.0,7.6203,7.6203,2.6774,7.8121,0.0,7.6347,0.1774,3.6497670533752524,32.12,11.73,34.85,0.0,15.3,0.484
2026-09-15,258,9,2026,0.0,generated,30.9,19.9,generated,Ludhiana,0,5.008,0.0,1.2,0.0,0.0,8.4833,8.4833,2.9806,8.6751,0.0,7.6375,1.0376,3.65221237245114,32.123,4.18,34.76,0.0,15.28,0.539
2026-09-16,259,9,2026,0.0,generated,30.2,21.0,generated,Ludhiana,0,4.575,0.0,1.2,0.0,0.0,7.7512,7.7512,2.7234,7.943,0.0,7.6405,0.3025,3.6529251780534158,32.123,4.18,34.63,0.0,15.28,0.493
2026-09-17,260,9,2026,0.0,generated,29.1,20.0,generated,Ludhiana,0,4.416,0.0,1.2,0.0,0.0,7.4803,7.4803,2.6282,7.6721,0.0,7.6428,0.0293,3.652994184647487,32.123,0.0,34.48,0.0,3.99,0.476
2026-09-18,261,9,2026,0.0,generated,29.8,22.9,generated,Ludhiana,0,3.986,0.0,1.2,0.0,0.0,6.752,6.752,2.3723,6.9438,0.0,7.644,-0.7002,3.651344090990788,32.122,0.0,34.38,0.0,3.99,0.429
2026-09-19,262,9,2026,0.04,generated,31.8,21.9,generated,Ludhiana,0,4.8,0.0,1.2,0.0,0.0,8.0759,8.0759,2.8375,8.2677,0.0325,7.6431,0.6246,3.6528161323756714,32.123,0.04,34.31,0.0,4.04,0.513
2026-09-20,263,9,2026,0.0,generated,29.9,21.6,generated,Ludhiana,0,4.262,0.0,1.2,0.0,0.0,7.2206,7.2206,2.537,7.4124,0.0,7.642,-0.2296,3.6522749845764264,32.123,0.04,34.17,0.0,4.04,0.459
2026-09-21,264,9,2026,4.8,generated,30.1,21.5,generated,Ludhiana,0,4.318,0.0,1.2,0.0,0.0,0.7989,0.7989,0.2807,0.9907,3.8964,7.6397,-6.649,3.6366053960550913,32.107,4.84,34.06,0.0,8.44,0.051
2026-09-22,265,9,2026,6.16,generated,31.2,23.8,generated,Ludhiana,0,4.137,0.0,1.2,0.0,0.0,0.0,0.0,0.0,0.1918,5.0004,7.6308,-7.439,3.6190738757069782,32.089,11.0,33.97,0.0,13.13,0.0
2026-09-23,266,9,2026,0.0,generated,33.8,26.2,generated,Ludhiana,0,4.397,0.0,1.2,0.0,0.0,7.4489,7.4489,2.6172,7.6407,0.0,7.6162,0.0245,3.619131728728064,32.09,11.0,33.94,0.0,-1.83,0.474
2026-09-24,267,9,2026,0.0,generated,34.9,23.5,generated,Ludhiana,0,5.263,0.0,1.2,0.0,0.0,8.9156,8.9156,3.1325,9.1074,0.0,7.6017,1.5057,3.6226802407753076,32.093,11.0,33.97,0.0,-1.83,0.567
2026-09-25,268,9,2026,0.0,generated,34.6,23.7,generated,Ludhiana,0,5.109,0.0,1.2,0.0,0.0,8.6549,8.6549,3.0409,8.8467,0.0,7.5895,1.2572,3.6256430495705705,32.096,11.0,33.93,0.0,-1.83,0.55
2026-09-26,269,9,2026,0.0,generated,33.1,23.0,generated,Ludhiana,0,4.773,0.0,1.2,0.0,0.0,8.0853,8.0853,2.8408,8.2771,0.0,7.579,0.6981,3.6272881789650047,32.098,10.96,33.81,0.0,-1.83,0.514
2026-09-27,270,9,2026,0.0,generated,33.1,24.4,generated,Ludhiana,0,4.469,0.0,1.2,0.0,0.0,7.5705,7.5705,2.6599,7.7623,0.0,7.5693,0.193,3.627743085617725,32.098,10.96,33.69,0.0,-1.83,0.481
2026-09-28,271,9,2026,0.0,generated,35.1,26.7,generated,Ludhiana,0,4.565,0.0,1.2,0.0,0.0,7.7329,7.7329,2.717,7.9247,0.0,7.5595,0.3652,3.6286038085233265,32.099,6.16,33.65,0.0,-1.83,0.492
2026-09-29,272,9,2026,0.0,generated,31.2,19.5,generated,Ludhiana,0,4.743,0.0,1.2,0.0,0.0,8.0343,8.0343,2.8229,8.2261,0.0,7.5498,0.6763,3.630197592103612,32.101,0.0,33.51,0.0,-1.83,0.511
2026-09-30,273,9,2026,0.0,generated,31.0,23.7,generated,Ludhiana,0,3.894,0.0,1.2,0.0,0.0,6.5972,6.5972,2.3179,6.789,0.0,7.5407,-0.7517,3.6284261090046153,32.099,0.0,33.37,0.0,-1.83,0.419
2026-10-01,274,10,2026,0.0,generated,33.1,20.0,generated,Ludhiana,0,5.091,0.0,1.2,0.0,0.0,8.6242,8.6242,3.0301,8.816,0.0,7.5301,1.2859,3.631456651987272,32.102,0.0,33.27,0.0,-1.83,0.548
2026-10-02,275,10,2026,0.0,generated,33.3,22.5,generated,Ludhiana,0,4.732,0.0,1.2,0.0,0.0,8.0156,8.0156,2.8163,8.2074,0.0,7.5208,0.6866,3.633074799717853,32.103,0.0,33.13,0.0,-1.83,0.51
