{
"type": "FeatureCollection",
"name": "District Boundary",
"crs": { "type": "name", "properties": { "name": "urn:ogc:def:crs:OGC:1.3:CRS84" } },
"features": [
{ "type": "Feature", "properties": { "District": "Amritsar", "State": "PB", "st_area_shape_": 2620704386.8549228 }, "geometry": { "type": "Polygon", "coordinates": [ [ [ 74.88987214, 32.05519697 ], [ 74.88856309, 32.0526046 ], [ 74.87954869, 32.0537956 ], [ 74.86924231, 32.04282536 ], [ 74.87993403, 32.03200133 ], [ 74.8690037, 32.02211065 ], [ 74.86922166, 32.02797943 ], [ 74.86552373, 32.03042545 ], [ 74.86270336, 32.02953404 ], [ 74.8656223, 32.02322004 ], [ 74.84835503, 32.02047242 ], [ 74.85317424, 32.01354098 ], [ 74.84678384, 32.00831991 ], [ 74.83896938, 32.00844258 ], [ 74.82888874, 31.99861289 ], [ 74.83136083, 31.98085017 ], [ 74.81900932, 31.95873533 ], [ 74.80616047, 31.96284946 ], [ 74.8023767, 31.95784222 ], [ 74.78148074, 31.95570649 ], [ 74.76844796, 31.94768931 ], [ 74.75559337, 31.9557542 ], [ 74.75657155, 31.9437001 ], [ 74.74320861, 31.93958747 ], [ 74.73430031, 31.94514705 ], [ 74.7309098, 31.94100199 ], [ 74.72016504, 31.9414279 ], [ 74.71404999, 31.93230734 ], [ 74.7192382, 31.92369089 ], [ 74.70652725, 31.92117678 ], [ 74.69860402, 31.92628352 ], [ 74.67719995, 31.9261385 ], [ 74.67429617, 31.91864703 ], [ 74.66676721, 31.92267854 ], [ 74.66834565, 31.91787441 ], [ 74.66040093, 31.91354074 ], [ 74.65763544, 31.90188198 ], [ 74.65436307, 31.89960897 ], [ 74.6509293, 31.90215463 ], [ 74.636309, 31.88422179 ], [ 74.62935808, 31.88212426 ], [ 74.61583026, 31.88967018 ], [ 74.60786215, 31.89038596 ], [ 74.60735612, 31.88202642 ], [ 74.61006254, 31.87852226 ], [ 74.60663414, 31.86852782 ], [ 74.59720779, 31.86738194 ], [ 74.59062871, 31.84857974 ], [ 74.58333182, 31.85187574 ], [ 74.57212738, 31.83882123 ], [ 74.57044213, 31.82811754 ], [ 74.57306499, 31.81601205 ], [ 74.55791816, 31.80476037 ], [ 74.56711923, 31.7963998 ], [ 74.55561463, 31.79135206 ], [ 74.55140517, 31.77897494 ], [ 74.55686966, 31.77049497 ], [ 74.55489897, 31.76693232 ], [ 74.56179159, 31.76330467 ], [ 74.55940086, 31.75787562 ], [ 74.54732635, 31.75215713 ], [ 74.54743346, 31.74934699 ], [ 74.53092874, 31.74779026 ], [ 74.51386707, 31.74012298 ], [ 74.50370384, 31.74047762 ], [ 74.50300524, 31.72852387 ], [ 74.48808462, 31.72003701 ], [ 74.48660579, 31.71503089 ], [ 74.49932394, 31.70946087 ], [ 74.50342357, 31.70265427 ], [ 74.50195448, 31.69575742 ], [ 74.52411171, 31.68697739 ], [ 74.53504361, 31.67726019 ], [ 74.52876922, 31.66658626 ], [ 74.54023395, 31.66003873 ], [ 74.53730135, 31.653278 ], [ 74.54109274, 31.64674795 ], [ 74.54484777, 31.64845599 ], [ 74.54665863, 31.64566493 ], [ 74.54634502, 31.63317946 ], [ 74.55167981, 31.62361322 ], [ 74.55106149, 31.61762326 ], [ 74.55627208, 31.6113434 ], [ 74.55531664, 31.60784039 ], [ 74.57534063, 31.60387441 ], [ 74.57849885, 31.59963496 ], [ 74.57498099, 31.59750871 ], [ 74.58080438, 31.59419031 ], [ 74.5809217, 31.58725621 ], [ 74.58577575, 31.58514052 ], [ 74.58555588, 31.58146898 ], [ 74.59227968, 31.57411113 ], [ 74.6110591, 31.56713951 ], [ 74.61551188, 31.56900564 ], [ 74.60682722, 31.56303588 ], [ 74.61614952, 31.55739606 ], [ 74.61865037, 31.55161954 ], [ 74.61444922, 31.55108623 ], [ 74.61277686, 31.52720959 ], [ 74.60407287, 31.52411188 ], [ 74.59595878, 31.52603088 ], [ 74.58431084, 31.52086741 ], [ 74.58025944, 31.51148221 ], [ 74.58403584, 31.50694881 ], [ 74.58005426, 31.50714047 ], [ 74.587202, 31.50426623 ], [ 74.58115317, 31.49898395 ], [ 74.57541318, 31.5015509 ], [ 74.57788914, 31.49855876 ], [ 74.59336785, 31.496298 ], [ 74.59487314, 31.50152429 ], [ 74.61397861, 31.49934769 ], [ 74.61805772, 31.51046946 ], [ 74.62425542, 31.51173309 ], [ 74.62902726, 31.5171159 ], [ 74.62642306, 31.52514938 ], [ 74.64925041, 31.54040377 ], [ 74.66826237, 31.53274661 ], [ 74.67007304, 31.53995057 ], [ 74.67483709, 31.54188429 ], [ 74.67531527, 31.54799293 ], [ 74.68001562, 31.55016911 ], [ 74.68936251, 31.5476408 ], [ 74.6976531, 31.53939597 ], [ 74.70690426, 31.53940852 ], [ 74.71158294, 31.55034533 ], [ 74.71507373, 31.5528555 ], [ 74.71734272, 31.55054504 ], [ 74.72957523, 31.56338305 ], [ 74.73785272, 31.56516949 ], [ 74.7461982, 31.559311 ], [ 74.75389405, 31.55835059 ], [ 74.75479299, 31.56017348 ], [ 74.7508754, 31.56056672 ], [ 74.75290346, 31.56579134 ], [ 74.77325413, 31.55953312 ], [ 74.77976721, 31.56615099 ], [ 74.78491322, 31.5620538 ], [ 74.79374018, 31.57105382 ], [ 74.79835223, 31.56894764 ], [ 74.79868784, 31.56239831 ], [ 74.80472161, 31.55825609 ], [ 74.81102557, 31.55660613 ], [ 74.81321259, 31.55980974 ], [ 74.81891908, 31.55656525 ], [ 74.81710246, 31.54442385 ], [ 74.82296237, 31.53668056 ], [ 74.83066213, 31.53898638 ], [ 74.84461616, 31.53103823 ], [ 74.86713574, 31.53861447 ], [ 74.87797205, 31.53778374 ], [ 74.87941873, 31.54514106 ], [ 74.88902881, 31.55441789 ], [ 74.89899874, 31.55282409 ], [ 74.89704447, 31.52993213 ], [ 74.90131483, 31.52378837 ], [ 74.91585586, 31.52759066 ], [ 74.93738421, 31.52353656 ], [ 74.94074236, 31.52122396 ], [ 74.94072683, 31.5108215 ], [ 74.93822873, 31.50942085 ], [ 74.95259716, 31.49680321 ], [ 74.95743268, 31.49733802 ], [ 74.96503111, 31.51411958 ], [ 74.97724057, 31.51274049 ], [ 74.97722069, 31.51669738 ], [ 74.97304543, 31.51849181 ], [ 74.98199002, 31.52680652 ], [ 74.9862053, 31.52027419 ], [ 74.99011474, 31.51962798 ], [ 74.98695707, 31.51669392 ], [ 74.99252475, 31.50431146 ], [ 75.0086155, 31.52537377 ], [ 75.0175048, 31.5233018 ], [ 75.02304586, 31.52740343 ], [ 75.03584735, 31.52717269 ], [ 75.03929227, 31.52375575 ], [ 75.04205001, 31.52492779 ], [ 75.04825971, 31.51696585 ], [ 75.07049507, 31.52878881 ], [ 75.08746589, 31.52034803 ], [ 75.10471029, 31.5233167 ], [ 75.10952644, 31.51265733 ], [ 75.11476567, 31.50983439 ], [ 75.12459294, 31.49524678 ], [ 75.13799388, 31.50833507 ], [ 75.14736766, 31.5059188 ], [ 75.16158621, 31.51100149 ], [ 75.16782012, 31.51608067 ], [ 75.16783951, 31.52441541 ], [ 75.17831872, 31.52960848 ], [ 75.19020965, 31.52149814 ], [ 75.18738152, 31.51823647 ], [ 75.18947951, 31.51530178 ], [ 75.18302721, 31.50874839 ], [ 75.19507852, 31.49985697 ], [ 75.20176533, 31.50401673 ], [ 75.20792337, 31.49719022 ], [ 75.22841349, 31.49138807 ], [ 75.23349109, 31.49892338 ], [ 75.24061912, 31.49825256 ], [ 75.25051258, 31.50246014 ], [ 75.29048344, 31.49123145 ], [ 75.31783322, 31.52684111 ], [ 75.3166417, 31.52864677 ], [ 75.33721946, 31.55108202 ], [ 75.34306173, 31.55595273 ], [ 75.3453239, 31.55419003 ], [ 75.35869352, 31.56847201 ], [ 75.3747302, 31.57897034 ], [ 75.39600453, 31.58057651 ], [ 75.40426193, 31.59360978 ], [ 75.37264724, 31.62463053 ], [ 75.36212836, 31.62592719 ], [ 75.3449584, 31.63684531 ], [ 75.3413708, 31.63562102 ], [ 75.33870513, 31.64123951 ], [ 75.32715386, 31.63543113 ], [ 75.29969454, 31.65477078 ], [ 75.31323343, 31.66738873 ], [ 75.3066447, 31.67545017 ], [ 75.30100121, 31.67488178 ], [ 75.29747964, 31.68117133 ], [ 75.28428586, 31.68185025 ], [ 75.28679433, 31.6929715 ], [ 75.28493077, 31.69845463 ], [ 75.26135237, 31.69208929 ], [ 75.24808002, 31.69194142 ], [ 75.24645263, 31.68859355 ], [ 75.24268085, 31.69024223 ], [ 75.24032083, 31.68336885 ], [ 75.23515668, 31.68696435 ], [ 75.22759868, 31.68411819 ], [ 75.22725679, 31.69164484 ], [ 75.21292955, 31.69583041 ], [ 75.21315025, 31.70537401 ], [ 75.19390627, 31.71106119 ], [ 75.19369587, 31.71762004 ], [ 75.20028453, 31.71802875 ], [ 75.20372955, 31.72207306 ], [ 75.20113949, 31.72478335 ], [ 75.20277293, 31.73067887 ], [ 75.19671565, 31.73418752 ], [ 75.18798814, 31.73393685 ], [ 75.18953047, 31.74108738 ], [ 75.18665158, 31.74251869 ], [ 75.18420074, 31.73905997 ], [ 75.17380627, 31.74893864 ], [ 75.16515268, 31.74587738 ], [ 75.1552954, 31.74690291 ], [ 75.1444343, 31.75897359 ], [ 75.13750117, 31.75195591 ], [ 75.12374775, 31.75668082 ], [ 75.11676663, 31.75302553 ], [ 75.10488844, 31.7550399 ], [ 75.09975705, 31.76431628 ], [ 75.10665972, 31.76547699 ], [ 75.10878529, 31.77355224 ], [ 75.11351545, 31.77747779 ], [ 75.11134274, 31.78160024 ], [ 75.10265528, 31.78240768 ], [ 75.09072131, 31.79156428 ], [ 75.08258153, 31.79222465 ], [ 75.08028617, 31.80117057 ], [ 75.07064641, 31.80770531 ], [ 75.06177413, 31.80735851 ], [ 75.06120878, 31.80999417 ], [ 75.03991296, 31.80263755 ], [ 75.03150853, 31.81475933 ], [ 75.02901233, 31.81272955 ], [ 75.02357806, 31.81666019 ], [ 75.02783423, 31.81816482 ], [ 75.02802916, 31.82299848 ], [ 75.01282097, 31.82057444 ], [ 75.00040074, 31.83296472 ], [ 74.99277505, 31.83105071 ], [ 74.9834956, 31.83646406 ], [ 74.96911247, 31.83140237 ], [ 74.96204583, 31.84071391 ], [ 74.96438277, 31.84350228 ], [ 74.96197763, 31.85401306 ], [ 74.94190161, 31.86081627 ], [ 74.94437472, 31.87042109 ], [ 74.93693618, 31.86738124 ], [ 74.91651693, 31.87926748 ], [ 74.91936112, 31.89268379 ], [ 74.91177333, 31.8911342 ], [ 74.906554, 31.89468083 ], [ 74.90756406, 31.89807515 ], [ 74.90224561, 31.90216663 ], [ 74.90284038, 31.90748405 ], [ 74.88841874, 31.92737755 ], [ 74.88940727, 31.93154921 ], [ 74.89238627, 31.93385823 ], [ 74.89694139, 31.93264814 ], [ 74.89653512, 31.92992812 ], [ 74.90170146, 31.93144997 ], [ 74.91413672, 31.94193589 ], [ 74.92594263, 31.94137622 ], [ 74.92877004, 31.93858262 ], [ 74.93866633, 31.94139057 ], [ 74.94199598, 31.94315323 ], [ 74.9375588, 31.94605616 ], [ 74.94278024, 31.94957392 ], [ 74.95422353, 31.95469379 ], [ 74.96045813, 31.95351838 ], [ 74.9718219, 31.96029393 ], [ 74.97375395, 31.97465601 ], [ 74.94844298, 31.97039917 ], [ 74.94754448, 31.96551736 ], [ 74.93910393, 31.96254491 ], [ 74.91735276, 31.97513584 ], [ 74.91998149, 31.9826568 ], [ 74.91686256, 31.98846332 ], [ 74.92077103, 32.00257032 ], [ 74.93542486, 32.01211338 ], [ 74.92933531, 32.01867039 ], [ 74.9226105, 32.03923633 ], [ 74.90842865, 32.05143196 ], [ 74.88987214, 32.05519697 ] ] ] } },
{ "type": "Feature", "properties": { "District": "Bathinda", "State": "PB", "st_area_shape_": 3291868958.3580546 }, "geometry": { "type": "Polygon", "coordinates": [ [ [ 75.15435406, 30.57667578 ], [ 75.14573916, 30.58238622 ], [ 75.12162374, 30.56324382 ], [ 75.13073667, 30.53780396 ], [ 75.13116108, 30.52746951 ], [ 75.12816348, 30.52235524 ], [ 75.12196887, 30.52448699 ], [ 75.10532422, 30.52127886 ], [ 75.08472858, 30.53189638 ], [ 75.06193841, 30.50151664 ], [ 75.05858889, 30.50398638 ], [ 75.04288397, 30.50118269 ], [ 75.04175209, 30.5042975 ], [ 75.03238763, 30.50430999 ], [ 75.02053039, 30.49105827 ], [ 75.03082428, 30.47450299 ], [ 75.04306973, 30.4735797 ], [ 75.04255943, 30.46558969 ], [ 75.05415106, 30.45861796 ], [ 75.05027698, 30.45535372 ], [ 75.03949934, 30.45950831 ], [ 75.03414455, 30.45837314 ], [ 75.0210187, 30.44216684 ], [ 75.02763957, 30.43857215 ], [ 75.02280012, 30.42664106 ], [ 75.0332093, 30.42759148 ], [ 75.05253762, 30.40955277 ], [ 75.05285303, 30.38869087 ], [ 75.04317768, 30.37913478 ], [ 75.02301175, 30.38104508 ], [ 75.01320515, 30.38589051 ], [ 74.9959786, 30.40482218 ], [ 74.98602403, 30.40250581 ], [ 74.98353684, 30.39867346 ], [ 74.97060708, 30.40458696 ], [ 74.96974414, 30.39841772 ], [ 74.96160972, 30.38890425 ], [ 74.94901857, 30.38301754 ], [ 74.94414137, 30.38431629 ], [ 74.93042439, 30.36865623 ], [ 74.92115438, 30.36656312 ], [ 74.91054642, 30.37596525 ], [ 74.8910785, 30.38076511 ], [ 74.87550501, 30.38948648 ], [ 74.85320191, 30.37543398 ], [ 74.83776441, 30.38801989 ], [ 74.8218097, 30.39285702 ], [ 74.79626235, 30.35564766 ], [ 74.79198564, 30.33688334 ], [ 74.78996876, 30.34111197 ], [ 74.77986729, 30.33937449 ], [ 74.7238496, 30.36612836 ], [ 74.69999503, 30.35667994 ], [ 74.69908157, 30.35454002 ], [ 74.7852103, 30.33664274 ], [ 74.76227583, 30.32060009 ], [ 74.74634774, 30.32086786 ], [ 74.72412706, 30.30867859 ], [ 74.75226049, 30.28707978 ], [ 74.74285961, 30.27861941 ], [ 74.73434849, 30.27885178 ], [ 74.73465555, 30.27409984 ], [ 74.72030642, 30.2572764 ], [ 74.71797471, 30.24848294 ], [ 74.72140852, 30.24255944 ], [ 74.72062226, 30.23490502 ], [ 74.7256291, 30.22998646 ], [ 74.71798024, 30.22563022 ], [ 74.71896295, 30.22073952 ], [ 74.71280936, 30.21327043 ], [ 74.71604498, 30.20814587 ], [ 74.71183213, 30.19698414 ], [ 74.7244453, 30.19715935 ], [ 74.734214, 30.19232035 ], [ 74.73725645, 30.18280974 ], [ 74.73487645, 30.17514043 ], [ 74.72932543, 30.1752369 ], [ 74.70323571, 30.16010728 ], [ 74.69235562, 30.16084507 ], [ 74.68640154, 30.16782479 ], [ 74.65609035, 30.16303764 ], [ 74.64024946, 30.15090175 ], [ 74.64005968, 30.14285885 ], [ 74.62909841, 30.1296249 ], [ 74.64876323, 30.11033375 ], [ 74.67004505, 30.10757427 ], [ 74.68176624, 30.1130284 ], [ 74.68412098, 30.10994871 ], [ 74.68398508, 30.10380293 ], [ 74.6737312, 30.08976142 ], [ 74.67633976, 30.08167997 ], [ 74.68264327, 30.07197715 ], [ 74.69136575, 30.07202203 ], [ 74.70493002, 30.06466956 ], [ 74.6940499, 30.04896437 ], [ 74.69688957, 30.03721839 ], [ 74.69436847, 30.03355866 ], [ 74.71724792, 30.01344085 ], [ 74.70055201, 29.9871176 ], [ 74.70656468, 29.97968481 ], [ 74.70666784, 29.97061566 ], [ 74.73140544, 29.96151248 ], [ 74.73907886, 29.9680257 ], [ 74.75318622, 29.96733288 ], [ 74.76082073, 29.97322593 ], [ 74.77844037, 29.97162361 ], [ 74.80599422, 29.99199399 ], [ 74.81244526, 29.99237608 ], [ 74.8243073, 29.98577596 ], [ 74.82631029, 29.97717826 ], [ 74.82102245, 29.97097271 ], [ 74.82868833, 29.97334364 ], [ 74.83846526, 29.97115909 ], [ 74.85546827, 29.95640406 ], [ 74.86470097, 29.96013978 ], [ 74.87573973, 29.95755107 ], [ 74.88797928, 29.96716916 ], [ 74.90325331, 29.95219038 ], [ 74.89544412, 29.94060766 ], [ 74.90724883, 29.94062782 ], [ 74.92283747, 29.95206435 ], [ 74.92674767, 29.95029301 ], [ 74.93637727, 29.92629625 ], [ 74.95090568, 29.90351462 ], [ 74.97877408, 29.89418862 ], [ 74.97710721, 29.88844037 ], [ 74.98547825, 29.87515883 ], [ 74.99092473, 29.86772516 ], [ 74.99805949, 29.86612192 ], [ 75.00491869, 29.86897258 ], [ 75.02250829, 29.8663024 ], [ 75.03289416, 29.87985311 ], [ 75.04695407, 29.88512523 ], [ 75.05185015, 29.88411803 ], [ 75.05610544, 29.87813795 ], [ 75.0698144, 29.87709413 ], [ 75.07445688, 29.88230285 ], [ 75.07529386, 29.89638953 ], [ 75.08049386, 29.90095599 ], [ 75.08690363, 29.9154182 ], [ 75.094204, 29.91510283 ], [ 75.10917206, 29.90413725 ], [ 75.11471462, 29.87870059 ], [ 75.1068373, 29.86804596 ], [ 75.0933806, 29.85802335 ], [ 75.08973438, 29.85866718 ], [ 75.09010868, 29.85395151 ], [ 75.10313719, 29.84179684 ], [ 75.11147907, 29.84185624 ], [ 75.11887351, 29.83163562 ], [ 75.10152013, 29.82159801 ], [ 75.10055841, 29.8071299 ], [ 75.11823498, 29.80274813 ], [ 75.13497363, 29.80733982 ], [ 75.1402315, 29.78619226 ], [ 75.1509665, 29.77557237 ], [ 75.16678477, 29.78473719 ], [ 75.1590702, 29.80137532 ], [ 75.16464415, 29.82506578 ], [ 75.18436662, 29.83414904 ], [ 75.1910233, 29.84141339 ], [ 75.19039464, 29.85059758 ], [ 75.19312839, 29.85350667 ], [ 75.20602705, 29.85979448 ], [ 75.21288713, 29.85816539 ], [ 75.2181838, 29.8645232 ], [ 75.21745433, 29.88304642 ], [ 75.20488115, 29.88831469 ], [ 75.1881062, 29.88943992 ], [ 75.18476124, 29.916112 ], [ 75.17167051, 29.92800076 ], [ 75.18063376, 29.94154611 ], [ 75.18344274, 29.94150585 ], [ 75.17811649, 29.94592301 ], [ 75.18329566, 29.95211641 ], [ 75.18095222, 29.95294501 ], [ 75.1827413, 29.97024277 ], [ 75.19507126, 29.98092301 ], [ 75.20576569, 29.98025529 ], [ 75.21662461, 29.96769461 ], [ 75.22390523, 29.96800308 ], [ 75.23695564, 29.96005281 ], [ 75.24694518, 29.97042242 ], [ 75.25070521, 29.98292337 ], [ 75.27305655, 29.97405088 ], [ 75.2810635, 29.97935946 ], [ 75.27841396, 29.9855257 ], [ 75.27175627, 29.98988509 ], [ 75.27432472, 29.99597984 ], [ 75.301137, 30.02068537 ], [ 75.28897346, 30.0224526 ], [ 75.28151796, 30.01144841 ], [ 75.26012834, 30.01613344 ], [ 75.25793785, 30.02612766 ], [ 75.25014522, 30.03226555 ], [ 75.24916055, 30.03687518 ], [ 75.26481645, 30.05008363 ], [ 75.27024867, 30.04841991 ], [ 75.27569484, 30.0581006 ], [ 75.28314123, 30.06093482 ], [ 75.31695795, 30.06515078 ], [ 75.32446317, 30.060665 ], [ 75.32855969, 30.06343433 ], [ 75.3271494, 30.07028948 ], [ 75.31087757, 30.08109406 ], [ 75.30101645, 30.09724792 ], [ 75.30162265, 30.11016501 ], [ 75.30972387, 30.11402444 ], [ 75.31361541, 30.11224409 ], [ 75.32318162, 30.1228881 ], [ 75.32862901, 30.12321555 ], [ 75.34032971, 30.1326255 ], [ 75.34439533, 30.13095247 ], [ 75.35319174, 30.14144097 ], [ 75.34365003, 30.14626457 ], [ 75.34451621, 30.15953029 ], [ 75.359204, 30.16367271 ], [ 75.35612067, 30.16829753 ], [ 75.36397411, 30.1760517 ], [ 75.35745623, 30.18146148 ], [ 75.3573132, 30.18710388 ], [ 75.37102864, 30.20243166 ], [ 75.37000564, 30.20535247 ], [ 75.36569553, 30.20321176 ], [ 75.3598959, 30.20569818 ], [ 75.37111481, 30.20992268 ], [ 75.36990721, 30.21411732 ], [ 75.37704753, 30.22830031 ], [ 75.37613629, 30.23725849 ], [ 75.36380958, 30.24113887 ], [ 75.36359751, 30.24488715 ], [ 75.36868148, 30.24753685 ], [ 75.36491023, 30.25780869 ], [ 75.3712806, 30.26121316 ], [ 75.36124825, 30.26787026 ], [ 75.363948, 30.2822388 ], [ 75.35501981, 30.28711362 ], [ 75.34895334, 30.28282549 ], [ 75.34193902, 30.28550257 ], [ 75.33970814, 30.29248044 ], [ 75.3464558, 30.30019383 ], [ 75.3341415, 30.30645237 ], [ 75.32173841, 30.3023259 ], [ 75.31764105, 30.3046047 ], [ 75.32193447, 30.31780245 ], [ 75.31383616, 30.32728768 ], [ 75.31477817, 30.33243749 ], [ 75.32396025, 30.33628848 ], [ 75.33284686, 30.33271628 ], [ 75.34375396, 30.33435471 ], [ 75.34517459, 30.33727718 ], [ 75.34433003, 30.34413913 ], [ 75.33954051, 30.34309028 ], [ 75.33250803, 30.34909846 ], [ 75.32473284, 30.35076041 ], [ 75.33356217, 30.37760049 ], [ 75.32640223, 30.37910605 ], [ 75.32192914, 30.37586999 ], [ 75.31327248, 30.38070396 ], [ 75.30549349, 30.37891409 ], [ 75.30670623, 30.38720109 ], [ 75.30051019, 30.39764499 ], [ 75.30235615, 30.40286949 ], [ 75.29926287, 30.40784837 ], [ 75.30537436, 30.4180449 ], [ 75.29978045, 30.424474 ], [ 75.29054302, 30.42849528 ], [ 75.28297448, 30.44184824 ], [ 75.2649588, 30.43648741 ], [ 75.26199978, 30.4439248 ], [ 75.26731969, 30.44607007 ], [ 75.25363198, 30.46378627 ], [ 75.27767896, 30.4912776 ], [ 75.28281346, 30.50811505 ], [ 75.26206806, 30.52094772 ], [ 75.22749008, 30.50767475 ], [ 75.22113549, 30.50804456 ], [ 75.21187207, 30.51635757 ], [ 75.20571907, 30.51336685 ], [ 75.20702052, 30.50956418 ], [ 75.20303842, 30.50695277 ], [ 75.19542883, 30.51218413 ], [ 75.19259034, 30.5087695 ], [ 75.18167063, 30.51017427 ], [ 75.18307036, 30.53308228 ], [ 75.17936382, 30.55185019 ], [ 75.17218571, 30.5602844 ], [ 75.16533386, 30.57910695 ], [ 75.15435406, 30.57667578 ] ] ] } },
{ "type": "Feature", "properties": { "District": "Faridkot", "State": "PB", "st_area_shape_": 1438682980.8369913 }, "geometry": { "type": "Polygon", "coordinates": [ [ [ 74.64847701, 30.81833348 ], [ 74.6240378, 30.83636771 ], [ 74.61752496, 30.82851844 ], [ 74.61132294, 30.82716301 ], [ 74.59637677, 30.80925267 ], [ 74.57726866, 30.80824688 ], [ 74.56507598, 30.79969661 ], [ 74.54237863, 30.79257725 ], [ 74.5302588, 30.78356532 ], [ 74.52092, 30.7710364 ], [ 74.47250251, 30.75149162 ], [ 74.46879607, 30.74515162 ], [ 74.47397661, 30.71558647 ], [ 74.47275696, 30.69913899 ], [ 74.48020354, 30.67303094 ], [ 74.49774943, 30.66915885 ], [ 74.56045639, 30.66575374 ], [ 74.58943135, 30.65830535 ], [ 74.59927047, 30.64727473 ], [ 74.60884396, 30.64333259 ], [ 74.61129822, 30.63640479 ], [ 74.61924106, 30.63954188 ], [ 74.62411306, 30.61848353 ], [ 74.63204544, 30.61431136 ], [ 74.63643604, 30.61598906 ], [ 74.63409613, 30.61019643 ], [ 74.63871118, 30.60793447 ], [ 74.64622375, 30.59522071 ], [ 74.65765875, 30.59375575 ], [ 74.66930514, 30.57900268 ], [ 74.67435661, 30.57886708 ], [ 74.70908333, 30.55888356 ], [ 74.70192731, 30.54033045 ], [ 74.69569394, 30.53749073 ], [ 74.68502526, 30.52469313 ], [ 74.68858694, 30.51839158 ], [ 74.69504906, 30.51894319 ], [ 74.71854104, 30.51026314 ], [ 74.71943165, 30.50495321 ], [ 74.73752267, 30.49290057 ], [ 74.74469768, 30.49354466 ], [ 74.74910712, 30.48920504 ], [ 74.75856328, 30.49658334 ], [ 74.76074649, 30.49351684 ], [ 74.76292318, 30.48395334 ], [ 74.74784535, 30.47289655 ], [ 74.7414069, 30.47303601 ], [ 74.72933607, 30.4570836 ], [ 74.73176359, 30.44941215 ], [ 74.75510317, 30.43374539 ], [ 74.75205755, 30.42919545 ], [ 74.75931887, 30.42294094 ], [ 74.75300911, 30.39444564 ], [ 74.75782287, 30.39023764 ], [ 74.77001855, 30.39746324 ], [ 74.78866635, 30.3959605 ], [ 74.7973411, 30.39948295 ], [ 74.80517008, 30.39726316 ], [ 74.80739331, 30.40123806 ], [ 74.82901791, 30.3892599 ], [ 74.83776441, 30.38801989 ], [ 74.85320191, 30.37543398 ], [ 74.87550501, 30.38948648 ], [ 74.8910785, 30.38076511 ], [ 74.91054642, 30.37596525 ], [ 74.92115438, 30.36656312 ], [ 74.93042439, 30.36865623 ], [ 74.94414137, 30.38431629 ], [ 74.94901857, 30.38301754 ], [ 74.96160972, 30.38890425 ], [ 74.96974414, 30.39841772 ], [ 74.97060708, 30.40458696 ], [ 74.98353684, 30.39867346 ], [ 74.98602403, 30.40250581 ], [ 74.9959786, 30.40482218 ], [ 75.01320515, 30.38589051 ], [ 75.02301175, 30.38104508 ], [ 75.04415102, 30.3799571 ], [ 75.05285303, 30.38869087 ], [ 75.05253762, 30.40955277 ], [ 75.0332093, 30.42759148 ], [ 75.02280012, 30.42664106 ], [ 75.02763957, 30.43857215 ], [ 75.0210187, 30.44216684 ], [ 75.03414455, 30.45837314 ], [ 75.03949934, 30.45950831 ], [ 75.05027698, 30.45535372 ], [ 75.05415106, 30.45861796 ], [ 75.04255943, 30.46558969 ], [ 75.04306973, 30.4735797 ], [ 75.03082428, 30.47450299 ], [ 75.02053039, 30.49105827 ], [ 75.00467378, 30.49159543 ], [ 74.99907452, 30.48678584 ], [ 74.99742473, 30.4882957 ], [ 74.99225537, 30.49989468 ], [ 74.99376514, 30.5112037 ], [ 74.99004559, 30.52058288 ], [ 74.99708463, 30.53323179 ], [ 74.99581479, 30.5365115 ], [ 74.99034548, 30.54366087 ], [ 74.97842703, 30.54312089 ], [ 74.96374892, 30.55241004 ], [ 74.96268903, 30.5609193 ], [ 74.95590991, 30.5618792 ], [ 74.94454574, 30.57204504 ], [ 74.95019069, 30.58071132 ], [ 74.94716586, 30.58460206 ], [ 74.95541987, 30.59408639 ], [ 74.94665096, 30.60953503 ], [ 74.94858047, 30.62302899 ], [ 74.95322289, 30.62607328 ], [ 74.95607965, 30.63690266 ], [ 74.94991441, 30.64512089 ], [ 74.95829929, 30.65688093 ], [ 74.95765933, 30.67019977 ], [ 74.95561957, 30.67793909 ], [ 74.92211395, 30.67928889 ], [ 74.92284382, 30.68800813 ], [ 74.91869143, 30.68239922 ], [ 74.91519484, 30.68334852 ], [ 74.90402623, 30.70446665 ], [ 74.9106453, 30.72410496 ], [ 74.90984537, 30.73579393 ], [ 74.90310624, 30.73932361 ], [ 74.88341881, 30.74087343 ], [ 74.8802692, 30.74583299 ], [ 74.87521991, 30.74668766 ], [ 74.85829209, 30.74369312 ], [ 74.85475554, 30.74753015 ], [ 74.8567771, 30.7510012 ], [ 74.85475918, 30.75721174 ], [ 74.84600134, 30.75794031 ], [ 74.83540297, 30.770412 ], [ 74.8132879, 30.76834087 ], [ 74.80767023, 30.77632291 ], [ 74.80711711, 30.78932005 ], [ 74.78482717, 30.79389941 ], [ 74.77784045, 30.81092586 ], [ 74.76991151, 30.81184175 ], [ 74.77131158, 30.81562642 ], [ 74.7549154, 30.81272686 ], [ 74.74713639, 30.82312593 ], [ 74.74069253, 30.82621113 ], [ 74.72741552, 30.82305714 ], [ 74.70844501, 30.82884865 ], [ 74.69894242, 30.82658236 ], [ 74.69243041, 30.83099623 ], [ 74.68126109, 30.82491884 ], [ 74.66317392, 30.83422857 ], [ 74.65893448, 30.83295365 ], [ 74.6534177, 30.82169654 ], [ 74.64847701, 30.81833348 ] ] ] } },
{ "type": "Feature", "properties": { "District": "Fatehgarh Sahib", "State": "PB", "st_area_shape_": 1125442037.1702204 }, "geometry": { "type": "Polygon", "coordinates": [ [ [ 76.33371412, 30.87002573 ], [ 76.32791839, 30.87879798 ], [ 76.29830021, 30.86992703 ], [ 76.31106623, 30.84235609 ], [ 76.29400502, 30.8359192 ], [ 76.29135647, 30.83184581 ], [ 76.28125492, 30.83030646 ], [ 76.28013077, 30.82023267 ], [ 76.28903053, 30.80819138 ], [ 76.26802358, 30.79838855 ], [ 76.2697713, 30.79423813 ], [ 76.26184225, 30.78674872 ], [ 76.27233575, 30.77579151 ], [ 76.28970101, 30.78246116 ], [ 76.30072887, 30.76708863 ], [ 76.30491144, 30.76804094 ], [ 76.31091948, 30.75624658 ], [ 76.28092311, 30.74630077 ], [ 76.28392806, 30.73797781 ], [ 76.27570342, 30.73411432 ], [ 76.29100076, 30.71405147 ], [ 76.29760936, 30.71726885 ], [ 76.30589148, 30.70421903 ], [ 76.31944235, 30.70345563 ], [ 76.32331741, 30.69331965 ], [ 76.31980874, 30.68812673 ], [ 76.31219472, 30.68742329 ], [ 76.30326637, 30.67845295 ], [ 76.28143156, 30.68158726 ], [ 76.2753682, 30.67578742 ], [ 76.2716717, 30.67849374 ], [ 76.26613131, 30.6754911 ], [ 76.25535245, 30.68078746 ], [ 76.23974241, 30.68102749 ], [ 76.22903827, 30.67691859 ], [ 76.21885747, 30.67928978 ], [ 76.2055812, 30.67415858 ], [ 76.19819378, 30.67519548 ], [ 76.18787237, 30.66779383 ], [ 76.18255989, 30.67156222 ], [ 76.18075605, 30.67936232 ], [ 76.17366059, 30.67928018 ], [ 76.16912877, 30.66187808 ], [ 76.15216482, 30.65517406 ], [ 76.15278651, 30.63983854 ], [ 76.12778255, 30.62955853 ], [ 76.12519401, 30.62747343 ], [ 76.12789979, 30.6228235 ], [ 76.1164939, 30.61495262 ], [ 76.12522444, 30.60282729 ], [ 76.12064975, 30.60076613 ], [ 76.12546281, 30.59701348 ], [ 76.11018078, 30.58740978 ], [ 76.11454869, 30.57981836 ], [ 76.10801682, 30.57609251 ], [ 76.10769595, 30.56213189 ], [ 76.09798353, 30.56049675 ], [ 76.08961934, 30.56803272 ], [ 76.07577437, 30.54658321 ], [ 76.08656494, 30.53769265 ], [ 76.09183859, 30.53987339 ], [ 76.09554497, 30.53502619 ], [ 76.10791038, 30.529345 ], [ 76.11991891, 30.54541732 ], [ 76.13624171, 30.52358111 ], [ 76.1542481, 30.54444016 ], [ 76.16566053, 30.53517565 ], [ 76.17308112, 30.54713657 ], [ 76.18310357, 30.54142888 ], [ 76.18989986, 30.54899682 ], [ 76.20135917, 30.55120398 ], [ 76.20329361, 30.55641768 ], [ 76.20735647, 30.55467597 ], [ 76.21535753, 30.56438533 ], [ 76.22936068, 30.57013192 ], [ 76.23789812, 30.56665168 ], [ 76.23978833, 30.55683859 ], [ 76.23637767, 30.55580142 ], [ 76.23724233, 30.55025716 ], [ 76.24445087, 30.54975607 ], [ 76.24944613, 30.55893224 ], [ 76.2564267, 30.5619134 ], [ 76.2562651, 30.56726327 ], [ 76.2684251, 30.55901548 ], [ 76.27510373, 30.55964783 ], [ 76.27481026, 30.55288016 ], [ 76.28291344, 30.54525491 ], [ 76.31453094, 30.54789145 ], [ 76.32827883, 30.54033613 ], [ 76.32323107, 30.52870121 ], [ 76.33282613, 30.50376041 ], [ 76.32809725, 30.49891516 ], [ 76.33238298, 30.495767 ], [ 76.32974828, 30.49339805 ], [ 76.33568865, 30.49314354 ], [ 76.33455957, 30.48655719 ], [ 76.3455005, 30.47956031 ], [ 76.34360126, 30.47519705 ], [ 76.3522291, 30.46017682 ], [ 76.37335981, 30.46875492 ], [ 76.3732278, 30.47255223 ], [ 76.3821814, 30.47167638 ], [ 76.38387794, 30.46599442 ], [ 76.39711036, 30.45182095 ], [ 76.40693656, 30.44811671 ], [ 76.41717138, 30.46411868 ], [ 76.43054306, 30.45670096 ], [ 76.42744023, 30.44407262 ], [ 76.4350682, 30.44315684 ], [ 76.44663986, 30.45065899 ], [ 76.45169781, 30.4505089 ], [ 76.45961138, 30.45950063 ], [ 76.46913123, 30.45464375 ], [ 76.47036891, 30.45932629 ], [ 76.4649715, 30.46682024 ], [ 76.47036444, 30.47384084 ], [ 76.48702765, 30.4645523 ], [ 76.49980894, 30.46458685 ], [ 76.50246601, 30.47881641 ], [ 76.4948281, 30.48765573 ], [ 76.4981091, 30.49297739 ], [ 76.49092329, 30.50112037 ], [ 76.49674254, 30.50787684 ], [ 76.49102534, 30.51939357 ], [ 76.50255352, 30.52737963 ], [ 76.49914411, 30.5460478 ], [ 76.5074002, 30.55521743 ], [ 76.50305273, 30.55986098 ], [ 76.50498382, 30.56431405 ], [ 76.51613221, 30.5680721 ], [ 76.53763855, 30.55756388 ], [ 76.56960523, 30.56813923 ], [ 76.57222827, 30.56396785 ], [ 76.57894103, 30.56737388 ], [ 76.58040313, 30.572668 ], [ 76.58447908, 30.57263808 ], [ 76.59665116, 30.59063358 ], [ 76.60226161, 30.5948081 ], [ 76.60652504, 30.59109168 ], [ 76.61840109, 30.61042193 ], [ 76.62958063, 30.61385448 ], [ 76.63452128, 30.61985976 ], [ 76.63038877, 30.62893169 ], [ 76.63177426, 30.63677474 ], [ 76.62816096, 30.64338982 ], [ 76.61645941, 30.64465878 ], [ 76.60599674, 30.65172894 ], [ 76.60312209, 30.64809581 ], [ 76.59738153, 30.65326262 ], [ 76.60103389, 30.65636147 ], [ 76.59844427, 30.66240573 ], [ 76.59341077, 30.66283486 ], [ 76.59002728, 30.667009 ], [ 76.57968384, 30.6666461 ], [ 76.57217166, 30.67412184 ], [ 76.56611194, 30.68792904 ], [ 76.55490181, 30.69151693 ], [ 76.55446125, 30.70214987 ], [ 76.55012888, 30.70817714 ], [ 76.54680876, 30.71044186 ], [ 76.53442572, 30.70901749 ], [ 76.53127632, 30.72452583 ], [ 76.52164489, 30.73289369 ], [ 76.53176131, 30.74102031 ], [ 76.52155105, 30.75760997 ], [ 76.49473316, 30.74614393 ], [ 76.48315039, 30.75066742 ], [ 76.46942877, 30.74562359 ], [ 76.46365221, 30.75469712 ], [ 76.45955937, 30.74991249 ], [ 76.45642695, 30.75479036 ], [ 76.44431763, 30.75947037 ], [ 76.44283381, 30.79697376 ], [ 76.43404795, 30.79922345 ], [ 76.43547003, 30.81052977 ], [ 76.43191722, 30.81229895 ], [ 76.43262896, 30.81912558 ], [ 76.42486901, 30.82280724 ], [ 76.4096397, 30.81932559 ], [ 76.40353251, 30.82738821 ], [ 76.402902, 30.83141816 ], [ 76.41113679, 30.83993008 ], [ 76.40685709, 30.84701432 ], [ 76.39457884, 30.84514192 ], [ 76.38489761, 30.84902276 ], [ 76.37992928, 30.85318007 ], [ 76.38196336, 30.86032346 ], [ 76.36946259, 30.86603034 ], [ 76.3680136, 30.87218312 ], [ 76.35099977, 30.8656269 ], [ 76.34862096, 30.86553074 ], [ 76.34854746, 30.87382306 ], [ 76.33746534, 30.87507883 ], [ 76.33371412, 30.87002573 ] ] ] } },
{ "type": "Feature", "properties": { "District": "Firozepur", "State": "PB", "st_area_shape_": 1959696892.3285241 }, "geometry": { "type": "Polygon", "coordinates": [ [ [ 74.94918989, 31.15234389 ], [ 74.91799701, 31.16220464 ], [ 74.90721732, 31.15669436 ], [ 74.89794795, 31.16085921 ], [ 74.84409957, 31.13253102 ], [ 74.81444631, 31.13782526 ], [ 74.80165782, 31.12951908 ], [ 74.80617363, 31.12488087 ], [ 74.8006143, 31.11502341 ], [ 74.78915995, 31.13006426 ], [ 74.76570003, 31.12553376 ], [ 74.75541306, 31.11629617 ], [ 74.74168608, 31.11863599 ], [ 74.74151349, 31.10405391 ], [ 74.72068693, 31.10162462 ], [ 74.70785058, 31.07204175 ], [ 74.69591127, 31.07424359 ], [ 74.66771338, 31.05253512 ], [ 74.61302771, 31.04478349 ], [ 74.59684832, 31.03768428 ], [ 74.59008684, 31.0499549 ], [ 74.57441559, 31.05678473 ], [ 74.57032029, 31.05306197 ], [ 74.56823381, 31.05468897 ], [ 74.56144352, 31.04865667 ], [ 74.55872809, 31.0374399 ], [ 74.54796366, 31.03244178 ], [ 74.54339135, 31.019779 ], [ 74.53967235, 31.0088367 ], [ 74.54615956, 30.99241637 ], [ 74.51616188, 30.97947674 ], [ 74.50872371, 30.96744198 ], [ 74.50339683, 30.96473284 ], [ 74.49788898, 30.96432907 ], [ 74.49189694, 30.974432 ], [ 74.48137217, 30.97075486 ], [ 74.47970152, 30.97425136 ], [ 74.45687503, 30.96429855 ], [ 74.46633474, 30.95686721 ], [ 74.45147039, 30.95589465 ], [ 74.45520313, 30.95139984 ], [ 74.44206271, 30.95173307 ], [ 74.43952763, 30.94218693 ], [ 74.416412, 30.94033617 ], [ 74.41386716, 30.92965263 ], [ 74.42872382, 30.93118448 ], [ 74.42353691, 30.92076592 ], [ 74.41033545, 30.92348943 ], [ 74.41107706, 30.91963528 ], [ 74.42441649, 30.91593142 ], [ 74.42272838, 30.90779639 ], [ 74.39729051, 30.9093881 ], [ 74.38294015, 30.89551412 ], [ 74.36590907, 30.89293557 ], [ 74.36669902, 30.8856721 ], [ 74.36076588, 30.87370377 ], [ 74.38214826, 30.86042312 ], [ 74.36452439, 30.85738089 ], [ 74.36851892, 30.85184725 ], [ 74.36336293, 30.84725494 ], [ 74.35506252, 30.84836324 ], [ 74.35406937, 30.85270409 ], [ 74.34814794, 30.85490576 ], [ 74.33876789, 30.85266983 ], [ 74.34055528, 30.84910115 ], [ 74.33238626, 30.85103357 ], [ 74.32038524, 30.84662651 ], [ 74.31982806, 30.82740369 ], [ 74.31014202, 30.81862787 ], [ 74.30147171, 30.80383752 ], [ 74.32163147, 30.79646955 ], [ 74.32628026, 30.79871911 ], [ 74.3297758, 30.79747767 ], [ 74.32844535, 30.79473428 ], [ 74.33817272, 30.80023173 ], [ 74.34034177, 30.80510932 ], [ 74.34442054, 30.79347956 ], [ 74.36244412, 30.78910672 ], [ 74.37372236, 30.79142381 ], [ 74.37911387, 30.80161817 ], [ 74.39549648, 30.80156373 ], [ 74.40695839, 30.79014329 ], [ 74.41580206, 30.78836856 ], [ 74.43037422, 30.77638567 ], [ 74.4455082, 30.78678695 ], [ 74.45940161, 30.76910409 ], [ 74.47791241, 30.76459268 ], [ 74.47912164, 30.75571488 ], [ 74.52092, 30.7710364 ], [ 74.5302588, 30.78356532 ], [ 74.54237863, 30.79257725 ], [ 74.56507598, 30.79969661 ], [ 74.57726866, 30.80824688 ], [ 74.59637677, 30.80925267 ], [ 74.61132294, 30.82716301 ], [ 74.61752496, 30.82851844 ], [ 74.6240378, 30.83636771 ], [ 74.64847701, 30.81833348 ], [ 74.6534177, 30.82169654 ], [ 74.65893448, 30.83295365 ], [ 74.66317392, 30.83422857 ], [ 74.68126109, 30.82491884 ], [ 74.69243041, 30.83099623 ], [ 74.69894242, 30.82658236 ], [ 74.70844501, 30.82884865 ], [ 74.72741552, 30.82305714 ], [ 74.74069253, 30.82621113 ], [ 74.74713639, 30.82312593 ], [ 74.7549154, 30.81272686 ], [ 74.77131158, 30.81562642 ], [ 74.76991151, 30.81184175 ], [ 74.77784045, 30.81092586 ], [ 74.78482717, 30.79389941 ], [ 74.80711711, 30.78932005 ], [ 74.80767023, 30.77632291 ], [ 74.8132879, 30.76834087 ], [ 74.83540297, 30.770412 ], [ 74.84600134, 30.75794031 ], [ 74.85475918, 30.75721174 ], [ 74.8567771, 30.7510012 ], [ 74.85475554, 30.74753015 ], [ 74.85829209, 30.74369312 ], [ 74.87521991, 30.74668766 ], [ 74.8802692, 30.74583299 ], [ 74.88341881, 30.74087343 ], [ 74.90863471, 30.73663784 ], [ 74.91228174, 30.7478237 ], [ 74.90711856, 30.75822868 ], [ 74.91164361, 30.76362194 ], [ 74.91056517, 30.77061089 ], [ 74.91491465, 30.78222782 ], [ 74.9307618, 30.78912069 ], [ 74.92808801, 30.80448652 ], [ 74.94716898, 30.82893997 ], [ 74.94087098, 30.83948495 ], [ 74.94780983, 30.856003 ], [ 74.94260261, 30.87742424 ], [ 74.95164804, 30.88503465 ], [ 74.95233529, 30.89162987 ], [ 74.95771179, 30.88918076 ], [ 74.99644265, 30.88858531 ], [ 75.0004108, 30.89577871 ], [ 75.01609856, 30.89231571 ], [ 75.03041257, 30.89680515 ], [ 75.03649178, 30.91728876 ], [ 75.04081868, 30.92217586 ], [ 75.05103403, 30.92355307 ], [ 75.06985425, 30.94506984 ], [ 75.07848183, 30.94639005 ], [ 75.07761826, 30.95756068 ], [ 75.08653499, 30.95863691 ], [ 75.09379841, 30.97544706 ], [ 75.10296923, 30.97209805 ], [ 75.09613321, 30.99165587 ], [ 75.10217301, 30.99751985 ], [ 75.09632902, 31.00243609 ], [ 75.10316692, 31.01531018 ], [ 75.09965909, 31.02158093 ], [ 75.09497636, 31.02579206 ], [ 75.0677984, 31.03415263 ], [ 75.06780434, 31.04074652 ], [ 75.05294303, 31.04284842 ], [ 75.0473058, 31.05192471 ], [ 75.05172398, 31.06253423 ], [ 75.06203067, 31.06764923 ], [ 75.07298977, 31.04681884 ], [ 75.09430802, 31.04721935 ], [ 75.09647905, 31.05855716 ], [ 75.0845217, 31.06211556 ], [ 75.08183016, 31.06537528 ], [ 75.08364919, 31.06875368 ], [ 75.09447248, 31.07134978 ], [ 75.10013505, 31.06520861 ], [ 75.10393389, 31.06622047 ], [ 75.10827594, 31.06816379 ], [ 75.09994995, 31.07214014 ], [ 75.09930944, 31.07737133 ], [ 75.109265, 31.07517211 ], [ 75.12012617, 31.08168047 ], [ 75.13396122, 31.07380844 ], [ 75.14503439, 31.08425622 ], [ 75.15013438, 31.09493687 ], [ 75.15002849, 31.09782824 ], [ 75.13567873, 31.1048238 ], [ 75.13841801, 31.10843362 ], [ 75.13094888, 31.11310373 ], [ 75.1318605, 31.11639844 ], [ 75.12587114, 31.12121108 ], [ 75.10895288, 31.12940473 ], [ 75.10094702, 31.12576795 ], [ 75.07704598, 31.13430985 ], [ 75.0835122, 31.14710233 ], [ 75.07936197, 31.15293162 ], [ 75.074638, 31.14767967 ], [ 75.06818694, 31.14561332 ], [ 75.06173633, 31.14915232 ], [ 75.06086424, 31.14591841 ], [ 75.04272659, 31.15489758 ], [ 75.03694662, 31.1509887 ], [ 75.02411181, 31.15643446 ], [ 75.0182586, 31.14816813 ], [ 75.01337024, 31.14822752 ], [ 75.01379042, 31.14514836 ], [ 75.00661683, 31.14500262 ], [ 75.01334019, 31.13025199 ], [ 75.00987868, 31.12030405 ], [ 75.00583443, 31.11979709 ], [ 74.96016383, 31.14731221 ], [ 74.96484057, 31.15360891 ], [ 74.94918989, 31.15234389 ] ] ] } },
{ "type": "Feature", "properties": { "District": "Gurdaspur", "State": "PB", "st_area_shape_": 2553272152.9983959 }, "geometry": { "type": "Polygon", "coordinates": [ [ [ 75.33450296, 32.20885221 ], [ 75.32701825, 32.2139385 ], [ 75.31640479, 32.20803742 ], [ 75.32008133, 32.20415136 ], [ 75.31194443, 32.19937849 ], [ 75.31031641, 32.19471528 ], [ 75.31841698, 32.18745204 ], [ 75.31636544, 32.18104803 ], [ 75.32230572, 32.1795278 ], [ 75.30678226, 32.16900683 ], [ 75.2994396, 32.15341346 ], [ 75.28535461, 32.15149474 ], [ 75.27726312, 32.13697392 ], [ 75.28339027, 32.13191624 ], [ 75.27935849, 32.11784321 ], [ 75.27187167, 32.11269989 ], [ 75.26273085, 32.11185242 ], [ 75.26645466, 32.10747901 ], [ 75.26217658, 32.10209489 ], [ 75.24797741, 32.10094768 ], [ 75.24023258, 32.09106837 ], [ 75.23141719, 32.09161055 ], [ 75.22923672, 32.0932982 ], [ 75.23543221, 32.10350916 ], [ 75.2269551, 32.10677327 ], [ 75.2237038, 32.09816263 ], [ 75.21773279, 32.10340719 ], [ 75.22026327, 32.10773369 ], [ 75.21581188, 32.12103798 ], [ 75.20245773, 32.12023738 ], [ 75.20567709, 32.1025494 ], [ 75.20404798, 32.09669155 ], [ 75.19789203, 32.09860614 ], [ 75.19849736, 32.08267099 ], [ 75.18916369, 32.08218211 ], [ 75.17928261, 32.07622853 ], [ 75.17424346, 32.06746861 ], [ 75.16619866, 32.07155648 ], [ 75.1576741, 32.08175368 ], [ 75.12286864, 32.08134302 ], [ 75.1208409, 32.07536939 ], [ 75.10668546, 32.06959111 ], [ 75.10889626, 32.06474881 ], [ 75.10489529, 32.05856971 ], [ 75.09120253, 32.07181941 ], [ 75.09157646, 32.06585441 ], [ 75.08403138, 32.0600345 ], [ 75.07303655, 32.05972364 ], [ 75.06868278, 32.06717773 ], [ 75.06413929, 32.06559501 ], [ 75.06798747, 32.06239766 ], [ 75.06200812, 32.0552725 ], [ 75.05058783, 32.05276385 ], [ 75.04069347, 32.04267668 ], [ 75.03376742, 32.05070456 ], [ 75.02157267, 32.04858721 ], [ 75.01229217, 32.03576515 ], [ 75.00477932, 32.03757497 ], [ 75.00278131, 32.04355487 ], [ 75.00112014, 32.04117163 ], [ 74.98296878, 32.04032339 ], [ 74.97165757, 32.04260391 ], [ 74.97805779, 32.04799548 ], [ 74.97392446, 32.05345306 ], [ 74.94820502, 32.05935324 ], [ 74.94807482, 32.06298694 ], [ 74.9243935, 32.06609366 ], [ 74.90842865, 32.05143196 ], [ 74.9226105, 32.03923633 ], [ 74.92933531, 32.01867039 ], [ 74.9355574, 32.01156364 ], [ 74.92077103, 32.00257032 ], [ 74.91686256, 31.98846332 ], [ 74.91998149, 31.9826568 ], [ 74.91718136, 31.97543385 ], [ 74.93910393, 31.96254491 ], [ 74.94754448, 31.96551736 ], [ 74.94844298, 31.97039917 ], [ 74.97329715, 31.97613742 ], [ 74.97204208, 31.961091 ], [ 74.96045813, 31.95351838 ], [ 74.95422353, 31.95469379 ], [ 74.94119111, 31.94865353 ], [ 74.9375588, 31.94605616 ], [ 74.94199598, 31.94315323 ], [ 74.93866633, 31.94139057 ], [ 74.92877004, 31.93858262 ], [ 74.92594263, 31.94137622 ], [ 74.91413672, 31.94193589 ], [ 74.90170146, 31.93144997 ], [ 74.89653512, 31.92992812 ], [ 74.89694139, 31.93264814 ], [ 74.89238627, 31.93385823 ], [ 74.88841874, 31.92737755 ], [ 74.90284038, 31.90748405 ], [ 74.90224561, 31.90216663 ], [ 74.90756406, 31.89807515 ], [ 74.90675375, 31.89443286 ], [ 74.91177333, 31.8911342 ], [ 74.91936112, 31.89268379 ], [ 74.91651693, 31.87926748 ], [ 74.93693618, 31.86738124 ], [ 74.94437472, 31.87042109 ], [ 74.94190161, 31.86081627 ], [ 74.96197763, 31.85401306 ], [ 74.96438277, 31.84350228 ], [ 74.96204583, 31.84071391 ], [ 74.96911247, 31.83140237 ], [ 74.9834956, 31.83646406 ], [ 74.99277505, 31.83105071 ], [ 75.00040074, 31.83296472 ], [ 75.01349948, 31.82035939 ], [ 75.02802916, 31.82299848 ], [ 75.02783423, 31.81816482 ], [ 75.02357806, 31.81666019 ], [ 75.02901233, 31.81272955 ], [ 75.03150853, 31.81475933 ], [ 75.03991296, 31.80263755 ], [ 75.06120878, 31.80999417 ], [ 75.06177413, 31.80735851 ], [ 75.07360968, 31.80639817 ], [ 75.08028617, 31.80117057 ], [ 75.08258153, 31.79222465 ], [ 75.09072131, 31.79156428 ], [ 75.10265528, 31.78240768 ], [ 75.11342972, 31.7792815 ], [ 75.10665972, 31.76547699 ], [ 75.09975705, 31.76431628 ], [ 75.10488844, 31.7550399 ], [ 75.11676663, 31.75302553 ], [ 75.12374775, 31.75668082 ], [ 75.13750117, 31.75195591 ], [ 75.1444343, 31.75897359 ], [ 75.1552954, 31.74690291 ], [ 75.16515268, 31.74587738 ], [ 75.17380627, 31.74893864 ], [ 75.18420074, 31.73905997 ], [ 75.18665158, 31.74251869 ], [ 75.18953047, 31.74108738 ], [ 75.18798814, 31.73393685 ], [ 75.19671565, 31.73418752 ], [ 75.20277293, 31.73067887 ], [ 75.20113949, 31.72478335 ], [ 75.20372955, 31.72207306 ], [ 75.20028453, 31.71802875 ], [ 75.19369587, 31.71762004 ], [ 75.19390627, 31.71106119 ], [ 75.21315025, 31.70537401 ], [ 75.21292955, 31.69583041 ], [ 75.22725679, 31.69164484 ], [ 75.22759868, 31.68411819 ], [ 75.23515668, 31.68696435 ], [ 75.24032083, 31.68336885 ], [ 75.24268085, 31.69024223 ], [ 75.24645263, 31.68859355 ], [ 75.24808002, 31.69194142 ], [ 75.26135237, 31.69208929 ], [ 75.28493077, 31.69845463 ], [ 75.28679433, 31.6929715 ], [ 75.28428586, 31.68185025 ], [ 75.29747964, 31.68117133 ], [ 75.30100121, 31.67488178 ], [ 75.3066447, 31.67545017 ], [ 75.31323343, 31.66738873 ], [ 75.30961991, 31.66156071 ], [ 75.29981221, 31.65572765 ], [ 75.30193926, 31.65268812 ], [ 75.32715386, 31.63543113 ], [ 75.33870513, 31.64123951 ], [ 75.3413708, 31.63562102 ], [ 75.3449584, 31.63684531 ], [ 75.36212836, 31.62592719 ], [ 75.37264724, 31.62463053 ], [ 75.40426193, 31.59360978 ], [ 75.41248644, 31.59837832 ], [ 75.41933531, 31.62164748 ], [ 75.42562619, 31.62774404 ], [ 75.46799991, 31.63636766 ], [ 75.47035848, 31.64675541 ], [ 75.47434982, 31.65024666 ], [ 75.47138673, 31.65399451 ], [ 75.48419551, 31.669629 ], [ 75.48024423, 31.67175664 ], [ 75.4839798, 31.67713217 ], [ 75.49070898, 31.68043593 ], [ 75.49417164, 31.69803472 ], [ 75.51342487, 31.71285614 ], [ 75.53478164, 31.7367717 ], [ 75.54267996, 31.75052003 ], [ 75.53740251, 31.75071047 ], [ 75.53854472, 31.76496712 ], [ 75.54071646, 31.76505123 ], [ 75.52944621, 31.78231825 ], [ 75.53657094, 31.77796833 ], [ 75.5524968, 31.77677293 ], [ 75.55905072, 31.7822616 ], [ 75.56384742, 31.79483117 ], [ 75.55916097, 31.79948339 ], [ 75.56753723, 31.80101603 ], [ 75.568545, 31.81429083 ], [ 75.56468825, 31.81457114 ], [ 75.56237022, 31.82756929 ], [ 75.55104038, 31.82610885 ], [ 75.55139677, 31.83993867 ], [ 75.54778383, 31.84877513 ], [ 75.56950057, 31.8548948 ], [ 75.56910271, 31.87479151 ], [ 75.56503048, 31.88824524 ], [ 75.55932956, 31.88782333 ], [ 75.55662429, 31.89945557 ], [ 75.53999755, 31.92598754 ], [ 75.53697413, 31.94200607 ], [ 75.53103511, 31.94246642 ], [ 75.53385232, 31.96040168 ], [ 75.53765996, 31.9676773 ], [ 75.54156802, 31.96729833 ], [ 75.54290328, 31.97667177 ], [ 75.54644215, 31.98002676 ], [ 75.54348524, 31.98264253 ], [ 75.55064958, 31.98707871 ], [ 75.55830981, 32.00064561 ], [ 75.54730708, 32.0069307 ], [ 75.54227768, 32.02625608 ], [ 75.53381887, 32.03122391 ], [ 75.55902357, 32.03489729 ], [ 75.56535749, 32.04141333 ], [ 75.57062239, 32.06165042 ], [ 75.57680229, 32.07142885 ], [ 75.5934574, 32.08231261 ], [ 75.60085916, 32.09310822 ], [ 75.59783735, 32.09512706 ], [ 75.59419979, 32.11158557 ], [ 75.58527242, 32.1050953 ], [ 75.5825059, 32.10749311 ], [ 75.58601783, 32.11846511 ], [ 75.58869271, 32.11842702 ], [ 75.58737772, 32.14112854 ], [ 75.55160099, 32.13340662 ], [ 75.55196798, 32.13822692 ], [ 75.54279385, 32.14067568 ], [ 75.54346064, 32.14570917 ], [ 75.51046946, 32.14909686 ], [ 75.50580648, 32.14537563 ], [ 75.49693097, 32.15331842 ], [ 75.48125195, 32.15423157 ], [ 75.48085964, 32.15994198 ], [ 75.4631583, 32.15486035 ], [ 75.45793308, 32.1571675 ], [ 75.45531803, 32.15188411 ], [ 75.44049887, 32.15305575 ], [ 75.43441481, 32.1491767 ], [ 75.43796071, 32.15901912 ], [ 75.43374034, 32.16087092 ], [ 75.43414198, 32.16469694 ], [ 75.44047517, 32.16362598 ], [ 75.44223763, 32.16688737 ], [ 75.43011012, 32.16925083 ], [ 75.42061556, 32.16419171 ], [ 75.41203209, 32.17278308 ], [ 75.41314063, 32.17727089 ], [ 75.40349762, 32.17812221 ], [ 75.40073587, 32.19029189 ], [ 75.38950212, 32.18908379 ], [ 75.37938751, 32.18335885 ], [ 75.37746508, 32.19080036 ], [ 75.35836593, 32.1966596 ], [ 75.34637193, 32.20703953 ], [ 75.33450296, 32.20885221 ] ] ] } },
{ "type": "Feature", "properties": { "District": "Hoshiarpur", "State": "PB", "st_area_shape_": 3311000173.3248749 }, "geometry": { "type": "Polygon", "coordinates": [ [ [ 75.59585033, 32.06901857 ], [ 75.59642808, 32.08614426 ], [ 75.57680229, 32.07142885 ], [ 75.57062239, 32.06165042 ], [ 75.56535749, 32.04141333 ], [ 75.55902357, 32.03489729 ], [ 75.53381887, 32.03122391 ], [ 75.54227768, 32.02625608 ], [ 75.54730708, 32.0069307 ], [ 75.55830981, 32.00064561 ], [ 75.55064958, 31.98707871 ], [ 75.54348524, 31.98264253 ], [ 75.54644215, 31.98002676 ], [ 75.54290328, 31.97667177 ], [ 75.54156802, 31.96729833 ], [ 75.53765996, 31.9676773 ], [ 75.53385232, 31.96040168 ], [ 75.53103511, 31.94246642 ], [ 75.53697413, 31.94200607 ], [ 75.53999755, 31.92598754 ], [ 75.55662429, 31.89945557 ], [ 75.55932956, 31.88782333 ], [ 75.56503048, 31.88824524 ], [ 75.56910271, 31.87479151 ], [ 75.56950057, 31.8548948 ], [ 75.54778383, 31.84877513 ], [ 75.55139677, 31.83993867 ], [ 75.55104038, 31.82610885 ], [ 75.56237022, 31.82756929 ], [ 75.56468825, 31.81457114 ], [ 75.568545, 31.81429083 ], [ 75.56875514, 31.80565991 ], [ 75.56716443, 31.80034706 ], [ 75.55916097, 31.79948339 ], [ 75.56384742, 31.79483117 ], [ 75.55905072, 31.7822616 ], [ 75.5524968, 31.77677293 ], [ 75.53657094, 31.77796833 ], [ 75.52944621, 31.78231825 ], [ 75.54071646, 31.76505123 ], [ 75.53854472, 31.76496712 ], [ 75.53740251, 31.75071047 ], [ 75.54267996, 31.75052003 ], [ 75.53478164, 31.7367717 ], [ 75.51342487, 31.71285614 ], [ 75.49417164, 31.69803472 ], [ 75.49070898, 31.68043593 ], [ 75.4839798, 31.67713217 ], [ 75.48024423, 31.67175664 ], [ 75.48419551, 31.669629 ], [ 75.47138673, 31.65399451 ], [ 75.47434982, 31.65024666 ], [ 75.48537835, 31.65027912 ], [ 75.49795084, 31.64234168 ], [ 75.51990506, 31.64045679 ], [ 75.52475968, 31.63289564 ], [ 75.53153643, 31.63367515 ], [ 75.52893079, 31.63694645 ], [ 75.53278058, 31.64875683 ], [ 75.54283547, 31.64767725 ], [ 75.55088791, 31.63398678 ], [ 75.55553332, 31.63550719 ], [ 75.55695759, 31.64010024 ], [ 75.57230395, 31.63542849 ], [ 75.56715913, 31.61083414 ], [ 75.57115461, 31.60971061 ], [ 75.56993401, 31.61656989 ], [ 75.5735002, 31.61755752 ], [ 75.57609183, 31.60664209 ], [ 75.59381679, 31.60305348 ], [ 75.59778532, 31.60973534 ], [ 75.60391382, 31.6113523 ], [ 75.62467612, 31.60371932 ], [ 75.63220432, 31.6122232 ], [ 75.6391105, 31.61045495 ], [ 75.63952183, 31.61816334 ], [ 75.64996624, 31.61101962 ], [ 75.65050189, 31.60712074 ], [ 75.66123688, 31.60515281 ], [ 75.66860704, 31.60822508 ], [ 75.67238532, 31.60364056 ], [ 75.67196968, 31.59620042 ], [ 75.68143003, 31.59210221 ], [ 75.68154673, 31.57435685 ], [ 75.68897862, 31.56992367 ], [ 75.69531044, 31.55426648 ], [ 75.70355382, 31.55583556 ], [ 75.70559668, 31.54188869 ], [ 75.69933628, 31.53952166 ], [ 75.7026295, 31.52912047 ], [ 75.71213135, 31.52935419 ], [ 75.71705464, 31.52006817 ], [ 75.72307347, 31.52205626 ], [ 75.72693378, 31.51602029 ], [ 75.73329897, 31.51711158 ], [ 75.73326541, 31.50483448 ], [ 75.7381571, 31.50243764 ], [ 75.73434377, 31.49940488 ], [ 75.73604113, 31.49492349 ], [ 75.7435167, 31.49091463 ], [ 75.74396813, 31.48708786 ], [ 75.75286661, 31.48520815 ], [ 75.75933971, 31.47573428 ], [ 75.76450288, 31.47703976 ], [ 75.76949535, 31.47224097 ], [ 75.77857834, 31.4716352 ], [ 75.78216697, 31.46233833 ], [ 75.78755474, 31.45994491 ], [ 75.78351923, 31.45759299 ], [ 75.78674796, 31.45201069 ], [ 75.78978884, 31.44877959 ], [ 75.79947365, 31.45379757 ], [ 75.80567183, 31.43526742 ], [ 75.81556554, 31.43103536 ], [ 75.81655678, 31.42602228 ], [ 75.81227458, 31.42078669 ], [ 75.82044065, 31.40462901 ], [ 75.80559178, 31.39896711 ], [ 75.80357312, 31.38880612 ], [ 75.78107559, 31.3822601 ], [ 75.78602002, 31.36881194 ], [ 75.80154153, 31.37404996 ], [ 75.80466721, 31.36978312 ], [ 75.80870578, 31.37047579 ], [ 75.81232256, 31.36069646 ], [ 75.81651836, 31.36193376 ], [ 75.82173341, 31.35701206 ], [ 75.83358139, 31.36250451 ], [ 75.82966946, 31.36990765 ], [ 75.8497238, 31.37284978 ], [ 75.85685354, 31.34992173 ], [ 75.87867792, 31.35495492 ], [ 75.88264021, 31.34733242 ], [ 75.89103892, 31.34466732 ], [ 75.89110086, 31.34065892 ], [ 75.90575288, 31.34500566 ], [ 75.90466193, 31.33674118 ], [ 75.88494883, 31.33405753 ], [ 75.88037405, 31.32847527 ], [ 75.88018284, 31.32242587 ], [ 75.87730499, 31.32204017 ], [ 75.87718914, 31.32738889 ], [ 75.87102237, 31.32482802 ], [ 75.86633864, 31.31809036 ], [ 75.86708024, 31.31087786 ], [ 75.85300136, 31.29628105 ], [ 75.85555325, 31.28909439 ], [ 75.86393816, 31.29048806 ], [ 75.8645249, 31.28198439 ], [ 75.87554315, 31.28428966 ], [ 75.87771635, 31.29038811 ], [ 75.88167583, 31.29076809 ], [ 75.8874051, 31.28448866 ], [ 75.88967972, 31.2754001 ], [ 75.90066687, 31.28083259 ], [ 75.91092792, 31.27910749 ], [ 75.91576572, 31.28451143 ], [ 75.91856486, 31.28108958 ], [ 75.91613254, 31.27939587 ], [ 75.9250811, 31.27613231 ], [ 75.9248262, 31.27255507 ], [ 75.93068979, 31.26864962 ], [ 75.93410382, 31.27423917 ], [ 75.94247482, 31.27394189 ], [ 75.94515168, 31.26757362 ], [ 75.95470855, 31.26078383 ], [ 75.9527785, 31.25555282 ], [ 75.96783458, 31.25723185 ], [ 75.97138667, 31.25292315 ], [ 75.99321862, 31.25875754 ], [ 76.00297647, 31.24441821 ], [ 76.00756046, 31.24446023 ], [ 76.02529865, 31.25924121 ], [ 76.02913372, 31.2506078 ], [ 76.02632812, 31.24985898 ], [ 76.02793706, 31.24256821 ], [ 76.05463947, 31.22625337 ], [ 76.04500733, 31.21849573 ], [ 76.04930944, 31.213495 ], [ 76.06529832, 31.21876991 ], [ 76.06526433, 31.22576005 ], [ 76.07746466, 31.22816805 ], [ 76.08566766, 31.22579402 ], [ 76.08859895, 31.21432723 ], [ 76.08528461, 31.20285002 ], [ 76.09407509, 31.19209795 ], [ 76.09355633, 31.18631109 ], [ 76.11617565, 31.16706664 ], [ 76.12957538, 31.16940891 ], [ 76.13720345, 31.14688445 ], [ 76.143856, 31.15216669 ], [ 76.1559424, 31.15283827 ], [ 76.15605928, 31.14084066 ], [ 76.16656227, 31.14032761 ], [ 76.17010172, 31.13452651 ], [ 76.18076624, 31.13577524 ], [ 76.18776571, 31.13288794 ], [ 76.20998794, 31.13715291 ], [ 76.20087932, 31.15634776 ], [ 76.20775458, 31.15902746 ], [ 76.2052149, 31.16904644 ], [ 76.19686611, 31.17619975 ], [ 76.19570943, 31.18375229 ], [ 76.20856022, 31.19119309 ], [ 76.21187399, 31.18567981 ], [ 76.23455212, 31.18581524 ], [ 76.24592895, 31.19636516 ], [ 76.23673553, 31.20679669 ], [ 76.23478967, 31.20086108 ], [ 76.22466426, 31.19833493 ], [ 76.23009925, 31.21328588 ], [ 76.23455172, 31.21722342 ], [ 76.23543315, 31.2263293 ], [ 76.23875988, 31.22667232 ], [ 76.23633965, 31.24419961 ], [ 76.24445758, 31.24512682 ], [ 76.25697998, 31.23653602 ], [ 76.27722692, 31.23526364 ], [ 76.28133467, 31.22868199 ], [ 76.29473756, 31.22042859 ], [ 76.31816353, 31.21423517 ], [ 76.33170009, 31.22863123 ], [ 76.34210773, 31.23102629 ], [ 76.3478981, 31.23588558 ], [ 76.34933866, 31.24144257 ], [ 76.33980131, 31.24555422 ], [ 76.34119882, 31.2509905 ], [ 76.33161429, 31.25938285 ], [ 76.32966682, 31.26608986 ], [ 76.30848985, 31.27759739 ], [ 76.31038485, 31.29063391 ], [ 76.30599503, 31.29413851 ], [ 76.29679125, 31.29072615 ], [ 76.28800299, 31.295912 ], [ 76.28946209, 31.30683348 ], [ 76.27490035, 31.3007879 ], [ 76.27038798, 31.3037196 ], [ 76.26887754, 31.31306679 ], [ 76.25007767, 31.3079042 ], [ 76.23950331, 31.30852063 ], [ 76.21395149, 31.29945875 ], [ 76.18917758, 31.30052305 ], [ 76.17961154, 31.30714959 ], [ 76.18135757, 31.33371709 ], [ 76.17880425, 31.340536 ], [ 76.1590958, 31.34367355 ], [ 76.14933848, 31.35332554 ], [ 76.14722826, 31.37832431 ], [ 76.16855759, 31.3963098 ], [ 76.16636889, 31.40579564 ], [ 76.16862163, 31.40971554 ], [ 76.16014358, 31.41476273 ], [ 76.16255843, 31.42127062 ], [ 76.15670754, 31.43054345 ], [ 76.14574638, 31.43394227 ], [ 76.13896901, 31.44875899 ], [ 76.13312635, 31.45194773 ], [ 76.13544461, 31.45893867 ], [ 76.13102298, 31.46359695 ], [ 76.13067763, 31.47109633 ], [ 76.11703155, 31.48307196 ], [ 76.12044348, 31.48792156 ], [ 76.12082991, 31.4976037 ], [ 76.11308671, 31.4999445 ], [ 76.10662032, 31.50977329 ], [ 76.09850557, 31.53646195 ], [ 76.08162829, 31.55199294 ], [ 76.07309267, 31.56345044 ], [ 76.07202947, 31.56964416 ], [ 76.05620205, 31.58517432 ], [ 76.05751128, 31.58864244 ], [ 76.05328241, 31.59303121 ], [ 76.0578712, 31.59555183 ], [ 76.05516598, 31.60565891 ], [ 76.04611063, 31.6033517 ], [ 76.01772157, 31.63218728 ], [ 76.02101997, 31.64072643 ], [ 76.0171876, 31.64524954 ], [ 76.01840646, 31.64885153 ], [ 76.00891396, 31.65341613 ], [ 76.00010006, 31.6876035 ], [ 75.99311855, 31.69690301 ], [ 75.99294818, 31.70346696 ], [ 75.97945629, 31.72608742 ], [ 75.97852079, 31.7334225 ], [ 75.97264452, 31.73872052 ], [ 75.97513615, 31.74379797 ], [ 75.96020001, 31.78116134 ], [ 75.95309641, 31.78332303 ], [ 75.95305412, 31.78963431 ], [ 75.93666883, 31.81545539 ], [ 75.94748182, 31.81305354 ], [ 75.96734806, 31.82384756 ], [ 75.97558672, 31.81878851 ], [ 75.97854291, 31.81303971 ], [ 75.98652107, 31.81227379 ], [ 75.98647279, 31.8179659 ], [ 75.97121155, 31.82852091 ], [ 75.96117697, 31.85489594 ], [ 75.9155338, 31.93107689 ], [ 75.91038581, 31.95017897 ], [ 75.88310078, 31.9656523 ], [ 75.88300434, 31.9689527 ], [ 75.85696115, 31.97386435 ], [ 75.85102204, 31.98221053 ], [ 75.82168713, 31.98398197 ], [ 75.79963356, 31.99381865 ], [ 75.77975304, 32.0047122 ], [ 75.75079691, 32.0377525 ], [ 75.74232583, 32.03941258 ], [ 75.72352908, 32.03303598 ], [ 75.71072113, 32.04146469 ], [ 75.70798799, 32.0495131 ], [ 75.69832654, 32.0580548 ], [ 75.67827517, 32.06336062 ], [ 75.67463843, 32.07056505 ], [ 75.6581066, 32.07772848 ], [ 75.63646501, 32.07144815 ], [ 75.63135845, 32.07448029 ], [ 75.62041771, 32.07259534 ], [ 75.60164506, 32.06585752 ], [ 75.60071881, 32.06910782 ], [ 75.59585033, 32.06901857 ] ] ] } },
{ "type": "Feature", "properties": { "District": "Jalandhar", "State": "PB", "st_area_shape_": 2580254706.261477 }, "geometry": { "type": "MultiPolygon", "coordinates": [ [ [ [ 75.64051234, 31.61799816 ], [ 75.6391105, 31.61045495 ], [ 75.63220432, 31.6122232 ], [ 75.62467612, 31.60371932 ], [ 75.60707054, 31.61096106 ], [ 75.59778532, 31.60973534 ], [ 75.59381679, 31.60305348 ], [ 75.60126204, 31.59224643 ], [ 75.60301841, 31.58370507 ], [ 75.5951258, 31.58615399 ], [ 75.59183287, 31.57521197 ], [ 75.60225924, 31.56331198 ], [ 75.5959313, 31.55516729 ], [ 75.57927269, 31.56259933 ], [ 75.57266922, 31.5476208 ], [ 75.57702156, 31.5422905 ], [ 75.56902597, 31.53637935 ], [ 75.55328679, 31.53434921 ], [ 75.5474294, 31.5424138 ], [ 75.54040965, 31.54540361 ], [ 75.52464011, 31.54372389 ], [ 75.52234084, 31.53907487 ], [ 75.53113845, 31.537161 ], [ 75.54046626, 31.52832988 ], [ 75.53913959, 31.51613702 ], [ 75.53101376, 31.51250348 ], [ 75.53125803, 31.51732377 ], [ 75.52605308, 31.51886962 ], [ 75.52634483, 31.52133022 ], [ 75.51229574, 31.51744411 ], [ 75.51787276, 31.51218744 ], [ 75.51374324, 31.50451918 ], [ 75.51830487, 31.50346925 ], [ 75.51955259, 31.49982853 ], [ 75.51869146, 31.4899673 ], [ 75.50850412, 31.48002025 ], [ 75.51137322, 31.47051918 ], [ 75.51694307, 31.46553155 ], [ 75.51295847, 31.45940605 ], [ 75.49885544, 31.46906118 ], [ 75.49025656, 31.470821 ], [ 75.48897903, 31.48433902 ], [ 75.48014285, 31.48448172 ], [ 75.47419858, 31.4964187 ], [ 75.45877053, 31.49859319 ], [ 75.45070167, 31.49687859 ], [ 75.44860168, 31.49352885 ], [ 75.44665027, 31.49596995 ], [ 75.44132292, 31.49477875 ], [ 75.44003865, 31.48472567 ], [ 75.44352529, 31.48163559 ], [ 75.44472985, 31.47317692 ], [ 75.44836938, 31.47065998 ], [ 75.45766081, 31.47293386 ], [ 75.45844843, 31.47058319 ], [ 75.45244779, 31.46895475 ], [ 75.45629109, 31.45744208 ], [ 75.46637981, 31.44644308 ], [ 75.46468091, 31.43901984 ], [ 75.45924087, 31.44016129 ], [ 75.45791924, 31.43743472 ], [ 75.45028261, 31.44407032 ], [ 75.44513263, 31.43879369 ], [ 75.45293164, 31.42942454 ], [ 75.45074309, 31.42711419 ], [ 75.44239081, 31.43256625 ], [ 75.43692073, 31.42582319 ], [ 75.43169101, 31.41417141 ], [ 75.44196603, 31.40533348 ], [ 75.43350907, 31.39352462 ], [ 75.43689246, 31.39067465 ], [ 75.43654398, 31.38501841 ], [ 75.43935362, 31.38250864 ], [ 75.46046244, 31.38131907 ], [ 75.4667455, 31.38537922 ], [ 75.47209387, 31.39575247 ], [ 75.49096613, 31.3847814 ], [ 75.48730153, 31.37508178 ], [ 75.48082993, 31.37617797 ], [ 75.47972979, 31.37230009 ], [ 75.46713408, 31.37122819 ], [ 75.4641106, 31.37479897 ], [ 75.45573892, 31.37207716 ], [ 75.45776741, 31.36313837 ], [ 75.46121373, 31.36095551 ], [ 75.46900461, 31.36194335 ], [ 75.47744796, 31.36773912 ], [ 75.48216196, 31.36440085 ], [ 75.47862769, 31.35346098 ], [ 75.48103976, 31.35174045 ], [ 75.4688921, 31.32530403 ], [ 75.44821268, 31.32481374 ], [ 75.43414411, 31.31788304 ], [ 75.44283411, 31.30635891 ], [ 75.43655003, 31.29295202 ], [ 75.43756004, 31.28947335 ], [ 75.44832317, 31.2877923 ], [ 75.45308219, 31.2856672 ], [ 75.45253015, 31.28205817 ], [ 75.46289501, 31.27996247 ], [ 75.46785528, 31.2574505 ], [ 75.47213047, 31.25379324 ], [ 75.46180788, 31.24374694 ], [ 75.46086668, 31.23560472 ], [ 75.43974119, 31.24101385 ], [ 75.43550308, 31.2383446 ], [ 75.43358676, 31.229244 ], [ 75.42306649, 31.22945286 ], [ 75.42430617, 31.23586149 ], [ 75.41921897, 31.23973457 ], [ 75.42245051, 31.24558783 ], [ 75.41791366, 31.24977827 ], [ 75.40624968, 31.24488706 ], [ 75.4002335, 31.24759017 ], [ 75.3894313, 31.24445579 ], [ 75.38189014, 31.23227912 ], [ 75.37657246, 31.2307818 ], [ 75.36790357, 31.23970099 ], [ 75.36187586, 31.23585174 ], [ 75.36388407, 31.22600359 ], [ 75.34477293, 31.23196133 ], [ 75.33786047, 31.22146957 ], [ 75.3249304, 31.21458873 ], [ 75.32054202, 31.20716876 ], [ 75.30135707, 31.2064715 ], [ 75.29497642, 31.19155427 ], [ 75.29133492, 31.19193173 ], [ 75.2855053, 31.18508566 ], [ 75.27676075, 31.18722782 ], [ 75.27067658, 31.17488642 ], [ 75.27437562, 31.17378316 ], [ 75.27535434, 31.16785486 ], [ 75.27124442, 31.16058933 ], [ 75.27591314, 31.15895335 ], [ 75.26988207, 31.14816 ], [ 75.25445847, 31.15398786 ], [ 75.23033128, 31.15259155 ], [ 75.22681265, 31.15793654 ], [ 75.22969085, 31.16569779 ], [ 75.22271674, 31.1765092 ], [ 75.2148931, 31.18324408 ], [ 75.20514139, 31.18498785 ], [ 75.18918512, 31.17683087 ], [ 75.18438227, 31.16515622 ], [ 75.17013975, 31.16340636 ], [ 75.15810139, 31.1682867 ], [ 75.14508785, 31.16656541 ], [ 75.1414272, 31.17039108 ], [ 75.12557566, 31.16943651 ], [ 75.11478442, 31.15576626 ], [ 75.10961044, 31.15556145 ], [ 75.1055267, 31.15077497 ], [ 75.08800321, 31.15316257 ], [ 75.08187291, 31.15107953 ], [ 75.08344046, 31.14673003 ], [ 75.07704598, 31.13430985 ], [ 75.10094702, 31.12576795 ], [ 75.10895288, 31.12940473 ], [ 75.12587114, 31.12121108 ], [ 75.1318605, 31.11639844 ], [ 75.13094888, 31.11310373 ], [ 75.13841801, 31.10843362 ], [ 75.13567873, 31.1048238 ], [ 75.15002849, 31.09782824 ], [ 75.1458073, 31.0857442 ], [ 75.15313476, 31.0837798 ], [ 75.16244992, 31.08951246 ], [ 75.16319258, 31.08262209 ], [ 75.17250852, 31.08310177 ], [ 75.18340979, 31.07774291 ], [ 75.17404469, 31.06004971 ], [ 75.17732123, 31.05312288 ], [ 75.19016351, 31.05605772 ], [ 75.20681395, 31.05417378 ], [ 75.20999506, 31.04026527 ], [ 75.20132623, 31.02614928 ], [ 75.20401191, 31.02017969 ], [ 75.20516572, 31.02772915 ], [ 75.20821532, 31.02565934 ], [ 75.21559683, 31.03220628 ], [ 75.22381792, 31.02917496 ], [ 75.22412375, 31.03463812 ], [ 75.23023612, 31.03730758 ], [ 75.23904791, 31.03165028 ], [ 75.25243799, 31.03276253 ], [ 75.25576681, 31.03002529 ], [ 75.2591186, 31.03775841 ], [ 75.2537818, 31.04437834 ], [ 75.26791841, 31.04364765 ], [ 75.27129944, 31.03670523 ], [ 75.28160791, 31.04210601 ], [ 75.29103443, 31.03565869 ], [ 75.29494319, 31.01491571 ], [ 75.30882098, 31.01451631 ], [ 75.30983996, 31.00931714 ], [ 75.32049734, 31.00729149 ], [ 75.32779147, 31.00986302 ], [ 75.32823194, 31.00362646 ], [ 75.33623027, 30.9983228 ], [ 75.34170117, 30.98788082 ], [ 75.3478213, 30.9969032 ], [ 75.35631768, 31.00134145 ], [ 75.35677823, 30.99331561 ], [ 75.36725524, 30.99071987 ], [ 75.37171142, 30.99809185 ], [ 75.37478756, 30.99842103 ], [ 75.3756774, 30.99448727 ], [ 75.38377157, 30.98920352 ], [ 75.3975066, 30.99646218 ], [ 75.40168725, 30.9940607 ], [ 75.40487517, 30.98082128 ], [ 75.4088943, 30.9788706 ], [ 75.42040276, 30.9862108 ], [ 75.43670196, 30.98020862 ], [ 75.45648666, 30.98247955 ], [ 75.46232202, 30.97476459 ], [ 75.47394845, 30.98092477 ], [ 75.48206442, 30.96792822 ], [ 75.48847688, 30.97101137 ], [ 75.4960297, 30.96776829 ], [ 75.50615129, 30.97313748 ], [ 75.50638327, 30.97637573 ], [ 75.51468675, 30.97626201 ], [ 75.53243149, 30.97177288 ], [ 75.53706143, 30.9661596 ], [ 75.54304101, 30.96821587 ], [ 75.5429931, 30.97594086 ], [ 75.57562546, 30.97757825 ], [ 75.58498679, 30.97026749 ], [ 75.60624185, 30.96952903 ], [ 75.61007065, 30.97510548 ], [ 75.64253686, 30.97713184 ], [ 75.64175612, 30.97977806 ], [ 75.66798397, 30.98491613 ], [ 75.67694367, 30.99148673 ], [ 75.71643051, 31.00015712 ], [ 75.71525157, 31.00442247 ], [ 75.73566617, 31.00537881 ], [ 75.7354012, 31.00899051 ], [ 75.74696334, 31.01277418 ], [ 75.76394483, 31.01311089 ], [ 75.7623081, 31.00912476 ], [ 75.77036175, 31.0095077 ], [ 75.77134946, 31.0030839 ], [ 75.77753961, 31.00322766 ], [ 75.78172949, 30.99786165 ], [ 75.79257138, 30.99408883 ], [ 75.81747428, 30.99634443 ], [ 75.82014619, 31.00047696 ], [ 75.85615712, 31.00096916 ], [ 75.85642988, 31.00435914 ], [ 75.86491245, 31.00425039 ], [ 75.86719014, 31.00819789 ], [ 75.88443491, 31.00896622 ], [ 75.89848483, 31.00483633 ], [ 75.89771329, 31.00823286 ], [ 75.90565191, 31.01673547 ], [ 75.91240228, 31.01753284 ], [ 75.92113652, 31.01167455 ], [ 75.9525413, 31.01033619 ], [ 75.9570779, 31.01790044 ], [ 75.95123056, 31.02163343 ], [ 75.94716543, 31.03025218 ], [ 75.94746641, 31.03861678 ], [ 75.94193653, 31.05335349 ], [ 75.94502245, 31.05875604 ], [ 75.9305686, 31.06501577 ], [ 75.93265875, 31.07656575 ], [ 75.92664966, 31.0942654 ], [ 75.91265833, 31.09936644 ], [ 75.91607898, 31.10740524 ], [ 75.90330376, 31.12548477 ], [ 75.89810732, 31.15534724 ], [ 75.89078679, 31.15388447 ], [ 75.88803961, 31.14574823 ], [ 75.88383755, 31.14851682 ], [ 75.88581769, 31.16612122 ], [ 75.87266854, 31.16267635 ], [ 75.86262454, 31.17396354 ], [ 75.85442943, 31.17470816 ], [ 75.85153852, 31.18295269 ], [ 75.81422882, 31.18819121 ], [ 75.80689605, 31.19322966 ], [ 75.78664354, 31.1984285 ], [ 75.77991834, 31.19574922 ], [ 75.77581019, 31.18911667 ], [ 75.7741014, 31.18416069 ], [ 75.77881486, 31.17778008 ], [ 75.7781491, 31.16599098 ], [ 75.7697216, 31.1600202 ], [ 75.75960697, 31.16423605 ], [ 75.70808655, 31.16497149 ], [ 75.69705058, 31.17765743 ], [ 75.69507851, 31.18430807 ], [ 75.69831037, 31.18837649 ], [ 75.68675328, 31.19632125 ], [ 75.69333953, 31.21082677 ], [ 75.70747045, 31.21507661 ], [ 75.712323, 31.22013188 ], [ 75.70917874, 31.23484244 ], [ 75.69897618, 31.24626497 ], [ 75.69408968, 31.24400333 ], [ 75.69104271, 31.23492096 ], [ 75.68346826, 31.23051879 ], [ 75.67015306, 31.23795717 ], [ 75.67205357, 31.24583136 ], [ 75.67906052, 31.24586066 ], [ 75.67060646, 31.25006867 ], [ 75.68289709, 31.25381033 ], [ 75.67905062, 31.25728815 ], [ 75.68171994, 31.2639802 ], [ 75.67300426, 31.26903755 ], [ 75.67534235, 31.28662676 ], [ 75.67891424, 31.2878548 ], [ 75.67716492, 31.2915472 ], [ 75.69904232, 31.28305982 ], [ 75.69852245, 31.28735062 ], [ 75.70415918, 31.28561796 ], [ 75.69688314, 31.29817477 ], [ 75.6858121, 31.3033117 ], [ 75.68295828, 31.31520442 ], [ 75.68645165, 31.31835537 ], [ 75.71930898, 31.31399006 ], [ 75.72221516, 31.31654479 ], [ 75.71788405, 31.32627284 ], [ 75.70827516, 31.33202482 ], [ 75.70827842, 31.33852332 ], [ 75.70038196, 31.34121492 ], [ 75.70022945, 31.3441928 ], [ 75.70931501, 31.34761277 ], [ 75.71233729, 31.34406685 ], [ 75.72821828, 31.34212629 ], [ 75.73699179, 31.33242515 ], [ 75.73695471, 31.32237484 ], [ 75.73945439, 31.32142493 ], [ 75.74849156, 31.33017752 ], [ 75.75588196, 31.3285905 ], [ 75.76284871, 31.33486689 ], [ 75.76102154, 31.33669264 ], [ 75.76506366, 31.33643604 ], [ 75.76449958, 31.35166183 ], [ 75.78848829, 31.36253096 ], [ 75.78107559, 31.3822601 ], [ 75.80357312, 31.38880612 ], [ 75.80559178, 31.39896711 ], [ 75.82044065, 31.40462901 ], [ 75.81227458, 31.42078669 ], [ 75.81655678, 31.42602228 ], [ 75.81556554, 31.43103536 ], [ 75.80567183, 31.43526742 ], [ 75.79947365, 31.45379757 ], [ 75.78978884, 31.44877959 ], [ 75.78357817, 31.45685718 ], [ 75.78755474, 31.45994491 ], [ 75.78216697, 31.46233833 ], [ 75.77857834, 31.4716352 ], [ 75.76949535, 31.47224097 ], [ 75.76450288, 31.47703976 ], [ 75.75933971, 31.47573428 ], [ 75.75286661, 31.48520815 ], [ 75.74396813, 31.48708786 ], [ 75.7435167, 31.49091463 ], [ 75.73604113, 31.49492349 ], [ 75.73434377, 31.49940488 ], [ 75.7381571, 31.50243764 ], [ 75.73326541, 31.50483448 ], [ 75.73329897, 31.51711158 ], [ 75.72693378, 31.51602029 ], [ 75.72307347, 31.52205626 ], [ 75.71705464, 31.52006817 ], [ 75.71213135, 31.52935419 ], [ 75.7026295, 31.52912047 ], [ 75.69933628, 31.53952166 ], [ 75.70559668, 31.54188869 ], [ 75.70355382, 31.55583556 ], [ 75.69531044, 31.55426648 ], [ 75.68897862, 31.56992367 ], [ 75.68154673, 31.57435685 ], [ 75.68143003, 31.59210221 ], [ 75.6717409, 31.59649986 ], [ 75.6713715, 31.60596158 ], [ 75.66860704, 31.60822508 ], [ 75.66123688, 31.60515281 ], [ 75.65006969, 31.60727967 ], [ 75.64996624, 31.61101962 ], [ 75.64051234, 31.61799816 ] ] ], [ [ [ 75.19545796, 31.03529876 ], [ 75.19630538, 31.04398185 ], [ 75.19371983, 31.04877591 ], [ 75.19010149, 31.04675264 ], [ 75.19545796, 31.03529876 ] ] ] ] } },
{ "type": "Feature", "properties": { "District": "Kapurthala", "State": "PB", "st_area_shape_": 1594792027.5964179 }, "geometry": { "type": "MultiPolygon", "coordinates": [ [ [ [ 75.49757416, 31.6424589 ], [ 75.48617162, 31.64998825 ], [ 75.47602744, 31.65161277 ], [ 75.47035848, 31.64675541 ], [ 75.46799991, 31.63636766 ], [ 75.42562619, 31.62774404 ], [ 75.41933531, 31.62164748 ], [ 75.41248644, 31.59837832 ], [ 75.40225768, 31.59245001 ], [ 75.39600453, 31.58057651 ], [ 75.3747302, 31.57897034 ], [ 75.35869352, 31.56847201 ], [ 75.3453239, 31.55419003 ], [ 75.34306173, 31.55595273 ], [ 75.32754051, 31.54254648 ], [ 75.28372606, 31.48289737 ], [ 75.26707593, 31.48004956 ], [ 75.25275786, 31.46938046 ], [ 75.24323916, 31.45524168 ], [ 75.2349551, 31.45924595 ], [ 75.22447449, 31.42198553 ], [ 75.21407441, 31.42195665 ], [ 75.21004216, 31.43514379 ], [ 75.19971313, 31.4361015 ], [ 75.19166966, 31.43318055 ], [ 75.18707594, 31.42473976 ], [ 75.18642637, 31.41471387 ], [ 75.19427758, 31.40801293 ], [ 75.18781912, 31.40760431 ], [ 75.1785441, 31.39892609 ], [ 75.18143651, 31.39604075 ], [ 75.16830413, 31.37914317 ], [ 75.16328518, 31.38298396 ], [ 75.15602068, 31.3652022 ], [ 75.15726, 31.36182134 ], [ 75.16501532, 31.36159028 ], [ 75.16434594, 31.35678477 ], [ 75.14602238, 31.33679185 ], [ 75.14779221, 31.32014332 ], [ 75.1345613, 31.31054639 ], [ 75.1182523, 31.32035304 ], [ 75.10675075, 31.31686543 ], [ 75.10958727, 31.31095403 ], [ 75.09337835, 31.28390658 ], [ 75.10387467, 31.27971834 ], [ 75.08189104, 31.27320728 ], [ 75.07934936, 31.26893723 ], [ 75.08220601, 31.2675982 ], [ 75.07929825, 31.26458632 ], [ 75.08095124, 31.24982934 ], [ 75.05933415, 31.23096094 ], [ 75.05979109, 31.21086588 ], [ 75.05064539, 31.20188347 ], [ 75.05237415, 31.19854085 ], [ 75.0477583, 31.19093704 ], [ 75.03707586, 31.18953479 ], [ 75.00938686, 31.17421605 ], [ 75.00443155, 31.17417079 ], [ 74.98605402, 31.15893708 ], [ 74.96484057, 31.15360891 ], [ 74.96016383, 31.14731221 ], [ 75.00162006, 31.12141214 ], [ 75.00987868, 31.12030405 ], [ 75.01324738, 31.13139116 ], [ 75.00661683, 31.14500262 ], [ 75.01379042, 31.14514836 ], [ 75.01337024, 31.14822752 ], [ 75.0182586, 31.14816813 ], [ 75.02411181, 31.15643446 ], [ 75.03694662, 31.1509887 ], [ 75.04272659, 31.15489758 ], [ 75.06086424, 31.14591841 ], [ 75.06173633, 31.14915232 ], [ 75.06818694, 31.14561332 ], [ 75.074638, 31.14767967 ], [ 75.07936197, 31.15293162 ], [ 75.10317867, 31.15015815 ], [ 75.10961044, 31.15556145 ], [ 75.11478442, 31.15576626 ], [ 75.1228549, 31.16779654 ], [ 75.13080187, 31.17116785 ], [ 75.1414272, 31.17039108 ], [ 75.14508785, 31.16656541 ], [ 75.15810139, 31.1682867 ], [ 75.16884579, 31.16354396 ], [ 75.18438227, 31.16515622 ], [ 75.18918512, 31.17683087 ], [ 75.20514139, 31.18498785 ], [ 75.2148931, 31.18324408 ], [ 75.22271674, 31.1765092 ], [ 75.22969085, 31.16569779 ], [ 75.22681265, 31.15793654 ], [ 75.23033128, 31.15259155 ], [ 75.25445847, 31.15398786 ], [ 75.26988207, 31.14816 ], [ 75.27591314, 31.15895335 ], [ 75.27124442, 31.16058933 ], [ 75.27535434, 31.16785486 ], [ 75.27437562, 31.17378316 ], [ 75.27067658, 31.17488642 ], [ 75.27676075, 31.18722782 ], [ 75.2855053, 31.18508566 ], [ 75.29133492, 31.19193173 ], [ 75.29497642, 31.19155427 ], [ 75.30135707, 31.2064715 ], [ 75.32054202, 31.20716876 ], [ 75.3249304, 31.21458873 ], [ 75.33786047, 31.22146957 ], [ 75.34477293, 31.23196133 ], [ 75.36388407, 31.22600359 ], [ 75.36187586, 31.23585174 ], [ 75.36790357, 31.23970099 ], [ 75.37657246, 31.2307818 ], [ 75.38189014, 31.23227912 ], [ 75.3894313, 31.24445579 ], [ 75.4002335, 31.24759017 ], [ 75.40624968, 31.24488706 ], [ 75.41791366, 31.24977827 ], [ 75.42245051, 31.24558783 ], [ 75.41921897, 31.23973457 ], [ 75.42430617, 31.23586149 ], [ 75.42306649, 31.22945286 ], [ 75.43358676, 31.229244 ], [ 75.43550308, 31.2383446 ], [ 75.43974119, 31.24101385 ], [ 75.46086668, 31.23560472 ], [ 75.46180788, 31.24374694 ], [ 75.47213047, 31.25379324 ], [ 75.46785528, 31.2574505 ], [ 75.46289501, 31.27996247 ], [ 75.45253015, 31.28205817 ], [ 75.45308219, 31.2856672 ], [ 75.44832317, 31.2877923 ], [ 75.43756004, 31.28947335 ], [ 75.43655003, 31.29295202 ], [ 75.44283411, 31.30635891 ], [ 75.43414411, 31.31788304 ], [ 75.44821268, 31.32481374 ], [ 75.4688921, 31.32530403 ], [ 75.48103976, 31.35174045 ], [ 75.47862769, 31.35346098 ], [ 75.48216196, 31.36440085 ], [ 75.47744796, 31.36773912 ], [ 75.46900461, 31.36194335 ], [ 75.46121373, 31.36095551 ], [ 75.45776741, 31.36313837 ], [ 75.45573892, 31.37207716 ], [ 75.4641106, 31.37479897 ], [ 75.46713408, 31.37122819 ], [ 75.47972979, 31.37230009 ], [ 75.48082993, 31.37617797 ], [ 75.48730153, 31.37508178 ], [ 75.49096613, 31.3847814 ], [ 75.47209387, 31.39575247 ], [ 75.4667455, 31.38537922 ], [ 75.46046244, 31.38131907 ], [ 75.43935362, 31.38250864 ], [ 75.43654398, 31.38501841 ], [ 75.43689246, 31.39067465 ], [ 75.43350907, 31.39352462 ], [ 75.44196603, 31.40533348 ], [ 75.43169101, 31.41417141 ], [ 75.43692073, 31.42582319 ], [ 75.44239081, 31.43256625 ], [ 75.45074309, 31.42711419 ], [ 75.45293164, 31.42942454 ], [ 75.44513263, 31.43879369 ], [ 75.45028261, 31.44407032 ], [ 75.45791924, 31.43743472 ], [ 75.45924087, 31.44016129 ], [ 75.46468091, 31.43901984 ], [ 75.46637981, 31.44644308 ], [ 75.45629109, 31.45744208 ], [ 75.45244779, 31.46895475 ], [ 75.45844843, 31.47058319 ], [ 75.45766081, 31.47293386 ], [ 75.44836938, 31.47065998 ], [ 75.44472985, 31.47317692 ], [ 75.44352529, 31.48163559 ], [ 75.44003865, 31.48472567 ], [ 75.44132292, 31.49477875 ], [ 75.44665027, 31.49596995 ], [ 75.44860168, 31.49352885 ], [ 75.45070167, 31.49687859 ], [ 75.45877053, 31.49859319 ], [ 75.47419858, 31.4964187 ], [ 75.48014285, 31.48448172 ], [ 75.48897903, 31.48433902 ], [ 75.49025656, 31.470821 ], [ 75.49885544, 31.46906118 ], [ 75.51295847, 31.45940605 ], [ 75.51694307, 31.46553155 ], [ 75.51137322, 31.47051918 ], [ 75.50850412, 31.48002025 ], [ 75.51869146, 31.4899673 ], [ 75.51955259, 31.49982853 ], [ 75.51830487, 31.50346925 ], [ 75.51374324, 31.50451918 ], [ 75.51787276, 31.51218744 ], [ 75.51229574, 31.51744411 ], [ 75.52634483, 31.52133022 ], [ 75.52605308, 31.51886962 ], [ 75.53125803, 31.51732377 ], [ 75.53101376, 31.51250348 ], [ 75.53913959, 31.51613702 ], [ 75.54046626, 31.52832988 ], [ 75.53113845, 31.537161 ], [ 75.52234084, 31.53907487 ], [ 75.52464011, 31.54372389 ], [ 75.54040965, 31.54540361 ], [ 75.5474294, 31.5424138 ], [ 75.55328679, 31.53434921 ], [ 75.56638768, 31.53570439 ], [ 75.57702156, 31.5422905 ], [ 75.57266922, 31.5476208 ], [ 75.57927269, 31.56259933 ], [ 75.5959313, 31.55516729 ], [ 75.60225924, 31.56331198 ], [ 75.59183287, 31.57521197 ], [ 75.5951258, 31.58615399 ], [ 75.60305999, 31.58423764 ], [ 75.59361246, 31.6046889 ], [ 75.57609183, 31.60664209 ], [ 75.5735002, 31.61755752 ], [ 75.56993401, 31.61656989 ], [ 75.57115461, 31.60971061 ], [ 75.56715913, 31.61083414 ], [ 75.57230395, 31.63542849 ], [ 75.55695759, 31.64010024 ], [ 75.55553332, 31.63550719 ], [ 75.55088791, 31.63398678 ], [ 75.53977405, 31.64868906 ], [ 75.53206962, 31.64870941 ], [ 75.52893079, 31.63694645 ], [ 75.53222962, 31.63515923 ], [ 75.53063012, 31.63325039 ], [ 75.52475968, 31.63289564 ], [ 75.51990506, 31.64045679 ], [ 75.49757416, 31.6424589 ] ] ], [ [ [ 75.80245366, 31.37255118 ], [ 75.78758469, 31.3686367 ], [ 75.78848829, 31.36253096 ], [ 75.76449958, 31.35166183 ], [ 75.76506366, 31.33643604 ], [ 75.76102154, 31.33669264 ], [ 75.76284871, 31.33486689 ], [ 75.75588196, 31.3285905 ], [ 75.74909567, 31.33042387 ], [ 75.73980975, 31.32165853 ], [ 75.73695471, 31.32237484 ], [ 75.73699179, 31.33242515 ], [ 75.72821828, 31.34212629 ], [ 75.70653713, 31.34738178 ], [ 75.69967761, 31.34177694 ], [ 75.70827842, 31.33852332 ], [ 75.70827516, 31.33202482 ], [ 75.71788405, 31.32627284 ], [ 75.72221516, 31.31654479 ], [ 75.71930898, 31.31399006 ], [ 75.68645165, 31.31835537 ], [ 75.68295828, 31.31520442 ], [ 75.6858121, 31.3033117 ], [ 75.69688314, 31.29817477 ], [ 75.70415918, 31.28561796 ], [ 75.69852245, 31.28735062 ], [ 75.69904232, 31.28305982 ], [ 75.67716492, 31.2915472 ], [ 75.67891424, 31.2878548 ], [ 75.67534235, 31.28662676 ], [ 75.67300426, 31.26903755 ], [ 75.68171994, 31.2639802 ], [ 75.67905062, 31.25728815 ], [ 75.68289709, 31.25381033 ], [ 75.67060646, 31.25006867 ], [ 75.67906052, 31.24586066 ], [ 75.67205357, 31.24583136 ], [ 75.67015306, 31.23795717 ], [ 75.68346826, 31.23051879 ], [ 75.69104271, 31.23492096 ], [ 75.69776244, 31.24645434 ], [ 75.70917874, 31.23484244 ], [ 75.712323, 31.22013188 ], [ 75.70747045, 31.21507661 ], [ 75.69333953, 31.21082677 ], [ 75.68675328, 31.19632125 ], [ 75.69831037, 31.18837649 ], [ 75.69500012, 31.1832783 ], [ 75.70507958, 31.16587849 ], [ 75.75960697, 31.16423605 ], [ 75.7697216, 31.1600202 ], [ 75.77789892, 31.16570217 ], [ 75.77881486, 31.17778008 ], [ 75.7741014, 31.18416069 ], [ 75.77581019, 31.18911667 ], [ 75.77991834, 31.19574922 ], [ 75.79156939, 31.19928833 ], [ 75.78796738, 31.20504776 ], [ 75.79658093, 31.21152628 ], [ 75.79803056, 31.21617586 ], [ 75.84303773, 31.23250422 ], [ 75.85484868, 31.23347744 ], [ 75.85715398, 31.23664503 ], [ 75.85793916, 31.24361216 ], [ 75.85158061, 31.25030172 ], [ 75.85114476, 31.25793353 ], [ 75.84142249, 31.26221023 ], [ 75.8381694, 31.27678302 ], [ 75.84275193, 31.28226756 ], [ 75.85110987, 31.28371861 ], [ 75.85453447, 31.27916705 ], [ 75.87005743, 31.27356956 ], [ 75.875475, 31.26212403 ], [ 75.86858065, 31.2576964 ], [ 75.87251002, 31.25143826 ], [ 75.86876995, 31.24552208 ], [ 75.87573682, 31.24417216 ], [ 75.91018221, 31.26073083 ], [ 75.89534519, 31.26618646 ], [ 75.89237825, 31.27594981 ], [ 75.88809253, 31.27731968 ], [ 75.8874051, 31.28448866 ], [ 75.88195231, 31.29062461 ], [ 75.87771635, 31.29038811 ], [ 75.87554315, 31.28428966 ], [ 75.8645249, 31.28198439 ], [ 75.86393816, 31.29048806 ], [ 75.85587809, 31.28891695 ], [ 75.85291754, 31.29530265 ], [ 75.86708024, 31.31087786 ], [ 75.86633864, 31.31809036 ], [ 75.87102237, 31.32482802 ], [ 75.87718914, 31.32738889 ], [ 75.87730499, 31.32204017 ], [ 75.88018284, 31.32242587 ], [ 75.88037405, 31.32847527 ], [ 75.88494883, 31.33405753 ], [ 75.90466193, 31.33674118 ], [ 75.90575288, 31.34500566 ], [ 75.89110086, 31.34065892 ], [ 75.89103892, 31.34466732 ], [ 75.88264021, 31.34733242 ], [ 75.87867792, 31.35495492 ], [ 75.85685354, 31.34992173 ], [ 75.8497238, 31.37284978 ], [ 75.82966946, 31.36990765 ], [ 75.83358139, 31.36250451 ], [ 75.82173341, 31.35701206 ], [ 75.81651836, 31.36193376 ], [ 75.81232256, 31.36069646 ], [ 75.80870578, 31.37047579 ], [ 75.80245366, 31.37255118 ] ] ] ] } },
{ "type": "Feature", "properties": { "District": "Ludhiana", "State": "PB", "st_area_shape_": 3600319199.3949275 }, "geometry": { "type": "Polygon", "coordinates": [ [ [ 75.91528348, 31.01635227 ], [ 75.90565191, 31.01673547 ], [ 75.89771329, 31.00823286 ], [ 75.89848483, 31.00483633 ], [ 75.88443491, 31.00896622 ], [ 75.86719014, 31.00819789 ], [ 75.86491245, 31.00425039 ], [ 75.85642988, 31.00435914 ], [ 75.85615712, 31.00096916 ], [ 75.82014619, 31.00047696 ], [ 75.8178125, 30.99642288 ], [ 75.79376782, 30.99409156 ], [ 75.78172949, 30.99786165 ], [ 75.77753961, 31.00322766 ], [ 75.77134946, 31.0030839 ], [ 75.77036175, 31.0095077 ], [ 75.7623081, 31.00912476 ], [ 75.76394483, 31.01311089 ], [ 75.74328166, 31.01238946 ], [ 75.7354012, 31.00899051 ], [ 75.73566617, 31.00537881 ], [ 75.71525157, 31.00442247 ], [ 75.71643051, 31.00015712 ], [ 75.67694367, 30.99148673 ], [ 75.66798397, 30.98491613 ], [ 75.64175612, 30.97977806 ], [ 75.64253686, 30.97713184 ], [ 75.61007065, 30.97510548 ], [ 75.60624185, 30.96952903 ], [ 75.59432635, 30.96862081 ], [ 75.59337519, 30.97096716 ], [ 75.58498679, 30.97026749 ], [ 75.57562546, 30.97757825 ], [ 75.5429931, 30.97594086 ], [ 75.54304101, 30.96821587 ], [ 75.53706143, 30.9661596 ], [ 75.53243149, 30.97177288 ], [ 75.51468675, 30.97626201 ], [ 75.50638327, 30.97637573 ], [ 75.50615129, 30.97313748 ], [ 75.4960297, 30.96776829 ], [ 75.48847688, 30.97101137 ], [ 75.48206442, 30.96792822 ], [ 75.47394845, 30.98092477 ], [ 75.46232202, 30.97476459 ], [ 75.45408298, 30.98309072 ], [ 75.43670196, 30.98020862 ], [ 75.41694374, 30.98601245 ], [ 75.4088943, 30.9788706 ], [ 75.40487517, 30.98082128 ], [ 75.40168725, 30.9940607 ], [ 75.3975066, 30.99646218 ], [ 75.38377157, 30.98920352 ], [ 75.3756774, 30.99448727 ], [ 75.37478756, 30.99842103 ], [ 75.36725524, 30.99071987 ], [ 75.35677823, 30.99331561 ], [ 75.35581646, 30.98240411 ], [ 75.36766967, 30.97002051 ], [ 75.36072357, 30.96117646 ], [ 75.36588495, 30.94786658 ], [ 75.36626819, 30.93670248 ], [ 75.37213813, 30.93734364 ], [ 75.36972378, 30.92515715 ], [ 75.37342127, 30.92414933 ], [ 75.37537808, 30.92717917 ], [ 75.38272981, 30.92462673 ], [ 75.3779579, 30.90670274 ], [ 75.39323893, 30.90389362 ], [ 75.39415549, 30.89783512 ], [ 75.40458161, 30.88909557 ], [ 75.40629385, 30.88399189 ], [ 75.39887489, 30.87486611 ], [ 75.39913533, 30.86487231 ], [ 75.37558479, 30.85138584 ], [ 75.36737145, 30.83542437 ], [ 75.36735653, 30.82665717 ], [ 75.37629281, 30.81411917 ], [ 75.39592853, 30.80489872 ], [ 75.38522585, 30.76603368 ], [ 75.37518449, 30.74868402 ], [ 75.37725099, 30.73947547 ], [ 75.37231412, 30.73466436 ], [ 75.37782386, 30.72344777 ], [ 75.38484366, 30.72356 ], [ 75.38589652, 30.71815458 ], [ 75.37829908, 30.70901234 ], [ 75.37038326, 30.71059826 ], [ 75.36738044, 30.68768997 ], [ 75.38197193, 30.66870545 ], [ 75.38104337, 30.66298662 ], [ 75.3703582, 30.64980626 ], [ 75.37318515, 30.64126338 ], [ 75.37875225, 30.63949255 ], [ 75.37361023, 30.62621257 ], [ 75.3765693, 30.62405995 ], [ 75.38760832, 30.62682968 ], [ 75.39540904, 30.62515412 ], [ 75.39599324, 30.62108528 ], [ 75.40107806, 30.61873912 ], [ 75.40154937, 30.60648896 ], [ 75.39716849, 30.59420735 ], [ 75.40880625, 30.58406893 ], [ 75.43160109, 30.58425305 ], [ 75.43407119, 30.59330567 ], [ 75.44486598, 30.59200787 ], [ 75.4539981, 30.60125548 ], [ 75.46404675, 30.59951542 ], [ 75.46431504, 30.60593368 ], [ 75.46647451, 30.60587186 ], [ 75.49604761, 30.59856413 ], [ 75.48773725, 30.58314395 ], [ 75.50157278, 30.57366642 ], [ 75.50694959, 30.57263569 ], [ 75.50991753, 30.58032908 ], [ 75.5186535, 30.58723866 ], [ 75.52886281, 30.58515747 ], [ 75.52834892, 30.57098102 ], [ 75.53219241, 30.56783174 ], [ 75.53699066, 30.56730869 ], [ 75.54086016, 30.57838572 ], [ 75.548794, 30.58027198 ], [ 75.56583027, 30.57207997 ], [ 75.578888, 30.56968412 ], [ 75.58963645, 30.58326904 ], [ 75.60373301, 30.5941433 ], [ 75.62598286, 30.60064595 ], [ 75.6526456, 30.59106254 ], [ 75.67407719, 30.59596639 ], [ 75.68286177, 30.60610994 ], [ 75.70394584, 30.60359183 ], [ 75.73348113, 30.62016061 ], [ 75.73832089, 30.63180047 ], [ 75.75222982, 30.63199634 ], [ 75.76123236, 30.63744348 ], [ 75.78016217, 30.6282788 ], [ 75.78213284, 30.62471664 ], [ 75.78902901, 30.62352095 ], [ 75.79683226, 30.6320264 ], [ 75.78003767, 30.64180925 ], [ 75.77431626, 30.64922008 ], [ 75.77289987, 30.65964114 ], [ 75.76520303, 30.65802413 ], [ 75.76482911, 30.67036944 ], [ 75.77126401, 30.67336489 ], [ 75.78162278, 30.6710977 ], [ 75.78090993, 30.66089061 ], [ 75.78592053, 30.65682798 ], [ 75.80372882, 30.66438267 ], [ 75.81504825, 30.66421156 ], [ 75.81787696, 30.66813239 ], [ 75.81667524, 30.67409816 ], [ 75.82226622, 30.67794855 ], [ 75.8163012, 30.68704643 ], [ 75.83381774, 30.69227954 ], [ 75.8378056, 30.68004883 ], [ 75.84379436, 30.68034965 ], [ 75.85239244, 30.67019232 ], [ 75.85921035, 30.670524 ], [ 75.86679273, 30.67821471 ], [ 75.87927159, 30.67630606 ], [ 75.88341842, 30.66410296 ], [ 75.89540952, 30.65961367 ], [ 75.89792466, 30.64752329 ], [ 75.87247348, 30.63928086 ], [ 75.87233002, 30.62892599 ], [ 75.88814705, 30.62047408 ], [ 75.887945, 30.60708942 ], [ 75.90276989, 30.60379173 ], [ 75.90989589, 30.61192809 ], [ 75.92351681, 30.6086767 ], [ 75.92925323, 30.59730166 ], [ 75.92088603, 30.59199001 ], [ 75.92681985, 30.58431816 ], [ 75.92534009, 30.57797759 ], [ 75.93537652, 30.56822628 ], [ 75.94771223, 30.57049065 ], [ 75.95304973, 30.57458099 ], [ 75.96096862, 30.59044964 ], [ 76.00065377, 30.6035245 ], [ 76.01009518, 30.6157892 ], [ 76.02784151, 30.61536294 ], [ 76.03372905, 30.60636408 ], [ 76.03215928, 30.60082898 ], [ 76.03535502, 30.58898383 ], [ 76.05370623, 30.58321584 ], [ 76.057854, 30.57859943 ], [ 76.06776446, 30.58240089 ], [ 76.06914337, 30.57696194 ], [ 76.065374, 30.56910444 ], [ 76.07003451, 30.56397232 ], [ 76.07855821, 30.5657634 ], [ 76.08447027, 30.56200438 ], [ 76.08961934, 30.56803272 ], [ 76.09798353, 30.56049675 ], [ 76.10769595, 30.56213189 ], [ 76.10801682, 30.57609251 ], [ 76.11454869, 30.57981836 ], [ 76.11018078, 30.58740978 ], [ 76.12546281, 30.59701348 ], [ 76.12064975, 30.60076613 ], [ 76.12522444, 30.60282729 ], [ 76.1164939, 30.61495262 ], [ 76.12789979, 30.6228235 ], [ 76.12519401, 30.62747343 ], [ 76.12778255, 30.62955853 ], [ 76.15278651, 30.63983854 ], [ 76.15216482, 30.65517406 ], [ 76.16912877, 30.66187808 ], [ 76.17366059, 30.67928018 ], [ 76.18075605, 30.67936232 ], [ 76.18255989, 30.67156222 ], [ 76.18787237, 30.66779383 ], [ 76.19819378, 30.67519548 ], [ 76.2055812, 30.67415858 ], [ 76.21885747, 30.67928978 ], [ 76.22903827, 30.67691859 ], [ 76.23974241, 30.68102749 ], [ 76.25535245, 30.68078746 ], [ 76.26613131, 30.6754911 ], [ 76.2716717, 30.67849374 ], [ 76.2753682, 30.67578742 ], [ 76.28143156, 30.68158726 ], [ 76.30326637, 30.67845295 ], [ 76.31219472, 30.68742329 ], [ 76.31980874, 30.68812673 ], [ 76.32331741, 30.69331965 ], [ 76.31944235, 30.70345563 ], [ 76.30589148, 30.70421903 ], [ 76.29760936, 30.71726885 ], [ 76.29100076, 30.71405147 ], [ 76.27570342, 30.73411432 ], [ 76.28392806, 30.73797781 ], [ 76.28092311, 30.74630077 ], [ 76.31091948, 30.75624658 ], [ 76.30491144, 30.76804094 ], [ 76.30072887, 30.76708863 ], [ 76.28970101, 30.78246116 ], [ 76.27233575, 30.77579151 ], [ 76.26184225, 30.78674872 ], [ 76.2697713, 30.79423813 ], [ 76.26802358, 30.79838855 ], [ 76.28903053, 30.80819138 ], [ 76.28013077, 30.82023267 ], [ 76.28125492, 30.83030646 ], [ 76.29135647, 30.83184581 ], [ 76.29400502, 30.8359192 ], [ 76.31106623, 30.84235609 ], [ 76.29830021, 30.86992703 ], [ 76.31932025, 30.87705594 ], [ 76.31971518, 30.91430419 ], [ 76.3127406, 30.92473642 ], [ 76.32368693, 30.93011826 ], [ 76.3173573, 30.95216128 ], [ 76.31530704, 30.97942404 ], [ 76.31178331, 30.98844566 ], [ 76.29675613, 30.98842108 ], [ 76.29270615, 30.99920297 ], [ 76.28677907, 31.00242116 ], [ 76.27674442, 31.00017865 ], [ 76.27614394, 31.00237117 ], [ 76.28941657, 31.00462438 ], [ 76.2879181, 31.0091414 ], [ 76.27471412, 31.0154604 ], [ 76.26388534, 31.00311777 ], [ 76.25624064, 31.01042999 ], [ 76.24099554, 31.00242351 ], [ 76.23411162, 31.00593765 ], [ 76.22507904, 31.00544676 ], [ 76.22419682, 31.00291006 ], [ 76.22001675, 31.01164422 ], [ 76.21102588, 31.01208123 ], [ 76.21337732, 31.00461118 ], [ 76.2043508, 31.00346077 ], [ 76.20452054, 30.99990179 ], [ 76.1818468, 31.00550254 ], [ 76.18781864, 30.99618409 ], [ 76.18049049, 30.99208298 ], [ 76.17476466, 30.99588576 ], [ 76.16659083, 30.99326363 ], [ 76.16873636, 30.98945475 ], [ 76.14308186, 30.98581958 ], [ 76.13614941, 30.99754376 ], [ 76.12240196, 30.99679578 ], [ 76.12057193, 30.99303429 ], [ 76.10318562, 30.99837465 ], [ 76.08815367, 30.99509532 ], [ 76.08409491, 30.99780359 ], [ 76.07061564, 30.99570683 ], [ 76.06319272, 31.00047151 ], [ 76.02674778, 30.99681394 ], [ 76.02437384, 31.00128082 ], [ 76.00421383, 31.00391826 ], [ 76.00482419, 31.00639375 ], [ 75.99162938, 31.00922785 ], [ 75.98783422, 31.00447991 ], [ 75.97103875, 31.0040643 ], [ 75.96950736, 31.01470258 ], [ 75.95925742, 31.01833631 ], [ 75.9525413, 31.01033619 ], [ 75.93915453, 31.00961514 ], [ 75.92113652, 31.01167455 ], [ 75.91528348, 31.01635227 ] ] ] } },
{ "type": "Feature", "properties": { "District": "Mansa", "State": "PB", "st_area_shape_": 2105404888.0499482 }, "geometry": { "type": "Polygon", "coordinates": [ [ [ 75.3895606, 30.20940586 ], [ 75.3748166, 30.19845185 ], [ 75.36952452, 30.19900598 ], [ 75.35748532, 30.18763399 ], [ 75.35745623, 30.18146148 ], [ 75.36397411, 30.1760517 ], [ 75.35612067, 30.16829753 ], [ 75.35917164, 30.16408715 ], [ 75.35750539, 30.16168341 ], [ 75.35115576, 30.16270022 ], [ 75.34451621, 30.15953029 ], [ 75.34365003, 30.14626457 ], [ 75.35328906, 30.142013 ], [ 75.34880363, 30.13571162 ], [ 75.34439533, 30.13095247 ], [ 75.34032971, 30.1326255 ], [ 75.32862901, 30.12321555 ], [ 75.32318162, 30.1228881 ], [ 75.31361541, 30.11224409 ], [ 75.30972387, 30.11402444 ], [ 75.30162265, 30.11016501 ], [ 75.30101645, 30.09724792 ], [ 75.31087757, 30.08109406 ], [ 75.3271494, 30.07028948 ], [ 75.32855969, 30.06343433 ], [ 75.32446317, 30.060665 ], [ 75.31695795, 30.06515078 ], [ 75.28314123, 30.06093482 ], [ 75.27569484, 30.0581006 ], [ 75.27024867, 30.04841991 ], [ 75.26481645, 30.05008363 ], [ 75.24916055, 30.03687518 ], [ 75.25014522, 30.03226555 ], [ 75.25793785, 30.02612766 ], [ 75.26012834, 30.01613344 ], [ 75.28151796, 30.01144841 ], [ 75.28897346, 30.0224526 ], [ 75.301137, 30.02068537 ], [ 75.27432472, 29.99597984 ], [ 75.27175627, 29.98988509 ], [ 75.27841396, 29.9855257 ], [ 75.2810635, 29.97935946 ], [ 75.27305655, 29.97405088 ], [ 75.25070521, 29.98292337 ], [ 75.24694518, 29.97042242 ], [ 75.23695564, 29.96005281 ], [ 75.22390523, 29.96800308 ], [ 75.21662461, 29.96769461 ], [ 75.20795222, 29.97487915 ], [ 75.20661762, 29.97992001 ], [ 75.19507126, 29.98092301 ], [ 75.1827413, 29.97024277 ], [ 75.18095222, 29.95294501 ], [ 75.18329566, 29.95211641 ], [ 75.17811649, 29.94592301 ], [ 75.18344274, 29.94150585 ], [ 75.18063376, 29.94154611 ], [ 75.17163267, 29.92846415 ], [ 75.18476124, 29.916112 ], [ 75.1881062, 29.88943992 ], [ 75.20488115, 29.88831469 ], [ 75.21745433, 29.88304642 ], [ 75.21752863, 29.86196433 ], [ 75.21288713, 29.85816539 ], [ 75.20602705, 29.85979448 ], [ 75.19312839, 29.85350667 ], [ 75.19057437, 29.84271586 ], [ 75.21060374, 29.83254239 ], [ 75.21399276, 29.82402235 ], [ 75.20966193, 29.81738685 ], [ 75.2085422, 29.79319834 ], [ 75.21472084, 29.79182705 ], [ 75.21626816, 29.78775713 ], [ 75.22628599, 29.78918555 ], [ 75.22472883, 29.77993552 ], [ 75.2362872, 29.75752744 ], [ 75.24162206, 29.75357754 ], [ 75.23815756, 29.73999813 ], [ 75.2263305, 29.72891847 ], [ 75.21746985, 29.73718158 ], [ 75.21031695, 29.73884864 ], [ 75.20062088, 29.72652186 ], [ 75.19687534, 29.71574641 ], [ 75.1977755, 29.70328984 ], [ 75.20758197, 29.70158873 ], [ 75.20677623, 29.68755029 ], [ 75.19879044, 29.68004385 ], [ 75.18806503, 29.68133624 ], [ 75.18566636, 29.67440668 ], [ 75.16822452, 29.67076015 ], [ 75.16795772, 29.66706522 ], [ 75.17463659, 29.65564248 ], [ 75.1875485, 29.65171127 ], [ 75.18219177, 29.6360029 ], [ 75.18309756, 29.62839813 ], [ 75.19696277, 29.61934252 ], [ 75.20674307, 29.62194076 ], [ 75.23536246, 29.60310955 ], [ 75.22170843, 29.58032408 ], [ 75.23024515, 29.57667051 ], [ 75.23428671, 29.57034555 ], [ 75.23321378, 29.56628368 ], [ 75.23929164, 29.55235721 ], [ 75.23540443, 29.54222351 ], [ 75.24447006, 29.54673328 ], [ 75.27324917, 29.55002868 ], [ 75.2803551, 29.55400656 ], [ 75.28114356, 29.56150386 ], [ 75.29828955, 29.55863496 ], [ 75.30941108, 29.5610194 ], [ 75.31127727, 29.58018864 ], [ 75.31984635, 29.5875173 ], [ 75.30561221, 29.59571572 ], [ 75.30343618, 29.60262758 ], [ 75.28966956, 29.60785715 ], [ 75.29489813, 29.61575454 ], [ 75.29575221, 29.62511529 ], [ 75.30728086, 29.62481733 ], [ 75.31656871, 29.63066288 ], [ 75.32346733, 29.6425023 ], [ 75.32223026, 29.6516388 ], [ 75.33183586, 29.6632183 ], [ 75.33374336, 29.67351973 ], [ 75.34103921, 29.67529241 ], [ 75.34863483, 29.66662247 ], [ 75.35825751, 29.66080181 ], [ 75.36014777, 29.66264295 ], [ 75.34571241, 29.69603304 ], [ 75.35844069, 29.69970506 ], [ 75.35905531, 29.70554821 ], [ 75.3707908, 29.70450913 ], [ 75.36985792, 29.71089934 ], [ 75.37295635, 29.71324733 ], [ 75.39218435, 29.7134127 ], [ 75.38931005, 29.71621496 ], [ 75.39344986, 29.72202176 ], [ 75.38816227, 29.72991529 ], [ 75.39545856, 29.73360695 ], [ 75.39642938, 29.73950312 ], [ 75.4047583, 29.73904057 ], [ 75.40629171, 29.76129713 ], [ 75.41378584, 29.76985906 ], [ 75.41936427, 29.77025503 ], [ 75.42140266, 29.77512769 ], [ 75.42745523, 29.77089565 ], [ 75.43834872, 29.78007587 ], [ 75.44746023, 29.78383045 ], [ 75.45395837, 29.78204878 ], [ 75.45812078, 29.79491689 ], [ 75.45285816, 29.8017782 ], [ 75.45664708, 29.80664645 ], [ 75.46159641, 29.8077756 ], [ 75.47957782, 29.79282662 ], [ 75.49937664, 29.78297454 ], [ 75.50308137, 29.77774884 ], [ 75.5185878, 29.77585752 ], [ 75.52324495, 29.76919447 ], [ 75.5229374, 29.75850641 ], [ 75.53794028, 29.77337694 ], [ 75.56209972, 29.77026884 ], [ 75.56972678, 29.75683665 ], [ 75.57215711, 29.74332578 ], [ 75.58005217, 29.73947354 ], [ 75.58986423, 29.74755484 ], [ 75.6050091, 29.75193258 ], [ 75.6167036, 29.74428611 ], [ 75.62896059, 29.74949358 ], [ 75.63446849, 29.75531141 ], [ 75.63526455, 29.77236731 ], [ 75.6424421, 29.77512754 ], [ 75.67725016, 29.77657873 ], [ 75.69133427, 29.75595835 ], [ 75.70642364, 29.7532292 ], [ 75.70922732, 29.75657166 ], [ 75.70464598, 29.76365614 ], [ 75.71237145, 29.77418762 ], [ 75.71010953, 29.78044989 ], [ 75.71661571, 29.788863 ], [ 75.71276456, 29.79256574 ], [ 75.71415238, 29.80188254 ], [ 75.71795627, 29.80304008 ], [ 75.72079032, 29.81356094 ], [ 75.73780606, 29.81406151 ], [ 75.74562996, 29.82472524 ], [ 75.76479747, 29.82778504 ], [ 75.77326618, 29.8348943 ], [ 75.77198646, 29.84686342 ], [ 75.77560596, 29.85327288 ], [ 75.75752231, 29.86135886 ], [ 75.76251758, 29.87260117 ], [ 75.75875858, 29.88752952 ], [ 75.76127765, 29.89366935 ], [ 75.76834671, 29.89813899 ], [ 75.76422716, 29.91912716 ], [ 75.75685813, 29.91550745 ], [ 75.73802053, 29.92553652 ], [ 75.73236122, 29.9348857 ], [ 75.70860431, 29.93459565 ], [ 75.70547478, 29.91867701 ], [ 75.68504746, 29.9099777 ], [ 75.6754887, 29.90903775 ], [ 75.67094928, 29.91111756 ], [ 75.67274902, 29.91828694 ], [ 75.66383012, 29.93110581 ], [ 75.65787089, 29.93285564 ], [ 75.65454633, 29.93059583 ], [ 75.64927198, 29.93816516 ], [ 75.64105305, 29.93698523 ], [ 75.64763171, 29.95777279 ], [ 75.64837196, 29.97344211 ], [ 75.65222143, 29.98009155 ], [ 75.64733217, 29.98359024 ], [ 75.66406981, 29.99902995 ], [ 75.67274869, 30.00001989 ], [ 75.67979774, 30.00680933 ], [ 75.68815665, 30.0085792 ], [ 75.68999639, 30.01404873 ], [ 75.68633685, 30.01677849 ], [ 75.68743668, 30.02378788 ], [ 75.68123748, 30.0245578 ], [ 75.67361844, 30.03216712 ], [ 75.67980761, 30.03782665 ], [ 75.67438831, 30.04008644 ], [ 75.67062882, 30.03472689 ], [ 75.65701058, 30.03598674 ], [ 75.64861396, 30.02319929 ], [ 75.64154263, 30.02492765 ], [ 75.63807306, 30.02950724 ], [ 75.64222248, 30.04161621 ], [ 75.63512338, 30.04712571 ], [ 75.64007221, 30.06581447 ], [ 75.63266517, 30.06993775 ], [ 75.63682261, 30.07325382 ], [ 75.62234444, 30.08472278 ], [ 75.6413419, 30.10165137 ], [ 75.64674585, 30.10303904 ], [ 75.65451058, 30.11520988 ], [ 75.64689158, 30.11250009 ], [ 75.63436819, 30.11591976 ], [ 75.63364327, 30.12081933 ], [ 75.62813397, 30.12465898 ], [ 75.6301437, 30.12710878 ], [ 75.62495436, 30.13047847 ], [ 75.62407446, 30.13441813 ], [ 75.62761399, 30.13512808 ], [ 75.62552452, 30.14273561 ], [ 75.60549686, 30.13596794 ], [ 75.56441215, 30.14796677 ], [ 75.55780302, 30.14656687 ], [ 75.54847427, 30.13773761 ], [ 75.53369615, 30.14699676 ], [ 75.52456736, 30.13974736 ], [ 75.51783823, 30.14333703 ], [ 75.50732326, 30.14347653 ], [ 75.4915216, 30.15497595 ], [ 75.48935186, 30.16046547 ], [ 75.49179153, 30.16354521 ], [ 75.48725208, 30.17452424 ], [ 75.48180279, 30.17475421 ], [ 75.48255267, 30.17901384 ], [ 75.46347509, 30.19416248 ], [ 75.41625126, 30.18634301 ], [ 75.39896348, 30.19562216 ], [ 75.39254429, 30.20151163 ], [ 75.39700869, 30.20693618 ], [ 75.3895606, 30.20940586 ] ] ] } },
{ "type": "Feature", "properties": { "District": "Moga", "State": "PB", "st_area_shape_": 2178531055.8802114 }, "geometry": { "type": "Polygon", "coordinates": [ [ [ 75.16319258, 31.08262209 ], [ 75.16244992, 31.08951246 ], [ 75.15313476, 31.0837798 ], [ 75.1458073, 31.0857442 ], [ 75.13396122, 31.07380844 ], [ 75.12012617, 31.08168047 ], [ 75.109265, 31.07517211 ], [ 75.09930944, 31.07737133 ], [ 75.09994995, 31.07214014 ], [ 75.10827594, 31.06816379 ], [ 75.10013505, 31.06520861 ], [ 75.09447248, 31.07134978 ], [ 75.08364919, 31.06875368 ], [ 75.08183016, 31.06537528 ], [ 75.0845217, 31.06211556 ], [ 75.09647905, 31.05855716 ], [ 75.09430802, 31.04721935 ], [ 75.07298977, 31.04681884 ], [ 75.06203067, 31.06764923 ], [ 75.05172398, 31.06253423 ], [ 75.0473058, 31.05192471 ], [ 75.05294303, 31.04284842 ], [ 75.06780434, 31.04074652 ], [ 75.0677984, 31.03415263 ], [ 75.09497636, 31.02579206 ], [ 75.09965909, 31.02158093 ], [ 75.10316692, 31.01531018 ], [ 75.09632902, 31.00243609 ], [ 75.10217301, 30.99751985 ], [ 75.09613321, 30.99165587 ], [ 75.10296923, 30.97209805 ], [ 75.09379841, 30.97544706 ], [ 75.08653499, 30.95863691 ], [ 75.07761826, 30.95756068 ], [ 75.07848183, 30.94639005 ], [ 75.06985425, 30.94506984 ], [ 75.05103403, 30.92355307 ], [ 75.04081868, 30.92217586 ], [ 75.03649178, 30.91728876 ], [ 75.03041257, 30.89680515 ], [ 75.01609856, 30.89231571 ], [ 75.0004108, 30.89577871 ], [ 74.99644265, 30.88858531 ], [ 74.95771179, 30.88918076 ], [ 74.95233529, 30.89162987 ], [ 74.95164804, 30.88503465 ], [ 74.94260261, 30.87742424 ], [ 74.94780983, 30.856003 ], [ 74.94087098, 30.83948495 ], [ 74.94716898, 30.82893997 ], [ 74.92808801, 30.80448652 ], [ 74.9307618, 30.78912069 ], [ 74.91491465, 30.78222782 ], [ 74.91056517, 30.77061089 ], [ 74.91164361, 30.76362194 ], [ 74.90711856, 30.75822868 ], [ 74.91183241, 30.75137249 ], [ 74.91221252, 30.74209334 ], [ 74.90863471, 30.73663784 ], [ 74.9106453, 30.72410496 ], [ 74.90402623, 30.70446665 ], [ 74.91519484, 30.68334852 ], [ 74.91869143, 30.68239922 ], [ 74.92284382, 30.68800813 ], [ 74.92211395, 30.67928889 ], [ 74.95561957, 30.67793909 ], [ 74.95765933, 30.67019977 ], [ 74.95829929, 30.65688093 ], [ 74.94991441, 30.64512089 ], [ 74.95607965, 30.63690266 ], [ 74.95322289, 30.62607328 ], [ 74.94858047, 30.62302899 ], [ 74.94665096, 30.60953503 ], [ 74.95541987, 30.59408639 ], [ 74.94716586, 30.58460206 ], [ 74.95019069, 30.58071132 ], [ 74.94454574, 30.57204504 ], [ 74.95590991, 30.5618792 ], [ 74.96268903, 30.5609193 ], [ 74.96374892, 30.55241004 ], [ 74.97842703, 30.54312089 ], [ 74.99034548, 30.54366087 ], [ 74.99581479, 30.5365115 ], [ 74.99708463, 30.53323179 ], [ 74.99004559, 30.52058288 ], [ 74.99376514, 30.5112037 ], [ 74.99225537, 30.49989468 ], [ 74.99907452, 30.48678584 ], [ 75.00467378, 30.49159543 ], [ 75.02053039, 30.49105827 ], [ 75.03238763, 30.50430999 ], [ 75.04175209, 30.5042975 ], [ 75.04288397, 30.50118269 ], [ 75.05858889, 30.50398638 ], [ 75.06193841, 30.50151664 ], [ 75.08472858, 30.53189638 ], [ 75.10532422, 30.52127886 ], [ 75.12196887, 30.52448699 ], [ 75.12816348, 30.52235524 ], [ 75.13116108, 30.52746951 ], [ 75.13073667, 30.53780396 ], [ 75.12105129, 30.56159595 ], [ 75.1244343, 30.56756125 ], [ 75.14573916, 30.58238622 ], [ 75.15435406, 30.57667578 ], [ 75.16533386, 30.57910695 ], [ 75.17218571, 30.5602844 ], [ 75.17936382, 30.55185019 ], [ 75.18307036, 30.53308228 ], [ 75.1811307, 30.51059423 ], [ 75.19206024, 30.50869353 ], [ 75.19542883, 30.51218413 ], [ 75.20171802, 30.5070046 ], [ 75.21187207, 30.51635757 ], [ 75.22113549, 30.50804456 ], [ 75.22749008, 30.50767475 ], [ 75.26206806, 30.52094772 ], [ 75.28281346, 30.50811505 ], [ 75.28792677, 30.50890466 ], [ 75.29408795, 30.51164078 ], [ 75.29302792, 30.51609929 ], [ 75.30417824, 30.52754007 ], [ 75.31166904, 30.52849322 ], [ 75.31302158, 30.53588243 ], [ 75.32255215, 30.5383422 ], [ 75.3307111, 30.53338265 ], [ 75.33014238, 30.52601381 ], [ 75.33388072, 30.5260133 ], [ 75.33480062, 30.52084375 ], [ 75.34494931, 30.51483431 ], [ 75.35450806, 30.51683416 ], [ 75.36068149, 30.51312395 ], [ 75.36690643, 30.51931398 ], [ 75.37210576, 30.51783412 ], [ 75.38923349, 30.52739334 ], [ 75.40000208, 30.52833329 ], [ 75.41955178, 30.54877263 ], [ 75.41966942, 30.55324118 ], [ 75.40867083, 30.55904064 ], [ 75.40425138, 30.56638999 ], [ 75.40880625, 30.58406893 ], [ 75.39716849, 30.59420735 ], [ 75.40180291, 30.61754432 ], [ 75.39486239, 30.62249507 ], [ 75.39584161, 30.62502402 ], [ 75.37361023, 30.62621257 ], [ 75.37875225, 30.63949255 ], [ 75.37318515, 30.64126338 ], [ 75.37021398, 30.64696547 ], [ 75.38197193, 30.66870545 ], [ 75.3676457, 30.68644942 ], [ 75.36840825, 30.70713821 ], [ 75.37038326, 30.71059826 ], [ 75.37829908, 30.70901234 ], [ 75.38594704, 30.7188954 ], [ 75.38484366, 30.72356 ], [ 75.37782386, 30.72344777 ], [ 75.37231412, 30.73466436 ], [ 75.37725099, 30.73947547 ], [ 75.37518449, 30.74868402 ], [ 75.38522585, 30.76603368 ], [ 75.39592853, 30.80489872 ], [ 75.37629281, 30.81411917 ], [ 75.36735653, 30.82665717 ], [ 75.36737145, 30.83542437 ], [ 75.37558479, 30.85138584 ], [ 75.39913533, 30.86487231 ], [ 75.39887489, 30.87486611 ], [ 75.40629385, 30.88399189 ], [ 75.40458161, 30.88909557 ], [ 75.39415549, 30.89783512 ], [ 75.39323893, 30.90389362 ], [ 75.3779579, 30.90670274 ], [ 75.3826238, 30.9249652 ], [ 75.37537808, 30.92717917 ], [ 75.37342127, 30.92414933 ], [ 75.36972378, 30.92515715 ], [ 75.37213813, 30.93734364 ], [ 75.36626819, 30.93670248 ], [ 75.36588495, 30.94786658 ], [ 75.36072357, 30.96117646 ], [ 75.36766967, 30.97002051 ], [ 75.35581646, 30.98240411 ], [ 75.35839728, 30.99964048 ], [ 75.35631768, 31.00134145 ], [ 75.3478213, 30.9969032 ], [ 75.34170117, 30.98788082 ], [ 75.33623027, 30.9983228 ], [ 75.32823194, 31.00362646 ], [ 75.32779147, 31.00986302 ], [ 75.32049734, 31.00729149 ], [ 75.30983996, 31.00931714 ], [ 75.30882098, 31.01451631 ], [ 75.29494319, 31.01491571 ], [ 75.29103443, 31.03565869 ], [ 75.28160791, 31.04210601 ], [ 75.27129944, 31.03670523 ], [ 75.26791841, 31.04364765 ], [ 75.2537818, 31.04437834 ], [ 75.2591186, 31.03775841 ], [ 75.25576681, 31.03002529 ], [ 75.25243799, 31.03276253 ], [ 75.23904791, 31.03165028 ], [ 75.23023612, 31.03730758 ], [ 75.22412375, 31.03463812 ], [ 75.22381792, 31.02917496 ], [ 75.21559683, 31.03220628 ], [ 75.20821532, 31.02565934 ], [ 75.20516572, 31.02772915 ], [ 75.20401191, 31.02017969 ], [ 75.20132623, 31.02614928 ], [ 75.20999506, 31.04026527 ], [ 75.20681395, 31.05417378 ], [ 75.19016351, 31.05605772 ], [ 75.17732123, 31.05312288 ], [ 75.17347084, 31.06237013 ], [ 75.18340979, 31.07774291 ], [ 75.17250852, 31.08310177 ], [ 75.16319258, 31.08262209 ] ], [ [ 75.19010149, 31.04675264 ], [ 75.19371983, 31.04877591 ], [ 75.19592539, 31.04658633 ], [ 75.19533215, 31.03497014 ], [ 75.19010149, 31.04675264 ] ] ] } },
{ "type": "Feature", "properties": { "District": "Sri Muktsar Sahib", "State": "PB", "st_area_shape_": 2571034363.1380715 }, "geometry": { "type": "Polygon", "coordinates": [ [ [ 74.56045639, 30.66575374 ], [ 74.50454446, 30.66887222 ], [ 74.49703399, 30.6630793 ], [ 74.48335477, 30.66400133 ], [ 74.47583197, 30.65423255 ], [ 74.47609755, 30.64664957 ], [ 74.48505951, 30.63815578 ], [ 74.49395192, 30.63725878 ], [ 74.45801261, 30.6204484 ], [ 74.4641853, 30.61557778 ], [ 74.46180409, 30.60836341 ], [ 74.44706292, 30.62445089 ], [ 74.44029364, 30.62617104 ], [ 74.41994134, 30.61166407 ], [ 74.41375971, 30.61226507 ], [ 74.41932243, 30.60425887 ], [ 74.41950241, 30.59709893 ], [ 74.40139035, 30.59775269 ], [ 74.38440224, 30.59063364 ], [ 74.3687436, 30.58842145 ], [ 74.36796855, 30.57946105 ], [ 74.37488467, 30.5678453 ], [ 74.37607865, 30.55876399 ], [ 74.37977754, 30.5575331 ], [ 74.37498531, 30.54872041 ], [ 74.38816589, 30.54678159 ], [ 74.40107196, 30.5353911 ], [ 74.39878635, 30.52684864 ], [ 74.38804742, 30.52515176 ], [ 74.37300471, 30.5125389 ], [ 74.38305882, 30.49991293 ], [ 74.37882471, 30.49580215 ], [ 74.37651854, 30.48563758 ], [ 74.36256542, 30.48034843 ], [ 74.34620756, 30.48427615 ], [ 74.34389538, 30.46356441 ], [ 74.32761359, 30.44538616 ], [ 74.30632356, 30.44609066 ], [ 74.27081675, 30.42763671 ], [ 74.24405108, 30.42749823 ], [ 74.27874957, 30.42006258 ], [ 74.29254128, 30.41415897 ], [ 74.35052693, 30.40563751 ], [ 74.35763222, 30.40275938 ], [ 74.35823319, 30.39851634 ], [ 74.35330633, 30.38233602 ], [ 74.33136604, 30.38734718 ], [ 74.31481795, 30.38720264 ], [ 74.30779221, 30.37021349 ], [ 74.31004555, 30.36025382 ], [ 74.3188277, 30.35442554 ], [ 74.32264918, 30.33106294 ], [ 74.32544148, 30.32958698 ], [ 74.30338027, 30.30891289 ], [ 74.30611023, 30.30222149 ], [ 74.29730677, 30.27472556 ], [ 74.29752593, 30.26534367 ], [ 74.28257796, 30.2743866 ], [ 74.27190162, 30.26454123 ], [ 74.2631271, 30.24990635 ], [ 74.26381897, 30.24647094 ], [ 74.28643947, 30.23335109 ], [ 74.32376977, 30.24497961 ], [ 74.3581803, 30.24070168 ], [ 74.35286889, 30.21423018 ], [ 74.34480665, 30.19918908 ], [ 74.34799325, 30.19186899 ], [ 74.33586968, 30.16339413 ], [ 74.35931738, 30.15513961 ], [ 74.37466447, 30.15341387 ], [ 74.37439115, 30.1459385 ], [ 74.38105711, 30.13103566 ], [ 74.39997455, 30.11654768 ], [ 74.40070159, 30.11105511 ], [ 74.41283349, 30.09760339 ], [ 74.40826419, 30.09563061 ], [ 74.39650266, 30.1084041 ], [ 74.38190793, 30.11169937 ], [ 74.37183417, 30.10766071 ], [ 74.37295541, 30.10355919 ], [ 74.36572801, 30.08716476 ], [ 74.38908888, 30.07440678 ], [ 74.38706789, 30.06974558 ], [ 74.39560882, 30.05831309 ], [ 74.39318274, 30.05617224 ], [ 74.41415793, 30.03565914 ], [ 74.41371357, 30.02886325 ], [ 74.40580621, 30.0285677 ], [ 74.42335413, 30.02611908 ], [ 74.45148443, 30.0297242 ], [ 74.46114946, 30.01408741 ], [ 74.46260411, 30.00888544 ], [ 74.45990222, 30.00645089 ], [ 74.42216171, 29.99771532 ], [ 74.43204205, 29.9675218 ], [ 74.44810461, 29.94709807 ], [ 74.52717257, 29.94283442 ], [ 74.53175495, 29.94924055 ], [ 74.56073339, 29.92933272 ], [ 74.55898251, 29.92713443 ], [ 74.58244832, 29.92439054 ], [ 74.59669938, 29.91231092 ], [ 74.62924534, 29.90507429 ], [ 74.64683883, 29.90438895 ], [ 74.65419157, 29.90561248 ], [ 74.64670431, 29.91146397 ], [ 74.65161237, 29.92652073 ], [ 74.6697306, 29.93925289 ], [ 74.68204384, 29.94338004 ], [ 74.6936253, 29.9668918 ], [ 74.70665389, 29.97693855 ], [ 74.70055201, 29.9871176 ], [ 74.71724792, 30.01344085 ], [ 74.69436847, 30.03355866 ], [ 74.69688957, 30.03721839 ], [ 74.6940499, 30.04896437 ], [ 74.70493002, 30.06466956 ], [ 74.69136575, 30.07202203 ], [ 74.68264327, 30.07197715 ], [ 74.67633976, 30.08167997 ], [ 74.6737312, 30.08976142 ], [ 74.68398508, 30.10380293 ], [ 74.68320534, 30.11133836 ], [ 74.68134301, 30.11302185 ], [ 74.67004505, 30.10757427 ], [ 74.64876323, 30.11033375 ], [ 74.62909841, 30.1296249 ], [ 74.64005968, 30.14285885 ], [ 74.64024946, 30.15090175 ], [ 74.65609035, 30.16303764 ], [ 74.68640154, 30.16782479 ], [ 74.69235562, 30.16084507 ], [ 74.70323571, 30.16010728 ], [ 74.72932543, 30.1752369 ], [ 74.73487645, 30.17514043 ], [ 74.73725645, 30.18280974 ], [ 74.734214, 30.19232035 ], [ 74.7244453, 30.19715935 ], [ 74.71183213, 30.19698414 ], [ 74.71604498, 30.20814587 ], [ 74.71280936, 30.21327043 ], [ 74.71896295, 30.22073952 ], [ 74.71798024, 30.22563022 ], [ 74.7256291, 30.22998646 ], [ 74.72062226, 30.23490502 ], [ 74.72140852, 30.24255944 ], [ 74.71797471, 30.24848294 ], [ 74.72030642, 30.2572764 ], [ 74.73465555, 30.27409984 ], [ 74.73434849, 30.27885178 ], [ 74.74285961, 30.27861941 ], [ 74.75226049, 30.28707978 ], [ 74.72412706, 30.30867859 ], [ 74.74634774, 30.32086786 ], [ 74.76227583, 30.32060009 ], [ 74.7852103, 30.33664274 ], [ 74.69908157, 30.35454002 ], [ 74.7238496, 30.36612836 ], [ 74.77986729, 30.33937449 ], [ 74.78996876, 30.34111197 ], [ 74.79198564, 30.33688334 ], [ 74.79626235, 30.35564766 ], [ 74.8218097, 30.39285702 ], [ 74.80739331, 30.40123806 ], [ 74.80517008, 30.39726316 ], [ 74.7973411, 30.39948295 ], [ 74.78866635, 30.3959605 ], [ 74.77001855, 30.39746324 ], [ 74.75782287, 30.39023764 ], [ 74.7532628, 30.39391163 ], [ 74.75931887, 30.42294094 ], [ 74.75205755, 30.42919545 ], [ 74.75510317, 30.43374539 ], [ 74.73176359, 30.44941215 ], [ 74.72933607, 30.4570836 ], [ 74.7414069, 30.47303601 ], [ 74.74784535, 30.47289655 ], [ 74.76292318, 30.48395334 ], [ 74.75856328, 30.49658334 ], [ 74.74910712, 30.48920504 ], [ 74.74469768, 30.49354466 ], [ 74.73486163, 30.49422104 ], [ 74.71943165, 30.50495321 ], [ 74.71854104, 30.51026314 ], [ 74.71416207, 30.51257889 ], [ 74.68858694, 30.51839158 ], [ 74.68567345, 30.52687661 ], [ 74.70192731, 30.54033045 ], [ 74.70908333, 30.55888356 ], [ 74.67435661, 30.57886708 ], [ 74.66930514, 30.57900268 ], [ 74.65765875, 30.59375575 ], [ 74.64660904, 30.5950262 ], [ 74.64186887, 30.5990338 ], [ 74.63970003, 30.60670433 ], [ 74.63409613, 30.61019643 ], [ 74.63643604, 30.61598906 ], [ 74.63204544, 30.61431136 ], [ 74.62411306, 30.61848353 ], [ 74.61924106, 30.63954188 ], [ 74.61129822, 30.63640479 ], [ 74.60884396, 30.64333259 ], [ 74.59927047, 30.64727473 ], [ 74.58943135, 30.65830535 ], [ 74.56045639, 30.66575374 ] ] ] } },
{ "type": "Feature", "properties": { "District": "Shahid Bhagat Singh Nagar", "State": "PB", "st_area_shape_": 1234937264.0516577 }, "geometry": { "type": "Polygon", "coordinates": [ [ [ 75.8517576, 31.2833386 ], [ 75.84275193, 31.28226756 ], [ 75.83837875, 31.27862977 ], [ 75.83818679, 31.27357619 ], [ 75.84142249, 31.26221023 ], [ 75.8507614, 31.25852746 ], [ 75.85158061, 31.25030172 ], [ 75.85739922, 31.24510202 ], [ 75.85484868, 31.23347744 ], [ 75.84303773, 31.23250422 ], [ 75.79803056, 31.21617586 ], [ 75.79658093, 31.21152628 ], [ 75.78796738, 31.20504776 ], [ 75.79156939, 31.19928833 ], [ 75.78809428, 31.19839852 ], [ 75.80689605, 31.19322966 ], [ 75.81422882, 31.18819121 ], [ 75.85153852, 31.18295269 ], [ 75.85442943, 31.17470816 ], [ 75.86262454, 31.17396354 ], [ 75.87266854, 31.16267635 ], [ 75.88581769, 31.16612122 ], [ 75.88321981, 31.15006095 ], [ 75.88590821, 31.14577776 ], [ 75.888537, 31.14622978 ], [ 75.89078679, 31.15388447 ], [ 75.89810732, 31.15534724 ], [ 75.90330376, 31.12548477 ], [ 75.91607898, 31.10740524 ], [ 75.91265833, 31.09936644 ], [ 75.92664966, 31.0942654 ], [ 75.93265875, 31.07656575 ], [ 75.9305686, 31.06501577 ], [ 75.94502245, 31.05875604 ], [ 75.94193831, 31.05618724 ], [ 75.94271558, 31.04757151 ], [ 75.95123056, 31.02163343 ], [ 75.96910798, 31.01511608 ], [ 75.97103875, 31.0040643 ], [ 75.98783422, 31.00447991 ], [ 75.99162938, 31.00922785 ], [ 76.00482419, 31.00639375 ], [ 76.00421383, 31.00391826 ], [ 76.02437384, 31.00128082 ], [ 76.02674778, 30.99681394 ], [ 76.06319272, 31.00047151 ], [ 76.07061564, 30.99570683 ], [ 76.08409491, 30.99780359 ], [ 76.08815367, 30.99509532 ], [ 76.10318562, 30.99837465 ], [ 76.12057193, 30.99303429 ], [ 76.12240196, 30.99679578 ], [ 76.13614941, 30.99754376 ], [ 76.14308186, 30.98581958 ], [ 76.16873636, 30.98945475 ], [ 76.16659083, 30.99326363 ], [ 76.17476466, 30.99588576 ], [ 76.18049049, 30.99208298 ], [ 76.18781864, 30.99618409 ], [ 76.1818468, 31.00550254 ], [ 76.20452054, 30.99990179 ], [ 76.2043508, 31.00346077 ], [ 76.21337732, 31.00461118 ], [ 76.21102588, 31.01208123 ], [ 76.22001675, 31.01164422 ], [ 76.22419682, 31.00291006 ], [ 76.22507904, 31.00544676 ], [ 76.23411162, 31.00593765 ], [ 76.24099554, 31.00242351 ], [ 76.25624064, 31.01042999 ], [ 76.26388534, 31.00311777 ], [ 76.27471412, 31.0154604 ], [ 76.2879181, 31.0091414 ], [ 76.28941657, 31.00462438 ], [ 76.27614394, 31.00237117 ], [ 76.27674442, 31.00017865 ], [ 76.28677907, 31.00242116 ], [ 76.29270615, 30.99920297 ], [ 76.29675613, 30.98842108 ], [ 76.30559616, 30.98783879 ], [ 76.3059362, 30.99226939 ], [ 76.31336011, 30.99515591 ], [ 76.32653289, 30.99427237 ], [ 76.32508908, 30.97920593 ], [ 76.34494536, 30.9806128 ], [ 76.34282213, 30.97490647 ], [ 76.35876578, 30.96909676 ], [ 76.36914705, 30.97231497 ], [ 76.36922189, 30.9747383 ], [ 76.38411518, 30.97544913 ], [ 76.40648258, 30.97585585 ], [ 76.40683067, 30.9725625 ], [ 76.41554505, 30.97132445 ], [ 76.45754489, 30.97325435 ], [ 76.45746539, 30.97626082 ], [ 76.46840943, 30.97569891 ], [ 76.47942152, 30.97951855 ], [ 76.49362043, 30.97541845 ], [ 76.49424505, 30.97945789 ], [ 76.50968944, 30.97984258 ], [ 76.51858826, 30.99534823 ], [ 76.5101065, 30.99908585 ], [ 76.50676892, 31.00532827 ], [ 76.50051612, 31.00471851 ], [ 76.49390286, 31.00871772 ], [ 76.48649986, 31.01438885 ], [ 76.48406828, 31.02133407 ], [ 76.46695891, 31.03161438 ], [ 76.45732846, 31.05421129 ], [ 76.45165971, 31.05625093 ], [ 76.44624846, 31.06751464 ], [ 76.43521887, 31.07852667 ], [ 76.43216084, 31.09128661 ], [ 76.42577414, 31.09587222 ], [ 76.43234702, 31.10584329 ], [ 76.42917239, 31.11623361 ], [ 76.42147251, 31.11845792 ], [ 76.41291839, 31.13272032 ], [ 76.39712094, 31.14084826 ], [ 76.38347115, 31.15334374 ], [ 76.37705762, 31.17038837 ], [ 76.3656581, 31.18915735 ], [ 76.35981458, 31.19312127 ], [ 76.36118031, 31.19577575 ], [ 76.35502528, 31.20614357 ], [ 76.34815984, 31.20762753 ], [ 76.33466897, 31.22482472 ], [ 76.32862197, 31.22410265 ], [ 76.31649092, 31.21456072 ], [ 76.29473756, 31.22042859 ], [ 76.28133467, 31.22868199 ], [ 76.27722692, 31.23526364 ], [ 76.25697998, 31.23653602 ], [ 76.24445758, 31.24512682 ], [ 76.23633965, 31.24419961 ], [ 76.23875988, 31.22667232 ], [ 76.23543315, 31.2263293 ], [ 76.23455172, 31.21722342 ], [ 76.23009925, 31.21328588 ], [ 76.22466426, 31.19833493 ], [ 76.23478967, 31.20086108 ], [ 76.23673553, 31.20679669 ], [ 76.24592895, 31.19636516 ], [ 76.23455212, 31.18581524 ], [ 76.21187399, 31.18567981 ], [ 76.20856022, 31.19119309 ], [ 76.19570943, 31.18375229 ], [ 76.19686611, 31.17619975 ], [ 76.2052149, 31.16904644 ], [ 76.20775458, 31.15902746 ], [ 76.20087932, 31.15634776 ], [ 76.20998794, 31.13715291 ], [ 76.18776571, 31.13288794 ], [ 76.18076624, 31.13577524 ], [ 76.17010172, 31.13452651 ], [ 76.16656227, 31.14032761 ], [ 76.15605928, 31.14084066 ], [ 76.1559424, 31.15283827 ], [ 76.143856, 31.15216669 ], [ 76.13720345, 31.14688445 ], [ 76.12957538, 31.16940891 ], [ 76.11729073, 31.16662539 ], [ 76.09937855, 31.17991574 ], [ 76.09355633, 31.18631109 ], [ 76.09137665, 31.19692097 ], [ 76.08528461, 31.20285002 ], [ 76.08859895, 31.21432723 ], [ 76.08566766, 31.22579402 ], [ 76.07746466, 31.22816805 ], [ 76.06526433, 31.22576005 ], [ 76.06529832, 31.21876991 ], [ 76.04930944, 31.213495 ], [ 76.04500733, 31.21849573 ], [ 76.05463947, 31.22625337 ], [ 76.02793706, 31.24256821 ], [ 76.02632812, 31.24985898 ], [ 76.02913372, 31.2506078 ], [ 76.02529865, 31.25924121 ], [ 76.00756046, 31.24446023 ], [ 76.00297647, 31.24441821 ], [ 75.99321862, 31.25875754 ], [ 75.97138667, 31.25292315 ], [ 75.96783458, 31.25723185 ], [ 75.9527785, 31.25555282 ], [ 75.95470855, 31.26078383 ], [ 75.94515168, 31.26757362 ], [ 75.94247482, 31.27394189 ], [ 75.93410382, 31.27423917 ], [ 75.93068979, 31.26864962 ], [ 75.9248262, 31.27255507 ], [ 75.9250811, 31.27613231 ], [ 75.91613254, 31.27939587 ], [ 75.91851092, 31.28147563 ], [ 75.91496437, 31.28463858 ], [ 75.91092792, 31.27910749 ], [ 75.90066687, 31.28083259 ], [ 75.89237825, 31.27594981 ], [ 75.89534519, 31.26618646 ], [ 75.90592056, 31.26404583 ], [ 75.90958499, 31.26000971 ], [ 75.87419174, 31.24414556 ], [ 75.86876995, 31.24552208 ], [ 75.87251002, 31.25143826 ], [ 75.86858065, 31.2576964 ], [ 75.875475, 31.26212403 ], [ 75.87036739, 31.2730996 ], [ 75.85453447, 31.27916705 ], [ 75.8517576, 31.2833386 ] ] ] } },
{ "type": "Feature", "properties": { "District": "Patiala", "State": "PB", "st_area_shape_": 3195898387.1309428 }, "geometry": { "type": "MultiPolygon", "coordinates": [ [ [ [ 76.65342976, 30.62409546 ], [ 76.64148149, 30.62752978 ], [ 76.62958063, 30.61385448 ], [ 76.6194944, 30.6113175 ], [ 76.60652504, 30.59109168 ], [ 76.60226161, 30.5948081 ], [ 76.59665116, 30.59063358 ], [ 76.58447908, 30.57263808 ], [ 76.58040313, 30.572668 ], [ 76.57981727, 30.56823983 ], [ 76.57222827, 30.56396785 ], [ 76.56960523, 30.56813923 ], [ 76.53763855, 30.55756388 ], [ 76.51613221, 30.5680721 ], [ 76.50498382, 30.56431405 ], [ 76.50305273, 30.55986098 ], [ 76.5074002, 30.55521743 ], [ 76.49914411, 30.5460478 ], [ 76.50255352, 30.52737963 ], [ 76.49102534, 30.51939357 ], [ 76.49674254, 30.50787684 ], [ 76.49092329, 30.50112037 ], [ 76.4981091, 30.49297739 ], [ 76.4948281, 30.48765573 ], [ 76.50246601, 30.47881641 ], [ 76.49980894, 30.46458685 ], [ 76.48702765, 30.4645523 ], [ 76.47036444, 30.47384084 ], [ 76.4649715, 30.46682024 ], [ 76.47036891, 30.45932629 ], [ 76.46913123, 30.45464375 ], [ 76.45961138, 30.45950063 ], [ 76.45169781, 30.4505089 ], [ 76.44663986, 30.45065899 ], [ 76.4350682, 30.44315684 ], [ 76.42744023, 30.44407262 ], [ 76.43054306, 30.45670096 ], [ 76.41717138, 30.46411868 ], [ 76.40693656, 30.44811671 ], [ 76.39711036, 30.45182095 ], [ 76.38387794, 30.46599442 ], [ 76.3821814, 30.47167638 ], [ 76.3732278, 30.47255223 ], [ 76.37335981, 30.46875492 ], [ 76.3522291, 30.46017682 ], [ 76.34360126, 30.47519705 ], [ 76.3455005, 30.47956031 ], [ 76.33455957, 30.48655719 ], [ 76.33568865, 30.49314354 ], [ 76.32974828, 30.49339805 ], [ 76.33238298, 30.495767 ], [ 76.32809725, 30.49891516 ], [ 76.33282613, 30.50376041 ], [ 76.32323107, 30.52870121 ], [ 76.32827883, 30.54033613 ], [ 76.31453094, 30.54789145 ], [ 76.28291344, 30.54525491 ], [ 76.27481026, 30.55288016 ], [ 76.27510373, 30.55964783 ], [ 76.2684251, 30.55901548 ], [ 76.2562651, 30.56726327 ], [ 76.2564267, 30.5619134 ], [ 76.24944613, 30.55893224 ], [ 76.24445087, 30.54975607 ], [ 76.23724233, 30.55025716 ], [ 76.23637767, 30.55580142 ], [ 76.23978833, 30.55683859 ], [ 76.23789812, 30.56665168 ], [ 76.22936068, 30.57013192 ], [ 76.21535753, 30.56438533 ], [ 76.20735647, 30.55467597 ], [ 76.20329361, 30.55641768 ], [ 76.20135917, 30.55120398 ], [ 76.18989986, 30.54899682 ], [ 76.18310357, 30.54142888 ], [ 76.17308112, 30.54713657 ], [ 76.16566053, 30.53517565 ], [ 76.1542481, 30.54444016 ], [ 76.13624171, 30.52358111 ], [ 76.11991891, 30.54541732 ], [ 76.1082435, 30.52934346 ], [ 76.09554497, 30.53502619 ], [ 76.09183859, 30.53987339 ], [ 76.08588257, 30.53719471 ], [ 76.08899218, 30.53399499 ], [ 76.08074332, 30.52032616 ], [ 76.08351298, 30.51479664 ], [ 76.07853366, 30.50832719 ], [ 76.08100337, 30.50213774 ], [ 76.06876499, 30.49728812 ], [ 76.06332574, 30.48869884 ], [ 76.06707966, 30.47955979 ], [ 76.08069355, 30.47254031 ], [ 76.07981371, 30.46261117 ], [ 76.08793767, 30.45830657 ], [ 76.07509439, 30.44988226 ], [ 76.07033499, 30.45319195 ], [ 76.04953778, 30.4357734 ], [ 76.0527174, 30.42751412 ], [ 76.04487348, 30.4159351 ], [ 76.03162024, 30.40873568 ], [ 76.0360397, 30.40189629 ], [ 76.0237127, 30.39050109 ], [ 76.02411136, 30.37875826 ], [ 76.01744222, 30.38084805 ], [ 76.00980325, 30.3731387 ], [ 76.00710363, 30.36549935 ], [ 76.0109683, 30.36427364 ], [ 75.99676498, 30.36490936 ], [ 75.99228554, 30.37201873 ], [ 75.98926594, 30.368779 ], [ 75.98548647, 30.36138963 ], [ 75.98657642, 30.34058144 ], [ 75.98861617, 30.33737673 ], [ 76.00806365, 30.335052 ], [ 76.00973345, 30.33100235 ], [ 76.0235574, 30.32649844 ], [ 76.02289173, 30.33222229 ], [ 76.02873097, 30.33268227 ], [ 76.03350033, 30.33730189 ], [ 76.04259909, 30.33481987 ], [ 76.04798843, 30.33898179 ], [ 76.05958697, 30.32989262 ], [ 76.05869709, 30.32712286 ], [ 76.06810592, 30.31646382 ], [ 76.08813334, 30.30991445 ], [ 76.0913829, 30.31425409 ], [ 76.11117029, 30.32154353 ], [ 76.13234258, 30.31209442 ], [ 76.13825681, 30.3125744 ], [ 76.14886539, 30.32097371 ], [ 76.15687437, 30.31583419 ], [ 76.16689804, 30.3206788 ], [ 76.17060258, 30.31697414 ], [ 76.16688309, 30.31088465 ], [ 76.16719309, 30.30259537 ], [ 76.17962345, 30.30851058 ], [ 76.18707051, 30.30031564 ], [ 76.19778914, 30.29616604 ], [ 76.2039684, 30.28369714 ], [ 76.19439969, 30.27258807 ], [ 76.18260122, 30.2751928 ], [ 76.17665204, 30.26540863 ], [ 76.17818187, 30.25933916 ], [ 76.18269129, 30.25708937 ], [ 76.17368865, 30.25102706 ], [ 76.17595221, 30.24918003 ], [ 76.16621352, 30.2399508 ], [ 76.16283393, 30.24629024 ], [ 76.15365561, 30.24802637 ], [ 76.14312651, 30.24215052 ], [ 76.13792723, 30.23329127 ], [ 76.13206796, 30.24020065 ], [ 76.12677867, 30.23544105 ], [ 76.12266919, 30.23754085 ], [ 76.11501023, 30.22927154 ], [ 76.11229058, 30.22987148 ], [ 76.11433034, 30.22362203 ], [ 76.10833113, 30.22093224 ], [ 76.08126466, 30.22016221 ], [ 76.0807747, 30.2248018 ], [ 76.0777151, 30.22504177 ], [ 76.06247714, 30.21104293 ], [ 76.06844639, 30.20626337 ], [ 76.04930896, 30.18674499 ], [ 76.05657807, 30.17558598 ], [ 76.05720804, 30.16485691 ], [ 76.07366596, 30.15194809 ], [ 76.06950652, 30.1470085 ], [ 76.0627274, 30.14878832 ], [ 76.06226748, 30.14435871 ], [ 76.0690166, 30.14384877 ], [ 76.07893459, 30.13600742 ], [ 76.08011115, 30.13133626 ], [ 76.07417599, 30.13142986 ], [ 76.07175634, 30.12438046 ], [ 76.08347984, 30.1198809 ], [ 76.07743564, 30.11455134 ], [ 76.07876212, 30.11102342 ], [ 76.09672313, 30.11634125 ], [ 76.10469456, 30.10361729 ], [ 76.08912429, 30.08015435 ], [ 76.09150401, 30.07434486 ], [ 76.08107541, 30.06380573 ], [ 76.08735463, 30.05472654 ], [ 76.05686854, 30.06659541 ], [ 76.05153924, 30.06457557 ], [ 76.05236915, 30.06101588 ], [ 76.04356033, 30.05243659 ], [ 76.05177928, 30.04957686 ], [ 76.04147062, 30.04818695 ], [ 76.0395009, 30.04250743 ], [ 76.04182061, 30.04206747 ], [ 76.03758685, 30.03800625 ], [ 76.04394889, 30.03179715 ], [ 76.04201065, 30.02749874 ], [ 76.03400673, 30.01863947 ], [ 76.02847244, 30.02008933 ], [ 76.02671518, 30.01295777 ], [ 76.0319682, 30.01054953 ], [ 76.01491429, 29.99995102 ], [ 76.00686541, 29.9836624 ], [ 76.02683287, 29.97240344 ], [ 76.02073868, 29.96636894 ], [ 76.02633299, 29.95985452 ], [ 76.00359055, 29.94490382 ], [ 75.99602409, 29.94843394 ], [ 75.9897078, 29.94572561 ], [ 75.988458, 29.93877621 ], [ 75.98481348, 29.9364064 ], [ 75.98610836, 29.92523737 ], [ 75.98988788, 29.9226676 ], [ 75.98299885, 29.90683895 ], [ 75.99177774, 29.89917964 ], [ 76.01191473, 29.89045853 ], [ 76.01416539, 29.87369157 ], [ 76.01989424, 29.86899234 ], [ 76.03180266, 29.87672171 ], [ 76.03303247, 29.88249122 ], [ 76.0383218, 29.88018143 ], [ 76.03928171, 29.87295206 ], [ 76.04345115, 29.8761018 ], [ 76.04808058, 29.8693824 ], [ 76.05501968, 29.87050233 ], [ 76.05278002, 29.85989323 ], [ 76.06492853, 29.84188483 ], [ 76.07303747, 29.84374469 ], [ 76.07504722, 29.84154489 ], [ 76.08922536, 29.84715446 ], [ 76.09065515, 29.8513941 ], [ 76.10029908, 29.84745973 ], [ 76.10437335, 29.85526381 ], [ 76.11104247, 29.85957347 ], [ 76.12268231, 29.85740299 ], [ 76.1181216, 29.84857444 ], [ 76.11912957, 29.83491525 ], [ 76.10508877, 29.81185533 ], [ 76.12006197, 29.80085922 ], [ 76.11965507, 29.79233393 ], [ 76.12395177, 29.79102097 ], [ 76.13320858, 29.80449776 ], [ 76.14171091, 29.81088417 ], [ 76.14159567, 29.81550804 ], [ 76.14546742, 29.81912917 ], [ 76.17372414, 29.8179596 ], [ 76.18489015, 29.8229316 ], [ 76.19780404, 29.84481169 ], [ 76.21198963, 29.84306704 ], [ 76.22055771, 29.83802586 ], [ 76.2222186, 29.84878042 ], [ 76.23243813, 29.8537532 ], [ 76.24244907, 29.85204227 ], [ 76.24444796, 29.85506615 ], [ 76.24385265, 29.86897971 ], [ 76.24672473, 29.876009 ], [ 76.22938466, 29.88568154 ], [ 76.21737977, 29.8840875 ], [ 76.21084412, 29.89128999 ], [ 76.20953453, 29.88582135 ], [ 76.20130008, 29.8837591 ], [ 76.19941467, 29.88839004 ], [ 76.19334044, 29.88578686 ], [ 76.18563976, 29.89249246 ], [ 76.18925308, 29.90864303 ], [ 76.18772041, 29.92062948 ], [ 76.17196972, 29.92645042 ], [ 76.17810675, 29.93346581 ], [ 76.17990584, 29.94528526 ], [ 76.19360943, 29.95183959 ], [ 76.19060825, 29.95528407 ], [ 76.19312055, 29.96224916 ], [ 76.19713765, 29.96235272 ], [ 76.1953493, 29.96590283 ], [ 76.20574412, 29.97434958 ], [ 76.20186535, 29.9871077 ], [ 76.20290627, 29.98972804 ], [ 76.20803976, 29.98610483 ], [ 76.21057339, 29.98812176 ], [ 76.20651178, 29.99349658 ], [ 76.21145177, 29.99549263 ], [ 76.20996321, 30.00516885 ], [ 76.22625799, 30.0088596 ], [ 76.23287684, 30.01598529 ], [ 76.21319845, 30.02273266 ], [ 76.21359589, 30.03177407 ], [ 76.22251251, 30.0369436 ], [ 76.22220796, 30.04926294 ], [ 76.22851307, 30.05354902 ], [ 76.22626893, 30.05937529 ], [ 76.25346742, 30.08897201 ], [ 76.23624207, 30.10649293 ], [ 76.2305597, 30.10625409 ], [ 76.2235488, 30.1119227 ], [ 76.21673087, 30.11009201 ], [ 76.22041147, 30.1154142 ], [ 76.21654904, 30.12406573 ], [ 76.22453342, 30.12712576 ], [ 76.21507086, 30.13526832 ], [ 76.21457905, 30.14048484 ], [ 76.20719253, 30.14460664 ], [ 76.20764152, 30.15660152 ], [ 76.21442423, 30.15596193 ], [ 76.21342745, 30.1528177 ], [ 76.21857374, 30.14783055 ], [ 76.23458198, 30.14501547 ], [ 76.23224673, 30.14010781 ], [ 76.24310424, 30.132623 ], [ 76.24273592, 30.12918363 ], [ 76.24682115, 30.1307661 ], [ 76.25568465, 30.12607885 ], [ 76.25366872, 30.12162521 ], [ 76.2677626, 30.11447148 ], [ 76.27516736, 30.11463541 ], [ 76.28532166, 30.10622656 ], [ 76.29658303, 30.11445755 ], [ 76.30754617, 30.1087753 ], [ 76.32185043, 30.09513106 ], [ 76.3315118, 30.09980372 ], [ 76.34413699, 30.10087774 ], [ 76.35440641, 30.11693086 ], [ 76.36021479, 30.12022152 ], [ 76.34203556, 30.12650028 ], [ 76.33348946, 30.13821828 ], [ 76.33393678, 30.14204002 ], [ 76.34687098, 30.14282321 ], [ 76.35047634, 30.14688598 ], [ 76.35926883, 30.13979738 ], [ 76.36142839, 30.12972332 ], [ 76.3669275, 30.12423201 ], [ 76.36084764, 30.12259644 ], [ 76.36208822, 30.12025872 ], [ 76.38886089, 30.11328794 ], [ 76.40004661, 30.11672068 ], [ 76.39483868, 30.12202851 ], [ 76.39596052, 30.12617487 ], [ 76.39112838, 30.13496421 ], [ 76.41007671, 30.14508806 ], [ 76.39501326, 30.15802304 ], [ 76.39139373, 30.16447242 ], [ 76.39346958, 30.16699072 ], [ 76.3871641, 30.17064619 ], [ 76.40296729, 30.18216098 ], [ 76.40638544, 30.19030746 ], [ 76.42272312, 30.1922929 ], [ 76.43425277, 30.18321586 ], [ 76.43043301, 30.17803907 ], [ 76.44056751, 30.16589467 ], [ 76.43650284, 30.15599695 ], [ 76.42854575, 30.15100221 ], [ 76.43964914, 30.14377682 ], [ 76.43851846, 30.1331568 ], [ 76.44387961, 30.130516 ], [ 76.4580176, 30.13187936 ], [ 76.45994517, 30.12944628 ], [ 76.45630784, 30.11547482 ], [ 76.46300249, 30.10067776 ], [ 76.50655631, 30.09241458 ], [ 76.51387758, 30.08366546 ], [ 76.5118609, 30.07202964 ], [ 76.52984965, 30.07848244 ], [ 76.53802467, 30.07474516 ], [ 76.54696184, 30.07625634 ], [ 76.54814401, 30.08077821 ], [ 76.55663585, 30.08290055 ], [ 76.56052924, 30.09342733 ], [ 76.57427437, 30.09990967 ], [ 76.58652531, 30.11076923 ], [ 76.59936676, 30.11257268 ], [ 76.6234566, 30.14017953 ], [ 76.63184055, 30.14215229 ], [ 76.63410256, 30.14659383 ], [ 76.64217522, 30.14965671 ], [ 76.6332755, 30.16697293 ], [ 76.6224445, 30.16760689 ], [ 76.59988896, 30.18474451 ], [ 76.60466188, 30.18895547 ], [ 76.60336361, 30.19310772 ], [ 76.61416557, 30.20447952 ], [ 76.61706885, 30.20105824 ], [ 76.63627774, 30.19662977 ], [ 76.64476579, 30.18748175 ], [ 76.62863306, 30.17855611 ], [ 76.63449959, 30.17400806 ], [ 76.63425, 30.16975746 ], [ 76.64130156, 30.16963297 ], [ 76.65140881, 30.17650681 ], [ 76.65579495, 30.18430489 ], [ 76.64980049, 30.1910762 ], [ 76.6532002, 30.20116936 ], [ 76.6388302, 30.20624868 ], [ 76.62176001, 30.20514796 ], [ 76.61577429, 30.20906097 ], [ 76.61661445, 30.21355589 ], [ 76.62331987, 30.21695675 ], [ 76.62737875, 30.2240941 ], [ 76.60355794, 30.23780929 ], [ 76.60000032, 30.23457194 ], [ 76.59623032, 30.23741818 ], [ 76.60365397, 30.24921229 ], [ 76.5961044, 30.25571343 ], [ 76.5906503, 30.25346495 ], [ 76.59185041, 30.24604547 ], [ 76.58532796, 30.24534267 ], [ 76.57187094, 30.2363276 ], [ 76.56273841, 30.22582668 ], [ 76.54804982, 30.22249766 ], [ 76.54555947, 30.22525033 ], [ 76.55564606, 30.22685827 ], [ 76.56197536, 30.24153841 ], [ 76.55661302, 30.26237217 ], [ 76.57201148, 30.26525848 ], [ 76.57512937, 30.2619294 ], [ 76.58380161, 30.2702717 ], [ 76.59289533, 30.2618008 ], [ 76.60111501, 30.27036444 ], [ 76.60857423, 30.26796097 ], [ 76.61440138, 30.27255754 ], [ 76.62341544, 30.2646019 ], [ 76.63143365, 30.27621644 ], [ 76.63540135, 30.28963756 ], [ 76.63925137, 30.28466181 ], [ 76.65002582, 30.29075499 ], [ 76.67050088, 30.3115156 ], [ 76.67697664, 30.30798779 ], [ 76.68189302, 30.31130179 ], [ 76.68597816, 30.31461619 ], [ 76.68105134, 30.31826197 ], [ 76.68857647, 30.32732225 ], [ 76.69575163, 30.32166483 ], [ 76.70003726, 30.32810148 ], [ 76.71085956, 30.32584838 ], [ 76.71636946, 30.33606952 ], [ 76.72233238, 30.33337196 ], [ 76.72897842, 30.33818473 ], [ 76.72736443, 30.34111528 ], [ 76.7326075, 30.34837518 ], [ 76.7384985, 30.34639875 ], [ 76.74873246, 30.35218132 ], [ 76.74872132, 30.36238231 ], [ 76.74547514, 30.36779616 ], [ 76.73753564, 30.37046621 ], [ 76.72553873, 30.36184808 ], [ 76.71987817, 30.36348888 ], [ 76.71897328, 30.36656596 ], [ 76.73117609, 30.37980184 ], [ 76.72947232, 30.38229368 ], [ 76.71762739, 30.38012157 ], [ 76.7128831, 30.39035579 ], [ 76.71419246, 30.40219072 ], [ 76.7222477, 30.39915276 ], [ 76.72525293, 30.40224572 ], [ 76.72821139, 30.40041635 ], [ 76.73978147, 30.41108913 ], [ 76.73512042, 30.41928519 ], [ 76.74103731, 30.42626034 ], [ 76.74827852, 30.42889961 ], [ 76.74634601, 30.44317433 ], [ 76.75676516, 30.44661456 ], [ 76.75847155, 30.45116784 ], [ 76.75528581, 30.45216493 ], [ 76.7559517, 30.45793365 ], [ 76.75162172, 30.46287289 ], [ 76.75303078, 30.46980922 ], [ 76.76530386, 30.47544157 ], [ 76.7693085, 30.4857228 ], [ 76.76779492, 30.49407898 ], [ 76.78332199, 30.49523952 ], [ 76.79599283, 30.50346586 ], [ 76.78624077, 30.50397186 ], [ 76.78135646, 30.50821078 ], [ 76.78039129, 30.5107404 ], [ 76.78697858, 30.51891159 ], [ 76.76801066, 30.5246383 ], [ 76.76368107, 30.52814621 ], [ 76.76529206, 30.53122819 ], [ 76.75443638, 30.53299533 ], [ 76.75115589, 30.53722087 ], [ 76.75398001, 30.54338401 ], [ 76.7510944, 30.54698339 ], [ 76.75193583, 30.55513381 ], [ 76.76052166, 30.55815778 ], [ 76.7753501, 30.57384285 ], [ 76.77665786, 30.57658884 ], [ 76.77258571, 30.58317802 ], [ 76.78789467, 30.59711587 ], [ 76.77823335, 30.60882929 ], [ 76.77333072, 30.61042683 ], [ 76.76387542, 30.60610398 ], [ 76.74271187, 30.58562177 ], [ 76.74563252, 30.56733176 ], [ 76.73970085, 30.55930855 ], [ 76.73978844, 30.55409501 ], [ 76.73502638, 30.55137073 ], [ 76.73138198, 30.53962837 ], [ 76.7262498, 30.53748794 ], [ 76.7112212, 30.54022821 ], [ 76.7010354, 30.54875476 ], [ 76.68688196, 30.55367826 ], [ 76.6805309, 30.5633265 ], [ 76.68755638, 30.57186186 ], [ 76.68366078, 30.57924231 ], [ 76.68932589, 30.59375636 ], [ 76.66287408, 30.58327205 ], [ 76.66092306, 30.58705593 ], [ 76.66844043, 30.59330948 ], [ 76.66318596, 30.60153473 ], [ 76.66559992, 30.61104957 ], [ 76.65829322, 30.61056886 ], [ 76.65342976, 30.62409546 ] ] ], [ [ [ 75.97212904, 29.92081997 ], [ 75.97039278, 29.93280579 ], [ 75.96786779, 29.92846998 ], [ 75.96905684, 29.92042295 ], [ 75.96483502, 29.92020217 ], [ 75.96699186, 29.913404 ], [ 75.95970524, 29.91387418 ], [ 75.95715273, 29.9191679 ], [ 75.94700077, 29.92124889 ], [ 75.93439306, 29.91547682 ], [ 75.93040814, 29.90813586 ], [ 75.9383108, 29.90004196 ], [ 75.95570176, 29.89079121 ], [ 75.96202602, 29.88982498 ], [ 75.96367804, 29.89282808 ], [ 75.96845605, 29.89036623 ], [ 75.98064281, 29.90434686 ], [ 75.9718102, 29.91646791 ], [ 75.96863512, 29.91515094 ], [ 75.97212904, 29.92081997 ] ] ] ] } },
{ "type": "Feature", "properties": { "District": "Rupnagar", "State": "PB", "st_area_shape_": 1341985618.5919614 }, "geometry": { "type": "Polygon", "coordinates": [ [ [ 76.40378141, 31.39231234 ], [ 76.39625853, 31.40772049 ], [ 76.38800083, 31.40912626 ], [ 76.38995909, 31.41659365 ], [ 76.37395278, 31.43717034 ], [ 76.37026142, 31.42875881 ], [ 76.37281389, 31.42486895 ], [ 76.37230937, 31.40902985 ], [ 76.36779474, 31.40395033 ], [ 76.34849941, 31.39779594 ], [ 76.34672822, 31.40229697 ], [ 76.34334093, 31.40225962 ], [ 76.34278881, 31.39827559 ], [ 76.3422328, 31.40091072 ], [ 76.33114002, 31.40124245 ], [ 76.32965598, 31.3786283 ], [ 76.34172062, 31.37815279 ], [ 76.34242135, 31.35478525 ], [ 76.34610778, 31.35445679 ], [ 76.34706897, 31.34915401 ], [ 76.35305712, 31.3488978 ], [ 76.35444577, 31.34496435 ], [ 76.34720649, 31.34685675 ], [ 76.34395944, 31.34061318 ], [ 76.33770704, 31.34037504 ], [ 76.33409159, 31.34941239 ], [ 76.33130559, 31.34659283 ], [ 76.30757957, 31.34265176 ], [ 76.31307436, 31.32997309 ], [ 76.32260345, 31.321674 ], [ 76.3112235, 31.31950645 ], [ 76.29065941, 31.30905568 ], [ 76.28747532, 31.2974338 ], [ 76.29679125, 31.29072615 ], [ 76.30599503, 31.29413851 ], [ 76.31038485, 31.29063391 ], [ 76.30848985, 31.27759739 ], [ 76.32966682, 31.26608986 ], [ 76.33161429, 31.25938285 ], [ 76.34119882, 31.2509905 ], [ 76.33980131, 31.24555422 ], [ 76.34933866, 31.24144257 ], [ 76.34210773, 31.23102629 ], [ 76.33170009, 31.22863123 ], [ 76.32862197, 31.22410265 ], [ 76.33761927, 31.22315508 ], [ 76.34815984, 31.20762753 ], [ 76.35502528, 31.20614357 ], [ 76.36118031, 31.19577575 ], [ 76.35981458, 31.19312127 ], [ 76.3656581, 31.18915735 ], [ 76.37705762, 31.17038837 ], [ 76.38475349, 31.1519505 ], [ 76.39750852, 31.14058121 ], [ 76.41291839, 31.13272032 ], [ 76.42147251, 31.11845792 ], [ 76.42917239, 31.11623361 ], [ 76.43234702, 31.10584329 ], [ 76.42577414, 31.09587222 ], [ 76.43216084, 31.09128661 ], [ 76.43521887, 31.07852667 ], [ 76.44624846, 31.06751464 ], [ 76.45165971, 31.05625093 ], [ 76.45732846, 31.05421129 ], [ 76.46695891, 31.03161438 ], [ 76.48406828, 31.02133407 ], [ 76.48649986, 31.01438885 ], [ 76.49390286, 31.00871772 ], [ 76.50051612, 31.00471851 ], [ 76.50676892, 31.00532827 ], [ 76.5101065, 30.99908585 ], [ 76.51858826, 30.99534823 ], [ 76.50968944, 30.97984258 ], [ 76.49424505, 30.97945789 ], [ 76.49362043, 30.97541845 ], [ 76.47942152, 30.97951855 ], [ 76.46840943, 30.97569891 ], [ 76.45746539, 30.97626082 ], [ 76.45754489, 30.97325435 ], [ 76.41554505, 30.97132445 ], [ 76.40683067, 30.9725625 ], [ 76.40648258, 30.97585585 ], [ 76.38411518, 30.97544913 ], [ 76.36922189, 30.9747383 ], [ 76.36914705, 30.97231497 ], [ 76.35876578, 30.96909676 ], [ 76.34282213, 30.97490647 ], [ 76.34494536, 30.9806128 ], [ 76.32508908, 30.97920593 ], [ 76.32653289, 30.99427237 ], [ 76.31679539, 30.99550687 ], [ 76.3059362, 30.99226939 ], [ 76.30559616, 30.98783879 ], [ 76.31178331, 30.98844566 ], [ 76.31364142, 30.98526431 ], [ 76.3176226, 30.95066757 ], [ 76.32349812, 30.93230664 ], [ 76.32154534, 30.9273324 ], [ 76.3127406, 30.92473642 ], [ 76.31971518, 30.91430419 ], [ 76.31932025, 30.87705594 ], [ 76.32791839, 30.87879798 ], [ 76.33404804, 30.86973162 ], [ 76.33746534, 30.87507883 ], [ 76.34854746, 30.87382306 ], [ 76.34862096, 30.86553074 ], [ 76.35738187, 30.86618878 ], [ 76.35692123, 30.86915972 ], [ 76.3680136, 30.87218312 ], [ 76.36946259, 30.86603034 ], [ 76.38196336, 30.86032346 ], [ 76.37992928, 30.85318007 ], [ 76.38489761, 30.84902276 ], [ 76.39457884, 30.84514192 ], [ 76.40685709, 30.84701432 ], [ 76.41113679, 30.83993008 ], [ 76.40246832, 30.83061768 ], [ 76.40821968, 30.82003004 ], [ 76.42486901, 30.82280724 ], [ 76.43262896, 30.81912558 ], [ 76.43191722, 30.81229895 ], [ 76.43547003, 30.81052977 ], [ 76.43404795, 30.79922345 ], [ 76.44283381, 30.79697376 ], [ 76.44431763, 30.75947037 ], [ 76.45642695, 30.75479036 ], [ 76.45955937, 30.74991249 ], [ 76.46365221, 30.75469712 ], [ 76.46942877, 30.74562359 ], [ 76.48315039, 30.75066742 ], [ 76.49523919, 30.74621436 ], [ 76.52410018, 30.75824915 ], [ 76.53334162, 30.76657867 ], [ 76.54070453, 30.78076781 ], [ 76.55886181, 30.78591693 ], [ 76.55574814, 30.79644694 ], [ 76.56181396, 30.79982142 ], [ 76.56005921, 30.80516017 ], [ 76.56374602, 30.80804669 ], [ 76.55948111, 30.81473466 ], [ 76.56508038, 30.81816904 ], [ 76.55307563, 30.83830406 ], [ 76.58406274, 30.85167602 ], [ 76.57885792, 30.85814002 ], [ 76.56966508, 30.8513675 ], [ 76.56645787, 30.86720285 ], [ 76.57793197, 30.86942078 ], [ 76.57816379, 30.8660583 ], [ 76.57293442, 30.86615305 ], [ 76.5744562, 30.85836625 ], [ 76.58602295, 30.85958009 ], [ 76.58760464, 30.85114311 ], [ 76.59174739, 30.85206578 ], [ 76.60280595, 30.85816902 ], [ 76.59689848, 30.87498952 ], [ 76.59925675, 30.87929912 ], [ 76.60895957, 30.88326344 ], [ 76.60681458, 30.89077876 ], [ 76.62537522, 30.89571882 ], [ 76.62818024, 30.90211596 ], [ 76.64467736, 30.90450137 ], [ 76.66205444, 30.91442443 ], [ 76.68010551, 30.91475252 ], [ 76.70046157, 30.9320752 ], [ 76.71698688, 30.92881972 ], [ 76.7312679, 30.93397626 ], [ 76.73788443, 30.94083912 ], [ 76.73718799, 30.94952642 ], [ 76.7337391, 30.9493252 ], [ 76.72215259, 30.96115265 ], [ 76.71697714, 30.95978408 ], [ 76.70871636, 30.97032605 ], [ 76.67322861, 30.9688326 ], [ 76.67290165, 30.97419274 ], [ 76.66576341, 30.98075548 ], [ 76.63803362, 30.99029674 ], [ 76.63381277, 30.99593462 ], [ 76.62485906, 30.99878039 ], [ 76.62673349, 31.02210169 ], [ 76.6290543, 31.0235041 ], [ 76.61701537, 31.02986116 ], [ 76.61097435, 31.04588575 ], [ 76.62244629, 31.0549077 ], [ 76.61805458, 31.0782151 ], [ 76.62317639, 31.07972002 ], [ 76.62573198, 31.09148583 ], [ 76.63780757, 31.10375062 ], [ 76.6385763, 31.10799841 ], [ 76.63608159, 31.11637406 ], [ 76.61698217, 31.11617639 ], [ 76.61337882, 31.12226307 ], [ 76.60205486, 31.12388957 ], [ 76.60165151, 31.12860038 ], [ 76.61064233, 31.14070743 ], [ 76.60897327, 31.14303511 ], [ 76.61240289, 31.14822738 ], [ 76.60180724, 31.15339604 ], [ 76.60832806, 31.17747109 ], [ 76.59990023, 31.17718818 ], [ 76.61267913, 31.18351502 ], [ 76.61857775, 31.19352414 ], [ 76.64540619, 31.20911943 ], [ 76.63457143, 31.2178032 ], [ 76.64178497, 31.22273191 ], [ 76.62776363, 31.22655336 ], [ 76.61423638, 31.21793721 ], [ 76.59316159, 31.21172343 ], [ 76.58829177, 31.22171904 ], [ 76.59524567, 31.22675383 ], [ 76.5948302, 31.23469558 ], [ 76.59843079, 31.23964917 ], [ 76.61054645, 31.24409979 ], [ 76.61215822, 31.24788981 ], [ 76.59259782, 31.26506658 ], [ 76.58766502, 31.2742524 ], [ 76.58339226, 31.27614951 ], [ 76.57519527, 31.27032613 ], [ 76.5599772, 31.25281205 ], [ 76.55270486, 31.25515344 ], [ 76.54919021, 31.25281677 ], [ 76.54359896, 31.25895385 ], [ 76.55014694, 31.26988298 ], [ 76.5512694, 31.27882645 ], [ 76.54290868, 31.28247141 ], [ 76.53771476, 31.27060825 ], [ 76.53932741, 31.26110761 ], [ 76.531407, 31.25644561 ], [ 76.52378228, 31.25819759 ], [ 76.5304292, 31.27115714 ], [ 76.52741674, 31.27722953 ], [ 76.52132359, 31.28026173 ], [ 76.50388896, 31.2669433 ], [ 76.49733755, 31.27054476 ], [ 76.49520144, 31.28162275 ], [ 76.4972587, 31.2859944 ], [ 76.49159284, 31.28847702 ], [ 76.49206433, 31.29389322 ], [ 76.48610006, 31.30394004 ], [ 76.47951423, 31.30821803 ], [ 76.46343614, 31.29349749 ], [ 76.45929842, 31.28573808 ], [ 76.44276419, 31.27722778 ], [ 76.43968961, 31.2790902 ], [ 76.44097512, 31.28762768 ], [ 76.45855118, 31.29535301 ], [ 76.46381269, 31.30145985 ], [ 76.45462561, 31.31176922 ], [ 76.43174621, 31.32686779 ], [ 76.42513191, 31.33962233 ], [ 76.42660726, 31.34445986 ], [ 76.4240144, 31.34905551 ], [ 76.41850155, 31.35007816 ], [ 76.40794878, 31.36582776 ], [ 76.40409446, 31.37795779 ], [ 76.39266345, 31.38955051 ], [ 76.39836752, 31.3934001 ], [ 76.40378141, 31.39231234 ] ] ] } },
{ "type": "Feature", "properties": { "District": "Sangrur", "State": "PB", "st_area_shape_": 3507412322.3894382 }, "geometry": { "type": "Polygon", "coordinates": [ [ [ 75.83406474, 30.69180038 ], [ 75.82180761, 30.69070176 ], [ 75.8163012, 30.68704643 ], [ 75.82226622, 30.67794855 ], [ 75.81667524, 30.67409816 ], [ 75.81787696, 30.66813239 ], [ 75.81504825, 30.66421156 ], [ 75.80372882, 30.66438267 ], [ 75.78592053, 30.65682798 ], [ 75.78090993, 30.66089061 ], [ 75.78162278, 30.6710977 ], [ 75.77126401, 30.67336489 ], [ 75.76482911, 30.67036944 ], [ 75.76520303, 30.65802413 ], [ 75.77289987, 30.65964114 ], [ 75.77431626, 30.64922008 ], [ 75.78003767, 30.64180925 ], [ 75.79683226, 30.6320264 ], [ 75.78902901, 30.62352095 ], [ 75.76082183, 30.63749664 ], [ 75.75378431, 30.63238284 ], [ 75.73832089, 30.63180047 ], [ 75.73348113, 30.62016061 ], [ 75.70394584, 30.60359183 ], [ 75.68286177, 30.60610994 ], [ 75.67700697, 30.59763709 ], [ 75.68497815, 30.59009173 ], [ 75.67621132, 30.58360046 ], [ 75.67137373, 30.57106775 ], [ 75.65900083, 30.56269865 ], [ 75.66525738, 30.55274196 ], [ 75.6589982, 30.55073211 ], [ 75.65221909, 30.54309222 ], [ 75.6585169, 30.52991074 ], [ 75.66411762, 30.52859405 ], [ 75.66523749, 30.52450441 ], [ 75.67701886, 30.52114076 ], [ 75.68025559, 30.51046568 ], [ 75.67096685, 30.49908664 ], [ 75.65873846, 30.4956969 ], [ 75.65800862, 30.48085819 ], [ 75.66476777, 30.47325887 ], [ 75.67533639, 30.47254896 ], [ 75.67220686, 30.45755025 ], [ 75.66284813, 30.44677116 ], [ 75.65825874, 30.44413138 ], [ 75.65359933, 30.44811102 ], [ 75.6463503, 30.44075164 ], [ 75.65530919, 30.42841274 ], [ 75.66061849, 30.42853274 ], [ 75.66992732, 30.4201435 ], [ 75.66470804, 30.41059431 ], [ 75.67035733, 30.40310498 ], [ 75.66443812, 30.39846536 ], [ 75.66589798, 30.38795628 ], [ 75.67726653, 30.3789571 ], [ 75.67694667, 30.35669903 ], [ 75.68393578, 30.3514795 ], [ 75.68025627, 30.34757983 ], [ 75.68188607, 30.34577999 ], [ 75.66751799, 30.3347709 ], [ 75.65395974, 30.33727064 ], [ 75.64997973, 30.33105231 ], [ 75.65817927, 30.31651246 ], [ 75.65548965, 30.310103 ], [ 75.66504847, 30.29530432 ], [ 75.67541715, 30.28798498 ], [ 75.69004526, 30.28419536 ], [ 75.71628185, 30.28331552 ], [ 75.73063002, 30.27576622 ], [ 75.72997011, 30.27289646 ], [ 75.72222112, 30.27307642 ], [ 75.71874163, 30.26023753 ], [ 75.70042404, 30.25310809 ], [ 75.69746127, 30.24189678 ], [ 75.69222515, 30.24326891 ], [ 75.69130528, 30.23935925 ], [ 75.68787573, 30.23974421 ], [ 75.69120534, 30.23017005 ], [ 75.68047669, 30.23998916 ], [ 75.67045801, 30.23639944 ], [ 75.64853085, 30.23803923 ], [ 75.64180175, 30.23161977 ], [ 75.62936339, 30.22779006 ], [ 75.61358548, 30.21720093 ], [ 75.59213825, 30.2225004 ], [ 75.58370084, 30.22825175 ], [ 75.58009981, 30.22382025 ], [ 75.58522918, 30.21612093 ], [ 75.58077976, 30.21576095 ], [ 75.5722909, 30.20535183 ], [ 75.56027276, 30.2018133 ], [ 75.55734287, 30.19784243 ], [ 75.55547313, 30.19436273 ], [ 75.55969261, 30.18694338 ], [ 75.55550167, 30.17732913 ], [ 75.55961267, 30.17622431 ], [ 75.5761406, 30.15563614 ], [ 75.57673378, 30.1439554 ], [ 75.60549686, 30.13596794 ], [ 75.62552452, 30.14273561 ], [ 75.62761399, 30.13512808 ], [ 75.62407446, 30.13441813 ], [ 75.62495436, 30.13047847 ], [ 75.6301437, 30.12710878 ], [ 75.62813397, 30.12465898 ], [ 75.63364327, 30.12081933 ], [ 75.63436819, 30.11591976 ], [ 75.64689158, 30.11250009 ], [ 75.65471056, 30.1149899 ], [ 75.64674585, 30.10303904 ], [ 75.6413419, 30.10165137 ], [ 75.62234444, 30.08472278 ], [ 75.63682261, 30.07325382 ], [ 75.63266517, 30.06993775 ], [ 75.64007221, 30.06581447 ], [ 75.63512338, 30.04712571 ], [ 75.64222248, 30.04161621 ], [ 75.63807306, 30.02950724 ], [ 75.64154263, 30.02492765 ], [ 75.64861396, 30.02319929 ], [ 75.65701058, 30.03598674 ], [ 75.67062882, 30.03472689 ], [ 75.67358841, 30.04023642 ], [ 75.67980761, 30.03782665 ], [ 75.67407838, 30.03146718 ], [ 75.68123748, 30.0245578 ], [ 75.68771665, 30.02344792 ], [ 75.68633685, 30.01677849 ], [ 75.68999639, 30.01404873 ], [ 75.68815665, 30.0085792 ], [ 75.67979774, 30.00680933 ], [ 75.67274869, 30.00001989 ], [ 75.66406981, 29.99902995 ], [ 75.64733217, 29.98359024 ], [ 75.65222143, 29.98009155 ], [ 75.64837196, 29.97344211 ], [ 75.64763171, 29.95777279 ], [ 75.64105305, 29.93698523 ], [ 75.64927198, 29.93816516 ], [ 75.65454633, 29.93059583 ], [ 75.65787089, 29.93285564 ], [ 75.66383012, 29.93110581 ], [ 75.67274902, 29.91828694 ], [ 75.67094928, 29.91111756 ], [ 75.6754887, 29.90903775 ], [ 75.68504746, 29.9099777 ], [ 75.70547478, 29.91867701 ], [ 75.70860431, 29.93459565 ], [ 75.73236122, 29.9348857 ], [ 75.7358408, 29.92757634 ], [ 75.74416975, 29.92192686 ], [ 75.75685813, 29.91550745 ], [ 75.76422716, 29.91912716 ], [ 75.7662669, 29.91735732 ], [ 75.76834671, 29.89813899 ], [ 75.76127765, 29.89366935 ], [ 75.75875858, 29.88752952 ], [ 75.76251758, 29.87260117 ], [ 75.75752231, 29.86135886 ], [ 75.77560596, 29.85327288 ], [ 75.77198646, 29.84686342 ], [ 75.77326618, 29.8348943 ], [ 75.76479747, 29.82778504 ], [ 75.74562996, 29.82472524 ], [ 75.73780606, 29.81406151 ], [ 75.74645895, 29.80750341 ], [ 75.75690656, 29.80519363 ], [ 75.77935094, 29.82240715 ], [ 75.78972365, 29.81065341 ], [ 75.81576157, 29.80416779 ], [ 75.82267897, 29.80814343 ], [ 75.82593836, 29.81532664 ], [ 75.83027672, 29.81183833 ], [ 75.83519455, 29.81439819 ], [ 75.8376497, 29.81310226 ], [ 75.83490853, 29.80883649 ], [ 75.83698889, 29.79429732 ], [ 75.84047783, 29.78870865 ], [ 75.84366143, 29.78987808 ], [ 75.84581717, 29.78231921 ], [ 75.85289027, 29.77808375 ], [ 75.85139649, 29.77274006 ], [ 75.86671267, 29.76657889 ], [ 75.87021174, 29.74939529 ], [ 75.88132789, 29.75117095 ], [ 75.8859482, 29.74544925 ], [ 75.89882115, 29.74628897 ], [ 75.90445803, 29.74898223 ], [ 75.90226091, 29.75154571 ], [ 75.90631259, 29.75405997 ], [ 75.91462398, 29.74796724 ], [ 75.9150741, 29.74295807 ], [ 75.938675, 29.73071311 ], [ 75.9549174, 29.73195637 ], [ 75.98439844, 29.72715456 ], [ 75.99493809, 29.7393266 ], [ 76.01671273, 29.74319185 ], [ 76.02392928, 29.74904106 ], [ 76.02622389, 29.75622265 ], [ 76.03066279, 29.75476932 ], [ 76.0308918, 29.7476554 ], [ 76.03596171, 29.74400423 ], [ 76.04325992, 29.74274915 ], [ 76.04858416, 29.74693341 ], [ 76.05680116, 29.76540111 ], [ 76.06021949, 29.76469145 ], [ 76.0725448, 29.77863448 ], [ 76.07664625, 29.77491701 ], [ 76.08267735, 29.78129567 ], [ 76.08498681, 29.80077083 ], [ 76.08951085, 29.80118182 ], [ 76.09806438, 29.81065763 ], [ 76.10536343, 29.81200754 ], [ 76.11034206, 29.81827617 ], [ 76.10980315, 29.82226523 ], [ 76.11912957, 29.83491525 ], [ 76.1181216, 29.84857444 ], [ 76.12268231, 29.85740299 ], [ 76.11104247, 29.85957347 ], [ 76.10437335, 29.85526381 ], [ 76.10029908, 29.84745973 ], [ 76.09065515, 29.8513941 ], [ 76.08922536, 29.84715446 ], [ 76.07504722, 29.84154489 ], [ 76.07303747, 29.84374469 ], [ 76.06492853, 29.84188483 ], [ 76.05278002, 29.85989323 ], [ 76.05501968, 29.87050233 ], [ 76.04808058, 29.8693824 ], [ 76.04345115, 29.8761018 ], [ 76.03928171, 29.87295206 ], [ 76.0383218, 29.88018143 ], [ 76.03303247, 29.88249122 ], [ 76.03180266, 29.87672171 ], [ 76.01989424, 29.86899234 ], [ 76.01416539, 29.87369157 ], [ 76.01191473, 29.89045853 ], [ 75.98324882, 29.90479912 ], [ 75.98988788, 29.9226676 ], [ 75.98610836, 29.92523737 ], [ 75.98481348, 29.9364064 ], [ 75.988458, 29.93877621 ], [ 75.9897078, 29.94572561 ], [ 75.99602409, 29.94843394 ], [ 76.00359055, 29.94490382 ], [ 76.02633299, 29.95985452 ], [ 76.02073868, 29.96636894 ], [ 76.02683287, 29.97240344 ], [ 76.00686541, 29.9836624 ], [ 76.01491429, 29.99995102 ], [ 76.0319682, 30.01054953 ], [ 76.02671518, 30.01295777 ], [ 76.02847244, 30.02008933 ], [ 76.03400673, 30.01863947 ], [ 76.04201065, 30.02749874 ], [ 76.04394889, 30.03179715 ], [ 76.03758685, 30.03800625 ], [ 76.04182061, 30.04206747 ], [ 76.0395009, 30.04250743 ], [ 76.04147062, 30.04818695 ], [ 76.05177928, 30.04957686 ], [ 76.04356033, 30.05243659 ], [ 76.05236915, 30.06101588 ], [ 76.05153924, 30.06457557 ], [ 76.05686854, 30.06659541 ], [ 76.08735463, 30.05472654 ], [ 76.08107541, 30.06380573 ], [ 76.09150401, 30.07434486 ], [ 76.08912429, 30.08015435 ], [ 76.10469456, 30.10361729 ], [ 76.09701059, 30.11625779 ], [ 76.07798559, 30.11183157 ], [ 76.0777356, 30.11505129 ], [ 76.08347984, 30.1198809 ], [ 76.07175634, 30.12438046 ], [ 76.07417599, 30.13142986 ], [ 76.08011115, 30.13133626 ], [ 76.07893459, 30.13600742 ], [ 76.0690166, 30.14384877 ], [ 76.06218261, 30.14473213 ], [ 76.0627274, 30.14878832 ], [ 76.06950652, 30.1470085 ], [ 76.07366596, 30.15194809 ], [ 76.05720804, 30.16485691 ], [ 76.05657807, 30.17558598 ], [ 76.04930896, 30.18674499 ], [ 76.06844639, 30.20626337 ], [ 76.06247714, 30.21104293 ], [ 76.0777151, 30.22504177 ], [ 76.0807747, 30.2248018 ], [ 76.08126466, 30.22016221 ], [ 76.10667135, 30.22034228 ], [ 76.11433034, 30.22362203 ], [ 76.11229058, 30.22987148 ], [ 76.11501023, 30.22927154 ], [ 76.12266919, 30.23754085 ], [ 76.12677867, 30.23544105 ], [ 76.13206796, 30.24020065 ], [ 76.13792723, 30.23329127 ], [ 76.14312651, 30.24215052 ], [ 76.15365561, 30.24802637 ], [ 76.16283393, 30.24629024 ], [ 76.16621352, 30.2399508 ], [ 76.17595221, 30.24918003 ], [ 76.17368865, 30.25102706 ], [ 76.18269129, 30.25708937 ], [ 76.17818187, 30.25933916 ], [ 76.17665204, 30.26540863 ], [ 76.18260122, 30.2751928 ], [ 76.19439969, 30.27258807 ], [ 76.2039684, 30.28369714 ], [ 76.19778914, 30.29616604 ], [ 76.18707051, 30.30031564 ], [ 76.17962345, 30.30851058 ], [ 76.16719309, 30.30259537 ], [ 76.16688309, 30.31088465 ], [ 76.17060258, 30.31697414 ], [ 76.16689804, 30.3206788 ], [ 76.15687437, 30.31583419 ], [ 76.14886539, 30.32097371 ], [ 76.13825681, 30.3125744 ], [ 76.13234258, 30.31209442 ], [ 76.11117029, 30.32154353 ], [ 76.0913829, 30.31425409 ], [ 76.08813334, 30.30991445 ], [ 76.06810592, 30.31646382 ], [ 76.05869709, 30.32712286 ], [ 76.05958697, 30.32989262 ], [ 76.04798843, 30.33898179 ], [ 76.04259909, 30.33481987 ], [ 76.03350033, 30.33730189 ], [ 76.02873097, 30.33268227 ], [ 76.02289173, 30.33222229 ], [ 76.0235574, 30.32649844 ], [ 76.00973345, 30.33100235 ], [ 76.00752372, 30.33525198 ], [ 75.98794625, 30.33788168 ], [ 75.98458664, 30.34882072 ], [ 75.98581603, 30.3632925 ], [ 75.98926594, 30.368779 ], [ 75.99228554, 30.37201873 ], [ 75.99676498, 30.36490936 ], [ 76.0109683, 30.36427364 ], [ 76.00710363, 30.36549935 ], [ 76.00980325, 30.3731387 ], [ 76.01744222, 30.38084805 ], [ 76.02411136, 30.37875826 ], [ 76.0237127, 30.39050109 ], [ 76.0360397, 30.40189629 ], [ 76.03162024, 30.40873568 ], [ 76.04487348, 30.4159351 ], [ 76.0527174, 30.42751412 ], [ 76.04953778, 30.4357734 ], [ 76.07033499, 30.45319195 ], [ 76.07509439, 30.44988226 ], [ 76.08793767, 30.45830657 ], [ 76.07981371, 30.46261117 ], [ 76.08069355, 30.47254031 ], [ 76.06707966, 30.47955979 ], [ 76.06332574, 30.48869884 ], [ 76.06876499, 30.49728812 ], [ 76.08100337, 30.50213774 ], [ 76.07853366, 30.50832719 ], [ 76.08351298, 30.51479664 ], [ 76.08074332, 30.52032616 ], [ 76.08899218, 30.53399499 ], [ 76.07577437, 30.54658321 ], [ 76.08447027, 30.56200438 ], [ 76.07855821, 30.5657634 ], [ 76.07003451, 30.56397232 ], [ 76.065374, 30.56910444 ], [ 76.06914337, 30.57696194 ], [ 76.06621602, 30.58342426 ], [ 76.057854, 30.57859943 ], [ 76.05370623, 30.58321584 ], [ 76.03535502, 30.58898383 ], [ 76.03215928, 30.60082898 ], [ 76.03372905, 30.60636408 ], [ 76.02784151, 30.61536294 ], [ 76.01009518, 30.6157892 ], [ 76.00065377, 30.6035245 ], [ 75.96096862, 30.59044964 ], [ 75.95304973, 30.57458099 ], [ 75.94771223, 30.57049065 ], [ 75.93537652, 30.56822628 ], [ 75.92534009, 30.57797759 ], [ 75.92681985, 30.58431816 ], [ 75.92088603, 30.59199001 ], [ 75.92925323, 30.59730166 ], [ 75.92351681, 30.6086767 ], [ 75.90989589, 30.61192809 ], [ 75.90276989, 30.60379173 ], [ 75.887945, 30.60708942 ], [ 75.88814705, 30.62047408 ], [ 75.87233002, 30.62892599 ], [ 75.87247348, 30.63928086 ], [ 75.89792466, 30.64752329 ], [ 75.89540952, 30.65961367 ], [ 75.88341842, 30.66410296 ], [ 75.87927159, 30.67630606 ], [ 75.86679273, 30.67821471 ], [ 75.85921035, 30.670524 ], [ 75.85239244, 30.67019232 ], [ 75.84379436, 30.68034965 ], [ 75.8378056, 30.68004883 ], [ 75.83406474, 30.69180038 ] ], [ [ 75.97039278, 29.93280579 ], [ 75.97314575, 29.92885082 ], [ 75.96863512, 29.91515094 ], [ 75.9718102, 29.91646791 ], [ 75.98064281, 29.90434686 ], [ 75.96845605, 29.89036623 ], [ 75.96367804, 29.89282808 ], [ 75.96202602, 29.88982498 ], [ 75.95570176, 29.89079121 ], [ 75.9383108, 29.90004196 ], [ 75.93040814, 29.90813586 ], [ 75.93439306, 29.91547682 ], [ 75.94700077, 29.92124889 ], [ 75.95715273, 29.9191679 ], [ 75.95970524, 29.91387418 ], [ 75.96699186, 29.913404 ], [ 75.96453519, 29.91861314 ], [ 75.96570615, 29.92128407 ], [ 75.96905684, 29.92042295 ], [ 75.96786779, 29.92846998 ], [ 75.97039278, 29.93280579 ] ] ] } },
{ "type": "Feature", "properties": { "District": "Barnala", "State": "PB", "st_area_shape_": 1387156284.2034044 }, "geometry": { "type": "Polygon", "coordinates": [ [ [ 75.49604761, 30.59856413 ], [ 75.46431504, 30.60593368 ], [ 75.46404675, 30.59951542 ], [ 75.4539981, 30.60125548 ], [ 75.44486598, 30.59200787 ], [ 75.43407119, 30.59330567 ], [ 75.43160109, 30.58425305 ], [ 75.40880625, 30.58406893 ], [ 75.40425138, 30.56638999 ], [ 75.40867083, 30.55904064 ], [ 75.41966942, 30.55324118 ], [ 75.41955178, 30.54877263 ], [ 75.40000208, 30.52833329 ], [ 75.38923349, 30.52739334 ], [ 75.37210576, 30.51783412 ], [ 75.36690643, 30.51931398 ], [ 75.36015734, 30.5130745 ], [ 75.35450806, 30.51683416 ], [ 75.34494931, 30.51483431 ], [ 75.33480062, 30.52084375 ], [ 75.33388072, 30.5260133 ], [ 75.33014238, 30.52601381 ], [ 75.3307111, 30.53338265 ], [ 75.32255215, 30.5383422 ], [ 75.31302158, 30.53588243 ], [ 75.31166904, 30.52849322 ], [ 75.30417824, 30.52754007 ], [ 75.29302792, 30.51609929 ], [ 75.29408795, 30.51164078 ], [ 75.28281346, 30.50811505 ], [ 75.27767896, 30.4912776 ], [ 75.25363198, 30.46378627 ], [ 75.26731969, 30.44607007 ], [ 75.26199978, 30.4439248 ], [ 75.2649588, 30.43648741 ], [ 75.28297448, 30.44184824 ], [ 75.29054302, 30.42849528 ], [ 75.29978045, 30.424474 ], [ 75.30537436, 30.4180449 ], [ 75.29926287, 30.40784837 ], [ 75.30235615, 30.40286949 ], [ 75.30051019, 30.39764499 ], [ 75.30670623, 30.38720109 ], [ 75.30549349, 30.37891409 ], [ 75.31327248, 30.38070396 ], [ 75.32192914, 30.37586999 ], [ 75.32640223, 30.37910605 ], [ 75.33356217, 30.37760049 ], [ 75.32473284, 30.35076041 ], [ 75.33250803, 30.34909846 ], [ 75.33954051, 30.34309028 ], [ 75.34433003, 30.34413913 ], [ 75.34517459, 30.33727718 ], [ 75.34375396, 30.33435471 ], [ 75.33284686, 30.33271628 ], [ 75.32063048, 30.33542396 ], [ 75.31477817, 30.33243749 ], [ 75.31383616, 30.32728768 ], [ 75.32193447, 30.31780245 ], [ 75.31850479, 30.30278043 ], [ 75.3341415, 30.30645237 ], [ 75.3464558, 30.30019383 ], [ 75.33970814, 30.29248044 ], [ 75.34193902, 30.28550257 ], [ 75.34895334, 30.28282549 ], [ 75.35501981, 30.28711362 ], [ 75.363948, 30.2822388 ], [ 75.36124825, 30.26787026 ], [ 75.3712806, 30.26121316 ], [ 75.36491023, 30.25780869 ], [ 75.36868148, 30.24753685 ], [ 75.36359751, 30.24488715 ], [ 75.36380958, 30.24113887 ], [ 75.37613629, 30.23725849 ], [ 75.37704753, 30.22830031 ], [ 75.36990721, 30.21411732 ], [ 75.37111481, 30.20992268 ], [ 75.3598959, 30.20569818 ], [ 75.36569553, 30.20321176 ], [ 75.37000564, 30.20535247 ], [ 75.36952452, 30.19900598 ], [ 75.37397672, 30.19807188 ], [ 75.39177056, 30.20972408 ], [ 75.39700869, 30.20693618 ], [ 75.39341418, 30.20043173 ], [ 75.41625126, 30.18634301 ], [ 75.46179531, 30.19509239 ], [ 75.48255267, 30.17901384 ], [ 75.48180279, 30.17475421 ], [ 75.48725208, 30.17452424 ], [ 75.49179153, 30.16354521 ], [ 75.48935186, 30.16046547 ], [ 75.49438124, 30.15176623 ], [ 75.50732326, 30.14347653 ], [ 75.51783823, 30.14333703 ], [ 75.52296757, 30.13962737 ], [ 75.52994666, 30.14196719 ], [ 75.53369615, 30.14699676 ], [ 75.54847427, 30.13773761 ], [ 75.56147254, 30.14768679 ], [ 75.57691753, 30.14416347 ], [ 75.5761406, 30.15563614 ], [ 75.55961267, 30.17622431 ], [ 75.55550167, 30.17732913 ], [ 75.55969261, 30.18694338 ], [ 75.55547313, 30.19436273 ], [ 75.56027276, 30.2018133 ], [ 75.56767152, 30.20244207 ], [ 75.58077976, 30.21576095 ], [ 75.58522918, 30.21612093 ], [ 75.58009981, 30.22382025 ], [ 75.58370084, 30.22825175 ], [ 75.59213825, 30.2225004 ], [ 75.61358548, 30.21720093 ], [ 75.62936339, 30.22779006 ], [ 75.64180175, 30.23161977 ], [ 75.64853085, 30.23803923 ], [ 75.67045801, 30.23639944 ], [ 75.68047669, 30.23998916 ], [ 75.69120534, 30.23017005 ], [ 75.68787573, 30.23974421 ], [ 75.69130528, 30.23935925 ], [ 75.69222515, 30.24326891 ], [ 75.69746127, 30.24189678 ], [ 75.70042404, 30.25310809 ], [ 75.71874163, 30.26023753 ], [ 75.72067133, 30.27153655 ], [ 75.73111995, 30.27515627 ], [ 75.71628185, 30.28331552 ], [ 75.69004526, 30.28419536 ], [ 75.67004784, 30.29094471 ], [ 75.65548965, 30.310103 ], [ 75.65817927, 30.31651246 ], [ 75.64997973, 30.33105231 ], [ 75.65623944, 30.33794059 ], [ 75.66751799, 30.3347709 ], [ 75.68188607, 30.34577999 ], [ 75.68025627, 30.34757983 ], [ 75.68393578, 30.3514795 ], [ 75.67694667, 30.35669903 ], [ 75.67726653, 30.3789571 ], [ 75.66589798, 30.38795628 ], [ 75.66443812, 30.39846536 ], [ 75.67035733, 30.40310498 ], [ 75.66470804, 30.41059431 ], [ 75.66992732, 30.4201435 ], [ 75.66061849, 30.42853274 ], [ 75.65530919, 30.42841274 ], [ 75.6463503, 30.44075164 ], [ 75.65359933, 30.44811102 ], [ 75.65825874, 30.44413138 ], [ 75.6645779, 30.44793107 ], [ 75.67274679, 30.45892014 ], [ 75.67292672, 30.47068912 ], [ 75.67533639, 30.47254896 ], [ 75.66476777, 30.47325887 ], [ 75.65800862, 30.48085819 ], [ 75.65873846, 30.4956969 ], [ 75.67096685, 30.49908664 ], [ 75.68025559, 30.51046568 ], [ 75.67701886, 30.52114076 ], [ 75.66523749, 30.52450441 ], [ 75.66411762, 30.52859405 ], [ 75.6585169, 30.52991074 ], [ 75.65221909, 30.54309222 ], [ 75.6589982, 30.55073211 ], [ 75.66525738, 30.55274196 ], [ 75.65900083, 30.56269865 ], [ 75.67137373, 30.57106775 ], [ 75.67621132, 30.58360046 ], [ 75.68501464, 30.59051873 ], [ 75.67700697, 30.59763709 ], [ 75.6526456, 30.59106254 ], [ 75.63798076, 30.59436825 ], [ 75.6268779, 30.60085156 ], [ 75.60373301, 30.5941433 ], [ 75.58963645, 30.58326904 ], [ 75.578888, 30.56968412 ], [ 75.56583027, 30.57207997 ], [ 75.548794, 30.58027198 ], [ 75.54086016, 30.57838572 ], [ 75.53699066, 30.56730869 ], [ 75.52834892, 30.57098102 ], [ 75.52886281, 30.58515747 ], [ 75.5186535, 30.58723866 ], [ 75.50991753, 30.58032908 ], [ 75.50694959, 30.57263569 ], [ 75.4995884, 30.57460149 ], [ 75.48773725, 30.58314395 ], [ 75.49604761, 30.59856413 ] ] ] } },
{ "type": "Feature", "properties": { "District": "S.A.S Nagar", "State": "PB", "st_area_shape_": 1078758863.2310767 }, "geometry": { "type": "Polygon", "coordinates": [ [ [ 76.74977827, 30.92746945 ], [ 76.73724398, 30.93994546 ], [ 76.7312679, 30.93397626 ], [ 76.71698688, 30.92881972 ], [ 76.70046157, 30.9320752 ], [ 76.68010551, 30.91475252 ], [ 76.66205444, 30.91442443 ], [ 76.64467736, 30.90450137 ], [ 76.62818024, 30.90211596 ], [ 76.62537522, 30.89571882 ], [ 76.60681458, 30.89077876 ], [ 76.60895957, 30.88326344 ], [ 76.59925675, 30.87929912 ], [ 76.59689848, 30.87498952 ], [ 76.60280595, 30.85816902 ], [ 76.59174739, 30.85206578 ], [ 76.58760464, 30.85114311 ], [ 76.58602295, 30.85958009 ], [ 76.5744562, 30.85836625 ], [ 76.57293442, 30.86615305 ], [ 76.57816379, 30.8660583 ], [ 76.57793197, 30.86942078 ], [ 76.56645787, 30.86720285 ], [ 76.56966508, 30.8513675 ], [ 76.57885792, 30.85814002 ], [ 76.58406274, 30.85167602 ], [ 76.55307563, 30.83830406 ], [ 76.56508038, 30.81816904 ], [ 76.55948111, 30.81473466 ], [ 76.56374602, 30.80804669 ], [ 76.56005921, 30.80516017 ], [ 76.56181396, 30.79982142 ], [ 76.55574814, 30.79644694 ], [ 76.55886181, 30.78591693 ], [ 76.54028188, 30.78050045 ], [ 76.53334162, 30.76657867 ], [ 76.52202094, 30.75710746 ], [ 76.53176131, 30.74102031 ], [ 76.52164489, 30.73289369 ], [ 76.53127632, 30.72452583 ], [ 76.53442572, 30.70901749 ], [ 76.54680876, 30.71044186 ], [ 76.55012888, 30.70817714 ], [ 76.55446125, 30.70214987 ], [ 76.55490181, 30.69151693 ], [ 76.56611194, 30.68792904 ], [ 76.57217166, 30.67412184 ], [ 76.57968384, 30.6666461 ], [ 76.59002728, 30.667009 ], [ 76.59341077, 30.66283486 ], [ 76.59844427, 30.66240573 ], [ 76.60103389, 30.65636147 ], [ 76.59738153, 30.65326262 ], [ 76.60312209, 30.64809581 ], [ 76.60599674, 30.65172894 ], [ 76.61645941, 30.64465878 ], [ 76.62816096, 30.64338982 ], [ 76.63470673, 30.6202725 ], [ 76.64148149, 30.62752978 ], [ 76.65226792, 30.62581727 ], [ 76.65829322, 30.61056886 ], [ 76.66559992, 30.61104957 ], [ 76.66318596, 30.60153473 ], [ 76.66844043, 30.59330948 ], [ 76.66092306, 30.58705593 ], [ 76.66287408, 30.58327205 ], [ 76.68932589, 30.59375636 ], [ 76.68366078, 30.57924231 ], [ 76.68755638, 30.57186186 ], [ 76.68059512, 30.56305612 ], [ 76.68743376, 30.55306037 ], [ 76.7010354, 30.54875476 ], [ 76.7112212, 30.54022821 ], [ 76.73088684, 30.53893127 ], [ 76.73502638, 30.55137073 ], [ 76.73978844, 30.55409501 ], [ 76.73970085, 30.55930855 ], [ 76.74563252, 30.56733176 ], [ 76.74271187, 30.58562177 ], [ 76.76387542, 30.60610398 ], [ 76.77333072, 30.61042683 ], [ 76.77823335, 30.60882929 ], [ 76.78789467, 30.59711587 ], [ 76.77258571, 30.58317802 ], [ 76.77665786, 30.57658884 ], [ 76.7753501, 30.57384285 ], [ 76.76052166, 30.55815778 ], [ 76.75193583, 30.55513381 ], [ 76.7510944, 30.54698339 ], [ 76.75398001, 30.54338401 ], [ 76.75115589, 30.53722087 ], [ 76.75443638, 30.53299533 ], [ 76.76529206, 30.53122819 ], [ 76.76368107, 30.52814621 ], [ 76.76801066, 30.5246383 ], [ 76.78697858, 30.51891159 ], [ 76.78039129, 30.5107404 ], [ 76.78135646, 30.50821078 ], [ 76.78624077, 30.50397186 ], [ 76.79599283, 30.50346586 ], [ 76.78332199, 30.49523952 ], [ 76.76779492, 30.49407898 ], [ 76.7693085, 30.4857228 ], [ 76.76530386, 30.47544157 ], [ 76.75303078, 30.46980922 ], [ 76.75219101, 30.4602847 ], [ 76.7559517, 30.45793365 ], [ 76.75528581, 30.45216493 ], [ 76.75847155, 30.45116784 ], [ 76.7555653, 30.44520551 ], [ 76.74634601, 30.44317433 ], [ 76.74827852, 30.42889961 ], [ 76.75760298, 30.42767663 ], [ 76.76887419, 30.43088488 ], [ 76.77754634, 30.44110759 ], [ 76.78757657, 30.43351134 ], [ 76.77733134, 30.42483639 ], [ 76.78960881, 30.41501982 ], [ 76.79512078, 30.41871133 ], [ 76.803879, 30.41258099 ], [ 76.81121377, 30.41636712 ], [ 76.82338057, 30.41160462 ], [ 76.83928843, 30.42611858 ], [ 76.83624024, 30.42969636 ], [ 76.8378325, 30.43170346 ], [ 76.84677183, 30.43813157 ], [ 76.85102065, 30.435309 ], [ 76.85615033, 30.41767215 ], [ 76.88333352, 30.40867378 ], [ 76.88134155, 30.40591028 ], [ 76.88424907, 30.40432225 ], [ 76.88388102, 30.39765416 ], [ 76.88087806, 30.39388373 ], [ 76.88621988, 30.39409877 ], [ 76.89795088, 30.38215048 ], [ 76.89030208, 30.36947368 ], [ 76.89751396, 30.3593519 ], [ 76.91556118, 30.36525543 ], [ 76.92119563, 30.37470537 ], [ 76.93477456, 30.38344166 ], [ 76.93936075, 30.39306033 ], [ 76.93100263, 30.40090805 ], [ 76.91833647, 30.39800393 ], [ 76.91118987, 30.39991043 ], [ 76.9179743, 30.40651313 ], [ 76.91121015, 30.41919916 ], [ 76.91472283, 30.42509231 ], [ 76.90974856, 30.42946615 ], [ 76.90733841, 30.42505541 ], [ 76.89863054, 30.42580225 ], [ 76.90656938, 30.43462421 ], [ 76.90651335, 30.4357431 ], [ 76.89736342, 30.43422063 ], [ 76.89490551, 30.4273284 ], [ 76.88641987, 30.42967608 ], [ 76.89060921, 30.44104722 ], [ 76.8960501, 30.43954201 ], [ 76.89521948, 30.44604465 ], [ 76.89885078, 30.44647039 ], [ 76.91226066, 30.46580246 ], [ 76.91109333, 30.47079111 ], [ 76.89694688, 30.48114939 ], [ 76.89897276, 30.48885981 ], [ 76.91074191, 30.49431183 ], [ 76.91899905, 30.4895401 ], [ 76.93113383, 30.50092071 ], [ 76.92860592, 30.50756347 ], [ 76.93200581, 30.52224003 ], [ 76.91561857, 30.52578219 ], [ 76.91247952, 30.53400519 ], [ 76.89605774, 30.53817186 ], [ 76.88648747, 30.54988153 ], [ 76.90494009, 30.54304061 ], [ 76.91609164, 30.55364742 ], [ 76.91752895, 30.55916581 ], [ 76.90895025, 30.56481939 ], [ 76.91768764, 30.57617921 ], [ 76.91512563, 30.58223152 ], [ 76.91976639, 30.58519444 ], [ 76.90972417, 30.59194788 ], [ 76.92020807, 30.5932887 ], [ 76.92710202, 30.60363501 ], [ 76.92233777, 30.60565019 ], [ 76.92597767, 30.61012109 ], [ 76.91350571, 30.61146215 ], [ 76.91006436, 30.62620224 ], [ 76.90276268, 30.62442247 ], [ 76.89554071, 30.6289746 ], [ 76.89280193, 30.63109657 ], [ 76.89644975, 30.63588396 ], [ 76.88514627, 30.64530221 ], [ 76.87478955, 30.64090527 ], [ 76.87120552, 30.64217752 ], [ 76.87642773, 30.68055282 ], [ 76.85921096, 30.6610512 ], [ 76.8498337, 30.65690507 ], [ 76.84494288, 30.65907336 ], [ 76.8480764, 30.66595645 ], [ 76.84576159, 30.66868449 ], [ 76.83254868, 30.66318253 ], [ 76.83123949, 30.67902889 ], [ 76.82730799, 30.68218816 ], [ 76.80721155, 30.66704074 ], [ 76.80215582, 30.66673163 ], [ 76.80018203, 30.67020724 ], [ 76.79642794, 30.66765406 ], [ 76.78974168, 30.67566714 ], [ 76.77660605, 30.67040344 ], [ 76.76427177, 30.6860865 ], [ 76.75254056, 30.68460014 ], [ 76.74774624, 30.68759817 ], [ 76.74714731, 30.69555305 ], [ 76.73930201, 30.69296636 ], [ 76.73909805, 30.70578466 ], [ 76.73000894, 30.7068817 ], [ 76.73107471, 30.7234947 ], [ 76.72125116, 30.73002041 ], [ 76.71416525, 30.74097604 ], [ 76.70746902, 30.73954635 ], [ 76.7051633, 30.74297448 ], [ 76.70833018, 30.75026213 ], [ 76.70521152, 30.75600706 ], [ 76.71057711, 30.76096139 ], [ 76.74402306, 30.76973362 ], [ 76.74375465, 30.77608862 ], [ 76.75225568, 30.78032149 ], [ 76.75177064, 30.78426624 ], [ 76.77152765, 30.79526218 ], [ 76.77537213, 30.79070086 ], [ 76.78272347, 30.78922746 ], [ 76.7851164, 30.78408164 ], [ 76.78700406, 30.77968219 ], [ 76.77933632, 30.777997 ], [ 76.78268322, 30.77079833 ], [ 76.79014618, 30.77084917 ], [ 76.79129518, 30.76751563 ], [ 76.81347673, 30.78009665 ], [ 76.81854707, 30.77793015 ], [ 76.81918094, 30.7730322 ], [ 76.8050957, 30.76523947 ], [ 76.81498274, 30.75308775 ], [ 76.82017321, 30.76106627 ], [ 76.82651497, 30.76351107 ], [ 76.83773263, 30.75456267 ], [ 76.84180503, 30.7745136 ], [ 76.85439339, 30.78731269 ], [ 76.8507817, 30.7912294 ], [ 76.85700213, 30.79479984 ], [ 76.8453521, 30.80724798 ], [ 76.8488615, 30.8141986 ], [ 76.84672381, 30.83396083 ], [ 76.82984004, 30.83912923 ], [ 76.82315723, 30.84453737 ], [ 76.81402573, 30.8431556 ], [ 76.81469553, 30.85249952 ], [ 76.80106309, 30.86618022 ], [ 76.79046251, 30.86984466 ], [ 76.78438066, 30.87791216 ], [ 76.77662027, 30.90525003 ], [ 76.77142485, 30.90714149 ], [ 76.76614661, 30.92079284 ], [ 76.76007711, 30.92271298 ], [ 76.75695442, 30.92766543 ], [ 76.74977827, 30.92746945 ] ] ] } },
{ "type": "Feature", "properties": { "District": "Tarn Taran", "State": "PB", "st_area_shape_": 2362464051.845202 }, "geometry": { "type": "Polygon", "coordinates": [ [ [ 74.79846091, 31.56349974 ], [ 74.79835223, 31.56894764 ], [ 74.79374018, 31.57105382 ], [ 74.78491322, 31.5620538 ], [ 74.77976721, 31.56615099 ], [ 74.77325413, 31.55953312 ], [ 74.75290346, 31.56579134 ], [ 74.7508754, 31.56056672 ], [ 74.75479299, 31.56017348 ], [ 74.75389405, 31.55835059 ], [ 74.74722261, 31.55898326 ], [ 74.73785272, 31.56516949 ], [ 74.72815201, 31.56271549 ], [ 74.71734272, 31.55054504 ], [ 74.71507373, 31.5528555 ], [ 74.71158294, 31.55034533 ], [ 74.70690426, 31.53940852 ], [ 74.6976531, 31.53939597 ], [ 74.68936251, 31.5476408 ], [ 74.68001562, 31.55016911 ], [ 74.67531527, 31.54799293 ], [ 74.67483709, 31.54188429 ], [ 74.67007304, 31.53995057 ], [ 74.66826237, 31.53274661 ], [ 74.64925041, 31.54040377 ], [ 74.62642306, 31.52514938 ], [ 74.62815234, 31.51552491 ], [ 74.61805772, 31.51046946 ], [ 74.61622772, 31.50252869 ], [ 74.61089352, 31.4990493 ], [ 74.61449259, 31.48912074 ], [ 74.622178, 31.48516533 ], [ 74.62244116, 31.48192707 ], [ 74.62575554, 31.48277529 ], [ 74.6250821, 31.48593835 ], [ 74.63642568, 31.48469439 ], [ 74.63142568, 31.48148001 ], [ 74.62934205, 31.48386901 ], [ 74.62754639, 31.47690179 ], [ 74.6361, 31.47759273 ], [ 74.65213787, 31.4573012 ], [ 74.65128341, 31.45199242 ], [ 74.6422244, 31.44964065 ], [ 74.63860021, 31.44439611 ], [ 74.65448806, 31.42584054 ], [ 74.64809693, 31.42363038 ], [ 74.64204818, 31.41617307 ], [ 74.633606, 31.41871923 ], [ 74.63137331, 31.42547225 ], [ 74.62243224, 31.43012244 ], [ 74.61928129, 31.42009983 ], [ 74.60893293, 31.42366008 ], [ 74.60140932, 31.41986099 ], [ 74.60259073, 31.41575673 ], [ 74.59662097, 31.41623386 ], [ 74.5872478, 31.39812182 ], [ 74.5844194, 31.38014753 ], [ 74.57155435, 31.37153586 ], [ 74.5516531, 31.36435211 ], [ 74.55009212, 31.3585999 ], [ 74.55295474, 31.35605094 ], [ 74.54593171, 31.340755 ], [ 74.54877364, 31.33473593 ], [ 74.54359193, 31.33507194 ], [ 74.53737045, 31.33072383 ], [ 74.53741777, 31.32675817 ], [ 74.53385811, 31.3249111 ], [ 74.53773788, 31.31935957 ], [ 74.53482671, 31.31346633 ], [ 74.52633454, 31.31197276 ], [ 74.53415456, 31.30508166 ], [ 74.54202563, 31.30378432 ], [ 74.53765078, 31.30095343 ], [ 74.53119682, 31.28434383 ], [ 74.52060281, 31.26892222 ], [ 74.53273078, 31.24969093 ], [ 74.5170559, 31.22802542 ], [ 74.52449542, 31.22029505 ], [ 74.52594432, 31.21188577 ], [ 74.52513245, 31.20368783 ], [ 74.52151589, 31.20258461 ], [ 74.51952025, 31.18385136 ], [ 74.51075794, 31.18115822 ], [ 74.51308938, 31.16418442 ], [ 74.51101491, 31.15798369 ], [ 74.51522646, 31.15212517 ], [ 74.51038884, 31.13198154 ], [ 74.54343048, 31.12100312 ], [ 74.5483551, 31.12192736 ], [ 74.55040636, 31.08938594 ], [ 74.55349137, 31.08518944 ], [ 74.57133757, 31.08152367 ], [ 74.57381707, 31.08575837 ], [ 74.58875678, 31.08779432 ], [ 74.58658754, 31.09119038 ], [ 74.58909365, 31.0924813 ], [ 74.59150027, 31.08878829 ], [ 74.60080968, 31.08799762 ], [ 74.59943596, 31.0930601 ], [ 74.60730693, 31.09492746 ], [ 74.61066737, 31.09929596 ], [ 74.61003828, 31.11172711 ], [ 74.59650751, 31.1275374 ], [ 74.60305053, 31.13360088 ], [ 74.63087719, 31.13271035 ], [ 74.63236292, 31.12152085 ], [ 74.63626952, 31.11826332 ], [ 74.65905978, 31.13396624 ], [ 74.66695443, 31.12431734 ], [ 74.68901289, 31.12795028 ], [ 74.68978476, 31.11844735 ], [ 74.69808361, 31.11240846 ], [ 74.6973623, 31.10267526 ], [ 74.7023546, 31.09183811 ], [ 74.69063907, 31.08149423 ], [ 74.69591127, 31.07424359 ], [ 74.70785058, 31.07204175 ], [ 74.72068693, 31.10162462 ], [ 74.74151349, 31.10405391 ], [ 74.74168608, 31.11863599 ], [ 74.75541306, 31.11629617 ], [ 74.76570003, 31.12553376 ], [ 74.78915995, 31.13006426 ], [ 74.8006143, 31.11502341 ], [ 74.80617363, 31.12488087 ], [ 74.80165782, 31.12951908 ], [ 74.81444631, 31.13782526 ], [ 74.84409957, 31.13253102 ], [ 74.89794795, 31.16085921 ], [ 74.90721732, 31.15669436 ], [ 74.92009928, 31.16231788 ], [ 74.94728987, 31.15264243 ], [ 74.96484057, 31.15360891 ], [ 74.98605402, 31.15893708 ], [ 75.00443155, 31.17417079 ], [ 75.00938686, 31.17421605 ], [ 75.03842703, 31.19004448 ], [ 75.04687311, 31.19007969 ], [ 75.05226979, 31.19816944 ], [ 75.05064539, 31.20188347 ], [ 75.05979109, 31.21086588 ], [ 75.05933415, 31.23096094 ], [ 75.08095124, 31.24982934 ], [ 75.07929825, 31.26458632 ], [ 75.08220601, 31.2675982 ], [ 75.07934936, 31.26893723 ], [ 75.08189104, 31.27320728 ], [ 75.10387467, 31.27971834 ], [ 75.09337835, 31.28390658 ], [ 75.10958727, 31.31095403 ], [ 75.10675075, 31.31686543 ], [ 75.1182523, 31.32035304 ], [ 75.1345613, 31.31054639 ], [ 75.14779221, 31.32014332 ], [ 75.14602238, 31.33679185 ], [ 75.16434594, 31.35678477 ], [ 75.16501532, 31.36159028 ], [ 75.15726, 31.36182134 ], [ 75.15602068, 31.3652022 ], [ 75.16328518, 31.38298396 ], [ 75.16830413, 31.37914317 ], [ 75.18143651, 31.39604075 ], [ 75.1785441, 31.39892609 ], [ 75.18781912, 31.40760431 ], [ 75.19427758, 31.40801293 ], [ 75.18642637, 31.41471387 ], [ 75.18707594, 31.42473976 ], [ 75.19166966, 31.43318055 ], [ 75.19971313, 31.4361015 ], [ 75.21004216, 31.43514379 ], [ 75.21407441, 31.42195665 ], [ 75.22447449, 31.42198553 ], [ 75.2349551, 31.45924595 ], [ 75.24323916, 31.45524168 ], [ 75.25367291, 31.47017717 ], [ 75.26741588, 31.48021954 ], [ 75.28275351, 31.48215749 ], [ 75.29048344, 31.49123145 ], [ 75.25051258, 31.50246014 ], [ 75.24061912, 31.49825256 ], [ 75.23349109, 31.49892338 ], [ 75.22841349, 31.49138807 ], [ 75.20792337, 31.49719022 ], [ 75.20176533, 31.50401673 ], [ 75.19507852, 31.49985697 ], [ 75.18302721, 31.50874839 ], [ 75.18947951, 31.51530178 ], [ 75.18738152, 31.51823647 ], [ 75.19020965, 31.52149814 ], [ 75.17831872, 31.52960848 ], [ 75.16783951, 31.52441541 ], [ 75.16782012, 31.51608067 ], [ 75.16158621, 31.51100149 ], [ 75.14736766, 31.5059188 ], [ 75.13799388, 31.50833507 ], [ 75.12459294, 31.49524678 ], [ 75.11476567, 31.50983439 ], [ 75.10952644, 31.51265733 ], [ 75.10471029, 31.5233167 ], [ 75.08746589, 31.52034803 ], [ 75.07049507, 31.52878881 ], [ 75.04825971, 31.51696585 ], [ 75.04205001, 31.52492779 ], [ 75.03929227, 31.52375575 ], [ 75.03584735, 31.52717269 ], [ 75.02304586, 31.52740343 ], [ 75.0175048, 31.5233018 ], [ 75.0086155, 31.52537377 ], [ 74.99252475, 31.50431146 ], [ 74.98695707, 31.51669392 ], [ 74.99011474, 31.51962798 ], [ 74.9862053, 31.52027419 ], [ 74.98199002, 31.52680652 ], [ 74.97304543, 31.51849181 ], [ 74.97722069, 31.51669738 ], [ 74.97724057, 31.51274049 ], [ 74.96503111, 31.51411958 ], [ 74.95743268, 31.49733802 ], [ 74.95259716, 31.49680321 ], [ 74.93822873, 31.50942085 ], [ 74.94072683, 31.5108215 ], [ 74.94074236, 31.52122396 ], [ 74.93738421, 31.52353656 ], [ 74.91585586, 31.52759066 ], [ 74.90131483, 31.52378837 ], [ 74.89704447, 31.52993213 ], [ 74.89899874, 31.55282409 ], [ 74.88902881, 31.55441789 ], [ 74.87941873, 31.54514106 ], [ 74.87797205, 31.53778374 ], [ 74.86713574, 31.53861447 ], [ 74.84461616, 31.53103823 ], [ 74.83066213, 31.53898638 ], [ 74.82296237, 31.53668056 ], [ 74.81710246, 31.54442385 ], [ 74.81891908, 31.55656525 ], [ 74.81321259, 31.55980974 ], [ 74.8088632, 31.55662922 ], [ 74.79846091, 31.56349974 ] ] ] } },
{ "type": "Feature", "properties": { "District": "Fazilka", "State": "PB", "st_area_shape_": 3153639393.3468146 }, "geometry": { "type": "Polygon", "coordinates": [ [ [ 74.31784424, 30.79770447 ], [ 74.29940642, 30.80457719 ], [ 74.29487555, 30.79450699 ], [ 74.30679882, 30.78921846 ], [ 74.30196722, 30.77936881 ], [ 74.27440712, 30.77348543 ], [ 74.26482649, 30.77709196 ], [ 74.25995299, 30.77259119 ], [ 74.27369093, 30.75346372 ], [ 74.27447984, 30.74426522 ], [ 74.28646894, 30.73564518 ], [ 74.28151424, 30.73090477 ], [ 74.27483106, 30.73711588 ], [ 74.27120392, 30.73225608 ], [ 74.26846297, 30.73439375 ], [ 74.26700081, 30.72627614 ], [ 74.26090189, 30.72310727 ], [ 74.24843326, 30.72596586 ], [ 74.24204448, 30.72599831 ], [ 74.24523341, 30.72295152 ], [ 74.23264936, 30.72454646 ], [ 74.22346463, 30.70994472 ], [ 74.21918678, 30.69356327 ], [ 74.1933854, 30.66520432 ], [ 74.18176491, 30.66145643 ], [ 74.16936012, 30.64872866 ], [ 74.16335629, 30.64841749 ], [ 74.14782014, 30.63106057 ], [ 74.13770043, 30.62748174 ], [ 74.12738231, 30.63478192 ], [ 74.1268607, 30.62413583 ], [ 74.12126275, 30.62248202 ], [ 74.11797503, 30.60793484 ], [ 74.10507781, 30.61924036 ], [ 74.09607697, 30.6116038 ], [ 74.10226982, 30.60962558 ], [ 74.10142312, 30.60330561 ], [ 74.09531033, 30.60120109 ], [ 74.09872193, 30.59058956 ], [ 74.09656674, 30.58724252 ], [ 74.10212838, 30.57923193 ], [ 74.07342036, 30.55467685 ], [ 74.07999461, 30.54847016 ], [ 74.09091418, 30.54939715 ], [ 74.07228967, 30.52291657 ], [ 74.05731776, 30.5186881 ], [ 74.05156623, 30.52767954 ], [ 74.05001097, 30.53715998 ], [ 74.03922042, 30.54261739 ], [ 74.03796015, 30.5316516 ], [ 74.03101548, 30.52693057 ], [ 74.02384243, 30.52606931 ], [ 74.01207753, 30.53355741 ], [ 74.01108219, 30.52110032 ], [ 74.01998642, 30.51417031 ], [ 73.99268861, 30.51426373 ], [ 73.98205783, 30.50408225 ], [ 73.97594369, 30.49412021 ], [ 73.96365798, 30.48485222 ], [ 73.96970898, 30.47527824 ], [ 73.96413868, 30.4564849 ], [ 73.9501268, 30.46008413 ], [ 73.94584545, 30.46827143 ], [ 73.94771836, 30.4838956 ], [ 73.9345286, 30.49023454 ], [ 73.93174134, 30.46721477 ], [ 73.92774959, 30.46590094 ], [ 73.93754163, 30.45223129 ], [ 73.9372981, 30.44506933 ], [ 73.92625874, 30.43893028 ], [ 73.94966965, 30.43702558 ], [ 73.96010369, 30.44087039 ], [ 73.96802273, 30.44015155 ], [ 73.97381409, 30.44388942 ], [ 73.96461708, 30.42452016 ], [ 73.94865222, 30.41674587 ], [ 73.93671033, 30.40216048 ], [ 73.92221416, 30.39809157 ], [ 73.91404705, 30.38267168 ], [ 73.90078767, 30.37310315 ], [ 73.8840258, 30.36696802 ], [ 73.87977596, 30.35972202 ], [ 73.90260753, 30.34911879 ], [ 73.93086711, 30.32006847 ], [ 73.95977432, 30.2701777 ], [ 73.97388522, 30.19196638 ], [ 73.97291079, 30.17794117 ], [ 73.96818811, 30.16849267 ], [ 73.96800365, 30.14372728 ], [ 73.9707327, 30.12514376 ], [ 73.97512159, 30.12009472 ], [ 73.9676172, 30.11896535 ], [ 73.95217014, 30.10406822 ], [ 73.92988538, 30.06859559 ], [ 73.90402904, 30.05008376 ], [ 73.8937632, 30.02239107 ], [ 73.88627544, 30.01210745 ], [ 73.88624942, 29.996141 ], [ 73.89575526, 29.98130912 ], [ 73.89470854, 29.97388868 ], [ 74.10169448, 29.9671146 ], [ 74.44810461, 29.94709807 ], [ 74.43204205, 29.9675218 ], [ 74.42216171, 29.99771532 ], [ 74.45990222, 30.00645089 ], [ 74.46260411, 30.00888544 ], [ 74.46114946, 30.01408741 ], [ 74.45148443, 30.0297242 ], [ 74.42335413, 30.02611908 ], [ 74.40580621, 30.0285677 ], [ 74.41371357, 30.02886325 ], [ 74.41415793, 30.03565914 ], [ 74.39318274, 30.05617224 ], [ 74.39560882, 30.05831309 ], [ 74.38706789, 30.06974558 ], [ 74.38908888, 30.07440678 ], [ 74.36572801, 30.08716476 ], [ 74.37295541, 30.10355919 ], [ 74.37183417, 30.10766071 ], [ 74.38190793, 30.11169937 ], [ 74.39650266, 30.1084041 ], [ 74.40826419, 30.09563061 ], [ 74.41283349, 30.09760339 ], [ 74.40070159, 30.11105511 ], [ 74.39997455, 30.11654768 ], [ 74.38105711, 30.13103566 ], [ 74.37439115, 30.1459385 ], [ 74.37466447, 30.15341387 ], [ 74.35931738, 30.15513961 ], [ 74.33586968, 30.16339413 ], [ 74.34799325, 30.19186899 ], [ 74.34480665, 30.19918908 ], [ 74.35286889, 30.21423018 ], [ 74.3581803, 30.24070168 ], [ 74.32376977, 30.24497961 ], [ 74.28643947, 30.23335109 ], [ 74.26354351, 30.2473117 ], [ 74.27111001, 30.26343337 ], [ 74.28257796, 30.2743866 ], [ 74.29752593, 30.26534367 ], [ 74.29730677, 30.27472556 ], [ 74.30611023, 30.30222149 ], [ 74.30338027, 30.30891289 ], [ 74.32544148, 30.32958698 ], [ 74.32264918, 30.33106294 ], [ 74.3188277, 30.35442554 ], [ 74.31004555, 30.36025382 ], [ 74.30779221, 30.37021349 ], [ 74.31481795, 30.38720264 ], [ 74.33136604, 30.38734718 ], [ 74.35330633, 30.38233602 ], [ 74.35748218, 30.38929294 ], [ 74.35763222, 30.40275938 ], [ 74.29254128, 30.41415897 ], [ 74.27874957, 30.42006258 ], [ 74.24405108, 30.42749823 ], [ 74.27081675, 30.42763671 ], [ 74.30632356, 30.44609066 ], [ 74.32761359, 30.44538616 ], [ 74.34389538, 30.46356441 ], [ 74.34620756, 30.48427615 ], [ 74.36256542, 30.48034843 ], [ 74.3758154, 30.48473405 ], [ 74.37882471, 30.49580215 ], [ 74.38305882, 30.49991293 ], [ 74.37300471, 30.5125389 ], [ 74.38804742, 30.52515176 ], [ 74.39878635, 30.52684864 ], [ 74.40107196, 30.5353911 ], [ 74.38816589, 30.54678159 ], [ 74.37498531, 30.54872041 ], [ 74.37977754, 30.5575331 ], [ 74.37607865, 30.55876399 ], [ 74.36707727, 30.58609909 ], [ 74.39782775, 30.59703282 ], [ 74.41950241, 30.59709893 ], [ 74.41932243, 30.60425887 ], [ 74.41375971, 30.61226507 ], [ 74.41994134, 30.61166407 ], [ 74.44029364, 30.62617104 ], [ 74.44706292, 30.62445089 ], [ 74.46180409, 30.60836341 ], [ 74.4641853, 30.61557778 ], [ 74.45801261, 30.6204484 ], [ 74.49395192, 30.63725878 ], [ 74.48200913, 30.64054915 ], [ 74.47609755, 30.64664957 ], [ 74.47637229, 30.65523375 ], [ 74.48335477, 30.66400133 ], [ 74.49703399, 30.6630793 ], [ 74.50454446, 30.66887222 ], [ 74.48020354, 30.67303094 ], [ 74.47325256, 30.69597647 ], [ 74.47397661, 30.71558647 ], [ 74.46879607, 30.74515162 ], [ 74.47912164, 30.75571488 ], [ 74.47791241, 30.76459268 ], [ 74.45940161, 30.76910409 ], [ 74.4455082, 30.78678695 ], [ 74.43037422, 30.77638567 ], [ 74.41580206, 30.78836856 ], [ 74.40695839, 30.79014329 ], [ 74.39549648, 30.80156373 ], [ 74.37911387, 30.80161817 ], [ 74.37372236, 30.79142381 ], [ 74.36244412, 30.78910672 ], [ 74.34442054, 30.79347956 ], [ 74.34034177, 30.80510932 ], [ 74.33817272, 30.80023173 ], [ 74.328794, 30.79478243 ], [ 74.3297758, 30.79747767 ], [ 74.32628026, 30.79871911 ], [ 74.31784424, 30.79770447 ] ] ] } },
{ "type": "Feature", "properties": { "District": "Pathankot", "State": "PB", "st_area_shape_": 934390976.82309711 }, "geometry": { "type": "Polygon", "coordinates": [ [ [ 75.83874666, 32.5126949 ], [ 75.83178747, 32.51059363 ], [ 75.83325845, 32.50428606 ], [ 75.82602521, 32.50388872 ], [ 75.82056953, 32.49230222 ], [ 75.80053898, 32.48512154 ], [ 75.77681237, 32.46501854 ], [ 75.7589221, 32.46047301 ], [ 75.75254054, 32.455308 ], [ 75.72854607, 32.45269398 ], [ 75.72972566, 32.43890547 ], [ 75.73510165, 32.43897539 ], [ 75.74376433, 32.43204014 ], [ 75.73736601, 32.42965002 ], [ 75.72845083, 32.43250613 ], [ 75.73193302, 32.42293771 ], [ 75.7225144, 32.40545784 ], [ 75.71133082, 32.41100135 ], [ 75.70117563, 32.3995609 ], [ 75.68701037, 32.39051 ], [ 75.67904641, 32.38972165 ], [ 75.67407603, 32.39362438 ], [ 75.64769105, 32.38745604 ], [ 75.63109756, 32.37949275 ], [ 75.59673288, 32.37766955 ], [ 75.55980397, 32.35713287 ], [ 75.53950179, 32.33623189 ], [ 75.53711099, 32.32600454 ], [ 75.54219927, 32.32188 ], [ 75.54287951, 32.30786512 ], [ 75.53344782, 32.27765977 ], [ 75.5210018, 32.27701717 ], [ 75.51818156, 32.28128549 ], [ 75.50932816, 32.28375844 ], [ 75.50343539, 32.29167009 ], [ 75.51211943, 32.30794118 ], [ 75.48213566, 32.32043556 ], [ 75.48579134, 32.32421014 ], [ 75.48018233, 32.33433354 ], [ 75.49464383, 32.34111383 ], [ 75.48916651, 32.34599981 ], [ 75.47853952, 32.33897465 ], [ 75.4685806, 32.33897568 ], [ 75.47161324, 32.33376099 ], [ 75.46604233, 32.32995922 ], [ 75.46886964, 32.32839279 ], [ 75.46755374, 32.32556129 ], [ 75.44832507, 32.32647509 ], [ 75.44106539, 32.31843611 ], [ 75.43031781, 32.31590611 ], [ 75.4190299, 32.3200532 ], [ 75.41078097, 32.32894891 ], [ 75.40382475, 32.3278339 ], [ 75.39949075, 32.33066906 ], [ 75.39386823, 32.32756646 ], [ 75.37519443, 32.33784644 ], [ 75.36336425, 32.33348118 ], [ 75.36265607, 32.33615818 ], [ 75.35555996, 32.33705658 ], [ 75.34933846, 32.34500168 ], [ 75.34143043, 32.34610028 ], [ 75.33832822, 32.34120961 ], [ 75.34136122, 32.3381226 ], [ 75.33662655, 32.33730777 ], [ 75.3357118, 32.33005275 ], [ 75.33168235, 32.32693587 ], [ 75.33770518, 32.32184098 ], [ 75.33661329, 32.31661366 ], [ 75.33006915, 32.31255564 ], [ 75.3349897, 32.31090453 ], [ 75.32049649, 32.29738998 ], [ 75.35022629, 32.28994979 ], [ 75.34371039, 32.27855199 ], [ 75.37147503, 32.27960799 ], [ 75.38185508, 32.26895412 ], [ 75.38069466, 32.26602583 ], [ 75.37434442, 32.2658868 ], [ 75.37083819, 32.25756215 ], [ 75.37049761, 32.24246401 ], [ 75.3742213, 32.24139951 ], [ 75.37183649, 32.22493585 ], [ 75.36865794, 32.22619291 ], [ 75.3654744, 32.21993575 ], [ 75.35739091, 32.21806298 ], [ 75.33137684, 32.21957785 ], [ 75.32701825, 32.2139385 ], [ 75.33735206, 32.20703725 ], [ 75.34637193, 32.20703953 ], [ 75.35836593, 32.1966596 ], [ 75.37746508, 32.19080036 ], [ 75.37938751, 32.18335885 ], [ 75.38950212, 32.18908379 ], [ 75.40073587, 32.19029189 ], [ 75.40349762, 32.17812221 ], [ 75.41314063, 32.17727089 ], [ 75.41203209, 32.17278308 ], [ 75.42061556, 32.16419171 ], [ 75.43011012, 32.16925083 ], [ 75.44223763, 32.16688737 ], [ 75.44047517, 32.16362598 ], [ 75.43414198, 32.16469694 ], [ 75.43374034, 32.16087092 ], [ 75.43796071, 32.15901912 ], [ 75.43441481, 32.1491767 ], [ 75.44049887, 32.15305575 ], [ 75.45531803, 32.15188411 ], [ 75.45793308, 32.1571675 ], [ 75.4631583, 32.15486035 ], [ 75.48085964, 32.15994198 ], [ 75.48125195, 32.15423157 ], [ 75.49693097, 32.15331842 ], [ 75.50580648, 32.14537563 ], [ 75.51046946, 32.14909686 ], [ 75.54346064, 32.14570917 ], [ 75.54279385, 32.14067568 ], [ 75.55196798, 32.13822692 ], [ 75.55160099, 32.13340662 ], [ 75.58737772, 32.14112854 ], [ 75.58869271, 32.11842702 ], [ 75.58601783, 32.11846511 ], [ 75.5825059, 32.10749311 ], [ 75.58527242, 32.1050953 ], [ 75.59419979, 32.11158557 ], [ 75.59783735, 32.09512706 ], [ 75.61350505, 32.09383552 ], [ 75.6261642, 32.10571088 ], [ 75.62773148, 32.11690678 ], [ 75.62550361, 32.11820523 ], [ 75.66128726, 32.13687768 ], [ 75.67307953, 32.15876992 ], [ 75.6639012, 32.16238383 ], [ 75.66722262, 32.17760146 ], [ 75.65889797, 32.17740297 ], [ 75.65682264, 32.18287332 ], [ 75.66311376, 32.18970228 ], [ 75.661908, 32.19304841 ], [ 75.65349376, 32.19719601 ], [ 75.63735471, 32.19250403 ], [ 75.6371506, 32.18716149 ], [ 75.62423451, 32.19032809 ], [ 75.62650497, 32.21550898 ], [ 75.63730685, 32.2185725 ], [ 75.63879424, 32.2219017 ], [ 75.63664423, 32.23144901 ], [ 75.61781956, 32.23660858 ], [ 75.63296891, 32.24492803 ], [ 75.6385099, 32.25202431 ], [ 75.65710869, 32.25121216 ], [ 75.7133446, 32.27263724 ], [ 75.74482468, 32.27690745 ], [ 75.77057189, 32.28868875 ], [ 75.78151603, 32.30909172 ], [ 75.79781717, 32.32462735 ], [ 75.8031968, 32.32852113 ], [ 75.81516423, 32.33036054 ], [ 75.80791768, 32.3411148 ], [ 75.8112282, 32.34855262 ], [ 75.82703257, 32.35052907 ], [ 75.83474548, 32.35703608 ], [ 75.8441703, 32.35584309 ], [ 75.84739511, 32.37385433 ], [ 75.85654814, 32.38475449 ], [ 75.87349761, 32.39553958 ], [ 75.88718618, 32.39609853 ], [ 75.89377879, 32.39325492 ], [ 75.91142063, 32.39415911 ], [ 75.91611453, 32.39703515 ], [ 75.92171037, 32.39653004 ], [ 75.92345837, 32.39124894 ], [ 75.92915148, 32.39443042 ], [ 75.93286436, 32.39147859 ], [ 75.93475851, 32.39338269 ], [ 75.93649423, 32.39741794 ], [ 75.91801332, 32.41443111 ], [ 75.92061073, 32.42912623 ], [ 75.9079085, 32.43647967 ], [ 75.9017713, 32.45275208 ], [ 75.89038872, 32.45764324 ], [ 75.87913377, 32.47040767 ], [ 75.85347891, 32.48768649 ], [ 75.84380161, 32.50912349 ], [ 75.83874666, 32.5126949 ] ] ] } }
]
}
