{
"type": "FeatureCollection",
"name": "Punjab State Boundary",
"crs": { "type": "name", "properties": { "name": "urn:ogc:def:crs:OGC:1.3:CRS84" } },
"features": [
{ "type": "Feature", "properties": { "GmlID": "State_NWIC.28", "objectid": 28, "State": "PB", "state_code": "03", "st_area_shape_": 49127646983.806236, "st_length_shape_": 1877625.0653759199 }, "geometry": { "type": "MultiPolygon", "coordinates": [ [ [ [ 75.83874666, 32.5126949 ], [ 75.83652698, 32.51274997 ], [ 75.83491611, 32.51177259 ], [ 75.83438423, 32.51178494 ], [ 75.83376556, 32.51179929 ], [ 75.83216047, 32.51082097 ], [ 75.83178747, 32.51059363 ], [ 75.83283795, 32.50829568 ], [ 75.83319422, 32.50751623 ], [ 75.83359288, 32.50559911 ], [ 75.83325845, 32.50428606 ], [ 75.83246331, 32.50339868 ], [ 75.83114694, 32.50339919 ], [ 75.82974122, 32.50421387 ], [ 75.82929752, 32.5042708 ], [ 75.82715469, 32.50454523 ], [ 75.82602521, 32.50388872 ], [ 75.82566978, 32.5029483 ], [ 75.82562852, 32.50179505 ], [ 75.82452237, 32.50181194 ], [ 75.82606318, 32.49961868 ], [ 75.82557971, 32.49887113 ], [ 75.8251722, 32.49806358 ], [ 75.82490969, 32.49757954 ], [ 75.82379324, 32.49588206 ], [ 75.82333584, 32.49508034 ], [ 75.82268164, 32.49449156 ], [ 75.8223966, 32.49425923 ], [ 75.8212098, 32.49302562 ], [ 75.82056953, 32.49230222 ], [ 75.81951271, 32.49153799 ], [ 75.81826812, 32.49087001 ], [ 75.81702273, 32.49019163 ], [ 75.81583065, 32.48961266 ], [ 75.81448842, 32.48892627 ], [ 75.81404616, 32.48867813 ], [ 75.81291401, 32.48827078 ], [ 75.8117161, 32.48790807 ], [ 75.81113899, 32.48785058 ], [ 75.80946777, 32.48769082 ], [ 75.80874086, 32.48752519 ], [ 75.80727082, 32.4871635 ], [ 75.80585016, 32.48678048 ], [ 75.80527317, 32.48664364 ], [ 75.80305048, 32.48600953 ], [ 75.80270948, 32.48591403 ], [ 75.80162671, 32.48561811 ], [ 75.80104709, 32.48541707 ], [ 75.80053898, 32.48512154 ], [ 75.80020572, 32.48477849 ], [ 75.79968512, 32.48419861 ], [ 75.79927699, 32.48375068 ], [ 75.79839794, 32.4829251 ], [ 75.79730499, 32.48209892 ], [ 75.79618352, 32.48120542 ], [ 75.7946267, 32.47992167 ], [ 75.79395067, 32.47941344 ], [ 75.79285033, 32.47861606 ], [ 75.7923715, 32.47839987 ], [ 75.79188258, 32.47813653 ], [ 75.79096926, 32.4776446 ], [ 75.79020617, 32.47724087 ], [ 75.78910626, 32.47655729 ], [ 75.7887098, 32.476249 ], [ 75.78767431, 32.4753889 ], [ 75.78724743, 32.47503794 ], [ 75.78686717, 32.47472502 ], [ 75.78586219, 32.47380469 ], [ 75.78488316, 32.47290314 ], [ 75.78411123, 32.47214022 ], [ 75.78363303, 32.47166407 ], [ 75.7828634, 32.47078164 ], [ 75.78205656, 32.46981665 ], [ 75.78015135, 32.46790664 ], [ 75.77900644, 32.46684224 ], [ 75.77774496, 32.46568487 ], [ 75.77681237, 32.46501854 ], [ 75.7753665, 32.4642538 ], [ 75.77453447, 32.46386397 ], [ 75.77371484, 32.4634729 ], [ 75.77294998, 32.46309587 ], [ 75.77179492, 32.46260918 ], [ 75.77147044, 32.46243178 ], [ 75.77091076, 32.46214348 ], [ 75.77050026, 32.46200392 ], [ 75.76994528, 32.46197724 ], [ 75.76900568, 32.46199226 ], [ 75.76730814, 32.46201126 ], [ 75.76681962, 32.46201401 ], [ 75.76625295, 32.4619629 ], [ 75.76557256, 32.46176213 ], [ 75.76504342, 32.46145166 ], [ 75.76420053, 32.46092775 ], [ 75.76330529, 32.46028088 ], [ 75.76297225, 32.46006553 ], [ 75.76251038, 32.45979003 ], [ 75.76210105, 32.45986654 ], [ 75.76135394, 32.45999669 ], [ 75.76078775, 32.46012882 ], [ 75.7603407, 32.46024844 ], [ 75.76002458, 32.46032563 ], [ 75.75932737, 32.46050542 ], [ 75.7589221, 32.46047301 ], [ 75.75860883, 32.46032198 ], [ 75.75789456, 32.45980977 ], [ 75.75693931, 32.45910852 ], [ 75.75659359, 32.45866295 ], [ 75.7563641, 32.45830994 ], [ 75.75592901, 32.45764064 ], [ 75.75546713, 32.45697485 ], [ 75.75499358, 32.45629222 ], [ 75.75456717, 32.4560778 ], [ 75.75425756, 32.45592211 ], [ 75.75283363, 32.45541282 ], [ 75.75254054, 32.455308 ], [ 75.75130429, 32.45504637 ], [ 75.75035448, 32.45486285 ], [ 75.74996746, 32.45478807 ], [ 75.7489226, 32.45453878 ], [ 75.74768331, 32.45449911 ], [ 75.74670936, 32.45446827 ], [ 75.74223123, 32.455132 ], [ 75.74049767, 32.45502016 ], [ 75.73999627, 32.45489915 ], [ 75.73792393, 32.45439898 ], [ 75.73713844, 32.45427749 ], [ 75.73253976, 32.45364655 ], [ 75.72954469, 32.4531575 ], [ 75.72854607, 32.45269398 ], [ 75.72809364, 32.45130148 ], [ 75.72838133, 32.44949861 ], [ 75.72850568, 32.44897918 ], [ 75.72870177, 32.44816009 ], [ 75.72876527, 32.4474226 ], [ 75.72837724, 32.44704575 ], [ 75.72766939, 32.44635829 ], [ 75.72734446, 32.44584403 ], [ 75.7274584, 32.44448998 ], [ 75.72775177, 32.44418518 ], [ 75.728616, 32.44328726 ], [ 75.72917988, 32.44037342 ], [ 75.72972566, 32.43890547 ], [ 75.73068729, 32.43850262 ], [ 75.73106105, 32.43858288 ], [ 75.7332551, 32.43916969 ], [ 75.73420162, 32.43917972 ], [ 75.73510165, 32.43897539 ], [ 75.73544279, 32.43863254 ], [ 75.7356885, 32.4383856 ], [ 75.73657874, 32.43749089 ], [ 75.73722256, 32.43684116 ], [ 75.73831969, 32.43575514 ], [ 75.73891421, 32.43532677 ], [ 75.73976217, 32.4347158 ], [ 75.74192657, 32.43375246 ], [ 75.74345985, 32.43289128 ], [ 75.74376433, 32.43204014 ], [ 75.74332829, 32.43096168 ], [ 75.74250671, 32.43040256 ], [ 75.74126702, 32.4300897 ], [ 75.73992587, 32.42974319 ], [ 75.73939638, 32.42972388 ], [ 75.73863105, 32.42969598 ], [ 75.73736601, 32.42965002 ], [ 75.73573566, 32.43000893 ], [ 75.7354358, 32.43007494 ], [ 75.73466244, 32.43035237 ], [ 75.73379486, 32.43066359 ], [ 75.73327288, 32.43097789 ], [ 75.73262143, 32.43137016 ], [ 75.73166922, 32.43194352 ], [ 75.73127279, 32.43229063 ], [ 75.73059195, 32.43288675 ], [ 75.72941462, 32.43306371 ], [ 75.72845083, 32.43250613 ], [ 75.72805235, 32.4319646 ], [ 75.72783822, 32.43167359 ], [ 75.72759601, 32.43088053 ], [ 75.72745047, 32.43040397 ], [ 75.72759365, 32.42930102 ], [ 75.72764195, 32.42892893 ], [ 75.72879934, 32.42773989 ], [ 75.73013942, 32.42672832 ], [ 75.73118021, 32.42594266 ], [ 75.73137352, 32.42568047 ], [ 75.73177465, 32.42513642 ], [ 75.73190698, 32.42450105 ], [ 75.73203067, 32.42390716 ], [ 75.73193302, 32.42293771 ], [ 75.73116052, 32.42142798 ], [ 75.7303369, 32.4198183 ], [ 75.729064, 32.4185357 ], [ 75.72787137, 32.41700718 ], [ 75.72684687, 32.41543101 ], [ 75.72460169, 32.41197663 ], [ 75.72388858, 32.41075983 ], [ 75.72355375, 32.4101885 ], [ 75.72289096, 32.40747807 ], [ 75.72254722, 32.40607232 ], [ 75.7225144, 32.40545784 ], [ 75.72145213, 32.4056777 ], [ 75.718734, 32.40629374 ], [ 75.71638542, 32.4069237 ], [ 75.71570645, 32.40717297 ], [ 75.71485736, 32.40748471 ], [ 75.71366446, 32.40888456 ], [ 75.71311041, 32.40939141 ], [ 75.71288407, 32.40959846 ], [ 75.71218539, 32.41023761 ], [ 75.71133082, 32.41100135 ], [ 75.71072441, 32.41061604 ], [ 75.70998079, 32.41014354 ], [ 75.70853144, 32.40892908 ], [ 75.70517336, 32.40531 ], [ 75.70493804, 32.40498921 ], [ 75.70368251, 32.40306382 ], [ 75.70248138, 32.40137325 ], [ 75.70117563, 32.3995609 ], [ 75.69995228, 32.39874153 ], [ 75.69970636, 32.39857682 ], [ 75.69934826, 32.398403 ], [ 75.69853041, 32.39800601 ], [ 75.69804846, 32.39777207 ], [ 75.69692334, 32.39714191 ], [ 75.69646287, 32.39688401 ], [ 75.69413751, 32.39558158 ], [ 75.69096864, 32.39319939 ], [ 75.69072473, 32.39301603 ], [ 75.69035903, 32.3927693 ], [ 75.68701037, 32.39051 ], [ 75.68551413, 32.3904288 ], [ 75.68420317, 32.39044966 ], [ 75.6837516, 32.39031518 ], [ 75.68291174, 32.39008789 ], [ 75.68047272, 32.38980788 ], [ 75.67904641, 32.38972165 ], [ 75.67830271, 32.38995501 ], [ 75.67769527, 32.39014561 ], [ 75.67742071, 32.39098729 ], [ 75.67727084, 32.39136452 ], [ 75.67701915, 32.39199803 ], [ 75.67674402, 32.39222649 ], [ 75.67631164, 32.39258553 ], [ 75.67595882, 32.39282782 ], [ 75.67513766, 32.39339176 ], [ 75.67407603, 32.39362438 ], [ 75.66899359, 32.39267736 ], [ 75.66678916, 32.39209091 ], [ 75.66542815, 32.39195705 ], [ 75.66383587, 32.39180139 ], [ 75.66333048, 32.39175197 ], [ 75.66054408, 32.39098269 ], [ 75.65829925, 32.39019947 ], [ 75.65800184, 32.3900957 ], [ 75.65488383, 32.38924065 ], [ 75.65354158, 32.38890463 ], [ 75.65164532, 32.38843549 ], [ 75.65070754, 32.38820321 ], [ 75.64848349, 32.38765233 ], [ 75.64769105, 32.38745604 ], [ 75.64590523, 32.38682812 ], [ 75.64553265, 32.38665344 ], [ 75.64487429, 32.38634479 ], [ 75.643753, 32.38583305 ], [ 75.64307137, 32.38552197 ], [ 75.64023982, 32.38384268 ], [ 75.63773001, 32.38224514 ], [ 75.63704358, 32.38169964 ], [ 75.63675008, 32.38146639 ], [ 75.6359603, 32.38083875 ], [ 75.63522762, 32.38062715 ], [ 75.63328523, 32.38006617 ], [ 75.63206014, 32.37974506 ], [ 75.63109756, 32.37949275 ], [ 75.62561024, 32.37855772 ], [ 75.624398, 32.37835152 ], [ 75.62027207, 32.37784714 ], [ 75.61792355, 32.37757393 ], [ 75.61686188, 32.3774753 ], [ 75.61363179, 32.37717521 ], [ 75.60999893, 32.37683762 ], [ 75.60955745, 32.3767966 ], [ 75.60919027, 32.37678706 ], [ 75.60798998, 32.37675589 ], [ 75.60668761, 32.37672206 ], [ 75.60369829, 32.37664442 ], [ 75.60300324, 32.37670651 ], [ 75.6004854, 32.37694357 ], [ 75.59923257, 32.37718667 ], [ 75.59673288, 32.37766955 ], [ 75.59443837, 32.37673969 ], [ 75.59176744, 32.37535747 ], [ 75.58974267, 32.3741905 ], [ 75.58633545, 32.37222672 ], [ 75.58308329, 32.37035228 ], [ 75.58276582, 32.3701693 ], [ 75.58117898, 32.3692528 ], [ 75.57953007, 32.36830045 ], [ 75.57240269, 32.3641838 ], [ 75.56986886, 32.36272026 ], [ 75.56813774, 32.36175934 ], [ 75.5632921, 32.3590694 ], [ 75.55980397, 32.35713287 ], [ 75.55890349, 32.35628533 ], [ 75.55813252, 32.35434484 ], [ 75.55702285, 32.3535382 ], [ 75.55530401, 32.35247587 ], [ 75.55316589, 32.3511544 ], [ 75.55123354, 32.34962963 ], [ 75.55093073, 32.34939068 ], [ 75.54727785, 32.34560727 ], [ 75.54654533, 32.3446 ], [ 75.54534948, 32.34295557 ], [ 75.54221595, 32.33943832 ], [ 75.541955, 32.33913157 ], [ 75.54065999, 32.33760928 ], [ 75.54044823, 32.33736036 ], [ 75.53950179, 32.33623189 ], [ 75.53908369, 32.33453362 ], [ 75.53897055, 32.33407404 ], [ 75.53889287, 32.3337585 ], [ 75.53840909, 32.33136512 ], [ 75.53810048, 32.32983832 ], [ 75.53711099, 32.32600454 ], [ 75.5388113, 32.32462632 ], [ 75.54010386, 32.32357859 ], [ 75.54219927, 32.32188 ], [ 75.54193178, 32.3185786 ], [ 75.5417118, 32.3162742 ], [ 75.54161276, 32.31523656 ], [ 75.54250022, 32.31149996 ], [ 75.54300515, 32.30984141 ], [ 75.54291316, 32.30839448 ], [ 75.54287951, 32.30786512 ], [ 75.54251951, 32.30568485 ], [ 75.54174091, 32.30402348 ], [ 75.54009915, 32.30230708 ], [ 75.53984228, 32.30147806 ], [ 75.53942562, 32.30013331 ], [ 75.53934661, 32.29856132 ], [ 75.53938142, 32.296587 ], [ 75.53926241, 32.29501305 ], [ 75.5391268, 32.29370274 ], [ 75.53904813, 32.29275691 ], [ 75.53895453, 32.29163144 ], [ 75.53892618, 32.29129056 ], [ 75.53838114, 32.28929451 ], [ 75.53798102, 32.28779232 ], [ 75.53648359, 32.28265667 ], [ 75.53539105, 32.28152142 ], [ 75.53486445, 32.2801005 ], [ 75.5348951, 32.27891029 ], [ 75.5343848, 32.27815951 ], [ 75.53344782, 32.27765977 ], [ 75.53276893, 32.27769097 ], [ 75.53198436, 32.27772704 ], [ 75.53061706, 32.27804041 ], [ 75.52954988, 32.27828541 ], [ 75.52889594, 32.27843555 ], [ 75.5274978, 32.27806828 ], [ 75.52545607, 32.27746523 ], [ 75.52563427, 32.27622153 ], [ 75.52351121, 32.27654787 ], [ 75.52183389, 32.27685592 ], [ 75.5210018, 32.27701717 ], [ 75.5209609, 32.27774385 ], [ 75.52096964, 32.27899919 ], [ 75.51937925, 32.27940422 ], [ 75.51878633, 32.27955522 ], [ 75.51861341, 32.27977957 ], [ 75.51818156, 32.28128549 ], [ 75.51658186, 32.28192358 ], [ 75.51626683, 32.28204924 ], [ 75.51385326, 32.28296299 ], [ 75.51270606, 32.28329674 ], [ 75.51056681, 32.28352724 ], [ 75.50932816, 32.28375844 ], [ 75.50841005, 32.28472835 ], [ 75.50824597, 32.28494898 ], [ 75.50776558, 32.28568435 ], [ 75.507738, 32.28609914 ], [ 75.50765407, 32.28736133 ], [ 75.50646667, 32.28770062 ], [ 75.5062176, 32.28798047 ], [ 75.5053872, 32.28937795 ], [ 75.50523859, 32.28962805 ], [ 75.50466123, 32.29074559 ], [ 75.5044623, 32.29112759 ], [ 75.50392586, 32.29143168 ], [ 75.50343539, 32.29167009 ], [ 75.50422076, 32.29372111 ], [ 75.50562784, 32.2973623 ], [ 75.50669498, 32.29833053 ], [ 75.50699248, 32.29858438 ], [ 75.50784198, 32.29992053 ], [ 75.50907945, 32.30186687 ], [ 75.50965697, 32.30309761 ], [ 75.51018292, 32.30349707 ], [ 75.51084617, 32.30400081 ], [ 75.51098594, 32.30443338 ], [ 75.51124153, 32.30522436 ], [ 75.51202659, 32.30765388 ], [ 75.51211943, 32.30794118 ], [ 75.51023574, 32.309156 ], [ 75.50606253, 32.31194823 ], [ 75.50489235, 32.31273117 ], [ 75.50324727, 32.31165507 ], [ 75.50267417, 32.31128018 ], [ 75.49897453, 32.31304587 ], [ 75.49854618, 32.31325099 ], [ 75.4971404, 32.31375292 ], [ 75.4940515, 32.31481038 ], [ 75.49278203, 32.31542808 ], [ 75.49235163, 32.3158358 ], [ 75.49147445, 32.31654084 ], [ 75.49042955, 32.31647357 ], [ 75.49036319, 32.3170083 ], [ 75.48968021, 32.31711125 ], [ 75.48842122, 32.31728302 ], [ 75.48724242, 32.31726133 ], [ 75.48629601, 32.31712379 ], [ 75.48475685, 32.31818309 ], [ 75.48386067, 32.318941 ], [ 75.48301787, 32.31989726 ], [ 75.48271439, 32.3200988 ], [ 75.48213566, 32.32043556 ], [ 75.4825606, 32.32125882 ], [ 75.48307008, 32.3215813 ], [ 75.48368561, 32.32183706 ], [ 75.48489248, 32.32281434 ], [ 75.48551495, 32.32378094 ], [ 75.48579134, 32.32421014 ], [ 75.48521426, 32.3246822 ], [ 75.48485718, 32.32497429 ], [ 75.48439071, 32.32537989 ], [ 75.48420307, 32.32564604 ], [ 75.48334736, 32.3268598 ], [ 75.48314063, 32.32829433 ], [ 75.4830857, 32.32868449 ], [ 75.48295038, 32.32975212 ], [ 75.48266986, 32.33036664 ], [ 75.48209885, 32.33099034 ], [ 75.48130459, 32.33178971 ], [ 75.48127829, 32.33214236 ], [ 75.48113117, 32.3324269 ], [ 75.48072962, 32.33270024 ], [ 75.48023475, 32.33346276 ], [ 75.48018233, 32.33433354 ], [ 75.48079901, 32.33470834 ], [ 75.4814422, 32.33510525 ], [ 75.48276685, 32.33663777 ], [ 75.48346801, 32.33659255 ], [ 75.48383862, 32.33656864 ], [ 75.48463158, 32.33748632 ], [ 75.48504362, 32.33796317 ], [ 75.48577711, 32.33765382 ], [ 75.48653016, 32.33733622 ], [ 75.48674553, 32.33820053 ], [ 75.48682266, 32.33845773 ], [ 75.48698771, 32.33900804 ], [ 75.48738338, 32.33980357 ], [ 75.48885667, 32.33990126 ], [ 75.48983857, 32.33991952 ], [ 75.49106858, 32.34042197 ], [ 75.49136682, 32.34054379 ], [ 75.49200567, 32.34079308 ], [ 75.49291794, 32.34086328 ], [ 75.49346627, 32.34090548 ], [ 75.4942314, 32.3409923 ], [ 75.49464383, 32.34111383 ], [ 75.49447946, 32.34162393 ], [ 75.4939636, 32.34205387 ], [ 75.49339113, 32.34235863 ], [ 75.49284311, 32.342756 ], [ 75.49221306, 32.34321284 ], [ 75.49112568, 32.34410151 ], [ 75.49064588, 32.34468259 ], [ 75.49043321, 32.34494361 ], [ 75.4897935, 32.3453914 ], [ 75.48916651, 32.34599981 ], [ 75.48632566, 32.34418585 ], [ 75.48686096, 32.34368485 ], [ 75.48566715, 32.34261662 ], [ 75.48442083, 32.34165345 ], [ 75.48345542, 32.34111963 ], [ 75.48202083, 32.34039279 ], [ 75.48074597, 32.33984403 ], [ 75.48028214, 32.33964437 ], [ 75.47976049, 32.3394439 ], [ 75.47853952, 32.33897465 ], [ 75.47804384, 32.33897507 ], [ 75.47746851, 32.33968076 ], [ 75.47636932, 32.33929489 ], [ 75.47543175, 32.3389682 ], [ 75.47510219, 32.33885337 ], [ 75.47515373, 32.33964591 ], [ 75.47519763, 32.34032074 ], [ 75.4738033, 32.33958237 ], [ 75.47316186, 32.33911648 ], [ 75.47097786, 32.33911823 ], [ 75.47104567, 32.33873487 ], [ 75.4685806, 32.33897568 ], [ 75.46896826, 32.33812217 ], [ 75.46967603, 32.33731781 ], [ 75.46989996, 32.33532073 ], [ 75.47135964, 32.33463711 ], [ 75.47152388, 32.33409131 ], [ 75.47161324, 32.33376099 ], [ 75.46965824, 32.33271825 ], [ 75.46884323, 32.33228756 ], [ 75.4675579, 32.33156211 ], [ 75.46604233, 32.32995922 ], [ 75.46659132, 32.32967447 ], [ 75.46762238, 32.32918452 ], [ 75.46886964, 32.32839279 ], [ 75.46854655, 32.32699388 ], [ 75.4682379, 32.32641398 ], [ 75.46755374, 32.32556129 ], [ 75.46568088, 32.32697421 ], [ 75.46497074, 32.32684966 ], [ 75.464475, 32.32682728 ], [ 75.46401184, 32.32687305 ], [ 75.46355658, 32.32706678 ], [ 75.46276629, 32.32723797 ], [ 75.46245826, 32.32727233 ], [ 75.46149472, 32.32696588 ], [ 75.4611061, 32.32687514 ], [ 75.46031564, 32.32686434 ], [ 75.45975299, 32.32688745 ], [ 75.45935133, 32.32709247 ], [ 75.45890953, 32.32743402 ], [ 75.45789665, 32.32653561 ], [ 75.45591273, 32.32638895 ], [ 75.45515019, 32.32633259 ], [ 75.45426867, 32.32556146 ], [ 75.45367788, 32.32541005 ], [ 75.45318326, 32.32527774 ], [ 75.45306299, 32.32555081 ], [ 75.45153939, 32.32536977 ], [ 75.45134367, 32.32482197 ], [ 75.45078863, 32.32466492 ], [ 75.4503599, 32.3246538 ], [ 75.44938284, 32.3257919 ], [ 75.44911515, 32.32603097 ], [ 75.44832507, 32.32647509 ], [ 75.44701107, 32.32512221 ], [ 75.44667548, 32.32475134 ], [ 75.44600498, 32.32394408 ], [ 75.44566953, 32.32335274 ], [ 75.4452716, 32.32247968 ], [ 75.44503012, 32.32205896 ], [ 75.44466819, 32.32177475 ], [ 75.44385079, 32.32139983 ], [ 75.44256472, 32.32096798 ], [ 75.44214368, 32.320257 ], [ 75.44106539, 32.31843611 ], [ 75.44049886, 32.31819598 ], [ 75.43973596, 32.31805873 ], [ 75.43851316, 32.31798343 ], [ 75.43689294, 32.31791566 ], [ 75.43551319, 32.31781389 ], [ 75.43465575, 32.31764373 ], [ 75.43383851, 32.31750754 ], [ 75.43296767, 32.31736013 ], [ 75.4317266, 32.31732369 ], [ 75.43172605, 32.31652941 ], [ 75.43172579, 32.31615491 ], [ 75.43134813, 32.31604192 ], [ 75.43104187, 32.31595043 ], [ 75.43031781, 32.31590611 ], [ 75.42935474, 32.31591709 ], [ 75.42776665, 32.31689124 ], [ 75.42682941, 32.31766511 ], [ 75.42676536, 32.3183813 ], [ 75.4236847, 32.31889441 ], [ 75.42314008, 32.31902002 ], [ 75.42067102, 32.31958947 ], [ 75.4190299, 32.3200532 ], [ 75.4182426, 32.32104459 ], [ 75.41794555, 32.32141866 ], [ 75.4155825, 32.32400716 ], [ 75.41460511, 32.32514505 ], [ 75.41360615, 32.32629311 ], [ 75.41325588, 32.32669986 ], [ 75.41143718, 32.32851647 ], [ 75.41106225, 32.32884646 ], [ 75.41078097, 32.32894891 ], [ 75.41029191, 32.32895473 ], [ 75.4085188, 32.32867841 ], [ 75.408145, 32.32862224 ], [ 75.40701657, 32.32845267 ], [ 75.40662971, 32.32839454 ], [ 75.40616071, 32.32831501 ], [ 75.40552007, 32.32787589 ], [ 75.40382475, 32.3278339 ], [ 75.40359716, 32.32824346 ], [ 75.40361083, 32.32905108 ], [ 75.40265974, 32.32949498 ], [ 75.40202346, 32.33055736 ], [ 75.40083686, 32.33060969 ], [ 75.39949075, 32.33066906 ], [ 75.39695821, 32.32895184 ], [ 75.39641346, 32.32855056 ], [ 75.3951544, 32.3276231 ], [ 75.39386823, 32.32756646 ], [ 75.3934663, 32.32769166 ], [ 75.39270276, 32.32794199 ], [ 75.39236101, 32.32807512 ], [ 75.39117392, 32.32854238 ], [ 75.38982878, 32.32920156 ], [ 75.38820697, 32.33015059 ], [ 75.387029, 32.33083989 ], [ 75.38615832, 32.33136252 ], [ 75.38544282, 32.331792 ], [ 75.38318492, 32.33307403 ], [ 75.37990638, 32.33505273 ], [ 75.37930354, 32.33489349 ], [ 75.37863355, 32.33488211 ], [ 75.37807092, 32.33495046 ], [ 75.3773206, 32.33518935 ], [ 75.3763291, 32.33524619 ], [ 75.37603438, 32.33555339 ], [ 75.37586426, 32.33593533 ], [ 75.37519443, 32.33784644 ], [ 75.37429671, 32.33781231 ], [ 75.37346605, 32.33642447 ], [ 75.37336455, 32.33590761 ], [ 75.37315789, 32.33568511 ], [ 75.37290622, 32.33540367 ], [ 75.37264143, 32.33515276 ], [ 75.37209804, 32.33479598 ], [ 75.3716366, 32.334493 ], [ 75.37039857, 32.33417083 ], [ 75.36940126, 32.33412948 ], [ 75.36828714, 32.33408329 ], [ 75.36623129, 32.33391365 ], [ 75.36525194, 32.33363343 ], [ 75.36495859, 32.33354949 ], [ 75.36336425, 32.33348118 ], [ 75.36272336, 32.33368456 ], [ 75.36201351, 32.33413063 ], [ 75.36169166, 32.33433288 ], [ 75.36245956, 32.33578625 ], [ 75.36265607, 32.33615818 ], [ 75.36154399, 32.33606711 ], [ 75.36066269, 32.33607988 ], [ 75.35943003, 32.336148 ], [ 75.35904149, 32.33622761 ], [ 75.35803651, 32.33663697 ], [ 75.35756973, 32.33681798 ], [ 75.35656478, 32.33698848 ], [ 75.35555996, 32.33705658 ], [ 75.3555725, 32.33759048 ], [ 75.35553369, 32.33839037 ], [ 75.35510711, 32.33897377 ], [ 75.3542349, 32.34002877 ], [ 75.35394107, 32.34038417 ], [ 75.35269469, 32.34143048 ], [ 75.35166983, 32.34222414 ], [ 75.3508228, 32.3429274 ], [ 75.35051945, 32.34344563 ], [ 75.35030602, 32.34386224 ], [ 75.34999802, 32.34446347 ], [ 75.34933846, 32.34500168 ], [ 75.34836343, 32.34512283 ], [ 75.34729184, 32.34491793 ], [ 75.34642608, 32.34498456 ], [ 75.34611289, 32.34500866 ], [ 75.34571837, 32.34503701 ], [ 75.34506552, 32.3450845 ], [ 75.34423734, 32.34514474 ], [ 75.34327269, 32.34534924 ], [ 75.34217718, 32.34574042 ], [ 75.34143043, 32.34610028 ], [ 75.34017161, 32.34480314 ], [ 75.33920757, 32.34368812 ], [ 75.33869879, 32.34284622 ], [ 75.33853064, 32.34210361 ], [ 75.3384638, 32.34180841 ], [ 75.33832822, 32.34120961 ], [ 75.34023109, 32.33952654 ], [ 75.34059087, 32.33907959 ], [ 75.34116564, 32.33836556 ], [ 75.34136122, 32.3381226 ], [ 75.33925792, 32.33596812 ], [ 75.33662655, 32.33730777 ], [ 75.3352542, 32.33523155 ], [ 75.33537949, 32.33428098 ], [ 75.33552298, 32.33319223 ], [ 75.3358676, 32.33056652 ], [ 75.3357118, 32.33005275 ], [ 75.33380971, 32.32832356 ], [ 75.33339006, 32.32798565 ], [ 75.33278906, 32.3275105 ], [ 75.33168235, 32.32693587 ], [ 75.33210457, 32.3266953 ], [ 75.33243792, 32.3265412 ], [ 75.33493706, 32.32481898 ], [ 75.33551533, 32.32442047 ], [ 75.3357852, 32.32423449 ], [ 75.33642479, 32.32343717 ], [ 75.33699631, 32.32272469 ], [ 75.33770518, 32.32184098 ], [ 75.33788581, 32.32073707 ], [ 75.33774078, 32.31895032 ], [ 75.33720604, 32.31802951 ], [ 75.33685382, 32.31742296 ], [ 75.33661329, 32.31661366 ], [ 75.3338879, 32.31593625 ], [ 75.33275103, 32.31602975 ], [ 75.33141956, 32.31470383 ], [ 75.33028282, 32.31289554 ], [ 75.33006915, 32.31255564 ], [ 75.33296171, 32.31179224 ], [ 75.33448116, 32.31159335 ], [ 75.3350082, 32.31152436 ], [ 75.3349897, 32.31090453 ], [ 75.33356814, 32.3110147 ], [ 75.33014031, 32.3071482 ], [ 75.32985936, 32.30683128 ], [ 75.32730691, 32.30475334 ], [ 75.32404227, 32.30251451 ], [ 75.32303091, 32.30148949 ], [ 75.32279566, 32.30125105 ], [ 75.32049649, 32.29738998 ], [ 75.32537822, 32.29566049 ], [ 75.32647995, 32.29552861 ], [ 75.33016357, 32.29548871 ], [ 75.33258852, 32.294429 ], [ 75.33526753, 32.29374461 ], [ 75.33889385, 32.29281814 ], [ 75.34295476, 32.29194588 ], [ 75.35022629, 32.28994979 ], [ 75.34919709, 32.28742901 ], [ 75.3490026, 32.28697504 ], [ 75.34665961, 32.28356241 ], [ 75.3462844, 32.2828555 ], [ 75.3461464, 32.28213469 ], [ 75.3444504, 32.28003391 ], [ 75.34392685, 32.27898547 ], [ 75.34371039, 32.27855199 ], [ 75.34619367, 32.27860891 ], [ 75.35177103, 32.27919971 ], [ 75.35326677, 32.27903096 ], [ 75.35489723, 32.27915125 ], [ 75.3607515, 32.27884801 ], [ 75.37147503, 32.27960799 ], [ 75.3723174, 32.27936305 ], [ 75.37314394, 32.27883489 ], [ 75.37311852, 32.27821953 ], [ 75.373095, 32.27764991 ], [ 75.37410759, 32.27757779 ], [ 75.37515808, 32.27684009 ], [ 75.37787557, 32.27353499 ], [ 75.37814641, 32.27315459 ], [ 75.37844501, 32.27120075 ], [ 75.3784944, 32.27087756 ], [ 75.37858148, 32.2703078 ], [ 75.37975296, 32.26982339 ], [ 75.38185508, 32.26895412 ], [ 75.38069466, 32.26602583 ], [ 75.38012367, 32.2659961 ], [ 75.37874818, 32.2659245 ], [ 75.37788069, 32.26631308 ], [ 75.37658959, 32.26575464 ], [ 75.37577556, 32.26570807 ], [ 75.37434442, 32.2658868 ], [ 75.3735028, 32.26412673 ], [ 75.37131858, 32.25955864 ], [ 75.37083819, 32.25756215 ], [ 75.37097358, 32.24791634 ], [ 75.37093552, 32.2474804 ], [ 75.37049761, 32.24246401 ], [ 75.3742213, 32.24139951 ], [ 75.37300417, 32.23586689 ], [ 75.37281834, 32.23512075 ], [ 75.37240349, 32.23391734 ], [ 75.37312642, 32.22991105 ], [ 75.37320714, 32.228851 ], [ 75.37252767, 32.2268877 ], [ 75.37243433, 32.2260531 ], [ 75.37183649, 32.22493585 ], [ 75.37159758, 32.22470655 ], [ 75.36865794, 32.22619291 ], [ 75.3668008, 32.22472591 ], [ 75.36583678, 32.22392103 ], [ 75.36534958, 32.22151557 ], [ 75.3654744, 32.21993575 ], [ 75.36118223, 32.2189414 ], [ 75.35739091, 32.21806298 ], [ 75.35559962, 32.2183743 ], [ 75.35480584, 32.21835887 ], [ 75.35171553, 32.21794132 ], [ 75.34961591, 32.21766175 ], [ 75.34910904, 32.217697 ], [ 75.34871047, 32.21788337 ], [ 75.34823913, 32.21792785 ], [ 75.34660404, 32.21783232 ], [ 75.3442671, 32.21741636 ], [ 75.34212929, 32.21703081 ], [ 75.33670807, 32.21954566 ], [ 75.33324054, 32.21971659 ], [ 75.33287574, 32.21963495 ], [ 75.33256649, 32.21956205 ], [ 75.33137684, 32.21957785 ], [ 75.33049247, 32.21843366 ], [ 75.32855911, 32.21593223 ], [ 75.32802117, 32.21523619 ], [ 75.32734068, 32.2143557 ], [ 75.32701825, 32.2139385 ], [ 75.32417804, 32.21109218 ], [ 75.31958844, 32.20822644 ], [ 75.3190072, 32.2080881 ], [ 75.31640479, 32.20803742 ], [ 75.32008133, 32.20415136 ], [ 75.3151246, 32.20122112 ], [ 75.31194443, 32.19937849 ], [ 75.31061924, 32.1973988 ], [ 75.31014544, 32.19608021 ], [ 75.31031641, 32.19471528 ], [ 75.31048123, 32.19431543 ], [ 75.31072417, 32.19384995 ], [ 75.3136825, 32.18937929 ], [ 75.31841698, 32.18745204 ], [ 75.3183624, 32.18663945 ], [ 75.31779983, 32.18547685 ], [ 75.31636544, 32.18104803 ], [ 75.32002139, 32.18011243 ], [ 75.32230572, 32.1795278 ], [ 75.32059953, 32.17791877 ], [ 75.31398394, 32.17217775 ], [ 75.31227277, 32.17114176 ], [ 75.31141133, 32.17145057 ], [ 75.30981377, 32.17032686 ], [ 75.30796271, 32.16857173 ], [ 75.30678226, 32.16900683 ], [ 75.30536924, 32.16728168 ], [ 75.30402561, 32.16564118 ], [ 75.30414398, 32.16506731 ], [ 75.30328101, 32.16330581 ], [ 75.30132497, 32.159582 ], [ 75.30014309, 32.15733185 ], [ 75.29964328, 32.15666098 ], [ 75.30035584, 32.15586322 ], [ 75.2994396, 32.15341346 ], [ 75.29820618, 32.15340607 ], [ 75.28816663, 32.1528464 ], [ 75.28781647, 32.15282687 ], [ 75.28730888, 32.15155326 ], [ 75.28535461, 32.15149474 ], [ 75.28233054, 32.14696604 ], [ 75.28344829, 32.1463296 ], [ 75.2816714, 32.1444179 ], [ 75.28015095, 32.14185055 ], [ 75.2789347, 32.13979674 ], [ 75.27726312, 32.13697392 ], [ 75.27972554, 32.13422437 ], [ 75.28183995, 32.13265816 ], [ 75.28339027, 32.13191624 ], [ 75.28227359, 32.1294934 ], [ 75.28158713, 32.12809568 ], [ 75.28154354, 32.12755343 ], [ 75.28147322, 32.1266785 ], [ 75.28144732, 32.12635632 ], [ 75.2813321, 32.12492264 ], [ 75.28137041, 32.12323384 ], [ 75.28138373, 32.12264652 ], [ 75.28012793, 32.12001703 ], [ 75.27960822, 32.11854877 ], [ 75.27935849, 32.11784321 ], [ 75.27761322, 32.11598283 ], [ 75.27483235, 32.11379858 ], [ 75.27456073, 32.11404054 ], [ 75.27326247, 32.11339329 ], [ 75.27187167, 32.11269989 ], [ 75.26990737, 32.11266329 ], [ 75.26798884, 32.1124086 ], [ 75.26676796, 32.1124903 ], [ 75.26555496, 32.11280561 ], [ 75.26561224, 32.11251585 ], [ 75.26572166, 32.11206644 ], [ 75.26454996, 32.11187802 ], [ 75.26273085, 32.11185242 ], [ 75.2617829, 32.11074782 ], [ 75.26158636, 32.11051879 ], [ 75.26612732, 32.10891964 ], [ 75.26631292, 32.10810282 ], [ 75.26645466, 32.10747901 ], [ 75.26617578, 32.10652593 ], [ 75.26483665, 32.10481594 ], [ 75.26367793, 32.10393549 ], [ 75.26263068, 32.10265161 ], [ 75.26217658, 32.10209489 ], [ 75.26126901, 32.1014009 ], [ 75.26045808, 32.10180695 ], [ 75.25819234, 32.10211077 ], [ 75.25745731, 32.10193803 ], [ 75.25697791, 32.10100734 ], [ 75.25480262, 32.10117661 ], [ 75.25107455, 32.10118061 ], [ 75.25045062, 32.10118127 ], [ 75.24797741, 32.10094768 ], [ 75.24510794, 32.09971388 ], [ 75.24091059, 32.09219546 ], [ 75.24023258, 32.09106837 ], [ 75.23597102, 32.09133053 ], [ 75.23141719, 32.09161055 ], [ 75.23036756, 32.09242296 ], [ 75.22923672, 32.0932982 ], [ 75.22989414, 32.09419571 ], [ 75.23073952, 32.0953498 ], [ 75.23118176, 32.09595353 ], [ 75.23167751, 32.09683248 ], [ 75.23435624, 32.10162838 ], [ 75.23543221, 32.10350916 ], [ 75.23472602, 32.10390112 ], [ 75.2327782, 32.10462419 ], [ 75.228419, 32.10624232 ], [ 75.2269551, 32.10677327 ], [ 75.22653427, 32.10576461 ], [ 75.22620101, 32.10343931 ], [ 75.22319496, 32.10241366 ], [ 75.22453867, 32.09895443 ], [ 75.2237038, 32.09816263 ], [ 75.22200645, 32.09965356 ], [ 75.21798777, 32.10318326 ], [ 75.21773279, 32.10340719 ], [ 75.21978417, 32.10665684 ], [ 75.22002035, 32.10716983 ], [ 75.22026327, 32.10773369 ], [ 75.21954145, 32.10800933 ], [ 75.21978234, 32.10867308 ], [ 75.21948636, 32.10919309 ], [ 75.21904831, 32.11065239 ], [ 75.21827151, 32.11351043 ], [ 75.21786543, 32.11462855 ], [ 75.21646575, 32.1184824 ], [ 75.21581188, 32.12103798 ], [ 75.21489089, 32.12095328 ], [ 75.21307271, 32.12036888 ], [ 75.2097572, 32.11991212 ], [ 75.20920416, 32.11993678 ], [ 75.20856978, 32.11996505 ], [ 75.20297488, 32.12021435 ], [ 75.20245773, 32.12023738 ], [ 75.20544272, 32.10907843 ], [ 75.205372, 32.10675863 ], [ 75.20567709, 32.1025494 ], [ 75.20528772, 32.10175302 ], [ 75.20444228, 32.10015077 ], [ 75.20410252, 32.09972842 ], [ 75.20370147, 32.09927322 ], [ 75.20404798, 32.09669155 ], [ 75.2025168, 32.09701649 ], [ 75.19972956, 32.09767163 ], [ 75.19817273, 32.09846158 ], [ 75.19789203, 32.09860614 ], [ 75.19741423, 32.09504326 ], [ 75.19717086, 32.09450771 ], [ 75.19730768, 32.09424339 ], [ 75.19725398, 32.09302525 ], [ 75.19752946, 32.09184045 ], [ 75.19723187, 32.09021771 ], [ 75.1974357, 32.0868232 ], [ 75.19700924, 32.08687217 ], [ 75.19677129, 32.08604322 ], [ 75.19686969, 32.08533569 ], [ 75.19786651, 32.0851161 ], [ 75.19840223, 32.08355242 ], [ 75.19849736, 32.08267099 ], [ 75.19601924, 32.08343644 ], [ 75.18916369, 32.08218211 ], [ 75.18560326, 32.08015193 ], [ 75.17928261, 32.07622853 ], [ 75.17851748, 32.07519491 ], [ 75.17743562, 32.07373338 ], [ 75.17700939, 32.07287858 ], [ 75.17678866, 32.07190207 ], [ 75.17626298, 32.07113114 ], [ 75.17602888, 32.07087375 ], [ 75.17585521, 32.07007499 ], [ 75.17520307, 32.06902042 ], [ 75.17424346, 32.06746861 ], [ 75.17234527, 32.06831024 ], [ 75.17176037, 32.06889333 ], [ 75.16969903, 32.06930464 ], [ 75.16856389, 32.06982157 ], [ 75.16619866, 32.07155648 ], [ 75.16600394, 32.07195257 ], [ 75.16473429, 32.07453509 ], [ 75.16212192, 32.07729871 ], [ 75.16021111, 32.0790073 ], [ 75.1576741, 32.08175368 ], [ 75.15470925, 32.08108073 ], [ 75.14979922, 32.08138598 ], [ 75.14467957, 32.08139772 ], [ 75.14339208, 32.08053097 ], [ 75.1424209, 32.08016111 ], [ 75.14145668, 32.08036064 ], [ 75.13697684, 32.08048207 ], [ 75.1337684, 32.08068738 ], [ 75.12286864, 32.08134302 ], [ 75.12026007, 32.07856528 ], [ 75.1208409, 32.07536939 ], [ 75.11747499, 32.0754267 ], [ 75.11482, 32.0733237 ], [ 75.11342614, 32.07299496 ], [ 75.11315086, 32.07186273 ], [ 75.11172022, 32.07190748 ], [ 75.10857142, 32.07162249 ], [ 75.10668546, 32.06959111 ], [ 75.10889626, 32.06474881 ], [ 75.10768147, 32.06303147 ], [ 75.10613845, 32.06089252 ], [ 75.10612224, 32.06050267 ], [ 75.10489529, 32.05856971 ], [ 75.1032631, 32.05878457 ], [ 75.10195069, 32.05923769 ], [ 75.10170896, 32.0594468 ], [ 75.10071509, 32.06104883 ], [ 75.09992643, 32.06232005 ], [ 75.09971466, 32.0625902 ], [ 75.0980229, 32.06474831 ], [ 75.09766502, 32.06622179 ], [ 75.09568236, 32.06837364 ], [ 75.09317704, 32.07044519 ], [ 75.09150035, 32.07163136 ], [ 75.09120253, 32.07181941 ], [ 75.09102202, 32.07094598 ], [ 75.09021593, 32.06944084 ], [ 75.09041656, 32.06902005 ], [ 75.09033307, 32.06873815 ], [ 75.09059642, 32.06812737 ], [ 75.0914261, 32.06620314 ], [ 75.09157646, 32.06585441 ], [ 75.09125278, 32.06546218 ], [ 75.09007493, 32.06463136 ], [ 75.08694246, 32.0624217 ], [ 75.08403138, 32.0600345 ], [ 75.08027118, 32.05984841 ], [ 75.07535561, 32.0589261 ], [ 75.07303655, 32.05972364 ], [ 75.07335605, 32.06028347 ], [ 75.07226266, 32.06092822 ], [ 75.07171321, 32.06125221 ], [ 75.07107799, 32.06174121 ], [ 75.07049046, 32.06221339 ], [ 75.06979719, 32.06303824 ], [ 75.06893922, 32.06354548 ], [ 75.07150107, 32.06557951 ], [ 75.07042334, 32.0670143 ], [ 75.06893452, 32.06682073 ], [ 75.06868278, 32.06717773 ], [ 75.06760795, 32.0664102 ], [ 75.06413929, 32.06559501 ], [ 75.065532, 32.06472361 ], [ 75.06508672, 32.06434634 ], [ 75.06798747, 32.06239766 ], [ 75.06694203, 32.06154824 ], [ 75.06555822, 32.0601888 ], [ 75.06502926, 32.05966236 ], [ 75.06508212, 32.05899988 ], [ 75.06512558, 32.05866204 ], [ 75.06449724, 32.05796296 ], [ 75.06317533, 32.05646401 ], [ 75.0629312, 32.05622059 ], [ 75.06256655, 32.05581488 ], [ 75.06200812, 32.0552725 ], [ 75.06044291, 32.05450612 ], [ 75.05873158, 32.05278329 ], [ 75.05774603, 32.05308833 ], [ 75.05603596, 32.05361759 ], [ 75.05474083, 32.05401842 ], [ 75.05376125, 32.05432158 ], [ 75.05205779, 32.05350809 ], [ 75.05058783, 32.05276385 ], [ 75.05183846, 32.05148668 ], [ 75.04840053, 32.04858266 ], [ 75.04804497, 32.0482942 ], [ 75.04626908, 32.04706447 ], [ 75.04566603, 32.04646232 ], [ 75.04342772, 32.04514755 ], [ 75.04228577, 32.04396321 ], [ 75.04069347, 32.04267668 ], [ 75.03897003, 32.04294422 ], [ 75.03794504, 32.04367241 ], [ 75.03759609, 32.04392031 ], [ 75.03682323, 32.04446935 ], [ 75.03654892, 32.04478679 ], [ 75.03625755, 32.04512396 ], [ 75.03587271, 32.04579369 ], [ 75.03547441, 32.04648682 ], [ 75.03535319, 32.04681354 ], [ 75.03491296, 32.04800002 ], [ 75.03429606, 32.04884668 ], [ 75.03385257, 32.04926109 ], [ 75.03417761, 32.0494135 ], [ 75.03390553, 32.05010409 ], [ 75.03376742, 32.05070456 ], [ 75.03279217, 32.05097742 ], [ 75.03237649, 32.05109372 ], [ 75.0312974, 32.05054406 ], [ 75.02983021, 32.0497967 ], [ 75.02809182, 32.04922785 ], [ 75.02618134, 32.04864228 ], [ 75.02542972, 32.04840715 ], [ 75.02392438, 32.04769921 ], [ 75.02282747, 32.04807988 ], [ 75.02157267, 32.04858721 ], [ 75.02128051, 32.04841775 ], [ 75.02010097, 32.04770186 ], [ 75.01944552, 32.04735333 ], [ 75.0188857, 32.04702858 ], [ 75.01777082, 32.04478075 ], [ 75.01728891, 32.04380908 ], [ 75.01833589, 32.04303616 ], [ 75.01782895, 32.04194301 ], [ 75.01753382, 32.04217765 ], [ 75.01661696, 32.04290656 ], [ 75.01229217, 32.03576515 ], [ 75.00643221, 32.0374457 ], [ 75.00477932, 32.03757497 ], [ 75.00425932, 32.03893533 ], [ 75.00370865, 32.04037588 ], [ 75.00278131, 32.04355487 ], [ 75.00112014, 32.04117163 ], [ 75.00044227, 32.04122355 ], [ 74.99934882, 32.0413226 ], [ 74.99785907, 32.04162553 ], [ 74.99704456, 32.04179115 ], [ 74.99664457, 32.04185252 ], [ 74.99570946, 32.04190486 ], [ 74.99331485, 32.041526 ], [ 74.99073768, 32.04181045 ], [ 74.98779445, 32.04213525 ], [ 74.98524083, 32.04241702 ], [ 74.9849333, 32.04213324 ], [ 74.98296878, 32.04032339 ], [ 74.98239964, 32.04035618 ], [ 74.97726759, 32.04143013 ], [ 74.97165757, 32.04260391 ], [ 74.97202877, 32.0429737 ], [ 74.97786171, 32.04731042 ], [ 74.97805779, 32.04799548 ], [ 74.97813898, 32.04849158 ], [ 74.9765974, 32.04988415 ], [ 74.97638205, 32.05017169 ], [ 74.97392446, 32.05345306 ], [ 74.97264572, 32.05388043 ], [ 74.96057904, 32.0577358 ], [ 74.95284134, 32.0602004 ], [ 74.95192604, 32.0583283 ], [ 74.95146836, 32.05844605 ], [ 74.94820502, 32.05935324 ], [ 74.94940698, 32.0623146 ], [ 74.94807482, 32.06298694 ], [ 74.94750052, 32.06306576 ], [ 74.9473963, 32.06264613 ], [ 74.94481142, 32.06368538 ], [ 74.94449847, 32.06373772 ], [ 74.9417565, 32.06404966 ], [ 74.94139863, 32.06409037 ], [ 74.94102872, 32.0640777 ], [ 74.93960715, 32.06403368 ], [ 74.9390636, 32.064125 ], [ 74.93702454, 32.06475265 ], [ 74.93588661, 32.06510978 ], [ 74.93548693, 32.06523521 ], [ 74.93444225, 32.06556307 ], [ 74.93197005, 32.06580782 ], [ 74.9316387, 32.06584062 ], [ 74.92942499, 32.06621299 ], [ 74.92795788, 32.06645976 ], [ 74.92596779, 32.06655696 ], [ 74.92519003, 32.06645435 ], [ 74.9243935, 32.06609366 ], [ 74.92398341, 32.06577946 ], [ 74.92411678, 32.06517057 ], [ 74.92210906, 32.06414395 ], [ 74.91892443, 32.06251545 ], [ 74.91805437, 32.06068435 ], [ 74.91736133, 32.0591168 ], [ 74.91758636, 32.05850831 ], [ 74.91755691, 32.05812221 ], [ 74.91709378, 32.05792719 ], [ 74.91633977, 32.05831488 ], [ 74.9129804, 32.05655831 ], [ 74.91257542, 32.05634643 ], [ 74.9122851, 32.05608794 ], [ 74.91238946, 32.05561866 ], [ 74.91263383, 32.05451986 ], [ 74.91270639, 32.05400565 ], [ 74.91039775, 32.05249959 ], [ 74.9097406, 32.05207088 ], [ 74.90842865, 32.05143196 ], [ 74.90476832, 32.05022104 ], [ 74.89768321, 32.05189662 ], [ 74.89442195, 32.05414615 ], [ 74.89346288, 32.05459373 ], [ 74.89157371, 32.05506972 ], [ 74.89138832, 32.05475711 ], [ 74.88987214, 32.05519697 ], [ 74.88914557, 32.05423305 ], [ 74.88856309, 32.0526046 ], [ 74.88734637, 32.05281815 ], [ 74.88333362, 32.05306495 ], [ 74.88177231, 32.05316095 ], [ 74.88118527, 32.05330801 ], [ 74.87954869, 32.0537956 ], [ 74.87760021, 32.05181233 ], [ 74.8754715, 32.05087105 ], [ 74.87486942, 32.04803486 ], [ 74.87422464, 32.04709353 ], [ 74.87268871, 32.04404006 ], [ 74.86924231, 32.04282536 ], [ 74.86921775, 32.04196408 ], [ 74.8689278, 32.04170103 ], [ 74.87258226, 32.04168943 ], [ 74.8724777, 32.04087712 ], [ 74.8728774, 32.04085515 ], [ 74.87640377, 32.03423886 ], [ 74.8768947, 32.03414303 ], [ 74.87759647, 32.03367637 ], [ 74.87993403, 32.03200133 ], [ 74.87694466, 32.02938315 ], [ 74.87466703, 32.02739922 ], [ 74.87436261, 32.02711249 ], [ 74.873499, 32.02629902 ], [ 74.8690037, 32.02211065 ], [ 74.86922166, 32.02797943 ], [ 74.86552373, 32.03042545 ], [ 74.86270336, 32.02953404 ], [ 74.8638902, 32.02457277 ], [ 74.86411331, 32.02432053 ], [ 74.8656223, 32.02322004 ], [ 74.86271618, 32.02248606 ], [ 74.85982907, 32.02175682 ], [ 74.85928107, 32.0216184 ], [ 74.85830226, 32.02149811 ], [ 74.84835503, 32.02047242 ], [ 74.85317424, 32.01354098 ], [ 74.85259292, 32.01304445 ], [ 74.85038973, 32.01126608 ], [ 74.84678384, 32.00831991 ], [ 74.83896938, 32.00844258 ], [ 74.83477028, 32.00435629 ], [ 74.83141878, 32.00109452 ], [ 74.82986281, 31.99958012 ], [ 74.82888874, 31.99861289 ], [ 74.82955503, 31.99374637 ], [ 74.83136083, 31.98085017 ], [ 74.83074665, 31.97975648 ], [ 74.82826769, 31.97534187 ], [ 74.8259986, 31.97069198 ], [ 74.82314213, 31.96683151 ], [ 74.82186613, 31.96472879 ], [ 74.82167347, 31.96440843 ], [ 74.82182015, 31.96369227 ], [ 74.82065599, 31.9613506 ], [ 74.82021594, 31.96061496 ], [ 74.81900932, 31.95873533 ], [ 74.81804897, 31.9592464 ], [ 74.8174149, 31.95933822 ], [ 74.816841, 31.95943198 ], [ 74.81628491, 31.95976166 ], [ 74.81502185, 31.96051046 ], [ 74.81351562, 31.96033336 ], [ 74.81301277, 31.96016435 ], [ 74.81093902, 31.95945032 ], [ 74.81056444, 31.96218208 ], [ 74.81033382, 31.96235338 ], [ 74.80925313, 31.96226578 ], [ 74.80708684, 31.96267464 ], [ 74.80616047, 31.96284946 ], [ 74.8054432, 31.96176859 ], [ 74.80474468, 31.96180387 ], [ 74.8043152, 31.96135058 ], [ 74.80301773, 31.95951661 ], [ 74.8023767, 31.95784222 ], [ 74.80127578, 31.95785873 ], [ 74.79990198, 31.95787931 ], [ 74.79834947, 31.95760975 ], [ 74.79478714, 31.95823093 ], [ 74.7934167, 31.95772839 ], [ 74.7922496, 31.95730041 ], [ 74.78795121, 31.95644161 ], [ 74.78478435, 31.95608185 ], [ 74.78148074, 31.95570649 ], [ 74.77528748, 31.95216012 ], [ 74.77491737, 31.95191821 ], [ 74.76975214, 31.94854187 ], [ 74.76844796, 31.94768931 ], [ 74.76663042, 31.94897897 ], [ 74.76521919, 31.95034551 ], [ 74.76454777, 31.95099565 ], [ 74.76409285, 31.95143614 ], [ 74.76333446, 31.95184989 ], [ 74.76230401, 31.95241206 ], [ 74.76145274, 31.95305704 ], [ 74.76009224, 31.95408785 ], [ 74.75957946, 31.95447636 ], [ 74.7589439, 31.95467993 ], [ 74.75823504, 31.95459477 ], [ 74.75642876, 31.95561582 ], [ 74.75559337, 31.9557542 ], [ 74.75646102, 31.94874818 ], [ 74.75657155, 31.9437001 ], [ 74.75612761, 31.94385929 ], [ 74.75528913, 31.94415997 ], [ 74.7538455, 31.94284623 ], [ 74.75111024, 31.94220738 ], [ 74.74994046, 31.94193415 ], [ 74.7484189, 31.94188209 ], [ 74.74746666, 31.94159169 ], [ 74.74372255, 31.94014575 ], [ 74.74320861, 31.93958747 ], [ 74.74247992, 31.94004499 ], [ 74.73691057, 31.94354154 ], [ 74.73475486, 31.94509812 ], [ 74.73430031, 31.94514705 ], [ 74.73337209, 31.94479421 ], [ 74.73296737, 31.94417092 ], [ 74.73173014, 31.94222368 ], [ 74.7309098, 31.94100199 ], [ 74.72717892, 31.94256414 ], [ 74.72588133, 31.94166955 ], [ 74.72242284, 31.94272259 ], [ 74.72016504, 31.9414279 ], [ 74.72018891, 31.94108221 ], [ 74.72024027, 31.94033844 ], [ 74.71881507, 31.93943727 ], [ 74.71896356, 31.93892873 ], [ 74.71657114, 31.93736043 ], [ 74.7152664, 31.93617311 ], [ 74.71459248, 31.93457683 ], [ 74.71452298, 31.93328301 ], [ 74.71404999, 31.93230734 ], [ 74.71406939, 31.93198887 ], [ 74.71619784, 31.92824844 ], [ 74.71782192, 31.92581398 ], [ 74.71855497, 31.9247151 ], [ 74.7192382, 31.92369089 ], [ 74.71428633, 31.9229184 ], [ 74.71267842, 31.922848 ], [ 74.70773913, 31.92303836 ], [ 74.70652725, 31.92117678 ], [ 74.70071352, 31.92346444 ], [ 74.70061397, 31.92580161 ], [ 74.69860402, 31.92628352 ], [ 74.69738388, 31.92641283 ], [ 74.69455436, 31.92671266 ], [ 74.69084667, 31.92661029 ], [ 74.69086301, 31.92620516 ], [ 74.68247821, 31.92626729 ], [ 74.67719995, 31.9261385 ], [ 74.67684273, 31.92476336 ], [ 74.67672481, 31.92430941 ], [ 74.67607129, 31.92179348 ], [ 74.6756092, 31.92046413 ], [ 74.67496341, 31.91890112 ], [ 74.67429617, 31.91864703 ], [ 74.673665, 31.91948242 ], [ 74.6734119, 31.91985502 ], [ 74.67324014, 31.92028548 ], [ 74.67325127, 31.92083834 ], [ 74.67100856, 31.92154919 ], [ 74.67008243, 31.92180429 ], [ 74.6691118, 31.92207164 ], [ 74.66676721, 31.92267854 ], [ 74.66781011, 31.9206637 ], [ 74.66876105, 31.9193399 ], [ 74.66847409, 31.91832753 ], [ 74.66834565, 31.91787441 ], [ 74.6677448, 31.91841992 ], [ 74.66633053, 31.91739464 ], [ 74.66714932, 31.91686005 ], [ 74.66767771, 31.91651506 ], [ 74.6659354, 31.91517066 ], [ 74.6639794, 31.91366132 ], [ 74.66335261, 31.91317765 ], [ 74.6625928, 31.91431953 ], [ 74.66040093, 31.91354074 ], [ 74.66045698, 31.91257008 ], [ 74.65952628, 31.9114348 ], [ 74.65892388, 31.91030085 ], [ 74.65844052, 31.91028258 ], [ 74.65835044, 31.90984888 ], [ 74.6581479, 31.9088738 ], [ 74.65795918, 31.9053596 ], [ 74.65727541, 31.90401574 ], [ 74.65719433, 31.90356749 ], [ 74.65763544, 31.90188198 ], [ 74.65653806, 31.90100071 ], [ 74.65640194, 31.90055866 ], [ 74.65436307, 31.89960897 ], [ 74.6509293, 31.90215463 ], [ 74.64663544, 31.89669724 ], [ 74.64517644, 31.89426804 ], [ 74.6445118, 31.89445454 ], [ 74.64287894, 31.89310867 ], [ 74.64186008, 31.89188536 ], [ 74.64149698, 31.89092084 ], [ 74.64081478, 31.88989324 ], [ 74.64034529, 31.89028578 ], [ 74.6401405, 31.89049375 ], [ 74.63965412, 31.88996162 ], [ 74.63825617, 31.88802424 ], [ 74.63746601, 31.88648124 ], [ 74.636309, 31.88422179 ], [ 74.63568911, 31.88418142 ], [ 74.63322321, 31.88438583 ], [ 74.63257395, 31.88421476 ], [ 74.62935808, 31.88212426 ], [ 74.6263224, 31.88321058 ], [ 74.62449288, 31.88456882 ], [ 74.62329059, 31.88546138 ], [ 74.62233881, 31.88616794 ], [ 74.61583026, 31.88967018 ], [ 74.61155868, 31.89080694 ], [ 74.61111398, 31.89084518 ], [ 74.61080229, 31.89058269 ], [ 74.60786215, 31.89038596 ], [ 74.60763088, 31.89004579 ], [ 74.60752626, 31.88931713 ], [ 74.60741147, 31.88439875 ], [ 74.60735612, 31.88202642 ], [ 74.60742012, 31.88174636 ], [ 74.6081596, 31.87885798 ], [ 74.60843613, 31.87863776 ], [ 74.61006254, 31.87852226 ], [ 74.60873754, 31.87379078 ], [ 74.60803683, 31.87203758 ], [ 74.60663414, 31.86852782 ], [ 74.6062807, 31.8683997 ], [ 74.6055636, 31.86839657 ], [ 74.60490562, 31.86836487 ], [ 74.60397428, 31.86838963 ], [ 74.59996337, 31.86860183 ], [ 74.59800977, 31.86800032 ], [ 74.59720779, 31.86738194 ], [ 74.59606258, 31.86582726 ], [ 74.5958132, 31.86537116 ], [ 74.59484382, 31.86359815 ], [ 74.59419772, 31.86241639 ], [ 74.59356433, 31.86099741 ], [ 74.59328171, 31.86036425 ], [ 74.59248176, 31.85857205 ], [ 74.59219843, 31.85787656 ], [ 74.59163932, 31.85537118 ], [ 74.59149969, 31.85434118 ], [ 74.59131866, 31.85300567 ], [ 74.59062871, 31.84857974 ], [ 74.58464964, 31.85079183 ], [ 74.58408497, 31.85107125 ], [ 74.58333182, 31.85187574 ], [ 74.58288948, 31.85133925 ], [ 74.57888825, 31.84620316 ], [ 74.57613572, 31.84382269 ], [ 74.57413767, 31.84017731 ], [ 74.5739767, 31.8398836 ], [ 74.57316333, 31.83839955 ], [ 74.57212738, 31.83882123 ], [ 74.57070161, 31.83694341 ], [ 74.57071951, 31.83266953 ], [ 74.57044213, 31.82811754 ], [ 74.57067764, 31.82536148 ], [ 74.5708525, 31.82331498 ], [ 74.57122395, 31.81896763 ], [ 74.57154553, 31.81846459 ], [ 74.57306499, 31.81601205 ], [ 74.57050982, 31.81357811 ], [ 74.57014977, 31.81325544 ], [ 74.56929174, 31.81267225 ], [ 74.5680693, 31.81138547 ], [ 74.56531214, 31.8085208 ], [ 74.56363395, 31.80871168 ], [ 74.55791816, 31.80476037 ], [ 74.55948456, 31.80357293 ], [ 74.56079466, 31.80280497 ], [ 74.56068609, 31.80247334 ], [ 74.56256489, 31.80110656 ], [ 74.56450517, 31.79972378 ], [ 74.56630499, 31.79805142 ], [ 74.56711923, 31.7963998 ], [ 74.56394443, 31.7952895 ], [ 74.5632797, 31.79494599 ], [ 74.56263214, 31.79461135 ], [ 74.56200662, 31.79428809 ], [ 74.55923219, 31.79359926 ], [ 74.55838056, 31.79323292 ], [ 74.55788825, 31.7929617 ], [ 74.55748166, 31.7927377 ], [ 74.55670192, 31.79181846 ], [ 74.55561463, 31.79135206 ], [ 74.55525855, 31.78617284 ], [ 74.55484647, 31.78522539 ], [ 74.55436437, 31.78471691 ], [ 74.55406726, 31.78438398 ], [ 74.55234935, 31.7825799 ], [ 74.55140517, 31.77897494 ], [ 74.55138094, 31.77863849 ], [ 74.55175074, 31.7780541 ], [ 74.55425127, 31.77511248 ], [ 74.55453657, 31.77407665 ], [ 74.55508497, 31.77322751 ], [ 74.55518364, 31.77286393 ], [ 74.55520295, 31.77252015 ], [ 74.55573896, 31.77191583 ], [ 74.55617624, 31.77142283 ], [ 74.55686966, 31.77049497 ], [ 74.55637371, 31.77014732 ], [ 74.5561146, 31.76966767 ], [ 74.55567279, 31.76759117 ], [ 74.55518157, 31.76718559 ], [ 74.55489897, 31.76693232 ], [ 74.55563245, 31.76631583 ], [ 74.55687813, 31.76558288 ], [ 74.55766042, 31.76512258 ], [ 74.55895554, 31.76455269 ], [ 74.56137979, 31.76348589 ], [ 74.56179159, 31.76330467 ], [ 74.56114397, 31.76222972 ], [ 74.56054135, 31.76122601 ], [ 74.56043679, 31.76094204 ], [ 74.56019407, 31.76021713 ], [ 74.56030045, 31.75978571 ], [ 74.55982386, 31.75942083 ], [ 74.55963569, 31.75901302 ], [ 74.55951917, 31.75843594 ], [ 74.55940086, 31.75787562 ], [ 74.55788654, 31.75681453 ], [ 74.55230699, 31.75378954 ], [ 74.54993188, 31.75278376 ], [ 74.54732635, 31.75215713 ], [ 74.54702713, 31.75145589 ], [ 74.54743346, 31.74934699 ], [ 74.53758982, 31.74842479 ], [ 74.53295861, 31.74830057 ], [ 74.53092874, 31.74779026 ], [ 74.53027124, 31.74755754 ], [ 74.52731498, 31.74651113 ], [ 74.52697106, 31.7465146 ], [ 74.52147736, 31.74370407 ], [ 74.51386707, 31.74012298 ], [ 74.51152684, 31.74055363 ], [ 74.51048193, 31.74107808 ], [ 74.50888182, 31.74224821 ], [ 74.50370384, 31.74047762 ], [ 74.50404881, 31.74024567 ], [ 74.50391562, 31.73865101 ], [ 74.50371429, 31.73677697 ], [ 74.50283429, 31.73335771 ], [ 74.50283639, 31.73293208 ], [ 74.50284676, 31.73082755 ], [ 74.50288845, 31.72899971 ], [ 74.50300524, 31.72852387 ], [ 74.50015376, 31.72829982 ], [ 74.49844947, 31.72728749 ], [ 74.4957769, 31.72617478 ], [ 74.49409917, 31.72547623 ], [ 74.49340363, 31.72518662 ], [ 74.49279126, 31.72430819 ], [ 74.49218536, 31.72400206 ], [ 74.49152917, 31.72371323 ], [ 74.49074204, 31.72373575 ], [ 74.49062905, 31.72322592 ], [ 74.49062999, 31.72293721 ], [ 74.48962263, 31.72227085 ], [ 74.48944523, 31.72201318 ], [ 74.48808462, 31.72003701 ], [ 74.48695312, 31.71622214 ], [ 74.48660579, 31.71503089 ], [ 74.49011305, 31.71324926 ], [ 74.49167238, 31.71247338 ], [ 74.49420935, 31.7114746 ], [ 74.49771253, 31.71009534 ], [ 74.49932394, 31.70946087 ], [ 74.49991977, 31.70785148 ], [ 74.49930506, 31.70742673 ], [ 74.50157993, 31.70401325 ], [ 74.50342357, 31.70265427 ], [ 74.50338557, 31.7023626 ], [ 74.5026113, 31.70114029 ], [ 74.50266718, 31.70065025 ], [ 74.50236303, 31.69934725 ], [ 74.50272613, 31.69878844 ], [ 74.50245682, 31.69825582 ], [ 74.5020282, 31.6978653 ], [ 74.5017339, 31.69751154 ], [ 74.50216479, 31.69705238 ], [ 74.50166286, 31.69652295 ], [ 74.50230545, 31.69606758 ], [ 74.50195448, 31.69575742 ], [ 74.50285682, 31.69521211 ], [ 74.50333463, 31.69508111 ], [ 74.50419244, 31.69490559 ], [ 74.50517261, 31.69444328 ], [ 74.50678788, 31.69397715 ], [ 74.50779217, 31.6931318 ], [ 74.50852717, 31.69284378 ], [ 74.50953218, 31.69217227 ], [ 74.50993021, 31.69203874 ], [ 74.51097205, 31.69173224 ], [ 74.51461934, 31.69014663 ], [ 74.51755777, 31.68849522 ], [ 74.51878987, 31.68819581 ], [ 74.52013263, 31.68767552 ], [ 74.52076143, 31.68743186 ], [ 74.52108484, 31.68740988 ], [ 74.52170129, 31.68736797 ], [ 74.52297211, 31.68689029 ], [ 74.52340362, 31.68692327 ], [ 74.52411171, 31.68697739 ], [ 74.52438188, 31.68643468 ], [ 74.52514524, 31.68580858 ], [ 74.52529724, 31.68554979 ], [ 74.52630088, 31.68421977 ], [ 74.52668876, 31.68390806 ], [ 74.52756645, 31.68320274 ], [ 74.52831411, 31.68260189 ], [ 74.52895609, 31.68221584 ], [ 74.53118927, 31.68151142 ], [ 74.53158535, 31.68125694 ], [ 74.53199719, 31.68092448 ], [ 74.5323502, 31.67998221 ], [ 74.53248685, 31.67853609 ], [ 74.53292965, 31.67848244 ], [ 74.53445098, 31.67821898 ], [ 74.53474107, 31.67767224 ], [ 74.53504361, 31.67726019 ], [ 74.5347218, 31.67593918 ], [ 74.53409861, 31.67507318 ], [ 74.53413076, 31.67480205 ], [ 74.53429383, 31.67342696 ], [ 74.53361987, 31.67311185 ], [ 74.53206706, 31.67196538 ], [ 74.52951696, 31.66930021 ], [ 74.52935447, 31.66893803 ], [ 74.52876922, 31.66658626 ], [ 74.52980656, 31.6662988 ], [ 74.53086697, 31.66624318 ], [ 74.53115406, 31.66611667 ], [ 74.53463596, 31.66374018 ], [ 74.53748001, 31.66222535 ], [ 74.53882894, 31.66118017 ], [ 74.54023395, 31.66003873 ], [ 74.53994902, 31.65885211 ], [ 74.53889818, 31.65734948 ], [ 74.53800665, 31.65664746 ], [ 74.53814491, 31.65626165 ], [ 74.53770349, 31.65553278 ], [ 74.53728886, 31.65549582 ], [ 74.53750863, 31.65497037 ], [ 74.53705665, 31.65489132 ], [ 74.53750775, 31.65400132 ], [ 74.53730135, 31.653278 ], [ 74.53853398, 31.64964526 ], [ 74.53908558, 31.64844046 ], [ 74.53946998, 31.64809842 ], [ 74.54090307, 31.6474539 ], [ 74.54109274, 31.64674795 ], [ 74.54192933, 31.64697074 ], [ 74.54484777, 31.64845599 ], [ 74.54541692, 31.64772623 ], [ 74.5463039, 31.6462539 ], [ 74.54665863, 31.64566493 ], [ 74.54677945, 31.64471885 ], [ 74.54760641, 31.6429457 ], [ 74.54794497, 31.64126297 ], [ 74.54801607, 31.64090959 ], [ 74.54797225, 31.63910585 ], [ 74.54779984, 31.63875681 ], [ 74.54745781, 31.63806436 ], [ 74.54671244, 31.63652931 ], [ 74.54693919, 31.63425722 ], [ 74.54706986, 31.6339894 ], [ 74.54725177, 31.63362356 ], [ 74.54634502, 31.63317946 ], [ 74.54761339, 31.63172439 ], [ 74.54829443, 31.63045517 ], [ 74.54974861, 31.62689239 ], [ 74.55147334, 31.62417295 ], [ 74.55167981, 31.62361322 ], [ 74.55176339, 31.62317333 ], [ 74.55182566, 31.62284382 ], [ 74.55196662, 31.62209804 ], [ 74.55181751, 31.6209325 ], [ 74.55143416, 31.61999381 ], [ 74.55106724, 31.61913532 ], [ 74.55106149, 31.61762326 ], [ 74.55215474, 31.61636168 ], [ 74.55454127, 31.61447401 ], [ 74.55521993, 31.61361761 ], [ 74.55455778, 31.61315436 ], [ 74.55542916, 31.61230738 ], [ 74.55627208, 31.6113434 ], [ 74.55622157, 31.61064127 ], [ 74.55531664, 31.60784039 ], [ 74.55959017, 31.60714532 ], [ 74.56284033, 31.60748786 ], [ 74.56776539, 31.6067875 ], [ 74.56908177, 31.60645419 ], [ 74.56948418, 31.60613789 ], [ 74.57065773, 31.60597405 ], [ 74.57309604, 31.60528509 ], [ 74.57304381, 31.60435353 ], [ 74.57317171, 31.60398659 ], [ 74.57350799, 31.60395748 ], [ 74.57473248, 31.60395275 ], [ 74.57534063, 31.60387441 ], [ 74.57554246, 31.60114947 ], [ 74.57569797, 31.60083639 ], [ 74.57624954, 31.6005042 ], [ 74.57828852, 31.59997648 ], [ 74.57849885, 31.59963496 ], [ 74.57737805, 31.59924639 ], [ 74.57712989, 31.59842255 ], [ 74.57505986, 31.5985026 ], [ 74.5748476, 31.5981761 ], [ 74.57498099, 31.59750871 ], [ 74.57525433, 31.59714894 ], [ 74.57629471, 31.59588243 ], [ 74.57704738, 31.59526191 ], [ 74.57747345, 31.59510063 ], [ 74.57791068, 31.59506786 ], [ 74.57880433, 31.59500089 ], [ 74.57951873, 31.59471136 ], [ 74.58029894, 31.59439516 ], [ 74.58080438, 31.59419031 ], [ 74.58098556, 31.59352129 ], [ 74.58095822, 31.5925823 ], [ 74.58112998, 31.59227198 ], [ 74.58140265, 31.59175274 ], [ 74.58140837, 31.59130274 ], [ 74.58141257, 31.59097184 ], [ 74.58091488, 31.5909688 ], [ 74.58096145, 31.59018811 ], [ 74.58139159, 31.58893523 ], [ 74.5819267, 31.58804348 ], [ 74.5809217, 31.58725621 ], [ 74.58153351, 31.58670725 ], [ 74.58213197, 31.58637819 ], [ 74.5845437, 31.58506618 ], [ 74.58521592, 31.58557934 ], [ 74.58577575, 31.58514052 ], [ 74.58540871, 31.58487116 ], [ 74.58513218, 31.58466822 ], [ 74.58595827, 31.5841162 ], [ 74.58687674, 31.58350244 ], [ 74.58664306, 31.58319936 ], [ 74.58593044, 31.58227508 ], [ 74.58555588, 31.58146898 ], [ 74.58659279, 31.58052205 ], [ 74.58892549, 31.57923512 ], [ 74.58933086, 31.57901148 ], [ 74.59174893, 31.57687172 ], [ 74.5924152, 31.57541212 ], [ 74.59236233, 31.5749046 ], [ 74.59232086, 31.57450644 ], [ 74.59227968, 31.57411113 ], [ 74.5956039, 31.57349574 ], [ 74.59955042, 31.57314859 ], [ 74.60025831, 31.57301892 ], [ 74.60157982, 31.57276323 ], [ 74.60718188, 31.5699498 ], [ 74.60828073, 31.56935423 ], [ 74.60889705, 31.56912801 ], [ 74.60921625, 31.5689819 ], [ 74.60958433, 31.56812688 ], [ 74.61059491, 31.56757496 ], [ 74.61084909, 31.56733652 ], [ 74.6110591, 31.56713951 ], [ 74.61139006, 31.56721002 ], [ 74.61184014, 31.56822936 ], [ 74.61273808, 31.56829837 ], [ 74.61303868, 31.56877519 ], [ 74.61329835, 31.56892934 ], [ 74.61516256, 31.56909452 ], [ 74.61551188, 31.56900564 ], [ 74.61569354, 31.56837614 ], [ 74.61501074, 31.56806556 ], [ 74.61437954, 31.56752095 ], [ 74.6139217, 31.56747895 ], [ 74.61340061, 31.56714718 ], [ 74.61250416, 31.56728826 ], [ 74.61201765, 31.56732316 ], [ 74.61144377, 31.56653172 ], [ 74.61006401, 31.5667111 ], [ 74.60922166, 31.56665524 ], [ 74.60889331, 31.56662542 ], [ 74.6083384, 31.56533118 ], [ 74.60779227, 31.56469301 ], [ 74.60706436, 31.5638424 ], [ 74.60694086, 31.56343875 ], [ 74.60682722, 31.56303588 ], [ 74.60684078, 31.56265023 ], [ 74.60732098, 31.56228845 ], [ 74.60877579, 31.56151454 ], [ 74.61097557, 31.56028421 ], [ 74.61080507, 31.55913272 ], [ 74.61108336, 31.55895944 ], [ 74.61395364, 31.55786708 ], [ 74.61591356, 31.55759015 ], [ 74.61614952, 31.55739606 ], [ 74.61663287, 31.55650581 ], [ 74.61696782, 31.55325801 ], [ 74.61829525, 31.55277179 ], [ 74.61865037, 31.55161954 ], [ 74.6185211, 31.55137769 ], [ 74.61808085, 31.55118883 ], [ 74.61681974, 31.55134118 ], [ 74.616127, 31.55141207 ], [ 74.61541201, 31.55138902 ], [ 74.61444922, 31.55108623 ], [ 74.61459474, 31.54916197 ], [ 74.61451261, 31.54762207 ], [ 74.61490024, 31.54669209 ], [ 74.61504531, 31.54574442 ], [ 74.61496155, 31.54421984 ], [ 74.61444646, 31.54378159 ], [ 74.6140063, 31.5434071 ], [ 74.61294904, 31.54333538 ], [ 74.61286487, 31.54301996 ], [ 74.61283703, 31.54266785 ], [ 74.61273117, 31.54104639 ], [ 74.61291979, 31.54068703 ], [ 74.61308746, 31.54036757 ], [ 74.61349059, 31.53775181 ], [ 74.61425794, 31.5352215 ], [ 74.61356028, 31.53400718 ], [ 74.61327432, 31.53350945 ], [ 74.61317489, 31.5332305 ], [ 74.61243827, 31.53116395 ], [ 74.61223666, 31.53059832 ], [ 74.61256248, 31.52899408 ], [ 74.61284234, 31.52761609 ], [ 74.61277686, 31.52720959 ], [ 74.61123106, 31.52716084 ], [ 74.61042478, 31.52712294 ], [ 74.60988798, 31.52709771 ], [ 74.60870547, 31.52670892 ], [ 74.60651638, 31.52534561 ], [ 74.60527738, 31.5246328 ], [ 74.60407287, 31.52411188 ], [ 74.60227683, 31.52452364 ], [ 74.60029202, 31.52466565 ], [ 74.59747735, 31.52555246 ], [ 74.5963903, 31.52589493 ], [ 74.59595878, 31.52603088 ], [ 74.59493175, 31.52542619 ], [ 74.59279485, 31.52346435 ], [ 74.59148571, 31.52289901 ], [ 74.58936743, 31.52232591 ], [ 74.588943, 31.52163001 ], [ 74.58636039, 31.52158376 ], [ 74.58522781, 31.52109445 ], [ 74.58431084, 31.52086741 ], [ 74.5836961, 31.51926634 ], [ 74.5827701, 31.51685457 ], [ 74.582753, 31.51656997 ], [ 74.58271615, 31.51595661 ], [ 74.58270928, 31.51565103 ], [ 74.58294345, 31.51509593 ], [ 74.58293281, 31.51465693 ], [ 74.58247657, 31.51337895 ], [ 74.58160272, 31.51232661 ], [ 74.58056947, 31.5116771 ], [ 74.58025944, 31.51148221 ], [ 74.58036821, 31.51103612 ], [ 74.58141239, 31.51107231 ], [ 74.58184859, 31.51094676 ], [ 74.58200906, 31.51069523 ], [ 74.58253518, 31.5105197 ], [ 74.58364825, 31.51026519 ], [ 74.58361704, 31.50933912 ], [ 74.58321267, 31.50916523 ], [ 74.58317043, 31.50886048 ], [ 74.58335817, 31.50802229 ], [ 74.58370057, 31.50781346 ], [ 74.58406827, 31.50758221 ], [ 74.58403584, 31.50694881 ], [ 74.58344967, 31.50672352 ], [ 74.58314268, 31.50681302 ], [ 74.58288111, 31.50717805 ], [ 74.58237851, 31.50787899 ], [ 74.58188165, 31.50804506 ], [ 74.58020963, 31.50795354 ], [ 74.57997424, 31.50772541 ], [ 74.58005426, 31.50714047 ], [ 74.58027713, 31.50653452 ], [ 74.58116164, 31.50677822 ], [ 74.58171192, 31.5067301 ], [ 74.58629233, 31.50485176 ], [ 74.587202, 31.50426623 ], [ 74.58711007, 31.50398814 ], [ 74.58520169, 31.50082336 ], [ 74.58447471, 31.50039491 ], [ 74.5836139, 31.50073347 ], [ 74.58326607, 31.50074731 ], [ 74.58278931, 31.50053301 ], [ 74.58218188, 31.50063449 ], [ 74.58163752, 31.5006832 ], [ 74.58115317, 31.49898395 ], [ 74.58047359, 31.49910436 ], [ 74.57998878, 31.50019829 ], [ 74.5796691, 31.50054067 ], [ 74.57897455, 31.50049356 ], [ 74.57874333, 31.49994159 ], [ 74.57843216, 31.4998878 ], [ 74.57835684, 31.50070666 ], [ 74.57770879, 31.50098798 ], [ 74.57657689, 31.50147932 ], [ 74.57616253, 31.50162436 ], [ 74.57541318, 31.5015509 ], [ 74.5752649, 31.50105469 ], [ 74.57578325, 31.50053784 ], [ 74.57609494, 31.50027292 ], [ 74.5771819, 31.49934904 ], [ 74.57742488, 31.49914252 ], [ 74.57764519, 31.49886919 ], [ 74.57788914, 31.49855876 ], [ 74.57948878, 31.49848232 ], [ 74.58014054, 31.49845117 ], [ 74.58195068, 31.49768954 ], [ 74.58276392, 31.49711596 ], [ 74.5833074, 31.49705104 ], [ 74.58393479, 31.49666381 ], [ 74.58623067, 31.49640828 ], [ 74.5868022, 31.49634467 ], [ 74.58728422, 31.49629101 ], [ 74.58857627, 31.49662535 ], [ 74.58854811, 31.49713179 ], [ 74.59297311, 31.49635556 ], [ 74.59336785, 31.496298 ], [ 74.59366311, 31.49644102 ], [ 74.59442428, 31.49808124 ], [ 74.59437092, 31.49893254 ], [ 74.59431173, 31.49987669 ], [ 74.59429121, 31.50020405 ], [ 74.59436793, 31.50087135 ], [ 74.59487314, 31.50152429 ], [ 74.59800359, 31.50102373 ], [ 74.59830838, 31.50070219 ], [ 74.59903058, 31.49994029 ], [ 74.59940849, 31.49984698 ], [ 74.60132873, 31.50000135 ], [ 74.60258084, 31.50039042 ], [ 74.60300636, 31.50052264 ], [ 74.60325602, 31.50025297 ], [ 74.60374494, 31.49992182 ], [ 74.60413496, 31.49881468 ], [ 74.60445257, 31.49867573 ], [ 74.60636498, 31.49852526 ], [ 74.60668716, 31.49952107 ], [ 74.60677506, 31.49977262 ], [ 74.6080266, 31.49963321 ], [ 74.6091742, 31.4999384 ], [ 74.60976764, 31.49987022 ], [ 74.61089352, 31.4990493 ], [ 74.61231003, 31.49740344 ], [ 74.61303612, 31.49621735 ], [ 74.61343037, 31.4949 ], [ 74.61367837, 31.49407135 ], [ 74.61357818, 31.49187492 ], [ 74.61429833, 31.48957782 ], [ 74.61449259, 31.48912074 ], [ 74.61642616, 31.48674084 ], [ 74.61686965, 31.48626602 ], [ 74.61759919, 31.48580704 ], [ 74.61862384, 31.48545845 ], [ 74.61866895, 31.48511659 ], [ 74.62171994, 31.48521597 ], [ 74.622178, 31.48516533 ], [ 74.62226151, 31.48473425 ], [ 74.62223058, 31.48445017 ], [ 74.62177607, 31.48304196 ], [ 74.62240987, 31.48260115 ], [ 74.62244116, 31.48192707 ], [ 74.62282057, 31.48179162 ], [ 74.6230517, 31.48227045 ], [ 74.62326652, 31.48289174 ], [ 74.62350584, 31.48324519 ], [ 74.62382595, 31.48333799 ], [ 74.62445918, 31.48323099 ], [ 74.62575554, 31.48277529 ], [ 74.62598616, 31.48366228 ], [ 74.62511783, 31.48391585 ], [ 74.6250821, 31.48593835 ], [ 74.62547353, 31.48591334 ], [ 74.62672972, 31.48569601 ], [ 74.62737182, 31.48582738 ], [ 74.62770238, 31.48591452 ], [ 74.62817249, 31.48562906 ], [ 74.62969698, 31.48644883 ], [ 74.62999147, 31.48633025 ], [ 74.6307274, 31.48603391 ], [ 74.63107687, 31.48589319 ], [ 74.63192364, 31.48656822 ], [ 74.6322287, 31.4866496 ], [ 74.63248515, 31.48606217 ], [ 74.63292244, 31.4858069 ], [ 74.63337833, 31.48561166 ], [ 74.63463918, 31.48559776 ], [ 74.63541458, 31.48540529 ], [ 74.63642568, 31.48469439 ], [ 74.63606757, 31.48435513 ], [ 74.63532737, 31.48448645 ], [ 74.63485947, 31.4845453 ], [ 74.63460276, 31.48428052 ], [ 74.63408116, 31.48371866 ], [ 74.63367025, 31.4825437 ], [ 74.63324773, 31.48234698 ], [ 74.63257834, 31.48224857 ], [ 74.63142568, 31.48148001 ], [ 74.63114134, 31.48170671 ], [ 74.63092467, 31.48189272 ], [ 74.63079673, 31.48223379 ], [ 74.63092422, 31.48300824 ], [ 74.63068201, 31.48339959 ], [ 74.63023768, 31.48368315 ], [ 74.62976053, 31.48398764 ], [ 74.62934205, 31.48386901 ], [ 74.62915986, 31.48343086 ], [ 74.62890397, 31.48260508 ], [ 74.62944188, 31.482166 ], [ 74.62914685, 31.48162713 ], [ 74.62800341, 31.48018898 ], [ 74.62829572, 31.47927389 ], [ 74.62900108, 31.47868996 ], [ 74.62862848, 31.47821181 ], [ 74.62797684, 31.47742291 ], [ 74.62754639, 31.47690179 ], [ 74.62810428, 31.47654244 ], [ 74.62857096, 31.47650637 ], [ 74.62898148, 31.4767861 ], [ 74.62942894, 31.47713096 ], [ 74.63015316, 31.47679169 ], [ 74.63051225, 31.47686351 ], [ 74.63111799, 31.4766986 ], [ 74.63163709, 31.47674456 ], [ 74.63194663, 31.47689536 ], [ 74.63229211, 31.47791811 ], [ 74.63259787, 31.47798769 ], [ 74.63396423, 31.47776957 ], [ 74.63442451, 31.47779411 ], [ 74.63532268, 31.47783258 ], [ 74.6361, 31.47759273 ], [ 74.63593605, 31.47710099 ], [ 74.63642614, 31.47660357 ], [ 74.63665774, 31.47625245 ], [ 74.6372228, 31.47539579 ], [ 74.63785112, 31.47444012 ], [ 74.63826716, 31.47335781 ], [ 74.63844711, 31.47288966 ], [ 74.64026338, 31.47156009 ], [ 74.64103127, 31.47099795 ], [ 74.64236863, 31.47001891 ], [ 74.64399447, 31.46913096 ], [ 74.64555042, 31.46747585 ], [ 74.64578272, 31.46722399 ], [ 74.64622224, 31.46684557 ], [ 74.64700232, 31.46617392 ], [ 74.64767236, 31.465597 ], [ 74.64813501, 31.46448198 ], [ 74.6483513, 31.46396068 ], [ 74.64917721, 31.46279426 ], [ 74.64939535, 31.46227525 ], [ 74.65014821, 31.46048395 ], [ 74.65089331, 31.45929207 ], [ 74.65213787, 31.4573012 ], [ 74.65233311, 31.45690111 ], [ 74.65259909, 31.45635603 ], [ 74.65310429, 31.4553207 ], [ 74.65315323, 31.45500214 ], [ 74.65314421, 31.45450068 ], [ 74.65279846, 31.45425064 ], [ 74.65128341, 31.45199242 ], [ 74.65027548, 31.45206636 ], [ 74.6483311, 31.45181791 ], [ 74.64771699, 31.45173943 ], [ 74.64643402, 31.45138817 ], [ 74.64491967, 31.45097354 ], [ 74.64409921, 31.45074889 ], [ 74.64323209, 31.45023632 ], [ 74.64297672, 31.45008537 ], [ 74.6422244, 31.44964065 ], [ 74.6415754, 31.44917149 ], [ 74.64103772, 31.4487828 ], [ 74.64018037, 31.44816301 ], [ 74.63969026, 31.4474934 ], [ 74.63907876, 31.4465251 ], [ 74.63891672, 31.44580572 ], [ 74.63860021, 31.44439611 ], [ 74.63910282, 31.44254986 ], [ 74.63931676, 31.44177942 ], [ 74.63951522, 31.44106469 ], [ 74.64017009, 31.44039447 ], [ 74.64096653, 31.4402223 ], [ 74.64127087, 31.43960749 ], [ 74.64154737, 31.43940982 ], [ 74.64219449, 31.43924221 ], [ 74.64230817, 31.43787279 ], [ 74.64300313, 31.43757851 ], [ 74.64302182, 31.43675392 ], [ 74.64329107, 31.43645688 ], [ 74.64556726, 31.43514514 ], [ 74.64594561, 31.4348493 ], [ 74.64617663, 31.43400809 ], [ 74.64654675, 31.43394237 ], [ 74.64689896, 31.43383827 ], [ 74.64739404, 31.43335725 ], [ 74.64767062, 31.43242053 ], [ 74.65013163, 31.43080368 ], [ 74.65262397, 31.42864713 ], [ 74.6532466, 31.42825135 ], [ 74.65389315, 31.42779103 ], [ 74.65436242, 31.42707358 ], [ 74.65456499, 31.42631201 ], [ 74.65448806, 31.42584054 ], [ 74.65357858, 31.42543707 ], [ 74.65316296, 31.42557034 ], [ 74.65190634, 31.42641908 ], [ 74.6500107, 31.42487008 ], [ 74.64957674, 31.42451546 ], [ 74.64917442, 31.42427483 ], [ 74.64809693, 31.42363038 ], [ 74.64717725, 31.42244928 ], [ 74.64653402, 31.42107049 ], [ 74.64565657, 31.42046904 ], [ 74.64565798, 31.41862347 ], [ 74.64512215, 31.4179206 ], [ 74.64416625, 31.41757272 ], [ 74.64357501, 31.41610801 ], [ 74.64322138, 31.4160438 ], [ 74.64204818, 31.41617307 ], [ 74.64122819, 31.41656988 ], [ 74.64028787, 31.41702491 ], [ 74.63966426, 31.41682679 ], [ 74.63926994, 31.41697941 ], [ 74.63882975, 31.41754842 ], [ 74.63760339, 31.41799918 ], [ 74.63726451, 31.4183741 ], [ 74.63677809, 31.41835022 ], [ 74.63545151, 31.41877026 ], [ 74.633606, 31.41871923 ], [ 74.63349811, 31.4190298 ], [ 74.6325789, 31.42167571 ], [ 74.63249197, 31.42195294 ], [ 74.6322145, 31.42373482 ], [ 74.63208972, 31.42453617 ], [ 74.63167342, 31.42479146 ], [ 74.63137331, 31.42547225 ], [ 74.62965105, 31.42562176 ], [ 74.62923832, 31.42588264 ], [ 74.62856431, 31.42698552 ], [ 74.62774646, 31.42907416 ], [ 74.62751164, 31.42930224 ], [ 74.62633761, 31.42943198 ], [ 74.62243224, 31.43012244 ], [ 74.62187029, 31.42852307 ], [ 74.62168792, 31.4275777 ], [ 74.62112573, 31.42467232 ], [ 74.62102901, 31.42442157 ], [ 74.62064819, 31.42343422 ], [ 74.62031948, 31.42286079 ], [ 74.619848, 31.42200068 ], [ 74.61928129, 31.42009983 ], [ 74.61889679, 31.42000634 ], [ 74.61668296, 31.42061966 ], [ 74.61464622, 31.42167584 ], [ 74.6140009, 31.42183263 ], [ 74.61156642, 31.42242688 ], [ 74.61082114, 31.42277588 ], [ 74.60893293, 31.42366008 ], [ 74.60874192, 31.42209434 ], [ 74.60766396, 31.42129698 ], [ 74.60700917, 31.42049321 ], [ 74.60617434, 31.42026702 ], [ 74.60558854, 31.4201083 ], [ 74.60528536, 31.41970184 ], [ 74.60434782, 31.41986126 ], [ 74.60391349, 31.42005977 ], [ 74.60311585, 31.42041477 ], [ 74.60254415, 31.42049731 ], [ 74.60232484, 31.42009541 ], [ 74.60140932, 31.41986099 ], [ 74.60244218, 31.41830785 ], [ 74.60269333, 31.41793018 ], [ 74.6028595, 31.4174518 ], [ 74.60259073, 31.41575673 ], [ 74.60141654, 31.41560961 ], [ 74.60066382, 31.41554596 ], [ 74.59997088, 31.41566388 ], [ 74.59746476, 31.41609029 ], [ 74.59662097, 31.41623386 ], [ 74.59616615, 31.41322161 ], [ 74.59583497, 31.41273924 ], [ 74.59541302, 31.41239262 ], [ 74.59423638, 31.41050683 ], [ 74.59433892, 31.40838842 ], [ 74.59416889, 31.40780269 ], [ 74.59235364, 31.40566092 ], [ 74.5909322, 31.40193283 ], [ 74.5905755, 31.40099726 ], [ 74.58988616, 31.40073845 ], [ 74.58886459, 31.39972706 ], [ 74.58819824, 31.39906548 ], [ 74.58771433, 31.39858502 ], [ 74.5872478, 31.39812182 ], [ 74.58666483, 31.39535114 ], [ 74.58679338, 31.39359136 ], [ 74.58643381, 31.38986975 ], [ 74.58612709, 31.38839913 ], [ 74.58611277, 31.38803801 ], [ 74.58613229, 31.38773912 ], [ 74.58633715, 31.38701066 ], [ 74.58630849, 31.38585398 ], [ 74.58570507, 31.38376073 ], [ 74.58487316, 31.38087472 ], [ 74.5844194, 31.38014753 ], [ 74.58351447, 31.37974164 ], [ 74.58348209, 31.37903904 ], [ 74.58205076, 31.37841257 ], [ 74.58171171, 31.37826417 ], [ 74.58067539, 31.37781056 ], [ 74.58046915, 31.37722674 ], [ 74.58012945, 31.37709187 ], [ 74.57895071, 31.37662386 ], [ 74.57861335, 31.37648991 ], [ 74.57816557, 31.3761437 ], [ 74.57803744, 31.37588441 ], [ 74.57812066, 31.37552002 ], [ 74.57835883, 31.37495229 ], [ 74.57743656, 31.37463285 ], [ 74.57623042, 31.37460285 ], [ 74.57309036, 31.37403828 ], [ 74.57254441, 31.37369388 ], [ 74.57226651, 31.37351376 ], [ 74.57199774, 31.3730741 ], [ 74.57155435, 31.37153586 ], [ 74.57103981, 31.37149179 ], [ 74.57080004, 31.37166238 ], [ 74.56998601, 31.37224153 ], [ 74.56953842, 31.37235913 ], [ 74.56878628, 31.37229207 ], [ 74.5682813, 31.37216895 ], [ 74.56754277, 31.37194964 ], [ 74.56729632, 31.37150892 ], [ 74.56680929, 31.37118885 ], [ 74.56622994, 31.37097748 ], [ 74.56594759, 31.37087447 ], [ 74.56555734, 31.37095611 ], [ 74.56524672, 31.3710211 ], [ 74.56473521, 31.37084652 ], [ 74.562124, 31.36944896 ], [ 74.56164705, 31.36941157 ], [ 74.56000479, 31.36864713 ], [ 74.55837004, 31.36788615 ], [ 74.55772181, 31.36758439 ], [ 74.55514813, 31.36679694 ], [ 74.55387055, 31.36661212 ], [ 74.5516531, 31.36435211 ], [ 74.55157989, 31.36282217 ], [ 74.55092333, 31.36163149 ], [ 74.55069013, 31.36125132 ], [ 74.55027054, 31.360841 ], [ 74.55014889, 31.35958869 ], [ 74.55009212, 31.3585999 ], [ 74.55059547, 31.35706791 ], [ 74.55253041, 31.35674634 ], [ 74.55300982, 31.35632284 ], [ 74.55295474, 31.35605094 ], [ 74.55219808, 31.35440058 ], [ 74.5513502, 31.35333742 ], [ 74.55115604, 31.35309396 ], [ 74.55112322, 31.35263604 ], [ 74.55106886, 31.35187778 ], [ 74.55048671, 31.3509274 ], [ 74.55037152, 31.35046253 ], [ 74.55019727, 31.34952057 ], [ 74.54995559, 31.3482141 ], [ 74.54943532, 31.34664268 ], [ 74.54910888, 31.34615908 ], [ 74.54874535, 31.34439406 ], [ 74.54720304, 31.34159529 ], [ 74.54642497, 31.34129986 ], [ 74.54593171, 31.340755 ], [ 74.5468558, 31.33932378 ], [ 74.5465277, 31.3388924 ], [ 74.54670137, 31.33847199 ], [ 74.54837524, 31.33585247 ], [ 74.54877364, 31.33473593 ], [ 74.54682118, 31.33458856 ], [ 74.54644744, 31.33471426 ], [ 74.54582733, 31.33492281 ], [ 74.5444478, 31.33493071 ], [ 74.54407854, 31.33512033 ], [ 74.54359193, 31.33507194 ], [ 74.54348988, 31.33480018 ], [ 74.54334412, 31.33441202 ], [ 74.54228954, 31.33343468 ], [ 74.54166059, 31.33254444 ], [ 74.53976268, 31.33150199 ], [ 74.53929215, 31.33104161 ], [ 74.53890846, 31.33103054 ], [ 74.53872833, 31.33075609 ], [ 74.53737045, 31.33072383 ], [ 74.53723049, 31.33025817 ], [ 74.53691389, 31.3301653 ], [ 74.53687342, 31.32985441 ], [ 74.53754139, 31.32772201 ], [ 74.53741777, 31.32675817 ], [ 74.53661725, 31.32627998 ], [ 74.53614171, 31.32599592 ], [ 74.53496141, 31.32580769 ], [ 74.53464883, 31.32526072 ], [ 74.53385811, 31.3249111 ], [ 74.53394962, 31.32465616 ], [ 74.53429469, 31.32438728 ], [ 74.53401658, 31.32323913 ], [ 74.53424298, 31.3223732 ], [ 74.53434802, 31.32199433 ], [ 74.53506333, 31.32154963 ], [ 74.53593364, 31.32104558 ], [ 74.53678854, 31.32075867 ], [ 74.53748256, 31.32052574 ], [ 74.53773788, 31.31935957 ], [ 74.53744148, 31.31893153 ], [ 74.53725558, 31.31786142 ], [ 74.53658949, 31.31772436 ], [ 74.53586478, 31.31727738 ], [ 74.53476537, 31.31694403 ], [ 74.53389843, 31.31603517 ], [ 74.53488163, 31.31535336 ], [ 74.53527988, 31.3150773 ], [ 74.53482671, 31.31346633 ], [ 74.53406472, 31.31377254 ], [ 74.53354553, 31.31371391 ], [ 74.53299655, 31.31387575 ], [ 74.53253361, 31.31377493 ], [ 74.53184139, 31.31298616 ], [ 74.5291623, 31.31404634 ], [ 74.52886059, 31.31390571 ], [ 74.52844334, 31.31334637 ], [ 74.52803735, 31.31335431 ], [ 74.52769452, 31.31306502 ], [ 74.52726808, 31.3124505 ], [ 74.52643279, 31.31232755 ], [ 74.52633454, 31.31197276 ], [ 74.52638138, 31.31169984 ], [ 74.52775305, 31.3104272 ], [ 74.52809283, 31.30976343 ], [ 74.52850654, 31.30894743 ], [ 74.52911509, 31.30877877 ], [ 74.53129498, 31.3081746 ], [ 74.53222517, 31.30767175 ], [ 74.53272684, 31.3072913 ], [ 74.53269587, 31.306634 ], [ 74.533512, 31.30572746 ], [ 74.53415456, 31.30508166 ], [ 74.5345916, 31.30497331 ], [ 74.53591777, 31.30468808 ], [ 74.53710759, 31.30504355 ], [ 74.53971229, 31.30582169 ], [ 74.54065181, 31.30595995 ], [ 74.541573, 31.30533229 ], [ 74.54202563, 31.30378432 ], [ 74.54176266, 31.30339724 ], [ 74.54044531, 31.30285827 ], [ 74.53964967, 31.30253273 ], [ 74.53881468, 31.30219109 ], [ 74.53765078, 31.30095343 ], [ 74.53698104, 31.29846897 ], [ 74.53568394, 31.29587672 ], [ 74.53455157, 31.29405831 ], [ 74.53463221, 31.29314632 ], [ 74.53263117, 31.29013726 ], [ 74.53258628, 31.28976401 ], [ 74.53293337, 31.28901015 ], [ 74.53270085, 31.28840383 ], [ 74.53224513, 31.28784464 ], [ 74.5318525, 31.28612477 ], [ 74.53119682, 31.28434383 ], [ 74.53059962, 31.28369754 ], [ 74.53018223, 31.28324584 ], [ 74.52959711, 31.28261261 ], [ 74.52879787, 31.28213823 ], [ 74.52856178, 31.28138378 ], [ 74.5271092, 31.27908504 ], [ 74.52687725, 31.27871796 ], [ 74.52661051, 31.27781285 ], [ 74.52652143, 31.27679602 ], [ 74.52525197, 31.27607228 ], [ 74.5248879, 31.27586471 ], [ 74.52428671, 31.27535297 ], [ 74.52279274, 31.27408124 ], [ 74.52209743, 31.27319501 ], [ 74.52165312, 31.27215357 ], [ 74.52119262, 31.27208389 ], [ 74.52115444, 31.27027045 ], [ 74.52060281, 31.26892222 ], [ 74.52140927, 31.26769292 ], [ 74.52206249, 31.26667859 ], [ 74.52255132, 31.26525908 ], [ 74.52278973, 31.26456675 ], [ 74.52316296, 31.26348287 ], [ 74.52375853, 31.26175331 ], [ 74.52392068, 31.2612824 ], [ 74.52417154, 31.261064 ], [ 74.5249156, 31.26041621 ], [ 74.52670426, 31.25928196 ], [ 74.52693782, 31.25901811 ], [ 74.52726873, 31.25826892 ], [ 74.52834194, 31.25559604 ], [ 74.52903428, 31.25496608 ], [ 74.53056608, 31.25363059 ], [ 74.53200444, 31.25237652 ], [ 74.53235588, 31.25183916 ], [ 74.53276839, 31.25049042 ], [ 74.53273078, 31.24969093 ], [ 74.53247805, 31.24870262 ], [ 74.53101948, 31.24536767 ], [ 74.53060738, 31.24476007 ], [ 74.53004735, 31.24393433 ], [ 74.52951298, 31.24314642 ], [ 74.52873803, 31.24136481 ], [ 74.52816202, 31.24004054 ], [ 74.52619501, 31.23800003 ], [ 74.52558208, 31.23757844 ], [ 74.52409541, 31.23737065 ], [ 74.52374043, 31.23742501 ], [ 74.52324714, 31.2375292 ], [ 74.52292858, 31.23734982 ], [ 74.52181431, 31.23633693 ], [ 74.52063703, 31.23489644 ], [ 74.5199373, 31.2342726 ], [ 74.51917835, 31.23359594 ], [ 74.51903023, 31.23330638 ], [ 74.51953316, 31.2322253 ], [ 74.51970742, 31.23185071 ], [ 74.5175467, 31.22909643 ], [ 74.5170559, 31.22802542 ], [ 74.51710488, 31.22729595 ], [ 74.51717861, 31.22682445 ], [ 74.51859654, 31.22613757 ], [ 74.52041727, 31.22528568 ], [ 74.52072509, 31.22514165 ], [ 74.52130754, 31.22462584 ], [ 74.52273577, 31.22301098 ], [ 74.52282258, 31.22226065 ], [ 74.52288519, 31.22135291 ], [ 74.52290814, 31.22102028 ], [ 74.52340181, 31.22079472 ], [ 74.52449542, 31.22029505 ], [ 74.52433344, 31.2190598 ], [ 74.52369079, 31.21809691 ], [ 74.52381761, 31.21765703 ], [ 74.52434314, 31.21680162 ], [ 74.52490321, 31.21579758 ], [ 74.52528063, 31.21442255 ], [ 74.52556169, 31.21306432 ], [ 74.52508947, 31.21251803 ], [ 74.52594432, 31.21188577 ], [ 74.52561816, 31.21062337 ], [ 74.52523128, 31.20992709 ], [ 74.5246041, 31.20930281 ], [ 74.52405468, 31.20900308 ], [ 74.52378996, 31.20861011 ], [ 74.52374835, 31.20822424 ], [ 74.52388008, 31.20788669 ], [ 74.52440778, 31.2070595 ], [ 74.52527401, 31.20618442 ], [ 74.52537654, 31.20583472 ], [ 74.52524102, 31.20546625 ], [ 74.52496733, 31.20530284 ], [ 74.52484183, 31.20481921 ], [ 74.52513245, 31.20368783 ], [ 74.52477831, 31.20343633 ], [ 74.52389361, 31.20326005 ], [ 74.5217759, 31.20282169 ], [ 74.52151589, 31.20258461 ], [ 74.52165035, 31.200758 ], [ 74.52089232, 31.19865994 ], [ 74.52082351, 31.19801491 ], [ 74.52094987, 31.19761068 ], [ 74.52153975, 31.19712892 ], [ 74.52157874, 31.19678153 ], [ 74.52139972, 31.19637646 ], [ 74.52116841, 31.19585303 ], [ 74.52070798, 31.19493273 ], [ 74.5201121, 31.19441171 ], [ 74.52016162, 31.19398214 ], [ 74.52073725, 31.19270342 ], [ 74.52155874, 31.19087851 ], [ 74.52156427, 31.19050635 ], [ 74.52152094, 31.19012298 ], [ 74.52031698, 31.1880653 ], [ 74.51999059, 31.18550692 ], [ 74.51952025, 31.18385136 ], [ 74.51922309, 31.18362083 ], [ 74.51757136, 31.18375923 ], [ 74.51576535, 31.18301533 ], [ 74.51410941, 31.18300664 ], [ 74.51239846, 31.18268606 ], [ 74.51125229, 31.18202748 ], [ 74.51075794, 31.18115822 ], [ 74.51054963, 31.17980564 ], [ 74.51062691, 31.17886502 ], [ 74.51012465, 31.17608173 ], [ 74.51006954, 31.17372945 ], [ 74.5101917, 31.17342002 ], [ 74.51083007, 31.17268984 ], [ 74.51050259, 31.17170961 ], [ 74.51092379, 31.17125232 ], [ 74.51122316, 31.17096887 ], [ 74.51107791, 31.16988888 ], [ 74.51105623, 31.16845763 ], [ 74.51149594, 31.1678836 ], [ 74.51296771, 31.16673192 ], [ 74.51274436, 31.16606879 ], [ 74.51221793, 31.16528286 ], [ 74.5121408, 31.1646791 ], [ 74.51308938, 31.16418442 ], [ 74.51303955, 31.1636907 ], [ 74.51211784, 31.16211179 ], [ 74.51170018, 31.15912407 ], [ 74.51101491, 31.15798369 ], [ 74.51353397, 31.156442 ], [ 74.51389123, 31.15595015 ], [ 74.51370218, 31.15473466 ], [ 74.51317591, 31.15358592 ], [ 74.51339797, 31.1531821 ], [ 74.51522646, 31.15212517 ], [ 74.5151957, 31.15119951 ], [ 74.51482562, 31.15001563 ], [ 74.51422925, 31.14953723 ], [ 74.51388635, 31.1485713 ], [ 74.51411989, 31.14436674 ], [ 74.51438388, 31.14252287 ], [ 74.51379269, 31.13933844 ], [ 74.51300338, 31.13764149 ], [ 74.51149764, 31.13548551 ], [ 74.51038884, 31.13198154 ], [ 74.51195955, 31.13191863 ], [ 74.51453168, 31.13095963 ], [ 74.52094161, 31.12932858 ], [ 74.52193602, 31.12914135 ], [ 74.5247298, 31.1291528 ], [ 74.52636256, 31.1284072 ], [ 74.52761236, 31.12803307 ], [ 74.52840479, 31.12763033 ], [ 74.5294964, 31.12672338 ], [ 74.53029538, 31.12626773 ], [ 74.53128531, 31.12575729 ], [ 74.53418326, 31.12467675 ], [ 74.53528908, 31.12397016 ], [ 74.53738246, 31.1232673 ], [ 74.53881801, 31.12298221 ], [ 74.53883497, 31.12254861 ], [ 74.53917519, 31.12235676 ], [ 74.54117285, 31.12184285 ], [ 74.54343048, 31.12100312 ], [ 74.54381976, 31.12092105 ], [ 74.5443477, 31.12165872 ], [ 74.54499856, 31.121859 ], [ 74.5454276, 31.12222748 ], [ 74.54624852, 31.1222623 ], [ 74.5483551, 31.12192736 ], [ 74.54834298, 31.12125221 ], [ 74.54832988, 31.12052315 ], [ 74.54830233, 31.11898886 ], [ 74.54854235, 31.11725632 ], [ 74.54832254, 31.11656457 ], [ 74.54816871, 31.11532099 ], [ 74.5477461, 31.1145574 ], [ 74.54964717, 31.11304689 ], [ 74.54973269, 31.11266774 ], [ 74.54969756, 31.1115587 ], [ 74.54965852, 31.11032662 ], [ 74.54961177, 31.10885077 ], [ 74.55010604, 31.1035408 ], [ 74.54921347, 31.10185813 ], [ 74.54907733, 31.10161572 ], [ 74.54906589, 31.10115817 ], [ 74.54925504, 31.10072219 ], [ 74.5496992, 31.09969836 ], [ 74.55095762, 31.09679749 ], [ 74.55045576, 31.09425607 ], [ 74.55040636, 31.08938594 ], [ 74.55148585, 31.08641478 ], [ 74.55349137, 31.08518944 ], [ 74.55625939, 31.08485183 ], [ 74.55824426, 31.08313136 ], [ 74.55942433, 31.08308473 ], [ 74.56048109, 31.08260698 ], [ 74.56203503, 31.08339189 ], [ 74.56299937, 31.08265644 ], [ 74.56372307, 31.08307956 ], [ 74.56424189, 31.08231999 ], [ 74.56929881, 31.08180762 ], [ 74.56963589, 31.08174609 ], [ 74.57096001, 31.08148313 ], [ 74.57133757, 31.08152367 ], [ 74.57233386, 31.08299647 ], [ 74.57290493, 31.08405989 ], [ 74.57344215, 31.08506025 ], [ 74.57381707, 31.08575837 ], [ 74.5746269, 31.08583601 ], [ 74.57715833, 31.08607868 ], [ 74.57766202, 31.08612696 ], [ 74.57869562, 31.08580197 ], [ 74.5791953, 31.08621169 ], [ 74.57966234, 31.08671659 ], [ 74.58024695, 31.08707305 ], [ 74.58190913, 31.08737699 ], [ 74.58249089, 31.08706374 ], [ 74.58361477, 31.08752117 ], [ 74.58386074, 31.08656913 ], [ 74.58641106, 31.08696761 ], [ 74.58689978, 31.08704397 ], [ 74.58803977, 31.0875046 ], [ 74.58875678, 31.08779432 ], [ 74.58856005, 31.08820185 ], [ 74.58781365, 31.08933273 ], [ 74.58658754, 31.09119038 ], [ 74.58734483, 31.09176093 ], [ 74.58767265, 31.09200791 ], [ 74.58802731, 31.09212607 ], [ 74.58909365, 31.0924813 ], [ 74.59082096, 31.09246016 ], [ 74.59113992, 31.09123445 ], [ 74.59111003, 31.08953319 ], [ 74.59150027, 31.08878829 ], [ 74.59320401, 31.08907947 ], [ 74.59534917, 31.08869461 ], [ 74.59624152, 31.08887605 ], [ 74.59671262, 31.08897184 ], [ 74.59786126, 31.08788432 ], [ 74.59982584, 31.08807397 ], [ 74.6003452, 31.08803367 ], [ 74.60080968, 31.08799762 ], [ 74.60032813, 31.0904264 ], [ 74.59943596, 31.0930601 ], [ 74.60059555, 31.09319107 ], [ 74.60158945, 31.09330331 ], [ 74.60423089, 31.09322436 ], [ 74.60436399, 31.09510068 ], [ 74.60517378, 31.09518094 ], [ 74.60596174, 31.09471798 ], [ 74.60626957, 31.09473254 ], [ 74.60653855, 31.09496104 ], [ 74.60730693, 31.09492746 ], [ 74.60803927, 31.09580778 ], [ 74.60850245, 31.09673856 ], [ 74.60864486, 31.09702474 ], [ 74.60900278, 31.09737166 ], [ 74.60952899, 31.09760113 ], [ 74.60964492, 31.09806944 ], [ 74.61066737, 31.09929596 ], [ 74.60996683, 31.1002246 ], [ 74.61052553, 31.10207269 ], [ 74.61058958, 31.10296049 ], [ 74.6104565, 31.10547417 ], [ 74.60976909, 31.10898374 ], [ 74.61003828, 31.11172711 ], [ 74.60896503, 31.11293157 ], [ 74.60806176, 31.1135594 ], [ 74.60545643, 31.11447139 ], [ 74.60501498, 31.11533068 ], [ 74.60465419, 31.11603296 ], [ 74.60389757, 31.11750569 ], [ 74.60292479, 31.11901723 ], [ 74.60070993, 31.12163617 ], [ 74.59754127, 31.12532218 ], [ 74.5968217, 31.12649283 ], [ 74.59650751, 31.1275374 ], [ 74.59658768, 31.12848462 ], [ 74.59727894, 31.12924558 ], [ 74.59891612, 31.12893577 ], [ 74.60000029, 31.12991217 ], [ 74.60099364, 31.13201565 ], [ 74.60184149, 31.13286962 ], [ 74.60305053, 31.13360088 ], [ 74.6034178, 31.13365936 ], [ 74.60446608, 31.13278482 ], [ 74.60490729, 31.1326663 ], [ 74.60656229, 31.1330934 ], [ 74.60845018, 31.13365315 ], [ 74.60896996, 31.13371471 ], [ 74.60996114, 31.13373341 ], [ 74.61076464, 31.13358706 ], [ 74.61172902, 31.13312977 ], [ 74.61208844, 31.13295934 ], [ 74.61233041, 31.13261663 ], [ 74.61253744, 31.13236975 ], [ 74.61401755, 31.13166875 ], [ 74.61429836, 31.13153627 ], [ 74.61512829, 31.13149988 ], [ 74.61627474, 31.13200359 ], [ 74.61772691, 31.13136099 ], [ 74.61842526, 31.13137081 ], [ 74.62188561, 31.13308446 ], [ 74.62652193, 31.13107354 ], [ 74.6293495, 31.13179748 ], [ 74.63087719, 31.13271035 ], [ 74.63229376, 31.13132148 ], [ 74.63192936, 31.13074927 ], [ 74.6314901, 31.1300595 ], [ 74.63100567, 31.12822339 ], [ 74.6312139, 31.127256 ], [ 74.63180773, 31.12665259 ], [ 74.63261512, 31.12438919 ], [ 74.6327028, 31.12381155 ], [ 74.63265748, 31.12350609 ], [ 74.63236292, 31.12152085 ], [ 74.63442336, 31.11947004 ], [ 74.63626952, 31.11826332 ], [ 74.63777932, 31.11843763 ], [ 74.63957859, 31.11932039 ], [ 74.64034247, 31.11971762 ], [ 74.64109993, 31.12047125 ], [ 74.64140383, 31.12086472 ], [ 74.64290662, 31.12281042 ], [ 74.64328296, 31.12302993 ], [ 74.64476704, 31.12389637 ], [ 74.64531968, 31.12444783 ], [ 74.64673131, 31.12689677 ], [ 74.64722704, 31.12724135 ], [ 74.6484172, 31.12806861 ], [ 74.65038073, 31.12892848 ], [ 74.651, 31.12916871 ], [ 74.65297557, 31.12945836 ], [ 74.65431713, 31.13031938 ], [ 74.65706114, 31.13273963 ], [ 74.65753924, 31.13304834 ], [ 74.65905978, 31.13396624 ], [ 74.65942259, 31.13364648 ], [ 74.66448682, 31.12649519 ], [ 74.66550702, 31.12542237 ], [ 74.66625919, 31.12464174 ], [ 74.66647793, 31.12441472 ], [ 74.66695443, 31.12431734 ], [ 74.67318725, 31.12357981 ], [ 74.67438185, 31.12407051 ], [ 74.6755885, 31.12456615 ], [ 74.67774989, 31.12545271 ], [ 74.67989155, 31.12622736 ], [ 74.68231549, 31.12710406 ], [ 74.68555682, 31.12764631 ], [ 74.68901289, 31.12795028 ], [ 74.68923829, 31.12752135 ], [ 74.69001578, 31.12451052 ], [ 74.68983149, 31.11971045 ], [ 74.68978476, 31.11844735 ], [ 74.69207982, 31.11763936 ], [ 74.69409483, 31.11592419 ], [ 74.69808361, 31.11240846 ], [ 74.69852226, 31.10888011 ], [ 74.69834724, 31.10827168 ], [ 74.69821462, 31.10781778 ], [ 74.69812597, 31.10751437 ], [ 74.69793219, 31.10372332 ], [ 74.69806091, 31.10345669 ], [ 74.6973623, 31.10267526 ], [ 74.69889948, 31.10144743 ], [ 74.69901193, 31.10002115 ], [ 74.69985765, 31.09973149 ], [ 74.70134366, 31.09725534 ], [ 74.70167398, 31.09559504 ], [ 74.70196433, 31.09413557 ], [ 74.7020661, 31.093624 ], [ 74.70231879, 31.09235378 ], [ 74.7023546, 31.09183811 ], [ 74.69944725, 31.0879618 ], [ 74.69726471, 31.08474823 ], [ 74.69063907, 31.08149423 ], [ 74.69164588, 31.08009876 ], [ 74.69591127, 31.07424359 ], [ 74.68982667, 31.06897278 ], [ 74.68779887, 31.06749977 ], [ 74.68651828, 31.06656951 ], [ 74.67689953, 31.05846381 ], [ 74.67114765, 31.05362325 ], [ 74.66771338, 31.05253512 ], [ 74.66548797, 31.05191062 ], [ 74.65977111, 31.05059496 ], [ 74.65860522, 31.05032661 ], [ 74.65775278, 31.05013041 ], [ 74.65111167, 31.04913048 ], [ 74.6499616, 31.04895932 ], [ 74.648569, 31.04925419 ], [ 74.6465097, 31.04969021 ], [ 74.64587565, 31.04982445 ], [ 74.63683511, 31.04789494 ], [ 74.63334239, 31.04714933 ], [ 74.62916361, 31.04625717 ], [ 74.62846514, 31.04610803 ], [ 74.6220133, 31.04470419 ], [ 74.62011227, 31.04432429 ], [ 74.618695, 31.04402159 ], [ 74.6183265, 31.04394288 ], [ 74.61302771, 31.04478349 ], [ 74.60991573, 31.04374717 ], [ 74.60717715, 31.04239649 ], [ 74.60511364, 31.0413787 ], [ 74.60128987, 31.03966963 ], [ 74.59765556, 31.03804513 ], [ 74.59684832, 31.03768428 ], [ 74.59590538, 31.03981889 ], [ 74.59576731, 31.04160495 ], [ 74.59591109, 31.04221409 ], [ 74.59404305, 31.04380551 ], [ 74.59306515, 31.04503387 ], [ 74.59189169, 31.04701855 ], [ 74.59106997, 31.048798 ], [ 74.59008684, 31.0499549 ], [ 74.57441559, 31.05678473 ], [ 74.57262456, 31.0556532 ], [ 74.57221658, 31.05539545 ], [ 74.57158175, 31.05454314 ], [ 74.57067532, 31.05332618 ], [ 74.57032029, 31.05306197 ], [ 74.56959902, 31.05351197 ], [ 74.56823381, 31.05468897 ], [ 74.566823, 31.05302629 ], [ 74.56510475, 31.05145248 ], [ 74.56385538, 31.05031693 ], [ 74.56144352, 31.04865667 ], [ 74.56106063, 31.04595405 ], [ 74.56091239, 31.04563332 ], [ 74.5607876, 31.04481484 ], [ 74.5599976, 31.04344495 ], [ 74.55948637, 31.04052277 ], [ 74.55919088, 31.03877553 ], [ 74.55872809, 31.0374399 ], [ 74.55757773, 31.03823456 ], [ 74.55617489, 31.03742822 ], [ 74.54796366, 31.03244178 ], [ 74.54339135, 31.019779 ], [ 74.54250571, 31.01723909 ], [ 74.54184388, 31.01503648 ], [ 74.54163225, 31.01438675 ], [ 74.54073468, 31.01184762 ], [ 74.54054962, 31.01132407 ], [ 74.53967235, 31.0088367 ], [ 74.54097584, 31.00611645 ], [ 74.54179025, 31.00167819 ], [ 74.54192734, 31.00139397 ], [ 74.54228582, 31.00066825 ], [ 74.54320429, 30.99927858 ], [ 74.54404424, 30.99800766 ], [ 74.54314404, 30.99659225 ], [ 74.54324828, 30.99617668 ], [ 74.54375226, 30.99509528 ], [ 74.54470384, 30.99499381 ], [ 74.54532309, 30.99492778 ], [ 74.54625242, 30.99278439 ], [ 74.54615956, 30.99241637 ], [ 74.54359058, 30.99127977 ], [ 74.54183716, 30.9905332 ], [ 74.54122781, 30.9902677 ], [ 74.54032793, 30.98992048 ], [ 74.53841684, 30.98918305 ], [ 74.53328411, 30.98720231 ], [ 74.53245926, 30.98685454 ], [ 74.53021356, 30.98589865 ], [ 74.52859836, 30.98522664 ], [ 74.52509272, 30.98368686 ], [ 74.51922718, 30.98111026 ], [ 74.51840956, 30.98068403 ], [ 74.51616188, 30.97947674 ], [ 74.51544034, 30.97831834 ], [ 74.51338436, 30.97498932 ], [ 74.5090184, 30.96785436 ], [ 74.50872371, 30.96744198 ], [ 74.50586965, 30.96600242 ], [ 74.50435776, 30.96523979 ], [ 74.50339683, 30.96473284 ], [ 74.50014409, 30.96420799 ], [ 74.49930851, 30.96406124 ], [ 74.49892381, 30.96404475 ], [ 74.49788898, 30.96432907 ], [ 74.49705441, 30.96573634 ], [ 74.49189694, 30.974432 ], [ 74.49083468, 30.97352593 ], [ 74.48963856, 30.97250565 ], [ 74.48920382, 30.97249537 ], [ 74.48626213, 30.97242573 ], [ 74.4838603, 30.97160506 ], [ 74.48137217, 30.97075486 ], [ 74.47970152, 30.97425136 ], [ 74.47669487, 30.97289473 ], [ 74.47229003, 30.97090703 ], [ 74.47209161, 30.97064739 ], [ 74.47129037, 30.97015189 ], [ 74.47098585, 30.97028436 ], [ 74.46829242, 30.96929457 ], [ 74.46654199, 30.96805 ], [ 74.46395263, 30.9676534 ], [ 74.46069141, 30.96652169 ], [ 74.46012468, 30.96632501 ], [ 74.45878844, 30.96565433 ], [ 74.45687503, 30.96429855 ], [ 74.45846829, 30.96293546 ], [ 74.46384031, 30.9583391 ], [ 74.46633474, 30.95686721 ], [ 74.45557783, 30.95666213 ], [ 74.45147039, 30.95589465 ], [ 74.4524873, 30.9546893 ], [ 74.45306065, 30.95400968 ], [ 74.45520313, 30.95139984 ], [ 74.44657738, 30.9516187 ], [ 74.44206271, 30.95173307 ], [ 74.4419146, 30.94591653 ], [ 74.44181766, 30.94558026 ], [ 74.44124307, 30.94525752 ], [ 74.44068831, 30.94494292 ], [ 74.43952763, 30.94218693 ], [ 74.43835474, 30.9420099 ], [ 74.43685082, 30.94213655 ], [ 74.43574811, 30.9421218 ], [ 74.43441272, 30.94210393 ], [ 74.43365413, 30.94209378 ], [ 74.42892016, 30.94250117 ], [ 74.42801581, 30.94232483 ], [ 74.42331543, 30.94140825 ], [ 74.42114911, 30.94111814 ], [ 74.42017444, 30.94115347 ], [ 74.416412, 30.94033617 ], [ 74.41777154, 30.93797773 ], [ 74.41775228, 30.93770227 ], [ 74.41758755, 30.93737965 ], [ 74.41637434, 30.93508829 ], [ 74.41508445, 30.93229183 ], [ 74.41386716, 30.92965263 ], [ 74.41477434, 30.92964029 ], [ 74.41833408, 30.92960716 ], [ 74.42368139, 30.92955726 ], [ 74.42564261, 30.93026858 ], [ 74.42667041, 30.93064134 ], [ 74.42872382, 30.93118448 ], [ 74.42703931, 30.92817527 ], [ 74.42652493, 30.92696249 ], [ 74.42494573, 30.92520948 ], [ 74.42388209, 30.92281792 ], [ 74.42353691, 30.92076592 ], [ 74.41860819, 30.9215426 ], [ 74.41743917, 30.92173619 ], [ 74.41531748, 30.92198743 ], [ 74.41429094, 30.92210898 ], [ 74.41033545, 30.92348943 ], [ 74.41094875, 30.92021067 ], [ 74.41107706, 30.91963528 ], [ 74.41378686, 30.91942959 ], [ 74.41647741, 30.91923134 ], [ 74.41861387, 30.91930879 ], [ 74.41974653, 30.91889032 ], [ 74.42003359, 30.91878427 ], [ 74.42319564, 30.9169282 ], [ 74.42367442, 30.91664715 ], [ 74.42441649, 30.91593142 ], [ 74.42407749, 30.91493592 ], [ 74.42342105, 30.91366068 ], [ 74.42383312, 30.91275901 ], [ 74.42382771, 30.9122494 ], [ 74.42385431, 30.91106556 ], [ 74.42388359, 30.90976252 ], [ 74.42367011, 30.90934595 ], [ 74.42272838, 30.90779639 ], [ 74.41438301, 30.90872699 ], [ 74.40979363, 30.90957696 ], [ 74.40468093, 30.90961681 ], [ 74.39729051, 30.9093881 ], [ 74.39673941, 30.90891501 ], [ 74.39534802, 30.90768555 ], [ 74.39389507, 30.9064732 ], [ 74.3928403, 30.90499854 ], [ 74.39030898, 30.90242516 ], [ 74.38561202, 30.89877254 ], [ 74.38481316, 30.89724868 ], [ 74.38422859, 30.8966049 ], [ 74.38294015, 30.89551412 ], [ 74.38229122, 30.89552671 ], [ 74.37926388, 30.89558544 ], [ 74.37439175, 30.89566952 ], [ 74.3707649, 30.89517696 ], [ 74.36749122, 30.89426728 ], [ 74.36590907, 30.89293557 ], [ 74.36648453, 30.8902466 ], [ 74.36685449, 30.8864286 ], [ 74.36669902, 30.8856721 ], [ 74.3652525, 30.88216497 ], [ 74.3650591, 30.88137348 ], [ 74.36459233, 30.88071807 ], [ 74.36255797, 30.87910053 ], [ 74.36174605, 30.87788679 ], [ 74.36076588, 30.87370377 ], [ 74.36306441, 30.87186295 ], [ 74.36629563, 30.86974864 ], [ 74.37280767, 30.86604766 ], [ 74.37829674, 30.86292765 ], [ 74.37993957, 30.8619938 ], [ 74.38214826, 30.86042312 ], [ 74.37825336, 30.85856604 ], [ 74.37792048, 30.85844408 ], [ 74.3759276, 30.85821233 ], [ 74.37581386, 30.85927727 ], [ 74.3740315, 30.85980159 ], [ 74.37269047, 30.85863369 ], [ 74.37210823, 30.85830962 ], [ 74.37106673, 30.85796213 ], [ 74.37001802, 30.85761222 ], [ 74.36943414, 30.85741741 ], [ 74.36452439, 30.85738089 ], [ 74.3660721, 30.85548213 ], [ 74.36851892, 30.85184725 ], [ 74.36813617, 30.85108849 ], [ 74.36710968, 30.84908462 ], [ 74.36336293, 30.84725494 ], [ 74.36211476, 30.84791134 ], [ 74.36136893, 30.84791758 ], [ 74.36082898, 30.84820296 ], [ 74.35925471, 30.84855675 ], [ 74.35696245, 30.84770681 ], [ 74.35506252, 30.84836324 ], [ 74.35473097, 30.85040037 ], [ 74.35406937, 30.85270409 ], [ 74.34814794, 30.85490576 ], [ 74.34536796, 30.85428393 ], [ 74.343005, 30.85400441 ], [ 74.34078221, 30.85374144 ], [ 74.33876789, 30.85266983 ], [ 74.33878973, 30.85160607 ], [ 74.33962149, 30.85142908 ], [ 74.33968229, 30.8511363 ], [ 74.33914223, 30.85085362 ], [ 74.3393104, 30.85049552 ], [ 74.33969611, 30.84980451 ], [ 74.34053913, 30.84940781 ], [ 74.34055528, 30.84910115 ], [ 74.3383834, 30.84944382 ], [ 74.33658574, 30.85008438 ], [ 74.33436803, 30.85112669 ], [ 74.33238626, 30.85103357 ], [ 74.32797495, 30.85010083 ], [ 74.32709436, 30.84977575 ], [ 74.32621459, 30.84917605 ], [ 74.32565697, 30.84922165 ], [ 74.3249807, 30.84962865 ], [ 74.32467293, 30.84956181 ], [ 74.32322526, 30.8480655 ], [ 74.32302594, 30.84785947 ], [ 74.32210447, 30.84742924 ], [ 74.32038524, 30.84662651 ], [ 74.32001934, 30.84374788 ], [ 74.32012309, 30.84248619 ], [ 74.32016156, 30.84201827 ], [ 74.32086857, 30.84117724 ], [ 74.3210086, 30.83992362 ], [ 74.32205786, 30.83866967 ], [ 74.32145002, 30.83738865 ], [ 74.31931087, 30.83290295 ], [ 74.31917599, 30.83039882 ], [ 74.31982806, 30.82740369 ], [ 74.31914413, 30.82636546 ], [ 74.31756648, 30.82462214 ], [ 74.31354212, 30.82116237 ], [ 74.31274116, 30.82060645 ], [ 74.31099435, 30.81939402 ], [ 74.31066377, 30.81916456 ], [ 74.31014202, 30.81862787 ], [ 74.30510092, 30.81093403 ], [ 74.30245974, 30.80804289 ], [ 74.30219639, 30.80556145 ], [ 74.30147171, 30.80383752 ], [ 74.29940642, 30.80457719 ], [ 74.29672667, 30.7997564 ], [ 74.29673113, 30.7968267 ], [ 74.29487555, 30.79450699 ], [ 74.29549493, 30.79435851 ], [ 74.29828751, 30.79368901 ], [ 74.29891799, 30.792865 ], [ 74.30129925, 30.78975265 ], [ 74.3017011, 30.78971219 ], [ 74.30482823, 30.78939733 ], [ 74.30679882, 30.78921846 ], [ 74.30623494, 30.78750453 ], [ 74.3034007, 30.78151534 ], [ 74.30237844, 30.78020088 ], [ 74.30196722, 30.77936881 ], [ 74.30048907, 30.77944277 ], [ 74.29757555, 30.77703385 ], [ 74.2963618, 30.77721163 ], [ 74.29463494, 30.77710348 ], [ 74.28986862, 30.77519381 ], [ 74.28907443, 30.7751176 ], [ 74.28669263, 30.77587775 ], [ 74.28449654, 30.77494524 ], [ 74.28335075, 30.77446269 ], [ 74.28022305, 30.77407169 ], [ 74.27720669, 30.77435716 ], [ 74.27440712, 30.77348543 ], [ 74.273836, 30.77362414 ], [ 74.27121682, 30.77485184 ], [ 74.2673464, 30.77686737 ], [ 74.26482649, 30.77709196 ], [ 74.26433323, 30.77686837 ], [ 74.26375807, 30.77660765 ], [ 74.26322997, 30.77636825 ], [ 74.26135846, 30.77494655 ], [ 74.25995299, 30.77259119 ], [ 74.259948, 30.77226661 ], [ 74.26028454, 30.77126834 ], [ 74.26077374, 30.76986158 ], [ 74.26509528, 30.76516758 ], [ 74.26910058, 30.75939498 ], [ 74.2717782, 30.75629726 ], [ 74.27248164, 30.75458754 ], [ 74.27291398, 30.75443882 ], [ 74.27369093, 30.75346372 ], [ 74.27395976, 30.74988498 ], [ 74.27410116, 30.74800256 ], [ 74.27478714, 30.74588032 ], [ 74.27447013, 30.74548898 ], [ 74.27447984, 30.74426522 ], [ 74.27823724, 30.74170793 ], [ 74.28184379, 30.73967325 ], [ 74.28313377, 30.73862756 ], [ 74.28438628, 30.73761222 ], [ 74.28646894, 30.73564518 ], [ 74.28353973, 30.7328325 ], [ 74.28328405, 30.73260139 ], [ 74.28151424, 30.73090477 ], [ 74.28055023, 30.73174667 ], [ 74.27649742, 30.73528591 ], [ 74.27525016, 30.73665564 ], [ 74.2750536, 30.73687149 ], [ 74.27483106, 30.73711588 ], [ 74.27459882, 30.73573433 ], [ 74.2735933, 30.73404549 ], [ 74.27264858, 30.7334348 ], [ 74.27162636, 30.73246188 ], [ 74.27120392, 30.73225608 ], [ 74.26994986, 30.73341261 ], [ 74.26899481, 30.73430028 ], [ 74.26846297, 30.73439375 ], [ 74.26911916, 30.73031791 ], [ 74.26825524, 30.7292169 ], [ 74.26797883, 30.72886463 ], [ 74.26790199, 30.72849709 ], [ 74.26766992, 30.72738707 ], [ 74.26723399, 30.7266633 ], [ 74.26700081, 30.72627614 ], [ 74.2665347, 30.7258292 ], [ 74.26594744, 30.72534505 ], [ 74.26543947, 30.72490973 ], [ 74.26468364, 30.7246095 ], [ 74.26295323, 30.72392215 ], [ 74.26090189, 30.72310727 ], [ 74.2605595, 30.72310495 ], [ 74.25996435, 30.72310091 ], [ 74.25816932, 30.72335002 ], [ 74.25771568, 30.72341297 ], [ 74.25292246, 30.72432776 ], [ 74.25256283, 30.72449062 ], [ 74.25114771, 30.7251315 ], [ 74.24843326, 30.72596586 ], [ 74.24652075, 30.72599571 ], [ 74.24452967, 30.72580872 ], [ 74.24350293, 30.72602264 ], [ 74.24204448, 30.72599831 ], [ 74.24540037, 30.72452324 ], [ 74.24523341, 30.72295152 ], [ 74.23264936, 30.72454646 ], [ 74.23093852, 30.72253842 ], [ 74.23033395, 30.72230364 ], [ 74.22994919, 30.7221395 ], [ 74.22958772, 30.7210415 ], [ 74.22864362, 30.71973843 ], [ 74.22733515, 30.71883451 ], [ 74.22666225, 30.71658369 ], [ 74.22705134, 30.71507048 ], [ 74.22760777, 30.71290635 ], [ 74.22532223, 30.71308922 ], [ 74.2243061, 30.71161134 ], [ 74.22346463, 30.70994472 ], [ 74.22327815, 30.70934245 ], [ 74.22317187, 30.70684713 ], [ 74.22230586, 30.70296892 ], [ 74.22181815, 30.70191411 ], [ 74.22135433, 30.69876856 ], [ 74.21973523, 30.6960464 ], [ 74.21918678, 30.69356327 ], [ 74.21826794, 30.692787 ], [ 74.21679012, 30.69189529 ], [ 74.21658903, 30.69166042 ], [ 74.21571, 30.69063371 ], [ 74.21511348, 30.69017196 ], [ 74.21317331, 30.68870529 ], [ 74.21205633, 30.68776235 ], [ 74.20959017, 30.68360495 ], [ 74.20903322, 30.68244566 ], [ 74.2091687, 30.68120205 ], [ 74.20747605, 30.67880014 ], [ 74.20672656, 30.67786373 ], [ 74.2053288, 30.67607001 ], [ 74.20329694, 30.6751607 ], [ 74.20131194, 30.6733428 ], [ 74.19997662, 30.67221553 ], [ 74.19796573, 30.67078754 ], [ 74.19749242, 30.66901235 ], [ 74.19681346, 30.66820096 ], [ 74.1933854, 30.66520432 ], [ 74.19273465, 30.66503995 ], [ 74.19153048, 30.6647643 ], [ 74.19067961, 30.66456951 ], [ 74.18776825, 30.66367235 ], [ 74.18563701, 30.6627961 ], [ 74.18176491, 30.66145643 ], [ 74.18103787, 30.66075403 ], [ 74.17917115, 30.65836508 ], [ 74.17731711, 30.65514346 ], [ 74.172495, 30.65189965 ], [ 74.17145719, 30.65067815 ], [ 74.17040506, 30.64989956 ], [ 74.16936012, 30.64872866 ], [ 74.16720518, 30.64885073 ], [ 74.16653909, 30.64886973 ], [ 74.16572427, 30.64875396 ], [ 74.16382028, 30.64848342 ], [ 74.16335629, 30.64841749 ], [ 74.16319689, 30.64643136 ], [ 74.15953752, 30.64171852 ], [ 74.15854686, 30.64090456 ], [ 74.15608207, 30.64075793 ], [ 74.15350561, 30.63613747 ], [ 74.15323908, 30.63510778 ], [ 74.15280506, 30.6346653 ], [ 74.15134633, 30.63331347 ], [ 74.14910844, 30.63166186 ], [ 74.14872825, 30.63148442 ], [ 74.14782014, 30.63106057 ], [ 74.14741584, 30.63092846 ], [ 74.14604801, 30.63043874 ], [ 74.13946266, 30.62832934 ], [ 74.13770043, 30.62748174 ], [ 74.13338703, 30.63053372 ], [ 74.12738231, 30.63478192 ], [ 74.12774939, 30.63402984 ], [ 74.12861193, 30.63232367 ], [ 74.1268607, 30.62413583 ], [ 74.12622786, 30.62396099 ], [ 74.12126275, 30.62248202 ], [ 74.11797503, 30.60793484 ], [ 74.10507781, 30.61924036 ], [ 74.10173069, 30.61641459 ], [ 74.09607697, 30.6116038 ], [ 74.10195143, 30.61109844 ], [ 74.10226982, 30.60962558 ], [ 74.10259867, 30.60705489 ], [ 74.10194432, 30.60408322 ], [ 74.10142312, 30.60330561 ], [ 74.10013086, 30.60286282 ], [ 74.09630639, 30.60155229 ], [ 74.09531033, 30.60120109 ], [ 74.09711359, 30.59559247 ], [ 74.09872193, 30.59058956 ], [ 74.09656674, 30.58724252 ], [ 74.09803009, 30.58421993 ], [ 74.10212838, 30.57923193 ], [ 74.09703736, 30.57487857 ], [ 74.07721945, 30.55792729 ], [ 74.07342036, 30.55467685 ], [ 74.07901318, 30.54939678 ], [ 74.07999461, 30.54847016 ], [ 74.0846355, 30.54919415 ], [ 74.08563428, 30.54928464 ], [ 74.08596347, 30.54931655 ], [ 74.08733271, 30.54943851 ], [ 74.08992993, 30.54942747 ], [ 74.09091418, 30.54939715 ], [ 74.08907806, 30.5459704 ], [ 74.08764285, 30.54381915 ], [ 74.08456002, 30.53919791 ], [ 74.08273546, 30.53646265 ], [ 74.08258769, 30.53614292 ], [ 74.08135377, 30.53347301 ], [ 74.0803607, 30.53223701 ], [ 74.07990509, 30.53162056 ], [ 74.07934278, 30.53166847 ], [ 74.07855991, 30.53093823 ], [ 74.0742819, 30.52546923 ], [ 74.07374038, 30.5247769 ], [ 74.07228967, 30.52291657 ], [ 74.07148285, 30.52356364 ], [ 74.07111554, 30.52332866 ], [ 74.06717172, 30.52080556 ], [ 74.06554842, 30.52006947 ], [ 74.06353043, 30.51923335 ], [ 74.06211349, 30.51890397 ], [ 74.05897892, 30.5184601 ], [ 74.05731776, 30.5186881 ], [ 74.05505156, 30.52149894 ], [ 74.05364237, 30.52325446 ], [ 74.05171667, 30.52735892 ], [ 74.05156623, 30.52767954 ], [ 74.05147254, 30.52931572 ], [ 74.05155891, 30.53019343 ], [ 74.05172104, 30.53184122 ], [ 74.0510303, 30.53502009 ], [ 74.05001097, 30.53715998 ], [ 74.04816381, 30.53930983 ], [ 74.04777947, 30.53958482 ], [ 74.03967805, 30.54245526 ], [ 74.03922042, 30.54261739 ], [ 74.03796015, 30.5316516 ], [ 74.0358319, 30.53017722 ], [ 74.03101548, 30.52693057 ], [ 74.03005826, 30.52684112 ], [ 74.02740343, 30.52660173 ], [ 74.02579446, 30.52636118 ], [ 74.02384243, 30.52606931 ], [ 74.01799296, 30.52963356 ], [ 74.01207753, 30.53355741 ], [ 74.01115406, 30.52347335 ], [ 74.01108219, 30.52110032 ], [ 74.01998642, 30.51417031 ], [ 74.01934668, 30.51417255 ], [ 74.00682155, 30.51421593 ], [ 73.99569209, 30.51425367 ], [ 73.99268861, 30.51426373 ], [ 73.98802223, 30.50979489 ], [ 73.98580058, 30.50764933 ], [ 73.98478162, 30.50669117 ], [ 73.98250551, 30.50451106 ], [ 73.98205783, 30.50408225 ], [ 73.97902004, 30.49915565 ], [ 73.97735235, 30.49639 ], [ 73.97594369, 30.49412021 ], [ 73.96365798, 30.48485222 ], [ 73.96962096, 30.47830427 ], [ 73.96970898, 30.47527824 ], [ 73.96831631, 30.47129975 ], [ 73.96773454, 30.46911268 ], [ 73.96758194, 30.46853899 ], [ 73.96711139, 30.46741971 ], [ 73.96502465, 30.4624557 ], [ 73.9645062, 30.46028881 ], [ 73.96413868, 30.4564849 ], [ 73.963039, 30.45664934 ], [ 73.95762891, 30.45750832 ], [ 73.9569788, 30.45761153 ], [ 73.95406306, 30.45823419 ], [ 73.9501268, 30.46008413 ], [ 73.95022841, 30.46037626 ], [ 73.94931056, 30.46170973 ], [ 73.94795504, 30.46326213 ], [ 73.94700397, 30.46382684 ], [ 73.94702443, 30.46450857 ], [ 73.94724652, 30.46547818 ], [ 73.94753234, 30.4682687 ], [ 73.94584545, 30.46827143 ], [ 73.94669802, 30.47401637 ], [ 73.94743335, 30.48113626 ], [ 73.94764346, 30.48317051 ], [ 73.94771836, 30.4838956 ], [ 73.94730579, 30.48398804 ], [ 73.94665768, 30.48413327 ], [ 73.94611482, 30.48425491 ], [ 73.94345553, 30.48514423 ], [ 73.94281833, 30.48550761 ], [ 73.93507309, 30.48992408 ], [ 73.9345286, 30.49023454 ], [ 73.93361033, 30.48743227 ], [ 73.93346847, 30.48695385 ], [ 73.93288895, 30.48499931 ], [ 73.93256443, 30.48345216 ], [ 73.93220894, 30.48175732 ], [ 73.93104328, 30.4761995 ], [ 73.93139408, 30.47001272 ], [ 73.93174134, 30.46721477 ], [ 73.92973941, 30.46643244 ], [ 73.92910121, 30.46626197 ], [ 73.92774959, 30.46590094 ], [ 73.9297403, 30.46306513 ], [ 73.93155438, 30.46011231 ], [ 73.93754163, 30.45223129 ], [ 73.93728565, 30.44937835 ], [ 73.9374698, 30.44773811 ], [ 73.9372981, 30.44506933 ], [ 73.93502475, 30.44377754 ], [ 73.92625874, 30.43893028 ], [ 73.93684042, 30.43645372 ], [ 73.94015077, 30.43658794 ], [ 73.94381593, 30.43673647 ], [ 73.94884349, 30.43694007 ], [ 73.94966965, 30.43702558 ], [ 73.95693849, 30.43977849 ], [ 73.96010369, 30.44087039 ], [ 73.96772859, 30.44008217 ], [ 73.96802273, 30.44015155 ], [ 73.96912057, 30.44070478 ], [ 73.96956366, 30.44102695 ], [ 73.97079232, 30.44192031 ], [ 73.97145159, 30.44328182 ], [ 73.97191696, 30.44410163 ], [ 73.973276, 30.44455724 ], [ 73.97385147, 30.44415219 ], [ 73.97381409, 30.44388942 ], [ 73.97303466, 30.44279818 ], [ 73.97230557, 30.44180497 ], [ 73.96773758, 30.43476176 ], [ 73.96627819, 30.4325814 ], [ 73.96521878, 30.42699971 ], [ 73.96461708, 30.42452016 ], [ 73.96417924, 30.42418538 ], [ 73.96017931, 30.4222317 ], [ 73.95743592, 30.42123412 ], [ 73.95449539, 30.42016478 ], [ 73.95049973, 30.41807862 ], [ 73.94865222, 30.41674587 ], [ 73.94663275, 30.41499218 ], [ 73.94618437, 30.41447175 ], [ 73.94600176, 30.41401466 ], [ 73.9459262, 30.41376154 ], [ 73.94462135, 30.41253874 ], [ 73.94400615, 30.41140485 ], [ 73.94377453, 30.41097793 ], [ 73.94352102, 30.41051067 ], [ 73.94111624, 30.40699385 ], [ 73.93961523, 30.40481611 ], [ 73.93943026, 30.40459402 ], [ 73.93813103, 30.40324211 ], [ 73.93671033, 30.40216048 ], [ 73.93556911, 30.40146302 ], [ 73.93242058, 30.40035989 ], [ 73.93153862, 30.4001515 ], [ 73.93102745, 30.40009779 ], [ 73.92622072, 30.39961648 ], [ 73.92563769, 30.39955782 ], [ 73.92406223, 30.3990691 ], [ 73.92372842, 30.39889254 ], [ 73.92269033, 30.39834344 ], [ 73.92221416, 30.39809157 ], [ 73.92169183, 30.39767655 ], [ 73.92117188, 30.39726342 ], [ 73.92004465, 30.39611014 ], [ 73.91957106, 30.39562561 ], [ 73.91917543, 30.3947658 ], [ 73.91870382, 30.39374088 ], [ 73.91833774, 30.3929453 ], [ 73.91644333, 30.38609391 ], [ 73.91624129, 30.38561005 ], [ 73.91502941, 30.38440444 ], [ 73.9141132, 30.38348654 ], [ 73.91404705, 30.38267168 ], [ 73.91311412, 30.38225239 ], [ 73.91268507, 30.38227954 ], [ 73.91106265, 30.38087736 ], [ 73.90904176, 30.37913072 ], [ 73.90775504, 30.37801858 ], [ 73.90630547, 30.37686906 ], [ 73.90426331, 30.37521687 ], [ 73.90120339, 30.37395221 ], [ 73.90078767, 30.37310315 ], [ 73.90017254, 30.37299023 ], [ 73.89941266, 30.37318343 ], [ 73.89471759, 30.37118639 ], [ 73.89265311, 30.37024546 ], [ 73.89206011, 30.36919119 ], [ 73.89166338, 30.36915324 ], [ 73.89078599, 30.36982215 ], [ 73.89044202, 30.36983864 ], [ 73.88548048, 30.3667829 ], [ 73.88507043, 30.36653034 ], [ 73.8840258, 30.36696802 ], [ 73.88286272, 30.36562882 ], [ 73.87977596, 30.35972202 ], [ 73.88099455, 30.35899411 ], [ 73.88361264, 30.35780027 ], [ 73.88528019, 30.35724959 ], [ 73.88731975, 30.35657603 ], [ 73.88805313, 30.35633382 ], [ 73.89006401, 30.35542873 ], [ 73.89037153, 30.35529031 ], [ 73.894217, 30.35355934 ], [ 73.90260753, 30.34911879 ], [ 73.90903035, 30.34204195 ], [ 73.91061623, 30.34029154 ], [ 73.91128456, 30.33936722 ], [ 73.91230924, 30.33795 ], [ 73.91357184, 30.33680081 ], [ 73.91402858, 30.33561121 ], [ 73.91451161, 30.33494686 ], [ 73.91725547, 30.33231995 ], [ 73.91803395, 30.33157462 ], [ 73.92449212, 30.3253909 ], [ 73.92508761, 30.3248935 ], [ 73.92630087, 30.32388005 ], [ 73.92785886, 30.32257861 ], [ 73.92963312, 30.3213105 ], [ 73.93086711, 30.32006847 ], [ 73.93297307, 30.31589621 ], [ 73.9342091, 30.31329675 ], [ 73.93562097, 30.30992583 ], [ 73.93640152, 30.30806213 ], [ 73.93695133, 30.30639723 ], [ 73.93750796, 30.30564832 ], [ 73.93896125, 30.30369297 ], [ 73.93953562, 30.30241152 ], [ 73.93997345, 30.30053834 ], [ 73.94025064, 30.30011827 ], [ 73.9407261, 30.29939771 ], [ 73.94201563, 30.29744339 ], [ 73.9432292, 30.29560411 ], [ 73.94455064, 30.29342825 ], [ 73.94618199, 30.29074195 ], [ 73.94950479, 30.28605009 ], [ 73.95170588, 30.28294186 ], [ 73.95336323, 30.28060131 ], [ 73.95512149, 30.27764796 ], [ 73.95651477, 30.27609246 ], [ 73.95820009, 30.27274737 ], [ 73.95835184, 30.27245766 ], [ 73.95977432, 30.2701777 ], [ 73.96094675, 30.26630073 ], [ 73.96232643, 30.26347578 ], [ 73.96268276, 30.26209221 ], [ 73.96387215, 30.25747382 ], [ 73.96393796, 30.25721827 ], [ 73.96426341, 30.25453872 ], [ 73.96432894, 30.25415393 ], [ 73.96407958, 30.25108063 ], [ 73.96422753, 30.24848477 ], [ 73.96498358, 30.24453949 ], [ 73.96529994, 30.24292043 ], [ 73.96645218, 30.23889969 ], [ 73.96670121, 30.23803066 ], [ 73.96726934, 30.23526819 ], [ 73.96781919, 30.22575525 ], [ 73.96786885, 30.22489591 ], [ 73.9686406, 30.22188502 ], [ 73.96881081, 30.22122093 ], [ 73.96968196, 30.21668098 ], [ 73.97036022, 30.21030994 ], [ 73.97089205, 30.20781011 ], [ 73.97235229, 30.20094572 ], [ 73.97274909, 30.19834438 ], [ 73.97262531, 30.19810013 ], [ 73.97339855, 30.19432459 ], [ 73.97388522, 30.19196638 ], [ 73.97419364, 30.18881342 ], [ 73.97405168, 30.1870319 ], [ 73.97385145, 30.18420858 ], [ 73.97379833, 30.1830088 ], [ 73.97360512, 30.18187237 ], [ 73.97350967, 30.18108848 ], [ 73.97300438, 30.17842295 ], [ 73.97291079, 30.17794117 ], [ 73.9720461, 30.17507638 ], [ 73.97027816, 30.17200609 ], [ 73.96871826, 30.1692738 ], [ 73.96818811, 30.16849267 ], [ 73.96823551, 30.16392027 ], [ 73.96820401, 30.16081034 ], [ 73.96817832, 30.15827329 ], [ 73.96810056, 30.1528428 ], [ 73.96815274, 30.14771893 ], [ 73.96805675, 30.14514902 ], [ 73.96800365, 30.14372728 ], [ 73.96846805, 30.14084055 ], [ 73.96922982, 30.13434607 ], [ 73.96944597, 30.13249979 ], [ 73.97001929, 30.12922227 ], [ 73.97013213, 30.12857719 ], [ 73.9707327, 30.12514376 ], [ 73.97325019, 30.12277249 ], [ 73.97512159, 30.12009472 ], [ 73.97277549, 30.12012525 ], [ 73.9676172, 30.11896535 ], [ 73.96348872, 30.11489058 ], [ 73.95556025, 30.10722345 ], [ 73.95217014, 30.10406822 ], [ 73.95146806, 30.10170512 ], [ 73.95105064, 30.1005327 ], [ 73.94941461, 30.09593739 ], [ 73.9472079, 30.09294822 ], [ 73.94379723, 30.088841 ], [ 73.94190224, 30.08614922 ], [ 73.941171, 30.08519975 ], [ 73.93980496, 30.08342602 ], [ 73.93646731, 30.07892161 ], [ 73.93479323, 30.07596006 ], [ 73.93434911, 30.07516094 ], [ 73.93186792, 30.07140921 ], [ 73.930883, 30.06997621 ], [ 73.92988538, 30.06859559 ], [ 73.92674143, 30.06612513 ], [ 73.92040778, 30.0614456 ], [ 73.9160299, 30.05809117 ], [ 73.9109722, 30.05454955 ], [ 73.90402904, 30.05008376 ], [ 73.90273216, 30.04692673 ], [ 73.90134695, 30.0438057 ], [ 73.90024704, 30.04087863 ], [ 73.89932884, 30.03805517 ], [ 73.89778804, 30.0336939 ], [ 73.89618513, 30.02870544 ], [ 73.89576699, 30.02770949 ], [ 73.89467601, 30.02511089 ], [ 73.8937632, 30.02239107 ], [ 73.89130052, 30.0188011 ], [ 73.88811747, 30.01443524 ], [ 73.88680083, 30.01278898 ], [ 73.88627544, 30.01210745 ], [ 73.88659534, 30.01074495 ], [ 73.88656213, 30.01022711 ], [ 73.88660324, 30.0080846 ], [ 73.88657699, 30.00513466 ], [ 73.88646806, 30.00295614 ], [ 73.88633815, 30.00118801 ], [ 73.88631725, 29.99993856 ], [ 73.8862592, 29.99892521 ], [ 73.88616239, 29.99723171 ], [ 73.88624942, 29.996141 ], [ 73.88722868, 29.99448563 ], [ 73.88893312, 29.99210377 ], [ 73.891197, 29.98891916 ], [ 73.89313957, 29.98587421 ], [ 73.89486447, 29.9833661 ], [ 73.89575526, 29.98130912 ], [ 73.89612, 29.97871693 ], [ 73.89587326, 29.97700604 ], [ 73.89567944, 29.97597934 ], [ 73.89527206, 29.97540943 ], [ 73.89470854, 29.97388868 ], [ 73.89555161, 29.97415542 ], [ 73.89740624, 29.97408748 ], [ 73.90054065, 29.97397859 ], [ 73.90997981, 29.97351626 ], [ 73.92204562, 29.97308406 ], [ 73.92813624, 29.97290577 ], [ 73.9293658, 29.9728376 ], [ 73.93022584, 29.97283718 ], [ 73.93434961, 29.97268664 ], [ 73.93890853, 29.97247244 ], [ 73.94111537, 29.97237663 ], [ 73.94315143, 29.97229885 ], [ 73.94620277, 29.97222507 ], [ 73.94731666, 29.97221099 ], [ 73.95164624, 29.97202445 ], [ 73.95665712, 29.97180855 ], [ 73.96376468, 29.97152421 ], [ 73.96510125, 29.97150979 ], [ 73.96666573, 29.97146815 ], [ 73.97031808, 29.97140233 ], [ 73.97547783, 29.97123157 ], [ 73.97669966, 29.97114899 ], [ 73.98144565, 29.97105537 ], [ 73.98448137, 29.97094018 ], [ 73.9891697, 29.97078287 ], [ 73.99110211, 29.97074505 ], [ 73.99395462, 29.97067973 ], [ 73.99623066, 29.97062761 ], [ 73.99871212, 29.97050806 ], [ 73.9991539, 29.97043483 ], [ 74.0059948, 29.97022515 ], [ 74.00966437, 29.97008657 ], [ 74.01171658, 29.97000912 ], [ 74.01698308, 29.96993242 ], [ 74.02337601, 29.96976152 ], [ 74.03286199, 29.96944827 ], [ 74.0342711, 29.96938148 ], [ 74.03679679, 29.96930163 ], [ 74.04056054, 29.96918264 ], [ 74.04792209, 29.96901578 ], [ 74.05933277, 29.96863257 ], [ 74.06523881, 29.9684339 ], [ 74.06858769, 29.9682684 ], [ 74.0777781, 29.9679742 ], [ 74.08339588, 29.96779461 ], [ 74.08572776, 29.96771045 ], [ 74.09817366, 29.96725821 ], [ 74.09898183, 29.96719521 ], [ 74.10028902, 29.96715637 ], [ 74.10169448, 29.9671146 ], [ 74.11666297, 29.96632319 ], [ 74.12324178, 29.96597534 ], [ 74.13060315, 29.96565041 ], [ 74.14180815, 29.96503144 ], [ 74.14489966, 29.96494538 ], [ 74.1468744, 29.96470139 ], [ 74.14769628, 29.96463947 ], [ 74.14843365, 29.96458391 ], [ 74.15124232, 29.96444884 ], [ 74.15622875, 29.96413102 ], [ 74.1626222, 29.96372352 ], [ 74.16913342, 29.96318915 ], [ 74.17274328, 29.96301884 ], [ 74.17655133, 29.96283918 ], [ 74.17811999, 29.96285666 ], [ 74.19375757, 29.96173539 ], [ 74.1985142, 29.9613943 ], [ 74.21153119, 29.96054741 ], [ 74.21625993, 29.96031416 ], [ 74.23248844, 29.95920572 ], [ 74.24337781, 29.95852483 ], [ 74.24929948, 29.95814611 ], [ 74.25604461, 29.95763671 ], [ 74.26330225, 29.95710622 ], [ 74.26521956, 29.95706874 ], [ 74.26820609, 29.95691409 ], [ 74.26893977, 29.95687906 ], [ 74.27184423, 29.95674333 ], [ 74.27535123, 29.9564979 ], [ 74.27649121, 29.95641763 ], [ 74.27881687, 29.95633363 ], [ 74.28356189, 29.95608878 ], [ 74.28892837, 29.95580366 ], [ 74.29191729, 29.95563885 ], [ 74.29360321, 29.95558842 ], [ 74.29679899, 29.95543151 ], [ 74.29826743, 29.95533899 ], [ 74.30163594, 29.9552204 ], [ 74.30499187, 29.95496225 ], [ 74.30939991, 29.9546968 ], [ 74.31776174, 29.95421521 ], [ 74.32324071, 29.95391812 ], [ 74.32720655, 29.95375455 ], [ 74.32819104, 29.95367047 ], [ 74.32909914, 29.95359106 ], [ 74.33474005, 29.95322301 ], [ 74.33880619, 29.95300753 ], [ 74.34089371, 29.95288636 ], [ 74.34277911, 29.95276963 ], [ 74.34568705, 29.95263831 ], [ 74.34638112, 29.95260632 ], [ 74.34947656, 29.9523786 ], [ 74.35123594, 29.95230593 ], [ 74.35241342, 29.95225729 ], [ 74.35534516, 29.95204582 ], [ 74.36101172, 29.95169461 ], [ 74.36467869, 29.95150248 ], [ 74.36511977, 29.95147937 ], [ 74.36586499, 29.95144031 ], [ 74.36658329, 29.95140264 ], [ 74.36771664, 29.95134148 ], [ 74.37002412, 29.95118825 ], [ 74.37223593, 29.95104137 ], [ 74.37908851, 29.95063529 ], [ 74.38041311, 29.95055218 ], [ 74.38383814, 29.95033731 ], [ 74.38561772, 29.95025571 ], [ 74.38853599, 29.95014746 ], [ 74.39368956, 29.94982199 ], [ 74.40178363, 29.94941165 ], [ 74.40395533, 29.94931502 ], [ 74.40876692, 29.94904318 ], [ 74.40917602, 29.9489934 ], [ 74.41344905, 29.94878485 ], [ 74.41623249, 29.94865411 ], [ 74.41876821, 29.94853501 ], [ 74.42446557, 29.9481766 ], [ 74.42721056, 29.94804467 ], [ 74.43052017, 29.94796217 ], [ 74.43096463, 29.94794197 ], [ 74.43452892, 29.94777994 ], [ 74.43902248, 29.94754337 ], [ 74.44040733, 29.94747043 ], [ 74.44167991, 29.94740585 ], [ 74.44363921, 29.94730642 ], [ 74.44482544, 29.94725065 ], [ 74.44810461, 29.94709807 ], [ 74.45199979, 29.9468369 ], [ 74.45246969, 29.94680539 ], [ 74.45331394, 29.94686347 ], [ 74.45588272, 29.94663628 ], [ 74.45686322, 29.94658323 ], [ 74.45891771, 29.94647208 ], [ 74.46313865, 29.94626172 ], [ 74.46371029, 29.94623085 ], [ 74.46626688, 29.94609279 ], [ 74.46874068, 29.94596805 ], [ 74.47044131, 29.9458823 ], [ 74.47266829, 29.94579039 ], [ 74.47524911, 29.94563751 ], [ 74.47637119, 29.94557105 ], [ 74.4767615, 29.94555082 ], [ 74.48282424, 29.94523668 ], [ 74.48417785, 29.94515776 ], [ 74.48973296, 29.94483389 ], [ 74.49395372, 29.94458206 ], [ 74.49450263, 29.94456747 ], [ 74.49623771, 29.94452135 ], [ 74.49921432, 29.94456014 ], [ 74.5006207, 29.94457862 ], [ 74.50842117, 29.94420682 ], [ 74.5108288, 29.94409195 ], [ 74.51650105, 29.94382131 ], [ 74.52717257, 29.94283442 ], [ 74.52971516, 29.94705652 ], [ 74.53175495, 29.94924055 ], [ 74.53536149, 29.94608163 ], [ 74.54042567, 29.94142105 ], [ 74.54136729, 29.94066138 ], [ 74.54201604, 29.94014468 ], [ 74.54476925, 29.9391649 ], [ 74.54804115, 29.93706101 ], [ 74.55176749, 29.93521474 ], [ 74.55905633, 29.9305898 ], [ 74.56073339, 29.92933272 ], [ 74.5603173, 29.92876073 ], [ 74.55898251, 29.92713443 ], [ 74.56254222, 29.92720028 ], [ 74.5644901, 29.92767419 ], [ 74.56753634, 29.92752438 ], [ 74.57018393, 29.92739417 ], [ 74.57413871, 29.92701614 ], [ 74.57820295, 29.92598016 ], [ 74.58244832, 29.92439054 ], [ 74.58784764, 29.91823003 ], [ 74.59074384, 29.91609398 ], [ 74.59669938, 29.91231092 ], [ 74.60066028, 29.91201404 ], [ 74.60677945, 29.9108733 ], [ 74.60738094, 29.91076116 ], [ 74.61296258, 29.90896649 ], [ 74.62217837, 29.90747397 ], [ 74.62718476, 29.90611177 ], [ 74.62924534, 29.90507429 ], [ 74.63270886, 29.90469518 ], [ 74.64215909, 29.90448913 ], [ 74.64683883, 29.90438895 ], [ 74.65419157, 29.90561248 ], [ 74.65065869, 29.90660087 ], [ 74.64919891, 29.90754385 ], [ 74.6482207, 29.90886558 ], [ 74.64692156, 29.91047163 ], [ 74.64670431, 29.91146397 ], [ 74.64775931, 29.91736364 ], [ 74.64784469, 29.91784253 ], [ 74.64832757, 29.91958854 ], [ 74.6486022, 29.92058175 ], [ 74.65098353, 29.92528029 ], [ 74.65161237, 29.92652073 ], [ 74.65822933, 29.93230174 ], [ 74.66211742, 29.93491084 ], [ 74.6697306, 29.93925289 ], [ 74.675353, 29.94201684 ], [ 74.67768228, 29.94282075 ], [ 74.67865882, 29.94310195 ], [ 74.68204384, 29.94338004 ], [ 74.68434144, 29.94657688 ], [ 74.68633078, 29.94934925 ], [ 74.68741777, 29.95414837 ], [ 74.68774357, 29.95558676 ], [ 74.68899419, 29.95917659 ], [ 74.69190811, 29.96324363 ], [ 74.69313889, 29.96585845 ], [ 74.6936253, 29.9668918 ], [ 74.69541342, 29.9684501 ], [ 74.69603706, 29.96899304 ], [ 74.70163824, 29.97171283 ], [ 74.70218778, 29.97197995 ], [ 74.70404664, 29.97404282 ], [ 74.70665389, 29.97693855 ], [ 74.7066577, 29.97521066 ], [ 74.70666784, 29.97061566 ], [ 74.70724144, 29.9704156 ], [ 74.70892753, 29.96982895 ], [ 74.71617053, 29.96730885 ], [ 74.71648366, 29.96719985 ], [ 74.7183436, 29.96652194 ], [ 74.72154639, 29.96535457 ], [ 74.72392861, 29.96345619 ], [ 74.72576962, 29.9625334 ], [ 74.72655187, 29.96224112 ], [ 74.72837238, 29.96156088 ], [ 74.72938665, 29.96142177 ], [ 74.7299178, 29.96134892 ], [ 74.73061652, 29.96142486 ], [ 74.73140544, 29.96151248 ], [ 74.7319128, 29.9617561 ], [ 74.7321932, 29.96189074 ], [ 74.73354643, 29.96295856 ], [ 74.7360981, 29.96567632 ], [ 74.73725603, 29.96679842 ], [ 74.73794706, 29.96747101 ], [ 74.73907886, 29.9680257 ], [ 74.73948474, 29.96817666 ], [ 74.74028132, 29.96843617 ], [ 74.7449152, 29.96812449 ], [ 74.74686108, 29.96803331 ], [ 74.74954845, 29.9679072 ], [ 74.75023805, 29.96775867 ], [ 74.75104148, 29.96741209 ], [ 74.75226947, 29.96724628 ], [ 74.75318622, 29.96733288 ], [ 74.75362589, 29.96793771 ], [ 74.75372287, 29.96909251 ], [ 74.75393385, 29.96965419 ], [ 74.75483009, 29.96984693 ], [ 74.75583559, 29.96991987 ], [ 74.75829626, 29.96997618 ], [ 74.75825405, 29.97055279 ], [ 74.7582015, 29.9712706 ], [ 74.75832737, 29.97219084 ], [ 74.75873883, 29.97256106 ], [ 74.75933952, 29.97275559 ], [ 74.76003348, 29.97300421 ], [ 74.76082073, 29.97322593 ], [ 74.76183069, 29.97341621 ], [ 74.76287208, 29.97336304 ], [ 74.76334817, 29.97333624 ], [ 74.7638202, 29.97330968 ], [ 74.76492421, 29.97284156 ], [ 74.76584169, 29.97240475 ], [ 74.76658873, 29.97233237 ], [ 74.76742707, 29.97240605 ], [ 74.76836983, 29.9725151 ], [ 74.76952665, 29.9726383 ], [ 74.77006501, 29.97263943 ], [ 74.77020275, 29.97214348 ], [ 74.77036089, 29.97182281 ], [ 74.77086758, 29.97183142 ], [ 74.77137013, 29.97183183 ], [ 74.77203316, 29.97188649 ], [ 74.77276999, 29.97224503 ], [ 74.77338965, 29.97271297 ], [ 74.77392813, 29.97309679 ], [ 74.77462203, 29.97337246 ], [ 74.77531629, 29.9733459 ], [ 74.77597961, 29.97320654 ], [ 74.77657559, 29.97293188 ], [ 74.77728879, 29.97247729 ], [ 74.77772425, 29.97184657 ], [ 74.77844037, 29.97162361 ], [ 74.77973437, 29.97214689 ], [ 74.78000748, 29.97232074 ], [ 74.78090188, 29.97289009 ], [ 74.78156452, 29.97333048 ], [ 74.78285799, 29.97445874 ], [ 74.78359316, 29.97500037 ], [ 74.784888, 29.97596809 ], [ 74.78598209, 29.97676062 ], [ 74.78632392, 29.9770331 ], [ 74.7865706, 29.97723299 ], [ 74.78719193, 29.97777462 ], [ 74.78796327, 29.97847883 ], [ 74.78832231, 29.97882365 ], [ 74.78867466, 29.97916572 ], [ 74.789014, 29.97948522 ], [ 74.78935062, 29.97980579 ], [ 74.78970766, 29.98016859 ], [ 74.7900073, 29.98047635 ], [ 74.79026649, 29.98069736 ], [ 74.79068626, 29.98103356 ], [ 74.79125498, 29.98141321 ], [ 74.79177373, 29.98180551 ], [ 74.79229669, 29.98214866 ], [ 74.79316147, 29.98275358 ], [ 74.79349122, 29.98295775 ], [ 74.79387907, 29.98319893 ], [ 74.79453366, 29.9836895 ], [ 74.79489821, 29.98396199 ], [ 74.79558493, 29.98447811 ], [ 74.79669314, 29.98526361 ], [ 74.79787892, 29.98621154 ], [ 74.79880077, 29.98686605 ], [ 74.79975875, 29.9876063 ], [ 74.80016805, 29.98790172 ], [ 74.80105348, 29.98854077 ], [ 74.80223933, 29.98943903 ], [ 74.80349789, 29.99034182 ], [ 74.80449229, 29.99102792 ], [ 74.80563692, 29.99176827 ], [ 74.80599422, 29.99199399 ], [ 74.80642944, 29.99214309 ], [ 74.80740356, 29.99221125 ], [ 74.80790439, 29.99223806 ], [ 74.80825337, 29.99225674 ], [ 74.80879739, 29.99229314 ], [ 74.80966274, 29.99230708 ], [ 74.81069381, 29.99238877 ], [ 74.81150097, 29.99238913 ], [ 74.81244526, 29.99237608 ], [ 74.81296293, 29.99234625 ], [ 74.81361117, 29.9923089 ], [ 74.81428486, 29.99219646 ], [ 74.81524356, 29.99207968 ], [ 74.81611947, 29.99193847 ], [ 74.8171042, 29.99149411 ], [ 74.81796977, 29.99102991 ], [ 74.81877836, 29.99062431 ], [ 74.81986685, 29.98993458 ], [ 74.8208257, 29.98938025 ], [ 74.82199205, 29.98855979 ], [ 74.8230858, 29.98759492 ], [ 74.82349548, 29.98705384 ], [ 74.8240312, 29.98620869 ], [ 74.8243073, 29.98577596 ], [ 74.82457191, 29.9849564 ], [ 74.82483681, 29.98408731 ], [ 74.82493004, 29.98378701 ], [ 74.82509064, 29.98327268 ], [ 74.82521255, 29.98288227 ], [ 74.82551501, 29.98206614 ], [ 74.82562623, 29.98152041 ], [ 74.82574087, 29.98065044 ], [ 74.82602521, 29.97921312 ], [ 74.82623887, 29.97779618 ], [ 74.82631029, 29.97717826 ], [ 74.82617587, 29.97684139 ], [ 74.82600639, 29.97662859 ], [ 74.82570372, 29.97618502 ], [ 74.82535029, 29.97557877 ], [ 74.824786, 29.97474594 ], [ 74.82410771, 29.97392614 ], [ 74.82305853, 29.97277958 ], [ 74.82264139, 29.9724076 ], [ 74.82179624, 29.97174925 ], [ 74.82102245, 29.97097271 ], [ 74.82137962, 29.97088717 ], [ 74.82172158, 29.97083769 ], [ 74.82230184, 29.97078832 ], [ 74.82265924, 29.97090121 ], [ 74.8231824, 29.97106829 ], [ 74.82363821, 29.97119934 ], [ 74.82414583, 29.97139348 ], [ 74.82447912, 29.97157255 ], [ 74.82499008, 29.97185384 ], [ 74.82557345, 29.97219726 ], [ 74.82619758, 29.97253206 ], [ 74.8266992, 29.97281969 ], [ 74.82705654, 29.97303182 ], [ 74.82745022, 29.97321241 ], [ 74.82801487, 29.97329382 ], [ 74.82868833, 29.97334364 ], [ 74.82955364, 29.97321318 ], [ 74.83097235, 29.97262321 ], [ 74.83130305, 29.97251097 ], [ 74.83158481, 29.97241542 ], [ 74.83204737, 29.97219047 ], [ 74.83255896, 29.97205495 ], [ 74.83299637, 29.97188745 ], [ 74.83344492, 29.9717259 ], [ 74.8342325, 29.9715954 ], [ 74.83466763, 29.97170827 ], [ 74.83506906, 29.97180985 ], [ 74.83558971, 29.971907 ], [ 74.83609752, 29.97187564 ], [ 74.83659994, 29.97175842 ], [ 74.83710773, 29.97161431 ], [ 74.83780715, 29.97138438 ], [ 74.83846526, 29.97115909 ], [ 74.83949643, 29.97043764 ], [ 74.839911, 29.97007694 ], [ 74.84113399, 29.9688323 ], [ 74.84139626, 29.96845102 ], [ 74.84159014, 29.9681648 ], [ 74.84194259, 29.96762369 ], [ 74.84237991, 29.96694922 ], [ 74.84258394, 29.96663598 ], [ 74.8427807, 29.96624036 ], [ 74.84315194, 29.96543593 ], [ 74.8432768, 29.96501885 ], [ 74.84331967, 29.96472959 ], [ 74.84377232, 29.96429983 ], [ 74.84474637, 29.96359639 ], [ 74.84574625, 29.96320424 ], [ 74.8468705, 29.96276239 ], [ 74.84837285, 29.96232068 ], [ 74.84887909, 29.96222455 ], [ 74.84927426, 29.96214951 ], [ 74.85064709, 29.96187459 ], [ 74.85096834, 29.96162652 ], [ 74.85118279, 29.96133952 ], [ 74.85171973, 29.96044945 ], [ 74.85220684, 29.95964659 ], [ 74.85265768, 29.95889348 ], [ 74.85280779, 29.95866366 ], [ 74.85296174, 29.95843327 ], [ 74.85328436, 29.95811264 ], [ 74.85382335, 29.95758556 ], [ 74.85435188, 29.95701281 ], [ 74.8548026, 29.95673324 ], [ 74.85546827, 29.95640406 ], [ 74.85579718, 29.9564402 ], [ 74.85628663, 29.956553 ], [ 74.85679162, 29.95681472 ], [ 74.8576411, 29.95717565 ], [ 74.85962622, 29.9580529 ], [ 74.86012205, 29.95827202 ], [ 74.86070082, 29.95856669 ], [ 74.8612461, 29.95883145 ], [ 74.86163975, 29.95902543 ], [ 74.86233901, 29.95931866 ], [ 74.86315737, 29.95976079 ], [ 74.86355621, 29.95994128 ], [ 74.86412081, 29.96004052 ], [ 74.86470097, 29.96013978 ], [ 74.86565935, 29.9601714 ], [ 74.86676781, 29.96018954 ], [ 74.86772621, 29.96020311 ], [ 74.86898489, 29.96023481 ], [ 74.86938377, 29.96013557 ], [ 74.86990702, 29.96005438 ], [ 74.8707358, 29.95981084 ], [ 74.87165784, 29.95948162 ], [ 74.87268865, 29.95907564 ], [ 74.87383678, 29.95842754 ], [ 74.87573973, 29.95755107 ], [ 74.87595152, 29.9577611 ], [ 74.87644931, 29.95825476 ], [ 74.876786, 29.95858396 ], [ 74.87729368, 29.95910719 ], [ 74.87793087, 29.95968908 ], [ 74.87834525, 29.95986042 ], [ 74.87879599, 29.9600048 ], [ 74.87953155, 29.9602709 ], [ 74.88030341, 29.96056406 ], [ 74.88141199, 29.96120444 ], [ 74.88249979, 29.96187648 ], [ 74.88362918, 29.96266124 ], [ 74.88419389, 29.96303554 ], [ 74.88533878, 29.96401882 ], [ 74.88618323, 29.96475849 ], [ 74.88650452, 29.96521399 ], [ 74.8870848, 29.96609801 ], [ 74.88754078, 29.96665729 ], [ 74.88797928, 29.96716916 ], [ 74.88825564, 29.96655343 ], [ 74.88848385, 29.96615224 ], [ 74.88877872, 29.96566931 ], [ 74.88939413, 29.96498138 ], [ 74.88998037, 29.96427997 ], [ 74.89065881, 29.96355813 ], [ 74.89130109, 29.96290409 ], [ 74.89180865, 29.9623943 ], [ 74.89253895, 29.96180785 ], [ 74.89340396, 29.9612664 ], [ 74.89430514, 29.96064386 ], [ 74.89582793, 29.95967837 ], [ 74.89648563, 29.9592362 ], [ 74.89710675, 29.95877957 ], [ 74.89778049, 29.95828427 ], [ 74.89885906, 29.95747703 ], [ 74.89957641, 29.95685808 ], [ 74.90005395, 29.95639843 ], [ 74.90075312, 29.95584346 ], [ 74.90133311, 29.95528401 ], [ 74.90219787, 29.954481 ], [ 74.9024983, 29.95423731 ], [ 74.90270529, 29.95379528 ], [ 74.90325331, 29.95219038 ], [ 74.90328864, 29.95190491 ], [ 74.90315657, 29.95146226 ], [ 74.90302436, 29.9510512 ], [ 74.9028724, 29.95047764 ], [ 74.90249488, 29.94951525 ], [ 74.90221438, 29.94877878 ], [ 74.90170913, 29.94751808 ], [ 74.90061929, 29.94528946 ], [ 74.89977063, 29.94429333 ], [ 74.89851003, 29.9429164 ], [ 74.89806228, 29.94244071 ], [ 74.89685626, 29.94146095 ], [ 74.89623695, 29.94108376 ], [ 74.89544412, 29.94060766 ], [ 74.89610857, 29.94017452 ], [ 74.89697794, 29.93963986 ], [ 74.89728927, 29.93945264 ], [ 74.897631, 29.93940299 ], [ 74.89814683, 29.93943849 ], [ 74.89860471, 29.93950201 ], [ 74.89941263, 29.93951999 ], [ 74.89996162, 29.9396642 ], [ 74.90071261, 29.93979483 ], [ 74.90123578, 29.9399255 ], [ 74.90176404, 29.93996148 ], [ 74.90262892, 29.93999286 ], [ 74.90365957, 29.94010546 ], [ 74.9044312, 29.94005561 ], [ 74.90516669, 29.94007357 ], [ 74.9055189, 29.94022228 ], [ 74.90593748, 29.94032069 ], [ 74.90649777, 29.94040245 ], [ 74.90724883, 29.94062782 ], [ 74.90802066, 29.94106964 ], [ 74.90858531, 29.94141686 ], [ 74.90975074, 29.94195329 ], [ 74.9108178, 29.94239506 ], [ 74.91172434, 29.94281876 ], [ 74.91288467, 29.94335968 ], [ 74.91354257, 29.94378351 ], [ 74.91510707, 29.94473478 ], [ 74.91621573, 29.94540653 ], [ 74.91724674, 29.94606018 ], [ 74.9180342, 29.94650198 ], [ 74.91886308, 29.94696174 ], [ 74.9191273, 29.94718723 ], [ 74.91954188, 29.94771482 ], [ 74.92025695, 29.94846785 ], [ 74.92083738, 29.94918477 ], [ 74.92196729, 29.95062781 ], [ 74.92236111, 29.95116444 ], [ 74.92260478, 29.95155674 ], [ 74.92283747, 29.95206435 ], [ 74.92330417, 29.95185419 ], [ 74.92380321, 29.95162274 ], [ 74.92463501, 29.95126283 ], [ 74.9254998, 29.95090166 ], [ 74.92674767, 29.95029301 ], [ 74.926813, 29.94978483 ], [ 74.92684036, 29.94888031 ], [ 74.92683142, 29.94776132 ], [ 74.92682988, 29.94747627 ], [ 74.9268083, 29.94700752 ], [ 74.92678834, 29.94657401 ], [ 74.92678749, 29.94584378 ], [ 74.92704048, 29.94537103 ], [ 74.92757864, 29.9444462 ], [ 74.92818397, 29.94334082 ], [ 74.92863928, 29.94245661 ], [ 74.92915672, 29.94151363 ], [ 74.92981888, 29.94024585 ], [ 74.93034656, 29.93919468 ], [ 74.93065702, 29.93859919 ], [ 74.93107093, 29.93798552 ], [ 74.93180057, 29.93688016 ], [ 74.93260773, 29.93566643 ], [ 74.93302164, 29.93501676 ], [ 74.93360124, 29.93424967 ], [ 74.93401511, 29.93365411 ], [ 74.93462043, 29.93256681 ], [ 74.93538612, 29.93135304 ], [ 74.93598599, 29.9300177 ], [ 74.93639973, 29.92904772 ], [ 74.93668888, 29.92779814 ], [ 74.93695652, 29.92690963 ], [ 74.93666824, 29.92677491 ], [ 74.93634799, 29.92664275 ], [ 74.93637727, 29.92629625 ], [ 74.93664633, 29.92595335 ], [ 74.93710153, 29.92524946 ], [ 74.93755679, 29.92455913 ], [ 74.9381777, 29.92372885 ], [ 74.9388864, 29.92274519 ], [ 74.93922269, 29.92223984 ], [ 74.9395744, 29.92154956 ], [ 74.94005014, 29.92066528 ], [ 74.94036053, 29.92017339 ], [ 74.94077421, 29.91937937 ], [ 74.94112901, 29.91867039 ], [ 74.94178267, 29.9175701 ], [ 74.94234465, 29.9174148 ], [ 74.94266281, 29.91731259 ], [ 74.94303556, 29.91727626 ], [ 74.94369453, 29.91715331 ], [ 74.94376816, 29.9168321 ], [ 74.94388413, 29.91649547 ], [ 74.94411199, 29.91606183 ], [ 74.94425406, 29.91577627 ], [ 74.9447787, 29.91471785 ], [ 74.94515099, 29.91399595 ], [ 74.94550255, 29.91325152 ], [ 74.94591618, 29.91242131 ], [ 74.94617972, 29.91178519 ], [ 74.94644846, 29.91104531 ], [ 74.94651168, 29.91079073 ], [ 74.94659732, 29.91045744 ], [ 74.9467155, 29.90996378 ], [ 74.94692874, 29.90930847 ], [ 74.94701973, 29.90878993 ], [ 74.94711445, 29.90849191 ], [ 74.94743876, 29.90799686 ], [ 74.94769364, 29.90751733 ], [ 74.94821089, 29.90684499 ], [ 74.94881095, 29.9062312 ], [ 74.94931273, 29.90561295 ], [ 74.94982474, 29.90490904 ], [ 74.9503471, 29.90425462 ], [ 74.95090568, 29.90351462 ], [ 74.95125748, 29.90315357 ], [ 74.95169191, 29.90264364 ], [ 74.95212652, 29.90230055 ], [ 74.95280649, 29.90185335 ], [ 74.95319028, 29.90169389 ], [ 74.95372561, 29.90143351 ], [ 74.95424324, 29.90130243 ], [ 74.95499372, 29.90109446 ], [ 74.95600836, 29.90103071 ], [ 74.95684183, 29.90097604 ], [ 74.95719382, 29.90092173 ], [ 74.95777357, 29.90083112 ], [ 74.95874663, 29.90066817 ], [ 74.95982847, 29.90048699 ], [ 74.96069811, 29.90028801 ], [ 74.96180055, 29.90007075 ], [ 74.9627529, 29.89977692 ], [ 74.96360171, 29.89953727 ], [ 74.96435217, 29.89932028 ], [ 74.96524231, 29.899031 ], [ 74.96573914, 29.89888632 ], [ 74.96680017, 29.89861489 ], [ 74.96806308, 29.89830734 ], [ 74.96968301, 29.8978686 ], [ 74.97020054, 29.89774195 ], [ 74.97105441, 29.89739848 ], [ 74.97184092, 29.89703708 ], [ 74.97350187, 29.89620144 ], [ 74.97452117, 29.89573151 ], [ 74.97528695, 29.89538813 ], [ 74.9760943, 29.89509429 ], [ 74.97694814, 29.894805 ], [ 74.97794164, 29.89446144 ], [ 74.97877408, 29.89418862 ], [ 74.97879154, 29.89384238 ], [ 74.97881541, 29.89333756 ], [ 74.97880075, 29.89303235 ], [ 74.97876773, 29.8923453 ], [ 74.9787878, 29.89167765 ], [ 74.97861585, 29.89140773 ], [ 74.97833177, 29.89120893 ], [ 74.97784738, 29.89068675 ], [ 74.97738611, 29.89022979 ], [ 74.9770464, 29.88967183 ], [ 74.976856, 29.88933989 ], [ 74.97698354, 29.88896369 ], [ 74.97710721, 29.88844037 ], [ 74.97739657, 29.88789435 ], [ 74.97785139, 29.88719039 ], [ 74.97843896, 29.88623212 ], [ 74.97886937, 29.88557924 ], [ 74.97930344, 29.88485274 ], [ 74.97973051, 29.88409335 ], [ 74.97988207, 29.88382388 ], [ 74.98065214, 29.882682 ], [ 74.98125153, 29.88168472 ], [ 74.98170615, 29.88089952 ], [ 74.98228503, 29.8801232 ], [ 74.98271897, 29.87937854 ], [ 74.98319957, 29.87867453 ], [ 74.98359239, 29.87820057 ], [ 74.98417115, 29.87729796 ], [ 74.98470837, 29.87640899 ], [ 74.98500294, 29.87592153 ], [ 74.98547825, 29.87515883 ], [ 74.9860157, 29.87445923 ], [ 74.9866359, 29.87364232 ], [ 74.98698721, 29.87306468 ], [ 74.98729711, 29.87254115 ], [ 74.98798434, 29.8715798 ], [ 74.9886251, 29.87067258 ], [ 74.98949831, 29.8694224 ], [ 74.99005638, 29.8686822 ], [ 74.99058345, 29.86797809 ], [ 74.99092473, 29.86772516 ], [ 74.99121441, 29.86765273 ], [ 74.9915664, 29.86765247 ], [ 74.99211505, 29.86775564 ], [ 74.99256259, 29.86777351 ], [ 74.99331058, 29.86775908 ], [ 74.99405574, 29.86766825 ], [ 74.99451626, 29.86761364 ], [ 74.99498706, 29.86746441 ], [ 74.9958561, 29.86721101 ], [ 74.99637859, 29.8670076 ], [ 74.99693714, 29.86670035 ], [ 74.99735091, 29.86651948 ], [ 74.99776466, 29.86628458 ], [ 74.99805949, 29.86612192 ], [ 74.99847776, 29.86610546 ], [ 74.99902262, 29.86619237 ], [ 74.9991047, 29.8664593 ], [ 75.00009776, 29.86688421 ], [ 75.00118398, 29.86775008 ], [ 75.00159723, 29.86808098 ], [ 75.00214751, 29.86824731 ], [ 75.00285434, 29.86846097 ], [ 75.00421502, 29.86885468 ], [ 75.00491869, 29.86897258 ], [ 75.00602125, 29.8688518 ], [ 75.00687108, 29.86869793 ], [ 75.00825218, 29.86844785 ], [ 75.00939842, 29.86825486 ], [ 75.01147711, 29.86790486 ], [ 75.0153436, 29.86732171 ], [ 75.01637311, 29.86716719 ], [ 75.01746584, 29.86700318 ], [ 75.01865119, 29.86683726 ], [ 75.02032305, 29.86657698 ], [ 75.022014, 29.86633998 ], [ 75.02250829, 29.8663024 ], [ 75.02342451, 29.86736563 ], [ 75.02481448, 29.86891776 ], [ 75.02537014, 29.86961886 ], [ 75.02598234, 29.87040144 ], [ 75.02680064, 29.87136966 ], [ 75.02712936, 29.871903 ], [ 75.02812282, 29.87305678 ], [ 75.02898238, 29.87406569 ], [ 75.02923111, 29.87439728 ], [ 75.02960999, 29.87490236 ], [ 75.03002621, 29.87552632 ], [ 75.03065883, 29.87639463 ], [ 75.03087659, 29.87673233 ], [ 75.03125492, 29.87728524 ], [ 75.03175819, 29.8781621 ], [ 75.03240518, 29.87926505 ], [ 75.03289416, 29.87985311 ], [ 75.03368425, 29.88023019 ], [ 75.03516699, 29.88084443 ], [ 75.03589013, 29.88114464 ], [ 75.03709891, 29.88169464 ], [ 75.03780609, 29.88209404 ], [ 75.0385136, 29.88246652 ], [ 75.03945401, 29.8828034 ], [ 75.04037398, 29.88311788 ], [ 75.04166606, 29.8835374 ], [ 75.04306117, 29.88407895 ], [ 75.0437279, 29.88430231 ], [ 75.04453404, 29.88457112 ], [ 75.04509245, 29.88473549 ], [ 75.04546501, 29.88475029 ], [ 75.04591994, 29.8848871 ], [ 75.04644198, 29.88503325 ], [ 75.04695407, 29.88512523 ], [ 75.04795779, 29.88521892 ], [ 75.04832406, 29.88522908 ], [ 75.04921144, 29.88501573 ], [ 75.04995762, 29.88483329 ], [ 75.05046553, 29.88467266 ], [ 75.05092199, 29.88448024 ], [ 75.0513263, 29.88435078 ], [ 75.05185015, 29.88411803 ], [ 75.05219339, 29.88374935 ], [ 75.05270917, 29.88300236 ], [ 75.05302093, 29.88272373 ], [ 75.05358859, 29.88195892 ], [ 75.05393713, 29.88154956 ], [ 75.05427587, 29.88103651 ], [ 75.05451044, 29.88068098 ], [ 75.05471912, 29.88030277 ], [ 75.05499028, 29.87985267 ], [ 75.05530081, 29.8793766 ], [ 75.05587098, 29.87850249 ], [ 75.05610544, 29.87813795 ], [ 75.05718721, 29.8781461 ], [ 75.0575855, 29.87819699 ], [ 75.05891219, 29.87821941 ], [ 75.05933112, 29.87821633 ], [ 75.06062368, 29.87821613 ], [ 75.06175713, 29.87823351 ], [ 75.06272458, 29.87832683 ], [ 75.06346365, 29.87856837 ], [ 75.06384086, 29.87870044 ], [ 75.06429081, 29.87879204 ], [ 75.06539874, 29.87880248 ], [ 75.06585008, 29.87865746 ], [ 75.06627453, 29.87850537 ], [ 75.06687653, 29.87831227 ], [ 75.06724891, 29.87819282 ], [ 75.06764397, 29.87806369 ], [ 75.06825955, 29.87786248 ], [ 75.06857232, 29.87774531 ], [ 75.06905264, 29.87757184 ], [ 75.06930746, 29.87732014 ], [ 75.0698144, 29.87709413 ], [ 75.07065138, 29.87774392 ], [ 75.07093466, 29.87807408 ], [ 75.07204181, 29.8793767 ], [ 75.07291676, 29.88029435 ], [ 75.07322139, 29.8807563 ], [ 75.07340121, 29.88105449 ], [ 75.07393222, 29.88154791 ], [ 75.07432363, 29.88200024 ], [ 75.07445688, 29.88230285 ], [ 75.07452691, 29.88288941 ], [ 75.07455029, 29.88347148 ], [ 75.07463068, 29.88404456 ], [ 75.07476028, 29.88462903 ], [ 75.07488318, 29.88555634 ], [ 75.07492097, 29.88638645 ], [ 75.07492446, 29.88680138 ], [ 75.07497925, 29.88730676 ], [ 75.07508054, 29.88780321 ], [ 75.07508461, 29.88806466 ], [ 75.07491764, 29.88839811 ], [ 75.07480154, 29.88892102 ], [ 75.07484964, 29.88918949 ], [ 75.07508913, 29.88948569 ], [ 75.07553756, 29.88992917 ], [ 75.07589809, 29.89034529 ], [ 75.07596427, 29.89061616 ], [ 75.07604075, 29.8909051 ], [ 75.07607726, 29.89168638 ], [ 75.07604252, 29.89290776 ], [ 75.07603434, 29.89361404 ], [ 75.07575969, 29.89489217 ], [ 75.07555914, 29.89569189 ], [ 75.07542859, 29.89609925 ], [ 75.07529386, 29.89638953 ], [ 75.07558192, 29.89657341 ], [ 75.0758918, 29.89675035 ], [ 75.07617575, 29.89695433 ], [ 75.07656244, 29.89728467 ], [ 75.07688289, 29.89749091 ], [ 75.07728491, 29.89781473 ], [ 75.0777492, 29.89822665 ], [ 75.07856445, 29.89886071 ], [ 75.07893037, 29.89926333 ], [ 75.07941306, 29.89984494 ], [ 75.08003051, 29.90040493 ], [ 75.08024276, 29.90060626 ], [ 75.08049386, 29.90095599 ], [ 75.0808897, 29.90173077 ], [ 75.08113379, 29.90221577 ], [ 75.08151149, 29.90351147 ], [ 75.08163782, 29.90425607 ], [ 75.0817216, 29.90462834 ], [ 75.08176937, 29.9049827 ], [ 75.08186121, 29.90530324 ], [ 75.08217973, 29.90589514 ], [ 75.08227789, 29.90632774 ], [ 75.082269, 29.90682686 ], [ 75.08212931, 29.90733812 ], [ 75.08239942, 29.90784442 ], [ 75.08297051, 29.90870775 ], [ 75.0832844, 29.90915977 ], [ 75.08361976, 29.90965842 ], [ 75.08391203, 29.91013151 ], [ 75.08426178, 29.91069638 ], [ 75.08475342, 29.91153661 ], [ 75.08515113, 29.91222829 ], [ 75.0855318, 29.91283835 ], [ 75.08582521, 29.91324527 ], [ 75.08613405, 29.91375649 ], [ 75.08631871, 29.91412185 ], [ 75.08649244, 29.91444543 ], [ 75.08681345, 29.91515002 ], [ 75.08690363, 29.9154182 ], [ 75.08745926, 29.91594262 ], [ 75.08787325, 29.91633694 ], [ 75.08809925, 29.91658738 ], [ 75.08837834, 29.91690228 ], [ 75.08877503, 29.91723527 ], [ 75.08929448, 29.91698632 ], [ 75.08956411, 29.91684359 ], [ 75.0902856, 29.91646167 ], [ 75.09061586, 29.91627879 ], [ 75.09094475, 29.91626499 ], [ 75.09170103, 29.91600149 ], [ 75.09259869, 29.91569693 ], [ 75.09315277, 29.91552337 ], [ 75.09365599, 29.91534154 ], [ 75.094204, 29.91510283 ], [ 75.09490131, 29.91463565 ], [ 75.09558779, 29.91421808 ], [ 75.09612618, 29.91389065 ], [ 75.09643722, 29.91377301 ], [ 75.09703855, 29.91355663 ], [ 75.0975055, 29.91338969 ], [ 75.09810725, 29.91310733 ], [ 75.09879707, 29.9128027 ], [ 75.09886031, 29.9123352 ], [ 75.09889551, 29.91187448 ], [ 75.09893648, 29.91158982 ], [ 75.09899983, 29.91122038 ], [ 75.09965446, 29.91073945 ], [ 75.10024579, 29.91045711 ], [ 75.10114385, 29.90986895 ], [ 75.10217763, 29.90901502 ], [ 75.10257743, 29.90870954 ], [ 75.10297008, 29.90837757 ], [ 75.10325795, 29.90813423 ], [ 75.10394903, 29.90751384 ], [ 75.10509838, 29.90657301 ], [ 75.10594407, 29.90572457 ], [ 75.10662618, 29.90498404 ], [ 75.10689061, 29.90463588 ], [ 75.10736915, 29.904078 ], [ 75.10789718, 29.90403057 ], [ 75.10830629, 29.90406275 ], [ 75.1087875, 29.90411826 ], [ 75.10917206, 29.90413725 ], [ 75.10947893, 29.90339411 ], [ 75.10958882, 29.9031103 ], [ 75.10962189, 29.90259163 ], [ 75.11000102, 29.9022726 ], [ 75.11033425, 29.90196228 ], [ 75.11016943, 29.90138096 ], [ 75.11012332, 29.90095664 ], [ 75.11014183, 29.90068073 ], [ 75.11026797, 29.90020298 ], [ 75.1102774, 29.89944133 ], [ 75.1102829, 29.89899868 ], [ 75.11028678, 29.89800558 ], [ 75.11029586, 29.89736114 ], [ 75.11032195, 29.89695556 ], [ 75.11029493, 29.89594424 ], [ 75.11034253, 29.89565661 ], [ 75.11038571, 29.89521017 ], [ 75.11039908, 29.89442079 ], [ 75.11042697, 29.89390669 ], [ 75.11040836, 29.89348385 ], [ 75.11039364, 29.89314888 ], [ 75.11041076, 29.89275648 ], [ 75.11052142, 29.89251383 ], [ 75.11080794, 29.89217398 ], [ 75.11113976, 29.89163996 ], [ 75.11166457, 29.89104207 ], [ 75.11174212, 29.88980979 ], [ 75.11172408, 29.88911579 ], [ 75.11171625, 29.88850185 ], [ 75.11188233, 29.88700459 ], [ 75.11191865, 29.8866458 ], [ 75.11209815, 29.88610383 ], [ 75.11242432, 29.88531348 ], [ 75.11252896, 29.88492288 ], [ 75.11264253, 29.88455381 ], [ 75.1128254, 29.88410326 ], [ 75.11297145, 29.88379248 ], [ 75.11323411, 29.88281445 ], [ 75.11334938, 29.8824359 ], [ 75.11367942, 29.88123477 ], [ 75.11382131, 29.88093114 ], [ 75.11414454, 29.88024159 ], [ 75.11424986, 29.87979079 ], [ 75.11462342, 29.87897546 ], [ 75.11471462, 29.87870059 ], [ 75.11449544, 29.87832998 ], [ 75.11407296, 29.87762349 ], [ 75.11387114, 29.87733601 ], [ 75.11365388, 29.87710077 ], [ 75.11338659, 29.87681133 ], [ 75.11324003, 29.87656093 ], [ 75.11304991, 29.8763212 ], [ 75.11234604, 29.87551372 ], [ 75.11171811, 29.87462785 ], [ 75.11148673, 29.87421666 ], [ 75.11118361, 29.87365194 ], [ 75.11067963, 29.87280697 ], [ 75.11043285, 29.87238681 ], [ 75.11027248, 29.87203346 ], [ 75.10997502, 29.87165477 ], [ 75.10944579, 29.87103278 ], [ 75.10882449, 29.87022827 ], [ 75.10848124, 29.86984162 ], [ 75.10771868, 29.86896876 ], [ 75.10720601, 29.86838765 ], [ 75.1068373, 29.86804596 ], [ 75.10592045, 29.86735439 ], [ 75.1056749, 29.86718182 ], [ 75.10538841, 29.86699302 ], [ 75.10448872, 29.86648287 ], [ 75.10350243, 29.86592059 ], [ 75.10198436, 29.86505447 ], [ 75.10150314, 29.86483618 ], [ 75.10008855, 29.86418275 ], [ 75.09962038, 29.86386737 ], [ 75.09926185, 29.86359758 ], [ 75.0990101, 29.86340364 ], [ 75.09851502, 29.86294661 ], [ 75.09810002, 29.8626089 ], [ 75.09775134, 29.86239398 ], [ 75.09700403, 29.86164742 ], [ 75.09665394, 29.86117729 ], [ 75.09603123, 29.86033644 ], [ 75.09569651, 29.8599024 ], [ 75.0953237, 29.85946709 ], [ 75.09481503, 29.85905167 ], [ 75.09446914, 29.85884768 ], [ 75.09395315, 29.85849429 ], [ 75.0933806, 29.85802335 ], [ 75.09303233, 29.85794526 ], [ 75.09237677, 29.85799771 ], [ 75.09144244, 29.85819376 ], [ 75.09074352, 29.85835545 ], [ 75.09035681, 29.85844709 ], [ 75.08973438, 29.85866718 ], [ 75.08968952, 29.85836836 ], [ 75.08968609, 29.85795783 ], [ 75.08974572, 29.85729949 ], [ 75.08982841, 29.85605935 ], [ 75.0900672, 29.85459857 ], [ 75.09010868, 29.85395151 ], [ 75.09039357, 29.85324653 ], [ 75.09060171, 29.85295396 ], [ 75.09078384, 29.85269741 ], [ 75.09173462, 29.85175762 ], [ 75.09300679, 29.85067447 ], [ 75.09344358, 29.85034942 ], [ 75.09408114, 29.84987496 ], [ 75.0942993, 29.84966812 ], [ 75.09448122, 29.84944764 ], [ 75.09476701, 29.8491598 ], [ 75.09552493, 29.84855772 ], [ 75.09610181, 29.84800417 ], [ 75.0967196, 29.84739316 ], [ 75.0970986, 29.84708305 ], [ 75.09780588, 29.84651584 ], [ 75.09905857, 29.84540886 ], [ 75.09982848, 29.84444261 ], [ 75.10033242, 29.84449926 ], [ 75.10071777, 29.84460285 ], [ 75.1012659, 29.84469144 ], [ 75.10146058, 29.84444402 ], [ 75.10177269, 29.84403004 ], [ 75.10207002, 29.84341743 ], [ 75.10235904, 29.84295829 ], [ 75.10274732, 29.84225124 ], [ 75.10287774, 29.84198101 ], [ 75.10313719, 29.84179684 ], [ 75.10389328, 29.84160968 ], [ 75.10434366, 29.84153432 ], [ 75.10495997, 29.8413964 ], [ 75.10607286, 29.84127343 ], [ 75.10643528, 29.84120684 ], [ 75.10698723, 29.84122657 ], [ 75.10759881, 29.84138164 ], [ 75.10808968, 29.8415275 ], [ 75.1095272, 29.84175721 ], [ 75.11020447, 29.84188551 ], [ 75.11073167, 29.84202247 ], [ 75.1110413, 29.84208154 ], [ 75.11147907, 29.84185624 ], [ 75.111727, 29.84152463 ], [ 75.11193387, 29.84133867 ], [ 75.11281726, 29.84054452 ], [ 75.11387166, 29.83949664 ], [ 75.11420416, 29.83911649 ], [ 75.11442296, 29.83872695 ], [ 75.11454897, 29.83824467 ], [ 75.11461784, 29.83783897 ], [ 75.11492454, 29.83745638 ], [ 75.11532995, 29.83697944 ], [ 75.11556351, 29.83677716 ], [ 75.11574614, 29.83654689 ], [ 75.11657721, 29.83549909 ], [ 75.1173361, 29.83459014 ], [ 75.11810031, 29.83360003 ], [ 75.1185428, 29.83289764 ], [ 75.11862159, 29.83257766 ], [ 75.1188251, 29.83211366 ], [ 75.11887351, 29.83163562 ], [ 75.11881805, 29.83123403 ], [ 75.11866411, 29.83091334 ], [ 75.11817413, 29.83053305 ], [ 75.11736887, 29.83004359 ], [ 75.11613567, 29.82962685 ], [ 75.11478437, 29.8292658 ], [ 75.11421162, 29.82908264 ], [ 75.11372589, 29.82894592 ], [ 75.11296185, 29.8285287 ], [ 75.11200163, 29.82799368 ], [ 75.11161451, 29.82777152 ], [ 75.11023626, 29.82700515 ], [ 75.10952354, 29.82669639 ], [ 75.10878536, 29.82630177 ], [ 75.10720058, 29.82542646 ], [ 75.1064826, 29.82514472 ], [ 75.10567171, 29.82480402 ], [ 75.10486095, 29.82444977 ], [ 75.10412315, 29.82395139 ], [ 75.10308673, 29.82309576 ], [ 75.10273628, 29.82277899 ], [ 75.10234986, 29.82238987 ], [ 75.10185496, 29.82193739 ], [ 75.10152013, 29.82159801 ], [ 75.10136659, 29.82118711 ], [ 75.1011201, 29.82072632 ], [ 75.10088863, 29.8203918 ], [ 75.10031296, 29.81944738 ], [ 75.1003143, 29.81912707 ], [ 75.1004091, 29.81869888 ], [ 75.10049448, 29.81804063 ], [ 75.10059978, 29.81758079 ], [ 75.10063512, 29.8164894 ], [ 75.10061627, 29.8160247 ], [ 75.10067791, 29.81482962 ], [ 75.1006184, 29.81418895 ], [ 75.10057394, 29.81364754 ], [ 75.10057543, 29.81327312 ], [ 75.10059606, 29.81070214 ], [ 75.1005409, 29.81025539 ], [ 75.10048011, 29.80992595 ], [ 75.10046803, 29.80905987 ], [ 75.10047461, 29.80870811 ], [ 75.10043128, 29.80789603 ], [ 75.10055841, 29.8071299 ], [ 75.10073032, 29.80682791 ], [ 75.10169209, 29.80626721 ], [ 75.10258613, 29.80577349 ], [ 75.10318247, 29.80539191 ], [ 75.10360751, 29.80515862 ], [ 75.10458885, 29.80484581 ], [ 75.10546936, 29.80469565 ], [ 75.10578368, 29.80463703 ], [ 75.10636156, 29.80453088 ], [ 75.10731322, 29.80438881 ], [ 75.10800192, 29.80428759 ], [ 75.10896659, 29.80412334 ], [ 75.11050171, 29.80386197 ], [ 75.1112986, 29.80376511 ], [ 75.11231783, 29.80366435 ], [ 75.11316639, 29.80358563 ], [ 75.11399444, 29.80341307 ], [ 75.11488487, 29.80322984 ], [ 75.11564105, 29.80310069 ], [ 75.11614239, 29.8030169 ], [ 75.1167946, 29.80289256 ], [ 75.11823498, 29.80274813 ], [ 75.11869316, 29.80277173 ], [ 75.11906946, 29.80276831 ], [ 75.11941692, 29.80285947 ], [ 75.12006236, 29.80312753 ], [ 75.12055492, 29.80346579 ], [ 75.1208207, 29.80364831 ], [ 75.12130022, 29.80403311 ], [ 75.12209508, 29.8044729 ], [ 75.12287432, 29.80494875 ], [ 75.12345267, 29.80517148 ], [ 75.12423809, 29.8053901 ], [ 75.1245583, 29.80551291 ], [ 75.12494081, 29.80556804 ], [ 75.12544182, 29.80575895 ], [ 75.1260403, 29.8061531 ], [ 75.12664526, 29.80692645 ], [ 75.1275369, 29.80705045 ], [ 75.12841539, 29.80727396 ], [ 75.12922135, 29.80751516 ], [ 75.12977399, 29.80769718 ], [ 75.13075426, 29.80787581 ], [ 75.13120626, 29.80787708 ], [ 75.13180184, 29.80795186 ], [ 75.13210123, 29.80778939 ], [ 75.13236559, 29.80761868 ], [ 75.13268503, 29.80745013 ], [ 75.13313791, 29.80734471 ], [ 75.13359771, 29.80731122 ], [ 75.13420263, 29.80735764 ], [ 75.13497363, 29.80733982 ], [ 75.13531844, 29.80708981 ], [ 75.13566393, 29.80677459 ], [ 75.13640276, 29.80627098 ], [ 75.13676656, 29.80604237 ], [ 75.13690368, 29.80562402 ], [ 75.13696756, 29.80511895 ], [ 75.13705843, 29.80431183 ], [ 75.13717454, 29.80366262 ], [ 75.1372534, 29.80330196 ], [ 75.13745707, 29.80274322 ], [ 75.13758741, 29.80247743 ], [ 75.13804802, 29.80094512 ], [ 75.13820549, 29.80030952 ], [ 75.13830671, 29.79948438 ], [ 75.13837784, 29.79837947 ], [ 75.13837101, 29.79740061 ], [ 75.13836291, 29.79678264 ], [ 75.13880349, 29.79457688 ], [ 75.13881486, 29.7942107 ], [ 75.13881338, 29.7937572 ], [ 75.13886524, 29.7933015 ], [ 75.13892011, 29.7928193 ], [ 75.13899414, 29.7923865 ], [ 75.13929555, 29.79130734 ], [ 75.13944963, 29.79080455 ], [ 75.13950892, 29.79035498 ], [ 75.13955073, 29.79003801 ], [ 75.13977974, 29.78815313 ], [ 75.13991098, 29.78763029 ], [ 75.14005871, 29.7867917 ], [ 75.14008041, 29.78650304 ], [ 75.1402315, 29.78619226 ], [ 75.14052308, 29.78562918 ], [ 75.14091288, 29.78507546 ], [ 75.14121408, 29.78473347 ], [ 75.14151996, 29.78449073 ], [ 75.14190899, 29.78415798 ], [ 75.14241396, 29.78379676 ], [ 75.14336546, 29.78320114 ], [ 75.14382641, 29.78299034 ], [ 75.14428238, 29.78273003 ], [ 75.14497342, 29.78241536 ], [ 75.14558911, 29.78221548 ], [ 75.14601697, 29.78206708 ], [ 75.14645722, 29.78186976 ], [ 75.14665441, 29.78166733 ], [ 75.14683623, 29.78142872 ], [ 75.14698594, 29.7811393 ], [ 75.14741411, 29.78031162 ], [ 75.14765835, 29.77996498 ], [ 75.1480269, 29.77954642 ], [ 75.14822449, 29.77922219 ], [ 75.14851535, 29.77886212 ], [ 75.14884781, 29.77840291 ], [ 75.14917245, 29.77795773 ], [ 75.14957005, 29.77741249 ], [ 75.14993879, 29.77694888 ], [ 75.15034408, 29.77635456 ], [ 75.1509665, 29.77557237 ], [ 75.15150571, 29.7756978 ], [ 75.15257942, 29.77591383 ], [ 75.15403578, 29.77640486 ], [ 75.15458347, 29.77661029 ], [ 75.15508922, 29.77679998 ], [ 75.15546622, 29.77693186 ], [ 75.15660595, 29.7777828 ], [ 75.15775712, 29.77836765 ], [ 75.15856815, 29.77857714 ], [ 75.1592551, 29.7788361 ], [ 75.15980751, 29.77906761 ], [ 75.16046279, 29.77949322 ], [ 75.16108723, 29.77982863 ], [ 75.16178394, 29.78027244 ], [ 75.1629606, 29.78094301 ], [ 75.1649102, 29.78241843 ], [ 75.1659203, 29.78344488 ], [ 75.16660508, 29.78433523 ], [ 75.16678477, 29.78473719 ], [ 75.16689178, 29.78521996 ], [ 75.16693197, 29.7855539 ], [ 75.16693389, 29.78654168 ], [ 75.16688979, 29.78738057 ], [ 75.16683199, 29.78766469 ], [ 75.166618, 29.78825954 ], [ 75.16645661, 29.78857935 ], [ 75.16568165, 29.7899171 ], [ 75.16519856, 29.79056534 ], [ 75.16503711, 29.79093031 ], [ 75.16466197, 29.79175936 ], [ 75.16442812, 29.7921151 ], [ 75.16403818, 29.79274106 ], [ 75.16279616, 29.7945467 ], [ 75.1619805, 29.79563172 ], [ 75.16191211, 29.79599242 ], [ 75.16155765, 29.79683497 ], [ 75.16105256, 29.797835 ], [ 75.16078138, 29.79850644 ], [ 75.16057345, 29.79882161 ], [ 75.16034036, 29.79910899 ], [ 75.15994951, 29.79979878 ], [ 75.15937786, 29.80062732 ], [ 75.15913845, 29.80107321 ], [ 75.1590702, 29.80137532 ], [ 75.1591929, 29.80181308 ], [ 75.15950642, 29.80235072 ], [ 75.15955707, 29.80270267 ], [ 75.15984706, 29.80339865 ], [ 75.16025301, 29.80489215 ], [ 75.16034999, 29.8052713 ], [ 75.16062537, 29.80641827 ], [ 75.16056655, 29.80700835 ], [ 75.16068509, 29.80865055 ], [ 75.16079465, 29.80991383 ], [ 75.16063965, 29.81141999 ], [ 75.16056506, 29.81204682 ], [ 75.16023729, 29.81261883 ], [ 75.16019505, 29.81289391 ], [ 75.16050394, 29.81331863 ], [ 75.16066346, 29.81355808 ], [ 75.16120443, 29.81419097 ], [ 75.1614721, 29.81455699 ], [ 75.16203711, 29.81542327 ], [ 75.16214001, 29.81591644 ], [ 75.16251531, 29.81662559 ], [ 75.16260659, 29.81717156 ], [ 75.16280577, 29.81790734 ], [ 75.16294235, 29.81843894 ], [ 75.16315926, 29.81894565 ], [ 75.16354889, 29.81997503 ], [ 75.16376819, 29.82069919 ], [ 75.16376465, 29.82117648 ], [ 75.16376075, 29.82160385 ], [ 75.16383713, 29.82196047 ], [ 75.16385652, 29.82235738 ], [ 75.16380808, 29.82291663 ], [ 75.16388927, 29.82342207 ], [ 75.16404695, 29.82413849 ], [ 75.16425805, 29.82450102 ], [ 75.16464415, 29.82506578 ], [ 75.1650669, 29.82547732 ], [ 75.16537093, 29.82583901 ], [ 75.16561847, 29.82609219 ], [ 75.16611695, 29.82651562 ], [ 75.16655248, 29.82680268 ], [ 75.16692748, 29.82695809 ], [ 75.16732229, 29.82711792 ], [ 75.16779997, 29.82709409 ], [ 75.16886604, 29.82701742 ], [ 75.16932633, 29.82712402 ], [ 75.16973182, 29.8274422 ], [ 75.16985432, 29.82774462 ], [ 75.17016152, 29.82814916 ], [ 75.17292366, 29.82817874 ], [ 75.17359926, 29.82812382 ], [ 75.1740993, 29.82810213 ], [ 75.17473411, 29.82807994 ], [ 75.17551855, 29.82812401 ], [ 75.17588155, 29.8281376 ], [ 75.17716024, 29.82914749 ], [ 75.17797537, 29.82986214 ], [ 75.17856377, 29.83031459 ], [ 75.17892736, 29.83066931 ], [ 75.17965807, 29.83123739 ], [ 75.18003428, 29.83151352 ], [ 75.18100418, 29.83204111 ], [ 75.1827613, 29.83295894 ], [ 75.18387649, 29.83368334 ], [ 75.18409363, 29.83388964 ], [ 75.18436662, 29.83414904 ], [ 75.18457244, 29.83448788 ], [ 75.18518078, 29.83516589 ], [ 75.18543828, 29.83554994 ], [ 75.1859318, 29.83607246 ], [ 75.18638193, 29.83654914 ], [ 75.18685411, 29.83716113 ], [ 75.18713748, 29.837474 ], [ 75.18807324, 29.83838429 ], [ 75.18886581, 29.83930486 ], [ 75.19006251, 29.84054931 ], [ 75.19061029, 29.84114177 ], [ 75.1910233, 29.84141339 ], [ 75.19146869, 29.8412836 ], [ 75.19258795, 29.84071781 ], [ 75.19308023, 29.84050245 ], [ 75.19376466, 29.8400034 ], [ 75.19423094, 29.83979244 ], [ 75.19465079, 29.83954537 ], [ 75.19512238, 29.83927583 ], [ 75.19538454, 29.8390103 ], [ 75.19554337, 29.8386543 ], [ 75.19574102, 29.83828494 ], [ 75.19623873, 29.83794326 ], [ 75.19663253, 29.83776603 ], [ 75.19727403, 29.83776061 ], [ 75.19812237, 29.83784382 ], [ 75.19870151, 29.83792186 ], [ 75.19923476, 29.83784184 ], [ 75.1997481, 29.83744164 ], [ 75.20005426, 29.83712651 ], [ 75.20051068, 29.83676213 ], [ 75.20111257, 29.83614558 ], [ 75.20162564, 29.83587839 ], [ 75.20213298, 29.83575549 ], [ 75.20269205, 29.83565739 ], [ 75.20323075, 29.83544218 ], [ 75.20381587, 29.83525858 ], [ 75.20481, 29.83499912 ], [ 75.20606322, 29.83458703 ], [ 75.20696967, 29.83422811 ], [ 75.20760658, 29.8340401 ], [ 75.20899981, 29.83348383 ], [ 75.20985455, 29.83309335 ], [ 75.21028452, 29.83292283 ], [ 75.21060374, 29.83254239 ], [ 75.2108151, 29.83191366 ], [ 75.21086275, 29.8315213 ], [ 75.21097238, 29.83119222 ], [ 75.21125822, 29.8307373 ], [ 75.21164767, 29.83024645 ], [ 75.21195967, 29.82968788 ], [ 75.21222968, 29.82932304 ], [ 75.21233385, 29.82903011 ], [ 75.21241774, 29.82870558 ], [ 75.21268839, 29.82809268 ], [ 75.21293357, 29.82738051 ], [ 75.21313155, 29.82693439 ], [ 75.21332435, 29.82640251 ], [ 75.21349623, 29.82599703 ], [ 75.21358007, 29.82562277 ], [ 75.21392419, 29.82468081 ], [ 75.21397158, 29.82439219 ], [ 75.21399276, 29.82402235 ], [ 75.21338908, 29.82302712 ], [ 75.21331422, 29.82273542 ], [ 75.21331999, 29.82239165 ], [ 75.2128922, 29.82196769 ], [ 75.21228535, 29.82127917 ], [ 75.21188648, 29.82091454 ], [ 75.2112, 29.82038525 ], [ 75.21093199, 29.82002831 ], [ 75.21068447, 29.8197527 ], [ 75.21024197, 29.81893521 ], [ 75.20974671, 29.81777033 ], [ 75.20966193, 29.81738685 ], [ 75.20961148, 29.81692668 ], [ 75.20951138, 29.81578069 ], [ 75.209421, 29.81484235 ], [ 75.2092629, 29.81403006 ], [ 75.20923647, 29.81245129 ], [ 75.20935679, 29.81197788 ], [ 75.20947693, 29.81159935 ], [ 75.20960782, 29.81104928 ], [ 75.20984673, 29.81069348 ], [ 75.2099927, 29.81029239 ], [ 75.21002023, 29.80968272 ], [ 75.20992742, 29.80942665 ], [ 75.20983676, 29.80877203 ], [ 75.20976038, 29.80836135 ], [ 75.20958257, 29.80757259 ], [ 75.20940213, 29.80703889 ], [ 75.20930464, 29.80678153 ], [ 75.20902318, 29.80613546 ], [ 75.20888371, 29.80564843 ], [ 75.20877441, 29.80522607 ], [ 75.20870014, 29.80475045 ], [ 75.20880583, 29.80398385 ], [ 75.2088692, 29.80350589 ], [ 75.20909356, 29.80287035 ], [ 75.20923395, 29.80254584 ], [ 75.20967528, 29.80199885 ], [ 75.20982105, 29.80167656 ], [ 75.20977553, 29.80128412 ], [ 75.20971028, 29.80063443 ], [ 75.20965421, 29.80032758 ], [ 75.20964008, 29.79985392 ], [ 75.20954911, 29.79911847 ], [ 75.20942365, 29.7977695 ], [ 75.20938312, 29.79748981 ], [ 75.20922489, 29.79674974 ], [ 75.20906673, 29.79603217 ], [ 75.20897085, 29.79521997 ], [ 75.20879754, 29.79454671 ], [ 75.20865842, 29.79410438 ], [ 75.20858233, 29.79363594 ], [ 75.2085422, 29.79319834 ], [ 75.20892531, 29.79306378 ], [ 75.20979504, 29.79272294 ], [ 75.21080968, 29.79238685 ], [ 75.21130611, 29.79238348 ], [ 75.21266018, 29.79267057 ], [ 75.21307942, 29.79256323 ], [ 75.2136592, 29.79233891 ], [ 75.21425445, 29.79212818 ], [ 75.21472084, 29.79182705 ], [ 75.21492843, 29.79154777 ], [ 75.21510547, 29.79112418 ], [ 75.21528228, 29.79077271 ], [ 75.21550543, 29.79050249 ], [ 75.21563815, 29.79020513 ], [ 75.21548133, 29.78988005 ], [ 75.21533989, 29.7894249 ], [ 75.21565027, 29.78866474 ], [ 75.21594634, 29.78819399 ], [ 75.21626816, 29.78775713 ], [ 75.21692474, 29.78782174 ], [ 75.21734623, 29.78789421 ], [ 75.21769488, 29.78795416 ], [ 75.21808772, 29.787991 ], [ 75.21853241, 29.78803711 ], [ 75.21974167, 29.78829686 ], [ 75.22025847, 29.78840159 ], [ 75.22102379, 29.78843032 ], [ 75.22176806, 29.7885582 ], [ 75.22219708, 29.78863129 ], [ 75.22297777, 29.78870053 ], [ 75.2234689, 29.78876021 ], [ 75.22442516, 29.78889301 ], [ 75.22548466, 29.78911175 ], [ 75.22579484, 29.78915746 ], [ 75.22628599, 29.78918555 ], [ 75.22625635, 29.78867128 ], [ 75.22614477, 29.78786823 ], [ 75.22606821, 29.7875342 ], [ 75.22603275, 29.78721843 ], [ 75.22589981, 29.78670388 ], [ 75.22598866, 29.7863387 ], [ 75.22615541, 29.78586088 ], [ 75.22626, 29.78542586 ], [ 75.22620405, 29.78508521 ], [ 75.22610668, 29.78475125 ], [ 75.22601327, 29.7843968 ], [ 75.22580361, 29.78402895 ], [ 75.22558273, 29.78347811 ], [ 75.22535104, 29.78311684 ], [ 75.22485195, 29.78223164 ], [ 75.2246361, 29.78173962 ], [ 75.22444087, 29.7811549 ], [ 75.22439041, 29.78079633 ], [ 75.22454143, 29.78043123 ], [ 75.22472883, 29.77993552 ], [ 75.22499883, 29.77951203 ], [ 75.22540472, 29.77858824 ], [ 75.22617914, 29.77711482 ], [ 75.2263871, 29.7767318 ], [ 75.22661045, 29.77633987 ], [ 75.22683953, 29.77576293 ], [ 75.22734371, 29.77478524 ], [ 75.22753085, 29.77441114 ], [ 75.22780618, 29.77393364 ], [ 75.22809727, 29.7733298 ], [ 75.22830498, 29.77302802 ], [ 75.22867345, 29.77254614 ], [ 75.22901067, 29.77210931 ], [ 75.22915085, 29.77184794 ], [ 75.2298618, 29.77087964 ], [ 75.23023006, 29.77045184 ], [ 75.23040695, 29.7700598 ], [ 75.23068804, 29.7693251 ], [ 75.23087524, 29.76893757 ], [ 75.23144616, 29.7681223 ], [ 75.23169, 29.76778904 ], [ 75.23200702, 29.76716719 ], [ 75.23219422, 29.76678865 ], [ 75.23232968, 29.76635592 ], [ 75.23248558, 29.76609455 ], [ 75.23295854, 29.76513481 ], [ 75.23313256, 29.7647411 ], [ 75.23320842, 29.76448577 ], [ 75.23329802, 29.76382734 ], [ 75.23343329, 29.76354796 ], [ 75.23367714, 29.76317859 ], [ 75.23388999, 29.76284972 ], [ 75.23409244, 29.76253443 ], [ 75.23426897, 29.76225506 ], [ 75.23456546, 29.76157002 ], [ 75.23480947, 29.76120066 ], [ 75.23505899, 29.76066445 ], [ 75.23538584, 29.76023661 ], [ 75.23568703, 29.75971392 ], [ 75.23573994, 29.7592584 ], [ 75.23578056, 29.75853907 ], [ 75.23591339, 29.7581447 ], [ 75.2362872, 29.75752744 ], [ 75.23659351, 29.75704991 ], [ 75.23698712, 29.7567981 ], [ 75.23736985, 29.75670184 ], [ 75.23774178, 29.75681759 ], [ 75.2383227, 29.75704657 ], [ 75.23865107, 29.75704046 ], [ 75.23890987, 29.75690119 ], [ 75.23954156, 29.75650994 ], [ 75.24017851, 29.75608717 ], [ 75.24100262, 29.75524076 ], [ 75.24158822, 29.75468262 ], [ 75.24162206, 29.75357754 ], [ 75.24156096, 29.75321658 ], [ 75.24148577, 29.75229172 ], [ 75.24139857, 29.7520326 ], [ 75.24140003, 29.75144353 ], [ 75.24133007, 29.75053227 ], [ 75.24104923, 29.75006353 ], [ 75.24088828, 29.74945337 ], [ 75.24078102, 29.74893895 ], [ 75.24074045, 29.74863658 ], [ 75.24052496, 29.74796862 ], [ 75.24037674, 29.74739544 ], [ 75.24020202, 29.74699361 ], [ 75.23991911, 29.74638419 ], [ 75.23979098, 29.74599154 ], [ 75.23952381, 29.74536398 ], [ 75.23945221, 29.74505259 ], [ 75.23938611, 29.74461044 ], [ 75.23932501, 29.74428098 ], [ 75.23898943, 29.74321667 ], [ 75.23884324, 29.74269683 ], [ 75.23871002, 29.7422274 ], [ 75.23857185, 29.74168137 ], [ 75.23851659, 29.74109038 ], [ 75.23830048, 29.7402985 ], [ 75.23815756, 29.73999813 ], [ 75.23740484, 29.7392524 ], [ 75.23695075, 29.73898075 ], [ 75.23660023, 29.73860567 ], [ 75.23535314, 29.73717327 ], [ 75.23497684, 29.73680268 ], [ 75.23439963, 29.73617459 ], [ 75.23379117, 29.73561849 ], [ 75.23303323, 29.73493139 ], [ 75.2327756, 29.73464662 ], [ 75.23240941, 29.73435727 ], [ 75.23170268, 29.73384163 ], [ 75.23077372, 29.73334816 ], [ 75.23000504, 29.73282776 ], [ 75.2296281, 29.7326736 ], [ 75.22932377, 29.73244746 ], [ 75.22904568, 29.73206798 ], [ 75.2285408, 29.73147605 ], [ 75.22776776, 29.73067166 ], [ 75.22735086, 29.73003025 ], [ 75.22672743, 29.72935235 ], [ 75.2263305, 29.72891847 ], [ 75.22601479, 29.7291208 ], [ 75.22533123, 29.72959753 ], [ 75.22480799, 29.73004304 ], [ 75.22452228, 29.73058818 ], [ 75.22432467, 29.73103884 ], [ 75.22413241, 29.73144898 ], [ 75.22327851, 29.73182161 ], [ 75.22242469, 29.73222567 ], [ 75.22126535, 29.7328142 ], [ 75.22079938, 29.73309745 ], [ 75.22037367, 29.73379112 ], [ 75.21973967, 29.73503477 ], [ 75.21950595, 29.73545373 ], [ 75.21891472, 29.73616965 ], [ 75.21863485, 29.73644424 ], [ 75.21781166, 29.7369612 ], [ 75.21746985, 29.73718158 ], [ 75.2166469, 29.73759027 ], [ 75.21632581, 29.73781501 ], [ 75.21562703, 29.73816091 ], [ 75.21489251, 29.73838936 ], [ 75.21450477, 29.73842018 ], [ 75.21390452, 29.73865344 ], [ 75.2133769, 29.73878305 ], [ 75.21259621, 29.73888963 ], [ 75.2122757, 29.73892049 ], [ 75.21153128, 29.73893247 ], [ 75.21031695, 29.73884864 ], [ 75.20994007, 29.73875748 ], [ 75.20943417, 29.73850386 ], [ 75.20887677, 29.73818689 ], [ 75.20814459, 29.73757187 ], [ 75.2074135, 29.7366049 ], [ 75.20697617, 29.73592736 ], [ 75.20665212, 29.73538538 ], [ 75.20589481, 29.73453573 ], [ 75.20485989, 29.73315762 ], [ 75.20451469, 29.73281407 ], [ 75.20386097, 29.73190602 ], [ 75.20352687, 29.7312827 ], [ 75.20311547, 29.73059164 ], [ 75.20266288, 29.72983281 ], [ 75.20242638, 29.72937663 ], [ 75.20193229, 29.72868101 ], [ 75.20129477, 29.72759245 ], [ 75.20062088, 29.72652186 ], [ 75.20020475, 29.72567744 ], [ 75.1998556, 29.72491438 ], [ 75.19926778, 29.72332591 ], [ 75.19916384, 29.72293256 ], [ 75.19905218, 29.72248873 ], [ 75.19867293, 29.72119936 ], [ 75.19857556, 29.7209105 ], [ 75.19830655, 29.72022736 ], [ 75.19819673, 29.71973229 ], [ 75.19809275, 29.71928179 ], [ 75.1977972, 29.71868649 ], [ 75.19769958, 29.71834195 ], [ 75.19759923, 29.71782123 ], [ 75.19728251, 29.71690028 ], [ 75.19718727, 29.71653022 ], [ 75.19694422, 29.71610357 ], [ 75.19687534, 29.71574641 ], [ 75.19684579, 29.71528166 ], [ 75.19688854, 29.7147991 ], [ 75.19702976, 29.71424467 ], [ 75.19722859, 29.71341513 ], [ 75.19721605, 29.71240478 ], [ 75.19708371, 29.71174577 ], [ 75.19696156, 29.71112309 ], [ 75.19699352, 29.71077587 ], [ 75.19725852, 29.71030285 ], [ 75.19738395, 29.7098205 ], [ 75.19742135, 29.70944613 ], [ 75.19746423, 29.70890496 ], [ 75.19752292, 29.70828256 ], [ 75.19759201, 29.70766031 ], [ 75.19761954, 29.70707854 ], [ 75.19754437, 29.70630703 ], [ 75.19754723, 29.70537786 ], [ 75.19770173, 29.70377681 ], [ 75.1977755, 29.70328984 ], [ 75.19807821, 29.70293199 ], [ 75.19869336, 29.7022048 ], [ 75.19953766, 29.70147594 ], [ 75.20010184, 29.70113222 ], [ 75.20058255, 29.70109492 ], [ 75.20117139, 29.70114141 ], [ 75.2016411, 29.70128684 ], [ 75.20215213, 29.7014639 ], [ 75.20256505, 29.70159563 ], [ 75.2032076, 29.7018451 ], [ 75.20380377, 29.70205845 ], [ 75.20454734, 29.70215934 ], [ 75.20500217, 29.70213767 ], [ 75.20629916, 29.70211813 ], [ 75.2067591, 29.7020515 ], [ 75.20723494, 29.70188562 ], [ 75.20758197, 29.70158873 ], [ 75.20777409, 29.70125084 ], [ 75.20782666, 29.70098024 ], [ 75.20793069, 29.70073698 ], [ 75.20807166, 29.70021396 ], [ 75.20817668, 29.6996143 ], [ 75.20823502, 29.6991138 ], [ 75.20823196, 29.69837406 ], [ 75.20815593, 29.69785059 ], [ 75.20798734, 29.69720972 ], [ 75.20787174, 29.69642099 ], [ 75.20768749, 29.69584306 ], [ 75.20758979, 29.6953233 ], [ 75.20758158, 29.69457455 ], [ 75.20754687, 29.69406476 ], [ 75.20753837, 29.69344671 ], [ 75.20743635, 29.69297289 ], [ 75.20740712, 29.69268204 ], [ 75.20728322, 29.6923591 ], [ 75.20680435, 29.69179424 ], [ 75.20664567, 29.69146738 ], [ 75.20667727, 29.69109028 ], [ 75.20670406, 29.69072045 ], [ 75.20672734, 29.68984086 ], [ 75.20676702, 29.68911048 ], [ 75.20681911, 29.68845634 ], [ 75.20677623, 29.68755029 ], [ 75.20607464, 29.68691655 ], [ 75.2058118, 29.68668136 ], [ 75.20508567, 29.68591299 ], [ 75.20482833, 29.68558754 ], [ 75.20462757, 29.68532103 ], [ 75.20395751, 29.68479625 ], [ 75.20330842, 29.68419494 ], [ 75.20294254, 29.68388735 ], [ 75.20270596, 29.68352598 ], [ 75.20192858, 29.68263562 ], [ 75.20153254, 29.68206186 ], [ 75.20103303, 29.68149252 ], [ 75.20085298, 29.68125289 ], [ 75.20067283, 29.68101791 ], [ 75.19987374, 29.6805019 ], [ 75.19946629, 29.6802845 ], [ 75.19879044, 29.68004385 ], [ 75.19839226, 29.68012864 ], [ 75.19803542, 29.68027681 ], [ 75.19735249, 29.68062253 ], [ 75.19706799, 29.68079775 ], [ 75.19679869, 29.68097306 ], [ 75.19643157, 29.68110306 ], [ 75.19585303, 29.68117356 ], [ 75.19539294, 29.68120892 ], [ 75.19492813, 29.68118532 ], [ 75.19462387, 29.68103121 ], [ 75.19435598, 29.68073739 ], [ 75.19413963, 29.68054747 ], [ 75.19373487, 29.68031873 ], [ 75.19318994, 29.68028819 ], [ 75.19286938, 29.6804273 ], [ 75.19223179, 29.68113394 ], [ 75.19194705, 29.68135891 ], [ 75.19163625, 29.68161978 ], [ 75.1910308, 29.68195665 ], [ 75.19062276, 29.6819196 ], [ 75.19024599, 29.68180594 ], [ 75.18992631, 29.68166081 ], [ 75.18948739, 29.68156067 ], [ 75.18904844, 29.68147854 ], [ 75.18875325, 29.6814473 ], [ 75.18835139, 29.68141813 ], [ 75.18806503, 29.68133624 ], [ 75.18788094, 29.68091336 ], [ 75.18778682, 29.68026202 ], [ 75.1877781, 29.67970721 ], [ 75.187935, 29.6791256 ], [ 75.18808138, 29.67871358 ], [ 75.18794953, 29.6782045 ], [ 75.18779958, 29.67778117 ], [ 75.1876018, 29.67732148 ], [ 75.1875079, 29.67690094 ], [ 75.18743856, 29.67634572 ], [ 75.18728347, 29.67597116 ], [ 75.18677889, 29.67541963 ], [ 75.18602186, 29.67470073 ], [ 75.18566636, 29.67440668 ], [ 75.18520751, 29.67416651 ], [ 75.18462467, 29.67386726 ], [ 75.1839237, 29.67337859 ], [ 75.18347411, 29.67342264 ], [ 75.18237846, 29.67361393 ], [ 75.18141166, 29.67392739 ], [ 75.18066694, 29.67418722 ], [ 75.17945897, 29.67442977 ], [ 75.17891374, 29.67404538 ], [ 75.17862839, 29.67365901 ], [ 75.17847959, 29.6733159 ], [ 75.17833102, 29.67293212 ], [ 75.17817729, 29.67255284 ], [ 75.17796219, 29.67197488 ], [ 75.17783639, 29.67158844 ], [ 75.17775211, 29.67125639 ], [ 75.17751619, 29.6709364 ], [ 75.17722499, 29.67071465 ], [ 75.17674766, 29.67059621 ], [ 75.17638985, 29.67055237 ], [ 75.1755334, 29.67069693 ], [ 75.1750423, 29.67082204 ], [ 75.1741895, 29.67100492 ], [ 75.17359489, 29.67117946 ], [ 75.17308845, 29.6712819 ], [ 75.17245799, 29.67139307 ], [ 75.1718898, 29.67138267 ], [ 75.17113592, 29.67131771 ], [ 75.17025313, 29.67119371 ], [ 75.16945821, 29.67102478 ], [ 75.16870437, 29.67091921 ], [ 75.16822452, 29.67076015 ], [ 75.16756104, 29.67033983 ], [ 75.1675507, 29.66991494 ], [ 75.16757241, 29.6695767 ], [ 75.16774068, 29.66866592 ], [ 75.16784002, 29.6682963 ], [ 75.16789957, 29.66748448 ], [ 75.16795772, 29.66706522 ], [ 75.16810906, 29.66659647 ], [ 75.16862342, 29.66568201 ], [ 75.16916728, 29.66495435 ], [ 75.16940178, 29.66455176 ], [ 75.16972859, 29.66411504 ], [ 75.17018985, 29.66362456 ], [ 75.17050574, 29.6633457 ], [ 75.17101938, 29.66265229 ], [ 75.17141331, 29.66219311 ], [ 75.17159535, 29.66183272 ], [ 75.17185522, 29.66133719 ], [ 75.17222483, 29.66042694 ], [ 75.17231367, 29.66012499 ], [ 75.17274045, 29.65911109 ], [ 75.1729128, 29.65849353 ], [ 75.17323048, 29.65768693 ], [ 75.17360444, 29.65701575 ], [ 75.1741387, 29.65627724 ], [ 75.17463659, 29.65564248 ], [ 75.17520089, 29.6552244 ], [ 75.1757651, 29.65481075 ], [ 75.17630312, 29.65452787 ], [ 75.17685079, 29.65445254 ], [ 75.17731587, 29.6543364 ], [ 75.17770916, 29.65410734 ], [ 75.17814342, 29.65395958 ], [ 75.1785312, 29.65382063 ], [ 75.17896059, 29.65356909 ], [ 75.17958706, 29.65307436 ], [ 75.18001619, 29.65290393 ], [ 75.18082237, 29.65273898 ], [ 75.18171106, 29.65260134 ], [ 75.18248043, 29.65263025 ], [ 75.18251261, 29.65226492 ], [ 75.18287411, 29.65225681 ], [ 75.18440809, 29.65217467 ], [ 75.18612806, 29.65208862 ], [ 75.18656246, 29.65188665 ], [ 75.1875485, 29.65171127 ], [ 75.18738034, 29.65125255 ], [ 75.18724718, 29.65092303 ], [ 75.18691854, 29.65029972 ], [ 75.18675412, 29.65004222 ], [ 75.18648672, 29.64967627 ], [ 75.18604425, 29.64914735 ], [ 75.18589013, 29.6489035 ], [ 75.18537647, 29.64801817 ], [ 75.1851844, 29.64768917 ], [ 75.18510042, 29.6471424 ], [ 75.18488218, 29.64587429 ], [ 75.18474004, 29.64509369 ], [ 75.18462385, 29.64424077 ], [ 75.18461699, 29.64315375 ], [ 75.18468751, 29.64209395 ], [ 75.18471466, 29.64159774 ], [ 75.18458596, 29.64107537 ], [ 75.18446437, 29.64074921 ], [ 75.1842592, 29.6402931 ], [ 75.18387374, 29.63974643 ], [ 75.18347806, 29.6391184 ], [ 75.18302087, 29.63834595 ], [ 75.18276935, 29.6378582 ], [ 75.18247236, 29.63709075 ], [ 75.18234209, 29.63674563 ], [ 75.18219177, 29.6360029 ], [ 75.18211623, 29.6353983 ], [ 75.18191099, 29.63332289 ], [ 75.18190393, 29.63269501 ], [ 75.18206104, 29.63156847 ], [ 75.1821353, 29.6309553 ], [ 75.18217291, 29.63047717 ], [ 75.18226705, 29.6300805 ], [ 75.18236641, 29.62968376 ], [ 75.18251742, 29.62926917 ], [ 75.18277707, 29.62878712 ], [ 75.18309756, 29.62839813 ], [ 75.18360589, 29.62792759 ], [ 75.18394765, 29.62759911 ], [ 75.18457372, 29.62717202 ], [ 75.18516365, 29.62673147 ], [ 75.18567077, 29.62637182 ], [ 75.18637966, 29.62584116 ], [ 75.18717175, 29.62515732 ], [ 75.18794813, 29.62453222 ], [ 75.18868543, 29.62407519 ], [ 75.19022861, 29.62329705 ], [ 75.19166581, 29.62265082 ], [ 75.19249339, 29.62216555 ], [ 75.19292778, 29.62192303 ], [ 75.19333631, 29.62169836 ], [ 75.19379722, 29.62120777 ], [ 75.19405102, 29.62093781 ], [ 75.19435655, 29.62064071 ], [ 75.19507552, 29.62017777 ], [ 75.19546343, 29.61993515 ], [ 75.19619767, 29.61957593 ], [ 75.19696277, 29.61934252 ], [ 75.19751512, 29.61924511 ], [ 75.19857845, 29.61926103 ], [ 75.19955897, 29.61939417 ], [ 75.20046717, 29.61953146 ], [ 75.2011944, 29.61977668 ], [ 75.20227192, 29.62025281 ], [ 75.20309182, 29.62060646 ], [ 75.20429331, 29.62106916 ], [ 75.20557737, 29.62159082 ], [ 75.20631486, 29.62181801 ], [ 75.20674307, 29.62194076 ], [ 75.20777194, 29.62141066 ], [ 75.20819612, 29.62113636 ], [ 75.20887333, 29.62082671 ], [ 75.20977811, 29.62035956 ], [ 75.2106878, 29.61996001 ], [ 75.21132898, 29.61960066 ], [ 75.21234243, 29.61907051 ], [ 75.21266279, 29.61895845 ], [ 75.21384692, 29.61828898 ], [ 75.21417778, 29.61813174 ], [ 75.21515484, 29.61765123 ], [ 75.21557847, 29.61748076 ], [ 75.21662286, 29.61699579 ], [ 75.21751718, 29.61655101 ], [ 75.21908854, 29.61582372 ], [ 75.21968836, 29.61545957 ], [ 75.21997323, 29.61512636 ], [ 75.22010876, 29.6146621 ], [ 75.22020268, 29.61425624 ], [ 75.22028611, 29.61397676 ], [ 75.22034418, 29.61349876 ], [ 75.22045875, 29.61315617 ], [ 75.22053695, 29.6128631 ], [ 75.22060485, 29.61257002 ], [ 75.22081762, 29.61216903 ], [ 75.22102006, 29.61178604 ], [ 75.22117046, 29.61152483 ], [ 75.22147596, 29.61114655 ], [ 75.22190052, 29.61071889 ], [ 75.22213869, 29.61045772 ], [ 75.22248523, 29.61019684 ], [ 75.22305437, 29.60970636 ], [ 75.22432695, 29.60871213 ], [ 75.22463236, 29.60841955 ], [ 75.22573441, 29.60747466 ], [ 75.22606046, 29.60715049 ], [ 75.22659328, 29.60673661 ], [ 75.22703797, 29.60645332 ], [ 75.22744147, 29.60612943 ], [ 75.22804115, 29.60576074 ], [ 75.2283724, 29.60547267 ], [ 75.2288376, 29.60519847 ], [ 75.2295409, 29.60473528 ], [ 75.23027475, 29.60439848 ], [ 75.23095729, 29.6040029 ], [ 75.23148442, 29.60371078 ], [ 75.23245032, 29.60346009 ], [ 75.23317874, 29.60321348 ], [ 75.23351497, 29.60297057 ], [ 75.23375896, 29.60241168 ], [ 75.23420201, 29.60275989 ], [ 75.23457311, 29.60297275 ], [ 75.23536246, 29.60310955 ], [ 75.23535338, 29.60266753 ], [ 75.23531448, 29.60213378 ], [ 75.23508778, 29.60155734 ], [ 75.23488799, 29.60096153 ], [ 75.23426716, 29.599571 ], [ 75.23368197, 29.59833831 ], [ 75.23268015, 29.59656808 ], [ 75.23198113, 29.59544796 ], [ 75.23145155, 29.59469821 ], [ 75.23082388, 29.59388041 ], [ 75.2301965, 29.59303108 ], [ 75.22964165, 29.59210975 ], [ 75.22915312, 29.5914006 ], [ 75.22874234, 29.59064189 ], [ 75.22846921, 29.58994686 ], [ 75.22842117, 29.58961869 ], [ 75.22816401, 29.5888003 ], [ 75.22765053, 29.58782494 ], [ 75.22741979, 29.58725161 ], [ 75.22713716, 29.58683157 ], [ 75.22636558, 29.58586018 ], [ 75.22505343, 29.58442749 ], [ 75.22427658, 29.58355989 ], [ 75.22387032, 29.58302667 ], [ 75.22318585, 29.58230808 ], [ 75.22270206, 29.58180633 ], [ 75.22224934, 29.58131827 ], [ 75.2218795, 29.58069051 ], [ 75.22170843, 29.58032408 ], [ 75.22251566, 29.58015952 ], [ 75.22339871, 29.57993127 ], [ 75.22413709, 29.57980214 ], [ 75.22472562, 29.57972208 ], [ 75.22520024, 29.57963521 ], [ 75.2259702, 29.57938181 ], [ 75.22679673, 29.57905421 ], [ 75.22738595, 29.57869917 ], [ 75.22820773, 29.57826319 ], [ 75.22873518, 29.57784035 ], [ 75.22968664, 29.57707991 ], [ 75.23024515, 29.57667051 ], [ 75.23095906, 29.57600443 ], [ 75.23193745, 29.57483356 ], [ 75.23251771, 29.57396418 ], [ 75.23281301, 29.57350014 ], [ 75.23312383, 29.5730497 ], [ 75.23338775, 29.57276606 ], [ 75.23352825, 29.57230165 ], [ 75.23368484, 29.57163889 ], [ 75.23386685, 29.57109344 ], [ 75.23403812, 29.57069688 ], [ 75.23428671, 29.57034555 ], [ 75.23442708, 29.56994882 ], [ 75.23435068, 29.5694884 ], [ 75.23403693, 29.56919025 ], [ 75.23380606, 29.5686846 ], [ 75.23343622, 29.56802075 ], [ 75.23327663, 29.5675136 ], [ 75.23317102, 29.56682485 ], [ 75.23321378, 29.56628368 ], [ 75.23332305, 29.56591395 ], [ 75.23352598, 29.56527387 ], [ 75.23365111, 29.56480044 ], [ 75.23380187, 29.56436319 ], [ 75.23425235, 29.5637642 ], [ 75.23479549, 29.56323747 ], [ 75.23501284, 29.56297631 ], [ 75.23575242, 29.56228313 ], [ 75.23629575, 29.56170226 ], [ 75.23680809, 29.56113038 ], [ 75.23738234, 29.56051808 ], [ 75.23791011, 29.55994621 ], [ 75.2382369, 29.55926579 ], [ 75.23839266, 29.55889624 ], [ 75.23854899, 29.55831466 ], [ 75.23863856, 29.5575524 ], [ 75.23874845, 29.55695271 ], [ 75.23883899, 29.55585219 ], [ 75.23898603, 29.55486007 ], [ 75.239231, 29.55386821 ], [ 75.2392284, 29.55290288 ], [ 75.23929164, 29.55235721 ], [ 75.23921117, 29.55156769 ], [ 75.23908552, 29.55075577 ], [ 75.23882173, 29.54983597 ], [ 75.23858643, 29.54876103 ], [ 75.23830252, 29.54779032 ], [ 75.23816433, 29.54735696 ], [ 75.23782102, 29.54645872 ], [ 75.23738485, 29.54553761 ], [ 75.23705664, 29.54480171 ], [ 75.23677457, 29.54413803 ], [ 75.23622964, 29.54340179 ], [ 75.23562302, 29.5426292 ], [ 75.23540443, 29.54222351 ], [ 75.23606729, 29.54235494 ], [ 75.23659835, 29.54251293 ], [ 75.23692799, 29.54266329 ], [ 75.23731439, 29.54283992 ], [ 75.23809217, 29.54332416 ], [ 75.23895221, 29.5439168 ], [ 75.23985827, 29.54460876 ], [ 75.24024969, 29.54488018 ], [ 75.24084241, 29.5451068 ], [ 75.2415171, 29.5454961 ], [ 75.24214025, 29.54596644 ], [ 75.24294407, 29.54631083 ], [ 75.24361434, 29.5464745 ], [ 75.24447006, 29.54673328 ], [ 75.24482597, 29.54677674 ], [ 75.24524361, 29.54686555 ], [ 75.24618096, 29.54692739 ], [ 75.24665169, 29.54695845 ], [ 75.24736348, 29.54703191 ], [ 75.24808024, 29.54713254 ], [ 75.24898808, 29.54719745 ], [ 75.24990591, 29.54741118 ], [ 75.2507001, 29.54749832 ], [ 75.25152001, 29.54765325 ], [ 75.25207169, 29.54779861 ], [ 75.25283445, 29.54809783 ], [ 75.25397378, 29.54840214 ], [ 75.25517004, 29.54867493 ], [ 75.25619114, 29.54887089 ], [ 75.25695408, 29.54901652 ], [ 75.25798063, 29.54913576 ], [ 75.25851216, 29.54906899 ], [ 75.25952354, 29.54895802 ], [ 75.26025103, 29.5489097 ], [ 75.26076699, 29.5489107 ], [ 75.26144772, 29.54900203 ], [ 75.26261354, 29.5490448 ], [ 75.26349578, 29.54901925 ], [ 75.26470824, 29.54896287 ], [ 75.26612715, 29.5488886 ], [ 75.266989, 29.5487458 ], [ 75.26805708, 29.54870699 ], [ 75.26927944, 29.54883544 ], [ 75.27017146, 29.54903097 ], [ 75.27101005, 29.54924204 ], [ 75.27324917, 29.55002868 ], [ 75.27526931, 29.55101542 ], [ 75.27669685, 29.55173055 ], [ 75.27870636, 29.55285708 ], [ 75.28003037, 29.55377501 ], [ 75.2803551, 29.55400656 ], [ 75.28032183, 29.55499325 ], [ 75.28033949, 29.55634667 ], [ 75.28031877, 29.55880949 ], [ 75.28049963, 29.55953653 ], [ 75.28075908, 29.56038004 ], [ 75.28114356, 29.56150386 ], [ 75.2817578, 29.56143268 ], [ 75.28283619, 29.56141638 ], [ 75.28391992, 29.56130542 ], [ 75.28513299, 29.56100069 ], [ 75.2861243, 29.56073157 ], [ 75.28721375, 29.56034088 ], [ 75.28865938, 29.55986505 ], [ 75.28957812, 29.55971313 ], [ 75.29087363, 29.55949866 ], [ 75.29334078, 29.55901533 ], [ 75.29493561, 29.55884185 ], [ 75.29574031, 29.55880253 ], [ 75.29669996, 29.55884901 ], [ 75.2974686, 29.55889082 ], [ 75.29778366, 29.55875597 ], [ 75.29828955, 29.55863496 ], [ 75.29879498, 29.55869888 ], [ 75.29907833, 29.55892038 ], [ 75.30028554, 29.55897181 ], [ 75.30113659, 29.55909931 ], [ 75.30212136, 29.55943921 ], [ 75.30291318, 29.55970977 ], [ 75.3036376, 29.55981584 ], [ 75.30449877, 29.56004703 ], [ 75.30551997, 29.56026511 ], [ 75.30632974, 29.56040166 ], [ 75.30708258, 29.56059667 ], [ 75.30765002, 29.56071032 ], [ 75.30843936, 29.56075199 ], [ 75.30903272, 29.56078443 ], [ 75.30941108, 29.5610194 ], [ 75.30931505, 29.56151559 ], [ 75.30927812, 29.56193513 ], [ 75.30944618, 29.56312162 ], [ 75.30951088, 29.56437122 ], [ 75.30977359, 29.56738032 ], [ 75.30981821, 29.5683547 ], [ 75.3098926, 29.56996964 ], [ 75.31015508, 29.57314569 ], [ 75.31029155, 29.57461644 ], [ 75.31041259, 29.57618633 ], [ 75.31059063, 29.57753535 ], [ 75.3106919, 29.57820743 ], [ 75.31085001, 29.57870967 ], [ 75.31099524, 29.57916879 ], [ 75.31127727, 29.58018864 ], [ 75.31176589, 29.58096967 ], [ 75.31221408, 29.58146658 ], [ 75.31262105, 29.58182342 ], [ 75.3134302, 29.58240197 ], [ 75.31438875, 29.58315215 ], [ 75.31491667, 29.58365866 ], [ 75.31520796, 29.58393813 ], [ 75.31619205, 29.58479194 ], [ 75.31727925, 29.58571379 ], [ 75.31837714, 29.5865498 ], [ 75.31915551, 29.58707406 ], [ 75.31958084, 29.58727318 ], [ 75.31984635, 29.5875173 ], [ 75.31946879, 29.58791795 ], [ 75.31898282, 29.58837292 ], [ 75.31858992, 29.58873781 ], [ 75.31773207, 29.58936366 ], [ 75.31740187, 29.58968298 ], [ 75.31701873, 29.59002568 ], [ 75.31663613, 29.59036912 ], [ 75.31601221, 29.5900651 ], [ 75.31536787, 29.58964455 ], [ 75.31496585, 29.58933273 ], [ 75.3146976, 29.58921964 ], [ 75.31438797, 29.58921919 ], [ 75.31400081, 29.58929979 ], [ 75.31368551, 29.58955646 ], [ 75.31334944, 29.58986281 ], [ 75.31274417, 29.59068293 ], [ 75.31199937, 29.59150281 ], [ 75.31130144, 29.59215595 ], [ 75.31085175, 29.5924935 ], [ 75.30931221, 29.59330781 ], [ 75.30844424, 29.59377121 ], [ 75.30730741, 29.59447774 ], [ 75.30623779, 29.59518434 ], [ 75.30561221, 29.59571572 ], [ 75.30529163, 29.59604456 ], [ 75.30491884, 29.59662592 ], [ 75.30435451, 29.59755888 ], [ 75.30407454, 29.59813581 ], [ 75.30412827, 29.59974623 ], [ 75.30414212, 29.60058525 ], [ 75.30402193, 29.60132482 ], [ 75.3038297, 29.60203272 ], [ 75.30343618, 29.60262758 ], [ 75.30284705, 29.60301471 ], [ 75.30209287, 29.60327965 ], [ 75.30116343, 29.60349031 ], [ 75.30021845, 29.60366487 ], [ 75.2993718, 29.60376281 ], [ 75.2983304, 29.60371472 ], [ 75.29775099, 29.60372875 ], [ 75.29706911, 29.60402549 ], [ 75.29649035, 29.60436283 ], [ 75.29573073, 29.60476312 ], [ 75.29510578, 29.60492462 ], [ 75.29441368, 29.60509947 ], [ 75.29364423, 29.60536857 ], [ 75.29291539, 29.60580082 ], [ 75.29229005, 29.60616074 ], [ 75.291381, 29.60646597 ], [ 75.2905644, 29.60692934 ], [ 75.29006804, 29.60733451 ], [ 75.28966956, 29.60785715 ], [ 75.28953964, 29.60822687 ], [ 75.28957922, 29.60859231 ], [ 75.28977034, 29.60900752 ], [ 75.29017685, 29.60964868 ], [ 75.29071189, 29.61052468 ], [ 75.29150472, 29.6115634 ], [ 75.29248847, 29.61268356 ], [ 75.29438887, 29.61482915 ], [ 75.29462043, 29.61523096 ], [ 75.29489813, 29.61575454 ], [ 75.29504163, 29.6162781 ], [ 75.29512314, 29.61674742 ], [ 75.29518928, 29.61727072 ], [ 75.29522469, 29.61767678 ], [ 75.29533741, 29.61808743 ], [ 75.29543409, 29.61876884 ], [ 75.29540676, 29.61950846 ], [ 75.29537943, 29.62027975 ], [ 75.29541467, 29.62077144 ], [ 75.29565857, 29.62266186 ], [ 75.29574974, 29.6235461 ], [ 75.29583118, 29.62412357 ], [ 75.29575826, 29.62441769 ], [ 75.2957421, 29.62480907 ], [ 75.29575221, 29.62511529 ], [ 75.29635021, 29.6253559 ], [ 75.29700038, 29.62550117 ], [ 75.29775415, 29.62549329 ], [ 75.29869388, 29.6254226 ], [ 75.29940146, 29.62532437 ], [ 75.30000588, 29.62515842 ], [ 75.30050679, 29.62508702 ], [ 75.30096595, 29.62525455 ], [ 75.30161638, 29.62530068 ], [ 75.30228753, 29.62532871 ], [ 75.30307773, 29.62516749 ], [ 75.30380601, 29.62495659 ], [ 75.30461699, 29.62476386 ], [ 75.30541759, 29.62459805 ], [ 75.30581002, 29.62453999 ], [ 75.30636236, 29.62459043 ], [ 75.30728086, 29.62481733 ], [ 75.30788937, 29.62522865 ], [ 75.30876062, 29.62593355 ], [ 75.30934302, 29.62644873 ], [ 75.30982193, 29.62706289 ], [ 75.31043982, 29.62800198 ], [ 75.31083602, 29.62872426 ], [ 75.31097971, 29.62920266 ], [ 75.31110321, 29.62945679 ], [ 75.31148467, 29.62972211 ], [ 75.31190271, 29.62982184 ], [ 75.31251693, 29.62991744 ], [ 75.31331703, 29.62999976 ], [ 75.31399343, 29.63000074 ], [ 75.31508789, 29.630088 ], [ 75.31574859, 29.63017001 ], [ 75.31610986, 29.63027432 ], [ 75.31635732, 29.63044158 ], [ 75.31656871, 29.63066288 ], [ 75.31738234, 29.63179621 ], [ 75.31779955, 29.63234707 ], [ 75.31814968, 29.63286178 ], [ 75.31850505, 29.63341707 ], [ 75.31899452, 29.63399517 ], [ 75.31930849, 29.63453238 ], [ 75.32002375, 29.63595873 ], [ 75.32045939, 29.63685835 ], [ 75.32066603, 29.63773679 ], [ 75.32073088, 29.63813985 ], [ 75.32079363, 29.63855804 ], [ 75.32090352, 29.63905067 ], [ 75.32105044, 29.63934768 ], [ 75.32183382, 29.64021038 ], [ 75.32242126, 29.64090575 ], [ 75.32288999, 29.64157395 ], [ 75.32334317, 29.64220613 ], [ 75.32346733, 29.6425023 ], [ 75.3233473, 29.64282862 ], [ 75.32292809, 29.64335584 ], [ 75.32207372, 29.64472147 ], [ 75.32151388, 29.64594307 ], [ 75.32117186, 29.64665086 ], [ 75.32100027, 29.64730011 ], [ 75.32106053, 29.64773552 ], [ 75.32131337, 29.64838771 ], [ 75.32172983, 29.64939862 ], [ 75.32190676, 29.64996266 ], [ 75.3220891, 29.65068469 ], [ 75.32223026, 29.6516388 ], [ 75.32239674, 29.65191651 ], [ 75.32282942, 29.6525351 ], [ 75.32381322, 29.65402043 ], [ 75.32415328, 29.65448549 ], [ 75.32457069, 29.65506342 ], [ 75.3248435, 29.65553291 ], [ 75.32522998, 29.65604764 ], [ 75.32574551, 29.65657602 ], [ 75.32617871, 29.65694202 ], [ 75.32688353, 29.65744782 ], [ 75.32738562, 29.65785934 ], [ 75.32803021, 29.65843302 ], [ 75.32868426, 29.65909036 ], [ 75.32909192, 29.65969737 ], [ 75.3297205, 29.66064541 ], [ 75.33024105, 29.66122352 ], [ 75.33082889, 29.66182863 ], [ 75.33142695, 29.66247441 ], [ 75.33183586, 29.6632183 ], [ 75.33192581, 29.66377873 ], [ 75.33191963, 29.66438315 ], [ 75.33190714, 29.66494357 ], [ 75.33221252, 29.665066 ], [ 75.33233021, 29.66593982 ], [ 75.33240606, 29.66690974 ], [ 75.33243527, 29.66800586 ], [ 75.33245393, 29.66924644 ], [ 75.33243656, 29.6703019 ], [ 75.33259007, 29.67121326 ], [ 75.3326971, 29.67208404 ], [ 75.33284205, 29.672633 ], [ 75.3331964, 29.67313554 ], [ 75.33374336, 29.67351973 ], [ 75.33425422, 29.67377748 ], [ 75.33512697, 29.67388677 ], [ 75.33604613, 29.67404579 ], [ 75.3369653, 29.67424541 ], [ 75.33770352, 29.67447183 ], [ 75.33850378, 29.6747119 ], [ 75.33887684, 29.6748798 ], [ 75.33944844, 29.67513705 ], [ 75.34018668, 29.67538147 ], [ 75.34074966, 29.6753912 ], [ 75.34103921, 29.67529241 ], [ 75.34128663, 29.67509287 ], [ 75.34221057, 29.67433745 ], [ 75.34292142, 29.67390969 ], [ 75.34344366, 29.673545 ], [ 75.34389947, 29.67278773 ], [ 75.34446899, 29.67187271 ], [ 75.3457891, 29.66988047 ], [ 75.34646718, 29.66889788 ], [ 75.34735735, 29.66777125 ], [ 75.34863483, 29.66662247 ], [ 75.34937926, 29.66616323 ], [ 75.35053718, 29.66553754 ], [ 75.35168961, 29.6650472 ], [ 75.35325045, 29.66437682 ], [ 75.35404133, 29.66389495 ], [ 75.35516337, 29.66302566 ], [ 75.35573215, 29.66257522 ], [ 75.35637318, 29.66210223 ], [ 75.35713819, 29.66166103 ], [ 75.35761379, 29.66132781 ], [ 75.35794486, 29.66094916 ], [ 75.35825751, 29.66080181 ], [ 75.3586935, 29.66112589 ], [ 75.3592556, 29.66170839 ], [ 75.36014777, 29.66264295 ], [ 75.36037258, 29.66307713 ], [ 75.36050169, 29.66364437 ], [ 75.36078728, 29.66452507 ], [ 75.3605838, 29.66489432 ], [ 75.36036102, 29.66536321 ], [ 75.36021547, 29.6660668 ], [ 75.35988942, 29.66651749 ], [ 75.35981674, 29.66678367 ], [ 75.35988324, 29.66723027 ], [ 75.35986732, 29.66762714 ], [ 75.35982011, 29.6681819 ], [ 75.35965425, 29.66855608 ], [ 75.3592816, 29.66898884 ], [ 75.35880595, 29.66946194 ], [ 75.35829929, 29.66974549 ], [ 75.35789607, 29.67003382 ], [ 75.35757529, 29.67040331 ], [ 75.35723374, 29.67086314 ], [ 75.35671093, 29.67166092 ], [ 75.3557068, 29.67305812 ], [ 75.35503922, 29.67395963 ], [ 75.35423719, 29.67494213 ], [ 75.35387974, 29.67571306 ], [ 75.353636, 29.67635324 ], [ 75.35343367, 29.67693039 ], [ 75.35338633, 29.67750772 ], [ 75.35350412, 29.67825676 ], [ 75.35361174, 29.6788703 ], [ 75.35367822, 29.67931689 ], [ 75.35366749, 29.67963272 ], [ 75.35349127, 29.67993913 ], [ 75.35316543, 29.68022299 ], [ 75.35291703, 29.68056558 ], [ 75.35280288, 29.68096683 ], [ 75.35279723, 29.68129158 ], [ 75.35260033, 29.68172442 ], [ 75.35233636, 29.68201284 ], [ 75.35195844, 29.68257629 ], [ 75.35177709, 29.68300456 ], [ 75.35148713, 29.68343727 ], [ 75.35114036, 29.68387901 ], [ 75.35090203, 29.68432971 ], [ 75.3507878, 29.6847987 ], [ 75.35052862, 29.68533075 ], [ 75.35018729, 29.68588338 ], [ 75.34987089, 29.68610837 ], [ 75.34933407, 29.68619541 ], [ 75.34899294, 29.68626943 ], [ 75.34882719, 29.68663237 ], [ 75.34868699, 29.68708335 ], [ 75.34840202, 29.68761969 ], [ 75.34815824, 29.68828258 ], [ 75.34782583, 29.68946405 ], [ 75.3473591, 29.69064976 ], [ 75.34695469, 29.69161912 ], [ 75.34658586, 29.69291328 ], [ 75.34648132, 29.69329271 ], [ 75.34626905, 29.69406323 ], [ 75.34590013, 29.69542049 ], [ 75.34571241, 29.69603304 ], [ 75.34604898, 29.69610634 ], [ 75.34664302, 29.69618365 ], [ 75.34739301, 29.69624276 ], [ 75.3484358, 29.69614065 ], [ 75.34883764, 29.69610007 ], [ 75.34971721, 29.69601124 ], [ 75.3504147, 29.69603007 ], [ 75.3510399, 29.69600373 ], [ 75.35150763, 29.69619364 ], [ 75.35160227, 29.69650504 ], [ 75.35162752, 29.69685649 ], [ 75.35181058, 29.69717057 ], [ 75.35222621, 29.69736274 ], [ 75.3525309, 29.69744416 ], [ 75.35295437, 29.69758459 ], [ 75.35337784, 29.69772945 ], [ 75.35389422, 29.69786978 ], [ 75.35433475, 29.69800182 ], [ 75.35472815, 29.69823836 ], [ 75.35533468, 29.69863819 ], [ 75.35598525, 29.69888698 ], [ 75.35632606, 29.6990182 ], [ 75.35688559, 29.69926134 ], [ 75.35844069, 29.69970506 ], [ 75.35845989, 29.70054151 ], [ 75.35857087, 29.70094674 ], [ 75.35837976, 29.70140937 ], [ 75.35851251, 29.70175302 ], [ 75.35861064, 29.70208353 ], [ 75.35852713, 29.7026156 ], [ 75.35836131, 29.70299884 ], [ 75.35801452, 29.70345857 ], [ 75.35785888, 29.703941 ], [ 75.3578938, 29.70443022 ], [ 75.35815333, 29.70492433 ], [ 75.35859568, 29.7053447 ], [ 75.35905531, 29.70554821 ], [ 75.3594584, 29.70553054 ], [ 75.35990795, 29.70544082 ], [ 75.36031111, 29.70540064 ], [ 75.36070874, 29.7055319 ], [ 75.36110163, 29.70538795 ], [ 75.36113273, 29.7050704 ], [ 75.36173263, 29.70488332 ], [ 75.36215662, 29.70472143 ], [ 75.36257633, 29.70460928 ], [ 75.36294741, 29.70451013 ], [ 75.36390377, 29.70419546 ], [ 75.36462724, 29.70396165 ], [ 75.3655317, 29.70389047 ], [ 75.36650314, 29.70389142 ], [ 75.36757256, 29.70392409 ], [ 75.36863164, 29.70405136 ], [ 75.36934969, 29.70417394 ], [ 75.37019676, 29.70436422 ], [ 75.3707908, 29.70450913 ], [ 75.37094317, 29.70474245 ], [ 75.37071782, 29.70504127 ], [ 75.37045906, 29.70528004 ], [ 75.37014854, 29.70565867 ], [ 75.37001995, 29.705932 ], [ 75.37012214, 29.70619088 ], [ 75.37025084, 29.7064662 ], [ 75.37049342, 29.70671447 ], [ 75.3709964, 29.70719513 ], [ 75.37100905, 29.70752695 ], [ 75.37077573, 29.70814468 ], [ 75.3705267, 29.70900605 ], [ 75.37035529, 29.70969602 ], [ 75.37010129, 29.71038136 ], [ 75.36985792, 29.71089934 ], [ 75.36999669, 29.7113195 ], [ 75.37037946, 29.71167699 ], [ 75.37073983, 29.71171595 ], [ 75.37117417, 29.71179425 ], [ 75.3714893, 29.71187577 ], [ 75.37203147, 29.71220106 ], [ 75.37232583, 29.71236377 ], [ 75.37255281, 29.71267071 ], [ 75.37276422, 29.71296857 ], [ 75.37295635, 29.71324733 ], [ 75.37350296, 29.7131363 ], [ 75.37386975, 29.71320879 ], [ 75.37411751, 29.71346605 ], [ 75.37448915, 29.71377758 ], [ 75.37503661, 29.71400817 ], [ 75.37566679, 29.71413061 ], [ 75.37633859, 29.71412674 ], [ 75.37678832, 29.71400532 ], [ 75.37719682, 29.71378022 ], [ 75.37750714, 29.71352334 ], [ 75.3777348, 29.71330259 ], [ 75.37810969, 29.7130751 ], [ 75.37861887, 29.71291996 ], [ 75.37907321, 29.71324511 ], [ 75.37958451, 29.71352079 ], [ 75.3798785, 29.71390445 ], [ 75.38021578, 29.71421445 ], [ 75.38056038, 29.71408993 ], [ 75.38089141, 29.71383313 ], [ 75.38135173, 29.71343662 ], [ 75.38189476, 29.71311234 ], [ 75.38252033, 29.71281518 ], [ 75.38319238, 29.71250449 ], [ 75.38399887, 29.71224364 ], [ 75.38464708, 29.71229329 ], [ 75.38532679, 29.71233947 ], [ 75.38578647, 29.71251581 ], [ 75.38609115, 29.71261981 ], [ 75.38632324, 29.7130215 ], [ 75.38669009, 29.71311655 ], [ 75.38733594, 29.713117 ], [ 75.38774924, 29.7131986 ], [ 75.38817794, 29.71329369 ], [ 75.38874126, 29.71328517 ], [ 75.38928645, 29.7132856 ], [ 75.38969379, 29.71360981 ], [ 75.3902602, 29.71356606 ], [ 75.39057295, 29.71342871 ], [ 75.39068946, 29.71315588 ], [ 75.39119589, 29.71316082 ], [ 75.3917695, 29.7131207 ], [ 75.39218435, 29.7134127 ], [ 75.39191345, 29.71377947 ], [ 75.39163943, 29.71402278 ], [ 75.39144255, 29.71443081 ], [ 75.39134395, 29.71487961 ], [ 75.39104917, 29.71508455 ], [ 75.39066164, 29.71500081 ], [ 75.39024585, 29.71487867 ], [ 75.38979835, 29.71530231 ], [ 75.38951379, 29.71564488 ], [ 75.38931005, 29.71621496 ], [ 75.38985401, 29.71649767 ], [ 75.39049968, 29.71662003 ], [ 75.39084571, 29.71685943 ], [ 75.39111425, 29.71702654 ], [ 75.3912739, 29.71737154 ], [ 75.39124265, 29.71767609 ], [ 75.391108, 29.71802789 ], [ 75.39074072, 29.71836585 ], [ 75.39072842, 29.71906322 ], [ 75.39101097, 29.71934268 ], [ 75.39156888, 29.71942884 ], [ 75.39182384, 29.71962437 ], [ 75.39190821, 29.71992692 ], [ 75.39206691, 29.72016224 ], [ 75.39248013, 29.72035201 ], [ 75.39298097, 29.72070433 ], [ 75.39317718, 29.72092092 ], [ 75.39329012, 29.72118592 ], [ 75.39341934, 29.72160221 ], [ 75.39344986, 29.72202176 ], [ 75.39334087, 29.72241864 ], [ 75.39310793, 29.72283337 ], [ 75.39293203, 29.72304983 ], [ 75.39262156, 29.72335632 ], [ 75.39222342, 29.72365821 ], [ 75.39192341, 29.72391052 ], [ 75.39186361, 29.72423214 ], [ 75.39199139, 29.72465083 ], [ 75.39174639, 29.72507423 ], [ 75.39134832, 29.72523618 ], [ 75.39101718, 29.72561043 ], [ 75.39067054, 29.7259438 ], [ 75.39030579, 29.72633824 ], [ 75.38993324, 29.7267597 ], [ 75.38955079, 29.72673224 ], [ 75.3890958, 29.72695974 ], [ 75.38872073, 29.72728644 ], [ 75.38854469, 29.72756143 ], [ 75.3882965, 29.72782279 ], [ 75.3880841, 29.72813616 ], [ 75.38799579, 29.72851723 ], [ 75.38796959, 29.72884654 ], [ 75.38800545, 29.72927509 ], [ 75.38808251, 29.72962701 ], [ 75.38816227, 29.72991529 ], [ 75.38828343, 29.73024507 ], [ 75.38853624, 29.73057008 ], [ 75.38891317, 29.7308974 ], [ 75.38922841, 29.73091808 ], [ 75.38961847, 29.73105141 ], [ 75.39006433, 29.73135544 ], [ 75.38976545, 29.73173147 ], [ 75.38996632, 29.73193803 ], [ 75.39038826, 29.73187357 ], [ 75.39056116, 29.73213313 ], [ 75.39090935, 29.73214406 ], [ 75.39106147, 29.73248476 ], [ 75.39126789, 29.73278939 ], [ 75.39180558, 29.73261158 ], [ 75.3920744, 29.73249912 ], [ 75.39246087, 29.73241821 ], [ 75.3927976, 29.73285144 ], [ 75.39309722, 29.73302765 ], [ 75.39362437, 29.73305965 ], [ 75.39433231, 29.7330647 ], [ 75.3950351, 29.73322989 ], [ 75.39545856, 29.73360695 ], [ 75.39571543, 29.73392143 ], [ 75.39580932, 29.73427475 ], [ 75.39588627, 29.7348071 ], [ 75.39588603, 29.73509581 ], [ 75.3958857, 29.73538451 ], [ 75.39590073, 29.73585807 ], [ 75.39586396, 29.73643092 ], [ 75.39591991, 29.73730608 ], [ 75.3959966, 29.73808646 ], [ 75.39613527, 29.73897966 ], [ 75.39621376, 29.73927218 ], [ 75.39642938, 29.73950312 ], [ 75.39703341, 29.73964098 ], [ 75.39822247, 29.73989248 ], [ 75.39926117, 29.74015948 ], [ 75.40003696, 29.74023325 ], [ 75.40071744, 29.74025793 ], [ 75.40131301, 29.74025111 ], [ 75.40179903, 29.74004858 ], [ 75.40219211, 29.73983679 ], [ 75.40291091, 29.7394765 ], [ 75.4034539, 29.73924227 ], [ 75.40422923, 29.73908045 ], [ 75.4047583, 29.73904057 ], [ 75.40479749, 29.73942818 ], [ 75.40488987, 29.74019962 ], [ 75.40500791, 29.74101164 ], [ 75.40502822, 29.74149427 ], [ 75.40512061, 29.74215288 ], [ 75.4052389, 29.74283412 ], [ 75.40532599, 29.74365515 ], [ 75.40532537, 29.74433173 ], [ 75.40534024, 29.74490919 ], [ 75.40524164, 29.74537823 ], [ 75.40521544, 29.74576156 ], [ 75.40524085, 29.74616758 ], [ 75.4053229, 29.74690736 ], [ 75.40539473, 29.74753438 ], [ 75.40547626, 29.74872071 ], [ 75.40540343, 29.74929357 ], [ 75.40536656, 29.75001082 ], [ 75.40554665, 29.75088138 ], [ 75.40568492, 29.75230242 ], [ 75.40559893, 29.75311341 ], [ 75.40546062, 29.75441786 ], [ 75.4052732, 29.75582046 ], [ 75.40522619, 29.75630755 ], [ 75.4051376, 29.75721419 ], [ 75.40512677, 29.75767882 ], [ 75.40526063, 29.75823362 ], [ 75.40539973, 29.75879314 ], [ 75.40559773, 29.75948219 ], [ 75.40576857, 29.75991519 ], [ 75.40590998, 29.76042633 ], [ 75.40597483, 29.76075443 ], [ 75.40629171, 29.76129713 ], [ 75.40654867, 29.76152071 ], [ 75.40722433, 29.76188872 ], [ 75.40759304, 29.76206179 ], [ 75.40811052, 29.76236299 ], [ 75.40869935, 29.76291369 ], [ 75.4089215, 29.76319805 ], [ 75.40912778, 29.76365384 ], [ 75.40979923, 29.76448867 ], [ 75.41049125, 29.76526047 ], [ 75.41135875, 29.76640225 ], [ 75.41163263, 29.76674531 ], [ 75.41239146, 29.76798617 ], [ 75.41289764, 29.76859099 ], [ 75.41332113, 29.76909646 ], [ 75.41360768, 29.76960853 ], [ 75.41378584, 29.76985906 ], [ 75.41418071, 29.77007621 ], [ 75.41477012, 29.7697716 ], [ 75.41526495, 29.76940216 ], [ 75.41559068, 29.76930083 ], [ 75.41593203, 29.76925598 ], [ 75.416294, 29.76919754 ], [ 75.41669277, 29.76927389 ], [ 75.41713402, 29.76936055 ], [ 75.41766885, 29.76962916 ], [ 75.41802546, 29.76983464 ], [ 75.41861217, 29.76997936 ], [ 75.41908596, 29.770082 ], [ 75.41936427, 29.77025503 ], [ 75.41962061, 29.7705371 ], [ 75.41968066, 29.77079366 ], [ 75.4199061, 29.77154535 ], [ 75.41998314, 29.77198659 ], [ 75.4201179, 29.77240533 ], [ 75.4203311, 29.77310159 ], [ 75.42053526, 29.7736748 ], [ 75.42067449, 29.77398155 ], [ 75.42082427, 29.77434702 ], [ 75.42101019, 29.77455013 ], [ 75.42125821, 29.77485253 ], [ 75.42140266, 29.77512769 ], [ 75.42192947, 29.77481059 ], [ 75.42179878, 29.77453391 ], [ 75.4216826, 29.77427541 ], [ 75.4215315, 29.77401678 ], [ 75.4213641, 29.77370805 ], [ 75.42134203, 29.77339782 ], [ 75.42169384, 29.77305751 ], [ 75.42213869, 29.77287288 ], [ 75.42262475, 29.77280999 ], [ 75.42300212, 29.77274709 ], [ 75.4235245, 29.7726075 ], [ 75.42395633, 29.77242956 ], [ 75.42432106, 29.77222 ], [ 75.42464954, 29.77196758 ], [ 75.42492622, 29.77178288 ], [ 75.42534014, 29.77153045 ], [ 75.42571254, 29.7713052 ], [ 75.426191, 29.77101225 ], [ 75.42663577, 29.77088617 ], [ 75.42708817, 29.77084129 ], [ 75.42745523, 29.77089565 ], [ 75.42778089, 29.77099055 ], [ 75.42807544, 29.77111697 ], [ 75.42836483, 29.77132908 ], [ 75.42873177, 29.77169921 ], [ 75.42923568, 29.77219821 ], [ 75.42953764, 29.77265141 ], [ 75.42971392, 29.77314007 ], [ 75.42976896, 29.77341373 ], [ 75.42981347, 29.77380726 ], [ 75.43045162, 29.77432989 ], [ 75.43074625, 29.77452848 ], [ 75.4311236, 29.77471366 ], [ 75.43158883, 29.77488978 ], [ 75.4320198, 29.77507941 ], [ 75.4325243, 29.77535483 ], [ 75.43319617, 29.77578825 ], [ 75.43356643, 29.77604851 ], [ 75.43403343, 29.77641114 ], [ 75.43493264, 29.7771468 ], [ 75.43549082, 29.77764767 ], [ 75.43580598, 29.77797272 ], [ 75.43625031, 29.77847353 ], [ 75.4367826, 29.77895649 ], [ 75.43730978, 29.77939878 ], [ 75.43773865, 29.77973274 ], [ 75.43834872, 29.78007587 ], [ 75.43905174, 29.78031075 ], [ 75.44007029, 29.78062242 ], [ 75.44096459, 29.78086636 ], [ 75.44186425, 29.78114195 ], [ 75.44286195, 29.78156188 ], [ 75.44362699, 29.7819636 ], [ 75.44470751, 29.7823836 ], [ 75.4455089, 29.78257793 ], [ 75.44608264, 29.7829254 ], [ 75.44655808, 29.78327288 ], [ 75.44675972, 29.78348502 ], [ 75.4470905, 29.78366563 ], [ 75.44746023, 29.78383045 ], [ 75.44785577, 29.78384632 ], [ 75.4482074, 29.78373823 ], [ 75.44853329, 29.78361207 ], [ 75.44886963, 29.78336408 ], [ 75.44916441, 29.78302136 ], [ 75.44955246, 29.78264714 ], [ 75.44980078, 29.78229096 ], [ 75.45006466, 29.78208803 ], [ 75.45050946, 29.7817815 ], [ 75.45081464, 29.78158762 ], [ 75.45118174, 29.781484 ], [ 75.45156975, 29.78138945 ], [ 75.45196782, 29.78136697 ], [ 75.45231688, 29.78143192 ], [ 75.45287269, 29.78157934 ], [ 75.45347232, 29.78183666 ], [ 75.45395837, 29.78204878 ], [ 75.4545113, 29.78260382 ], [ 75.45495057, 29.78311366 ], [ 75.45524523, 29.78351071 ], [ 75.45556567, 29.78387165 ], [ 75.45583314, 29.78432541 ], [ 75.45609766, 29.78521149 ], [ 75.45621631, 29.78591973 ], [ 75.4562576, 29.78622644 ], [ 75.45626767, 29.78690312 ], [ 75.45614834, 29.78769693 ], [ 75.4561223, 29.78823371 ], [ 75.45607544, 29.7889102 ], [ 75.45600277, 29.78950562 ], [ 75.4560284, 29.79018228 ], [ 75.45603343, 29.79052053 ], [ 75.45609885, 29.79080689 ], [ 75.45623978, 29.79113408 ], [ 75.4564519, 29.79159871 ], [ 75.45681063, 29.79220648 ], [ 75.45710807, 29.79281231 ], [ 75.45761963, 29.79353414 ], [ 75.458058, 29.79447053 ], [ 75.45812078, 29.79491689 ], [ 75.45756726, 29.79531588 ], [ 75.45702923, 29.79587052 ], [ 75.45666181, 29.79618621 ], [ 75.45615484, 29.79668223 ], [ 75.45587544, 29.79702044 ], [ 75.45569413, 29.79747595 ], [ 75.45543533, 29.79801263 ], [ 75.45523854, 29.79875683 ], [ 75.45511421, 29.79917171 ], [ 75.45452425, 29.80007372 ], [ 75.45413615, 29.80059677 ], [ 75.45365498, 29.80097107 ], [ 75.45331869, 29.801219 ], [ 75.45299788, 29.80146691 ], [ 75.45285816, 29.8017782 ], [ 75.45297167, 29.80216609 ], [ 75.4532198, 29.80253159 ], [ 75.45342138, 29.80288797 ], [ 75.45374691, 29.80360531 ], [ 75.45407207, 29.80419187 ], [ 75.45421208, 29.80444443 ], [ 75.45468749, 29.80519794 ], [ 75.45516818, 29.80574836 ], [ 75.45598516, 29.80626279 ], [ 75.45664708, 29.80664645 ], [ 75.45741755, 29.80696241 ], [ 75.45851403, 29.80719287 ], [ 75.45952233, 29.8075585 ], [ 75.4607222, 29.80777534 ], [ 75.46119806, 29.80781384 ], [ 75.46159641, 29.8077756 ], [ 75.4622585, 29.80735182 ], [ 75.46253788, 29.80712629 ], [ 75.4629519, 29.80678362 ], [ 75.46326227, 29.80652212 ], [ 75.4641676, 29.80574208 ], [ 75.46539758, 29.8045925 ], [ 75.46650608, 29.80367221 ], [ 75.46745808, 29.80283344 ], [ 75.46846669, 29.80214359 ], [ 75.46969795, 29.80136351 ], [ 75.47081516, 29.80074128 ], [ 75.47159112, 29.8003626 ], [ 75.4721807, 29.79999286 ], [ 75.47274977, 29.79959598 ], [ 75.4733188, 29.79904577 ], [ 75.47379988, 29.79852265 ], [ 75.47411558, 29.79775587 ], [ 75.47422946, 29.79742666 ], [ 75.4747209, 29.79680412 ], [ 75.47508815, 29.79640285 ], [ 75.47601919, 29.7956047 ], [ 75.47684163, 29.7951627 ], [ 75.47745973, 29.79466357 ], [ 75.47824337, 29.79403075 ], [ 75.47870373, 29.79354364 ], [ 75.47957782, 29.79282662 ], [ 75.47996571, 29.79263724 ], [ 75.48053104, 29.79240858 ], [ 75.48161555, 29.7919699 ], [ 75.4826291, 29.79180764 ], [ 75.48322794, 29.79181048 ], [ 75.48361165, 29.79181231 ], [ 75.48402539, 29.79184391 ], [ 75.48445973, 29.79184397 ], [ 75.48500815, 29.79174759 ], [ 75.48552515, 29.79156889 ], [ 75.48601128, 29.7912758 ], [ 75.48675092, 29.79083382 ], [ 75.48732484, 29.79045946 ], [ 75.48781618, 29.78996786 ], [ 75.48812654, 29.78963864 ], [ 75.48855069, 29.78913345 ], [ 75.48904715, 29.78855159 ], [ 75.48972465, 29.78791567 ], [ 75.49031941, 29.78740601 ], [ 75.49138464, 29.78649943 ], [ 75.49215537, 29.78581838 ], [ 75.49274477, 29.78547099 ], [ 75.49326431, 29.785254 ], [ 75.49390827, 29.78510127 ], [ 75.49448227, 29.78505607 ], [ 75.49478244, 29.78507191 ], [ 75.49508211, 29.78508773 ], [ 75.49568703, 29.78507873 ], [ 75.49625078, 29.7850201 ], [ 75.49666266, 29.78480798 ], [ 75.49726422, 29.78443373 ], [ 75.49813307, 29.78372103 ], [ 75.49901204, 29.78317072 ], [ 75.49937664, 29.78297454 ], [ 75.49962223, 29.78266559 ], [ 75.49997386, 29.78225512 ], [ 75.50035141, 29.7819168 ], [ 75.50061507, 29.78150178 ], [ 75.50091502, 29.78098304 ], [ 75.50114769, 29.78050039 ], [ 75.50160266, 29.78012596 ], [ 75.50199042, 29.77972909 ], [ 75.50224889, 29.77936367 ], [ 75.50248672, 29.77883142 ], [ 75.50265167, 29.77832786 ], [ 75.50273831, 29.77798904 ], [ 75.50308137, 29.77774884 ], [ 75.50426035, 29.77772181 ], [ 75.50484479, 29.77772174 ], [ 75.50522943, 29.77763957 ], [ 75.50580628, 29.7770766 ], [ 75.50615267, 29.77685105 ], [ 75.50645262, 29.77679698 ], [ 75.5075177, 29.77680141 ], [ 75.50796235, 29.77672465 ], [ 75.50836566, 29.77666152 ], [ 75.50891901, 29.77663445 ], [ 75.50934291, 29.77653514 ], [ 75.5096799, 29.77648393 ], [ 75.51019565, 29.77641982 ], [ 75.51105957, 29.7763185 ], [ 75.5120119, 29.7763029 ], [ 75.51241247, 29.7762812 ], [ 75.51369131, 29.77631369 ], [ 75.51411801, 29.77635089 ], [ 75.51446694, 29.7763813 ], [ 75.5152891, 29.77640376 ], [ 75.51625607, 29.77636302 ], [ 75.51686614, 29.77626826 ], [ 75.517652, 29.77612375 ], [ 75.51802966, 29.77601631 ], [ 75.5185878, 29.77585752 ], [ 75.51889809, 29.7756094 ], [ 75.51900138, 29.77525307 ], [ 75.51906324, 29.77475687 ], [ 75.51918219, 29.77429677 ], [ 75.51929066, 29.77395836 ], [ 75.51947663, 29.77326829 ], [ 75.51976606, 29.77273594 ], [ 75.52020536, 29.77214503 ], [ 75.52071202, 29.7716262 ], [ 75.52154431, 29.77099001 ], [ 75.52181825, 29.77081402 ], [ 75.52228865, 29.77047116 ], [ 75.5226661, 29.77013278 ], [ 75.52297107, 29.76969966 ], [ 75.52324495, 29.76919447 ], [ 75.52336364, 29.76859901 ], [ 75.52333769, 29.76825627 ], [ 75.52324459, 29.76796756 ], [ 75.52296826, 29.76744719 ], [ 75.5228131, 29.76706729 ], [ 75.52270382, 29.76678214 ], [ 75.52256171, 29.76628068 ], [ 75.52249342, 29.76572873 ], [ 75.52244521, 29.76528914 ], [ 75.52239601, 29.76493649 ], [ 75.52230801, 29.7644539 ], [ 75.52261813, 29.76410648 ], [ 75.52271628, 29.76366897 ], [ 75.52270581, 29.76312311 ], [ 75.52252468, 29.76244205 ], [ 75.52224537, 29.76166172 ], [ 75.52209017, 29.76115656 ], [ 75.52195033, 29.76047994 ], [ 75.52193476, 29.75987108 ], [ 75.52219823, 29.7594695 ], [ 75.52234303, 29.75921244 ], [ 75.5226376, 29.75890116 ], [ 75.5229374, 29.75850641 ], [ 75.52337152, 29.75842741 ], [ 75.52373352, 29.75852665 ], [ 75.5239921, 29.75879265 ], [ 75.5241627, 29.75910385 ], [ 75.52425584, 29.75936084 ], [ 75.52435934, 29.75975337 ], [ 75.52450943, 29.76038031 ], [ 75.52463974, 29.76089553 ], [ 75.524774, 29.76140999 ], [ 75.52489234, 29.76189589 ], [ 75.52521802, 29.76187318 ], [ 75.52586942, 29.76175131 ], [ 75.52667853, 29.76169481 ], [ 75.52724713, 29.76170141 ], [ 75.52755999, 29.76189981 ], [ 75.52777199, 29.76212085 ], [ 75.52802028, 29.76249512 ], [ 75.52837709, 29.76286489 ], [ 75.52864088, 29.76320319 ], [ 75.5288323, 29.76355044 ], [ 75.52892029, 29.76395636 ], [ 75.52899172, 29.76423086 ], [ 75.52912738, 29.76491713 ], [ 75.52934804, 29.76560706 ], [ 75.52962916, 29.76625675 ], [ 75.52998618, 29.76693771 ], [ 75.53034827, 29.76742479 ], [ 75.53062771, 29.76780586 ], [ 75.53090376, 29.76818882 ], [ 75.53133614, 29.76879129 ], [ 75.53163097, 29.76916112 ], [ 75.53205875, 29.76977902 ], [ 75.53220587, 29.76999925 ], [ 75.5326811, 29.77065844 ], [ 75.53355489, 29.77096041 ], [ 75.53436693, 29.77168642 ], [ 75.53471344, 29.77209227 ], [ 75.5351376, 29.772453 ], [ 75.53601144, 29.77271896 ], [ 75.53629073, 29.77284964 ], [ 75.53673535, 29.77300739 ], [ 75.53703487, 29.77309006 ], [ 75.53794028, 29.77337694 ], [ 75.53879857, 29.77359766 ], [ 75.53977069, 29.77366511 ], [ 75.54068061, 29.77362414 ], [ 75.5411098, 29.77343006 ], [ 75.5416628, 29.77285709 ], [ 75.5419005, 29.77262696 ], [ 75.54343567, 29.77162055 ], [ 75.54412836, 29.77125946 ], [ 75.54487261, 29.77083519 ], [ 75.5454206, 29.77076748 ], [ 75.54662789, 29.77073987 ], [ 75.5471953, 29.77074305 ], [ 75.54771175, 29.7707496 ], [ 75.54822898, 29.77075956 ], [ 75.54884171, 29.77077177 ], [ 75.54957739, 29.77082241 ], [ 75.55008689, 29.77086263 ], [ 75.5505702, 29.77089182 ], [ 75.55095755, 29.77091121 ], [ 75.55134508, 29.77092757 ], [ 75.55167098, 29.77093643 ], [ 75.55222996, 29.77094637 ], [ 75.55285046, 29.77095737 ], [ 75.55385873, 29.77098064 ], [ 75.55472211, 29.77103441 ], [ 75.55512293, 29.7710627 ], [ 75.55627847, 29.7711465 ], [ 75.55722966, 29.77107395 ], [ 75.55774165, 29.77106471 ], [ 75.55872397, 29.7709876 ], [ 75.55914794, 29.77099641 ], [ 75.5598045, 29.77096007 ], [ 75.56032147, 29.77086506 ], [ 75.56062106, 29.77081276 ], [ 75.56101999, 29.77073458 ], [ 75.561526, 29.77053522 ], [ 75.56209972, 29.77026884 ], [ 75.56266301, 29.76985812 ], [ 75.5628541, 29.76965504 ], [ 75.56320555, 29.76931203 ], [ 75.56360848, 29.76887424 ], [ 75.56437318, 29.76793573 ], [ 75.56457972, 29.76759285 ], [ 75.56508069, 29.76678505 ], [ 75.56542148, 29.76607682 ], [ 75.5655969, 29.76565725 ], [ 75.56580336, 29.76502103 ], [ 75.56602535, 29.76454736 ], [ 75.5662731, 29.76396982 ], [ 75.56640717, 29.76347363 ], [ 75.56646378, 29.76306766 ], [ 75.56658761, 29.76269317 ], [ 75.56716565, 29.7612089 ], [ 75.56763551, 29.76038763 ], [ 75.56785492, 29.75999258 ], [ 75.56822939, 29.75933643 ], [ 75.56856491, 29.75867314 ], [ 75.56936529, 29.75732856 ], [ 75.56972678, 29.75683665 ], [ 75.56979893, 29.75647125 ], [ 75.56988093, 29.75542474 ], [ 75.5700149, 29.75489238 ], [ 75.5704382, 29.75398998 ], [ 75.5706859, 29.75340799 ], [ 75.57075291, 29.75309226 ], [ 75.57091972, 29.75223759 ], [ 75.57100525, 29.75180653 ], [ 75.57107222, 29.75135544 ], [ 75.57127339, 29.75080496 ], [ 75.57147954, 29.75001101 ], [ 75.57141184, 29.74937955 ], [ 75.57153032, 29.74872544 ], [ 75.57166912, 29.74759315 ], [ 75.57174089, 29.74684435 ], [ 75.57195109, 29.74445804 ], [ 75.57204361, 29.74369119 ], [ 75.57215711, 29.74332578 ], [ 75.57278228, 29.74290133 ], [ 75.57424439, 29.74215637 ], [ 75.57537594, 29.74156925 ], [ 75.57569557, 29.74139046 ], [ 75.57628006, 29.74106353 ], [ 75.5772049, 29.74052176 ], [ 75.57848132, 29.74019615 ], [ 75.58005217, 29.73947354 ], [ 75.58231768, 29.74159666 ], [ 75.58571646, 29.74495044 ], [ 75.58727827, 29.74607267 ], [ 75.58842133, 29.74669436 ], [ 75.58986423, 29.74755484 ], [ 75.59223238, 29.74827951 ], [ 75.59440376, 29.74859372 ], [ 75.59558799, 29.74914309 ], [ 75.59752128, 29.74917783 ], [ 75.60091791, 29.74960825 ], [ 75.60210976, 29.74998621 ], [ 75.60264541, 29.75050008 ], [ 75.60290916, 29.75074344 ], [ 75.60350923, 29.75114893 ], [ 75.60389717, 29.75137414 ], [ 75.60434203, 29.75163098 ], [ 75.6050091, 29.75193258 ], [ 75.60533746, 29.75198871 ], [ 75.60575528, 29.75192526 ], [ 75.60603752, 29.75161307 ], [ 75.6060928, 29.75129235 ], [ 75.60615548, 29.75081751 ], [ 75.60619136, 29.75041163 ], [ 75.6060857, 29.74991471 ], [ 75.60760053, 29.74862704 ], [ 75.61289642, 29.7463553 ], [ 75.6167036, 29.74428611 ], [ 75.61786666, 29.74432122 ], [ 75.61895963, 29.7454215 ], [ 75.6204542, 29.74692605 ], [ 75.6214627, 29.7472679 ], [ 75.6257638, 29.74768333 ], [ 75.62656878, 29.74813917 ], [ 75.62896059, 29.74949358 ], [ 75.62981684, 29.74998892 ], [ 75.63013508, 29.75027276 ], [ 75.63034732, 29.75048902 ], [ 75.6305804, 29.75078199 ], [ 75.63079766, 29.75101639 ], [ 75.6311088, 29.75133481 ], [ 75.63141624, 29.75161343 ], [ 75.63173251, 29.75191698 ], [ 75.63199705, 29.75216612 ], [ 75.63231064, 29.75245617 ], [ 75.63267835, 29.75278905 ], [ 75.63300774, 29.75319987 ], [ 75.6336189, 29.75399062 ], [ 75.63401801, 29.75467587 ], [ 75.63446849, 29.75531141 ], [ 75.63447946, 29.75573093 ], [ 75.63429646, 29.7561799 ], [ 75.63423272, 29.75680023 ], [ 75.6342285, 29.7575534 ], [ 75.63430123, 29.75830406 ], [ 75.634329, 29.75865972 ], [ 75.63438569, 29.75904181 ], [ 75.63464539, 29.76000686 ], [ 75.63485826, 29.76069231 ], [ 75.63497239, 29.76099435 ], [ 75.63520577, 29.76156242 ], [ 75.63534083, 29.76201343 ], [ 75.63536218, 29.76245093 ], [ 75.63512503, 29.76301048 ], [ 75.63492391, 29.76334451 ], [ 75.63482632, 29.76384068 ], [ 75.63464902, 29.76463479 ], [ 75.63458847, 29.76508453 ], [ 75.63454771, 29.76541341 ], [ 75.63450582, 29.76577903 ], [ 75.63445064, 29.76634605 ], [ 75.63447354, 29.76678659 ], [ 75.6345204, 29.76704818 ], [ 75.63459841, 29.76732321 ], [ 75.63474366, 29.76775161 ], [ 75.63488921, 29.76830184 ], [ 75.63505504, 29.76861278 ], [ 75.63531454, 29.7692982 ], [ 75.63535715, 29.77023411 ], [ 75.63536835, 29.77091746 ], [ 75.63525523, 29.77131449 ], [ 75.635204, 29.77171604 ], [ 75.63526455, 29.77236731 ], [ 75.63573778, 29.77261315 ], [ 75.63606861, 29.77286586 ], [ 75.63660732, 29.77326854 ], [ 75.63699554, 29.77356357 ], [ 75.63721816, 29.77374828 ], [ 75.63765516, 29.77390346 ], [ 75.63806607, 29.773779 ], [ 75.63840182, 29.77356211 ], [ 75.63874276, 29.77331812 ], [ 75.63914317, 29.77308314 ], [ 75.63965729, 29.77282099 ], [ 75.64014544, 29.77251605 ], [ 75.64048974, 29.77282921 ], [ 75.64070227, 29.77317179 ], [ 75.64100251, 29.77359993 ], [ 75.64129065, 29.77399555 ], [ 75.64176934, 29.7746682 ], [ 75.6421162, 29.77497456 ], [ 75.6424421, 29.77512754 ], [ 75.64275754, 29.7751272 ], [ 75.64310379, 29.77504112 ], [ 75.64343969, 29.77488289 ], [ 75.64387397, 29.77481471 ], [ 75.64421011, 29.77487299 ], [ 75.64455671, 29.77501243 ], [ 75.64482324, 29.77516774 ], [ 75.64522903, 29.77511098 ], [ 75.64564007, 29.77503609 ], [ 75.64602553, 29.77523636 ], [ 75.64636209, 29.77554723 ], [ 75.64669817, 29.77557843 ], [ 75.64740125, 29.77553706 ], [ 75.64799594, 29.77557695 ], [ 75.64831139, 29.77558118 ], [ 75.64870442, 29.77558974 ], [ 75.6491543, 29.77566586 ], [ 75.64956797, 29.77570596 ], [ 75.65017286, 29.77565346 ], [ 75.65055474, 29.77518611 ], [ 75.65088008, 29.77487454 ], [ 75.65114865, 29.77472085 ], [ 75.6521527, 29.77536477 ], [ 75.6525042, 29.77524701 ], [ 75.65284003, 29.77509783 ], [ 75.65320687, 29.77487643 ], [ 75.65380104, 29.77460052 ], [ 75.65424267, 29.77433157 ], [ 75.65475152, 29.77408971 ], [ 75.65506938, 29.7739743 ], [ 75.6554626, 29.77414523 ], [ 75.65585251, 29.77385159 ], [ 75.65650161, 29.77396361 ], [ 75.65687178, 29.77425861 ], [ 75.65714121, 29.77462812 ], [ 75.65727108, 29.77501666 ], [ 75.65771083, 29.77520474 ], [ 75.65804717, 29.7753939 ], [ 75.65851804, 29.77561879 ], [ 75.66096052, 29.77686981 ], [ 75.66127571, 29.77669359 ], [ 75.66148743, 29.77650385 ], [ 75.66211252, 29.77613317 ], [ 75.66278411, 29.77581212 ], [ 75.66367267, 29.77534191 ], [ 75.66410169, 29.7752579 ], [ 75.66439679, 29.77548533 ], [ 75.66481943, 29.77584533 ], [ 75.66504916, 29.77604384 ], [ 75.66545279, 29.77623728 ], [ 75.66595487, 29.7765209 ], [ 75.66648263, 29.77678637 ], [ 75.66738818, 29.77717758 ], [ 75.66806066, 29.77743381 ], [ 75.66854169, 29.77746483 ], [ 75.66906037, 29.77741132 ], [ 75.66967766, 29.77733468 ], [ 75.67012369, 29.7773229 ], [ 75.67075936, 29.77713724 ], [ 75.6716298, 29.77665113 ], [ 75.67237705, 29.77671557 ], [ 75.6730234, 29.77671481 ], [ 75.67359747, 29.77678158 ], [ 75.6744248, 29.77685273 ], [ 75.67521082, 29.77685166 ], [ 75.67585703, 29.77683281 ], [ 75.67649808, 29.77675072 ], [ 75.67725016, 29.77657873 ], [ 75.67765053, 29.77642891 ], [ 75.67829628, 29.77613479 ], [ 75.67866818, 29.77586372 ], [ 75.67891573, 29.7755612 ], [ 75.67937496, 29.77504183 ], [ 75.67969965, 29.77442337 ], [ 75.68004525, 29.77395384 ], [ 75.68105167, 29.77291954 ], [ 75.6816993, 29.77224429 ], [ 75.68173785, 29.77192826 ], [ 75.68178908, 29.77155327 ], [ 75.68186292, 29.77109446 ], [ 75.68190579, 29.77068102 ], [ 75.68193435, 29.77034032 ], [ 75.68195956, 29.76997772 ], [ 75.68212611, 29.76953506 ], [ 75.68216697, 29.76922377 ], [ 75.68218144, 29.76871395 ], [ 75.6822786, 29.76807784 ], [ 75.68244796, 29.76743262 ], [ 75.68264874, 29.76697219 ], [ 75.68301999, 29.76643492 ], [ 75.68331416, 29.76603303 ], [ 75.68346862, 29.76578029 ], [ 75.68400785, 29.76519084 ], [ 75.68431642, 29.76482418 ], [ 75.68457155, 29.76453144 ], [ 75.68510414, 29.76395113 ], [ 75.68569256, 29.76341358 ], [ 75.68607442, 29.76297997 ], [ 75.68651334, 29.76270872 ], [ 75.68694682, 29.76237438 ], [ 75.68750968, 29.76197208 ], [ 75.68783602, 29.76164305 ], [ 75.68812343, 29.76117278 ], [ 75.68841741, 29.76082953 ], [ 75.68861862, 29.76063077 ], [ 75.68880953, 29.76038702 ], [ 75.68922241, 29.76006609 ], [ 75.68951151, 29.7597906 ], [ 75.68984673, 29.75943825 ], [ 75.69013045, 29.75903636 ], [ 75.69033124, 29.75861643 ], [ 75.69052164, 29.75817874 ], [ 75.69066571, 29.7577681 ], [ 75.69079932, 29.75734839 ], [ 75.69087606, 29.75693789 ], [ 75.69097857, 29.75649561 ], [ 75.69109183, 29.75625189 ], [ 75.69133427, 29.75595835 ], [ 75.69164922, 29.75573231 ], [ 75.69206221, 29.7554566 ], [ 75.69251148, 29.75523482 ], [ 75.69286548, 29.75516895 ], [ 75.69348787, 29.75489064 ], [ 75.69396823, 29.75468694 ], [ 75.69449501, 29.75442904 ], [ 75.69495473, 29.75422546 ], [ 75.69571411, 29.75397166 ], [ 75.69607062, 29.75389902 ], [ 75.69669094, 29.75383041 ], [ 75.69744026, 29.75371646 ], [ 75.6978641, 29.75372498 ], [ 75.6982414, 29.75367479 ], [ 75.69893394, 29.75357899 ], [ 75.69936551, 29.75353092 ], [ 75.70000377, 29.75344432 ], [ 75.70044808, 29.7533602 ], [ 75.70079413, 29.75321524 ], [ 75.70127445, 29.75298002 ], [ 75.70164638, 29.75283507 ], [ 75.7022404, 29.75260865 ], [ 75.70277758, 29.75238227 ], [ 75.70312378, 29.75231414 ], [ 75.7035316, 29.7524073 ], [ 75.70389442, 29.7525294 ], [ 75.70444793, 29.75270445 ], [ 75.70493918, 29.75283006 ], [ 75.70524972, 29.7529558 ], [ 75.70589089, 29.7530947 ], [ 75.70642364, 29.7532292 ], [ 75.70675499, 29.75343614 ], [ 75.70704968, 29.75365563 ], [ 75.70730992, 29.75384119 ], [ 75.70767154, 29.75421508 ], [ 75.70797203, 29.75455736 ], [ 75.70826995, 29.75484781 ], [ 75.70859212, 29.7551547 ], [ 75.70889804, 29.75542724 ], [ 75.70912749, 29.75579599 ], [ 75.70920585, 29.75617926 ], [ 75.70922732, 29.75657166 ], [ 75.70907068, 29.75707257 ], [ 75.70870194, 29.75752869 ], [ 75.70834593, 29.75784512 ], [ 75.70798975, 29.75809821 ], [ 75.70746315, 29.75844192 ], [ 75.70699328, 29.75872222 ], [ 75.70653374, 29.75898008 ], [ 75.70619839, 29.75930088 ], [ 75.70572878, 29.75972118 ], [ 75.70548173, 29.76025828 ], [ 75.70524518, 29.76085178 ], [ 75.70503008, 29.76132459 ], [ 75.70488287, 29.7616587 ], [ 75.70473842, 29.76201032 ], [ 75.70464398, 29.76228517 ], [ 75.70459989, 29.76261199 ], [ 75.70456738, 29.76313754 ], [ 75.70464598, 29.76365614 ], [ 75.70478145, 29.7641521 ], [ 75.70505119, 29.76461179 ], [ 75.70526394, 29.76502196 ], [ 75.70567892, 29.76566631 ], [ 75.70582421, 29.76595022 ], [ 75.70593875, 29.76632897 ], [ 75.70601342, 29.76659855 ], [ 75.70612617, 29.76693756 ], [ 75.70626136, 29.76732083 ], [ 75.70642759, 29.76769944 ], [ 75.70663016, 29.76812314 ], [ 75.70692055, 29.76855119 ], [ 75.70710224, 29.76892526 ], [ 75.70737195, 29.76931278 ], [ 75.70756364, 29.76956064 ], [ 75.70821062, 29.76987078 ], [ 75.70862442, 29.76995133 ], [ 75.70932792, 29.77010806 ], [ 75.70989453, 29.77035079 ], [ 75.71029068, 29.77063431 ], [ 75.71054485, 29.77103537 ], [ 75.71064153, 29.77154037 ], [ 75.71075363, 29.77198232 ], [ 75.71087321, 29.7722888 ], [ 75.71107556, 29.77264031 ], [ 75.71142299, 29.77311787 ], [ 75.71170281, 29.7734106 ], [ 75.71208622, 29.7737934 ], [ 75.71237145, 29.77418762 ], [ 75.71236726, 29.7746725 ], [ 75.7122206, 29.77499302 ], [ 75.71193012, 29.77572877 ], [ 75.71170907, 29.77638313 ], [ 75.71143071, 29.77678504 ], [ 75.71114704, 29.77714637 ], [ 75.71064116, 29.77751702 ], [ 75.70996449, 29.77786993 ], [ 75.70988767, 29.77818354 ], [ 75.71024273, 29.77862731 ], [ 75.71024624, 29.77906483 ], [ 75.71016491, 29.77972804 ], [ 75.7101295, 29.78010699 ], [ 75.71010953, 29.78044989 ], [ 75.71023178, 29.78076765 ], [ 75.71047798, 29.78106724 ], [ 75.71080424, 29.78130126 ], [ 75.7110477, 29.78148574 ], [ 75.71150834, 29.78172865 ], [ 75.71201584, 29.78206384 ], [ 75.71249055, 29.78245674 ], [ 75.71286533, 29.7827549 ], [ 75.713425, 29.78332684 ], [ 75.71360642, 29.78355213 ], [ 75.71410387, 29.78403171 ], [ 75.71433221, 29.7844034 ], [ 75.71449327, 29.78476401 ], [ 75.71458175, 29.78504797 ], [ 75.71458298, 29.78558482 ], [ 75.71458414, 29.78615317 ], [ 75.7146627, 29.78661308 ], [ 75.71514881, 29.78662804 ], [ 75.71560672, 29.78676494 ], [ 75.71592541, 29.7870801 ], [ 75.71620541, 29.78738647 ], [ 75.71640803, 29.78780556 ], [ 75.71657445, 29.78827889 ], [ 75.71661571, 29.788863 ], [ 75.71632862, 29.78937548 ], [ 75.71608096, 29.78965098 ], [ 75.71579172, 29.78983639 ], [ 75.71517163, 29.79005385 ], [ 75.71422188, 29.79085382 ], [ 75.71377301, 29.79133265 ], [ 75.71305072, 29.7921435 ], [ 75.71276456, 29.79256574 ], [ 75.71286613, 29.79289487 ], [ 75.7130787, 29.79314716 ], [ 75.71337925, 29.79342174 ], [ 75.7137837, 29.7939083 ], [ 75.71419854, 29.79444441 ], [ 75.7143339, 29.79488617 ], [ 75.71443559, 29.79541638 ], [ 75.71457946, 29.79602249 ], [ 75.71458046, 29.79654124 ], [ 75.71457903, 29.79705093 ], [ 75.71437582, 29.79754967 ], [ 75.71408264, 29.79801122 ], [ 75.71385275, 29.79842783 ], [ 75.71412827, 29.7990815 ], [ 75.71414265, 29.79970844 ], [ 75.71417996, 29.80028577 ], [ 75.71425814, 29.80060133 ], [ 75.71418163, 29.80108862 ], [ 75.71412585, 29.80158043 ], [ 75.71415238, 29.80188254 ], [ 75.71469092, 29.80218387 ], [ 75.71518152, 29.8024366 ], [ 75.71546222, 29.80256608 ], [ 75.71583043, 29.80283813 ], [ 75.7161461, 29.80308367 ], [ 75.71690123, 29.80305081 ], [ 75.71741813, 29.8029823 ], [ 75.71795627, 29.80304008 ], [ 75.71797796, 29.8035407 ], [ 75.71793397, 29.80471357 ], [ 75.71801442, 29.80597638 ], [ 75.71799952, 29.80631024 ], [ 75.71804696, 29.8067183 ], [ 75.71806448, 29.80762267 ], [ 75.71802369, 29.80793402 ], [ 75.71804603, 29.80868722 ], [ 75.71851725, 29.808921 ], [ 75.71892084, 29.80901954 ], [ 75.71952062, 29.80915188 ], [ 75.7199046, 29.80927226 ], [ 75.72031837, 29.80945024 ], [ 75.72065503, 29.80967526 ], [ 75.72096209, 29.81003181 ], [ 75.72114314, 29.8105692 ], [ 75.72096071, 29.81106855 ], [ 75.72088649, 29.8114385 ], [ 75.720944, 29.8117136 ], [ 75.72105862, 29.8121148 ], [ 75.72111103, 29.81240791 ], [ 75.72109115, 29.81281845 ], [ 75.72078714, 29.81328807 ], [ 75.72079032, 29.81356094 ], [ 75.7216565, 29.81347155 ], [ 75.72231044, 29.81319911 ], [ 75.7230362, 29.81286479 ], [ 75.72350653, 29.81272421 ], [ 75.72402893, 29.81266467 ], [ 75.72557735, 29.81258991 ], [ 75.72735967, 29.81251465 ], [ 75.72830112, 29.81254457 ], [ 75.72876831, 29.81256623 ], [ 75.729077, 29.81257926 ], [ 75.73021496, 29.8126179 ], [ 75.73065468, 29.81258563 ], [ 75.73131662, 29.81253022 ], [ 75.73219674, 29.81254756 ], [ 75.73257876, 29.81255509 ], [ 75.73304961, 29.81264441 ], [ 75.73439537, 29.81307962 ], [ 75.73539468, 29.81344769 ], [ 75.73629038, 29.81382951 ], [ 75.73699303, 29.81406165 ], [ 75.73734625, 29.81412982 ], [ 75.73780606, 29.81406151 ], [ 75.73803281, 29.81389401 ], [ 75.73831586, 29.81367675 ], [ 75.73926398, 29.81290982 ], [ 75.73946938, 29.81271007 ], [ 75.73981581, 29.81237832 ], [ 75.74018494, 29.81201341 ], [ 75.74054706, 29.81164328 ], [ 75.74081545, 29.8113612 ], [ 75.74130261, 29.81083151 ], [ 75.74172382, 29.81050885 ], [ 75.7421259, 29.81016556 ], [ 75.74320034, 29.80948654 ], [ 75.7435603, 29.80917657 ], [ 75.74494012, 29.80843664 ], [ 75.74574002, 29.80797668 ], [ 75.74645895, 29.80750341 ], [ 75.74677569, 29.80740856 ], [ 75.74775775, 29.80708738 ], [ 75.74866147, 29.80692806 ], [ 75.74898603, 29.80712883 ], [ 75.74973317, 29.80738159 ], [ 75.750225, 29.80757006 ], [ 75.75058721, 29.80764134 ], [ 75.75110806, 29.80742628 ], [ 75.75166925, 29.80710677 ], [ 75.75280911, 29.80632685 ], [ 75.75377899, 29.80582689 ], [ 75.75502883, 29.80526694 ], [ 75.75623882, 29.80506344 ], [ 75.75690656, 29.80519363 ], [ 75.75736552, 29.80541341 ], [ 75.75785422, 29.80564744 ], [ 75.75867818, 29.80628628 ], [ 75.75943979, 29.80730396 ], [ 75.75984819, 29.80785674 ], [ 75.76044198, 29.80855535 ], [ 75.76099147, 29.80920796 ], [ 75.76187448, 29.81018621 ], [ 75.76226364, 29.81065902 ], [ 75.76304656, 29.81144678 ], [ 75.76409359, 29.81225669 ], [ 75.76515017, 29.81290348 ], [ 75.76595785, 29.81304683 ], [ 75.76656853, 29.81320798 ], [ 75.76751686, 29.8138375 ], [ 75.76855409, 29.81487282 ], [ 75.76960208, 29.81599836 ], [ 75.77090372, 29.81726773 ], [ 75.77155076, 29.81796957 ], [ 75.77196658, 29.81836587 ], [ 75.77245065, 29.81860348 ], [ 75.77313193, 29.81872912 ], [ 75.77343191, 29.81886438 ], [ 75.77468164, 29.81983091 ], [ 75.7768687, 29.82132845 ], [ 75.77786881, 29.82194882 ], [ 75.77854169, 29.8222678 ], [ 75.7788544, 29.82238995 ], [ 75.77935094, 29.82240715 ], [ 75.78010578, 29.82208432 ], [ 75.78044547, 29.82196559 ], [ 75.78113317, 29.82168012 ], [ 75.78149907, 29.82153058 ], [ 75.78185658, 29.82139133 ], [ 75.7825252, 29.82113567 ], [ 75.78295856, 29.82085134 ], [ 75.78444496, 29.81895586 ], [ 75.7857248, 29.81749599 ], [ 75.78640471, 29.81672606 ], [ 75.78678489, 29.81635775 ], [ 75.78709351, 29.81600665 ], [ 75.78744459, 29.81527619 ], [ 75.78751458, 29.81446626 ], [ 75.78770456, 29.81382631 ], [ 75.78829449, 29.81209646 ], [ 75.78858176, 29.81137638 ], [ 75.78882339, 29.81112026 ], [ 75.78972365, 29.81065341 ], [ 75.79017951, 29.81042602 ], [ 75.79086141, 29.81010191 ], [ 75.79123412, 29.80992666 ], [ 75.79272393, 29.80936671 ], [ 75.79500363, 29.80865678 ], [ 75.79544875, 29.8085006 ], [ 75.79670908, 29.80807351 ], [ 75.79816257, 29.80787569 ], [ 75.79873346, 29.80777932 ], [ 75.79948305, 29.80763899 ], [ 75.80038294, 29.80730691 ], [ 75.8015028, 29.80661697 ], [ 75.80255267, 29.80594704 ], [ 75.8031026, 29.80559707 ], [ 75.8039025, 29.8053271 ], [ 75.80496236, 29.80488714 ], [ 75.80528713, 29.80482897 ], [ 75.80562103, 29.80477398 ], [ 75.80645878, 29.80473602 ], [ 75.8072719, 29.80492232 ], [ 75.80827064, 29.80526403 ], [ 75.80984696, 29.8056759 ], [ 75.81025452, 29.80564088 ], [ 75.81072852, 29.80560107 ], [ 75.8114656, 29.80558457 ], [ 75.81257941, 29.80541629 ], [ 75.81295073, 29.80535991 ], [ 75.81334128, 29.80530713 ], [ 75.81408333, 29.80499504 ], [ 75.81445908, 29.80483154 ], [ 75.81497107, 29.8045472 ], [ 75.81544364, 29.80431153 ], [ 75.81576157, 29.80416779 ], [ 75.81629062, 29.80466317 ], [ 75.81693345, 29.80523684 ], [ 75.8172929, 29.80531578 ], [ 75.81766902, 29.80547179 ], [ 75.81822963, 29.80612901 ], [ 75.8187389, 29.80620373 ], [ 75.81952433, 29.80663555 ], [ 75.81993738, 29.80695558 ], [ 75.82072031, 29.80697701 ], [ 75.82140296, 29.80697701 ], [ 75.82167752, 29.80714448 ], [ 75.82239867, 29.80784199 ], [ 75.82267897, 29.80814343 ], [ 75.82319309, 29.80878277 ], [ 75.82321472, 29.80911963 ], [ 75.82299873, 29.80945983 ], [ 75.82284557, 29.81004156 ], [ 75.82290884, 29.81045679 ], [ 75.82326751, 29.81102881 ], [ 75.82405168, 29.81197854 ], [ 75.82416142, 29.81232567 ], [ 75.82424646, 29.81304265 ], [ 75.8244659, 29.81370519 ], [ 75.82471103, 29.81435864 ], [ 75.82500159, 29.81461946 ], [ 75.82533349, 29.81484872 ], [ 75.82593836, 29.81532664 ], [ 75.82582586, 29.8145569 ], [ 75.82593961, 29.8142764 ], [ 75.82645954, 29.81397642 ], [ 75.82690749, 29.8138072 ], [ 75.82746095, 29.81376991 ], [ 75.82798273, 29.81382641 ], [ 75.82866926, 29.8132065 ], [ 75.82967913, 29.81227658 ], [ 75.83027672, 29.81183833 ], [ 75.83186021, 29.81296513 ], [ 75.83274634, 29.81347255 ], [ 75.83315496, 29.81345346 ], [ 75.83373428, 29.81333125 ], [ 75.83416463, 29.81347988 ], [ 75.83413927, 29.81377241 ], [ 75.83399568, 29.81414917 ], [ 75.83438829, 29.81421489 ], [ 75.83471625, 29.81421221 ], [ 75.83480833, 29.81448021 ], [ 75.83519455, 29.81439819 ], [ 75.83596831, 29.81390646 ], [ 75.83705817, 29.81337651 ], [ 75.8376497, 29.81310226 ], [ 75.83714987, 29.81264367 ], [ 75.8360883, 29.81154667 ], [ 75.83525841, 29.81049675 ], [ 75.83497845, 29.8100068 ], [ 75.83490853, 29.80883649 ], [ 75.83524843, 29.8064771 ], [ 75.83528843, 29.80492723 ], [ 75.83547342, 29.80312239 ], [ 75.83608834, 29.80176751 ], [ 75.8364783, 29.80079759 ], [ 75.83712822, 29.79943771 ], [ 75.83751817, 29.79828781 ], [ 75.83796799, 29.79713685 ], [ 75.83790813, 29.79664795 ], [ 75.83745822, 29.79580668 ], [ 75.83747814, 29.79473142 ], [ 75.83698889, 29.79429732 ], [ 75.83796814, 29.79299827 ], [ 75.83921798, 29.79109843 ], [ 75.83942814, 29.79069979 ], [ 75.84047783, 29.78870865 ], [ 75.84156289, 29.78900924 ], [ 75.84229989, 29.78920342 ], [ 75.84283866, 29.78946821 ], [ 75.84366143, 29.78987808 ], [ 75.84420735, 29.78854867 ], [ 75.84478728, 29.7871288 ], [ 75.84493727, 29.78612888 ], [ 75.845101, 29.78501063 ], [ 75.84519983, 29.78435149 ], [ 75.84531596, 29.78393145 ], [ 75.84548774, 29.7833275 ], [ 75.84581717, 29.78231921 ], [ 75.8465405, 29.78179132 ], [ 75.84723591, 29.78140647 ], [ 75.84823686, 29.78086935 ], [ 75.84978666, 29.78009942 ], [ 75.85038659, 29.77977945 ], [ 75.8518364, 29.77877954 ], [ 75.85225304, 29.77850439 ], [ 75.85289027, 29.77808375 ], [ 75.85267661, 29.77729937 ], [ 75.85315154, 29.77684602 ], [ 75.85351072, 29.77650799 ], [ 75.85306076, 29.77581008 ], [ 75.85270621, 29.77536426 ], [ 75.85206639, 29.7745499 ], [ 75.85141648, 29.77360998 ], [ 75.85106707, 29.77313936 ], [ 75.85139649, 29.77274006 ], [ 75.85252678, 29.77189618 ], [ 75.85285488, 29.77165176 ], [ 75.85337739, 29.77141201 ], [ 75.85401387, 29.77145013 ], [ 75.85440648, 29.77135982 ], [ 75.85508681, 29.77120383 ], [ 75.85586659, 29.77090397 ], [ 75.85653339, 29.77088418 ], [ 75.85726311, 29.77107154 ], [ 75.85779945, 29.7710642 ], [ 75.85830682, 29.77084451 ], [ 75.85886553, 29.7702203 ], [ 75.85921549, 29.76943037 ], [ 75.85965237, 29.76815328 ], [ 75.86008002, 29.76796175 ], [ 75.86053344, 29.76797731 ], [ 75.86086528, 29.76801049 ], [ 75.86120498, 29.76794155 ], [ 75.86164518, 29.76761053 ], [ 75.86194674, 29.76727448 ], [ 75.86241388, 29.76706562 ], [ 75.86329706, 29.76682419 ], [ 75.8652147, 29.76669252 ], [ 75.86618632, 29.76659512 ], [ 75.86671267, 29.76657889 ], [ 75.86686683, 29.76614569 ], [ 75.86712776, 29.76500065 ], [ 75.86741705, 29.76400559 ], [ 75.86749354, 29.76355138 ], [ 75.86775219, 29.76215682 ], [ 75.86807369, 29.76104624 ], [ 75.86820074, 29.76042804 ], [ 75.86881839, 29.75996251 ], [ 75.86942231, 29.75944574 ], [ 75.86965729, 29.75908408 ], [ 75.87011113, 29.75835677 ], [ 75.87035124, 29.75758475 ], [ 75.87041518, 29.75697675 ], [ 75.87045602, 29.756587 ], [ 75.87039207, 29.75602392 ], [ 75.87026651, 29.75495479 ], [ 75.87002477, 29.75425871 ], [ 75.8697363, 29.7534457 ], [ 75.86954758, 29.75276705 ], [ 75.86947436, 29.75250375 ], [ 75.86924013, 29.75201629 ], [ 75.86937319, 29.75139791 ], [ 75.8695045, 29.75080238 ], [ 75.86992538, 29.75002157 ], [ 75.87021174, 29.74939529 ], [ 75.87112088, 29.74939548 ], [ 75.87311305, 29.74955048 ], [ 75.87420028, 29.750014 ], [ 75.87497133, 29.75023289 ], [ 75.8757995, 29.75020988 ], [ 75.8768217, 29.75019156 ], [ 75.87799033, 29.75026483 ], [ 75.87906552, 29.75026633 ], [ 75.87967082, 29.75039543 ], [ 75.88003911, 29.75052831 ], [ 75.88089788, 29.75090604 ], [ 75.88132789, 29.75117095 ], [ 75.88181542, 29.75093339 ], [ 75.88332928, 29.75001945 ], [ 75.88385414, 29.74985156 ], [ 75.88440876, 29.74961466 ], [ 75.88499723, 29.74822843 ], [ 75.88583562, 29.74579021 ], [ 75.8859482, 29.74544925 ], [ 75.88691952, 29.74549521 ], [ 75.88922068, 29.74564943 ], [ 75.8909535, 29.74579549 ], [ 75.89346078, 29.7460068 ], [ 75.89380711, 29.7460057 ], [ 75.89431552, 29.74616073 ], [ 75.89481879, 29.74639581 ], [ 75.89688693, 29.74635728 ], [ 75.89882115, 29.74628897 ], [ 75.8988754, 29.74793912 ], [ 75.90003391, 29.74782656 ], [ 75.90063226, 29.74782332 ], [ 75.90088386, 29.74806574 ], [ 75.90078158, 29.74858928 ], [ 75.90074854, 29.74884845 ], [ 75.90143309, 29.74917852 ], [ 75.90202928, 29.74929513 ], [ 75.902582, 29.74936678 ], [ 75.90297234, 29.74937011 ], [ 75.90328403, 29.74907203 ], [ 75.90370964, 29.74889084 ], [ 75.90415159, 29.74888838 ], [ 75.90445803, 29.74898223 ], [ 75.9045103, 29.75004811 ], [ 75.90226091, 29.75154571 ], [ 75.90264917, 29.75172568 ], [ 75.90297983, 29.751878 ], [ 75.90462571, 29.75236911 ], [ 75.90572277, 29.75267249 ], [ 75.90631259, 29.75405997 ], [ 75.90667021, 29.75385031 ], [ 75.90694682, 29.75368814 ], [ 75.9083166, 29.75269477 ], [ 75.91020983, 29.75140926 ], [ 75.91234933, 29.74999976 ], [ 75.91462398, 29.74796724 ], [ 75.91525636, 29.74714667 ], [ 75.9150691, 29.74518735 ], [ 75.91503947, 29.74481848 ], [ 75.91491666, 29.74328842 ], [ 75.9150741, 29.74295807 ], [ 75.91774913, 29.74202601 ], [ 75.91858857, 29.74176428 ], [ 75.91905001, 29.74162041 ], [ 75.91942625, 29.74138011 ], [ 75.91964693, 29.74099153 ], [ 75.91970522, 29.74010274 ], [ 75.91990613, 29.73974518 ], [ 75.92108547, 29.7389076 ], [ 75.92145053, 29.7384418 ], [ 75.92237782, 29.73770804 ], [ 75.92328531, 29.73721806 ], [ 75.92454456, 29.73675389 ], [ 75.92589051, 29.7364744 ], [ 75.92778765, 29.73608043 ], [ 75.92902342, 29.73569251 ], [ 75.92934119, 29.73559275 ], [ 75.93115675, 29.73470723 ], [ 75.93302812, 29.73347616 ], [ 75.93420262, 29.7327035 ], [ 75.93484071, 29.732408 ], [ 75.93699838, 29.73140875 ], [ 75.9374789, 29.73127551 ], [ 75.93827287, 29.73090381 ], [ 75.938675, 29.73071311 ], [ 75.93917069, 29.73061223 ], [ 75.93956776, 29.73065332 ], [ 75.93991357, 29.73075056 ], [ 75.94075426, 29.73138068 ], [ 75.94106468, 29.73155643 ], [ 75.94501087, 29.73061067 ], [ 75.94603696, 29.73010657 ], [ 75.94639816, 29.72999946 ], [ 75.94683432, 29.72987406 ], [ 75.94729488, 29.72945341 ], [ 75.94849367, 29.73066084 ], [ 75.94889871, 29.73090433 ], [ 75.94959407, 29.73119712 ], [ 75.95003412, 29.73136653 ], [ 75.95058752, 29.73192267 ], [ 75.95094646, 29.73183883 ], [ 75.95162483, 29.73143635 ], [ 75.95196775, 29.73131926 ], [ 75.95267356, 29.73120397 ], [ 75.95322349, 29.73136396 ], [ 75.95361918, 29.73164114 ], [ 75.95440232, 29.73190495 ], [ 75.9549174, 29.73195637 ], [ 75.95526322, 29.73188392 ], [ 75.95639308, 29.73134397 ], [ 75.95675467, 29.73108504 ], [ 75.95746529, 29.73067724 ], [ 75.95785921, 29.73061193 ], [ 75.95901208, 29.73064568 ], [ 75.95933648, 29.73062633 ], [ 75.95967801, 29.73052895 ], [ 75.95998749, 29.73039716 ], [ 75.96099809, 29.73014191 ], [ 75.96288224, 29.72995411 ], [ 75.96466283, 29.72989168 ], [ 75.96625181, 29.72970414 ], [ 75.9667568, 29.72962287 ], [ 75.96755356, 29.72945516 ], [ 75.9678816, 29.72962416 ], [ 75.9686553, 29.73008557 ], [ 75.96987996, 29.73048407 ], [ 75.97023584, 29.73053474 ], [ 75.97121219, 29.73067392 ], [ 75.97307174, 29.73042165 ], [ 75.97343547, 29.7304488 ], [ 75.9747617, 29.73011497 ], [ 75.97484186, 29.72901554 ], [ 75.97535504, 29.72867909 ], [ 75.97565955, 29.7286187 ], [ 75.97602647, 29.72857218 ], [ 75.97650365, 29.728455 ], [ 75.97687044, 29.7283043 ], [ 75.9772404, 29.7283043 ], [ 75.97817028, 29.72807432 ], [ 75.97946313, 29.72782538 ], [ 75.97977977, 29.72776463 ], [ 75.9811019, 29.72758856 ], [ 75.98329471, 29.72730565 ], [ 75.98439844, 29.72715456 ], [ 75.98491082, 29.72793189 ], [ 75.98562931, 29.72902427 ], [ 75.9872303, 29.73123838 ], [ 75.98734907, 29.73156405 ], [ 75.98754783, 29.73189934 ], [ 75.98816694, 29.73296195 ], [ 75.98851675, 29.73354393 ], [ 75.98886438, 29.73397419 ], [ 75.98953743, 29.73456635 ], [ 75.9900987, 29.73506376 ], [ 75.99071194, 29.73555339 ], [ 75.99133994, 29.73605799 ], [ 75.99282455, 29.7373605 ], [ 75.99391522, 29.73842089 ], [ 75.99434965, 29.73892791 ], [ 75.99493809, 29.7393266 ], [ 75.99530241, 29.73945566 ], [ 75.9958156, 29.73949951 ], [ 75.99630693, 29.73916847 ], [ 75.99670916, 29.73924452 ], [ 75.99896031, 29.7410553 ], [ 75.99929748, 29.74091329 ], [ 75.99966049, 29.74073018 ], [ 76.00009738, 29.74050333 ], [ 76.00049704, 29.74035345 ], [ 76.00081477, 29.74036616 ], [ 76.00328557, 29.74042435 ], [ 76.00468302, 29.74062253 ], [ 76.00593468, 29.74095557 ], [ 76.00795045, 29.74092523 ], [ 76.01075688, 29.74135039 ], [ 76.01191585, 29.74166327 ], [ 76.01237636, 29.74173263 ], [ 76.01290689, 29.74185785 ], [ 76.01432987, 29.74214557 ], [ 76.01484758, 29.74231942 ], [ 76.01609046, 29.74278821 ], [ 76.01671273, 29.74319185 ], [ 76.01698135, 29.74414243 ], [ 76.01718821, 29.74490904 ], [ 76.01722514, 29.74522298 ], [ 76.01753749, 29.74577759 ], [ 76.0178834, 29.74608461 ], [ 76.01833455, 29.74649182 ], [ 76.01872706, 29.7468916 ], [ 76.01898838, 29.7474363 ], [ 76.01948676, 29.7478629 ], [ 76.02000457, 29.74801866 ], [ 76.0206004, 29.74828705 ], [ 76.02106701, 29.74855579 ], [ 76.02176928, 29.74841765 ], [ 76.02267442, 29.74852691 ], [ 76.02321842, 29.74875028 ], [ 76.02392928, 29.74904106 ], [ 76.02409423, 29.74998259 ], [ 76.0243968, 29.75115333 ], [ 76.02462927, 29.75171168 ], [ 76.02483413, 29.75220241 ], [ 76.02489332, 29.75285414 ], [ 76.02495105, 29.75388545 ], [ 76.02506926, 29.75477243 ], [ 76.02518318, 29.7550515 ], [ 76.02532405, 29.75541213 ], [ 76.02576983, 29.75599884 ], [ 76.02622389, 29.75622265 ], [ 76.02686269, 29.75628628 ], [ 76.02735378, 29.75620207 ], [ 76.02770826, 29.75606082 ], [ 76.02824449, 29.75586432 ], [ 76.02888196, 29.75573533 ], [ 76.02930995, 29.75558909 ], [ 76.02958104, 29.75537323 ], [ 76.03035888, 29.75498254 ], [ 76.03066279, 29.75476932 ], [ 76.03090734, 29.75409171 ], [ 76.0310557, 29.7529057 ], [ 76.03098333, 29.75213243 ], [ 76.03090346, 29.75142211 ], [ 76.03104585, 29.75092738 ], [ 76.03128356, 29.74998023 ], [ 76.0308918, 29.7476554 ], [ 76.03172589, 29.74702619 ], [ 76.03230519, 29.7465073 ], [ 76.03335045, 29.7458906 ], [ 76.03395726, 29.74530634 ], [ 76.03470333, 29.7446538 ], [ 76.03596171, 29.74400423 ], [ 76.03709101, 29.74362023 ], [ 76.03834706, 29.74361506 ], [ 76.03993659, 29.743144 ], [ 76.04088868, 29.74296164 ], [ 76.04238462, 29.74275962 ], [ 76.04325992, 29.74274915 ], [ 76.04502739, 29.7439937 ], [ 76.04713994, 29.74561328 ], [ 76.04858416, 29.74693341 ], [ 76.04955805, 29.74803442 ], [ 76.05002701, 29.74894368 ], [ 76.0502312, 29.74943421 ], [ 76.05017754, 29.74999395 ], [ 76.04981732, 29.75216861 ], [ 76.05016179, 29.75301378 ], [ 76.05040339, 29.75324357 ], [ 76.05110555, 29.75386725 ], [ 76.05187841, 29.75474558 ], [ 76.05216028, 29.75508458 ], [ 76.05255489, 29.75555916 ], [ 76.0532029, 29.7562322 ], [ 76.05368281, 29.75666856 ], [ 76.05404549, 29.75723831 ], [ 76.05441733, 29.75783874 ], [ 76.05479022, 29.75860196 ], [ 76.05489573, 29.7589552 ], [ 76.05501603, 29.75937383 ], [ 76.05534626, 29.76020238 ], [ 76.05563526, 29.7611998 ], [ 76.05583007, 29.76227165 ], [ 76.05594005, 29.76319157 ], [ 76.05605535, 29.76365735 ], [ 76.05635536, 29.76411787 ], [ 76.05662384, 29.76457647 ], [ 76.0567377, 29.76510405 ], [ 76.05680116, 29.76540111 ], [ 76.05707214, 29.76525333 ], [ 76.05741424, 29.76507201 ], [ 76.05855621, 29.76457299 ], [ 76.05944331, 29.76438903 ], [ 76.05984995, 29.76445303 ], [ 76.06021949, 29.76469145 ], [ 76.06059944, 29.76518142 ], [ 76.06089978, 29.7656598 ], [ 76.06138933, 29.76630132 ], [ 76.0615793, 29.76707126 ], [ 76.06184927, 29.76765121 ], [ 76.06215577, 29.76822835 ], [ 76.06264114, 29.76857934 ], [ 76.0635031, 29.76922962 ], [ 76.06414236, 29.76981779 ], [ 76.06479173, 29.77036536 ], [ 76.06575795, 29.77103031 ], [ 76.06631988, 29.77134521 ], [ 76.06648683, 29.77193534 ], [ 76.06661285, 29.77246294 ], [ 76.06678315, 29.7732797 ], [ 76.06699234, 29.77391634 ], [ 76.06745271, 29.77420815 ], [ 76.06790841, 29.77437869 ], [ 76.06863668, 29.7746339 ], [ 76.06918313, 29.77491129 ], [ 76.06963235, 29.77513932 ], [ 76.07019932, 29.77574126 ], [ 76.07037737, 29.77609203 ], [ 76.07077188, 29.77666174 ], [ 76.07099218, 29.77696018 ], [ 76.07140169, 29.77747754 ], [ 76.0719921, 29.77822342 ], [ 76.07231366, 29.77846371 ], [ 76.0725448, 29.77863448 ], [ 76.07286648, 29.77876309 ], [ 76.07300608, 29.77831822 ], [ 76.07363344, 29.77679093 ], [ 76.07391614, 29.77615313 ], [ 76.07433198, 29.77597602 ], [ 76.07496095, 29.77565296 ], [ 76.07535294, 29.77542762 ], [ 76.07589376, 29.7751167 ], [ 76.07664625, 29.77491701 ], [ 76.07744709, 29.77548875 ], [ 76.07807044, 29.7759958 ], [ 76.07859129, 29.77665656 ], [ 76.07917385, 29.77724484 ], [ 76.0808597, 29.77956604 ], [ 76.08131606, 29.78019438 ], [ 76.08163243, 29.78081847 ], [ 76.08194389, 29.78102159 ], [ 76.08245349, 29.78100772 ], [ 76.08267735, 29.78129567 ], [ 76.08309016, 29.78206299 ], [ 76.08327576, 29.7823049 ], [ 76.08383514, 29.78303399 ], [ 76.0843316, 29.78392488 ], [ 76.08460262, 29.78428453 ], [ 76.08469709, 29.78457197 ], [ 76.08362478, 29.78687786 ], [ 76.08337696, 29.78728446 ], [ 76.08293841, 29.78800399 ], [ 76.08295179, 29.7885317 ], [ 76.08322532, 29.79022203 ], [ 76.08326559, 29.79074894 ], [ 76.08329251, 29.79110122 ], [ 76.08343386, 29.79138932 ], [ 76.08383338, 29.79251967 ], [ 76.08402395, 29.79326313 ], [ 76.08409135, 29.79419194 ], [ 76.08416562, 29.79483751 ], [ 76.08430894, 29.7957661 ], [ 76.08441794, 29.79621008 ], [ 76.08467433, 29.79662946 ], [ 76.08464511, 29.797092 ], [ 76.08489271, 29.79947482 ], [ 76.08498681, 29.80077083 ], [ 76.0856647, 29.80072206 ], [ 76.08600632, 29.80065615 ], [ 76.08707312, 29.80089497 ], [ 76.08847055, 29.80106012 ], [ 76.08951085, 29.80118182 ], [ 76.08979873, 29.80149678 ], [ 76.09022543, 29.80199835 ], [ 76.0904215, 29.80227166 ], [ 76.09061275, 29.80254854 ], [ 76.09079536, 29.80281828 ], [ 76.0909305, 29.80308414 ], [ 76.09127443, 29.80354485 ], [ 76.09149526, 29.8038282 ], [ 76.09254512, 29.80503809 ], [ 76.09294719, 29.80543053 ], [ 76.09326079, 29.80561244 ], [ 76.09368619, 29.80584055 ], [ 76.094311, 29.80653688 ], [ 76.09472038, 29.80709254 ], [ 76.09514922, 29.80777508 ], [ 76.09535054, 29.80825975 ], [ 76.09550898, 29.80861526 ], [ 76.0957938, 29.80889217 ], [ 76.09605979, 29.80923985 ], [ 76.09648674, 29.80955359 ], [ 76.09711363, 29.80990267 ], [ 76.09751409, 29.81017977 ], [ 76.09806438, 29.81065763 ], [ 76.09859431, 29.81056764 ], [ 76.09887663, 29.81067142 ], [ 76.09927366, 29.81072078 ], [ 76.09970465, 29.81069829 ], [ 76.10004543, 29.81060653 ], [ 76.10096541, 29.81048956 ], [ 76.10200593, 29.8106337 ], [ 76.10257163, 29.81095134 ], [ 76.10354042, 29.81120855 ], [ 76.1040506, 29.81145113 ], [ 76.10508877, 29.81185533 ], [ 76.10762067, 29.8093585 ], [ 76.10825777, 29.8087507 ], [ 76.10911187, 29.80791278 ], [ 76.10981211, 29.80739987 ], [ 76.11047277, 29.80716224 ], [ 76.11154037, 29.80685131 ], [ 76.11255822, 29.8064805 ], [ 76.11281368, 29.80628653 ], [ 76.11307812, 29.80608575 ], [ 76.11342256, 29.8057278 ], [ 76.11410639, 29.80506604 ], [ 76.11445501, 29.80457276 ], [ 76.11468018, 29.8041236 ], [ 76.11481144, 29.80364648 ], [ 76.11529852, 29.80295409 ], [ 76.11561832, 29.8025546 ], [ 76.11593938, 29.8023297 ], [ 76.11670195, 29.80223035 ], [ 76.11808826, 29.80160597 ], [ 76.11907135, 29.80132305 ], [ 76.12006197, 29.80085922 ], [ 76.12032451, 29.8002468 ], [ 76.12021462, 29.79919183 ], [ 76.11991179, 29.79454294 ], [ 76.11984824, 29.79424642 ], [ 76.11972541, 29.79367327 ], [ 76.11965374, 29.79296092 ], [ 76.11965507, 29.79233393 ], [ 76.11999562, 29.79221053 ], [ 76.12057197, 29.79197485 ], [ 76.12164408, 29.79153832 ], [ 76.12244422, 29.79123844 ], [ 76.12274036, 29.79116476 ], [ 76.12319963, 29.79098121 ], [ 76.12354601, 29.79102697 ], [ 76.12395177, 29.79102097 ], [ 76.1247201, 29.79350083 ], [ 76.12548359, 29.79403401 ], [ 76.12629182, 29.7946017 ], [ 76.12707827, 29.79515408 ], [ 76.12859499, 29.79622034 ], [ 76.1292462, 29.79697953 ], [ 76.12998386, 29.7983202 ], [ 76.13057344, 29.79953786 ], [ 76.13083798, 29.80008419 ], [ 76.1314931, 29.80147039 ], [ 76.1321402, 29.80322926 ], [ 76.1325623, 29.80370694 ], [ 76.13274111, 29.80392575 ], [ 76.13320858, 29.80449776 ], [ 76.13428033, 29.80548041 ], [ 76.13560261, 29.80662351 ], [ 76.13669797, 29.80748045 ], [ 76.13782306, 29.80790353 ], [ 76.1382686, 29.80805741 ], [ 76.13864731, 29.80818822 ], [ 76.139602, 29.8088139 ], [ 76.14015044, 29.80949802 ], [ 76.14073459, 29.81025746 ], [ 76.14113576, 29.81069792 ], [ 76.14141388, 29.81091852 ], [ 76.14171091, 29.81088417 ], [ 76.14170843, 29.8112856 ], [ 76.14179376, 29.81169114 ], [ 76.14164671, 29.812161 ], [ 76.14138656, 29.81273509 ], [ 76.14130275, 29.81316036 ], [ 76.14139654, 29.81348374 ], [ 76.14168964, 29.81401007 ], [ 76.14170304, 29.81449263 ], [ 76.14161925, 29.81515159 ], [ 76.14159567, 29.81550804 ], [ 76.14182496, 29.81576854 ], [ 76.14211073, 29.81597009 ], [ 76.14247696, 29.81660882 ], [ 76.1427748, 29.81707201 ], [ 76.14364238, 29.81765407 ], [ 76.14490374, 29.81869757 ], [ 76.14546742, 29.81912917 ], [ 76.14643202, 29.81951236 ], [ 76.14796625, 29.81998742 ], [ 76.14966329, 29.8200242 ], [ 76.1518359, 29.82003156 ], [ 76.1524052, 29.82004882 ], [ 76.15324323, 29.82007422 ], [ 76.15496979, 29.81989421 ], [ 76.15631904, 29.81975675 ], [ 76.15686796, 29.81972182 ], [ 76.15762723, 29.81967355 ], [ 76.15828328, 29.81952151 ], [ 76.15933401, 29.81950227 ], [ 76.16042471, 29.81950169 ], [ 76.16088916, 29.81942642 ], [ 76.16128074, 29.81920516 ], [ 76.16167782, 29.81890907 ], [ 76.16185082, 29.81866386 ], [ 76.1622441, 29.81850034 ], [ 76.16264321, 29.81834879 ], [ 76.16296642, 29.81822607 ], [ 76.16347638, 29.81789419 ], [ 76.16388507, 29.81789665 ], [ 76.16447833, 29.81765918 ], [ 76.16495832, 29.81777301 ], [ 76.16609922, 29.81793063 ], [ 76.16693338, 29.81813391 ], [ 76.16851029, 29.81800413 ], [ 76.16974979, 29.81791918 ], [ 76.17078521, 29.81784824 ], [ 76.17111254, 29.81786203 ], [ 76.17145271, 29.81787639 ], [ 76.17174678, 29.81771247 ], [ 76.17213846, 29.81753918 ], [ 76.17258705, 29.81761978 ], [ 76.17372414, 29.8179596 ], [ 76.17432122, 29.81829483 ], [ 76.17479007, 29.81861489 ], [ 76.17514749, 29.8188589 ], [ 76.17546319, 29.81906882 ], [ 76.17573983, 29.81925279 ], [ 76.17631701, 29.81954148 ], [ 76.1772875, 29.82016956 ], [ 76.17793724, 29.82062633 ], [ 76.17887462, 29.82077031 ], [ 76.17917264, 29.82089676 ], [ 76.18017672, 29.82132286 ], [ 76.18094001, 29.82173686 ], [ 76.18140567, 29.82191055 ], [ 76.1820548, 29.82212508 ], [ 76.1826566, 29.82226944 ], [ 76.18340931, 29.82239524 ], [ 76.1839557, 29.82248064 ], [ 76.18460497, 29.82269149 ], [ 76.18489015, 29.8229316 ], [ 76.18499252, 29.82355775 ], [ 76.18524449, 29.82409319 ], [ 76.18542433, 29.82432252 ], [ 76.18593846, 29.8249782 ], [ 76.18679768, 29.8265614 ], [ 76.18811589, 29.82867443 ], [ 76.18835848, 29.82909555 ], [ 76.19084386, 29.83340979 ], [ 76.19326913, 29.8377452 ], [ 76.19580983, 29.84226481 ], [ 76.19691519, 29.8434859 ], [ 76.19734878, 29.84413261 ], [ 76.19780404, 29.84481169 ], [ 76.19849896, 29.84455524 ], [ 76.19965161, 29.84412988 ], [ 76.20034681, 29.84381522 ], [ 76.20122476, 29.84341786 ], [ 76.20212327, 29.84316056 ], [ 76.20267627, 29.84306287 ], [ 76.20336967, 29.84312819 ], [ 76.20396102, 29.84328608 ], [ 76.20456069, 29.84322552 ], [ 76.20569892, 29.84321365 ], [ 76.20596992, 29.84347838 ], [ 76.20622288, 29.84333388 ], [ 76.20663653, 29.84331857 ], [ 76.20715916, 29.84336823 ], [ 76.20782013, 29.84338147 ], [ 76.20840109, 29.84339313 ], [ 76.20923439, 29.84342467 ], [ 76.20960264, 29.84330961 ], [ 76.21014796, 29.84313576 ], [ 76.21058291, 29.84315582 ], [ 76.21134658, 29.84318575 ], [ 76.21198963, 29.84306704 ], [ 76.21290312, 29.84272837 ], [ 76.21332037, 29.84248253 ], [ 76.21372249, 29.84209826 ], [ 76.21394222, 29.84188827 ], [ 76.21468786, 29.84123025 ], [ 76.21528001, 29.84083918 ], [ 76.2156762, 29.84053031 ], [ 76.21637823, 29.84012979 ], [ 76.21787701, 29.83933662 ], [ 76.21787878, 29.83886296 ], [ 76.2179789, 29.83839783 ], [ 76.21870196, 29.83822248 ], [ 76.21974292, 29.83798264 ], [ 76.22055771, 29.83802586 ], [ 76.22046262, 29.83843397 ], [ 76.22040283, 29.83875905 ], [ 76.22048404, 29.83919358 ], [ 76.22074108, 29.84046217 ], [ 76.22072979, 29.84135405 ], [ 76.22072127, 29.84202736 ], [ 76.22065341, 29.8448197 ], [ 76.22068837, 29.84681316 ], [ 76.22102036, 29.84726116 ], [ 76.22119781, 29.84751572 ], [ 76.22160201, 29.84794029 ], [ 76.22205049, 29.84842062 ], [ 76.2222186, 29.84878042 ], [ 76.22286956, 29.84863249 ], [ 76.22307471, 29.84885683 ], [ 76.22416588, 29.84973494 ], [ 76.2255182, 29.85069725 ], [ 76.22722878, 29.85181997 ], [ 76.22781744, 29.8517999 ], [ 76.22893654, 29.85184216 ], [ 76.22985361, 29.85199942 ], [ 76.23058557, 29.85161684 ], [ 76.23128509, 29.85245156 ], [ 76.23196342, 29.8532191 ], [ 76.23243813, 29.8537532 ], [ 76.23306159, 29.85346866 ], [ 76.23380639, 29.85332615 ], [ 76.23456043, 29.85313251 ], [ 76.23537265, 29.85298094 ], [ 76.23592912, 29.85278656 ], [ 76.23642938, 29.85254928 ], [ 76.23740004, 29.85226418 ], [ 76.23804794, 29.85207195 ], [ 76.23852144, 29.85203109 ], [ 76.23929726, 29.85200549 ], [ 76.23968456, 29.85196555 ], [ 76.24008322, 29.85192444 ], [ 76.24148063, 29.85197068 ], [ 76.24244907, 29.85204227 ], [ 76.24379833, 29.85245688 ], [ 76.24382033, 29.85276024 ], [ 76.24385073, 29.85304232 ], [ 76.2439177, 29.85334164 ], [ 76.24412821, 29.85381409 ], [ 76.24444796, 29.85506615 ], [ 76.24451859, 29.85621144 ], [ 76.24448197, 29.85651014 ], [ 76.2444356, 29.85688845 ], [ 76.2442796, 29.85748026 ], [ 76.24415865, 29.85791845 ], [ 76.24370349, 29.85863817 ], [ 76.24345241, 29.85911848 ], [ 76.24333734, 29.85951073 ], [ 76.24330636, 29.86021449 ], [ 76.24337295, 29.86086771 ], [ 76.24338036, 29.86125378 ], [ 76.24337408, 29.86167106 ], [ 76.24332188, 29.86265678 ], [ 76.2433714, 29.86340302 ], [ 76.2435702, 29.86578342 ], [ 76.24366206, 29.86690119 ], [ 76.24374656, 29.86792938 ], [ 76.24379597, 29.86841853 ], [ 76.24385265, 29.86897971 ], [ 76.24419667, 29.87000617 ], [ 76.24470965, 29.8714737 ], [ 76.24496403, 29.8721359 ], [ 76.24525553, 29.87266843 ], [ 76.24551364, 29.87310196 ], [ 76.24618248, 29.87395964 ], [ 76.24667273, 29.8744575 ], [ 76.2470014, 29.87507656 ], [ 76.24702711, 29.87548196 ], [ 76.24691049, 29.87580025 ], [ 76.24672473, 29.876009 ], [ 76.24633248, 29.87629957 ], [ 76.24586101, 29.87665417 ], [ 76.24537446, 29.87695179 ], [ 76.2451242, 29.87710487 ], [ 76.24476758, 29.87718355 ], [ 76.24441527, 29.87713142 ], [ 76.24395329, 29.87694913 ], [ 76.24345492, 29.87675793 ], [ 76.2428897, 29.87681996 ], [ 76.24269833, 29.87732606 ], [ 76.24258167, 29.87764697 ], [ 76.24241822, 29.87794555 ], [ 76.24194997, 29.87831806 ], [ 76.24168647, 29.87852954 ], [ 76.24101682, 29.87881946 ], [ 76.24041152, 29.87884539 ], [ 76.2390959, 29.87873102 ], [ 76.23875001, 29.87873671 ], [ 76.2382167, 29.87881708 ], [ 76.23819836, 29.87914645 ], [ 76.23821913, 29.87950722 ], [ 76.23796794, 29.87983332 ], [ 76.23763296, 29.88000953 ], [ 76.23717707, 29.88032935 ], [ 76.23672216, 29.88063175 ], [ 76.2362715, 29.8810606 ], [ 76.23594058, 29.88136174 ], [ 76.2356082, 29.88166419 ], [ 76.23470518, 29.88244468 ], [ 76.23407989, 29.88289504 ], [ 76.23342751, 29.88332714 ], [ 76.23298785, 29.88361834 ], [ 76.23171515, 29.88441918 ], [ 76.23101722, 29.88484584 ], [ 76.23009187, 29.8854115 ], [ 76.22972551, 29.88556682 ], [ 76.22938466, 29.88568154 ], [ 76.22870997, 29.88577789 ], [ 76.2282782, 29.88584999 ], [ 76.22783429, 29.88601934 ], [ 76.22716602, 29.88623874 ], [ 76.22680166, 29.88639033 ], [ 76.22667994, 29.88601666 ], [ 76.22665211, 29.88574622 ], [ 76.22657522, 29.88514054 ], [ 76.22654227, 29.88488087 ], [ 76.22642385, 29.88427434 ], [ 76.22619679, 29.88388051 ], [ 76.22560933, 29.88400641 ], [ 76.22476684, 29.8841734 ], [ 76.22425626, 29.88434579 ], [ 76.22377548, 29.8845081 ], [ 76.22319661, 29.88470471 ], [ 76.22270215, 29.88488674 ], [ 76.22225244, 29.88493418 ], [ 76.22213583, 29.88467495 ], [ 76.22193154, 29.88434235 ], [ 76.22153379, 29.88374918 ], [ 76.22132354, 29.88347611 ], [ 76.22102464, 29.88339497 ], [ 76.22037767, 29.88349384 ], [ 76.21996374, 29.88350512 ], [ 76.21954962, 29.88356695 ], [ 76.21873326, 29.88364304 ], [ 76.21830899, 29.88373966 ], [ 76.21737977, 29.8840875 ], [ 76.21683014, 29.88434988 ], [ 76.21652729, 29.88449928 ], [ 76.21607479, 29.88472605 ], [ 76.21532252, 29.88521278 ], [ 76.2146434, 29.88579376 ], [ 76.21391783, 29.88640214 ], [ 76.21329621, 29.88687896 ], [ 76.21292895, 29.88709759 ], [ 76.21267771, 29.88743273 ], [ 76.21229225, 29.88805868 ], [ 76.21211475, 29.88834687 ], [ 76.21193625, 29.88871322 ], [ 76.21164538, 29.88931011 ], [ 76.21120979, 29.89065211 ], [ 76.21106095, 29.89097184 ], [ 76.21084412, 29.89128999 ], [ 76.21040462, 29.89112081 ], [ 76.21015511, 29.89083363 ], [ 76.20994094, 29.89057318 ], [ 76.20944627, 29.8901654 ], [ 76.2091496, 29.88992348 ], [ 76.20923756, 29.88960882 ], [ 76.20953341, 29.889317 ], [ 76.20974967, 29.88898689 ], [ 76.20968447, 29.88871177 ], [ 76.20933, 29.88833344 ], [ 76.20886547, 29.88782315 ], [ 76.20870922, 29.88732334 ], [ 76.2090714, 29.88692894 ], [ 76.20959667, 29.8865859 ], [ 76.20996555, 29.88628438 ], [ 76.20982098, 29.88597082 ], [ 76.20953453, 29.88582135 ], [ 76.20897599, 29.88569877 ], [ 76.20822983, 29.88578325 ], [ 76.20759395, 29.88589943 ], [ 76.20714354, 29.88592414 ], [ 76.20642873, 29.88582002 ], [ 76.20601796, 29.88555158 ], [ 76.20570693, 29.88526308 ], [ 76.205471, 29.88506735 ], [ 76.20499248, 29.88481274 ], [ 76.20468722, 29.88476033 ], [ 76.20420687, 29.88474659 ], [ 76.20379837, 29.88465391 ], [ 76.20348862, 29.88434733 ], [ 76.20321806, 29.88410235 ], [ 76.20278036, 29.88400042 ], [ 76.20217621, 29.88394838 ], [ 76.20160705, 29.88380046 ], [ 76.20130008, 29.8837591 ], [ 76.20092303, 29.88386485 ], [ 76.20053198, 29.88411301 ], [ 76.20019103, 29.88430618 ], [ 76.19987794, 29.88432623 ], [ 76.19932731, 29.88440553 ], [ 76.1991261, 29.88467583 ], [ 76.1992631, 29.88517064 ], [ 76.19911644, 29.88561782 ], [ 76.19890822, 29.88591426 ], [ 76.19891095, 29.88622354 ], [ 76.19943095, 29.88664665 ], [ 76.19975028, 29.88682966 ], [ 76.20005448, 29.88740865 ], [ 76.19997936, 29.8879513 ], [ 76.199729, 29.88833214 ], [ 76.19941467, 29.88839004 ], [ 76.19891394, 29.88820998 ], [ 76.19846273, 29.88808163 ], [ 76.19785956, 29.88814455 ], [ 76.19748789, 29.88814652 ], [ 76.19713929, 29.88792066 ], [ 76.19706148, 29.88757028 ], [ 76.19696171, 29.88720829 ], [ 76.19672484, 29.88680537 ], [ 76.19621234, 29.88634871 ], [ 76.19577411, 29.88641318 ], [ 76.19544014, 29.88666776 ], [ 76.1949291, 29.8867917 ], [ 76.1944124, 29.88662661 ], [ 76.19407136, 29.88631664 ], [ 76.19384633, 29.88598154 ], [ 76.19334044, 29.88578686 ], [ 76.19292134, 29.88609138 ], [ 76.19205614, 29.88686602 ], [ 76.19156606, 29.88740215 ], [ 76.19102868, 29.88798997 ], [ 76.19045669, 29.88874395 ], [ 76.19013692, 29.88904924 ], [ 76.19000343, 29.88944319 ], [ 76.18992343, 29.88986315 ], [ 76.18987131, 29.89012197 ], [ 76.18965946, 29.89047031 ], [ 76.18920874, 29.89057045 ], [ 76.1885321, 29.89063293 ], [ 76.18773949, 29.89068637 ], [ 76.18695623, 29.89077479 ], [ 76.18631722, 29.89087875 ], [ 76.18603701, 29.89153869 ], [ 76.18577189, 29.89212198 ], [ 76.18563976, 29.89249246 ], [ 76.18562666, 29.89283984 ], [ 76.18577446, 29.89326306 ], [ 76.18581873, 29.89367779 ], [ 76.18584692, 29.8940114 ], [ 76.18601216, 29.89546289 ], [ 76.1861796, 29.89678051 ], [ 76.18622009, 29.89709911 ], [ 76.18633577, 29.8981134 ], [ 76.18632855, 29.89915406 ], [ 76.186429, 29.89962387 ], [ 76.18665922, 29.9003344 ], [ 76.18697231, 29.90153342 ], [ 76.18714972, 29.90204681 ], [ 76.18731165, 29.90239313 ], [ 76.18733749, 29.90284902 ], [ 76.18742403, 29.90329965 ], [ 76.18775481, 29.90422213 ], [ 76.18821426, 29.90553232 ], [ 76.18839392, 29.9060501 ], [ 76.18851627, 29.90635863 ], [ 76.18872055, 29.9068738 ], [ 76.18892585, 29.90761517 ], [ 76.18909223, 29.90821596 ], [ 76.18925308, 29.90864303 ], [ 76.18927086, 29.90910468 ], [ 76.18925696, 29.90958047 ], [ 76.18912814, 29.91109259 ], [ 76.18892395, 29.91235288 ], [ 76.18892362, 29.91301871 ], [ 76.18866301, 29.91348225 ], [ 76.18819485, 29.91429349 ], [ 76.18790457, 29.91469463 ], [ 76.18788795, 29.91506258 ], [ 76.18803608, 29.91575841 ], [ 76.18834564, 29.91709186 ], [ 76.18830411, 29.91745965 ], [ 76.18811173, 29.91771101 ], [ 76.18750703, 29.91832511 ], [ 76.18724559, 29.91861668 ], [ 76.18709461, 29.91889577 ], [ 76.18718006, 29.91921591 ], [ 76.187323, 29.91961205 ], [ 76.18754437, 29.92010422 ], [ 76.18772041, 29.92062948 ], [ 76.18704958, 29.92063932 ], [ 76.18642565, 29.92058927 ], [ 76.18579833, 29.92054826 ], [ 76.18515484, 29.92060082 ], [ 76.18469076, 29.92098985 ], [ 76.18374842, 29.92175247 ], [ 76.18252286, 29.92275569 ], [ 76.18215198, 29.92306145 ], [ 76.18164746, 29.92347738 ], [ 76.18112108, 29.92358795 ], [ 76.18046008, 29.92324448 ], [ 76.17967533, 29.9228568 ], [ 76.17915656, 29.92269191 ], [ 76.17870852, 29.92281595 ], [ 76.17833018, 29.92300731 ], [ 76.17799238, 29.92324111 ], [ 76.17748489, 29.92358455 ], [ 76.17703433, 29.92375652 ], [ 76.17655964, 29.92383278 ], [ 76.17621473, 29.92384726 ], [ 76.17585053, 29.92386443 ], [ 76.17547253, 29.923888 ], [ 76.17511339, 29.92411634 ], [ 76.17484375, 29.92432426 ], [ 76.17451845, 29.92451001 ], [ 76.17379657, 29.92491153 ], [ 76.17303303, 29.92533486 ], [ 76.17261855, 29.92566246 ], [ 76.17216641, 29.92605392 ], [ 76.17196972, 29.92645042 ], [ 76.17198268, 29.92699551 ], [ 76.17211743, 29.92777972 ], [ 76.17246942, 29.92880605 ], [ 76.17284102, 29.92911566 ], [ 76.1731838, 29.92934872 ], [ 76.17351829, 29.92962654 ], [ 76.17381973, 29.92989088 ], [ 76.17470521, 29.93063506 ], [ 76.1757943, 29.931512 ], [ 76.17671485, 29.93223049 ], [ 76.17713105, 29.93255447 ], [ 76.17786028, 29.9331222 ], [ 76.17810675, 29.93346581 ], [ 76.17813947, 29.93381533 ], [ 76.1781418, 29.93429347 ], [ 76.17812535, 29.9363232 ], [ 76.17818199, 29.9371178 ], [ 76.17820725, 29.93743874 ], [ 76.17831055, 29.93775608 ], [ 76.17841397, 29.93804933 ], [ 76.17846895, 29.93848193 ], [ 76.17840694, 29.93888364 ], [ 76.17832153, 29.93913549 ], [ 76.17822918, 29.93940775 ], [ 76.17808251, 29.93991817 ], [ 76.1781351, 29.94082098 ], [ 76.17815867, 29.94122586 ], [ 76.17819252, 29.9421137 ], [ 76.17856236, 29.94229296 ], [ 76.17919381, 29.94251793 ], [ 76.17919531, 29.94286229 ], [ 76.17919557, 29.9433816 ], [ 76.17920435, 29.94381171 ], [ 76.17936933, 29.94435256 ], [ 76.17969653, 29.94497963 ], [ 76.17990584, 29.94528526 ], [ 76.18032217, 29.94557181 ], [ 76.18102225, 29.9460657 ], [ 76.18181012, 29.9466987 ], [ 76.18207671, 29.94691586 ], [ 76.18287129, 29.94762057 ], [ 76.18337533, 29.94811016 ], [ 76.18373889, 29.94835502 ], [ 76.18433891, 29.9483417 ], [ 76.18506459, 29.9483256 ], [ 76.18574005, 29.94841578 ], [ 76.18613781, 29.94846889 ], [ 76.18700758, 29.9484147 ], [ 76.18742738, 29.94844858 ], [ 76.18783369, 29.94822746 ], [ 76.18815979, 29.94801174 ], [ 76.18841128, 29.94779051 ], [ 76.18885524, 29.94784259 ], [ 76.18883955, 29.94818596 ], [ 76.18881064, 29.94850143 ], [ 76.18895801, 29.94883303 ], [ 76.18921182, 29.94909012 ], [ 76.18958328, 29.94940422 ], [ 76.19015551, 29.94973337 ], [ 76.19060125, 29.94992081 ], [ 76.19160624, 29.95054209 ], [ 76.19210931, 29.95083335 ], [ 76.19260988, 29.95112316 ], [ 76.19303168, 29.95138002 ], [ 76.19360943, 29.95183959 ], [ 76.19376945, 29.95213645 ], [ 76.1932807, 29.95266551 ], [ 76.19236316, 29.95363682 ], [ 76.19207832, 29.95387069 ], [ 76.19115791, 29.95462639 ], [ 76.19076907, 29.95503319 ], [ 76.19060825, 29.95528407 ], [ 76.19109768, 29.95639028 ], [ 76.19164013, 29.95768185 ], [ 76.19179443, 29.95801133 ], [ 76.19221329, 29.95890568 ], [ 76.19268202, 29.96002636 ], [ 76.19292459, 29.96063398 ], [ 76.19288333, 29.96141451 ], [ 76.1929651, 29.96188683 ], [ 76.19312055, 29.96224916 ], [ 76.19370275, 29.96228522 ], [ 76.1944434, 29.96227225 ], [ 76.19509171, 29.96225645 ], [ 76.19562426, 29.96224346 ], [ 76.19671755, 29.96226925 ], [ 76.19713765, 29.96235272 ], [ 76.19733298, 29.96287386 ], [ 76.19725037, 29.96327902 ], [ 76.1967258, 29.96345094 ], [ 76.19624364, 29.96348297 ], [ 76.19588897, 29.96351856 ], [ 76.19556094, 29.96355636 ], [ 76.19490979, 29.96378079 ], [ 76.19478729, 29.96404306 ], [ 76.19472408, 29.96448138 ], [ 76.19490931, 29.96520609 ], [ 76.1953493, 29.96590283 ], [ 76.19559684, 29.96612386 ], [ 76.19595199, 29.9664491 ], [ 76.19659589, 29.96711856 ], [ 76.19723193, 29.96768352 ], [ 76.19807086, 29.96838256 ], [ 76.19861758, 29.96877216 ], [ 76.19966879, 29.96945221 ], [ 76.19998692, 29.9697437 ], [ 76.20025004, 29.97033769 ], [ 76.20048585, 29.97070145 ], [ 76.20069, 29.97101638 ], [ 76.20133678, 29.97163987 ], [ 76.20189377, 29.97201577 ], [ 76.20270119, 29.97236797 ], [ 76.2032532, 29.97249482 ], [ 76.20402882, 29.97282081 ], [ 76.20476256, 29.97328139 ], [ 76.20539814, 29.97377866 ], [ 76.20560425, 29.97411878 ], [ 76.20574412, 29.97434958 ], [ 76.20577864, 29.97484108 ], [ 76.20548217, 29.97541543 ], [ 76.20500077, 29.9762074 ], [ 76.20484833, 29.97663218 ], [ 76.20475887, 29.97696122 ], [ 76.20478597, 29.97733614 ], [ 76.20507979, 29.97785321 ], [ 76.20531302, 29.97821001 ], [ 76.20556162, 29.97859033 ], [ 76.20582666, 29.97902223 ], [ 76.2060046, 29.9793529 ], [ 76.20609244, 29.97964748 ], [ 76.20597096, 29.98013774 ], [ 76.20590107, 29.9804198 ], [ 76.20548491, 29.98092717 ], [ 76.2050412, 29.98148224 ], [ 76.20428114, 29.98214235 ], [ 76.20360875, 29.9830435 ], [ 76.20332781, 29.98361784 ], [ 76.20300556, 29.98410897 ], [ 76.20279756, 29.98438379 ], [ 76.20217498, 29.98472454 ], [ 76.20182832, 29.98480308 ], [ 76.20177063, 29.98534812 ], [ 76.2017685, 29.98587237 ], [ 76.20178628, 29.98630023 ], [ 76.20186535, 29.9871077 ], [ 76.20198003, 29.98766819 ], [ 76.2022313, 29.98831455 ], [ 76.20224757, 29.98862337 ], [ 76.20226123, 29.98888263 ], [ 76.20245786, 29.98946413 ], [ 76.20290627, 29.98972804 ], [ 76.20331413, 29.98976558 ], [ 76.20379093, 29.989643 ], [ 76.2041808, 29.98936985 ], [ 76.20453841, 29.98909859 ], [ 76.20498234, 29.98871775 ], [ 76.20544882, 29.9882747 ], [ 76.20570971, 29.9880478 ], [ 76.20624709, 29.98758042 ], [ 76.20678488, 29.98709868 ], [ 76.20715803, 29.98672001 ], [ 76.20734836, 29.98651908 ], [ 76.20771774, 29.98621745 ], [ 76.20803976, 29.98610483 ], [ 76.20836648, 29.98614369 ], [ 76.20905841, 29.98676621 ], [ 76.20939954, 29.98714843 ], [ 76.21008776, 29.98773158 ], [ 76.21057339, 29.98812176 ], [ 76.21023269, 29.98916917 ], [ 76.20970774, 29.98965392 ], [ 76.20948102, 29.98986328 ], [ 76.20816922, 29.99120087 ], [ 76.20734077, 29.99201718 ], [ 76.20681446, 29.99279699 ], [ 76.20663311, 29.99307191 ], [ 76.20651178, 29.99349658 ], [ 76.20675445, 29.99386472 ], [ 76.20739241, 29.99405495 ], [ 76.20877103, 29.99421509 ], [ 76.20952276, 29.99426519 ], [ 76.21022448, 29.99451771 ], [ 76.21059606, 29.99477044 ], [ 76.21094287, 29.99502425 ], [ 76.21145177, 29.99549263 ], [ 76.21148721, 29.99578356 ], [ 76.2113406, 29.99629853 ], [ 76.21087547, 29.99689699 ], [ 76.21059807, 29.99726013 ], [ 76.21014364, 29.99790069 ], [ 76.20994983, 29.99820941 ], [ 76.20990394, 29.9990306 ], [ 76.20998107, 29.99967514 ], [ 76.2098409, 29.99994725 ], [ 76.21040695, 30.00124695 ], [ 76.21099206, 30.0019203 ], [ 76.21106136, 30.00219514 ], [ 76.21081191, 30.00281888 ], [ 76.20984782, 30.0035232 ], [ 76.20941428, 30.00401766 ], [ 76.20944409, 30.00432821 ], [ 76.20962712, 30.00462461 ], [ 76.20996321, 30.00516885 ], [ 76.21101977, 30.00581267 ], [ 76.21299424, 30.00651462 ], [ 76.21524171, 30.00772466 ], [ 76.21605221, 30.00799987 ], [ 76.2166798, 30.00805511 ], [ 76.21792288, 30.0079492 ], [ 76.22028064, 30.00790912 ], [ 76.2246375, 30.00837233 ], [ 76.22625799, 30.0088596 ], [ 76.22706557, 30.00944599 ], [ 76.22991243, 30.01236494 ], [ 76.23109757, 30.01365881 ], [ 76.23107337, 30.01427589 ], [ 76.23101019, 30.01588749 ], [ 76.23222318, 30.01590771 ], [ 76.23287684, 30.01598529 ], [ 76.23190893, 30.01616205 ], [ 76.22917234, 30.01686742 ], [ 76.22670157, 30.01780565 ], [ 76.22543544, 30.01832681 ], [ 76.22352535, 30.01938379 ], [ 76.22233492, 30.01962029 ], [ 76.2209408, 30.01964144 ], [ 76.21898791, 30.02052266 ], [ 76.21641018, 30.02173654 ], [ 76.21393916, 30.02265657 ], [ 76.21319845, 30.02273266 ], [ 76.21420832, 30.02406232 ], [ 76.21436867, 30.0247289 ], [ 76.21436824, 30.02611822 ], [ 76.21439296, 30.02738539 ], [ 76.21449445, 30.02853507 ], [ 76.21483044, 30.02911954 ], [ 76.21483292, 30.02947137 ], [ 76.21454186, 30.03007724 ], [ 76.21402503, 30.03101827 ], [ 76.21359589, 30.03177407 ], [ 76.21408868, 30.03216775 ], [ 76.215865, 30.03314611 ], [ 76.21856145, 30.0339658 ], [ 76.21990317, 30.03435277 ], [ 76.22024973, 30.03445272 ], [ 76.22071955, 30.03490115 ], [ 76.221259, 30.03566503 ], [ 76.22189128, 30.03634718 ], [ 76.22251251, 30.0369436 ], [ 76.22236251, 30.03841928 ], [ 76.22231438, 30.03963733 ], [ 76.22237442, 30.04052063 ], [ 76.22248263, 30.04211259 ], [ 76.2223941, 30.04383603 ], [ 76.22202471, 30.04544819 ], [ 76.22192873, 30.04722588 ], [ 76.22191598, 30.04760021 ], [ 76.22201539, 30.04825636 ], [ 76.22211741, 30.04892969 ], [ 76.22220796, 30.04926294 ], [ 76.22258728, 30.0493781 ], [ 76.22331142, 30.04984773 ], [ 76.22398328, 30.05027708 ], [ 76.22518674, 30.0510462 ], [ 76.22711951, 30.05231646 ], [ 76.22750966, 30.05258557 ], [ 76.22831298, 30.05313968 ], [ 76.22851307, 30.05354902 ], [ 76.22860877, 30.05412278 ], [ 76.2282926, 30.05460573 ], [ 76.22782306, 30.05562314 ], [ 76.22730402, 30.05626642 ], [ 76.22705658, 30.05683386 ], [ 76.22704199, 30.05766612 ], [ 76.22655166, 30.05824402 ], [ 76.22624819, 30.05867183 ], [ 76.22626632, 30.05902348 ], [ 76.22626893, 30.05937529 ], [ 76.22649371, 30.05962664 ], [ 76.22685255, 30.05976448 ], [ 76.22817563, 30.05987895 ], [ 76.2289397, 30.0601317 ], [ 76.22918604, 30.0604867 ], [ 76.22963782, 30.06128708 ], [ 76.23073932, 30.0622822 ], [ 76.23208663, 30.06356917 ], [ 76.23313923, 30.0649615 ], [ 76.23350504, 30.06534731 ], [ 76.23412057, 30.06583556 ], [ 76.23471597, 30.06641848 ], [ 76.23516535, 30.06686703 ], [ 76.23572292, 30.06723375 ], [ 76.23630654, 30.06761383 ], [ 76.236882, 30.06829627 ], [ 76.23981047, 30.07227142 ], [ 76.24097692, 30.07429888 ], [ 76.24313251, 30.07753422 ], [ 76.24344994, 30.07803155 ], [ 76.24386827, 30.07868699 ], [ 76.24432454, 30.07928162 ], [ 76.24477348, 30.07986573 ], [ 76.24539546, 30.08040571 ], [ 76.24584177, 30.08125334 ], [ 76.24635544, 30.08197429 ], [ 76.24700636, 30.08162561 ], [ 76.24755279, 30.08117147 ], [ 76.24798909, 30.08126823 ], [ 76.24835612, 30.08180283 ], [ 76.24857638, 30.08211727 ], [ 76.24901601, 30.08218993 ], [ 76.24930523, 30.08247997 ], [ 76.24924001, 30.082772 ], [ 76.24900707, 30.08317703 ], [ 76.24895011, 30.08353146 ], [ 76.24904039, 30.08381057 ], [ 76.24905794, 30.0840765 ], [ 76.24896647, 30.08432731 ], [ 76.24865601, 30.08442608 ], [ 76.24836149, 30.08457219 ], [ 76.24827942, 30.08485732 ], [ 76.24860885, 30.08504876 ], [ 76.24899926, 30.08523153 ], [ 76.24930798, 30.08559059 ], [ 76.2495107, 30.08598854 ], [ 76.24957917, 30.08647754 ], [ 76.24961586, 30.08686973 ], [ 76.24986931, 30.08712534 ], [ 76.25019425, 30.08722949 ], [ 76.25089724, 30.08724134 ], [ 76.25134907, 30.08732435 ], [ 76.25160569, 30.08764312 ], [ 76.25171018, 30.0880958 ], [ 76.2517988, 30.08849447 ], [ 76.25236504, 30.08861076 ], [ 76.25299447, 30.08850568 ], [ 76.25337118, 30.08859373 ], [ 76.25346742, 30.08897201 ], [ 76.25352806, 30.08944973 ], [ 76.25314012, 30.08959173 ], [ 76.25261316, 30.08986545 ], [ 76.25184439, 30.09040659 ], [ 76.25140604, 30.09073385 ], [ 76.25075075, 30.09119755 ], [ 76.25026037, 30.09151169 ], [ 76.24967149, 30.09183074 ], [ 76.24898948, 30.09219239 ], [ 76.24640205, 30.0943841 ], [ 76.24524932, 30.09560393 ], [ 76.24247722, 30.09879487 ], [ 76.24189081, 30.10014683 ], [ 76.24183748, 30.10064994 ], [ 76.24158247, 30.10122197 ], [ 76.24118162, 30.10172946 ], [ 76.24044954, 30.10233787 ], [ 76.23974216, 30.10277932 ], [ 76.23904333, 30.10299525 ], [ 76.23829245, 30.10317092 ], [ 76.23762943, 30.10328737 ], [ 76.23703699, 30.10365243 ], [ 76.23821215, 30.10527089 ], [ 76.23624207, 30.10649293 ], [ 76.23470492, 30.10488237 ], [ 76.23436842, 30.10497904 ], [ 76.23322036, 30.10546794 ], [ 76.23232032, 30.10582032 ], [ 76.23127642, 30.10635839 ], [ 76.23093934, 30.10638049 ], [ 76.2305597, 30.10625409 ], [ 76.23013102, 30.1065136 ], [ 76.22941271, 30.10689643 ], [ 76.22866411, 30.10738319 ], [ 76.22790217, 30.10818573 ], [ 76.22701203, 30.10919196 ], [ 76.22608434, 30.1100315 ], [ 76.2255894, 30.11045819 ], [ 76.22470238, 30.11118023 ], [ 76.2235488, 30.1119227 ], [ 76.22321826, 30.11184697 ], [ 76.22283836, 30.11169112 ], [ 76.22155868, 30.11121107 ], [ 76.219702, 30.11058982 ], [ 76.21813796, 30.1102421 ], [ 76.2171405, 30.1100581 ], [ 76.21673087, 30.11009201 ], [ 76.21663003, 30.11049841 ], [ 76.21657409, 30.11136012 ], [ 76.21633657, 30.11242022 ], [ 76.21675606, 30.1128521 ], [ 76.21809114, 30.11381906 ], [ 76.21926271, 30.11439434 ], [ 76.22023303, 30.11513779 ], [ 76.22041147, 30.1154142 ], [ 76.22025283, 30.11570591 ], [ 76.22001052, 30.11591922 ], [ 76.21967025, 30.11622337 ], [ 76.21944646, 30.11683795 ], [ 76.2190021, 30.11781464 ], [ 76.21857433, 30.11892649 ], [ 76.21825805, 30.11967244 ], [ 76.21803677, 30.12064789 ], [ 76.21799296, 30.12103597 ], [ 76.21788254, 30.12154619 ], [ 76.21749933, 30.1223647 ], [ 76.21705287, 30.12269636 ], [ 76.21679397, 30.12312184 ], [ 76.21654904, 30.12406573 ], [ 76.21762181, 30.12495743 ], [ 76.21774322, 30.12523641 ], [ 76.21801975, 30.12545139 ], [ 76.21838939, 30.1256253 ], [ 76.2187181, 30.12586249 ], [ 76.21915039, 30.12609917 ], [ 76.21947335, 30.12628241 ], [ 76.21982109, 30.1262804 ], [ 76.22015842, 30.1262831 ], [ 76.22064391, 30.12633003 ], [ 76.22125498, 30.12652968 ], [ 76.22163432, 30.12660422 ], [ 76.22205101, 30.12680493 ], [ 76.22245611, 30.12687487 ], [ 76.22304911, 30.12707908 ], [ 76.22349578, 30.12712621 ], [ 76.22403513, 30.12709621 ], [ 76.22453342, 30.12712576 ], [ 76.22418331, 30.12747286 ], [ 76.22379122, 30.12778313 ], [ 76.22294034, 30.12852292 ], [ 76.22243914, 30.12881436 ], [ 76.22221816, 30.12910424 ], [ 76.22190146, 30.12979606 ], [ 76.22162572, 30.13040195 ], [ 76.22142097, 30.13079999 ], [ 76.22123632, 30.13109417 ], [ 76.22060467, 30.13128699 ], [ 76.21947124, 30.1317082 ], [ 76.21848775, 30.1320293 ], [ 76.21787203, 30.13226717 ], [ 76.21752626, 30.13252624 ], [ 76.21700612, 30.13308384 ], [ 76.21648107, 30.13369103 ], [ 76.21592015, 30.13433455 ], [ 76.21558581, 30.1347423 ], [ 76.21531831, 30.13505492 ], [ 76.21507086, 30.13526832 ], [ 76.21492226, 30.13555328 ], [ 76.21489942, 30.13599094 ], [ 76.21491319, 30.13644632 ], [ 76.21497952, 30.1370233 ], [ 76.21518154, 30.13804153 ], [ 76.21529722, 30.13861371 ], [ 76.21542506, 30.13907303 ], [ 76.21549507, 30.13942227 ], [ 76.21522755, 30.13974616 ], [ 76.21491334, 30.14006811 ], [ 76.21457905, 30.14048484 ], [ 76.21378528, 30.14124689 ], [ 76.21333568, 30.14150188 ], [ 76.21266254, 30.14171754 ], [ 76.21201123, 30.14208646 ], [ 76.21145396, 30.142518 ], [ 76.21107253, 30.14288528 ], [ 76.21075194, 30.14305393 ], [ 76.21029663, 30.14325024 ], [ 76.20961334, 30.14348408 ], [ 76.20911641, 30.1436627 ], [ 76.20856831, 30.14394528 ], [ 76.20800998, 30.14424597 ], [ 76.20719253, 30.14460664 ], [ 76.20739028, 30.14540849 ], [ 76.20752616, 30.14626473 ], [ 76.20768658, 30.14692681 ], [ 76.20755291, 30.14784307 ], [ 76.20766277, 30.14868146 ], [ 76.2077324, 30.14899227 ], [ 76.20705871, 30.14911993 ], [ 76.20701481, 30.14951935 ], [ 76.20744232, 30.1505138 ], [ 76.20766697, 30.15072914 ], [ 76.20797823, 30.15070944 ], [ 76.20839356, 30.15071608 ], [ 76.20886535, 30.15138117 ], [ 76.20913824, 30.15251177 ], [ 76.20933997, 30.1538772 ], [ 76.20952219, 30.15467454 ], [ 76.20943116, 30.15500423 ], [ 76.2091153, 30.15510523 ], [ 76.20857192, 30.15533372 ], [ 76.20815799, 30.15552078 ], [ 76.20773918, 30.15574859 ], [ 76.2076394, 30.15629941 ], [ 76.20764152, 30.15660152 ], [ 76.20803587, 30.15658137 ], [ 76.20847145, 30.15653392 ], [ 76.20879317, 30.15651423 ], [ 76.20927476, 30.15636726 ], [ 76.20986658, 30.15636851 ], [ 76.21044724, 30.15628428 ], [ 76.21086166, 30.15616474 ], [ 76.21162404, 30.15609756 ], [ 76.21235024, 30.15602586 ], [ 76.21301475, 30.15603569 ], [ 76.21386612, 30.15605827 ], [ 76.21442423, 30.15596193 ], [ 76.21451661, 30.15559009 ], [ 76.21444503, 30.15500409 ], [ 76.2144258, 30.15449906 ], [ 76.21433582, 30.15389637 ], [ 76.21384988, 30.1538054 ], [ 76.21367682, 30.15355604 ], [ 76.21352889, 30.15320502 ], [ 76.21342745, 30.1528177 ], [ 76.213863, 30.15275666 ], [ 76.21437097, 30.15266824 ], [ 76.21522073, 30.15247416 ], [ 76.21580152, 30.15238533 ], [ 76.216273, 30.15227447 ], [ 76.21625734, 30.15190923 ], [ 76.21604842, 30.15136461 ], [ 76.21598179, 30.15076065 ], [ 76.21608221, 30.15029101 ], [ 76.21657378, 30.15008542 ], [ 76.2168993, 30.14988068 ], [ 76.21730791, 30.14934395 ], [ 76.21757694, 30.14885313 ], [ 76.21781793, 30.1484504 ], [ 76.21818911, 30.14811007 ], [ 76.21857374, 30.14783055 ], [ 76.21921473, 30.14783381 ], [ 76.21968644, 30.14775456 ], [ 76.22060467, 30.14770447 ], [ 76.22116478, 30.14764722 ], [ 76.22190078, 30.14750788 ], [ 76.22293294, 30.14742999 ], [ 76.22396336, 30.14710868 ], [ 76.22479091, 30.14671616 ], [ 76.22533807, 30.14629821 ], [ 76.22557967, 30.14598109 ], [ 76.2259163, 30.14518549 ], [ 76.22609565, 30.14487328 ], [ 76.22665544, 30.14477546 ], [ 76.22728178, 30.14456 ], [ 76.22779673, 30.144715 ], [ 76.22840033, 30.14492813 ], [ 76.22916524, 30.14519896 ], [ 76.2298369, 30.14549297 ], [ 76.23041853, 30.1455484 ], [ 76.23097877, 30.14550918 ], [ 76.23140444, 30.14552934 ], [ 76.232571, 30.14537403 ], [ 76.2335765, 30.14519696 ], [ 76.23458198, 30.14501547 ], [ 76.23424219, 30.14467913 ], [ 76.2340162, 30.14430143 ], [ 76.23389262, 30.14372935 ], [ 76.23379059, 30.14326991 ], [ 76.2336576, 30.14282414 ], [ 76.23358177, 30.14239611 ], [ 76.23346993, 30.14200884 ], [ 76.23327472, 30.14158141 ], [ 76.23299739, 30.14128076 ], [ 76.23278267, 30.14101133 ], [ 76.23266088, 30.14067833 ], [ 76.23245138, 30.14042686 ], [ 76.23224673, 30.14010781 ], [ 76.23255592, 30.13982643 ], [ 76.23320135, 30.13937183 ], [ 76.23400651, 30.13879 ], [ 76.23464209, 30.13841657 ], [ 76.23592899, 30.13771032 ], [ 76.23705076, 30.13676836 ], [ 76.23780645, 30.13617527 ], [ 76.23824525, 30.13585708 ], [ 76.23860121, 30.13575023 ], [ 76.23888402, 30.1359279 ], [ 76.2391687, 30.13582484 ], [ 76.23969462, 30.13537089 ], [ 76.23996318, 30.13519349 ], [ 76.24022043, 30.13490337 ], [ 76.24074187, 30.13455314 ], [ 76.2410881, 30.13434814 ], [ 76.24146926, 30.13397171 ], [ 76.24190294, 30.13367602 ], [ 76.24241329, 30.13321765 ], [ 76.24284597, 30.13280021 ], [ 76.24310424, 30.132623 ], [ 76.2433535, 30.13231927 ], [ 76.24321905, 30.13168856 ], [ 76.24315587, 30.1312154 ], [ 76.24288803, 30.13078846 ], [ 76.24260995, 30.13038856 ], [ 76.24236374, 30.13006069 ], [ 76.24204913, 30.12964301 ], [ 76.24273592, 30.12918363 ], [ 76.24333017, 30.12885104 ], [ 76.24370742, 30.12864593 ], [ 76.2441315, 30.12845633 ], [ 76.24468128, 30.12843291 ], [ 76.24505936, 30.12833605 ], [ 76.24542862, 30.12827536 ], [ 76.24577418, 30.12885976 ], [ 76.24611044, 30.12941256 ], [ 76.24643619, 30.12993394 ], [ 76.24654705, 30.13019938 ], [ 76.24669448, 30.13048718 ], [ 76.24682115, 30.1307661 ], [ 76.24713096, 30.13056137 ], [ 76.24788002, 30.13011511 ], [ 76.248516, 30.12980467 ], [ 76.24891912, 30.12959948 ], [ 76.25041402, 30.12863478 ], [ 76.25098028, 30.12838348 ], [ 76.25185329, 30.12786428 ], [ 76.25254471, 30.1273507 ], [ 76.25281676, 30.12718524 ], [ 76.25318066, 30.12704039 ], [ 76.25356388, 30.12694528 ], [ 76.25455194, 30.12655894 ], [ 76.25489371, 30.1264532 ], [ 76.25568465, 30.12607885 ], [ 76.2555117, 30.12584975 ], [ 76.25543708, 30.1255886 ], [ 76.2556707, 30.12493333 ], [ 76.2556461, 30.1244238 ], [ 76.25552334, 30.12396897 ], [ 76.25529257, 30.1236456 ], [ 76.25500029, 30.12342169 ], [ 76.25464668, 30.12331998 ], [ 76.25427301, 30.12331306 ], [ 76.25377074, 30.12345126 ], [ 76.2533446, 30.12334999 ], [ 76.25303083, 30.12303834 ], [ 76.25293443, 30.12263973 ], [ 76.25304119, 30.12234597 ], [ 76.25327687, 30.12195669 ], [ 76.25366872, 30.12162521 ], [ 76.25403043, 30.12143374 ], [ 76.25440283, 30.12128726 ], [ 76.25494525, 30.12096391 ], [ 76.25572573, 30.12056705 ], [ 76.25664665, 30.12021886 ], [ 76.25786138, 30.11963459 ], [ 76.25881772, 30.11917349 ], [ 76.25974845, 30.11874875 ], [ 76.26065359, 30.1183827 ], [ 76.2614602, 30.11801265 ], [ 76.26221992, 30.11763395 ], [ 76.26301022, 30.11717379 ], [ 76.26386775, 30.11669967 ], [ 76.26447242, 30.1163805 ], [ 76.26544329, 30.1157975 ], [ 76.26615073, 30.11536488 ], [ 76.26681224, 30.11502729 ], [ 76.26731292, 30.11469057 ], [ 76.2677626, 30.11447148 ], [ 76.2680993, 30.11440637 ], [ 76.26848903, 30.11447622 ], [ 76.26920671, 30.11469761 ], [ 76.27030341, 30.11496174 ], [ 76.27082072, 30.11510078 ], [ 76.27179367, 30.11511087 ], [ 76.27285721, 30.11511352 ], [ 76.27346852, 30.11499723 ], [ 76.27415783, 30.11489839 ], [ 76.27457788, 30.11487342 ], [ 76.27516736, 30.11463541 ], [ 76.27578692, 30.11423933 ], [ 76.27611749, 30.11404341 ], [ 76.27630259, 30.11383936 ], [ 76.27646051, 30.11347763 ], [ 76.27664483, 30.11315183 ], [ 76.27692037, 30.11256838 ], [ 76.27723322, 30.11209745 ], [ 76.27762008, 30.11180654 ], [ 76.27752393, 30.11145524 ], [ 76.27803844, 30.11092009 ], [ 76.27865588, 30.11025791 ], [ 76.27926195, 30.11013698 ], [ 76.28001773, 30.10992953 ], [ 76.28085328, 30.10930668 ], [ 76.28152542, 30.10835551 ], [ 76.28321972, 30.1074298 ], [ 76.28425728, 30.10677409 ], [ 76.28494948, 30.10639111 ], [ 76.28532166, 30.10622656 ], [ 76.28579855, 30.10616508 ], [ 76.28648346, 30.10620154 ], [ 76.28691465, 30.10627109 ], [ 76.2875433, 30.10638009 ], [ 76.28796978, 30.10651737 ], [ 76.28902069, 30.10689443 ], [ 76.28977547, 30.10720563 ], [ 76.29061013, 30.10779143 ], [ 76.29126285, 30.10832426 ], [ 76.29196911, 30.10905967 ], [ 76.29286409, 30.11003752 ], [ 76.29382726, 30.11111864 ], [ 76.29460699, 30.11195727 ], [ 76.29553387, 30.11302518 ], [ 76.29585993, 30.11356447 ], [ 76.29602965, 30.11402792 ], [ 76.29610177, 30.11461387 ], [ 76.29658303, 30.11445755 ], [ 76.29873302, 30.11342983 ], [ 76.29947222, 30.11309149 ], [ 76.29987054, 30.11294924 ], [ 76.30091068, 30.11261813 ], [ 76.30221252, 30.11192015 ], [ 76.30317347, 30.11142711 ], [ 76.3042479, 30.11082503 ], [ 76.30457308, 30.11064281 ], [ 76.30574549, 30.11000413 ], [ 76.30669515, 30.10938946 ], [ 76.30754617, 30.1087753 ], [ 76.30818504, 30.10822564 ], [ 76.30895271, 30.10757599 ], [ 76.30987838, 30.10656894 ], [ 76.31056717, 30.105798 ], [ 76.311189, 30.1050861 ], [ 76.3122328, 30.10394297 ], [ 76.31301359, 30.10299556 ], [ 76.31366577, 30.10217961 ], [ 76.31476254, 30.10118518 ], [ 76.31561691, 30.10035899 ], [ 76.31632201, 30.09968254 ], [ 76.31692411, 30.09909693 ], [ 76.31779799, 30.09813084 ], [ 76.31871418, 30.09726817 ], [ 76.31953272, 30.09712777 ], [ 76.31947756, 30.09673118 ], [ 76.31932091, 30.09629693 ], [ 76.31925522, 30.09587791 ], [ 76.31960941, 30.09574267 ], [ 76.32017777, 30.09547297 ], [ 76.32048843, 30.09539892 ], [ 76.32104539, 30.09531648 ], [ 76.32148744, 30.09514463 ], [ 76.32185043, 30.09513106 ], [ 76.32227725, 30.09531106 ], [ 76.32324272, 30.0960707 ], [ 76.32396907, 30.09664897 ], [ 76.32456953, 30.0971278 ], [ 76.32494497, 30.09735999 ], [ 76.32542854, 30.09749675 ], [ 76.32587563, 30.09761123 ], [ 76.32653122, 30.09785061 ], [ 76.32722954, 30.09824311 ], [ 76.32831772, 30.09870981 ], [ 76.32970731, 30.0992649 ], [ 76.33063832, 30.09956566 ], [ 76.33117392, 30.09971564 ], [ 76.3315118, 30.09980372 ], [ 76.332509, 30.09993274 ], [ 76.33343673, 30.10004502 ], [ 76.33418069, 30.10009343 ], [ 76.33474009, 30.10000421 ], [ 76.3357234, 30.09972737 ], [ 76.33663513, 30.09956366 ], [ 76.33769203, 30.09941709 ], [ 76.3385567, 30.09921768 ], [ 76.33903279, 30.09907477 ], [ 76.33949277, 30.0988824 ], [ 76.33989111, 30.09875362 ], [ 76.34010571, 30.09897779 ], [ 76.34025636, 30.09931061 ], [ 76.34057525, 30.09929049 ], [ 76.34098835, 30.09907127 ], [ 76.3410811, 30.09960295 ], [ 76.3412029, 30.09988635 ], [ 76.34147523, 30.10020936 ], [ 76.34193919, 30.10048144 ], [ 76.34242873, 30.10069931 ], [ 76.34304164, 30.10079005 ], [ 76.34369565, 30.10083547 ], [ 76.34413699, 30.10087774 ], [ 76.34413664, 30.10146406 ], [ 76.34428286, 30.1021803 ], [ 76.34450799, 30.1030313 ], [ 76.34460279, 30.10380649 ], [ 76.34463837, 30.10434753 ], [ 76.3447593, 30.10482474 ], [ 76.34520143, 30.10465054 ], [ 76.34583002, 30.10415028 ], [ 76.3461826, 30.10397891 ], [ 76.3462551, 30.1047204 ], [ 76.34628255, 30.10551402 ], [ 76.34628522, 30.10582073 ], [ 76.34615333, 30.10616995 ], [ 76.34674218, 30.10633189 ], [ 76.34718957, 30.10662212 ], [ 76.34741013, 30.10693652 ], [ 76.34749072, 30.10726066 ], [ 76.34748251, 30.10782228 ], [ 76.34785996, 30.10857978 ], [ 76.3490651, 30.1099702 ], [ 76.34924871, 30.11019275 ], [ 76.35041244, 30.11160323 ], [ 76.35182667, 30.11317711 ], [ 76.35288534, 30.11441952 ], [ 76.35331012, 30.11494434 ], [ 76.35391132, 30.11606814 ], [ 76.35440641, 30.11693086 ], [ 76.35541759, 30.11747006 ], [ 76.35701351, 30.11842476 ], [ 76.35838967, 30.11917356 ], [ 76.36021479, 30.12022152 ], [ 76.35938075, 30.12037579 ], [ 76.35875898, 30.12048362 ], [ 76.35812112, 30.12051486 ], [ 76.35757314, 30.1207484 ], [ 76.35679212, 30.12102407 ], [ 76.35549173, 30.12124908 ], [ 76.35422842, 30.12152103 ], [ 76.35322169, 30.12155699 ], [ 76.3521552, 30.12183461 ], [ 76.35091384, 30.12228016 ], [ 76.34968781, 30.12270296 ], [ 76.34832244, 30.12323498 ], [ 76.34712827, 30.1237479 ], [ 76.34638941, 30.12411802 ], [ 76.34574497, 30.12460022 ], [ 76.34559219, 30.1249349 ], [ 76.34511209, 30.12522667 ], [ 76.3424746, 30.12626295 ], [ 76.34203556, 30.12650028 ], [ 76.34188209, 30.12706959 ], [ 76.34171117, 30.12741345 ], [ 76.34121463, 30.12881478 ], [ 76.3405235, 30.12992874 ], [ 76.33953316, 30.13123848 ], [ 76.338531, 30.13240853 ], [ 76.33837481, 30.13293726 ], [ 76.33812232, 30.13315087 ], [ 76.33722178, 30.13404512 ], [ 76.33632622, 30.13491676 ], [ 76.33465847, 30.136533 ], [ 76.33396566, 30.13745756 ], [ 76.3336791, 30.13793288 ], [ 76.33348946, 30.13821828 ], [ 76.33357832, 30.13891677 ], [ 76.33381882, 30.14036297 ], [ 76.33393678, 30.14204002 ], [ 76.33505147, 30.14191128 ], [ 76.3357676, 30.14190206 ], [ 76.33614159, 30.14194034 ], [ 76.33691488, 30.14226352 ], [ 76.33763879, 30.1428599 ], [ 76.33779309, 30.14332338 ], [ 76.33946341, 30.14322709 ], [ 76.3402105, 30.14319524 ], [ 76.34132085, 30.14316559 ], [ 76.34183954, 30.14313517 ], [ 76.34265382, 30.14307133 ], [ 76.34307905, 30.143037 ], [ 76.34389283, 30.14292359 ], [ 76.3448261, 30.1428183 ], [ 76.3460559, 30.14280131 ], [ 76.34687098, 30.14282321 ], [ 76.34725098, 30.14296055 ], [ 76.34689265, 30.14414902 ], [ 76.34683954, 30.14461395 ], [ 76.34710633, 30.14486933 ], [ 76.34748427, 30.14535394 ], [ 76.34799573, 30.14569339 ], [ 76.34846556, 30.14602184 ], [ 76.34879898, 30.1461528 ], [ 76.34948555, 30.14634673 ], [ 76.35047634, 30.14688598 ], [ 76.35088853, 30.1465316 ], [ 76.3515994, 30.14589558 ], [ 76.35205374, 30.14564003 ], [ 76.35211326, 30.14532394 ], [ 76.35208375, 30.14490474 ], [ 76.35228831, 30.1445516 ], [ 76.35302119, 30.14407325 ], [ 76.35333042, 30.14352552 ], [ 76.35306986, 30.14310097 ], [ 76.35368054, 30.14259637 ], [ 76.35431373, 30.14230128 ], [ 76.35500007, 30.14185036 ], [ 76.3561423, 30.14131974 ], [ 76.35802102, 30.14072111 ], [ 76.35892523, 30.1402597 ], [ 76.35926883, 30.13979738 ], [ 76.35982262, 30.13901801 ], [ 76.35978786, 30.13860334 ], [ 76.360002, 30.13816435 ], [ 76.36008244, 30.13786627 ], [ 76.36004179, 30.13736586 ], [ 76.35995208, 30.13689509 ], [ 76.35962759, 30.13627257 ], [ 76.35952032, 30.13587193 ], [ 76.3595161, 30.13538479 ], [ 76.35983899, 30.13492943 ], [ 76.35978111, 30.13363764 ], [ 76.35982298, 30.13307357 ], [ 76.36034296, 30.13200576 ], [ 76.36090929, 30.13089258 ], [ 76.36142839, 30.12972332 ], [ 76.36280179, 30.1283318 ], [ 76.36451443, 30.12657512 ], [ 76.36617078, 30.12491805 ], [ 76.36658798, 30.12456799 ], [ 76.3669275, 30.12423201 ], [ 76.36626961, 30.1243536 ], [ 76.36587158, 30.12452307 ], [ 76.36543881, 30.12458686 ], [ 76.36514426, 30.12443308 ], [ 76.36466212, 30.12387704 ], [ 76.36433909, 30.12372587 ], [ 76.36358328, 30.12392929 ], [ 76.36311168, 30.12399111 ], [ 76.36270134, 30.12395312 ], [ 76.36232625, 30.12377066 ], [ 76.3620852, 30.12351969 ], [ 76.36165879, 30.12280088 ], [ 76.36143817, 30.12248666 ], [ 76.36084764, 30.12259644 ], [ 76.36051682, 30.1221543 ], [ 76.36046949, 30.12183087 ], [ 76.36108528, 30.12127562 ], [ 76.36153744, 30.12076752 ], [ 76.36208822, 30.12025872 ], [ 76.36252244, 30.12008002 ], [ 76.36320564, 30.11988608 ], [ 76.36389851, 30.11961094 ], [ 76.36482879, 30.11919437 ], [ 76.36567177, 30.11888661 ], [ 76.36619897, 30.11865318 ], [ 76.36668946, 30.11836578 ], [ 76.36728813, 30.11800995 ], [ 76.36777845, 30.11770681 ], [ 76.36841021, 30.1175742 ], [ 76.36917126, 30.11738864 ], [ 76.37005699, 30.11721142 ], [ 76.37053879, 30.11711803 ], [ 76.37129947, 30.11690997 ], [ 76.37213793, 30.11666085 ], [ 76.37293508, 30.11645262 ], [ 76.37348877, 30.11629561 ], [ 76.37389431, 30.11637867 ], [ 76.37733571, 30.11597232 ], [ 76.37837205, 30.11583004 ], [ 76.3802126, 30.11566886 ], [ 76.3805644, 30.11556278 ], [ 76.38174373, 30.11515347 ], [ 76.38230717, 30.11492866 ], [ 76.38414955, 30.11439764 ], [ 76.38634028, 30.1139679 ], [ 76.38770615, 30.11353475 ], [ 76.38886089, 30.11328794 ], [ 76.39043816, 30.11329077 ], [ 76.39124305, 30.11337091 ], [ 76.39235056, 30.11363859 ], [ 76.39300959, 30.11365663 ], [ 76.39308036, 30.11402602 ], [ 76.39317685, 30.11437709 ], [ 76.39340809, 30.11470478 ], [ 76.39364451, 30.11503235 ], [ 76.39397843, 30.11523759 ], [ 76.39534293, 30.11523737 ], [ 76.39648507, 30.11531067 ], [ 76.39759328, 30.11565493 ], [ 76.398774, 30.1159852 ], [ 76.40004661, 30.11672068 ], [ 76.39910306, 30.1173765 ], [ 76.39886597, 30.11811787 ], [ 76.3985397, 30.11875142 ], [ 76.39815988, 30.11920058 ], [ 76.3978058, 30.119654 ], [ 76.39782974, 30.12000113 ], [ 76.39843216, 30.12062848 ], [ 76.39757445, 30.12102669 ], [ 76.39700682, 30.12137334 ], [ 76.39625379, 30.1212928 ], [ 76.39592355, 30.12149803 ], [ 76.39566203, 30.12184698 ], [ 76.39526307, 30.12190842 ], [ 76.39483868, 30.12202851 ], [ 76.39486095, 30.12248169 ], [ 76.3950998, 30.12278904 ], [ 76.39528405, 30.12307639 ], [ 76.39541988, 30.12376098 ], [ 76.3954434, 30.12407205 ], [ 76.39546662, 30.12433798 ], [ 76.39561719, 30.12491436 ], [ 76.39595958, 30.12548924 ], [ 76.39599899, 30.12582269 ], [ 76.39596052, 30.12617487 ], [ 76.39554245, 30.12699398 ], [ 76.39526024, 30.12792502 ], [ 76.39468605, 30.12868668 ], [ 76.39451147, 30.12905206 ], [ 76.39419528, 30.1297896 ], [ 76.39384293, 30.1301356 ], [ 76.39359648, 30.13042596 ], [ 76.39291298, 30.13174756 ], [ 76.39259154, 30.13235871 ], [ 76.39240878, 30.13280196 ], [ 76.39165436, 30.13373161 ], [ 76.39112838, 30.13496421 ], [ 76.39142457, 30.13530277 ], [ 76.39221292, 30.1358222 ], [ 76.39301674, 30.13635181 ], [ 76.39454313, 30.13756816 ], [ 76.39592791, 30.13863661 ], [ 76.39681782, 30.13948762 ], [ 76.39745069, 30.14002434 ], [ 76.39765994, 30.1402124 ], [ 76.39806582, 30.13976315 ], [ 76.39850194, 30.13921437 ], [ 76.39925201, 30.13893865 ], [ 76.40037707, 30.13883171 ], [ 76.40088144, 30.13894103 ], [ 76.40142433, 30.13928902 ], [ 76.40188087, 30.13984061 ], [ 76.40257742, 30.140535 ], [ 76.40278724, 30.14078153 ], [ 76.40282139, 30.14110151 ], [ 76.40287563, 30.14137171 ], [ 76.40303956, 30.14170215 ], [ 76.40360841, 30.14204328 ], [ 76.40441338, 30.14268258 ], [ 76.40523814, 30.14320012 ], [ 76.40599239, 30.14397521 ], [ 76.40646605, 30.14469357 ], [ 76.40681638, 30.14496628 ], [ 76.4073213, 30.14513413 ], [ 76.4076387, 30.14522668 ], [ 76.40833836, 30.14511807 ], [ 76.40912747, 30.14513517 ], [ 76.41007671, 30.14508806 ], [ 76.40982735, 30.14562197 ], [ 76.40928461, 30.14642857 ], [ 76.40907528, 30.14680881 ], [ 76.40868037, 30.14705499 ], [ 76.40762545, 30.14773892 ], [ 76.40718382, 30.14825611 ], [ 76.40660707, 30.14874273 ], [ 76.4067552, 30.14905519 ], [ 76.40581919, 30.14999299 ], [ 76.40468198, 30.1510742 ], [ 76.40328178, 30.15233769 ], [ 76.40245696, 30.15294778 ], [ 76.40212438, 30.15348221 ], [ 76.40175924, 30.15384556 ], [ 76.40118204, 30.15430502 ], [ 76.40020051, 30.15480788 ], [ 76.39961817, 30.15526287 ], [ 76.39876035, 30.15568819 ], [ 76.39711361, 30.15668277 ], [ 76.39655534, 30.15692557 ], [ 76.39613102, 30.15707728 ], [ 76.3953434, 30.15779526 ], [ 76.39501326, 30.15802304 ], [ 76.39485499, 30.1583128 ], [ 76.39469796, 30.15875136 ], [ 76.39454701, 30.15898915 ], [ 76.39418797, 30.15917877 ], [ 76.39399829, 30.1594371 ], [ 76.39394476, 30.15983442 ], [ 76.39364813, 30.16032354 ], [ 76.39334554, 30.16073143 ], [ 76.39317114, 30.16096274 ], [ 76.3928754, 30.16154204 ], [ 76.39275084, 30.16213369 ], [ 76.39240013, 30.16295686 ], [ 76.39235129, 30.16329095 ], [ 76.39212156, 30.16371657 ], [ 76.39166845, 30.16413002 ], [ 76.39139373, 30.16447242 ], [ 76.3918578, 30.16498116 ], [ 76.39217363, 30.16547056 ], [ 76.39234778, 30.16578967 ], [ 76.3929603, 30.16635379 ], [ 76.39346958, 30.16699072 ], [ 76.3929991, 30.16720593 ], [ 76.39161111, 30.16813543 ], [ 76.39031472, 30.16886588 ], [ 76.38940632, 30.16945157 ], [ 76.38953729, 30.16987015 ], [ 76.38886166, 30.17008441 ], [ 76.38765562, 30.17046699 ], [ 76.3871641, 30.17064619 ], [ 76.38758436, 30.17149347 ], [ 76.38816344, 30.17267353 ], [ 76.38826936, 30.17291632 ], [ 76.38870611, 30.17299448 ], [ 76.38922978, 30.17348937 ], [ 76.38937232, 30.17375677 ], [ 76.38965075, 30.17412024 ], [ 76.38998245, 30.17463668 ], [ 76.39052717, 30.17516962 ], [ 76.39101812, 30.17550454 ], [ 76.3922824, 30.17637545 ], [ 76.39304988, 30.17628453 ], [ 76.39336627, 30.17683253 ], [ 76.3940515, 30.17739616 ], [ 76.39497825, 30.17826487 ], [ 76.39582129, 30.17905286 ], [ 76.39626699, 30.17955498 ], [ 76.39683699, 30.17971567 ], [ 76.39768459, 30.17986776 ], [ 76.39807266, 30.18000487 ], [ 76.39850891, 30.18002671 ], [ 76.3989919, 30.18004148 ], [ 76.39963721, 30.18019484 ], [ 76.40049932, 30.18082036 ], [ 76.40113179, 30.18127599 ], [ 76.40183008, 30.18156444 ], [ 76.40265428, 30.18199178 ], [ 76.40296729, 30.18216098 ], [ 76.40307354, 30.18241733 ], [ 76.40312792, 30.18269209 ], [ 76.40323227, 30.18331826 ], [ 76.40340856, 30.1844265 ], [ 76.40347795, 30.18577001 ], [ 76.40356642, 30.18636472 ], [ 76.40367937, 30.186788 ], [ 76.4043278, 30.18730216 ], [ 76.40512986, 30.18814449 ], [ 76.40560245, 30.18872312 ], [ 76.40600387, 30.18946903 ], [ 76.40634477, 30.1898319 ], [ 76.40638544, 30.19030746 ], [ 76.40704402, 30.19049237 ], [ 76.40746086, 30.19065629 ], [ 76.40779613, 30.19069234 ], [ 76.40830473, 30.19067078 ], [ 76.40872859, 30.19051916 ], [ 76.40913839, 30.19042596 ], [ 76.40954768, 30.19032845 ], [ 76.40991707, 30.19040258 ], [ 76.41046892, 30.19055659 ], [ 76.41093422, 30.19091418 ], [ 76.41134759, 30.19125398 ], [ 76.41184546, 30.19175117 ], [ 76.41217072, 30.19190507 ], [ 76.41295791, 30.19188774 ], [ 76.41391913, 30.19196229 ], [ 76.41485985, 30.19205938 ], [ 76.41648038, 30.1919748 ], [ 76.41691648, 30.1921172 ], [ 76.41750309, 30.19209954 ], [ 76.41789956, 30.19229532 ], [ 76.41831602, 30.19240952 ], [ 76.41869525, 30.192434 ], [ 76.41940698, 30.19247857 ], [ 76.42083478, 30.19247315 ], [ 76.4218368, 30.19245695 ], [ 76.42272312, 30.1922929 ], [ 76.42350218, 30.19175526 ], [ 76.42406372, 30.19120798 ], [ 76.42484004, 30.19045135 ], [ 76.42562268, 30.18975139 ], [ 76.42665985, 30.18851277 ], [ 76.4288504, 30.18679231 ], [ 76.42943365, 30.18643193 ], [ 76.43031816, 30.18607398 ], [ 76.43094262, 30.1856726 ], [ 76.43152102, 30.18533025 ], [ 76.43205708, 30.18492504 ], [ 76.43395408, 30.18348629 ], [ 76.43425277, 30.18321586 ], [ 76.43426396, 30.18274897 ], [ 76.43415836, 30.18202365 ], [ 76.43399611, 30.1813392 ], [ 76.43393023, 30.18095627 ], [ 76.43372008, 30.18069171 ], [ 76.433386, 30.18050018 ], [ 76.43250884, 30.17997417 ], [ 76.43169957, 30.17948383 ], [ 76.43132313, 30.17921136 ], [ 76.430712, 30.17867675 ], [ 76.43055127, 30.17828782 ], [ 76.43043301, 30.17803907 ], [ 76.4309912, 30.17786521 ], [ 76.4316304, 30.17765773 ], [ 76.43209157, 30.17755973 ], [ 76.43269675, 30.17732993 ], [ 76.43320266, 30.17702868 ], [ 76.43381515, 30.17645607 ], [ 76.43463892, 30.17572854 ], [ 76.43490188, 30.1755462 ], [ 76.43493508, 30.17520322 ], [ 76.43507552, 30.17414244 ], [ 76.43553431, 30.17323705 ], [ 76.43587498, 30.17249499 ], [ 76.43752053, 30.17029585 ], [ 76.43835132, 30.16922099 ], [ 76.43899746, 30.16837298 ], [ 76.43971437, 30.16733952 ], [ 76.44034748, 30.16622996 ], [ 76.44056751, 30.16589467 ], [ 76.44052067, 30.16478553 ], [ 76.4404252, 30.16402855 ], [ 76.44029151, 30.1636101 ], [ 76.44014073, 30.16303831 ], [ 76.43965138, 30.16234268 ], [ 76.43932633, 30.16146111 ], [ 76.43882177, 30.16025145 ], [ 76.43820397, 30.15915088 ], [ 76.43786643, 30.15858053 ], [ 76.43744147, 30.15809196 ], [ 76.43710895, 30.15751256 ], [ 76.4368308, 30.15665315 ], [ 76.43664147, 30.15634557 ], [ 76.43650284, 30.15599695 ], [ 76.43563705, 30.15610233 ], [ 76.4351827, 30.15618952 ], [ 76.43499698, 30.1564768 ], [ 76.43489036, 30.15673765 ], [ 76.434619, 30.15657866 ], [ 76.43413848, 30.15625742 ], [ 76.43347053, 30.15588327 ], [ 76.43311363, 30.15545735 ], [ 76.43242057, 30.15461892 ], [ 76.43186081, 30.15414926 ], [ 76.43101166, 30.15327598 ], [ 76.43039554, 30.1528789 ], [ 76.42964074, 30.15209494 ], [ 76.42888673, 30.15137866 ], [ 76.42854575, 30.15100221 ], [ 76.4285732, 30.15060523 ], [ 76.42876629, 30.1501708 ], [ 76.42931672, 30.14908444 ], [ 76.4297893, 30.14856469 ], [ 76.43030539, 30.1482565 ], [ 76.43112656, 30.14782225 ], [ 76.43222431, 30.14700269 ], [ 76.43347927, 30.14633978 ], [ 76.43403812, 30.14617339 ], [ 76.43493856, 30.14589189 ], [ 76.43600293, 30.14538824 ], [ 76.43641544, 30.14510559 ], [ 76.43680745, 30.14484581 ], [ 76.43748332, 30.14442145 ], [ 76.4382649, 30.1441993 ], [ 76.4391756, 30.1439312 ], [ 76.43964914, 30.14377682 ], [ 76.43979649, 30.14275985 ], [ 76.4394783, 30.14245432 ], [ 76.43886543, 30.14240908 ], [ 76.43828321, 30.1423005 ], [ 76.43781446, 30.14226103 ], [ 76.43765953, 30.1416623 ], [ 76.43739351, 30.13822514 ], [ 76.43747535, 30.13698886 ], [ 76.43748063, 30.13627285 ], [ 76.43753085, 30.13573912 ], [ 76.43784272, 30.13523629 ], [ 76.43824712, 30.13465613 ], [ 76.43880806, 30.13415364 ], [ 76.43877428, 30.13388107 ], [ 76.43860561, 30.1335936 ], [ 76.43851846, 30.1331568 ], [ 76.43889564, 30.13300522 ], [ 76.43932708, 30.13252412 ], [ 76.43988209, 30.13195632 ], [ 76.44051072, 30.13147821 ], [ 76.44129969, 30.13096299 ], [ 76.44277769, 30.1308576 ], [ 76.44387961, 30.130516 ], [ 76.44455005, 30.13061938 ], [ 76.44528164, 30.13061864 ], [ 76.44567358, 30.13089093 ], [ 76.44600983, 30.13133505 ], [ 76.44636735, 30.13182626 ], [ 76.44669955, 30.13183519 ], [ 76.44703494, 30.13164332 ], [ 76.44734852, 30.13132078 ], [ 76.44771686, 30.13104534 ], [ 76.44816037, 30.13102631 ], [ 76.44882723, 30.13130109 ], [ 76.44937973, 30.13155874 ], [ 76.44994436, 30.13199433 ], [ 76.45048608, 30.13220914 ], [ 76.45085962, 30.13220652 ], [ 76.4514905, 30.13196737 ], [ 76.45204413, 30.13179653 ], [ 76.45230021, 30.13145188 ], [ 76.45266294, 30.13112897 ], [ 76.45304633, 30.13133374 ], [ 76.45332435, 30.13164286 ], [ 76.4535807, 30.13184845 ], [ 76.45407205, 30.1316961 ], [ 76.45422954, 30.13135221 ], [ 76.4547303, 30.13080955 ], [ 76.45525417, 30.13051033 ], [ 76.45554962, 30.13047669 ], [ 76.45594486, 30.13056396 ], [ 76.45629903, 30.13071471 ], [ 76.45677338, 30.13092319 ], [ 76.45714886, 30.13110986 ], [ 76.45718765, 30.13136667 ], [ 76.45718512, 30.13164185 ], [ 76.45742632, 30.13191516 ], [ 76.4580176, 30.13187936 ], [ 76.45823065, 30.13163873 ], [ 76.45834131, 30.13133759 ], [ 76.45803444, 30.13093659 ], [ 76.45795399, 30.13066207 ], [ 76.45797667, 30.13032809 ], [ 76.45827077, 30.13015009 ], [ 76.45874221, 30.13006996 ], [ 76.45922209, 30.12980147 ], [ 76.45957296, 30.12958131 ], [ 76.45994517, 30.12944628 ], [ 76.45986852, 30.12903341 ], [ 76.45973588, 30.12845258 ], [ 76.45937377, 30.12830638 ], [ 76.45894062, 30.12752478 ], [ 76.45860345, 30.12699506 ], [ 76.45858359, 30.12654865 ], [ 76.45868308, 30.12610155 ], [ 76.4587186, 30.12548777 ], [ 76.45899858, 30.12493548 ], [ 76.45732866, 30.11963926 ], [ 76.45716059, 30.11890087 ], [ 76.45671241, 30.11707746 ], [ 76.45630784, 30.11547482 ], [ 76.45653559, 30.11380447 ], [ 76.45672337, 30.11228763 ], [ 76.45709741, 30.11019673 ], [ 76.45742832, 30.10954037 ], [ 76.45943679, 30.1069233 ], [ 76.46024178, 30.10540651 ], [ 76.46073257, 30.10413561 ], [ 76.46142939, 30.10269178 ], [ 76.46182928, 30.10219724 ], [ 76.46227358, 30.10201358 ], [ 76.46253316, 30.10150201 ], [ 76.46253429, 30.10106901 ], [ 76.46300249, 30.10067776 ], [ 76.46345163, 30.10045347 ], [ 76.46394768, 30.10024683 ], [ 76.46437307, 30.10024825 ], [ 76.46491464, 30.10020595 ], [ 76.46561983, 30.09990081 ], [ 76.46689392, 30.0991608 ], [ 76.46786768, 30.09872817 ], [ 76.46906284, 30.09868929 ], [ 76.46984059, 30.09864748 ], [ 76.47033759, 30.09854459 ], [ 76.47090038, 30.09827433 ], [ 76.47160869, 30.09803003 ], [ 76.47273649, 30.09771952 ], [ 76.47361253, 30.09765891 ], [ 76.47455522, 30.09751661 ], [ 76.4758158, 30.0975253 ], [ 76.47673472, 30.09758606 ], [ 76.47850517, 30.0977489 ], [ 76.47980296, 30.09785184 ], [ 76.48085968, 30.09768612 ], [ 76.48204133, 30.09758264 ], [ 76.48300778, 30.09721001 ], [ 76.48456421, 30.09672036 ], [ 76.48606846, 30.09618585 ], [ 76.48659031, 30.09597904 ], [ 76.48772267, 30.09560969 ], [ 76.48984325, 30.09499383 ], [ 76.49091575, 30.0948595 ], [ 76.49122065, 30.09474666 ], [ 76.49235068, 30.09467274 ], [ 76.4933152, 30.09463388 ], [ 76.49423564, 30.09434279 ], [ 76.49558266, 30.09417921 ], [ 76.49664102, 30.09419821 ], [ 76.4973004, 30.09426081 ], [ 76.49765482, 30.09442514 ], [ 76.49796209, 30.09454452 ], [ 76.49838385, 30.0947082 ], [ 76.49886778, 30.09433465 ], [ 76.49938676, 30.09377395 ], [ 76.50325477, 30.09470927 ], [ 76.50365307, 30.09431202 ], [ 76.50403629, 30.09403703 ], [ 76.50461395, 30.09379756 ], [ 76.50509204, 30.09343106 ], [ 76.50553991, 30.09309073 ], [ 76.5058417, 30.09296877 ], [ 76.50655631, 30.09241458 ], [ 76.50682345, 30.09196914 ], [ 76.50708811, 30.09168977 ], [ 76.50728659, 30.09148025 ], [ 76.50773449, 30.09108309 ], [ 76.50797098, 30.09092604 ], [ 76.50842913, 30.09042405 ], [ 76.50888734, 30.08990458 ], [ 76.50918933, 30.08966458 ], [ 76.51019117, 30.0885819 ], [ 76.51048815, 30.08825889 ], [ 76.51127835, 30.08756502 ], [ 76.51209389, 30.08665693 ], [ 76.51242097, 30.08640168 ], [ 76.51274809, 30.08608956 ], [ 76.51294973, 30.08569655 ], [ 76.51315153, 30.08519414 ], [ 76.5135045, 30.08445598 ], [ 76.51374127, 30.08406295 ], [ 76.51387758, 30.08366546 ], [ 76.51390331, 30.08331583 ], [ 76.51366744, 30.08307083 ], [ 76.51333156, 30.08259848 ], [ 76.51303608, 30.08191197 ], [ 76.51268087, 30.08113075 ], [ 76.51226968, 30.0804077 ], [ 76.5125065, 30.08000158 ], [ 76.51281106, 30.07941672 ], [ 76.51286028, 30.07858108 ], [ 76.51285202, 30.07757655 ], [ 76.51280826, 30.07666312 ], [ 76.51283949, 30.07594648 ], [ 76.51274248, 30.07537385 ], [ 76.51243909, 30.07495829 ], [ 76.51222849, 30.07466524 ], [ 76.51210369, 30.07419313 ], [ 76.51198374, 30.07381281 ], [ 76.51185893, 30.07329266 ], [ 76.51194681, 30.07300342 ], [ 76.5119658, 30.07241001 ], [ 76.5118609, 30.07202964 ], [ 76.5126144, 30.07214424 ], [ 76.51296599, 30.07219271 ], [ 76.51353363, 30.07227639 ], [ 76.51413636, 30.07244319 ], [ 76.5145984, 30.07259231 ], [ 76.51525122, 30.07278095 ], [ 76.51566821, 30.07279019 ], [ 76.51621077, 30.07290883 ], [ 76.51675297, 30.07313233 ], [ 76.51778737, 30.07358803 ], [ 76.51859069, 30.07400848 ], [ 76.51883156, 30.07419227 ], [ 76.51967525, 30.0744991 ], [ 76.5202578, 30.07471393 ], [ 76.52085535, 30.07496368 ], [ 76.5215079, 30.07536641 ], [ 76.52213561, 30.07562493 ], [ 76.52266803, 30.07575669 ], [ 76.52345695, 30.07574005 ], [ 76.52419172, 30.07572851 ], [ 76.52466925, 30.07575266 ], [ 76.5254388, 30.0759406 ], [ 76.52572233, 30.0765225 ], [ 76.52647024, 30.07689322 ], [ 76.52689721, 30.07706069 ], [ 76.52730377, 30.07724747 ], [ 76.52775599, 30.07726541 ], [ 76.52849943, 30.07744531 ], [ 76.52877504, 30.07801155 ], [ 76.5294981, 30.07836849 ], [ 76.52984965, 30.07848244 ], [ 76.53029686, 30.07849166 ], [ 76.5308371, 30.07849655 ], [ 76.53131705, 30.07842712 ], [ 76.53160353, 30.0783531 ], [ 76.53187011, 30.07816107 ], [ 76.5322977, 30.07780749 ], [ 76.53301189, 30.07725317 ], [ 76.53338414, 30.07700007 ], [ 76.53380148, 30.07670768 ], [ 76.53414346, 30.07649392 ], [ 76.53449562, 30.07618832 ], [ 76.5349334, 30.07568617 ], [ 76.53514484, 30.07539358 ], [ 76.53559978, 30.07518864 ], [ 76.53637091, 30.07529864 ], [ 76.53695134, 30.07523579 ], [ 76.53736104, 30.0750679 ], [ 76.53765779, 30.07487595 ], [ 76.53802467, 30.07474516 ], [ 76.53861257, 30.07474569 ], [ 76.53912496, 30.07483795 ], [ 76.53990349, 30.07509212 ], [ 76.54025506, 30.07520166 ], [ 76.54097832, 30.0754908 ], [ 76.5417319, 30.07557451 ], [ 76.54233973, 30.07571486 ], [ 76.54279678, 30.07586379 ], [ 76.54334422, 30.07605657 ], [ 76.54374117, 30.07609409 ], [ 76.5444448, 30.0759308 ], [ 76.54521372, 30.07583969 ], [ 76.54566138, 30.07584163 ], [ 76.54619782, 30.07588155 ], [ 76.54696184, 30.07625634 ], [ 76.54726806, 30.07649693 ], [ 76.54764957, 30.07685122 ], [ 76.54795072, 30.07717489 ], [ 76.54814143, 30.07738914 ], [ 76.54836694, 30.07794435 ], [ 76.54842168, 30.07837265 ], [ 76.54838927, 30.07892721 ], [ 76.54830553, 30.07944655 ], [ 76.54815363, 30.08001127 ], [ 76.54814401, 30.08077821 ], [ 76.54874078, 30.08068911 ], [ 76.54946583, 30.08055204 ], [ 76.54963514, 30.08082968 ], [ 76.55003429, 30.08115231 ], [ 76.55139764, 30.08055867 ], [ 76.55205267, 30.08032462 ], [ 76.5524575, 30.08044265 ], [ 76.55269546, 30.08077963 ], [ 76.55297663, 30.08097649 ], [ 76.55346383, 30.08116922 ], [ 76.55371992, 30.08137479 ], [ 76.55385253, 30.08193642 ], [ 76.5541867, 30.08196073 ], [ 76.55486512, 30.08188256 ], [ 76.55554832, 30.08210599 ], [ 76.55624807, 30.08253443 ], [ 76.55663585, 30.08290055 ], [ 76.55696371, 30.08349326 ], [ 76.55722769, 30.0839331 ], [ 76.55757958, 30.08433622 ], [ 76.55815409, 30.08519756 ], [ 76.55824236, 30.08569746 ], [ 76.55824083, 30.08604022 ], [ 76.55854784, 30.08661508 ], [ 76.55899909, 30.08784035 ], [ 76.55927489, 30.08816515 ], [ 76.55954659, 30.08932207 ], [ 76.55977552, 30.08986596 ], [ 76.56004381, 30.09071163 ], [ 76.56011172, 30.09124333 ], [ 76.56026487, 30.09198696 ], [ 76.56048859, 30.09278495 ], [ 76.56052924, 30.09342733 ], [ 76.56167629, 30.0939728 ], [ 76.56247964, 30.09413482 ], [ 76.56249737, 30.09440015 ], [ 76.56283394, 30.09462332 ], [ 76.5636077, 30.0949297 ], [ 76.56452727, 30.0951139 ], [ 76.56533635, 30.09524553 ], [ 76.56576353, 30.09528075 ], [ 76.56648703, 30.09563518 ], [ 76.56742154, 30.09600726 ], [ 76.56844654, 30.09643625 ], [ 76.56879608, 30.096581 ], [ 76.56947157, 30.09686074 ], [ 76.57050141, 30.0974557 ], [ 76.57214429, 30.09851435 ], [ 76.57310384, 30.09914422 ], [ 76.57427437, 30.09990967 ], [ 76.5752246, 30.1006015 ], [ 76.57657715, 30.10155668 ], [ 76.57784647, 30.10250761 ], [ 76.57846434, 30.1031198 ], [ 76.5795495, 30.10410372 ], [ 76.57984587, 30.10428749 ], [ 76.58087088, 30.10499161 ], [ 76.58110703, 30.1052365 ], [ 76.58136125, 30.10585571 ], [ 76.58158394, 30.10631188 ], [ 76.58198217, 30.10673526 ], [ 76.58233248, 30.1071077 ], [ 76.58286503, 30.10758868 ], [ 76.58358839, 30.10848058 ], [ 76.58389007, 30.10869783 ], [ 76.58408824, 30.10919688 ], [ 76.58495899, 30.10984734 ], [ 76.58571713, 30.11028192 ], [ 76.58652531, 30.11076923 ], [ 76.58732127, 30.11098603 ], [ 76.58768905, 30.11120962 ], [ 76.58852339, 30.11143287 ], [ 76.58980019, 30.11167376 ], [ 76.59110212, 30.11189714 ], [ 76.59229355, 30.11212038 ], [ 76.59344463, 30.11243984 ], [ 76.59464099, 30.1126413 ], [ 76.59500301, 30.11264141 ], [ 76.59574702, 30.11262419 ], [ 76.5963753, 30.11293906 ], [ 76.59682775, 30.112961 ], [ 76.59765726, 30.11290449 ], [ 76.59884886, 30.11257267 ], [ 76.59936676, 30.11257268 ], [ 76.59987573, 30.1132095 ], [ 76.60003129, 30.11366826 ], [ 76.60062531, 30.11483592 ], [ 76.60141921, 30.11623644 ], [ 76.60227285, 30.11741987 ], [ 76.60258057, 30.11803517 ], [ 76.60305867, 30.1186433 ], [ 76.60411257, 30.11956469 ], [ 76.60561334, 30.1207035 ], [ 76.60668724, 30.12151838 ], [ 76.60697493, 30.12172806 ], [ 76.60765307, 30.12229719 ], [ 76.6082283, 30.12291259 ], [ 76.60862171, 30.12329714 ], [ 76.60922597, 30.12443306 ], [ 76.60973815, 30.12498799 ], [ 76.61134255, 30.12599705 ], [ 76.61278438, 30.12684945 ], [ 76.61343727, 30.12794675 ], [ 76.61471432, 30.12983917 ], [ 76.61557368, 30.13104059 ], [ 76.61602246, 30.13173131 ], [ 76.61616216, 30.13214951 ], [ 76.61644089, 30.13248086 ], [ 76.61754245, 30.13353141 ], [ 76.61812981, 30.13407213 ], [ 76.61865053, 30.13515456 ], [ 76.61940769, 30.13602306 ], [ 76.62023679, 30.13683679 ], [ 76.62078362, 30.13737377 ], [ 76.62123642, 30.137586 ], [ 76.62186013, 30.13770679 ], [ 76.62220164, 30.13803768 ], [ 76.62234523, 30.13859944 ], [ 76.62295782, 30.13942746 ], [ 76.62325732, 30.13983227 ], [ 76.6234566, 30.14017953 ], [ 76.62438163, 30.1401128 ], [ 76.62569792, 30.1408085 ], [ 76.62673216, 30.14135512 ], [ 76.62951609, 30.14260641 ], [ 76.6307179, 30.14271363 ], [ 76.63090046, 30.14219552 ], [ 76.63184055, 30.14215229 ], [ 76.63254437, 30.14285778 ], [ 76.63279357, 30.14430757 ], [ 76.63410256, 30.14659383 ], [ 76.63531265, 30.14731191 ], [ 76.63682255, 30.14759447 ], [ 76.63803761, 30.14761968 ], [ 76.63946916, 30.14859149 ], [ 76.64076756, 30.14868121 ], [ 76.64169702, 30.14895099 ], [ 76.64217522, 30.14965671 ], [ 76.63977429, 30.15029284 ], [ 76.63933693, 30.15112346 ], [ 76.63881894, 30.15182295 ], [ 76.63911587, 30.15252671 ], [ 76.63896016, 30.15326929 ], [ 76.63874898, 30.15418356 ], [ 76.63843516, 30.15472717 ], [ 76.63808523, 30.15533334 ], [ 76.63750199, 30.15648315 ], [ 76.63669228, 30.15782532 ], [ 76.63617356, 30.15841948 ], [ 76.63507774, 30.15967464 ], [ 76.63500249, 30.16043974 ], [ 76.6355913, 30.16178173 ], [ 76.63463561, 30.16311956 ], [ 76.63434406, 30.16516547 ], [ 76.6332755, 30.16697293 ], [ 76.63056006, 30.16784426 ], [ 76.62873611, 30.16821746 ], [ 76.62732695, 30.16784556 ], [ 76.6256927, 30.16705786 ], [ 76.62420098, 30.16682125 ], [ 76.6224445, 30.16760689 ], [ 76.62098811, 30.16894692 ], [ 76.61936273, 30.17069452 ], [ 76.61865874, 30.17131364 ], [ 76.61757399, 30.17264423 ], [ 76.61658281, 30.17426798 ], [ 76.61530474, 30.17485797 ], [ 76.61300396, 30.17535807 ], [ 76.6119642, 30.17588449 ], [ 76.61059211, 30.17702061 ], [ 76.60989168, 30.1777608 ], [ 76.60912979, 30.17856594 ], [ 76.60679854, 30.18016158 ], [ 76.60456315, 30.18114254 ], [ 76.60295447, 30.18227364 ], [ 76.60183885, 30.18295241 ], [ 76.60150911, 30.18320259 ], [ 76.60030589, 30.18393105 ], [ 76.59988896, 30.18474451 ], [ 76.60042033, 30.18536854 ], [ 76.6015964, 30.18573952 ], [ 76.60344165, 30.18728174 ], [ 76.60466188, 30.18895547 ], [ 76.60502181, 30.19019628 ], [ 76.60455683, 30.19079514 ], [ 76.60371311, 30.19188177 ], [ 76.60336361, 30.19310772 ], [ 76.60450994, 30.19429267 ], [ 76.60607695, 30.19480889 ], [ 76.60732737, 30.19562495 ], [ 76.60770386, 30.19587064 ], [ 76.61041295, 30.19763859 ], [ 76.61063228, 30.19801927 ], [ 76.61007179, 30.1985208 ], [ 76.61096121, 30.19957313 ], [ 76.61159758, 30.20075385 ], [ 76.61228938, 30.20178074 ], [ 76.61301016, 30.20260897 ], [ 76.61356189, 30.20318614 ], [ 76.6139371, 30.20376022 ], [ 76.61416557, 30.20447952 ], [ 76.61448513, 30.20369581 ], [ 76.61540644, 30.20280634 ], [ 76.61634142, 30.20190103 ], [ 76.61706885, 30.20105824 ], [ 76.61885547, 30.20051051 ], [ 76.62003892, 30.20028912 ], [ 76.62132982, 30.20022995 ], [ 76.622085, 30.20010523 ], [ 76.62268167, 30.19967406 ], [ 76.62324755, 30.1993326 ], [ 76.62378935, 30.19942414 ], [ 76.62498067, 30.19957874 ], [ 76.62624361, 30.19950742 ], [ 76.6267423, 30.19892305 ], [ 76.62754605, 30.19868013 ], [ 76.62824306, 30.19869462 ], [ 76.62959565, 30.19841983 ], [ 76.63140227, 30.19793811 ], [ 76.63310334, 30.19767052 ], [ 76.63471317, 30.19709813 ], [ 76.63627774, 30.19662977 ], [ 76.63769085, 30.19561089 ], [ 76.63947955, 30.19432116 ], [ 76.64082366, 30.19335197 ], [ 76.64154021, 30.19216709 ], [ 76.6420624, 30.19177655 ], [ 76.64251281, 30.19079843 ], [ 76.64340504, 30.19010906 ], [ 76.64445685, 30.18929638 ], [ 76.64503169, 30.18885221 ], [ 76.64476579, 30.18748175 ], [ 76.64393352, 30.18712023 ], [ 76.64287027, 30.18705278 ], [ 76.64251327, 30.18617994 ], [ 76.64087231, 30.18573562 ], [ 76.63857196, 30.18530849 ], [ 76.63792781, 30.18506381 ], [ 76.63695755, 30.18469526 ], [ 76.63536481, 30.18394577 ], [ 76.63393813, 30.18264565 ], [ 76.63263776, 30.18117981 ], [ 76.63179394, 30.18027137 ], [ 76.63046099, 30.18003833 ], [ 76.62919158, 30.18021306 ], [ 76.62874208, 30.17945447 ], [ 76.62863306, 30.17855611 ], [ 76.62965067, 30.17709139 ], [ 76.63115659, 30.1756368 ], [ 76.63449959, 30.17400806 ], [ 76.63479625, 30.17210378 ], [ 76.63425, 30.16975746 ], [ 76.6359144, 30.16863648 ], [ 76.63657401, 30.1688284 ], [ 76.63686034, 30.16891171 ], [ 76.63782141, 30.16947553 ], [ 76.63819368, 30.1693924 ], [ 76.63876718, 30.16889398 ], [ 76.63945143, 30.16915179 ], [ 76.6401761, 30.16963256 ], [ 76.64095598, 30.16975923 ], [ 76.64130156, 30.16963297 ], [ 76.64178625, 30.17030988 ], [ 76.64200127, 30.17065715 ], [ 76.64206325, 30.17119727 ], [ 76.6422346, 30.17209783 ], [ 76.64267414, 30.17252731 ], [ 76.64328636, 30.17285396 ], [ 76.64397579, 30.1732735 ], [ 76.64460485, 30.17361001 ], [ 76.64489691, 30.17384638 ], [ 76.64495732, 30.17447991 ], [ 76.64545355, 30.17487348 ], [ 76.64636617, 30.17441401 ], [ 76.64740733, 30.173947 ], [ 76.64779016, 30.17447922 ], [ 76.6478986, 30.17492739 ], [ 76.6482961, 30.1752517 ], [ 76.64947556, 30.1752986 ], [ 76.64994288, 30.17562297 ], [ 76.65077907, 30.17596028 ], [ 76.65140881, 30.17650681 ], [ 76.65171164, 30.17684726 ], [ 76.65131856, 30.17744239 ], [ 76.65083918, 30.17788273 ], [ 76.65100086, 30.17830678 ], [ 76.65165674, 30.17874729 ], [ 76.65268771, 30.17914695 ], [ 76.6531158, 30.17950101 ], [ 76.65310847, 30.18011965 ], [ 76.65293508, 30.1805766 ], [ 76.65308107, 30.18085196 ], [ 76.65326746, 30.181206 ], [ 76.6533783, 30.18157322 ], [ 76.6531671, 30.18188809 ], [ 76.65310184, 30.18220286 ], [ 76.65324784, 30.18244327 ], [ 76.653508, 30.18274077 ], [ 76.65426874, 30.1829107 ], [ 76.6545112, 30.18313799 ], [ 76.65475293, 30.1835402 ], [ 76.65505293, 30.18410853 ], [ 76.65562656, 30.18404731 ], [ 76.65579495, 30.18430489 ], [ 76.65598083, 30.18489791 ], [ 76.65609231, 30.18525357 ], [ 76.65601726, 30.18618917 ], [ 76.65340637, 30.18863835 ], [ 76.64980049, 30.1910762 ], [ 76.65048505, 30.19256575 ], [ 76.6508465, 30.19335224 ], [ 76.65114456, 30.19610666 ], [ 76.65184484, 30.19799088 ], [ 76.6532002, 30.20116936 ], [ 76.65079434, 30.20171199 ], [ 76.64832802, 30.2022198 ], [ 76.64633482, 30.20267945 ], [ 76.64246439, 30.20471776 ], [ 76.6388302, 30.20624868 ], [ 76.63747702, 30.20609195 ], [ 76.63683283, 30.20548095 ], [ 76.6353666, 30.20436468 ], [ 76.6343699, 30.20456593 ], [ 76.63096701, 30.20487236 ], [ 76.62844502, 30.20487247 ], [ 76.62609928, 30.20482442 ], [ 76.62386419, 30.20521363 ], [ 76.62335078, 30.20517422 ], [ 76.62176001, 30.20514796 ], [ 76.62061224, 30.20541468 ], [ 76.61915743, 30.20645961 ], [ 76.61780064, 30.20745582 ], [ 76.61681138, 30.20818218 ], [ 76.61577429, 30.20906097 ], [ 76.61547718, 30.20951056 ], [ 76.61524555, 30.20986108 ], [ 76.61507436, 30.21037262 ], [ 76.61510443, 30.2108579 ], [ 76.61564736, 30.21173267 ], [ 76.61619666, 30.21277758 ], [ 76.61661445, 30.21355589 ], [ 76.61739098, 30.21425649 ], [ 76.61802503, 30.21462353 ], [ 76.61927251, 30.2154275 ], [ 76.62039023, 30.21630208 ], [ 76.62102955, 30.21678742 ], [ 76.62153308, 30.21698424 ], [ 76.62237387, 30.2170323 ], [ 76.62298804, 30.21688372 ], [ 76.62331987, 30.21695675 ], [ 76.62327008, 30.21722477 ], [ 76.623576, 30.21785209 ], [ 76.62394313, 30.21801987 ], [ 76.62464959, 30.21870265 ], [ 76.62514805, 30.21996195 ], [ 76.62576739, 30.22093268 ], [ 76.62659323, 30.2230141 ], [ 76.62737875, 30.2240941 ], [ 76.62543517, 30.22524415 ], [ 76.62460932, 30.22693197 ], [ 76.62386405, 30.22783277 ], [ 76.62326484, 30.22820449 ], [ 76.62228793, 30.22855866 ], [ 76.62039949, 30.22966057 ], [ 76.61871002, 30.23042129 ], [ 76.61758134, 30.23077019 ], [ 76.61722629, 30.23084641 ], [ 76.61630146, 30.23108134 ], [ 76.6156557, 30.23153616 ], [ 76.61503121, 30.23210015 ], [ 76.61469725, 30.23228702 ], [ 76.61435133, 30.23248058 ], [ 76.61333901, 30.23311451 ], [ 76.61216555, 30.23367846 ], [ 76.61104738, 30.23444791 ], [ 76.61032213, 30.23478448 ], [ 76.60912349, 30.2350773 ], [ 76.60699309, 30.23571104 ], [ 76.60595055, 30.23620935 ], [ 76.60355794, 30.23780929 ], [ 76.60293353, 30.23738065 ], [ 76.60215314, 30.23674641 ], [ 76.60179062, 30.23652331 ], [ 76.60090446, 30.23588895 ], [ 76.60043656, 30.23558858 ], [ 76.60019959, 30.23534656 ], [ 76.60000032, 30.23457194 ], [ 76.59982207, 30.23479547 ], [ 76.59916211, 30.2354687 ], [ 76.59850776, 30.23600563 ], [ 76.59786746, 30.23653101 ], [ 76.59698081, 30.23702485 ], [ 76.59647717, 30.23724334 ], [ 76.59623032, 30.23741818 ], [ 76.5961596, 30.23779421 ], [ 76.5960939, 30.23879842 ], [ 76.59765012, 30.2395693 ], [ 76.59852106, 30.23999977 ], [ 76.60090958, 30.24206537 ], [ 76.60263987, 30.24393695 ], [ 76.60326072, 30.24546141 ], [ 76.60360958, 30.2463324 ], [ 76.60365397, 30.24921229 ], [ 76.60287658, 30.25168013 ], [ 76.59904026, 30.25396499 ], [ 76.5961044, 30.25571343 ], [ 76.59435098, 30.25499098 ], [ 76.5906503, 30.25346495 ], [ 76.59079027, 30.25305105 ], [ 76.59112306, 30.25226637 ], [ 76.59136747, 30.25154925 ], [ 76.59165945, 30.25048734 ], [ 76.59168534, 30.24990131 ], [ 76.59185041, 30.24604547 ], [ 76.58532796, 30.24534267 ], [ 76.58392511, 30.24406708 ], [ 76.58331118, 30.24359145 ], [ 76.58239757, 30.24288363 ], [ 76.58038388, 30.24143518 ], [ 76.57959352, 30.24086639 ], [ 76.5785049, 30.24028669 ], [ 76.57749407, 30.23968027 ], [ 76.57676602, 30.23913909 ], [ 76.57643196, 30.2388357 ], [ 76.57596399, 30.23832381 ], [ 76.57539027, 30.23761953 ], [ 76.57511193, 30.23733446 ], [ 76.57459491, 30.23710311 ], [ 76.57422233, 30.23701548 ], [ 76.5734014, 30.2370587 ], [ 76.572913, 30.23692727 ], [ 76.57240952, 30.23669088 ], [ 76.57187094, 30.2363276 ], [ 76.57046175, 30.23517232 ], [ 76.56954784, 30.23465717 ], [ 76.56909777, 30.23414834 ], [ 76.56863007, 30.23334344 ], [ 76.56822791, 30.23232417 ], [ 76.56795454, 30.23196983 ], [ 76.56701468, 30.23189507 ], [ 76.56627694, 30.23192641 ], [ 76.56559409, 30.2319517 ], [ 76.56548949, 30.23105891 ], [ 76.56522335, 30.23014484 ], [ 76.56451946, 30.22890252 ], [ 76.56414722, 30.22842125 ], [ 76.56375004, 30.22769512 ], [ 76.56336315, 30.22668911 ], [ 76.56273841, 30.22582668 ], [ 76.5623619, 30.22577024 ], [ 76.56098213, 30.22585017 ], [ 76.56061975, 30.22573844 ], [ 76.55938027, 30.22562711 ], [ 76.55833843, 30.22436736 ], [ 76.55785228, 30.22421254 ], [ 76.55756709, 30.22365053 ], [ 76.55723794, 30.2236459 ], [ 76.55376303, 30.22360825 ], [ 76.55364009, 30.22278197 ], [ 76.55198199, 30.22282433 ], [ 76.5515762, 30.22289702 ], [ 76.55086391, 30.22301913 ], [ 76.55075592, 30.22214422 ], [ 76.55028072, 30.22223702 ], [ 76.54921062, 30.222306 ], [ 76.54858382, 30.22227941 ], [ 76.54804982, 30.22249766 ], [ 76.54754596, 30.22289071 ], [ 76.54704185, 30.22337131 ], [ 76.54656801, 30.22383882 ], [ 76.54555947, 30.22525033 ], [ 76.54579723, 30.22547427 ], [ 76.5465975, 30.2261664 ], [ 76.54694817, 30.22620911 ], [ 76.54738243, 30.22648283 ], [ 76.54761438, 30.22681782 ], [ 76.54808567, 30.22667789 ], [ 76.54872001, 30.22670465 ], [ 76.54922346, 30.22679696 ], [ 76.55028092, 30.2267803 ], [ 76.55073419, 30.22675435 ], [ 76.5511876, 30.22659293 ], [ 76.55152405, 30.22657607 ], [ 76.55264788, 30.22651977 ], [ 76.55331756, 30.22661212 ], [ 76.55388645, 30.22669995 ], [ 76.55435977, 30.22674403 ], [ 76.55564606, 30.22685827 ], [ 76.55593913, 30.22754996 ], [ 76.55638161, 30.22916368 ], [ 76.55650227, 30.2294393 ], [ 76.55687288, 30.23156473 ], [ 76.55710378, 30.23232137 ], [ 76.55739022, 30.23289001 ], [ 76.55757621, 30.23324001 ], [ 76.55775729, 30.2335287 ], [ 76.55797474, 30.23374366 ], [ 76.55826558, 30.23389203 ], [ 76.55851316, 30.23405136 ], [ 76.55920122, 30.23528372 ], [ 76.55935182, 30.23555447 ], [ 76.56025679, 30.23721681 ], [ 76.56197536, 30.24153841 ], [ 76.56115325, 30.24283664 ], [ 76.56029018, 30.2448302 ], [ 76.56006688, 30.24536288 ], [ 76.55815261, 30.24992913 ], [ 76.55734221, 30.25346674 ], [ 76.55709605, 30.25644346 ], [ 76.55724602, 30.25742674 ], [ 76.5577132, 30.25806743 ], [ 76.55784814, 30.25833812 ], [ 76.55707238, 30.26066063 ], [ 76.55661302, 30.26237217 ], [ 76.5571896, 30.26301897 ], [ 76.5588005, 30.26438161 ], [ 76.55957742, 30.26489129 ], [ 76.56067708, 30.26367982 ], [ 76.56172748, 30.26222951 ], [ 76.56201527, 30.26200484 ], [ 76.56269954, 30.26233299 ], [ 76.56422708, 30.26333992 ], [ 76.56521215, 30.26387591 ], [ 76.56561343, 30.26406278 ], [ 76.56606017, 30.26414576 ], [ 76.56708156, 30.26401823 ], [ 76.56738224, 30.26430316 ], [ 76.56788931, 30.26456867 ], [ 76.56885949, 30.26438717 ], [ 76.56923766, 30.26419319 ], [ 76.56989091, 30.26427433 ], [ 76.57024674, 30.26455918 ], [ 76.57068737, 30.26477931 ], [ 76.57132385, 30.26509949 ], [ 76.57201148, 30.26525848 ], [ 76.57244456, 30.26505962 ], [ 76.57279569, 30.26474018 ], [ 76.57316359, 30.26417345 ], [ 76.57338146, 30.26365302 ], [ 76.57357441, 30.26324549 ], [ 76.57378154, 30.26295648 ], [ 76.57439203, 30.26249375 ], [ 76.57484165, 30.26222934 ], [ 76.57512937, 30.2619294 ], [ 76.57538212, 30.26207525 ], [ 76.5760049, 30.26243704 ], [ 76.57860724, 30.26398496 ], [ 76.57923651, 30.26435774 ], [ 76.58060728, 30.26525055 ], [ 76.58129757, 30.26623216 ], [ 76.58189999, 30.2674275 ], [ 76.58259556, 30.26906049 ], [ 76.58380161, 30.2702717 ], [ 76.58468334, 30.26981517 ], [ 76.5861695, 30.26887819 ], [ 76.5864553, 30.26860868 ], [ 76.58699407, 30.26778003 ], [ 76.58740292, 30.2671542 ], [ 76.5875083, 30.26682409 ], [ 76.58766986, 30.26645162 ], [ 76.58783942, 30.26601948 ], [ 76.58792593, 30.26558948 ], [ 76.58806085, 30.26482444 ], [ 76.5897878, 30.2638466 ], [ 76.59125341, 30.26293694 ], [ 76.59247557, 30.26209242 ], [ 76.59289533, 30.2618008 ], [ 76.59361832, 30.26253388 ], [ 76.59407585, 30.26301073 ], [ 76.59497932, 30.26407532 ], [ 76.59577956, 30.26501825 ], [ 76.59760042, 30.2668973 ], [ 76.60011189, 30.26948889 ], [ 76.60060987, 30.26992442 ], [ 76.60083408, 30.27012051 ], [ 76.60111501, 30.27036444 ], [ 76.60231606, 30.26978666 ], [ 76.60340513, 30.26925274 ], [ 76.6041369, 30.26902831 ], [ 76.60450548, 30.26902369 ], [ 76.60549019, 30.26866886 ], [ 76.60703351, 30.26838045 ], [ 76.60791527, 30.26812636 ], [ 76.60857423, 30.26796097 ], [ 76.6090661, 30.26884753 ], [ 76.60937155, 30.26956697 ], [ 76.60953802, 30.2697979 ], [ 76.60984688, 30.27046076 ], [ 76.61088441, 30.26985694 ], [ 76.61151416, 30.26953814 ], [ 76.61205275, 30.27033851 ], [ 76.61322696, 30.27155638 ], [ 76.6139006, 30.27224466 ], [ 76.61440138, 30.27255754 ], [ 76.615166, 30.2715515 ], [ 76.61609541, 30.27078084 ], [ 76.61777912, 30.26911209 ], [ 76.61821854, 30.26863685 ], [ 76.61879336, 30.26801721 ], [ 76.61981967, 30.26686736 ], [ 76.62000072, 30.26633815 ], [ 76.62031994, 30.26562278 ], [ 76.62045913, 30.26506699 ], [ 76.62086735, 30.26486508 ], [ 76.62154656, 30.26463999 ], [ 76.6219881, 30.26456582 ], [ 76.62298884, 30.26461222 ], [ 76.62341544, 30.2646019 ], [ 76.62393011, 30.26514183 ], [ 76.62440954, 30.26575651 ], [ 76.62482298, 30.26622916 ], [ 76.62556816, 30.26716827 ], [ 76.62613214, 30.2678926 ], [ 76.62632575, 30.26815621 ], [ 76.62687243, 30.26892731 ], [ 76.62722019, 30.2695154 ], [ 76.62700488, 30.2698656 ], [ 76.62659344, 30.27045518 ], [ 76.62629683, 30.27060389 ], [ 76.62599946, 30.2706997 ], [ 76.6256274, 30.27114463 ], [ 76.62622301, 30.27181842 ], [ 76.62685351, 30.27240565 ], [ 76.62742857, 30.2728829 ], [ 76.62834841, 30.27358645 ], [ 76.62893639, 30.27402876 ], [ 76.62967194, 30.27458495 ], [ 76.63044393, 30.27528186 ], [ 76.63116683, 30.27587246 ], [ 76.63143365, 30.27621644 ], [ 76.63136197, 30.27658765 ], [ 76.63095005, 30.27682427 ], [ 76.63047223, 30.27706975 ], [ 76.63034388, 30.27743382 ], [ 76.63037866, 30.27774474 ], [ 76.630644, 30.27851135 ], [ 76.63078062, 30.27890856 ], [ 76.63095905, 30.27963811 ], [ 76.63108722, 30.28016494 ], [ 76.63141768, 30.28103803 ], [ 76.63156031, 30.28138925 ], [ 76.63187743, 30.28254389 ], [ 76.63207643, 30.28339312 ], [ 76.63214359, 30.28390357 ], [ 76.63229054, 30.28419633 ], [ 76.63248048, 30.28458251 ], [ 76.63305221, 30.2856965 ], [ 76.63347321, 30.28633697 ], [ 76.63384493, 30.28695061 ], [ 76.63411197, 30.2873953 ], [ 76.63470778, 30.28813871 ], [ 76.63496682, 30.28845923 ], [ 76.63507381, 30.2887332 ], [ 76.63521348, 30.28917613 ], [ 76.63540135, 30.28963756 ], [ 76.63581898, 30.2892931 ], [ 76.63615868, 30.28909329 ], [ 76.63661543, 30.28914032 ], [ 76.63684265, 30.28872126 ], [ 76.63694668, 30.28847227 ], [ 76.63713865, 30.28800483 ], [ 76.63739519, 30.28733723 ], [ 76.63791153, 30.28599834 ], [ 76.63808455, 30.28540947 ], [ 76.63817081, 30.28511861 ], [ 76.63828396, 30.28487039 ], [ 76.63864576, 30.284393 ], [ 76.63925137, 30.28466181 ], [ 76.63971821, 30.28500139 ], [ 76.64029594, 30.28542615 ], [ 76.64115358, 30.28596753 ], [ 76.64186996, 30.28634912 ], [ 76.64228718, 30.28653149 ], [ 76.64320858, 30.28704102 ], [ 76.64353606, 30.28718604 ], [ 76.64461098, 30.2878828 ], [ 76.64516687, 30.28825591 ], [ 76.64559854, 30.28854564 ], [ 76.64683567, 30.28928964 ], [ 76.64718988, 30.28951228 ], [ 76.64741328, 30.28978096 ], [ 76.6482334, 30.29042552 ], [ 76.64856842, 30.29065286 ], [ 76.64894098, 30.29072809 ], [ 76.64965074, 30.29076523 ], [ 76.65002582, 30.29075499 ], [ 76.65034431, 30.29119689 ], [ 76.6507498, 30.29158016 ], [ 76.65121839, 30.2921986 ], [ 76.65158694, 30.292685 ], [ 76.6518803, 30.29306378 ], [ 76.65249161, 30.29385306 ], [ 76.65377612, 30.29560878 ], [ 76.6541763, 30.2960384 ], [ 76.65453221, 30.29647952 ], [ 76.65469868, 30.29691183 ], [ 76.65545029, 30.29795223 ], [ 76.65566731, 30.29843607 ], [ 76.65628734, 30.29810948 ], [ 76.65655753, 30.29796746 ], [ 76.65690692, 30.29814965 ], [ 76.65736851, 30.29845344 ], [ 76.65827831, 30.29907114 ], [ 76.65882849, 30.29946789 ], [ 76.65953669, 30.29994151 ], [ 76.65985361, 30.30029646 ], [ 76.66000312, 30.3007162 ], [ 76.66044501, 30.30108496 ], [ 76.66085564, 30.30143197 ], [ 76.6610756, 30.30164475 ], [ 76.66154879, 30.30203706 ], [ 76.66199881, 30.30245527 ], [ 76.66232874, 30.30271782 ], [ 76.66287985, 30.30318672 ], [ 76.66377426, 30.3038991 ], [ 76.66409971, 30.30437736 ], [ 76.66442535, 30.30488625 ], [ 76.66530474, 30.30584116 ], [ 76.66577826, 30.30575612 ], [ 76.66617409, 30.30552366 ], [ 76.66632116, 30.30600166 ], [ 76.66661866, 30.30643304 ], [ 76.66687886, 30.3070689 ], [ 76.66721178, 30.30756182 ], [ 76.66737221, 30.3077983 ], [ 76.66791905, 30.30833601 ], [ 76.66817114, 30.30862279 ], [ 76.66873553, 30.30926488 ], [ 76.66885008, 30.30954444 ], [ 76.66972811, 30.31058625 ], [ 76.67016081, 30.3111091 ], [ 76.67050088, 30.3115156 ], [ 76.67103945, 30.31140194 ], [ 76.6718191, 30.31112206 ], [ 76.67239968, 30.31083347 ], [ 76.67321185, 30.31031412 ], [ 76.67358633, 30.31009113 ], [ 76.6741213, 30.30977257 ], [ 76.67445386, 30.30952888 ], [ 76.67475204, 30.30931182 ], [ 76.67480705, 30.30869105 ], [ 76.6751518, 30.3086648 ], [ 76.67579414, 30.3086813 ], [ 76.6762832, 30.30868925 ], [ 76.67653622, 30.30846156 ], [ 76.67697664, 30.30798779 ], [ 76.67873555, 30.30927745 ], [ 76.68189302, 30.31130179 ], [ 76.68513324, 30.31398101 ], [ 76.68597816, 30.31461619 ], [ 76.68105134, 30.31826197 ], [ 76.68121982, 30.31849958 ], [ 76.68150825, 30.31890297 ], [ 76.68185453, 30.31949674 ], [ 76.6821026, 30.31985644 ], [ 76.68265054, 30.32026632 ], [ 76.68310814, 30.32069957 ], [ 76.68346174, 30.32113391 ], [ 76.68398214, 30.32161175 ], [ 76.68418845, 30.32190754 ], [ 76.68456815, 30.3223416 ], [ 76.68490896, 30.32267899 ], [ 76.68521566, 30.32323543 ], [ 76.68558872, 30.32348497 ], [ 76.6858738, 30.32373382 ], [ 76.68614401, 30.32412667 ], [ 76.68647739, 30.32462981 ], [ 76.68668806, 30.32499858 ], [ 76.68698808, 30.32554864 ], [ 76.68722562, 30.32596622 ], [ 76.68756076, 30.32647247 ], [ 76.68796883, 30.3268833 ], [ 76.68857647, 30.32732225 ], [ 76.68893168, 30.32747833 ], [ 76.68947309, 30.32709449 ], [ 76.69048513, 30.32642007 ], [ 76.69081827, 30.32613524 ], [ 76.6912191, 30.32576758 ], [ 76.69207642, 30.32487863 ], [ 76.69294407, 30.32401669 ], [ 76.69364473, 30.32349515 ], [ 76.6941755, 30.32298764 ], [ 76.69444601, 30.32273454 ], [ 76.69477278, 30.32230071 ], [ 76.69530004, 30.32178411 ], [ 76.69575163, 30.32166483 ], [ 76.69622315, 30.32220384 ], [ 76.6969293, 30.32296861 ], [ 76.69749847, 30.32359924 ], [ 76.69772595, 30.3239219 ], [ 76.69815204, 30.3243284 ], [ 76.69842093, 30.32463706 ], [ 76.69884374, 30.32519699 ], [ 76.69914168, 30.32575348 ], [ 76.69938119, 30.32620674 ], [ 76.69956353, 30.32667556 ], [ 76.69979333, 30.32704828 ], [ 76.6999359, 30.32735169 ], [ 76.69997181, 30.32772977 ], [ 76.70003726, 30.32810148 ], [ 76.70068847, 30.32779206 ], [ 76.70140915, 30.32747916 ], [ 76.70229304, 30.32705562 ], [ 76.70258141, 30.32691446 ], [ 76.70337769, 30.32647671 ], [ 76.70413295, 30.32614951 ], [ 76.7048868, 30.32593061 ], [ 76.70549752, 30.32592052 ], [ 76.70626669, 30.3258908 ], [ 76.70681917, 30.32587413 ], [ 76.70756031, 30.32585293 ], [ 76.70795809, 30.32584243 ], [ 76.70913069, 30.32581482 ], [ 76.70991415, 30.32584344 ], [ 76.71021193, 30.32585573 ], [ 76.71085956, 30.32584838 ], [ 76.71120415, 30.32614286 ], [ 76.71132699, 30.32683169 ], [ 76.71146562, 30.32753394 ], [ 76.71155221, 30.32780825 ], [ 76.71186457, 30.32825181 ], [ 76.71217945, 30.32891642 ], [ 76.71251842, 30.32942733 ], [ 76.71294273, 30.33009543 ], [ 76.71320342, 30.33057555 ], [ 76.71346585, 30.33100446 ], [ 76.71368475, 30.33136498 ], [ 76.71382493, 30.33160109 ], [ 76.71396783, 30.3318447 ], [ 76.7144134, 30.33255765 ], [ 76.71464992, 30.33318238 ], [ 76.71484274, 30.33364043 ], [ 76.71499318, 30.3340359 ], [ 76.71511292, 30.33444085 ], [ 76.7152763, 30.33485388 ], [ 76.71547541, 30.33518149 ], [ 76.71587332, 30.33564265 ], [ 76.71610692, 30.3358192 ], [ 76.71636946, 30.33606952 ], [ 76.71691788, 30.33588659 ], [ 76.71822766, 30.33531734 ], [ 76.71925676, 30.33487008 ], [ 76.72044175, 30.33430999 ], [ 76.72104984, 30.33401636 ], [ 76.72182408, 30.33354216 ], [ 76.72233238, 30.33337196 ], [ 76.72246303, 30.33373889 ], [ 76.72299139, 30.33433268 ], [ 76.72319669, 30.33455021 ], [ 76.72358985, 30.33464046 ], [ 76.723906, 30.33487729 ], [ 76.72412285, 30.33516838 ], [ 76.72433682, 30.33543562 ], [ 76.72462433, 30.33576353 ], [ 76.72492086, 30.33595922 ], [ 76.72522248, 30.3356957 ], [ 76.72572399, 30.33596969 ], [ 76.72619246, 30.3362408 ], [ 76.72658385, 30.33619863 ], [ 76.72692906, 30.33650284 ], [ 76.7272837, 30.33677799 ], [ 76.72755247, 30.33701069 ], [ 76.72790122, 30.33729911 ], [ 76.72865068, 30.33793901 ], [ 76.72897842, 30.33818473 ], [ 76.72966676, 30.33895561 ], [ 76.72935925, 30.33929597 ], [ 76.72873939, 30.33978171 ], [ 76.72770206, 30.34073616 ], [ 76.72736443, 30.34111528 ], [ 76.72756753, 30.34144887 ], [ 76.72824417, 30.34205721 ], [ 76.72865573, 30.34237451 ], [ 76.72895717, 30.34260692 ], [ 76.72923186, 30.34284871 ], [ 76.72935319, 30.34329666 ], [ 76.72947313, 30.34368445 ], [ 76.7296764, 30.34406312 ], [ 76.7298606, 30.3443222 ], [ 76.73018079, 30.34478539 ], [ 76.73036385, 30.34503683 ], [ 76.73086734, 30.34587236 ], [ 76.73123927, 30.34623262 ], [ 76.7314368, 30.34660548 ], [ 76.7312695, 30.34708999 ], [ 76.73158845, 30.3473812 ], [ 76.73194588, 30.347706 ], [ 76.7321975, 30.34797151 ], [ 76.7326075, 30.34837518 ], [ 76.73305571, 30.34803394 ], [ 76.73365322, 30.34754179 ], [ 76.73459904, 30.34700882 ], [ 76.73492644, 30.3467875 ], [ 76.73547237, 30.34670593 ], [ 76.73585439, 30.34651187 ], [ 76.73679812, 30.34641606 ], [ 76.73715809, 30.34640191 ], [ 76.73769248, 30.34635218 ], [ 76.7384985, 30.34639875 ], [ 76.73891496, 30.34667585 ], [ 76.73951356, 30.34708897 ], [ 76.74002848, 30.34730177 ], [ 76.74048632, 30.34749084 ], [ 76.74122978, 30.34782345 ], [ 76.74166236, 30.3480581 ], [ 76.74198491, 30.34823851 ], [ 76.74256113, 30.34866231 ], [ 76.74282823, 30.34893206 ], [ 76.74307809, 30.34913926 ], [ 76.7433919, 30.34932623 ], [ 76.74384175, 30.34946738 ], [ 76.74457124, 30.34957541 ], [ 76.74489862, 30.3494533 ], [ 76.74539172, 30.34923215 ], [ 76.74582493, 30.34940025 ], [ 76.74605724, 30.34970575 ], [ 76.74575737, 30.34997119 ], [ 76.74533651, 30.35030085 ], [ 76.74528234, 30.35059295 ], [ 76.74574827, 30.3510492 ], [ 76.74607964, 30.35125858 ], [ 76.74659811, 30.35152359 ], [ 76.74694527, 30.35170654 ], [ 76.74739284, 30.35198126 ], [ 76.74778783, 30.35222947 ], [ 76.74807427, 30.35241341 ], [ 76.74843575, 30.35246948 ], [ 76.74873246, 30.35218132 ], [ 76.74876262, 30.35748976 ], [ 76.74868494, 30.35786533 ], [ 76.74870374, 30.35813429 ], [ 76.74871021, 30.35863477 ], [ 76.7487299, 30.35895924 ], [ 76.74879745, 30.36100154 ], [ 76.74876233, 30.36158825 ], [ 76.74872132, 30.36238231 ], [ 76.74858804, 30.36294498 ], [ 76.74828341, 30.36353186 ], [ 76.74796271, 30.36388 ], [ 76.74770571, 30.36431767 ], [ 76.7473392, 30.36495249 ], [ 76.74675534, 30.36607647 ], [ 76.74649658, 30.36632379 ], [ 76.74630897, 30.36657229 ], [ 76.74611541, 30.36688537 ], [ 76.74607308, 30.36724201 ], [ 76.7457055, 30.36751014 ], [ 76.74547514, 30.36779616 ], [ 76.74506402, 30.36789703 ], [ 76.74446881, 30.36790082 ], [ 76.74412454, 30.36791942 ], [ 76.74383954, 30.36805474 ], [ 76.74344882, 30.36818743 ], [ 76.74302601, 30.3683668 ], [ 76.74272023, 30.36838098 ], [ 76.74242006, 30.36843486 ], [ 76.74210297, 30.36858405 ], [ 76.74177545, 30.36879632 ], [ 76.74146882, 30.36894087 ], [ 76.74103565, 30.36899589 ], [ 76.74044785, 30.36906658 ], [ 76.7400359, 30.36918167 ], [ 76.73957075, 30.36938005 ], [ 76.73913399, 30.36955189 ], [ 76.73824413, 30.36990819 ], [ 76.7381955, 30.37028879 ], [ 76.73785485, 30.37046132 ], [ 76.73753564, 30.37046621 ], [ 76.73733508, 30.37026151 ], [ 76.73695867, 30.36981836 ], [ 76.73669446, 30.36951343 ], [ 76.73647584, 30.36932413 ], [ 76.73610085, 30.36896924 ], [ 76.73567599, 30.36843517 ], [ 76.73337893, 30.36887816 ], [ 76.73309386, 30.36848354 ], [ 76.73288116, 30.3682038 ], [ 76.73254699, 30.3678391 ], [ 76.73204711, 30.36733881 ], [ 76.73171373, 30.3668745 ], [ 76.73114347, 30.36625385 ], [ 76.73051093, 30.36569836 ], [ 76.73004718, 30.36520057 ], [ 76.7295321, 30.36472039 ], [ 76.72891272, 30.36432402 ], [ 76.72829847, 30.36384638 ], [ 76.72763195, 30.36342933 ], [ 76.72702837, 30.3629408 ], [ 76.72661325, 30.36259172 ], [ 76.72608365, 30.36215249 ], [ 76.72553873, 30.36184808 ], [ 76.72492869, 30.36185883 ], [ 76.72448962, 30.36210198 ], [ 76.72377946, 30.36227629 ], [ 76.72304705, 30.36235066 ], [ 76.72285901, 30.3627381 ], [ 76.72286873, 30.36310099 ], [ 76.72253444, 30.36326657 ], [ 76.72211647, 30.36341587 ], [ 76.72175679, 30.36360679 ], [ 76.72115346, 30.36360714 ], [ 76.72085521, 30.36356793 ], [ 76.72052216, 30.36341937 ], [ 76.72020486, 30.36329326 ], [ 76.71987817, 30.36348888 ], [ 76.71987613, 30.36379574 ], [ 76.7199398, 30.3641063 ], [ 76.71977706, 30.36462198 ], [ 76.71955858, 30.36544925 ], [ 76.71913681, 30.36624193 ], [ 76.71897328, 30.36656596 ], [ 76.71952693, 30.36683269 ], [ 76.71981365, 30.36701809 ], [ 76.72007339, 30.36720837 ], [ 76.72051734, 30.36750732 ], [ 76.72088812, 30.36779547 ], [ 76.7210193, 30.36816594 ], [ 76.72127096, 30.36846385 ], [ 76.72155026, 30.36884085 ], [ 76.72183671, 30.36920267 ], [ 76.72210482, 30.3696422 ], [ 76.72232718, 30.3701677 ], [ 76.72256148, 30.37058939 ], [ 76.72289181, 30.3709957 ], [ 76.72320569, 30.37136356 ], [ 76.72340744, 30.37168638 ], [ 76.72366076, 30.37205434 ], [ 76.72388769, 30.37223655 ], [ 76.72424832, 30.37249544 ], [ 76.72478489, 30.37309871 ], [ 76.72534313, 30.37362391 ], [ 76.72565614, 30.37389737 ], [ 76.72649869, 30.37457389 ], [ 76.72686448, 30.37492711 ], [ 76.72721405, 30.37508069 ], [ 76.72747026, 30.37526822 ], [ 76.72770726, 30.37544277 ], [ 76.7282594, 30.37611887 ], [ 76.72848884, 30.37660129 ], [ 76.72874109, 30.37679665 ], [ 76.7291764, 30.37700989 ], [ 76.7296862, 30.37747984 ], [ 76.72999882, 30.37794418 ], [ 76.73018637, 30.37827779 ], [ 76.73054505, 30.3787649 ], [ 76.73089493, 30.37921087 ], [ 76.73117609, 30.37980184 ], [ 76.73072981, 30.3804468 ], [ 76.73048552, 30.38078892 ], [ 76.73007885, 30.38137568 ], [ 76.729878, 30.38172843 ], [ 76.72947232, 30.38229368 ], [ 76.72867144, 30.38202703 ], [ 76.72792005, 30.38184024 ], [ 76.72756828, 30.3817528 ], [ 76.72706343, 30.38152317 ], [ 76.72610006, 30.38112838 ], [ 76.7255282, 30.38092904 ], [ 76.72516546, 30.38077091 ], [ 76.72484639, 30.38063183 ], [ 76.72346199, 30.38004209 ], [ 76.72219231, 30.37956045 ], [ 76.72108971, 30.37916512 ], [ 76.72028873, 30.37882965 ], [ 76.71982219, 30.37867062 ], [ 76.71948014, 30.378817 ], [ 76.71896481, 30.3792141 ], [ 76.71829925, 30.37967133 ], [ 76.71762739, 30.38012157 ], [ 76.71825983, 30.3806819 ], [ 76.71861304, 30.38126263 ], [ 76.7186327, 30.38207856 ], [ 76.71862327, 30.38249852 ], [ 76.71842232, 30.38287661 ], [ 76.7177307, 30.38331608 ], [ 76.71728401, 30.38369822 ], [ 76.71753752, 30.38404016 ], [ 76.71726185, 30.38431703 ], [ 76.7167342, 30.38456476 ], [ 76.71640807, 30.38501313 ], [ 76.71618925, 30.38525221 ], [ 76.71573682, 30.38550515 ], [ 76.71537755, 30.38572909 ], [ 76.71534053, 30.38608782 ], [ 76.7149628, 30.38639876 ], [ 76.71425471, 30.38696098 ], [ 76.71416176, 30.38720755 ], [ 76.71356709, 30.38781949 ], [ 76.71342571, 30.38815222 ], [ 76.71353484, 30.38862301 ], [ 76.71357443, 30.38925805 ], [ 76.71378716, 30.39004522 ], [ 76.71342461, 30.3901794 ], [ 76.7128831, 30.39035579 ], [ 76.7132343, 30.3907719 ], [ 76.71356759, 30.39121226 ], [ 76.71400523, 30.39210463 ], [ 76.71416978, 30.39321202 ], [ 76.71434242, 30.39405142 ], [ 76.71443411, 30.39450404 ], [ 76.71450155, 30.39484151 ], [ 76.71469096, 30.39580937 ], [ 76.71486941, 30.39677277 ], [ 76.7151071, 30.3975943 ], [ 76.71516065, 30.39812075 ], [ 76.71522403, 30.399149 ], [ 76.71517772, 30.39981172 ], [ 76.71515085, 30.40017501 ], [ 76.71489146, 30.40107038 ], [ 76.71449643, 30.40153401 ], [ 76.71411427, 30.40176307 ], [ 76.71419246, 30.40219072 ], [ 76.71451193, 30.4024667 ], [ 76.715181, 30.4028717 ], [ 76.71642744, 30.4021083 ], [ 76.71777563, 30.40137078 ], [ 76.71969992, 30.40038166 ], [ 76.72084398, 30.39982154 ], [ 76.72138155, 30.39962768 ], [ 76.72176961, 30.39923676 ], [ 76.7222477, 30.39915276 ], [ 76.72285741, 30.39969367 ], [ 76.72321164, 30.40004531 ], [ 76.72406589, 30.40093313 ], [ 76.72485157, 30.40188957 ], [ 76.72525293, 30.40224572 ], [ 76.72578159, 30.40205339 ], [ 76.72673039, 30.40141375 ], [ 76.72758832, 30.40083118 ], [ 76.72821139, 30.40041635 ], [ 76.72889443, 30.40093839 ], [ 76.72948282, 30.4013213 ], [ 76.73000366, 30.40180799 ], [ 76.73060773, 30.40242079 ], [ 76.73131089, 30.40290294 ], [ 76.73177442, 30.40330846 ], [ 76.73221635, 30.40366171 ], [ 76.73277201, 30.40409461 ], [ 76.73334693, 30.40438961 ], [ 76.73363474, 30.40459366 ], [ 76.73403953, 30.40488065 ], [ 76.73429811, 30.40505016 ], [ 76.73463202, 30.40528723 ], [ 76.73496412, 30.40553174 ], [ 76.73570941, 30.40610469 ], [ 76.73620614, 30.40658826 ], [ 76.73691136, 30.40731858 ], [ 76.73731719, 30.40769369 ], [ 76.73771174, 30.40814751 ], [ 76.73791821, 30.40834362 ], [ 76.73820842, 30.40890922 ], [ 76.73874896, 30.4096124 ], [ 76.73932749, 30.41044631 ], [ 76.73978147, 30.41108913 ], [ 76.7400313, 30.41155072 ], [ 76.73996866, 30.41206206 ], [ 76.73952714, 30.41205632 ], [ 76.73920061, 30.41224086 ], [ 76.73876303, 30.41281464 ], [ 76.73834243, 30.41356824 ], [ 76.73742816, 30.41493561 ], [ 76.7365242, 30.41627146 ], [ 76.73553245, 30.41820271 ], [ 76.73512042, 30.41928519 ], [ 76.73567472, 30.4197992 ], [ 76.73593427, 30.42000931 ], [ 76.73624249, 30.42025882 ], [ 76.73736257, 30.42123204 ], [ 76.7380163, 30.42188364 ], [ 76.73828482, 30.42215128 ], [ 76.73968092, 30.42338586 ], [ 76.74032161, 30.42382278 ], [ 76.74104036, 30.42429574 ], [ 76.74104095, 30.42475576 ], [ 76.74102652, 30.42573903 ], [ 76.74103731, 30.42626034 ], [ 76.74139685, 30.4264152 ], [ 76.74188463, 30.42659706 ], [ 76.74257876, 30.42687421 ], [ 76.74324657, 30.4271355 ], [ 76.74377492, 30.42723446 ], [ 76.74412341, 30.42734119 ], [ 76.74441674, 30.42743183 ], [ 76.74495242, 30.42761279 ], [ 76.7454506, 30.42777934 ], [ 76.74599585, 30.42795235 ], [ 76.74684345, 30.42855713 ], [ 76.74751325, 30.42891445 ], [ 76.74827852, 30.42889961 ], [ 76.7488471, 30.42920869 ], [ 76.74960576, 30.42896288 ], [ 76.75133134, 30.42839546 ], [ 76.75299069, 30.42784982 ], [ 76.75340883, 30.42812599 ], [ 76.75375958, 30.42823482 ], [ 76.75417561, 30.42824289 ], [ 76.75459383, 30.4281345 ], [ 76.75495474, 30.42796794 ], [ 76.75534206, 30.42790624 ], [ 76.75577272, 30.42798677 ], [ 76.75627817, 30.42826681 ], [ 76.75661404, 30.42827609 ], [ 76.75706682, 30.42801655 ], [ 76.75731462, 30.42781559 ], [ 76.75760298, 30.42767663 ], [ 76.75796508, 30.42837213 ], [ 76.75840993, 30.42871101 ], [ 76.75870694, 30.42865757 ], [ 76.75903773, 30.42852567 ], [ 76.75978316, 30.42831022 ], [ 76.7602327, 30.42826117 ], [ 76.76146904, 30.42825074 ], [ 76.7623867, 30.42897391 ], [ 76.76279407, 30.42889347 ], [ 76.76345212, 30.42917125 ], [ 76.76445736, 30.42960973 ], [ 76.76648615, 30.43046979 ], [ 76.76711515, 30.4306899 ], [ 76.76766247, 30.43069434 ], [ 76.76887419, 30.43088488 ], [ 76.76951988, 30.431401 ], [ 76.77026617, 30.43211519 ], [ 76.77083884, 30.43277987 ], [ 76.77195514, 30.43408198 ], [ 76.77266042, 30.43529064 ], [ 76.77283545, 30.43565186 ], [ 76.77304781, 30.43631505 ], [ 76.77366269, 30.43725227 ], [ 76.77407591, 30.43788293 ], [ 76.77451947, 30.43850338 ], [ 76.77460612, 30.43916647 ], [ 76.77515615, 30.44007005 ], [ 76.7754108, 30.44039634 ], [ 76.77631547, 30.44133572 ], [ 76.77712664, 30.44117793 ], [ 76.77754634, 30.44110759 ], [ 76.77851156, 30.44070946 ], [ 76.77901183, 30.44052705 ], [ 76.77942366, 30.44038961 ], [ 76.77986598, 30.44011653 ], [ 76.7804682, 30.43977141 ], [ 76.78079606, 30.43958353 ], [ 76.78120546, 30.43935199 ], [ 76.78151128, 30.43917781 ], [ 76.78191308, 30.43896754 ], [ 76.78223147, 30.43880597 ], [ 76.78258017, 30.43863129 ], [ 76.78339778, 30.43818282 ], [ 76.78379561, 30.43804165 ], [ 76.78406786, 30.437791 ], [ 76.78416762, 30.4374227 ], [ 76.78415929, 30.43701069 ], [ 76.78445326, 30.43670092 ], [ 76.78482571, 30.43619142 ], [ 76.7850583, 30.43598601 ], [ 76.78561682, 30.4356604 ], [ 76.78596831, 30.4352954 ], [ 76.78650072, 30.43465707 ], [ 76.78672695, 30.43438583 ], [ 76.78757657, 30.43351134 ], [ 76.78730692, 30.43304067 ], [ 76.78664543, 30.43255326 ], [ 76.78590773, 30.43203351 ], [ 76.78488189, 30.43175835 ], [ 76.78395097, 30.4315971 ], [ 76.78332044, 30.4314816 ], [ 76.78259027, 30.43088089 ], [ 76.78127838, 30.43003056 ], [ 76.78024004, 30.42949565 ], [ 76.77979983, 30.42901313 ], [ 76.77880175, 30.42785528 ], [ 76.77847453, 30.42708693 ], [ 76.77829825, 30.42680227 ], [ 76.77774995, 30.42615846 ], [ 76.77762795, 30.4258389 ], [ 76.77748465, 30.42535457 ], [ 76.77733134, 30.42483639 ], [ 76.77794794, 30.42450007 ], [ 76.77953222, 30.42363355 ], [ 76.78044434, 30.42306728 ], [ 76.78082851, 30.42277444 ], [ 76.78128851, 30.42239422 ], [ 76.7818206, 30.42189475 ], [ 76.78227603, 30.42163376 ], [ 76.78254907, 30.42119276 ], [ 76.78441689, 30.41954021 ], [ 76.78466072, 30.4193308 ], [ 76.7859188, 30.41843837 ], [ 76.78667575, 30.41784386 ], [ 76.78795559, 30.41683865 ], [ 76.78856392, 30.41621641 ], [ 76.78867519, 30.41585704 ], [ 76.78898724, 30.41549618 ], [ 76.78960881, 30.41501982 ], [ 76.78990693, 30.41485376 ], [ 76.79031519, 30.41468141 ], [ 76.79104775, 30.41528688 ], [ 76.79126673, 30.41547209 ], [ 76.79201113, 30.41610171 ], [ 76.79259876, 30.41659871 ], [ 76.79396809, 30.41775684 ], [ 76.79451988, 30.41821376 ], [ 76.79512078, 30.41871133 ], [ 76.79569198, 30.41837536 ], [ 76.79606605, 30.41815175 ], [ 76.79651753, 30.41798144 ], [ 76.79698034, 30.41789827 ], [ 76.79777688, 30.41740647 ], [ 76.79880658, 30.41668758 ], [ 76.79926958, 30.41660449 ], [ 76.80003523, 30.41613294 ], [ 76.80201966, 30.41453132 ], [ 76.80238071, 30.41413254 ], [ 76.80282337, 30.41364365 ], [ 76.803879, 30.41258099 ], [ 76.80530254, 30.41347047 ], [ 76.80860278, 30.41532387 ], [ 76.81045027, 30.41621004 ], [ 76.81121377, 30.41636712 ], [ 76.81200534, 30.41581188 ], [ 76.81364263, 30.41469791 ], [ 76.81392005, 30.41450916 ], [ 76.81448999, 30.41413149 ], [ 76.81521323, 30.41365223 ], [ 76.81579929, 30.41325884 ], [ 76.81611743, 30.41311027 ], [ 76.81657961, 30.41286545 ], [ 76.8171088, 30.4126608 ], [ 76.81816289, 30.41223633 ], [ 76.8193042, 30.4119219 ], [ 76.81963416, 30.41182875 ], [ 76.82029892, 30.41175182 ], [ 76.82183889, 30.41165209 ], [ 76.82246994, 30.41166114 ], [ 76.82298994, 30.41164835 ], [ 76.82338057, 30.41160462 ], [ 76.8247565, 30.41233627 ], [ 76.8254458, 30.41273879 ], [ 76.82582508, 30.41304485 ], [ 76.82621104, 30.41311474 ], [ 76.82740613, 30.41383424 ], [ 76.82884946, 30.4148895 ], [ 76.82969719, 30.4157039 ], [ 76.83033798, 30.41627744 ], [ 76.83097876, 30.41702598 ], [ 76.83117784, 30.41724741 ], [ 76.83196274, 30.41812043 ], [ 76.83215734, 30.41851439 ], [ 76.83184096, 30.4190711 ], [ 76.83222946, 30.41951872 ], [ 76.8333903, 30.42029156 ], [ 76.83410862, 30.42096582 ], [ 76.83461652, 30.42169682 ], [ 76.83509077, 30.42238404 ], [ 76.83528256, 30.42268612 ], [ 76.83616571, 30.42357485 ], [ 76.83661895, 30.42394523 ], [ 76.83818955, 30.42522528 ], [ 76.83903773, 30.42589095 ], [ 76.83928843, 30.42611858 ], [ 76.83849691, 30.42683599 ], [ 76.83820235, 30.42710234 ], [ 76.83784746, 30.42742323 ], [ 76.83735911, 30.42805821 ], [ 76.8374703, 30.42838978 ], [ 76.83709829, 30.42872303 ], [ 76.83675217, 30.42903452 ], [ 76.83649063, 30.42933126 ], [ 76.83624024, 30.42969636 ], [ 76.83658904, 30.43022463 ], [ 76.83703968, 30.43051999 ], [ 76.8378325, 30.43170346 ], [ 76.83813217, 30.43198271 ], [ 76.83880132, 30.43235943 ], [ 76.8390836, 30.43251835 ], [ 76.83959238, 30.43280575 ], [ 76.84093611, 30.43359438 ], [ 76.84137485, 30.43389545 ], [ 76.84177794, 30.43423521 ], [ 76.84207311, 30.43448402 ], [ 76.8423994, 30.43481293 ], [ 76.84261197, 30.43510031 ], [ 76.84287895, 30.43607844 ], [ 76.84316045, 30.43672951 ], [ 76.84376354, 30.43743299 ], [ 76.84404676, 30.43754412 ], [ 76.8443174, 30.43765467 ], [ 76.84466912, 30.43776231 ], [ 76.84537084, 30.43783787 ], [ 76.8459919, 30.43793589 ], [ 76.84636717, 30.43799595 ], [ 76.84677183, 30.43813157 ], [ 76.84702469, 30.43797202 ], [ 76.84756777, 30.43761878 ], [ 76.84909994, 30.43662222 ], [ 76.85001636, 30.43599566 ], [ 76.85102065, 30.435309 ], [ 76.85046718, 30.43434702 ], [ 76.85112006, 30.43390115 ], [ 76.85170005, 30.43350505 ], [ 76.85101836, 30.43231901 ], [ 76.85185062, 30.43137716 ], [ 76.85185364, 30.43087502 ], [ 76.85183619, 30.43045702 ], [ 76.85250425, 30.42969133 ], [ 76.8525119, 30.42934344 ], [ 76.85258012, 30.42874835 ], [ 76.85287526, 30.42841538 ], [ 76.85282232, 30.42784013 ], [ 76.85287196, 30.42748 ], [ 76.8532979, 30.42705484 ], [ 76.85349236, 30.42685361 ], [ 76.85349377, 30.42654385 ], [ 76.85391575, 30.42600252 ], [ 76.85427606, 30.42563809 ], [ 76.85432952, 30.42538183 ], [ 76.85409901, 30.42504293 ], [ 76.85451054, 30.4244732 ], [ 76.85487995, 30.42391999 ], [ 76.85461059, 30.42317447 ], [ 76.85487463, 30.42262223 ], [ 76.85502622, 30.42231155 ], [ 76.85495789, 30.42201038 ], [ 76.85515006, 30.42173389 ], [ 76.85511975, 30.42073446 ], [ 76.85540848, 30.42052558 ], [ 76.85578646, 30.42022694 ], [ 76.85573107, 30.41989515 ], [ 76.85550371, 30.41943003 ], [ 76.85589053, 30.41920471 ], [ 76.85632479, 30.41887 ], [ 76.8562693, 30.4185484 ], [ 76.85595907, 30.41791788 ], [ 76.85615033, 30.41767215 ], [ 76.85641908, 30.41746711 ], [ 76.85729118, 30.41695782 ], [ 76.85770126, 30.41680531 ], [ 76.85837052, 30.41657289 ], [ 76.85904432, 30.41632368 ], [ 76.86026513, 30.4159754 ], [ 76.86110266, 30.41574987 ], [ 76.86141708, 30.41566318 ], [ 76.86226232, 30.41540875 ], [ 76.86329647, 30.41504066 ], [ 76.86417972, 30.41483424 ], [ 76.86513254, 30.41458041 ], [ 76.86576406, 30.41442491 ], [ 76.86612188, 30.41442037 ], [ 76.86716605, 30.41427835 ], [ 76.86800758, 30.41409344 ], [ 76.86828547, 30.41399026 ], [ 76.86856335, 30.41379235 ], [ 76.86882146, 30.41355136 ], [ 76.87005196, 30.4124874 ], [ 76.87047685, 30.41213696 ], [ 76.87117511, 30.41162694 ], [ 76.8714505, 30.4114645 ], [ 76.87271811, 30.41081744 ], [ 76.87325641, 30.41074333 ], [ 76.87372759, 30.41074142 ], [ 76.87405997, 30.4104515 ], [ 76.8741691, 30.41016344 ], [ 76.87455597, 30.40953759 ], [ 76.87632016, 30.40956486 ], [ 76.87767638, 30.40976583 ], [ 76.87853222, 30.40969705 ], [ 76.87897785, 30.40962867 ], [ 76.87961555, 30.40953832 ], [ 76.88091241, 30.40940525 ], [ 76.8815449, 30.40929278 ], [ 76.881886, 30.40921708 ], [ 76.88248874, 30.40903052 ], [ 76.88333352, 30.40867378 ], [ 76.88309117, 30.40834341 ], [ 76.88270877, 30.40796145 ], [ 76.88296452, 30.4077286 ], [ 76.88277632, 30.40728614 ], [ 76.88224666, 30.4067822 ], [ 76.8817968, 30.40635418 ], [ 76.88134155, 30.40591028 ], [ 76.88171263, 30.40570922 ], [ 76.88328812, 30.40493571 ], [ 76.88424907, 30.40432225 ], [ 76.88404039, 30.40386179 ], [ 76.88394274, 30.40348232 ], [ 76.88369453, 30.40293217 ], [ 76.88308878, 30.40215744 ], [ 76.88326529, 30.40191414 ], [ 76.88267242, 30.40139108 ], [ 76.88300527, 30.40115201 ], [ 76.8827293, 30.40085299 ], [ 76.88234243, 30.4005064 ], [ 76.88305681, 30.39911481 ], [ 76.88330157, 30.39864656 ], [ 76.8834956, 30.39837716 ], [ 76.88388102, 30.39765416 ], [ 76.88348221, 30.3972931 ], [ 76.8836029, 30.39701619 ], [ 76.88309302, 30.3965393 ], [ 76.88234063, 30.39585025 ], [ 76.88170227, 30.39515454 ], [ 76.88152812, 30.39474983 ], [ 76.88140182, 30.39448288 ], [ 76.88123528, 30.39425099 ], [ 76.88087806, 30.39388373 ], [ 76.88145523, 30.3934831 ], [ 76.88237218, 30.39286895 ], [ 76.88270581, 30.39258735 ], [ 76.88328674, 30.39217792 ], [ 76.88412036, 30.39273422 ], [ 76.8850891, 30.39365365 ], [ 76.88585331, 30.39429201 ], [ 76.88621988, 30.39409877 ], [ 76.88869278, 30.3922306 ], [ 76.89028665, 30.39090724 ], [ 76.89149018, 30.38981439 ], [ 76.89204871, 30.38932288 ], [ 76.8924667, 30.3889553 ], [ 76.89279417, 30.38863159 ], [ 76.89301698, 30.38840289 ], [ 76.89381979, 30.38778386 ], [ 76.89429108, 30.38764807 ], [ 76.89511693, 30.38691457 ], [ 76.89509845, 30.38661314 ], [ 76.89507658, 30.38600448 ], [ 76.89513754, 30.38524098 ], [ 76.89508387, 30.38476543 ], [ 76.89550205, 30.38437345 ], [ 76.89593606, 30.38383255 ], [ 76.89634299, 30.383424 ], [ 76.89692496, 30.38313893 ], [ 76.89743529, 30.38280495 ], [ 76.89795088, 30.38215048 ], [ 76.89770878, 30.3818637 ], [ 76.89681447, 30.38080435 ], [ 76.89662376, 30.38057844 ], [ 76.89643552, 30.38035595 ], [ 76.89617797, 30.38005376 ], [ 76.89501324, 30.37868719 ], [ 76.89410218, 30.37732166 ], [ 76.89383018, 30.3769007 ], [ 76.893238, 30.37587383 ], [ 76.89273017, 30.374929 ], [ 76.89235653, 30.37470855 ], [ 76.89176991, 30.37436244 ], [ 76.89151409, 30.37405441 ], [ 76.89135775, 30.37382025 ], [ 76.89111986, 30.37338454 ], [ 76.89095577, 30.37305636 ], [ 76.89063409, 30.37226154 ], [ 76.89076655, 30.37191777 ], [ 76.89071284, 30.37149086 ], [ 76.89089006, 30.37113359 ], [ 76.89086153, 30.3703694 ], [ 76.89068842, 30.37000342 ], [ 76.89030208, 30.36947368 ], [ 76.89070805, 30.3692023 ], [ 76.89096372, 30.36891878 ], [ 76.89138285, 30.36839337 ], [ 76.89160788, 30.36810821 ], [ 76.89215682, 30.36734107 ], [ 76.89254011, 30.36707777 ], [ 76.8927967, 30.36676121 ], [ 76.89302396, 30.36630513 ], [ 76.89325104, 30.36557792 ], [ 76.89340655, 30.36527112 ], [ 76.89359967, 30.3650461 ], [ 76.89385004, 30.36483871 ], [ 76.89414188, 30.36403848 ], [ 76.89454167, 30.3639192 ], [ 76.89492199, 30.36363061 ], [ 76.89543951, 30.36310531 ], [ 76.89560079, 30.36250587 ], [ 76.89583766, 30.36175332 ], [ 76.89601393, 30.36082139 ], [ 76.89621046, 30.36002948 ], [ 76.89653829, 30.35971871 ], [ 76.89698608, 30.35951233 ], [ 76.89751396, 30.3593519 ], [ 76.89801653, 30.35992397 ], [ 76.89863418, 30.36043166 ], [ 76.89886565, 30.3606156 ], [ 76.8994901, 30.36106983 ], [ 76.89992918, 30.36141537 ], [ 76.9003429, 30.36163404 ], [ 76.9008375, 30.36186139 ], [ 76.90145813, 30.36207559 ], [ 76.90183042, 30.36238518 ], [ 76.90239659, 30.36246027 ], [ 76.9033503, 30.36262623 ], [ 76.90453084, 30.36270899 ], [ 76.90500273, 30.36247145 ], [ 76.90536326, 30.36217453 ], [ 76.90577636, 30.36184464 ], [ 76.90603081, 30.36217303 ], [ 76.90635717, 30.36261657 ], [ 76.90692251, 30.36312818 ], [ 76.90752524, 30.36341542 ], [ 76.90947048, 30.36346416 ], [ 76.91025757, 30.36355576 ], [ 76.91098557, 30.36371218 ], [ 76.91276562, 30.36450416 ], [ 76.91385229, 30.36488319 ], [ 76.9148899, 30.36501507 ], [ 76.9151928, 30.3650981 ], [ 76.91556118, 30.36525543 ], [ 76.91592945, 30.3657593 ], [ 76.91661156, 30.36688249 ], [ 76.91638969, 30.36706199 ], [ 76.91761647, 30.36817271 ], [ 76.91738446, 30.36845726 ], [ 76.91851563, 30.3698436 ], [ 76.91879024, 30.37019734 ], [ 76.91951047, 30.3711251 ], [ 76.91973278, 30.37160189 ], [ 76.92009155, 30.37236739 ], [ 76.92032398, 30.37294039 ], [ 76.92064208, 30.37329902 ], [ 76.9208495, 30.37408642 ], [ 76.92119563, 30.37470537 ], [ 76.92168774, 30.37492611 ], [ 76.92530228, 30.37699372 ], [ 76.92802829, 30.37845786 ], [ 76.92876555, 30.37911372 ], [ 76.92896797, 30.3793364 ], [ 76.92962424, 30.38005834 ], [ 76.9305586, 30.3810641 ], [ 76.93084798, 30.38125782 ], [ 76.9313761, 30.38127724 ], [ 76.93212253, 30.38193008 ], [ 76.93263837, 30.38175854 ], [ 76.93306724, 30.3817189 ], [ 76.93376448, 30.38258035 ], [ 76.93434526, 30.38304814 ], [ 76.93477456, 30.38344166 ], [ 76.93533031, 30.38416327 ], [ 76.93585565, 30.38471422 ], [ 76.93672969, 30.3858031 ], [ 76.93753823, 30.38701025 ], [ 76.9378871, 30.38770564 ], [ 76.93807954, 30.38841435 ], [ 76.938262, 30.38920188 ], [ 76.9386057, 30.39016748 ], [ 76.93916795, 30.39194463 ], [ 76.93927095, 30.39254067 ], [ 76.93936075, 30.39306033 ], [ 76.93939692, 30.3939529 ], [ 76.93942605, 30.39478561 ], [ 76.93867637, 30.39529672 ], [ 76.93800035, 30.39561663 ], [ 76.93731919, 30.3959146 ], [ 76.9362245, 30.39666798 ], [ 76.9351401, 30.39767941 ], [ 76.93420216, 30.39873455 ], [ 76.93323377, 30.39962343 ], [ 76.93266366, 30.40000886 ], [ 76.93190177, 30.40050379 ], [ 76.93136698, 30.40079726 ], [ 76.93100263, 30.40090805 ], [ 76.92977704, 30.40095578 ], [ 76.92843928, 30.40095656 ], [ 76.92793955, 30.40089555 ], [ 76.92720749, 30.40079101 ], [ 76.92670257, 30.40065125 ], [ 76.92634156, 30.4005158 ], [ 76.92574858, 30.40073931 ], [ 76.92523611, 30.40056015 ], [ 76.92481777, 30.40028838 ], [ 76.92439243, 30.40019895 ], [ 76.92414957, 30.40004446 ], [ 76.9238298, 30.39996142 ], [ 76.92331815, 30.39977575 ], [ 76.92274352, 30.39989126 ], [ 76.92214881, 30.39988358 ], [ 76.92132633, 30.40030991 ], [ 76.92091223, 30.4001249 ], [ 76.91987194, 30.39936839 ], [ 76.91920777, 30.39882668 ], [ 76.91860499, 30.39823352 ], [ 76.91833647, 30.39800393 ], [ 76.91778073, 30.39817656 ], [ 76.91719084, 30.39836323 ], [ 76.91675837, 30.39850558 ], [ 76.91636584, 30.39863479 ], [ 76.91579284, 30.39875768 ], [ 76.91523274, 30.3988708 ], [ 76.9148592, 30.39894624 ], [ 76.91390013, 30.39904297 ], [ 76.91299161, 30.39930589 ], [ 76.91196212, 30.39973071 ], [ 76.91118987, 30.39991043 ], [ 76.91154337, 30.40015535 ], [ 76.91201669, 30.40064648 ], [ 76.91229428, 30.40098445 ], [ 76.91261925, 30.4013801 ], [ 76.9133429, 30.40231511 ], [ 76.91349834, 30.4026706 ], [ 76.91440248, 30.4035672 ], [ 76.91565495, 30.40447681 ], [ 76.91641751, 30.40504538 ], [ 76.91752377, 30.40606877 ], [ 76.9179743, 30.40651313 ], [ 76.91673956, 30.40743544 ], [ 76.91710576, 30.40778861 ], [ 76.91776235, 30.40826967 ], [ 76.91704329, 30.40875902 ], [ 76.91723291, 30.40931687 ], [ 76.91652838, 30.40971515 ], [ 76.91688371, 30.41038242 ], [ 76.91721868, 30.41084438 ], [ 76.91707246, 30.41109683 ], [ 76.91651253, 30.41185627 ], [ 76.9165178, 30.41218664 ], [ 76.91642719, 30.41272932 ], [ 76.91605933, 30.41391537 ], [ 76.91580237, 30.41481688 ], [ 76.91495447, 30.41528988 ], [ 76.91452141, 30.41561084 ], [ 76.91419233, 30.41585474 ], [ 76.91346569, 30.41654644 ], [ 76.91264308, 30.41729942 ], [ 76.91190635, 30.41803929 ], [ 76.91162878, 30.41836464 ], [ 76.91181802, 30.41864222 ], [ 76.91155499, 30.41891707 ], [ 76.91121015, 30.41919916 ], [ 76.91472283, 30.42509231 ], [ 76.91353167, 30.42617374 ], [ 76.91297146, 30.42668161 ], [ 76.91220926, 30.42732518 ], [ 76.91182058, 30.4276667 ], [ 76.91132101, 30.42828397 ], [ 76.91094748, 30.42866482 ], [ 76.91018155, 30.42933467 ], [ 76.90974856, 30.42946615 ], [ 76.90857198, 30.42731533 ], [ 76.90733841, 30.42505541 ], [ 76.90182336, 30.42449405 ], [ 76.89863054, 30.42580225 ], [ 76.90401175, 30.43178215 ], [ 76.90618459, 30.43419664 ], [ 76.90656938, 30.43462421 ], [ 76.90651335, 30.4357431 ], [ 76.90612757, 30.4352382 ], [ 76.90533281, 30.43442848 ], [ 76.90501124, 30.43412366 ], [ 76.90468201, 30.43407631 ], [ 76.90420435, 30.43422164 ], [ 76.90351734, 30.43454859 ], [ 76.90298841, 30.43468983 ], [ 76.90253904, 30.43476019 ], [ 76.9020381, 30.43502126 ], [ 76.90133094, 30.43540009 ], [ 76.90097086, 30.43551293 ], [ 76.90051015, 30.43473699 ], [ 76.89815709, 30.43435087 ], [ 76.89736342, 30.43422063 ], [ 76.89746699, 30.43374671 ], [ 76.89797719, 30.43141221 ], [ 76.89490551, 30.4273284 ], [ 76.8912375, 30.42834328 ], [ 76.89052405, 30.42854066 ], [ 76.88750879, 30.42937484 ], [ 76.88641987, 30.42967608 ], [ 76.8892233, 30.43728567 ], [ 76.88964969, 30.43844302 ], [ 76.89031621, 30.44025202 ], [ 76.89060921, 30.44104722 ], [ 76.89099366, 30.44094087 ], [ 76.89159775, 30.44077375 ], [ 76.8960501, 30.43954201 ], [ 76.89697426, 30.44172086 ], [ 76.89556576, 30.44519144 ], [ 76.89521948, 30.44604465 ], [ 76.89685991, 30.44622793 ], [ 76.89885078, 30.44647039 ], [ 76.89921557, 30.44723169 ], [ 76.89974371, 30.44811268 ], [ 76.89981962, 30.4483696 ], [ 76.89957726, 30.44863604 ], [ 76.90058103, 30.45043343 ], [ 76.90081998, 30.45080287 ], [ 76.9014888, 30.45183695 ], [ 76.90199024, 30.4526656 ], [ 76.90211869, 30.45301156 ], [ 76.90217732, 30.4533427 ], [ 76.9025367, 30.45363754 ], [ 76.9028588, 30.4540776 ], [ 76.90361717, 30.45459213 ], [ 76.90431928, 30.45512434 ], [ 76.9048019, 30.45546019 ], [ 76.90516396, 30.45575962 ], [ 76.90557722, 30.45610642 ], [ 76.90604816, 30.45658696 ], [ 76.90637498, 30.45699353 ], [ 76.90643337, 30.45736926 ], [ 76.90659766, 30.45759898 ], [ 76.90687068, 30.45802784 ], [ 76.90709339, 30.45886588 ], [ 76.90735582, 30.45910604 ], [ 76.90736305, 30.45947103 ], [ 76.90749593, 30.46000203 ], [ 76.90785065, 30.46053905 ], [ 76.90810835, 30.46144707 ], [ 76.90865326, 30.4619442 ], [ 76.90937904, 30.46271354 ], [ 76.9108565, 30.46413124 ], [ 76.91149559, 30.46488749 ], [ 76.91180981, 30.46525932 ], [ 76.91226066, 30.46580246 ], [ 76.91199535, 30.46619506 ], [ 76.91197802, 30.46683191 ], [ 76.91245142, 30.46863496 ], [ 76.91181784, 30.46964626 ], [ 76.91109333, 30.47079111 ], [ 76.91065393, 30.47110645 ], [ 76.91029272, 30.47139768 ], [ 76.90870691, 30.4730308 ], [ 76.90814121, 30.47360442 ], [ 76.90734828, 30.4744276 ], [ 76.90619655, 30.47526397 ], [ 76.90528718, 30.47590775 ], [ 76.90398374, 30.47666972 ], [ 76.90285209, 30.47728722 ], [ 76.9020588, 30.47758953 ], [ 76.90098758, 30.47799026 ], [ 76.89985081, 30.47863181 ], [ 76.89866343, 30.47937191 ], [ 76.89792077, 30.48001114 ], [ 76.89731037, 30.4805751 ], [ 76.89694688, 30.48114939 ], [ 76.89769407, 30.48185389 ], [ 76.89812875, 30.48225213 ], [ 76.89855356, 30.48302236 ], [ 76.89860314, 30.48339944 ], [ 76.898291, 30.48370091 ], [ 76.89809906, 30.48413433 ], [ 76.89815291, 30.48488597 ], [ 76.89817526, 30.48519791 ], [ 76.89823264, 30.48547147 ], [ 76.89887372, 30.48555047 ], [ 76.89932427, 30.48639598 ], [ 76.89930804, 30.48682857 ], [ 76.89903737, 30.4870369 ], [ 76.89887415, 30.48740082 ], [ 76.89887004, 30.48794089 ], [ 76.898916, 30.48858122 ], [ 76.89897276, 30.48885981 ], [ 76.89959936, 30.48883177 ], [ 76.90029237, 30.48885325 ], [ 76.90059349, 30.48916547 ], [ 76.90058089, 30.48950598 ], [ 76.90083584, 30.48980922 ], [ 76.90183281, 30.49023333 ], [ 76.9023048, 30.49071669 ], [ 76.90310235, 30.49117719 ], [ 76.90336528, 30.49132115 ], [ 76.90378914, 30.49147148 ], [ 76.90423192, 30.49133785 ], [ 76.90457946, 30.49134225 ], [ 76.90490498, 30.49148267 ], [ 76.90524535, 30.49137631 ], [ 76.90572717, 30.49144393 ], [ 76.90625759, 30.49206952 ], [ 76.90658657, 30.49230569 ], [ 76.90744677, 30.49220757 ], [ 76.90782629, 30.49216094 ], [ 76.90825582, 30.49196542 ], [ 76.90858873, 30.49192503 ], [ 76.909029, 30.49216162 ], [ 76.90925603, 30.4924505 ], [ 76.90904792, 30.49280338 ], [ 76.90890106, 30.49317216 ], [ 76.90909944, 30.49344733 ], [ 76.90949284, 30.49349298 ], [ 76.9097958, 30.49350906 ], [ 76.91014183, 30.49379554 ], [ 76.91074191, 30.49431183 ], [ 76.91174188, 30.49392669 ], [ 76.91211811, 30.49376887 ], [ 76.91239034, 30.49363216 ], [ 76.91267359, 30.49348845 ], [ 76.91304965, 30.49338357 ], [ 76.91343667, 30.49319716 ], [ 76.91383777, 30.4927127 ], [ 76.91456858, 30.49215355 ], [ 76.91558606, 30.49145768 ], [ 76.91667996, 30.49069898 ], [ 76.91736301, 30.49022687 ], [ 76.91769078, 30.4900103 ], [ 76.91837006, 30.48968964 ], [ 76.91899905, 30.4895401 ], [ 76.91935963, 30.4897252 ], [ 76.91958391, 30.48990074 ], [ 76.91988332, 30.49013508 ], [ 76.92125349, 30.49140742 ], [ 76.92182415, 30.49196596 ], [ 76.9225411, 30.49288241 ], [ 76.92288826, 30.49321718 ], [ 76.92342358, 30.49373339 ], [ 76.92456208, 30.49485126 ], [ 76.92545391, 30.49572692 ], [ 76.9266307, 30.49691949 ], [ 76.92879014, 30.49906405 ], [ 76.92950606, 30.49954095 ], [ 76.93005536, 30.49993918 ], [ 76.93024269, 30.50014541 ], [ 76.93053876, 30.50040299 ], [ 76.93113383, 30.50092071 ], [ 76.93106639, 30.50139434 ], [ 76.93098357, 30.50232797 ], [ 76.93085908, 30.50312634 ], [ 76.93073529, 30.50345269 ], [ 76.9303285, 30.50449315 ], [ 76.93000929, 30.50524403 ], [ 76.92927753, 30.50645558 ], [ 76.92860592, 30.50756347 ], [ 76.92882024, 30.50844927 ], [ 76.92876319, 30.50900852 ], [ 76.92879462, 30.50932422 ], [ 76.9287377, 30.50986999 ], [ 76.92877476, 30.51094344 ], [ 76.92881179, 30.51198069 ], [ 76.92884883, 30.51312627 ], [ 76.92891747, 30.5146146 ], [ 76.92897935, 30.51531813 ], [ 76.92906759, 30.51632131 ], [ 76.92922617, 30.51714472 ], [ 76.92944533, 30.51776251 ], [ 76.92965924, 30.51836229 ], [ 76.92982619, 30.51871848 ], [ 76.93018078, 30.51935884 ], [ 76.93038417, 30.51970603 ], [ 76.93056655, 30.51992694 ], [ 76.93078555, 30.52016134 ], [ 76.93097323, 30.52049506 ], [ 76.93120789, 30.52083323 ], [ 76.93159433, 30.52148007 ], [ 76.93200581, 30.52224003 ], [ 76.93028691, 30.52284065 ], [ 76.92970366, 30.523125 ], [ 76.92854738, 30.523581 ], [ 76.92789111, 30.52388801 ], [ 76.9273702, 30.52402352 ], [ 76.92681684, 30.52421962 ], [ 76.92631277, 30.52439827 ], [ 76.9256721, 30.52465565 ], [ 76.9248179, 30.52498971 ], [ 76.9240522, 30.52525158 ], [ 76.92327084, 30.52552704 ], [ 76.92263541, 30.52580691 ], [ 76.92210934, 30.52592429 ], [ 76.92148429, 30.52624028 ], [ 76.92111442, 30.52628099 ], [ 76.91996825, 30.52631745 ], [ 76.91939488, 30.52628045 ], [ 76.91791028, 30.5262054 ], [ 76.91701169, 30.52640908 ], [ 76.91648585, 30.52652746 ], [ 76.9160811, 30.52627769 ], [ 76.91561857, 30.52578219 ], [ 76.91536787, 30.52614311 ], [ 76.91514916, 30.52649502 ], [ 76.91448268, 30.52720783 ], [ 76.91412853, 30.52753714 ], [ 76.91377438, 30.52786645 ], [ 76.91315469, 30.5287371 ], [ 76.9127798, 30.52930551 ], [ 76.91260806, 30.52965739 ], [ 76.91243624, 30.53000021 ], [ 76.91223321, 30.53042873 ], [ 76.91225692, 30.53111879 ], [ 76.91242134, 30.53178171 ], [ 76.91251002, 30.53218313 ], [ 76.91257276, 30.53256642 ], [ 76.91266664, 30.53306255 ], [ 76.9128753, 30.53362173 ], [ 76.91247952, 30.53400519 ], [ 76.91221382, 30.53417666 ], [ 76.91194813, 30.53434365 ], [ 76.91114068, 30.53474526 ], [ 76.91034887, 30.5351424 ], [ 76.90967167, 30.53551694 ], [ 76.90778591, 30.53646003 ], [ 76.90727539, 30.53674878 ], [ 76.90676489, 30.53703306 ], [ 76.90621262, 30.53717759 ], [ 76.90584462, 30.53720841 ], [ 76.90547264, 30.53713263 ], [ 76.90462218, 30.53694082 ], [ 76.90410229, 30.53683984 ], [ 76.90381119, 30.53677269 ], [ 76.90315723, 30.53675849 ], [ 76.90217464, 30.53650572 ], [ 76.90162233, 30.5368417 ], [ 76.90109596, 30.53707048 ], [ 76.90058011, 30.53732309 ], [ 76.90006436, 30.53758028 ], [ 76.89974663, 30.53783292 ], [ 76.8994274, 30.53807816 ], [ 76.89912145, 30.53799094 ], [ 76.89870816, 30.53788463 ], [ 76.89745921, 30.53770259 ], [ 76.89692255, 30.53784702 ], [ 76.89637554, 30.53799592 ], [ 76.89605774, 30.53817186 ], [ 76.89536485, 30.53860042 ], [ 76.89448961, 30.539214 ], [ 76.89361952, 30.53989065 ], [ 76.89288505, 30.54075215 ], [ 76.89246306, 30.5413611 ], [ 76.89221824, 30.54173102 ], [ 76.89197862, 30.54208733 ], [ 76.8916556, 30.54252934 ], [ 76.89142116, 30.54283154 ], [ 76.89112421, 30.54312478 ], [ 76.89019164, 30.54401337 ], [ 76.88965499, 30.54444188 ], [ 76.88930069, 30.54473511 ], [ 76.88887868, 30.54508692 ], [ 76.88814935, 30.54593944 ], [ 76.88764912, 30.54661608 ], [ 76.88689893, 30.54793309 ], [ 76.88677916, 30.54823976 ], [ 76.88665928, 30.54864122 ], [ 76.88657083, 30.54926357 ], [ 76.88648747, 30.54988153 ], [ 76.88649279, 30.55050842 ], [ 76.88678986, 30.55086917 ], [ 76.88717091, 30.55108416 ], [ 76.88752507, 30.55099528 ], [ 76.88816042, 30.55076983 ], [ 76.88916611, 30.55045404 ], [ 76.89088563, 30.54978634 ], [ 76.89220921, 30.54931253 ], [ 76.89336074, 30.54888844 ], [ 76.8939495, 30.54869193 ], [ 76.89484061, 30.54825681 ], [ 76.89647665, 30.54753042 ], [ 76.89799808, 30.54680402 ], [ 76.89926409, 30.54598746 ], [ 76.90012378, 30.54550465 ], [ 76.90134818, 30.54489103 ], [ 76.90195779, 30.54455263 ], [ 76.90282786, 30.54409697 ], [ 76.90397399, 30.54342014 ], [ 76.90494009, 30.54304061 ], [ 76.90555281, 30.54379251 ], [ 76.90593537, 30.5442412 ], [ 76.90672065, 30.54510181 ], [ 76.90720018, 30.54555717 ], [ 76.90767454, 30.54601262 ], [ 76.90826354, 30.54660333 ], [ 76.90887862, 30.54720295 ], [ 76.90919139, 30.54734271 ], [ 76.90966777, 30.54744156 ], [ 76.91016751, 30.54767965 ], [ 76.91051478, 30.54747486 ], [ 76.91072884, 30.54786093 ], [ 76.91104697, 30.54855992 ], [ 76.91120002, 30.54888884 ], [ 76.91139112, 30.54929954 ], [ 76.91174565, 30.54964219 ], [ 76.91210472, 30.55000766 ], [ 76.91275161, 30.55036803 ], [ 76.91317392, 30.55067009 ], [ 76.91359092, 30.55098568 ], [ 76.91418516, 30.55162591 ], [ 76.91444156, 30.55211293 ], [ 76.91502194, 30.55247362 ], [ 76.91532435, 30.55276668 ], [ 76.91574683, 30.5532536 ], [ 76.91609164, 30.55364742 ], [ 76.91638117, 30.55419875 ], [ 76.91635086, 30.55457501 ], [ 76.91630765, 30.55504396 ], [ 76.91667262, 30.55540919 ], [ 76.91675092, 30.55567072 ], [ 76.9168344, 30.55593226 ], [ 76.91700128, 30.55627051 ], [ 76.91726204, 30.55673047 ], [ 76.9175228, 30.5571949 ], [ 76.91772363, 30.55742484 ], [ 76.91791393, 30.55775403 ], [ 76.91805489, 30.5582321 ], [ 76.91752895, 30.55916581 ], [ 76.91701334, 30.55988318 ], [ 76.91667443, 30.56031905 ], [ 76.91531513, 30.5619674 ], [ 76.91355896, 30.56233776 ], [ 76.91258968, 30.56285329 ], [ 76.91171079, 30.5629045 ], [ 76.91115134, 30.56283906 ], [ 76.91018211, 30.56339862 ], [ 76.90895025, 30.56481939 ], [ 76.9092864, 30.56536976 ], [ 76.9102422, 30.56711944 ], [ 76.91044423, 30.56748927 ], [ 76.9118021, 30.56890215 ], [ 76.91386983, 30.57069951 ], [ 76.91443305, 30.57142998 ], [ 76.91499627, 30.57216493 ], [ 76.91543602, 30.57295383 ], [ 76.91559088, 30.57317504 ], [ 76.9160865, 30.57414004 ], [ 76.91730199, 30.57576503 ], [ 76.91768764, 30.57617921 ], [ 76.91728129, 30.57665629 ], [ 76.91649442, 30.57726996 ], [ 76.91562939, 30.57787008 ], [ 76.91499879, 30.57835313 ], [ 76.914746, 30.57868305 ], [ 76.91515807, 30.57891657 ], [ 76.91541102, 30.57928184 ], [ 76.91542683, 30.57957947 ], [ 76.91524529, 30.58163164 ], [ 76.91512563, 30.58223152 ], [ 76.91530289, 30.58245698 ], [ 76.91565225, 30.58262373 ], [ 76.91616099, 30.58269101 ], [ 76.9168912, 30.58289583 ], [ 76.91799858, 30.5838091 ], [ 76.91976639, 30.58519444 ], [ 76.91954245, 30.58558113 ], [ 76.91874534, 30.5866187 ], [ 76.91750508, 30.58773764 ], [ 76.91660358, 30.58848659 ], [ 76.91596491, 30.58876014 ], [ 76.91524755, 30.58836482 ], [ 76.91447163, 30.58909615 ], [ 76.91349189, 30.59013379 ], [ 76.91272045, 30.59065227 ], [ 76.91166226, 30.59069692 ], [ 76.91098978, 30.59081105 ], [ 76.91070312, 30.59094189 ], [ 76.91009339, 30.59150129 ], [ 76.90972417, 30.59194788 ], [ 76.91095389, 30.59222724 ], [ 76.91138721, 30.59228295 ], [ 76.91241624, 30.59212073 ], [ 76.91305502, 30.59206088 ], [ 76.91355807, 30.59201375 ], [ 76.91463237, 30.59207348 ], [ 76.91498305, 30.59209298 ], [ 76.91577382, 30.59213695 ], [ 76.91631317, 30.59219408 ], [ 76.91686582, 30.592257 ], [ 76.91799201, 30.59250919 ], [ 76.91911302, 30.59276137 ], [ 76.92020807, 30.5932887 ], [ 76.92059717, 30.59375175 ], [ 76.92092288, 30.5941547 ], [ 76.92262328, 30.59612016 ], [ 76.92325982, 30.59700394 ], [ 76.92384982, 30.59868144 ], [ 76.92469528, 30.60037691 ], [ 76.92595243, 30.60159419 ], [ 76.92644295, 30.60232914 ], [ 76.92710202, 30.60363501 ], [ 76.92609465, 30.60418294 ], [ 76.92498942, 30.60453972 ], [ 76.92408753, 30.60487375 ], [ 76.9230085, 30.60528914 ], [ 76.92233777, 30.60565019 ], [ 76.92342633, 30.60683595 ], [ 76.92426111, 30.60780524 ], [ 76.92597767, 30.61012109 ], [ 76.92562331, 30.6102808 ], [ 76.92470849, 30.61049966 ], [ 76.92424841, 30.61008644 ], [ 76.92389234, 30.61054306 ], [ 76.92361614, 30.61083186 ], [ 76.92340767, 30.61111609 ], [ 76.92297762, 30.61142739 ], [ 76.92261528, 30.61157637 ], [ 76.92236253, 30.61174561 ], [ 76.92176019, 30.61178294 ], [ 76.92145987, 30.61170849 ], [ 76.92098623, 30.61175214 ], [ 76.92037813, 30.61168949 ], [ 76.91994739, 30.61180637 ], [ 76.91957541, 30.61176687 ], [ 76.91898718, 30.61111427 ], [ 76.91847361, 30.61077153 ], [ 76.91804967, 30.61052488 ], [ 76.91770795, 30.61020927 ], [ 76.91723494, 30.60996394 ], [ 76.91718108, 30.61031673 ], [ 76.91675903, 30.61031561 ], [ 76.91642113, 30.61027337 ], [ 76.91606139, 30.61007418 ], [ 76.91500712, 30.61051906 ], [ 76.91460855, 30.61081347 ], [ 76.91437112, 30.61098885 ], [ 76.91402562, 30.61109122 ], [ 76.91378109, 30.61132226 ], [ 76.91350571, 30.61146215 ], [ 76.91260913, 30.61229229 ], [ 76.91214525, 30.61279302 ], [ 76.91187436, 30.61303758 ], [ 76.91329818, 30.61410742 ], [ 76.91321298, 30.61500827 ], [ 76.91305947, 30.61691056 ], [ 76.9128661, 30.61754916 ], [ 76.91271566, 30.61794346 ], [ 76.91222873, 30.61948828 ], [ 76.91205972, 30.61991955 ], [ 76.91174153, 30.62061369 ], [ 76.91165825, 30.62106021 ], [ 76.91161674, 30.62160148 ], [ 76.91169515, 30.6219848 ], [ 76.91153883, 30.62227804 ], [ 76.91079348, 30.62332909 ], [ 76.91068416, 30.62390187 ], [ 76.91071584, 30.62490313 ], [ 76.91051265, 30.62543986 ], [ 76.91006436, 30.62620224 ], [ 76.90975685, 30.62646839 ], [ 76.90935742, 30.62671203 ], [ 76.90888311, 30.62682017 ], [ 76.90833435, 30.62664571 ], [ 76.90806183, 30.62636961 ], [ 76.90794312, 30.6260621 ], [ 76.90776671, 30.62582898 ], [ 76.90711755, 30.62530095 ], [ 76.90678602, 30.62509932 ], [ 76.90617341, 30.62471036 ], [ 76.90573009, 30.62449403 ], [ 76.90517364, 30.62430878 ], [ 76.90486613, 30.62431455 ], [ 76.90421762, 30.62433195 ], [ 76.90355526, 30.62437274 ], [ 76.9031172, 30.62438187 ], [ 76.90276268, 30.62442247 ], [ 76.90266358, 30.62467063 ], [ 76.90253593, 30.62503821 ], [ 76.90229356, 30.62527958 ], [ 76.90198591, 30.62550057 ], [ 76.90149055, 30.62578488 ], [ 76.90120378, 30.62597436 ], [ 76.90080228, 30.62640742 ], [ 76.90058786, 30.62673408 ], [ 76.90039569, 30.62721481 ], [ 76.90027063, 30.62755305 ], [ 76.89994222, 30.62794554 ], [ 76.89959547, 30.62824323 ], [ 76.89902442, 30.6283471 ], [ 76.89828906, 30.6283066 ], [ 76.89714686, 30.62825268 ], [ 76.8965367, 30.62838363 ], [ 76.89583792, 30.62875352 ], [ 76.89554071, 30.6289746 ], [ 76.89519661, 30.62928133 ], [ 76.89481074, 30.62965572 ], [ 76.89439354, 30.63004815 ], [ 76.89386692, 30.63040459 ], [ 76.89317332, 30.63086916 ], [ 76.89280193, 30.63109657 ], [ 76.89359063, 30.63144639 ], [ 76.89435215, 30.63177557 ], [ 76.89495616, 30.63212707 ], [ 76.89549458, 30.63261428 ], [ 76.89596769, 30.63328203 ], [ 76.89620928, 30.63405474 ], [ 76.89634517, 30.63445875 ], [ 76.89637655, 30.63508565 ], [ 76.89644975, 30.63588396 ], [ 76.89578221, 30.63594262 ], [ 76.89534666, 30.63602165 ], [ 76.89506769, 30.63623142 ], [ 76.89489033, 30.63644344 ], [ 76.89479654, 30.63672305 ], [ 76.8946663, 30.63730491 ], [ 76.89436853, 30.63791725 ], [ 76.89320841, 30.63859402 ], [ 76.89241339, 30.63915436 ], [ 76.8916989, 30.63967316 ], [ 76.89049419, 30.64060236 ], [ 76.8889072, 30.6418534 ], [ 76.8875671, 30.64290341 ], [ 76.88715778, 30.64314116 ], [ 76.88683739, 30.64333634 ], [ 76.88644052, 30.64358454 ], [ 76.88580349, 30.64416997 ], [ 76.88579633, 30.64481681 ], [ 76.88514627, 30.64530221 ], [ 76.88436614, 30.64566417 ], [ 76.88401808, 30.64537622 ], [ 76.88355811, 30.64500482 ], [ 76.8830619, 30.64502751 ], [ 76.882123, 30.64517634 ], [ 76.88135123, 30.64539265 ], [ 76.88100009, 30.64545915 ], [ 76.88059121, 30.64501557 ], [ 76.8803953, 30.64478088 ], [ 76.88005892, 30.64440601 ], [ 76.87956699, 30.64428353 ], [ 76.87890084, 30.64432094 ], [ 76.8783376, 30.64434692 ], [ 76.87786132, 30.64431063 ], [ 76.87756392, 30.64420239 ], [ 76.8772052, 30.64398834 ], [ 76.87693275, 30.64366959 ], [ 76.87654777, 30.64310464 ], [ 76.87633027, 30.64276234 ], [ 76.87588431, 30.64190677 ], [ 76.8758249, 30.64163378 ], [ 76.87556094, 30.64116708 ], [ 76.87519581, 30.64100929 ], [ 76.87478955, 30.64090527 ], [ 76.8743143, 30.64087851 ], [ 76.8739049, 30.64092805 ], [ 76.87334004, 30.64110298 ], [ 76.87235313, 30.64156395 ], [ 76.87145592, 30.64202405 ], [ 76.87120552, 30.64217752 ], [ 76.87131458, 30.64403764 ], [ 76.87150089, 30.6472151 ], [ 76.87172172, 30.65098108 ], [ 76.87212102, 30.65130795 ], [ 76.87220161, 30.65239719 ], [ 76.87234239, 30.65381794 ], [ 76.87251455, 30.65558135 ], [ 76.87255061, 30.65609628 ], [ 76.87265006, 30.65751622 ], [ 76.87285353, 30.65936986 ], [ 76.87299958, 30.66118291 ], [ 76.87323054, 30.6636098 ], [ 76.87341167, 30.66576517 ], [ 76.87351745, 30.66698492 ], [ 76.87360997, 30.66805174 ], [ 76.87375597, 30.66913872 ], [ 76.87384473, 30.66963033 ], [ 76.87392816, 30.67047814 ], [ 76.87417865, 30.6731166 ], [ 76.87420596, 30.67345627 ], [ 76.87424645, 30.67395999 ], [ 76.87446036, 30.67455981 ], [ 76.87466905, 30.67508752 ], [ 76.87524076, 30.67643087 ], [ 76.87535667, 30.67669038 ], [ 76.87561876, 30.67713505 ], [ 76.87585671, 30.6776434 ], [ 76.87607911, 30.67842944 ], [ 76.87616007, 30.67875724 ], [ 76.87624258, 30.67923598 ], [ 76.87637021, 30.67997643 ], [ 76.87642773, 30.68055282 ], [ 76.87618848, 30.68039191 ], [ 76.87576363, 30.67993723 ], [ 76.87522227, 30.67924577 ], [ 76.87486474, 30.6789572 ], [ 76.8743508, 30.67854219 ], [ 76.87406187, 30.67833668 ], [ 76.87382378, 30.67817684 ], [ 76.87307236, 30.67757704 ], [ 76.87249323, 30.67713954 ], [ 76.87171575, 30.67652168 ], [ 76.87111048, 30.67610223 ], [ 76.8705887, 30.67579101 ], [ 76.87008263, 30.67526334 ], [ 76.86917479, 30.67437933 ], [ 76.86829303, 30.67351336 ], [ 76.8678913, 30.67285938 ], [ 76.86736963, 30.67181746 ], [ 76.86715965, 30.67155214 ], [ 76.86642016, 30.67061771 ], [ 76.86618992, 30.67036423 ], [ 76.86592453, 30.67007204 ], [ 76.86549479, 30.66944905 ], [ 76.86516757, 30.6687566 ], [ 76.86488819, 30.66829509 ], [ 76.86443695, 30.66772351 ], [ 76.86414554, 30.66740195 ], [ 76.86379089, 30.66661708 ], [ 76.8634831, 30.66599925 ], [ 76.86313368, 30.66546698 ], [ 76.86237731, 30.66436649 ], [ 76.86199124, 30.6636448 ], [ 76.86121914, 30.66331548 ], [ 76.86078877, 30.6632095 ], [ 76.86048881, 30.66296365 ], [ 76.86062191, 30.66255096 ], [ 76.86013422, 30.66191275 ], [ 76.85921096, 30.6610512 ], [ 76.85875267, 30.66084445 ], [ 76.85846533, 30.66068639 ], [ 76.85815714, 30.66051437 ], [ 76.85757743, 30.66014701 ], [ 76.857333, 30.65998663 ], [ 76.85698866, 30.65991895 ], [ 76.85637167, 30.65979944 ], [ 76.85548104, 30.65938204 ], [ 76.85474032, 30.65899407 ], [ 76.85414569, 30.65847074 ], [ 76.85379658, 30.65810115 ], [ 76.85354068, 30.65783023 ], [ 76.85301601, 30.65727644 ], [ 76.85226779, 30.65768118 ], [ 76.85174079, 30.65792012 ], [ 76.85116436, 30.65823228 ], [ 76.8504188, 30.65747331 ], [ 76.8498337, 30.65690507 ], [ 76.84878835, 30.65791898 ], [ 76.84778978, 30.65729337 ], [ 76.84683844, 30.65672812 ], [ 76.84617684, 30.65766611 ], [ 76.84597619, 30.65795058 ], [ 76.84536555, 30.65870814 ], [ 76.84494288, 30.65907336 ], [ 76.8449674, 30.65960428 ], [ 76.84498433, 30.65997084 ], [ 76.84497379, 30.66042638 ], [ 76.84466583, 30.66103974 ], [ 76.84458733, 30.66153581 ], [ 76.8446133, 30.66219429 ], [ 76.84468096, 30.66244682 ], [ 76.84495739, 30.66292043 ], [ 76.84535886, 30.66368277 ], [ 76.84568458, 30.66402217 ], [ 76.84606731, 30.66434867 ], [ 76.84632899, 30.66456248 ], [ 76.84677234, 30.66486924 ], [ 76.84719226, 30.66515797 ], [ 76.8475027, 30.66526171 ], [ 76.84774383, 30.66545948 ], [ 76.84797213, 30.66571281 ], [ 76.8480764, 30.66595645 ], [ 76.84804744, 30.6662291 ], [ 76.84796151, 30.66651113 ], [ 76.84776308, 30.66681781 ], [ 76.84720981, 30.66766557 ], [ 76.84699578, 30.668121 ], [ 76.84611438, 30.6685328 ], [ 76.84576159, 30.66868449 ], [ 76.84515393, 30.66853552 ], [ 76.84476267, 30.66844981 ], [ 76.84420734, 30.66837281 ], [ 76.84363002, 30.66868813 ], [ 76.84285844, 30.66805019 ], [ 76.84254795, 30.66795307 ], [ 76.84219553, 30.66795652 ], [ 76.84181759, 30.668028 ], [ 76.84133495, 30.66784462 ], [ 76.84076127, 30.66736635 ], [ 76.84021362, 30.66687468 ], [ 76.84007284, 30.66656792 ], [ 76.83948869, 30.66609418 ], [ 76.83920699, 30.66591372 ], [ 76.83887321, 30.66559343 ], [ 76.83866454, 30.66537692 ], [ 76.83829954, 30.66496903 ], [ 76.83800748, 30.66472722 ], [ 76.83764455, 30.66463247 ], [ 76.83720925, 30.66464136 ], [ 76.83646891, 30.66465084 ], [ 76.83591201, 30.66474391 ], [ 76.83492983, 30.66431116 ], [ 76.83370889, 30.66368413 ], [ 76.83344285, 30.66350369 ], [ 76.83254868, 30.66318253 ], [ 76.83188937, 30.66433801 ], [ 76.8315276, 30.66480197 ], [ 76.8313056, 30.66533632 ], [ 76.83135493, 30.66576254 ], [ 76.83153744, 30.66607378 ], [ 76.83190776, 30.66639863 ], [ 76.83216328, 30.66668287 ], [ 76.83227531, 30.66696249 ], [ 76.83206373, 30.66753519 ], [ 76.83190811, 30.66793478 ], [ 76.8318338, 30.66839659 ], [ 76.83189102, 30.66875739 ], [ 76.83204737, 30.66920849 ], [ 76.83217503, 30.66967977 ], [ 76.83198436, 30.67017698 ], [ 76.83192683, 30.67053441 ], [ 76.83203096, 30.67092454 ], [ 76.83171769, 30.67153109 ], [ 76.83142011, 30.67189175 ], [ 76.83120345, 30.67223672 ], [ 76.83121621, 30.67286358 ], [ 76.83103574, 30.67311242 ], [ 76.83087163, 30.67337091 ], [ 76.83088189, 30.67365504 ], [ 76.83098088, 30.67396849 ], [ 76.83065707, 30.67466072 ], [ 76.83024168, 30.67530332 ], [ 76.83003038, 30.6758128 ], [ 76.83004318, 30.67644199 ], [ 76.83030112, 30.67710505 ], [ 76.83054094, 30.67754259 ], [ 76.8307548, 30.67783579 ], [ 76.83082497, 30.67833871 ], [ 76.830937, 30.6786838 ], [ 76.83123949, 30.67902889 ], [ 76.83077484, 30.67969846 ], [ 76.83031548, 30.68014032 ], [ 76.829997, 30.6803973 ], [ 76.82918971, 30.68101175 ], [ 76.82845948, 30.68091377 ], [ 76.82809289, 30.68131949 ], [ 76.82730799, 30.68218816 ], [ 76.82506202, 30.68064118 ], [ 76.82394687, 30.67987307 ], [ 76.82245606, 30.67884201 ], [ 76.82183558, 30.67849664 ], [ 76.8208695, 30.67768122 ], [ 76.82087568, 30.6768957 ], [ 76.82089402, 30.67641377 ], [ 76.82077077, 30.67579727 ], [ 76.82077006, 30.67526311 ], [ 76.82076964, 30.67494949 ], [ 76.81953985, 30.6743603 ], [ 76.81823333, 30.67360944 ], [ 76.81757793, 30.67324963 ], [ 76.81680301, 30.67302491 ], [ 76.81644045, 30.6720185 ], [ 76.81633357, 30.67143648 ], [ 76.81493486, 30.67097113 ], [ 76.81357126, 30.67051746 ], [ 76.81329819, 30.67038817 ], [ 76.81303034, 30.67026134 ], [ 76.81270765, 30.67071103 ], [ 76.81180412, 30.67026477 ], [ 76.81149411, 30.67010098 ], [ 76.81120917, 30.66980702 ], [ 76.81066471, 30.66934735 ], [ 76.81012766, 30.66878033 ], [ 76.80938045, 30.66820387 ], [ 76.80906037, 30.66800606 ], [ 76.80865968, 30.66742748 ], [ 76.8082387, 30.66740968 ], [ 76.80788379, 30.66742722 ], [ 76.80759725, 30.66730845 ], [ 76.80721155, 30.66704074 ], [ 76.80682382, 30.6670956 ], [ 76.80607161, 30.66730564 ], [ 76.80572331, 30.66728608 ], [ 76.80518808, 30.66702565 ], [ 76.80431846, 30.66653407 ], [ 76.8038495, 30.66642991 ], [ 76.80351899, 30.66644739 ], [ 76.80320685, 30.66650992 ], [ 76.8026002, 30.66662242 ], [ 76.80215582, 30.66673163 ], [ 76.80201997, 30.66700434 ], [ 76.8019088, 30.66734 ], [ 76.80136099, 30.66784182 ], [ 76.80147855, 30.66827954 ], [ 76.80085302, 30.6691889 ], [ 76.80086402, 30.66961804 ], [ 76.80042254, 30.67004485 ], [ 76.80018203, 30.67020724 ], [ 76.79899357, 30.66927416 ], [ 76.79826352, 30.66869164 ], [ 76.79775996, 30.6682846 ], [ 76.79733643, 30.66794225 ], [ 76.7967927, 30.66753727 ], [ 76.79642794, 30.66765406 ], [ 76.79567421, 30.66820795 ], [ 76.79523288, 30.66856632 ], [ 76.79479153, 30.66892469 ], [ 76.79415106, 30.6695475 ], [ 76.7940108, 30.66985243 ], [ 76.79373509, 30.67038094 ], [ 76.79321807, 30.67105087 ], [ 76.79256561, 30.67182394 ], [ 76.7919627, 30.67238916 ], [ 76.7913194, 30.67306298 ], [ 76.79119947, 30.67346554 ], [ 76.79099597, 30.67413265 ], [ 76.79087763, 30.6744944 ], [ 76.7907058, 30.67479167 ], [ 76.79034998, 30.6751109 ], [ 76.79002728, 30.67556507 ], [ 76.78974168, 30.67566714 ], [ 76.78934038, 30.67561246 ], [ 76.78876702, 30.67536566 ], [ 76.788299, 30.67522888 ], [ 76.78797607, 30.6751345 ], [ 76.78703673, 30.67490462 ], [ 76.78657418, 30.67487777 ], [ 76.78599632, 30.67484522 ], [ 76.78546595, 30.67473091 ], [ 76.78503588, 30.67449792 ], [ 76.78463002, 30.67428125 ], [ 76.78377725, 30.67435018 ], [ 76.78347382, 30.67437526 ], [ 76.78301411, 30.67426369 ], [ 76.78209514, 30.67394804 ], [ 76.78172743, 30.6738197 ], [ 76.78149823, 30.6741471 ], [ 76.78122016, 30.67434198 ], [ 76.78072354, 30.67400211 ], [ 76.78051581, 30.67379123 ], [ 76.78026854, 30.67353309 ], [ 76.78050116, 30.67336396 ], [ 76.77982238, 30.67293777 ], [ 76.77943957, 30.67266018 ], [ 76.77950459, 30.67218124 ], [ 76.77938108, 30.67192292 ], [ 76.7791002, 30.67155574 ], [ 76.77875136, 30.67125726 ], [ 76.77841639, 30.67117488 ], [ 76.77743626, 30.67064334 ], [ 76.77698486, 30.67037268 ], [ 76.77660605, 30.67040344 ], [ 76.77623431, 30.67103361 ], [ 76.77593197, 30.67112265 ], [ 76.77569448, 30.67171122 ], [ 76.77533332, 30.67180718 ], [ 76.77474285, 30.67196408 ], [ 76.77422402, 30.67212918 ], [ 76.77397742, 30.67288251 ], [ 76.77350806, 30.67369878 ], [ 76.77305928, 30.67449234 ], [ 76.77276359, 30.67501834 ], [ 76.77249181, 30.67533703 ], [ 76.77218238, 30.67554963 ], [ 76.77185231, 30.67575787 ], [ 76.77154393, 30.67625137 ], [ 76.77172166, 30.6766386 ], [ 76.77151999, 30.67687941 ], [ 76.77125427, 30.67715868 ], [ 76.77104529, 30.67764847 ], [ 76.77045855, 30.67809151 ], [ 76.77022524, 30.67833315 ], [ 76.77025948, 30.67889235 ], [ 76.77005, 30.67939211 ], [ 76.76991446, 30.67982449 ], [ 76.76967837, 30.68009927 ], [ 76.76906435, 30.68064615 ], [ 76.76850709, 30.68109068 ], [ 76.76803872, 30.68145677 ], [ 76.76695826, 30.68239863 ], [ 76.76644916, 30.6829763 ], [ 76.76546397, 30.68440736 ], [ 76.76514291, 30.68494906 ], [ 76.76493487, 30.68530894 ], [ 76.76462208, 30.68573588 ], [ 76.76427177, 30.6860865 ], [ 76.76385092, 30.68632071 ], [ 76.76315239, 30.68662028 ], [ 76.76252513, 30.68624744 ], [ 76.76228837, 30.68646209 ], [ 76.76201705, 30.68666541 ], [ 76.76165265, 30.68664932 ], [ 76.76113727, 30.68647723 ], [ 76.76059002, 30.68628917 ], [ 76.7602957, 30.68621541 ], [ 76.75995259, 30.68623228 ], [ 76.75956888, 30.6863658 ], [ 76.75885955, 30.6865361 ], [ 76.75838058, 30.68629559 ], [ 76.756536, 30.68604798 ], [ 76.75603128, 30.685675 ], [ 76.7555328, 30.68545883 ], [ 76.75459712, 30.68516819 ], [ 76.75426456, 30.68506856 ], [ 76.75395711, 30.68493723 ], [ 76.75357026, 30.68492321 ], [ 76.75304227, 30.68482641 ], [ 76.75254056, 30.68460014 ], [ 76.75222772, 30.6849973 ], [ 76.75205018, 30.68540536 ], [ 76.75169546, 30.68627497 ], [ 76.75104803, 30.68693616 ], [ 76.75067856, 30.68740496 ], [ 76.74991858, 30.68836085 ], [ 76.74930161, 30.68809783 ], [ 76.74870389, 30.68776249 ], [ 76.74821242, 30.68753934 ], [ 76.74774624, 30.68759817 ], [ 76.74768051, 30.68794311 ], [ 76.74797286, 30.6884519 ], [ 76.74788757, 30.68898103 ], [ 76.74759146, 30.68964209 ], [ 76.74749441, 30.68992312 ], [ 76.74778112, 30.6901834 ], [ 76.74764287, 30.69116738 ], [ 76.74747912, 30.69263265 ], [ 76.74742483, 30.69311845 ], [ 76.74739053, 30.69342535 ], [ 76.74732438, 30.69401721 ], [ 76.74714731, 30.69555305 ], [ 76.74655104, 30.69534507 ], [ 76.74589132, 30.69495717 ], [ 76.7451326, 30.69451106 ], [ 76.74317878, 30.69370235 ], [ 76.74259299, 30.69353101 ], [ 76.7419897, 30.69335456 ], [ 76.7414709, 30.69320282 ], [ 76.74052812, 30.69296165 ], [ 76.74011044, 30.69285627 ], [ 76.73962506, 30.69286822 ], [ 76.73930201, 30.69296636 ], [ 76.73928562, 30.69340642 ], [ 76.73924975, 30.69453222 ], [ 76.73914093, 30.69482963 ], [ 76.73948741, 30.69536071 ], [ 76.73957316, 30.69703391 ], [ 76.73950967, 30.69807914 ], [ 76.73924717, 30.69826413 ], [ 76.73856146, 30.69877349 ], [ 76.73836996, 30.69903881 ], [ 76.73817655, 30.69936207 ], [ 76.73794481, 30.69988601 ], [ 76.73830302, 30.70001311 ], [ 76.73933835, 30.70038046 ], [ 76.73905338, 30.70341519 ], [ 76.73908214, 30.70369784 ], [ 76.73912807, 30.7041491 ], [ 76.73962304, 30.70498396 ], [ 76.73931809, 30.70544907 ], [ 76.73909805, 30.70578466 ], [ 76.73823733, 30.70581224 ], [ 76.73790035, 30.70581662 ], [ 76.73759166, 30.70582062 ], [ 76.73610207, 30.70585973 ], [ 76.73511435, 30.70606484 ], [ 76.73421443, 30.70631137 ], [ 76.73348278, 30.7065118 ], [ 76.73148366, 30.70679065 ], [ 76.73101278, 30.70681973 ], [ 76.73000894, 30.7068817 ], [ 76.73013925, 30.70819961 ], [ 76.72963675, 30.70956403 ], [ 76.72907028, 30.71182932 ], [ 76.72963287, 30.71197623 ], [ 76.73057864, 30.7122232 ], [ 76.73125269, 30.7125774 ], [ 76.73077378, 30.71327948 ], [ 76.7300607, 30.71408079 ], [ 76.72868827, 30.71593835 ], [ 76.72997781, 30.71677262 ], [ 76.73047458, 30.71705319 ], [ 76.73078665, 30.71722944 ], [ 76.73112501, 30.71756833 ], [ 76.73095817, 30.71841666 ], [ 76.73087303, 30.71906646 ], [ 76.73066004, 30.7206724 ], [ 76.73077119, 30.72119256 ], [ 76.73093687, 30.72157057 ], [ 76.73107471, 30.7234947 ], [ 76.7304995, 30.72418305 ], [ 76.73019708, 30.72398827 ], [ 76.72955405, 30.72353849 ], [ 76.72813995, 30.72540349 ], [ 76.72728376, 30.72640704 ], [ 76.72676531, 30.72701471 ], [ 76.72573444, 30.72788516 ], [ 76.72550844, 30.72767569 ], [ 76.72483168, 30.72841079 ], [ 76.72369783, 30.7283725 ], [ 76.72320276, 30.72846395 ], [ 76.72240873, 30.72904592 ], [ 76.7220879, 30.72928322 ], [ 76.72125116, 30.73002041 ], [ 76.72067198, 30.73080051 ], [ 76.7197066, 30.73198914 ], [ 76.71906311, 30.73267325 ], [ 76.71848359, 30.73328935 ], [ 76.7175293, 30.73480292 ], [ 76.71711677, 30.73552398 ], [ 76.71693405, 30.73584336 ], [ 76.71682694, 30.73611249 ], [ 76.71638875, 30.73648341 ], [ 76.71564596, 30.73736588 ], [ 76.71546245, 30.73770724 ], [ 76.71532487, 30.73796314 ], [ 76.71480246, 30.73921592 ], [ 76.71434956, 30.74015834 ], [ 76.71423762, 30.74067187 ], [ 76.71416525, 30.74097604 ], [ 76.71327835, 30.74054463 ], [ 76.71302465, 30.74095839 ], [ 76.71268655, 30.74125722 ], [ 76.711712, 30.74098043 ], [ 76.71069186, 30.74072138 ], [ 76.70953027, 30.74031054 ], [ 76.70922984, 30.74018411 ], [ 76.70818774, 30.73974555 ], [ 76.70746902, 30.73954635 ], [ 76.70666419, 30.74061389 ], [ 76.70579596, 30.74206505 ], [ 76.7051633, 30.74297448 ], [ 76.70564691, 30.74345654 ], [ 76.70606453, 30.74389703 ], [ 76.70640989, 30.74426304 ], [ 76.70662501, 30.74469883 ], [ 76.70668457, 30.74512823 ], [ 76.7064609, 30.74569801 ], [ 76.70620533, 30.74631775 ], [ 76.70609966, 30.74661676 ], [ 76.70588401, 30.74725015 ], [ 76.70596363, 30.74749981 ], [ 76.70679402, 30.74777291 ], [ 76.70714086, 30.74787549 ], [ 76.70686209, 30.7483766 ], [ 76.70736696, 30.74854321 ], [ 76.70721406, 30.74927672 ], [ 76.70767885, 30.74949624 ], [ 76.70791545, 30.74991651 ], [ 76.70833018, 30.75026213 ], [ 76.7082873, 30.75059695 ], [ 76.70808068, 30.75105493 ], [ 76.70777274, 30.75157034 ], [ 76.70759229, 30.75186847 ], [ 76.70755299, 30.75215685 ], [ 76.70746508, 30.75252103 ], [ 76.70736277, 30.75317838 ], [ 76.70736305, 30.75348341 ], [ 76.70733932, 30.7537795 ], [ 76.70710666, 30.75418237 ], [ 76.7067163, 30.75460009 ], [ 76.70635666, 30.75493783 ], [ 76.7058441, 30.75554068 ], [ 76.7055351, 30.75571377 ], [ 76.70521152, 30.75600706 ], [ 76.70554607, 30.75650433 ], [ 76.70643108, 30.75734761 ], [ 76.70743941, 30.7581731 ], [ 76.70804698, 30.75860295 ], [ 76.70893008, 30.75910225 ], [ 76.71002213, 30.75991422 ], [ 76.71021763, 30.76011844 ], [ 76.71020151, 30.76065336 ], [ 76.71057711, 30.76096139 ], [ 76.71097951, 30.76123715 ], [ 76.71134949, 30.76152541 ], [ 76.71166983, 30.7616645 ], [ 76.71287006, 30.76195607 ], [ 76.71413471, 30.76212429 ], [ 76.71455551, 30.76223595 ], [ 76.71513571, 30.76239052 ], [ 76.71578376, 30.76262111 ], [ 76.71681245, 30.76306447 ], [ 76.71732258, 30.76332801 ], [ 76.7177661, 30.76334754 ], [ 76.71894762, 30.76373926 ], [ 76.71929169, 30.76339073 ], [ 76.72038383, 30.76378076 ], [ 76.7208696, 30.76390148 ], [ 76.72127482, 30.76405303 ], [ 76.72124014, 30.76439175 ], [ 76.72182974, 30.7647169 ], [ 76.72255694, 30.76503032 ], [ 76.72351955, 30.76543199 ], [ 76.72385317, 30.7655712 ], [ 76.72434704, 30.76585503 ], [ 76.7247816, 30.76596999 ], [ 76.72565955, 30.7659598 ], [ 76.72617191, 30.7659288 ], [ 76.72633163, 30.765674 ], [ 76.72635793, 30.76537032 ], [ 76.72748224, 30.76521269 ], [ 76.72883731, 30.76491892 ], [ 76.72965977, 30.76496631 ], [ 76.73053995, 30.76505505 ], [ 76.73176991, 30.76537813 ], [ 76.7328959, 30.76584426 ], [ 76.7334571, 30.76599857 ], [ 76.73396194, 30.76610076 ], [ 76.73461143, 30.76639761 ], [ 76.73626555, 30.76714392 ], [ 76.73764365, 30.76775414 ], [ 76.73933492, 30.76827637 ], [ 76.73980537, 30.76842081 ], [ 76.74064743, 30.76867529 ], [ 76.74190417, 30.76918044 ], [ 76.74229476, 30.76932401 ], [ 76.74304458, 30.7695956 ], [ 76.74402306, 30.76973362 ], [ 76.74395088, 30.77090933 ], [ 76.74387173, 30.77154209 ], [ 76.74446704, 30.7715987 ], [ 76.7444983, 30.77200173 ], [ 76.74500455, 30.77205879 ], [ 76.74531308, 30.77238009 ], [ 76.74540917, 30.77267112 ], [ 76.74521875, 30.7729789 ], [ 76.74517889, 30.77348389 ], [ 76.74491414, 30.77473815 ], [ 76.74428899, 30.77550949 ], [ 76.74375465, 30.77608862 ], [ 76.74440919, 30.77656613 ], [ 76.74555667, 30.777182 ], [ 76.74577972, 30.77692227 ], [ 76.74614423, 30.77701941 ], [ 76.74662287, 30.77718246 ], [ 76.74704287, 30.77732974 ], [ 76.74791075, 30.77761275 ], [ 76.74843828, 30.77804608 ], [ 76.74887847, 30.77840767 ], [ 76.74930701, 30.77869829 ], [ 76.74971823, 30.778882 ], [ 76.74991188, 30.77916589 ], [ 76.75028078, 30.77950254 ], [ 76.75052944, 30.77974814 ], [ 76.75093348, 30.77998629 ], [ 76.75131845, 30.78006791 ], [ 76.75188773, 30.7801589 ], [ 76.75225568, 30.78032149 ], [ 76.75231728, 30.78066255 ], [ 76.75223769, 30.78095825 ], [ 76.75209053, 30.78129784 ], [ 76.75238876, 30.78147211 ], [ 76.75245695, 30.78217567 ], [ 76.75218076, 30.78301514 ], [ 76.75243336, 30.7831615 ], [ 76.75224782, 30.78346949 ], [ 76.75209597, 30.78372155 ], [ 76.75177064, 30.78426624 ], [ 76.752201, 30.78457974 ], [ 76.75248056, 30.78472763 ], [ 76.75278203, 30.7848871 ], [ 76.75325987, 30.78513987 ], [ 76.75357388, 30.78530597 ], [ 76.75384331, 30.78543686 ], [ 76.75505649, 30.78602798 ], [ 76.75601423, 30.78655855 ], [ 76.75663408, 30.78683587 ], [ 76.75697035, 30.78698631 ], [ 76.75830831, 30.78755158 ], [ 76.75875814, 30.78794855 ], [ 76.75862311, 30.78831902 ], [ 76.75844093, 30.78869323 ], [ 76.75882617, 30.78907011 ], [ 76.75927004, 30.78945359 ], [ 76.75958095, 30.78968195 ], [ 76.76013169, 30.78990819 ], [ 76.76035384, 30.79008919 ], [ 76.7606035, 30.79044448 ], [ 76.76105446, 30.79106602 ], [ 76.7616851, 30.79149257 ], [ 76.76239316, 30.79186475 ], [ 76.76283621, 30.79209304 ], [ 76.76313719, 30.79222004 ], [ 76.76342375, 30.79234094 ], [ 76.76391866, 30.79254976 ], [ 76.76419904, 30.79266805 ], [ 76.76466436, 30.79286438 ], [ 76.76547203, 30.79328718 ], [ 76.76639004, 30.79378102 ], [ 76.76746773, 30.79428904 ], [ 76.7682972, 30.79455648 ], [ 76.76848695, 30.79404015 ], [ 76.76947463, 30.79433928 ], [ 76.76973299, 30.79457575 ], [ 76.77015555, 30.79476065 ], [ 76.77058196, 30.79492196 ], [ 76.77152765, 30.79526218 ], [ 76.77180279, 30.79497708 ], [ 76.77241731, 30.79411322 ], [ 76.77291198, 30.79339988 ], [ 76.77325333, 30.79285243 ], [ 76.77382859, 30.79210269 ], [ 76.77443707, 30.79149694 ], [ 76.77503021, 30.79091839 ], [ 76.77537213, 30.79070086 ], [ 76.77571715, 30.790584 ], [ 76.77614412, 30.79045566 ], [ 76.77652676, 30.79030844 ], [ 76.77701707, 30.79022541 ], [ 76.77785794, 30.79016877 ], [ 76.77875396, 30.79001005 ], [ 76.77913696, 30.78990884 ], [ 76.77952547, 30.78979273 ], [ 76.779935, 30.78966604 ], [ 76.78040513, 30.78948074 ], [ 76.78080359, 30.7894304 ], [ 76.78122467, 30.78922459 ], [ 76.78165002, 30.78912746 ], [ 76.7820025, 30.78917666 ], [ 76.78240007, 30.78921328 ], [ 76.78272347, 30.78922746 ], [ 76.78321762, 30.78822215 ], [ 76.7836944, 30.78702231 ], [ 76.78390439, 30.78658984 ], [ 76.78404615, 30.78629648 ], [ 76.78437358, 30.78561889 ], [ 76.7851164, 30.78408164 ], [ 76.7859027, 30.78232875 ], [ 76.7862494, 30.78155763 ], [ 76.78648112, 30.78104226 ], [ 76.78684363, 30.78018644 ], [ 76.78700406, 30.77968219 ], [ 76.78622547, 30.77957519 ], [ 76.78468875, 30.7794231 ], [ 76.78406962, 30.77929052 ], [ 76.78367374, 30.7791999 ], [ 76.78294893, 30.77901194 ], [ 76.78185365, 30.77874769 ], [ 76.78031737, 30.7783826 ], [ 76.77933632, 30.777997 ], [ 76.78006762, 30.77645005 ], [ 76.78026967, 30.77597504 ], [ 76.78075316, 30.77483835 ], [ 76.78249286, 30.7711941 ], [ 76.78268322, 30.77079833 ], [ 76.78315336, 30.77072724 ], [ 76.78364213, 30.77072864 ], [ 76.78492417, 30.77075042 ], [ 76.78672063, 30.77078091 ], [ 76.78722661, 30.77078015 ], [ 76.78831648, 30.77077851 ], [ 76.79014618, 30.77084917 ], [ 76.79042276, 30.77029765 ], [ 76.79118324, 30.76867543 ], [ 76.79119347, 30.76836207 ], [ 76.79129518, 30.76751563 ], [ 76.79151255, 30.7686528 ], [ 76.79164903, 30.76904084 ], [ 76.79224041, 30.7693453 ], [ 76.79251138, 30.76948039 ], [ 76.79368447, 30.77006525 ], [ 76.79494689, 30.77069463 ], [ 76.79581862, 30.77111139 ], [ 76.79634133, 30.7711941 ], [ 76.79803286, 30.7713962 ], [ 76.7978338, 30.77179526 ], [ 76.79759517, 30.77215614 ], [ 76.79757316, 30.77241824 ], [ 76.79790982, 30.77259433 ], [ 76.79832381, 30.77268813 ], [ 76.79862007, 30.77275238 ], [ 76.79909415, 30.77289991 ], [ 76.79958858, 30.77327077 ], [ 76.79998149, 30.77348609 ], [ 76.80055185, 30.77367197 ], [ 76.800737, 30.77405022 ], [ 76.80090928, 30.77443175 ], [ 76.80126435, 30.774807 ], [ 76.80183961, 30.7752225 ], [ 76.80211243, 30.77541295 ], [ 76.80263085, 30.77574698 ], [ 76.80294099, 30.7758828 ], [ 76.80328853, 30.776028 ], [ 76.80375961, 30.77614883 ], [ 76.80422832, 30.77639196 ], [ 76.8046566, 30.77669585 ], [ 76.80509839, 30.77681005 ], [ 76.80540831, 30.77669839 ], [ 76.80599132, 30.77690165 ], [ 76.80659995, 30.77720128 ], [ 76.80652978, 30.77753119 ], [ 76.80691787, 30.77751208 ], [ 76.80719967, 30.77764313 ], [ 76.80745306, 30.77745978 ], [ 76.80785372, 30.77769436 ], [ 76.80814122, 30.77791653 ], [ 76.80836173, 30.77811985 ], [ 76.80866252, 30.77840325 ], [ 76.80888499, 30.77865748 ], [ 76.80923161, 30.77889765 ], [ 76.80951206, 30.77925577 ], [ 76.81029643, 30.77966624 ], [ 76.81057165, 30.77981171 ], [ 76.81096805, 30.77969212 ], [ 76.8115444, 30.77943835 ], [ 76.81203447, 30.77922056 ], [ 76.81233635, 30.77948815 ], [ 76.81255666, 30.77970289 ], [ 76.81318584, 30.78017022 ], [ 76.81347673, 30.78009665 ], [ 76.81391131, 30.77985623 ], [ 76.81427749, 30.77951438 ], [ 76.81454011, 30.77923209 ], [ 76.81479592, 30.77884167 ], [ 76.81521941, 30.7784812 ], [ 76.81666509, 30.77838981 ], [ 76.81761017, 30.7782916 ], [ 76.81831066, 30.77815465 ], [ 76.81854707, 30.77793015 ], [ 76.81846974, 30.77762207 ], [ 76.81834302, 30.77724001 ], [ 76.81821252, 30.77694459 ], [ 76.81810711, 30.77649364 ], [ 76.81818876, 30.77618628 ], [ 76.81828059, 30.77579611 ], [ 76.8181345, 30.77543448 ], [ 76.81782077, 30.77510996 ], [ 76.81851877, 30.77513284 ], [ 76.81907072, 30.77514111 ], [ 76.81953764, 30.77504851 ], [ 76.81972081, 30.77458371 ], [ 76.81960106, 30.77419324 ], [ 76.81947624, 30.77385633 ], [ 76.81928571, 30.77339201 ], [ 76.81918094, 30.7730322 ], [ 76.81885652, 30.77246019 ], [ 76.81823346, 30.77167508 ], [ 76.81792046, 30.77125567 ], [ 76.81757032, 30.77113868 ], [ 76.81703726, 30.77096713 ], [ 76.81670789, 30.77091265 ], [ 76.81581495, 30.77059698 ], [ 76.81539438, 30.770421 ], [ 76.81519736, 30.77009323 ], [ 76.81486164, 30.76984921 ], [ 76.81430909, 30.76954369 ], [ 76.81381424, 30.76926459 ], [ 76.81343242, 30.76922333 ], [ 76.81310745, 30.76909021 ], [ 76.81284739, 30.76883695 ], [ 76.81259022, 30.76864825 ], [ 76.81227506, 30.76862687 ], [ 76.81176813, 30.76851491 ], [ 76.81134391, 30.76859916 ], [ 76.8107206, 30.76838498 ], [ 76.80941743, 30.76780739 ], [ 76.80868758, 30.76752168 ], [ 76.80826686, 30.76730943 ], [ 76.8079863, 30.7671774 ], [ 76.80758425, 30.76708095 ], [ 76.80721469, 30.76700179 ], [ 76.80694022, 30.76679737 ], [ 76.80623563, 30.76638125 ], [ 76.80578086, 30.7661666 ], [ 76.80539049, 30.76572947 ], [ 76.8050957, 30.76523947 ], [ 76.80583983, 30.76421434 ], [ 76.80623293, 30.76367279 ], [ 76.80676973, 30.76309479 ], [ 76.80724819, 30.76257961 ], [ 76.80786476, 30.7619157 ], [ 76.81046993, 30.75853452 ], [ 76.813729, 30.7545376 ], [ 76.81498274, 30.75308775 ], [ 76.81557281, 30.753141 ], [ 76.81592241, 30.7533001 ], [ 76.81659091, 30.75359814 ], [ 76.81697324, 30.75386456 ], [ 76.81723983, 30.75405034 ], [ 76.81784073, 30.75465824 ], [ 76.81782995, 30.75529643 ], [ 76.81809944, 30.75653162 ], [ 76.81818491, 30.75691841 ], [ 76.81830179, 30.75735687 ], [ 76.81860157, 30.75779314 ], [ 76.81891395, 30.75819213 ], [ 76.81906874, 30.75842489 ], [ 76.8193086, 30.75889574 ], [ 76.81949992, 30.75929697 ], [ 76.81973358, 30.75980224 ], [ 76.81983118, 30.76006737 ], [ 76.81995284, 30.76055763 ], [ 76.8200038, 30.76085026 ], [ 76.82017321, 30.76106627 ], [ 76.8213847, 30.7610928 ], [ 76.82252407, 30.76114021 ], [ 76.82304253, 30.76116199 ], [ 76.82430332, 30.76131591 ], [ 76.82444377, 30.76226391 ], [ 76.82651497, 30.76351107 ], [ 76.82696989, 30.76314614 ], [ 76.82785396, 30.762389 ], [ 76.82945644, 30.76108948 ], [ 76.82971992, 30.76087581 ], [ 76.83130347, 30.75953518 ], [ 76.83179415, 30.75916655 ], [ 76.83287029, 30.75835807 ], [ 76.83360381, 30.75780698 ], [ 76.83573286, 30.75616625 ], [ 76.8369931, 30.75514765 ], [ 76.83773263, 30.75456267 ], [ 76.83810772, 30.7549527 ], [ 76.83857895, 30.75525048 ], [ 76.83884003, 30.75546924 ], [ 76.83899389, 30.75603983 ], [ 76.83939062, 30.75645712 ], [ 76.83961498, 30.75697133 ], [ 76.83968537, 30.75735698 ], [ 76.83991878, 30.75825753 ], [ 76.84008154, 30.75860117 ], [ 76.84017045, 30.7589491 ], [ 76.84014405, 30.75960304 ], [ 76.84006563, 30.76003596 ], [ 76.83986175, 30.76063128 ], [ 76.83955874, 30.76092883 ], [ 76.83932871, 30.7614023 ], [ 76.83927898, 30.761824 ], [ 76.83940677, 30.76233144 ], [ 76.83965202, 30.76283212 ], [ 76.83984428, 30.7630775 ], [ 76.83995988, 30.76332963 ], [ 76.83947125, 30.76323021 ], [ 76.83916876, 30.76330549 ], [ 76.83886045, 30.76383532 ], [ 76.83909782, 30.7646495 ], [ 76.83915501, 30.76525379 ], [ 76.83899548, 30.7658559 ], [ 76.83905544, 30.76626856 ], [ 76.83939323, 30.76703914 ], [ 76.83961464, 30.76760681 ], [ 76.84008317, 30.76887818 ], [ 76.84004663, 30.76919578 ], [ 76.83999439, 30.76947991 ], [ 76.83998898, 30.76995124 ], [ 76.84018725, 30.77045867 ], [ 76.8404222, 30.77074964 ], [ 76.84090262, 30.77099777 ], [ 76.84133868, 30.77111064 ], [ 76.84188445, 30.77126866 ], [ 76.84253154, 30.77150704 ], [ 76.84226556, 30.77178063 ], [ 76.84171414, 30.77209639 ], [ 76.84177407, 30.77339509 ], [ 76.84180503, 30.7745136 ], [ 76.84223429, 30.77480709 ], [ 76.84278157, 30.77518126 ], [ 76.84318926, 30.77546006 ], [ 76.84375801, 30.775849 ], [ 76.84458285, 30.77736457 ], [ 76.84535587, 30.77878066 ], [ 76.8462277, 30.77890282 ], [ 76.84667432, 30.77908806 ], [ 76.84701118, 30.77922777 ], [ 76.84764172, 30.77967018 ], [ 76.84803992, 30.77994957 ], [ 76.8484055, 30.78047282 ], [ 76.84876579, 30.78099597 ], [ 76.84883331, 30.78125751 ], [ 76.84918844, 30.78263318 ], [ 76.84967649, 30.7831215 ], [ 76.85003202, 30.78321691 ], [ 76.85078712, 30.78343804 ], [ 76.85136629, 30.78409486 ], [ 76.8520477, 30.78485565 ], [ 76.8523817, 30.78516478 ], [ 76.85310114, 30.78583064 ], [ 76.85378444, 30.78646304 ], [ 76.85439339, 30.78731269 ], [ 76.85301086, 30.78819474 ], [ 76.85137221, 30.79031585 ], [ 76.8507817, 30.7912294 ], [ 76.85116304, 30.79168999 ], [ 76.85196842, 30.79266272 ], [ 76.85283994, 30.79358836 ], [ 76.85343525, 30.79376164 ], [ 76.85700213, 30.79479984 ], [ 76.85665507, 30.79536477 ], [ 76.8541944, 30.79924894 ], [ 76.84692014, 30.80372247 ], [ 76.8453521, 30.80724798 ], [ 76.8458985, 30.80807894 ], [ 76.84674445, 30.80936547 ], [ 76.84738378, 30.81033776 ], [ 76.84752403, 30.81076666 ], [ 76.84790589, 30.81193439 ], [ 76.8488615, 30.8141986 ], [ 76.84874089, 30.81582219 ], [ 76.84870091, 30.8161649 ], [ 76.84849991, 30.81788769 ], [ 76.84826607, 30.82187696 ], [ 76.84817448, 30.82343938 ], [ 76.84817304, 30.82873855 ], [ 76.84586219, 30.8316155 ], [ 76.84672381, 30.83396083 ], [ 76.84551394, 30.83486545 ], [ 76.84479862, 30.83526657 ], [ 76.84392695, 30.83570374 ], [ 76.84349427, 30.83592047 ], [ 76.84322879, 30.83607266 ], [ 76.84292797, 30.83614278 ], [ 76.84258336, 30.83613727 ], [ 76.84114445, 30.8359764 ], [ 76.84002366, 30.83593427 ], [ 76.83882414, 30.83600942 ], [ 76.83757277, 30.83613432 ], [ 76.83627603, 30.83693922 ], [ 76.83567459, 30.83730001 ], [ 76.8342941, 30.83822446 ], [ 76.83370165, 30.83861674 ], [ 76.8331442, 30.83883375 ], [ 76.8324832, 30.83897888 ], [ 76.83107238, 30.83915719 ], [ 76.82984004, 30.83912923 ], [ 76.82806039, 30.84078372 ], [ 76.82714876, 30.84085805 ], [ 76.82659571, 30.84061844 ], [ 76.82617454, 30.84079836 ], [ 76.82547052, 30.84164474 ], [ 76.82483835, 30.84244286 ], [ 76.82454272, 30.84281609 ], [ 76.82315723, 30.84453737 ], [ 76.82264451, 30.84449 ], [ 76.82220358, 30.84442716 ], [ 76.82164718, 30.84428923 ], [ 76.82119456, 30.84406383 ], [ 76.82062901, 30.84378574 ], [ 76.82024095, 30.84359367 ], [ 76.8195585, 30.84330494 ], [ 76.8189026, 30.84306209 ], [ 76.81853922, 30.84292754 ], [ 76.8182239, 30.84282446 ], [ 76.81711554, 30.84278281 ], [ 76.81592131, 30.84284851 ], [ 76.81500369, 30.84278307 ], [ 76.81456396, 30.84294273 ], [ 76.81402573, 30.8431556 ], [ 76.81405267, 30.84397087 ], [ 76.81364439, 30.84491776 ], [ 76.81369034, 30.84522414 ], [ 76.81390473, 30.84577681 ], [ 76.81399643, 30.84620551 ], [ 76.81387018, 30.84658847 ], [ 76.81341312, 30.84702384 ], [ 76.81335803, 30.84747907 ], [ 76.81323026, 30.84787462 ], [ 76.81318757, 30.84823691 ], [ 76.81332321, 30.84857973 ], [ 76.81335965, 30.84895853 ], [ 76.81352146, 30.84933292 ], [ 76.81343814, 30.85049448 ], [ 76.81356564, 30.85096561 ], [ 76.81394332, 30.85163323 ], [ 76.81435082, 30.85220951 ], [ 76.81469553, 30.85249952 ], [ 76.81422479, 30.85304947 ], [ 76.81384975, 30.85344714 ], [ 76.8126188, 30.85476247 ], [ 76.81135405, 30.85608819 ], [ 76.80977343, 30.8572867 ], [ 76.80840353, 30.85844463 ], [ 76.80800897, 30.85876932 ], [ 76.80615945, 30.86029066 ], [ 76.80571248, 30.86043067 ], [ 76.80533404, 30.86051431 ], [ 76.80474716, 30.86064402 ], [ 76.80375271, 30.8622219 ], [ 76.80282295, 30.86397878 ], [ 76.80223308, 30.86479172 ], [ 76.80144862, 30.86586169 ], [ 76.80106309, 30.86618022 ], [ 76.80025677, 30.86665757 ], [ 76.79994052, 30.86683272 ], [ 76.79933201, 30.86716582 ], [ 76.79906148, 30.86729478 ], [ 76.7985249, 30.86750003 ], [ 76.79787497, 30.86761943 ], [ 76.79716443, 30.86772418 ], [ 76.79659217, 30.86788261 ], [ 76.79556458, 30.86825844 ], [ 76.79470561, 30.86858971 ], [ 76.79437533, 30.86871708 ], [ 76.79302153, 30.86910564 ], [ 76.79239787, 30.8692731 ], [ 76.79182314, 30.86942843 ], [ 76.79137482, 30.86954977 ], [ 76.79083402, 30.86965478 ], [ 76.79046251, 30.86984466 ], [ 76.79011874, 30.87023866 ], [ 76.78973884, 30.87077002 ], [ 76.78827991, 30.87271462 ], [ 76.7873669, 30.87392786 ], [ 76.78707722, 30.87429378 ], [ 76.78685628, 30.87456407 ], [ 76.78665399, 30.87484211 ], [ 76.78604815, 30.87567841 ], [ 76.78557673, 30.87624534 ], [ 76.78498685, 30.87709892 ], [ 76.78469872, 30.87745806 ], [ 76.78438066, 30.87791216 ], [ 76.78396304, 30.87866019 ], [ 76.78358262, 30.87937476 ], [ 76.78332722, 30.87991279 ], [ 76.7830575, 30.88049257 ], [ 76.78251478, 30.88165913 ], [ 76.78211158, 30.88252579 ], [ 76.78175775, 30.88338428 ], [ 76.78083694, 30.88562294 ], [ 76.78033818, 30.88738241 ], [ 76.77990467, 30.8889117 ], [ 76.77964583, 30.88978008 ], [ 76.77931528, 30.89088496 ], [ 76.77920878, 30.89119479 ], [ 76.77847604, 30.89332651 ], [ 76.77820872, 30.89410419 ], [ 76.77770423, 30.89572245 ], [ 76.77751845, 30.89638608 ], [ 76.77739972, 30.89679903 ], [ 76.77726258, 30.89884796 ], [ 76.7771768, 30.90089989 ], [ 76.77681282, 30.9039754 ], [ 76.77678187, 30.90428743 ], [ 76.77671114, 30.90460395 ], [ 76.77666331, 30.90488443 ], [ 76.77662027, 30.90525003 ], [ 76.77633066, 30.90555137 ], [ 76.77611996, 30.90591524 ], [ 76.7757565, 30.90595551 ], [ 76.77545241, 30.9061481 ], [ 76.77498293, 30.90618599 ], [ 76.77466887, 30.90620594 ], [ 76.77412751, 30.90621409 ], [ 76.77355501, 30.90616264 ], [ 76.77295307, 30.90620259 ], [ 76.77236272, 30.9064104 ], [ 76.77193313, 30.90661567 ], [ 76.77165895, 30.90684836 ], [ 76.77142485, 30.90714149 ], [ 76.77127446, 30.9074338 ], [ 76.77149363, 30.90778795 ], [ 76.77167331, 30.90825971 ], [ 76.77185323, 30.90860675 ], [ 76.77203479, 30.90895117 ], [ 76.77210547, 30.90936241 ], [ 76.77196884, 30.90970871 ], [ 76.7717235, 30.91013953 ], [ 76.77126914, 30.91066874 ], [ 76.77099437, 30.91107444 ], [ 76.7707464, 30.91140731 ], [ 76.77065922, 30.9117131 ], [ 76.77070923, 30.91215615 ], [ 76.77079807, 30.9124444 ], [ 76.77060131, 30.91280235 ], [ 76.7698261, 30.91341847 ], [ 76.76940225, 30.91380146 ], [ 76.76912867, 30.91407471 ], [ 76.76866885, 30.91471272 ], [ 76.76845685, 30.91530578 ], [ 76.76817826, 30.91556669 ], [ 76.7674532, 30.91611236 ], [ 76.76701828, 30.91648533 ], [ 76.76677551, 30.91691614 ], [ 76.76654283, 30.91752264 ], [ 76.76643019, 30.91810093 ], [ 76.76638357, 30.9185114 ], [ 76.76642932, 30.91899047 ], [ 76.76645144, 30.91946285 ], [ 76.76641228, 30.92003768 ], [ 76.76627783, 30.92043385 ], [ 76.76614661, 30.92079284 ], [ 76.76578404, 30.92107893 ], [ 76.76534786, 30.92132676 ], [ 76.76454172, 30.92172576 ], [ 76.76371307, 30.92161849 ], [ 76.76304201, 30.92181375 ], [ 76.76263711, 30.92194334 ], [ 76.76210284, 30.92200329 ], [ 76.76157031, 30.92208964 ], [ 76.76104296, 30.92216244 ], [ 76.76049441, 30.92242484 ], [ 76.76007711, 30.92271298 ], [ 76.7597615, 30.92310934 ], [ 76.75978079, 30.92382977 ], [ 76.75986514, 30.9241762 ], [ 76.75995828, 30.92442319 ], [ 76.76000605, 30.92482893 ], [ 76.75997491, 30.92524548 ], [ 76.75971541, 30.92585503 ], [ 76.7595266, 30.92614129 ], [ 76.7591929, 30.92646415 ], [ 76.75883676, 30.92667529 ], [ 76.75837958, 30.92691876 ], [ 76.75801618, 30.92712974 ], [ 76.75759044, 30.92738186 ], [ 76.75695442, 30.92766543 ], [ 76.75625779, 30.92789313 ], [ 76.75546325, 30.92812832 ], [ 76.75493903, 30.92826447 ], [ 76.75450771, 30.92832509 ], [ 76.75413722, 30.92828615 ], [ 76.75354846, 30.92821242 ], [ 76.7532024, 30.92814112 ], [ 76.75183787, 30.92782284 ], [ 76.75069101, 30.92740145 ], [ 76.74977827, 30.92746945 ], [ 76.74916981, 30.9278982 ], [ 76.74903829, 30.92817305 ], [ 76.74886872, 30.9284016 ], [ 76.74865953, 30.92898868 ], [ 76.74860942, 30.92930538 ], [ 76.74852066, 30.93007979 ], [ 76.74834725, 30.93036805 ], [ 76.74805928, 30.93047119 ], [ 76.74738906, 30.93068869 ], [ 76.74716795, 30.93119104 ], [ 76.74705671, 30.93172302 ], [ 76.7468604, 30.93205296 ], [ 76.74616615, 30.93215874 ], [ 76.7456166, 30.93226142 ], [ 76.74465796, 30.93269697 ], [ 76.7438717, 30.93328619 ], [ 76.74311144, 30.93389354 ], [ 76.74239908, 30.93420777 ], [ 76.74163464, 30.93441373 ], [ 76.74075945, 30.93497568 ], [ 76.74027069, 30.93529422 ], [ 76.73995229, 30.93550172 ], [ 76.73972461, 30.93605655 ], [ 76.73973514, 30.93650256 ], [ 76.73989646, 30.93682754 ], [ 76.74006716, 30.93754952 ], [ 76.73974659, 30.93808097 ], [ 76.73934195, 30.93871603 ], [ 76.73907412, 30.93906276 ], [ 76.7384531, 30.93911956 ], [ 76.73766081, 30.93929896 ], [ 76.73740364, 30.93959156 ], [ 76.73724398, 30.93994546 ], [ 76.73788443, 30.94083912 ], [ 76.73781479, 30.94112395 ], [ 76.73773252, 30.94165296 ], [ 76.73732347, 30.94238224 ], [ 76.73708701, 30.94311052 ], [ 76.73665364, 30.94443501 ], [ 76.73654825, 30.9447571 ], [ 76.73612754, 30.94621761 ], [ 76.73605827, 30.94774249 ], [ 76.73652312, 30.94889608 ], [ 76.73691249, 30.94921192 ], [ 76.73718799, 30.94952642 ], [ 76.73688998, 30.94966847 ], [ 76.73654886, 30.94962446 ], [ 76.73578811, 30.94952629 ], [ 76.73524003, 30.94946204 ], [ 76.73461424, 30.94938869 ], [ 76.7337391, 30.9493252 ], [ 76.73247182, 30.95044627 ], [ 76.73188098, 30.95129969 ], [ 76.72846672, 30.9548608 ], [ 76.72734316, 30.9561544 ], [ 76.72696816, 30.95670361 ], [ 76.72618764, 30.95706668 ], [ 76.72584416, 30.95703519 ], [ 76.72541543, 30.95723243 ], [ 76.72513163, 30.95755525 ], [ 76.72372596, 30.95976911 ], [ 76.72288661, 30.96065845 ], [ 76.7225004, 30.96093068 ], [ 76.72215259, 30.96115265 ], [ 76.72164965, 30.96127958 ], [ 76.72105532, 30.96134538 ], [ 76.7202904, 30.96109346 ], [ 76.71966381, 30.96093041 ], [ 76.71900603, 30.96064798 ], [ 76.71803955, 30.95995817 ], [ 76.71697714, 30.95978408 ], [ 76.71662857, 30.96012482 ], [ 76.71662851, 30.96053066 ], [ 76.71646458, 30.96081623 ], [ 76.71568422, 30.96117983 ], [ 76.71429892, 30.96213537 ], [ 76.71312271, 30.96307082 ], [ 76.71262928, 30.96378346 ], [ 76.71138261, 30.96494049 ], [ 76.71081647, 30.96611822 ], [ 76.71039594, 30.96721351 ], [ 76.71018326, 30.96778365 ], [ 76.71047841, 30.96877743 ], [ 76.71000593, 30.96948983 ], [ 76.70960644, 30.9697732 ], [ 76.70871636, 30.97032605 ], [ 76.70809959, 30.97040444 ], [ 76.70772805, 30.97029081 ], [ 76.70638271, 30.96987935 ], [ 76.70562934, 30.96953732 ], [ 76.70532211, 30.96995752 ], [ 76.7050205, 30.97023627 ], [ 76.70466406, 30.97056568 ], [ 76.70303981, 30.97077251 ], [ 76.70061266, 30.9708988 ], [ 76.70030965, 30.97090632 ], [ 76.6997408, 30.97092 ], [ 76.69804601, 30.97073776 ], [ 76.69614808, 30.97006331 ], [ 76.69477502, 30.96950538 ], [ 76.69317208, 30.9689791 ], [ 76.69223801, 30.96869484 ], [ 76.69139501, 30.96875648 ], [ 76.69047193, 30.96881853 ], [ 76.68931363, 30.96855423 ], [ 76.6881673, 30.96847506 ], [ 76.68677807, 30.96829395 ], [ 76.68576492, 30.96817262 ], [ 76.68539014, 30.9682165 ], [ 76.68470289, 30.96825367 ], [ 76.68361764, 30.96791254 ], [ 76.68298926, 30.96791384 ], [ 76.6819392, 30.96807674 ], [ 76.68010432, 30.9682604 ], [ 76.67713924, 30.96846784 ], [ 76.67584905, 30.96852826 ], [ 76.67546535, 30.96854623 ], [ 76.67410153, 30.96873 ], [ 76.67322861, 30.9688326 ], [ 76.67381943, 30.9696037 ], [ 76.6741518, 30.97027621 ], [ 76.67391427, 30.97053996 ], [ 76.67344298, 30.97094553 ], [ 76.67309271, 30.9714132 ], [ 76.67327873, 30.97163698 ], [ 76.67327867, 30.9720609 ], [ 76.67311383, 30.97271169 ], [ 76.67290165, 30.97419274 ], [ 76.67186871, 30.97518997 ], [ 76.67130314, 30.97573597 ], [ 76.67071388, 30.97634552 ], [ 76.66990352, 30.97642956 ], [ 76.66947226, 30.97642132 ], [ 76.66916117, 30.9762126 ], [ 76.66874804, 30.97653022 ], [ 76.66834825, 30.97680435 ], [ 76.66812614, 30.97704987 ], [ 76.66785778, 30.97735896 ], [ 76.66724404, 30.97811762 ], [ 76.66660831, 30.9796385 ], [ 76.6664039, 30.97990874 ], [ 76.66576341, 30.98075548 ], [ 76.66470225, 30.98130615 ], [ 76.66305318, 30.98215978 ], [ 76.66248813, 30.98229844 ], [ 76.66163976, 30.98128868 ], [ 76.66123788, 30.98090117 ], [ 76.66064821, 30.98106172 ], [ 76.65990673, 30.98126361 ], [ 76.65908194, 30.98144694 ], [ 76.65872984, 30.98177024 ], [ 76.65849521, 30.98254499 ], [ 76.65816678, 30.982826 ], [ 76.65717541, 30.98309193 ], [ 76.65606757, 30.98401717 ], [ 76.65446839, 30.98565045 ], [ 76.65370677, 30.98627487 ], [ 76.65263334, 30.98715493 ], [ 76.6515723, 30.98772359 ], [ 76.65105502, 30.98780487 ], [ 76.64928916, 30.98810922 ], [ 76.64652042, 30.98859829 ], [ 76.64502557, 30.98879191 ], [ 76.64308294, 30.98920144 ], [ 76.64113154, 30.98975083 ], [ 76.63960312, 30.98994773 ], [ 76.63876375, 30.99005587 ], [ 76.63803362, 30.99029674 ], [ 76.63722239, 30.99119225 ], [ 76.63692097, 30.99182173 ], [ 76.63644776, 30.99253387 ], [ 76.63597845, 30.99357521 ], [ 76.63516472, 30.99470516 ], [ 76.63381277, 30.99593462 ], [ 76.63229111, 30.99666088 ], [ 76.6312108, 30.99726963 ], [ 76.62857751, 30.99817658 ], [ 76.62738624, 30.99838087 ], [ 76.62650189, 30.99842016 ], [ 76.62540009, 30.99858606 ], [ 76.62485906, 30.99878039 ], [ 76.62477282, 30.99921272 ], [ 76.62480524, 30.9999524 ], [ 76.62470848, 31.00090745 ], [ 76.62465727, 31.00229187 ], [ 76.62460466, 31.00271614 ], [ 76.62458187, 31.00345141 ], [ 76.62459174, 31.00384364 ], [ 76.62477279, 31.00410361 ], [ 76.62517847, 31.0043938 ], [ 76.62553411, 31.00472374 ], [ 76.62574694, 31.00501505 ], [ 76.62588845, 31.00546926 ], [ 76.62598581, 31.00662733 ], [ 76.62602694, 31.00717898 ], [ 76.62611294, 31.00808727 ], [ 76.62621069, 31.0088305 ], [ 76.62637841, 31.00928451 ], [ 76.62655451, 31.00965604 ], [ 76.62664799, 31.00994498 ], [ 76.62677853, 31.01036325 ], [ 76.62682681, 31.01089945 ], [ 76.6267996, 31.01131208 ], [ 76.62671287, 31.01167835 ], [ 76.62672066, 31.0121134 ], [ 76.62667704, 31.01286238 ], [ 76.62674265, 31.01353818 ], [ 76.62670727, 31.01409767 ], [ 76.6267351, 31.01467919 ], [ 76.62671373, 31.01508966 ], [ 76.6267135, 31.01551354 ], [ 76.62680154, 31.01587805 ], [ 76.62711195, 31.01644357 ], [ 76.62729928, 31.01691139 ], [ 76.62726762, 31.01721327 ], [ 76.62713573, 31.01757517 ], [ 76.62698164, 31.01782457 ], [ 76.62676006, 31.01813311 ], [ 76.62653574, 31.01864692 ], [ 76.62648798, 31.01948387 ], [ 76.62656025, 31.02028591 ], [ 76.6266131, 31.02077247 ], [ 76.62673349, 31.02210169 ], [ 76.62682792, 31.02256084 ], [ 76.62711674, 31.02296135 ], [ 76.62741535, 31.02307873 ], [ 76.62777751, 31.02315231 ], [ 76.62867496, 31.02331581 ], [ 76.6290543, 31.0235041 ], [ 76.62850059, 31.02406591 ], [ 76.62824246, 31.02456612 ], [ 76.6273868, 31.02469224 ], [ 76.6265629, 31.02495762 ], [ 76.62559012, 31.02506988 ], [ 76.6248136, 31.02516905 ], [ 76.62445342, 31.02549459 ], [ 76.62413728, 31.02577698 ], [ 76.62365233, 31.02595251 ], [ 76.62305656, 31.02606595 ], [ 76.62249681, 31.02611594 ], [ 76.62225529, 31.02651483 ], [ 76.62196497, 31.02721185 ], [ 76.62151501, 31.02769372 ], [ 76.62077747, 31.02821422 ], [ 76.62009944, 31.02848621 ], [ 76.61944719, 31.02865863 ], [ 76.61915436, 31.02884931 ], [ 76.6189151, 31.02929458 ], [ 76.61855314, 31.02962505 ], [ 76.61792929, 31.0296368 ], [ 76.61736421, 31.02968685 ], [ 76.61701537, 31.02986116 ], [ 76.61653615, 31.03052823 ], [ 76.61648179, 31.03080826 ], [ 76.61656776, 31.03144785 ], [ 76.61662162, 31.0324711 ], [ 76.61661985, 31.03321515 ], [ 76.61651929, 31.0340187 ], [ 76.61618728, 31.03518947 ], [ 76.61599832, 31.03605246 ], [ 76.61593977, 31.03664595 ], [ 76.61555063, 31.03690628 ], [ 76.61533494, 31.03778303 ], [ 76.61501949, 31.03812618 ], [ 76.61494714, 31.03844249 ], [ 76.61445002, 31.03933228 ], [ 76.61400034, 31.04034012 ], [ 76.61331226, 31.04152751 ], [ 76.61300085, 31.04222469 ], [ 76.61243591, 31.04319 ], [ 76.61176374, 31.0443829 ], [ 76.61139924, 31.04502977 ], [ 76.61097435, 31.04588575 ], [ 76.6111531, 31.04638471 ], [ 76.61172004, 31.04712902 ], [ 76.61211217, 31.04765656 ], [ 76.61268918, 31.04829699 ], [ 76.61323942, 31.0487703 ], [ 76.61432164, 31.04948244 ], [ 76.61553165, 31.05037388 ], [ 76.61579806, 31.05056447 ], [ 76.6171322, 31.05151891 ], [ 76.61802586, 31.05216296 ], [ 76.61883869, 31.05274874 ], [ 76.62018107, 31.05375619 ], [ 76.62043153, 31.05410625 ], [ 76.62058612, 31.05441066 ], [ 76.62098462, 31.05443537 ], [ 76.62144103, 31.05442619 ], [ 76.62195619, 31.05443068 ], [ 76.62212989, 31.05465014 ], [ 76.62244629, 31.0549077 ], [ 76.62254213, 31.05530607 ], [ 76.62221869, 31.05597061 ], [ 76.62181169, 31.05681266 ], [ 76.6222122, 31.05680529 ], [ 76.62272718, 31.05680681 ], [ 76.62290282, 31.05702379 ], [ 76.62312742, 31.05720035 ], [ 76.62338318, 31.05743603 ], [ 76.62330336, 31.05776451 ], [ 76.62299722, 31.05834537 ], [ 76.62248479, 31.05941722 ], [ 76.62192002, 31.06050241 ], [ 76.62145497, 31.0615293 ], [ 76.62110249, 31.06188451 ], [ 76.62087713, 31.06218082 ], [ 76.6202444, 31.06292829 ], [ 76.61978643, 31.06349515 ], [ 76.61966475, 31.06379248 ], [ 76.61982423, 31.0645325 ], [ 76.6200682, 31.06511047 ], [ 76.62037463, 31.06593211 ], [ 76.62041932, 31.06638776 ], [ 76.61992318, 31.06731082 ], [ 76.61963315, 31.067788 ], [ 76.61919121, 31.06824671 ], [ 76.61879604, 31.06880025 ], [ 76.61860608, 31.06914245 ], [ 76.61806953, 31.06996845 ], [ 76.61794164, 31.07022728 ], [ 76.61798707, 31.07070567 ], [ 76.61808322, 31.07151748 ], [ 76.61798669, 31.0720539 ], [ 76.61780068, 31.07272532 ], [ 76.61771514, 31.07315599 ], [ 76.61785758, 31.07366728 ], [ 76.61783582, 31.0739315 ], [ 76.61814984, 31.07450316 ], [ 76.61853411, 31.07537919 ], [ 76.61865441, 31.07579677 ], [ 76.61873045, 31.07606071 ], [ 76.61868065, 31.076728 ], [ 76.61847429, 31.07725055 ], [ 76.61805458, 31.0782151 ], [ 76.61916645, 31.07849449 ], [ 76.62054441, 31.07892448 ], [ 76.62175333, 31.07923868 ], [ 76.62283955, 31.07936901 ], [ 76.62317639, 31.07972002 ], [ 76.62315807, 31.08013252 ], [ 76.62311434, 31.0804533 ], [ 76.62328602, 31.08079457 ], [ 76.62358133, 31.08095879 ], [ 76.62359673, 31.08137352 ], [ 76.6235179, 31.08174908 ], [ 76.6236587, 31.08218244 ], [ 76.62373852, 31.08273864 ], [ 76.62381388, 31.0831258 ], [ 76.62351363, 31.08366051 ], [ 76.62346101, 31.0840894 ], [ 76.62380669, 31.08452153 ], [ 76.62398676, 31.08490099 ], [ 76.62384167, 31.08548624 ], [ 76.62404186, 31.08602337 ], [ 76.62434701, 31.08634792 ], [ 76.62454845, 31.08654199 ], [ 76.62480803, 31.08677879 ], [ 76.62482524, 31.08705804 ], [ 76.62466982, 31.08750596 ], [ 76.62462775, 31.08793698 ], [ 76.62480768, 31.0885329 ], [ 76.62480878, 31.08906501 ], [ 76.62494737, 31.08970413 ], [ 76.62532538, 31.0906523 ], [ 76.62573198, 31.09148583 ], [ 76.62628434, 31.0924206 ], [ 76.62657814, 31.09289602 ], [ 76.62693907, 31.09328069 ], [ 76.62801021, 31.09433552 ], [ 76.62844402, 31.09467896 ], [ 76.62945973, 31.09547727 ], [ 76.63028675, 31.09614837 ], [ 76.63094459, 31.09694777 ], [ 76.63084778, 31.0974018 ], [ 76.63177361, 31.09765579 ], [ 76.63215306, 31.09783859 ], [ 76.63211319, 31.09823206 ], [ 76.63206347, 31.09849371 ], [ 76.63183864, 31.09917393 ], [ 76.63173463, 31.09948865 ], [ 76.63182383, 31.09993432 ], [ 76.63251094, 31.10042433 ], [ 76.63299209, 31.10094301 ], [ 76.63367402, 31.10161459 ], [ 76.63414276, 31.10123289 ], [ 76.63456429, 31.10091713 ], [ 76.6350134, 31.10106062 ], [ 76.63563452, 31.10128519 ], [ 76.63594603, 31.10147628 ], [ 76.63610121, 31.10174551 ], [ 76.63611499, 31.10202497 ], [ 76.63622929, 31.10235579 ], [ 76.63672068, 31.1027141 ], [ 76.63715386, 31.10299432 ], [ 76.63737678, 31.10323134 ], [ 76.63780757, 31.10375062 ], [ 76.63796163, 31.10436254 ], [ 76.63795684, 31.10507593 ], [ 76.63790943, 31.10569775 ], [ 76.63791295, 31.10599535 ], [ 76.63792966, 31.10651379 ], [ 76.63784112, 31.10700159 ], [ 76.63801748, 31.10728411 ], [ 76.63825635, 31.10753907 ], [ 76.6385763, 31.10799841 ], [ 76.63827578, 31.10872483 ], [ 76.63820613, 31.10903654 ], [ 76.6381711, 31.10961864 ], [ 76.63803472, 31.11004821 ], [ 76.63791334, 31.11041902 ], [ 76.63768611, 31.11070065 ], [ 76.63741022, 31.11086543 ], [ 76.63708711, 31.11145896 ], [ 76.63703573, 31.11199151 ], [ 76.63697686, 31.11276319 ], [ 76.6368548, 31.1135218 ], [ 76.63649162, 31.11515743 ], [ 76.63639578, 31.11547755 ], [ 76.63619925, 31.116134 ], [ 76.63608159, 31.11637406 ], [ 76.63543315, 31.11641742 ], [ 76.63478521, 31.11624116 ], [ 76.63421563, 31.11595758 ], [ 76.63347315, 31.11567547 ], [ 76.63297628, 31.11558003 ], [ 76.6325404, 31.11613914 ], [ 76.6319438, 31.11685462 ], [ 76.63150097, 31.11685185 ], [ 76.63074418, 31.11688065 ], [ 76.63038813, 31.11681932 ], [ 76.62997374, 31.11674793 ], [ 76.62955865, 31.11658613 ], [ 76.62897248, 31.11630127 ], [ 76.6272285, 31.11555893 ], [ 76.62569351, 31.11518907 ], [ 76.62503977, 31.11518446 ], [ 76.62484884, 31.11557527 ], [ 76.6245689, 31.11608425 ], [ 76.62441774, 31.11635908 ], [ 76.62404749, 31.11661262 ], [ 76.62351863, 31.11656987 ], [ 76.62233674, 31.11622337 ], [ 76.62153591, 31.11601901 ], [ 76.62058678, 31.11599121 ], [ 76.61973806, 31.11603459 ], [ 76.61916879, 31.11613964 ], [ 76.61868671, 31.1162286 ], [ 76.61785572, 31.11628949 ], [ 76.61698217, 31.11617639 ], [ 76.61684442, 31.11647913 ], [ 76.61649581, 31.1171495 ], [ 76.61604794, 31.11784786 ], [ 76.61582247, 31.11829171 ], [ 76.61556315, 31.11897488 ], [ 76.61544729, 31.11937719 ], [ 76.61516675, 31.11960062 ], [ 76.61480401, 31.11995546 ], [ 76.61466629, 31.12028136 ], [ 76.6142761, 31.1209882 ], [ 76.61405117, 31.12147716 ], [ 76.61365376, 31.12201268 ], [ 76.61337882, 31.12226307 ], [ 76.61287824, 31.12248834 ], [ 76.61216783, 31.12271091 ], [ 76.61184312, 31.1227408 ], [ 76.61132124, 31.12281225 ], [ 76.61089425, 31.12273997 ], [ 76.61040332, 31.12260103 ], [ 76.6097824, 31.12272684 ], [ 76.60944523, 31.12300494 ], [ 76.60905969, 31.12312497 ], [ 76.60807518, 31.12352256 ], [ 76.60772109, 31.12351132 ], [ 76.60740285, 31.12331002 ], [ 76.60668651, 31.12290243 ], [ 76.60628468, 31.12284308 ], [ 76.60554401, 31.12293033 ], [ 76.60519983, 31.12309108 ], [ 76.60466242, 31.12353539 ], [ 76.60403513, 31.12371912 ], [ 76.60351416, 31.12374584 ], [ 76.60289338, 31.12374512 ], [ 76.60205486, 31.12388957 ], [ 76.60208705, 31.12456077 ], [ 76.60225842, 31.12532588 ], [ 76.60236473, 31.12590221 ], [ 76.60231269, 31.12617238 ], [ 76.60191242, 31.12713712 ], [ 76.60165044, 31.12805929 ], [ 76.60165151, 31.12860038 ], [ 76.60194493, 31.12903974 ], [ 76.60259052, 31.12955285 ], [ 76.60306467, 31.12983294 ], [ 76.60359877, 31.13014844 ], [ 76.60419178, 31.1306484 ], [ 76.60435388, 31.13107087 ], [ 76.6043906, 31.13197248 ], [ 76.60424093, 31.13353398 ], [ 76.60432342, 31.13386242 ], [ 76.60495369, 31.13441619 ], [ 76.60582709, 31.13512571 ], [ 76.60636916, 31.13575232 ], [ 76.60719402, 31.13680499 ], [ 76.60818758, 31.13792824 ], [ 76.60841157, 31.13817574 ], [ 76.6090056, 31.13883213 ], [ 76.60952178, 31.13948603 ], [ 76.60985214, 31.13993863 ], [ 76.61004894, 31.14018041 ], [ 76.61047665, 31.1404383 ], [ 76.61064233, 31.14070743 ], [ 76.61051997, 31.14113613 ], [ 76.60973185, 31.14221239 ], [ 76.60897327, 31.14303511 ], [ 76.6090421, 31.14332313 ], [ 76.60938542, 31.14353664 ], [ 76.60996573, 31.14383374 ], [ 76.61059373, 31.14417555 ], [ 76.61098825, 31.14459017 ], [ 76.61147185, 31.14547817 ], [ 76.61204363, 31.14664764 ], [ 76.61222691, 31.14798083 ], [ 76.61240289, 31.14822738 ], [ 76.61068136, 31.14831665 ], [ 76.61033357, 31.14876845 ], [ 76.60998176, 31.14939975 ], [ 76.60936779, 31.14922304 ], [ 76.60807242, 31.14877556 ], [ 76.60763566, 31.14862468 ], [ 76.60725513, 31.14862428 ], [ 76.60725401, 31.15007552 ], [ 76.60699188, 31.15098413 ], [ 76.60656435, 31.1516507 ], [ 76.60593466, 31.15206194 ], [ 76.6053044, 31.15243256 ], [ 76.60454816, 31.15255248 ], [ 76.60413193, 31.15261848 ], [ 76.6023509, 31.15278713 ], [ 76.60187186, 31.15308656 ], [ 76.60180724, 31.15339604 ], [ 76.60203772, 31.15382238 ], [ 76.60247252, 31.15423359 ], [ 76.60251989, 31.15470214 ], [ 76.60281536, 31.15531284 ], [ 76.60298601, 31.15554198 ], [ 76.60339599, 31.15609249 ], [ 76.60362764, 31.15646544 ], [ 76.60385566, 31.15683257 ], [ 76.60408857, 31.15747547 ], [ 76.60426891, 31.15810067 ], [ 76.60428401, 31.15849743 ], [ 76.60425072, 31.15879533 ], [ 76.60428638, 31.15915125 ], [ 76.60438575, 31.15957878 ], [ 76.60463799, 31.1598315 ], [ 76.6052518, 31.16009669 ], [ 76.60515194, 31.16053316 ], [ 76.6047796, 31.16098677 ], [ 76.60459872, 31.16121379 ], [ 76.604483, 31.16163869 ], [ 76.60453089, 31.16237104 ], [ 76.60431761, 31.16274489 ], [ 76.60411679, 31.16306702 ], [ 76.6038861, 31.16352874 ], [ 76.60350783, 31.16392428 ], [ 76.60316957, 31.16438039 ], [ 76.60312715, 31.1650188 ], [ 76.60330971, 31.16538698 ], [ 76.60374005, 31.16585679 ], [ 76.60391995, 31.16644144 ], [ 76.6038868, 31.16675293 ], [ 76.60406674, 31.1671144 ], [ 76.60425089, 31.16739014 ], [ 76.60466926, 31.16772393 ], [ 76.60538883, 31.16828218 ], [ 76.6058388, 31.1686391 ], [ 76.60668042, 31.16929468 ], [ 76.60687726, 31.16953654 ], [ 76.60716109, 31.17003461 ], [ 76.60766298, 31.17079916 ], [ 76.60730211, 31.17115367 ], [ 76.60791675, 31.17162978 ], [ 76.60867792, 31.17273698 ], [ 76.60905331, 31.17330183 ], [ 76.60807691, 31.17349275 ], [ 76.60754852, 31.17443369 ], [ 76.60805619, 31.17599559 ], [ 76.60832806, 31.17747109 ], [ 76.60765974, 31.17790134 ], [ 76.60670603, 31.17779086 ], [ 76.6049939, 31.17700224 ], [ 76.60454612, 31.17700602 ], [ 76.60416236, 31.17693709 ], [ 76.60391381, 31.17676344 ], [ 76.60377774, 31.1763271 ], [ 76.60342943, 31.17612576 ], [ 76.60173993, 31.17576073 ], [ 76.60145002, 31.17589105 ], [ 76.60078564, 31.17618969 ], [ 76.59990023, 31.17718818 ], [ 76.60013889, 31.17852863 ], [ 76.60146182, 31.17882262 ], [ 76.60391283, 31.17939236 ], [ 76.60467514, 31.17953914 ], [ 76.60588501, 31.17983083 ], [ 76.60702765, 31.1801998 ], [ 76.608647, 31.18097049 ], [ 76.61048404, 31.18196026 ], [ 76.61122821, 31.18234615 ], [ 76.61187896, 31.18282302 ], [ 76.61267913, 31.18351502 ], [ 76.61310544, 31.18407954 ], [ 76.61369352, 31.18502135 ], [ 76.61408725, 31.18577542 ], [ 76.61425617, 31.18629428 ], [ 76.61452456, 31.18700282 ], [ 76.61464367, 31.18775932 ], [ 76.61468766, 31.18838118 ], [ 76.61475407, 31.18912016 ], [ 76.61486577, 31.18970089 ], [ 76.61504274, 31.19002858 ], [ 76.61565643, 31.19046961 ], [ 76.61613223, 31.19077663 ], [ 76.61651296, 31.19103943 ], [ 76.61676413, 31.19142505 ], [ 76.61725187, 31.19230462 ], [ 76.61745839, 31.19254827 ], [ 76.61776788, 31.1929134 ], [ 76.61857775, 31.19352414 ], [ 76.61890342, 31.19369183 ], [ 76.61955959, 31.1940297 ], [ 76.62004845, 31.19427874 ], [ 76.62069957, 31.19461045 ], [ 76.62179678, 31.19511491 ], [ 76.62285672, 31.19557013 ], [ 76.62348115, 31.19602011 ], [ 76.62410592, 31.1965721 ], [ 76.62471375, 31.19721366 ], [ 76.6251476, 31.19763797 ], [ 76.62544816, 31.19776153 ], [ 76.62607954, 31.19790935 ], [ 76.62684668, 31.19814037 ], [ 76.62755013, 31.1984827 ], [ 76.62835876, 31.19898062 ], [ 76.62918248, 31.19942883 ], [ 76.6298747, 31.19983309 ], [ 76.63018085, 31.19999272 ], [ 76.6305842, 31.2001489 ], [ 76.63122166, 31.20043397 ], [ 76.63249043, 31.20095996 ], [ 76.63276973, 31.20106573 ], [ 76.63336627, 31.20137161 ], [ 76.63433094, 31.20175095 ], [ 76.63518688, 31.20224844 ], [ 76.63583785, 31.20272064 ], [ 76.63643923, 31.20308217 ], [ 76.63696887, 31.20340056 ], [ 76.63766597, 31.20421962 ], [ 76.63804683, 31.20447332 ], [ 76.63911017, 31.20476146 ], [ 76.63948067, 31.20502873 ], [ 76.64001829, 31.2052359 ], [ 76.64060818, 31.20541556 ], [ 76.64124623, 31.20568503 ], [ 76.64162234, 31.2059838 ], [ 76.6418316, 31.20636066 ], [ 76.64214384, 31.20702532 ], [ 76.64234156, 31.2073166 ], [ 76.64301282, 31.20774012 ], [ 76.64384955, 31.20836745 ], [ 76.64540619, 31.20911943 ], [ 76.64550504, 31.20989035 ], [ 76.64544579, 31.21019298 ], [ 76.64515988, 31.21041878 ], [ 76.64474318, 31.21067721 ], [ 76.64431642, 31.21096739 ], [ 76.64420913, 31.211647 ], [ 76.64420786, 31.21197618 ], [ 76.64398526, 31.21233327 ], [ 76.64354509, 31.21271104 ], [ 76.64309521, 31.21291407 ], [ 76.64305011, 31.21333057 ], [ 76.64269055, 31.21339311 ], [ 76.64234486, 31.21330926 ], [ 76.6423943, 31.21369814 ], [ 76.64244266, 31.2140146 ], [ 76.64210416, 31.21428174 ], [ 76.64149715, 31.21412667 ], [ 76.64112411, 31.21429876 ], [ 76.64074183, 31.21457724 ], [ 76.64008254, 31.21495282 ], [ 76.63946358, 31.21541383 ], [ 76.63885913, 31.21562964 ], [ 76.63860486, 31.21536278 ], [ 76.63807397, 31.21535576 ], [ 76.63773435, 31.21547417 ], [ 76.63758923, 31.21590177 ], [ 76.63739359, 31.21639104 ], [ 76.63710358, 31.21674076 ], [ 76.6367826, 31.21674092 ], [ 76.63643305, 31.21675299 ], [ 76.63579533, 31.21699601 ], [ 76.63540004, 31.21722867 ], [ 76.63482806, 31.21744789 ], [ 76.63457143, 31.2178032 ], [ 76.63481952, 31.21804768 ], [ 76.63530915, 31.21806776 ], [ 76.63598823, 31.2181062 ], [ 76.63626646, 31.21792673 ], [ 76.63667561, 31.21769039 ], [ 76.63693697, 31.2178305 ], [ 76.63692329, 31.21812156 ], [ 76.63712724, 31.218382 ], [ 76.63732086, 31.21883429 ], [ 76.63684588, 31.2193262 ], [ 76.63697518, 31.21971063 ], [ 76.63705496, 31.22008417 ], [ 76.63702263, 31.22050761 ], [ 76.63718256, 31.22080903 ], [ 76.63851863, 31.2210678 ], [ 76.64060088, 31.22141459 ], [ 76.64145358, 31.22236323 ], [ 76.64178497, 31.22273191 ], [ 76.64138582, 31.22286817 ], [ 76.64096125, 31.22282206 ], [ 76.63873774, 31.22258172 ], [ 76.63818129, 31.22269861 ], [ 76.63668871, 31.2230103 ], [ 76.63590412, 31.22317414 ], [ 76.63538242, 31.22336128 ], [ 76.63509802, 31.22367619 ], [ 76.63481442, 31.2242074 ], [ 76.63443128, 31.22468899 ], [ 76.63411877, 31.22439847 ], [ 76.63381123, 31.22408748 ], [ 76.63352738, 31.22388676 ], [ 76.63312231, 31.22383806 ], [ 76.6323297, 31.22383357 ], [ 76.63191785, 31.22380504 ], [ 76.63149027, 31.22402477 ], [ 76.63145649, 31.22433461 ], [ 76.63137479, 31.22479491 ], [ 76.63080773, 31.22532492 ], [ 76.63000743, 31.2255824 ], [ 76.62960489, 31.22567376 ], [ 76.62917412, 31.22589678 ], [ 76.62868923, 31.22612133 ], [ 76.62806311, 31.22640969 ], [ 76.62776363, 31.22655336 ], [ 76.62761726, 31.22624071 ], [ 76.62741031, 31.22604472 ], [ 76.62696923, 31.225757 ], [ 76.62663839, 31.22556447 ], [ 76.62618112, 31.2253392 ], [ 76.62566915, 31.22525958 ], [ 76.62507631, 31.22499576 ], [ 76.6245869, 31.22478869 ], [ 76.62422861, 31.224751 ], [ 76.62372841, 31.22468356 ], [ 76.62328179, 31.22428073 ], [ 76.62308691, 31.22383209 ], [ 76.62291304, 31.2234146 ], [ 76.62283219, 31.22312243 ], [ 76.62246295, 31.22263392 ], [ 76.62201723, 31.2221772 ], [ 76.62163447, 31.22186426 ], [ 76.62130253, 31.22168354 ], [ 76.62097366, 31.22151085 ], [ 76.62062044, 31.22137072 ], [ 76.62006574, 31.22117797 ], [ 76.61934397, 31.220925 ], [ 76.61872648, 31.22085372 ], [ 76.61824978, 31.22078641 ], [ 76.61797876, 31.22056445 ], [ 76.61787509, 31.22029748 ], [ 76.61767178, 31.2197806 ], [ 76.61715303, 31.21936582 ], [ 76.61672334, 31.21930095 ], [ 76.61586382, 31.21920208 ], [ 76.61545812, 31.21905632 ], [ 76.61515543, 31.21885103 ], [ 76.6149742, 31.21861136 ], [ 76.61472354, 31.21827534 ], [ 76.61423638, 31.21793721 ], [ 76.61339884, 31.21762167 ], [ 76.61260415, 31.21736195 ], [ 76.61149163, 31.21711296 ], [ 76.61075412, 31.21694326 ], [ 76.61000936, 31.2167717 ], [ 76.60960452, 31.21670757 ], [ 76.60913055, 31.21666441 ], [ 76.60832656, 31.21668692 ], [ 76.6071464, 31.21680419 ], [ 76.60663994, 31.21687237 ], [ 76.60625189, 31.21675 ], [ 76.6060061, 31.21650437 ], [ 76.60584055, 31.21624379 ], [ 76.60572917, 31.21580301 ], [ 76.60559088, 31.21542092 ], [ 76.60517251, 31.21513092 ], [ 76.60476689, 31.214959 ], [ 76.60421908, 31.21471725 ], [ 76.60393862, 31.21457383 ], [ 76.60346158, 31.21439643 ], [ 76.60316021, 31.21441815 ], [ 76.60280425, 31.21449338 ], [ 76.6022744, 31.21456039 ], [ 76.60193186, 31.21465799 ], [ 76.60167452, 31.21481871 ], [ 76.60131724, 31.21491762 ], [ 76.60098538, 31.21472677 ], [ 76.60096684, 31.21436064 ], [ 76.60118657, 31.21392107 ], [ 76.6012964, 31.21340437 ], [ 76.60124259, 31.21296397 ], [ 76.6011371, 31.21270493 ], [ 76.60081198, 31.2125762 ], [ 76.60037533, 31.21260578 ], [ 76.6000711, 31.212679 ], [ 76.59960121, 31.21274559 ], [ 76.59924169, 31.21264256 ], [ 76.59906197, 31.21235002 ], [ 76.5985914, 31.21237284 ], [ 76.59807654, 31.21235043 ], [ 76.59747087, 31.21200089 ], [ 76.59696066, 31.2119505 ], [ 76.59631951, 31.21176004 ], [ 76.59593238, 31.21171768 ], [ 76.59551562, 31.21172557 ], [ 76.59509223, 31.21177753 ], [ 76.59468863, 31.21169633 ], [ 76.59432784, 31.21165944 ], [ 76.59386847, 31.2117377 ], [ 76.59348968, 31.21173653 ], [ 76.59316159, 31.21172343 ], [ 76.59291124, 31.21196804 ], [ 76.592842, 31.21227463 ], [ 76.59278743, 31.21272108 ], [ 76.5927963, 31.21299574 ], [ 76.59281189, 31.21347842 ], [ 76.59275449, 31.21398418 ], [ 76.59270816, 31.21424284 ], [ 76.59245908, 31.21454732 ], [ 76.59213587, 31.21464217 ], [ 76.59185843, 31.21452821 ], [ 76.59148588, 31.21428313 ], [ 76.5913929, 31.21465891 ], [ 76.59138421, 31.21523164 ], [ 76.59143504, 31.2155517 ], [ 76.59162305, 31.21595966 ], [ 76.59215288, 31.21686148 ], [ 76.5923357, 31.21725675 ], [ 76.59233853, 31.21758346 ], [ 76.59211763, 31.21789895 ], [ 76.59189463, 31.2180821 ], [ 76.59124089, 31.21835126 ], [ 76.59075213, 31.21850321 ], [ 76.59020421, 31.21852845 ], [ 76.58987661, 31.21860741 ], [ 76.58960331, 31.21875901 ], [ 76.58906138, 31.21915907 ], [ 76.5891599, 31.21979771 ], [ 76.5888994, 31.22006368 ], [ 76.58867113, 31.22029103 ], [ 76.58855437, 31.22063926 ], [ 76.58837225, 31.22122699 ], [ 76.58829177, 31.22171904 ], [ 76.58843795, 31.22238539 ], [ 76.5886856, 31.2229289 ], [ 76.58942866, 31.22320215 ], [ 76.58981891, 31.22326581 ], [ 76.59024805, 31.22325834 ], [ 76.59062536, 31.22321453 ], [ 76.59139315, 31.22300445 ], [ 76.59193446, 31.22307717 ], [ 76.59235016, 31.22351553 ], [ 76.59257929, 31.22381573 ], [ 76.59263518, 31.22411288 ], [ 76.59258358, 31.22437073 ], [ 76.59240003, 31.22466054 ], [ 76.59221839, 31.22506337 ], [ 76.59229777, 31.22534677 ], [ 76.59281111, 31.22597011 ], [ 76.59314137, 31.22622491 ], [ 76.59355589, 31.22637121 ], [ 76.59411331, 31.22641357 ], [ 76.59449714, 31.22640142 ], [ 76.59492152, 31.22651546 ], [ 76.59524567, 31.22675383 ], [ 76.59533007, 31.22708809 ], [ 76.59528263, 31.22756815 ], [ 76.59492858, 31.22803572 ], [ 76.59471348, 31.22864213 ], [ 76.59456508, 31.22899808 ], [ 76.59434871, 31.22943535 ], [ 76.5941327, 31.22996453 ], [ 76.59421166, 31.23032956 ], [ 76.59433209, 31.23056976 ], [ 76.59444538, 31.23102413 ], [ 76.59434766, 31.23154419 ], [ 76.59441891, 31.23180409 ], [ 76.59464293, 31.23204831 ], [ 76.59491169, 31.23232289 ], [ 76.59529375, 31.23280488 ], [ 76.59518044, 31.23321356 ], [ 76.59490363, 31.2335879 ], [ 76.59477344, 31.23386634 ], [ 76.59470873, 31.23422791 ], [ 76.5948302, 31.23469558 ], [ 76.59512478, 31.23520938 ], [ 76.59548263, 31.23561229 ], [ 76.59569215, 31.23590396 ], [ 76.59587057, 31.23642401 ], [ 76.59620117, 31.23660935 ], [ 76.59650626, 31.23666086 ], [ 76.596821, 31.23685348 ], [ 76.5970232, 31.23714406 ], [ 76.59716676, 31.23749843 ], [ 76.59735727, 31.23790112 ], [ 76.59762267, 31.23826171 ], [ 76.59801106, 31.23864016 ], [ 76.59819867, 31.23890782 ], [ 76.59820222, 31.23927701 ], [ 76.59843079, 31.23964917 ], [ 76.59890731, 31.23981716 ], [ 76.599287, 31.23997398 ], [ 76.59953292, 31.24016572 ], [ 76.59988402, 31.24041078 ], [ 76.60035278, 31.24067286 ], [ 76.60085365, 31.24086244 ], [ 76.60136214, 31.24100778 ], [ 76.60177511, 31.24111605 ], [ 76.60212947, 31.24115995 ], [ 76.60247414, 31.24118642 ], [ 76.6028418, 31.24121393 ], [ 76.60316268, 31.24127102 ], [ 76.60372344, 31.24138699 ], [ 76.60426901, 31.24162002 ], [ 76.60480989, 31.24163509 ], [ 76.60542912, 31.24153457 ], [ 76.605862, 31.24149365 ], [ 76.60623036, 31.24157836 ], [ 76.60656394, 31.24171974 ], [ 76.60684396, 31.24187064 ], [ 76.60712639, 31.24207489 ], [ 76.60749488, 31.24232948 ], [ 76.60813983, 31.24272076 ], [ 76.60842046, 31.24292579 ], [ 76.60883238, 31.24313866 ], [ 76.60945217, 31.24342095 ], [ 76.60979808, 31.24358127 ], [ 76.61054645, 31.24409979 ], [ 76.61085979, 31.24459572 ], [ 76.61114346, 31.24507723 ], [ 76.61126351, 31.24544899 ], [ 76.61139619, 31.24580072 ], [ 76.61173111, 31.24645834 ], [ 76.61214676, 31.24706476 ], [ 76.61215822, 31.24788981 ], [ 76.61192347, 31.24899547 ], [ 76.61170865, 31.24983721 ], [ 76.61109951, 31.25027082 ], [ 76.61027426, 31.25062967 ], [ 76.60936246, 31.25121471 ], [ 76.60771588, 31.25226158 ], [ 76.60710243, 31.25258667 ], [ 76.60684833, 31.25282253 ], [ 76.60651888, 31.25315574 ], [ 76.6059069, 31.25378775 ], [ 76.60550167, 31.25427608 ], [ 76.6052274, 31.25455081 ], [ 76.60395969, 31.25579826 ], [ 76.60366074, 31.25621296 ], [ 76.60331578, 31.25669146 ], [ 76.60235384, 31.25766202 ], [ 76.60106074, 31.25915033 ], [ 76.60044648, 31.25950649 ], [ 76.59990821, 31.25981857 ], [ 76.59771353, 31.26070767 ], [ 76.59623547, 31.26124514 ], [ 76.59481225, 31.26294318 ], [ 76.59438473, 31.26333063 ], [ 76.59385396, 31.26381585 ], [ 76.59312413, 31.26454254 ], [ 76.59259782, 31.26506658 ], [ 76.59207982, 31.26563759 ], [ 76.59183876, 31.26596952 ], [ 76.59190748, 31.26694765 ], [ 76.5919426, 31.26734278 ], [ 76.59218321, 31.26800296 ], [ 76.59233715, 31.26841926 ], [ 76.59144242, 31.27005018 ], [ 76.59093294, 31.27060115 ], [ 76.59071274, 31.27084246 ], [ 76.59042825, 31.27132509 ], [ 76.59007223, 31.27187216 ], [ 76.5897732, 31.27216251 ], [ 76.58935291, 31.27257231 ], [ 76.58832203, 31.27358673 ], [ 76.58810416, 31.27380315 ], [ 76.58766502, 31.2742524 ], [ 76.58707052, 31.27422264 ], [ 76.58625331, 31.27437213 ], [ 76.58595271, 31.27452044 ], [ 76.58550015, 31.27474962 ], [ 76.58494796, 31.27513756 ], [ 76.58446278, 31.27549638 ], [ 76.58412031, 31.27574941 ], [ 76.58339226, 31.27614951 ], [ 76.58278013, 31.27567745 ], [ 76.5820456, 31.27487733 ], [ 76.58174603, 31.27449899 ], [ 76.58143375, 31.27409401 ], [ 76.58104918, 31.27350561 ], [ 76.57992917, 31.2719918 ], [ 76.57968364, 31.27173657 ], [ 76.5791374, 31.27116874 ], [ 76.57847912, 31.27099841 ], [ 76.57759116, 31.27075541 ], [ 76.57645416, 31.27068621 ], [ 76.57568188, 31.27057041 ], [ 76.57519527, 31.27032613 ], [ 76.57480119, 31.27001444 ], [ 76.57406098, 31.26939402 ], [ 76.57332507, 31.26851445 ], [ 76.57269164, 31.26776035 ], [ 76.57130461, 31.26612827 ], [ 76.57195773, 31.26495627 ], [ 76.57129324, 31.26387152 ], [ 76.57071442, 31.26300553 ], [ 76.57047746, 31.26265101 ], [ 76.57016714, 31.26226601 ], [ 76.56947843, 31.26148395 ], [ 76.56659792, 31.26244467 ], [ 76.5661346, 31.26249944 ], [ 76.56575787, 31.26220774 ], [ 76.56544403, 31.26184506 ], [ 76.56408411, 31.25995347 ], [ 76.56324746, 31.25838659 ], [ 76.56262383, 31.2566106 ], [ 76.56192694, 31.25484867 ], [ 76.56125841, 31.25374944 ], [ 76.56048325, 31.25309452 ], [ 76.5599772, 31.25281205 ], [ 76.55964382, 31.25266703 ], [ 76.55866421, 31.25268392 ], [ 76.55819639, 31.2527166 ], [ 76.55682506, 31.25245636 ], [ 76.55646165, 31.25245872 ], [ 76.55568166, 31.253128 ], [ 76.55463939, 31.25398796 ], [ 76.55384436, 31.25462854 ], [ 76.55344435, 31.25488666 ], [ 76.55270486, 31.25515344 ], [ 76.55228805, 31.25489962 ], [ 76.5520559, 31.25469993 ], [ 76.55171061, 31.25427006 ], [ 76.55136222, 31.25405891 ], [ 76.55035794, 31.25354141 ], [ 76.5497449, 31.2530737 ], [ 76.54919021, 31.25281677 ], [ 76.54864502, 31.2529212 ], [ 76.54767118, 31.25363546 ], [ 76.54718381, 31.25418957 ], [ 76.54697717, 31.25458019 ], [ 76.54671202, 31.25503753 ], [ 76.54642381, 31.25525976 ], [ 76.54578523, 31.25541855 ], [ 76.54527309, 31.25563008 ], [ 76.54445354, 31.25605617 ], [ 76.54424621, 31.25624453 ], [ 76.54397668, 31.25660565 ], [ 76.54390602, 31.25686323 ], [ 76.54383534, 31.25712087 ], [ 76.54382117, 31.25761124 ], [ 76.54366182, 31.25852466 ], [ 76.54359896, 31.25895385 ], [ 76.54427494, 31.25931866 ], [ 76.54425928, 31.2598536 ], [ 76.54460931, 31.26018543 ], [ 76.54483013, 31.26042323 ], [ 76.54512466, 31.2607404 ], [ 76.54552654, 31.26136961 ], [ 76.5458352, 31.26185288 ], [ 76.54635592, 31.26289036 ], [ 76.54665434, 31.26328925 ], [ 76.54694903, 31.26372018 ], [ 76.54720935, 31.26410084 ], [ 76.54791909, 31.26514575 ], [ 76.54827938, 31.26581032 ], [ 76.54844589, 31.2661672 ], [ 76.54833599, 31.26665184 ], [ 76.54790126, 31.26696399 ], [ 76.54751969, 31.2672436 ], [ 76.54779965, 31.26765891 ], [ 76.54870082, 31.26841318 ], [ 76.54921106, 31.26891734 ], [ 76.54947999, 31.26917967 ], [ 76.5497466, 31.26944169 ], [ 76.54994819, 31.26963402 ], [ 76.55014694, 31.26988298 ], [ 76.55031349, 31.27037506 ], [ 76.55026861, 31.27063497 ], [ 76.54991794, 31.27117193 ], [ 76.54938868, 31.27173993 ], [ 76.54891493, 31.27234857 ], [ 76.54878176, 31.272784 ], [ 76.54870245, 31.27316745 ], [ 76.54877315, 31.27352159 ], [ 76.54881668, 31.2742942 ], [ 76.54911292, 31.274804 ], [ 76.54983545, 31.27606675 ], [ 76.54999636, 31.27634797 ], [ 76.55006056, 31.27681799 ], [ 76.55040589, 31.27717379 ], [ 76.55086611, 31.27759441 ], [ 76.55105636, 31.27796588 ], [ 76.5512042, 31.27825457 ], [ 76.55132296, 31.27854662 ], [ 76.5512694, 31.27882645 ], [ 76.55109228, 31.27905355 ], [ 76.55046092, 31.27941498 ], [ 76.54962634, 31.27991894 ], [ 76.54884763, 31.28025337 ], [ 76.54844025, 31.28045059 ], [ 76.54725668, 31.28121333 ], [ 76.54688955, 31.28141403 ], [ 76.54638851, 31.28153152 ], [ 76.54481815, 31.28197719 ], [ 76.54424233, 31.28217372 ], [ 76.54335046, 31.28250961 ], [ 76.54290868, 31.28247141 ], [ 76.54293414, 31.28208725 ], [ 76.54262591, 31.28109943 ], [ 76.54248782, 31.28065687 ], [ 76.54204665, 31.27921747 ], [ 76.54174323, 31.27837223 ], [ 76.54153291, 31.27786432 ], [ 76.54147987, 31.27749736 ], [ 76.54140791, 31.27699957 ], [ 76.5412055, 31.27560458 ], [ 76.5410763, 31.2750182 ], [ 76.54078325, 31.27462827 ], [ 76.54031065, 31.27414503 ], [ 76.53975818, 31.27356785 ], [ 76.53909611, 31.2730411 ], [ 76.5388182, 31.27260138 ], [ 76.53858715, 31.27212077 ], [ 76.53796286, 31.27120595 ], [ 76.53771476, 31.27060825 ], [ 76.5377543, 31.2701647 ], [ 76.53817812, 31.26929677 ], [ 76.53883157, 31.26855648 ], [ 76.53922727, 31.26805179 ], [ 76.53947727, 31.26763179 ], [ 76.53969413, 31.26715482 ], [ 76.53982591, 31.26682361 ], [ 76.53993783, 31.26641527 ], [ 76.53994126, 31.26602974 ], [ 76.53994304, 31.26553072 ], [ 76.53995112, 31.26515905 ], [ 76.53996392, 31.26457009 ], [ 76.54018453, 31.26373965 ], [ 76.54017145, 31.26338697 ], [ 76.53965033, 31.26182645 ], [ 76.53932741, 31.26110761 ], [ 76.53905178, 31.26084789 ], [ 76.53877285, 31.26072799 ], [ 76.53822524, 31.26055739 ], [ 76.53778841, 31.26038363 ], [ 76.53739364, 31.25996499 ], [ 76.53697274, 31.25941756 ], [ 76.53667161, 31.25924866 ], [ 76.53589828, 31.25909708 ], [ 76.53552935, 31.25897375 ], [ 76.53529589, 31.25878069 ], [ 76.53495184, 31.25837514 ], [ 76.5343613, 31.25777014 ], [ 76.53395381, 31.25747587 ], [ 76.53361646, 31.25727624 ], [ 76.53336734, 31.25712882 ], [ 76.53233366, 31.25669518 ], [ 76.531407, 31.25644561 ], [ 76.53053445, 31.25640771 ], [ 76.53008482, 31.25651483 ], [ 76.52916479, 31.25664162 ], [ 76.52864908, 31.25676535 ], [ 76.52777207, 31.25719284 ], [ 76.52715977, 31.25735125 ], [ 76.52658199, 31.25739907 ], [ 76.52610612, 31.25753872 ], [ 76.52378228, 31.25819759 ], [ 76.52330195, 31.25871165 ], [ 76.5231733, 31.25916749 ], [ 76.52303957, 31.25942558 ], [ 76.52291765, 31.25983704 ], [ 76.52291571, 31.26011645 ], [ 76.52304999, 31.26039044 ], [ 76.52336721, 31.26108236 ], [ 76.52361746, 31.26143144 ], [ 76.52393788, 31.26142054 ], [ 76.52444132, 31.2614125 ], [ 76.52409654, 31.26201455 ], [ 76.52391627, 31.26233608 ], [ 76.52467149, 31.2632365 ], [ 76.52520435, 31.26396721 ], [ 76.52565069, 31.26445515 ], [ 76.52598317, 31.26486064 ], [ 76.52658768, 31.26516466 ], [ 76.52702617, 31.26542272 ], [ 76.52751637, 31.26558976 ], [ 76.52805868, 31.26549644 ], [ 76.52839282, 31.26556966 ], [ 76.5288827, 31.26571454 ], [ 76.52890655, 31.26597587 ], [ 76.52882245, 31.26641252 ], [ 76.52866755, 31.26710317 ], [ 76.52851644, 31.26776016 ], [ 76.52857334, 31.26816556 ], [ 76.52920095, 31.26891358 ], [ 76.52973616, 31.26936022 ], [ 76.52989439, 31.26999293 ], [ 76.53002279, 31.27035831 ], [ 76.53030807, 31.27077608 ], [ 76.5304292, 31.27115714 ], [ 76.52940608, 31.27087801 ], [ 76.52903273, 31.27084303 ], [ 76.52889829, 31.27111691 ], [ 76.5291463, 31.2716151 ], [ 76.52964541, 31.27210607 ], [ 76.52948868, 31.27240278 ], [ 76.5286079, 31.27280532 ], [ 76.52835484, 31.27298916 ], [ 76.52808694, 31.27318379 ], [ 76.52791694, 31.27348728 ], [ 76.5279675, 31.27396057 ], [ 76.52800204, 31.27430954 ], [ 76.52798073, 31.27468632 ], [ 76.52786719, 31.27496178 ], [ 76.5275131, 31.27560572 ], [ 76.52750383, 31.27606089 ], [ 76.52747618, 31.27641731 ], [ 76.52739127, 31.27680435 ], [ 76.52741674, 31.27722953 ], [ 76.52720047, 31.27747055 ], [ 76.52694942, 31.27771125 ], [ 76.52662895, 31.2779322 ], [ 76.5262444, 31.27797658 ], [ 76.52587442, 31.27784162 ], [ 76.52544807, 31.27776837 ], [ 76.5250285, 31.27813888 ], [ 76.5245711, 31.27822623 ], [ 76.52418935, 31.27837364 ], [ 76.52344463, 31.27894979 ], [ 76.52240729, 31.28003717 ], [ 76.52169554, 31.28037471 ], [ 76.52132359, 31.28026173 ], [ 76.52087635, 31.27986548 ], [ 76.52025073, 31.27907564 ], [ 76.51968522, 31.27859147 ], [ 76.5194215, 31.27837996 ], [ 76.51835293, 31.2776399 ], [ 76.51722374, 31.27664776 ], [ 76.51673221, 31.27618976 ], [ 76.51642795, 31.27599807 ], [ 76.51586886, 31.27565292 ], [ 76.51495068, 31.27522275 ], [ 76.5145911, 31.27499116 ], [ 76.51400704, 31.27438246 ], [ 76.51346982, 31.27373742 ], [ 76.51317495, 31.2735304 ], [ 76.51233506, 31.27319166 ], [ 76.511382, 31.27245062 ], [ 76.51118561, 31.27224923 ], [ 76.50989615, 31.27097875 ], [ 76.50869404, 31.27001418 ], [ 76.50770251, 31.2691021 ], [ 76.50683155, 31.26817998 ], [ 76.50638108, 31.26778216 ], [ 76.50589397, 31.26764482 ], [ 76.50535418, 31.26749261 ], [ 76.5044121, 31.26727897 ], [ 76.50388896, 31.2669433 ], [ 76.5033714, 31.26766591 ], [ 76.50297653, 31.26806132 ], [ 76.50234355, 31.2687697 ], [ 76.50193717, 31.2690705 ], [ 76.50159524, 31.26943428 ], [ 76.5012453, 31.26987401 ], [ 76.50082814, 31.27010873 ], [ 76.50037938, 31.2701052 ], [ 76.49951345, 31.27010299 ], [ 76.49878044, 31.26995943 ], [ 76.49792701, 31.2702111 ], [ 76.49733755, 31.27054476 ], [ 76.49698513, 31.27098496 ], [ 76.49672896, 31.27144886 ], [ 76.49727301, 31.27189359 ], [ 76.49765797, 31.2725535 ], [ 76.49753273, 31.27304728 ], [ 76.49713181, 31.27365956 ], [ 76.49696364, 31.27394056 ], [ 76.49650991, 31.27472688 ], [ 76.49650839, 31.2751017 ], [ 76.49650701, 31.27544385 ], [ 76.4967032, 31.27662382 ], [ 76.49660774, 31.27753538 ], [ 76.49643394, 31.27820069 ], [ 76.49632744, 31.27860836 ], [ 76.49623464, 31.2788982 ], [ 76.4955878, 31.27974967 ], [ 76.49548144, 31.28015724 ], [ 76.49535901, 31.28062641 ], [ 76.49520144, 31.28162275 ], [ 76.49541687, 31.2822198 ], [ 76.4955584, 31.28261204 ], [ 76.49600764, 31.28337971 ], [ 76.49658635, 31.28447996 ], [ 76.49690332, 31.28517991 ], [ 76.49706481, 31.28553835 ], [ 76.4972587, 31.2859944 ], [ 76.49697289, 31.28640492 ], [ 76.49666188, 31.28679489 ], [ 76.49626926, 31.28728719 ], [ 76.49575869, 31.28817051 ], [ 76.49539964, 31.28861423 ], [ 76.49511466, 31.28877392 ], [ 76.49458245, 31.28862064 ], [ 76.49377383, 31.2884583 ], [ 76.49303993, 31.28814505 ], [ 76.49238447, 31.28795537 ], [ 76.49180453, 31.28822382 ], [ 76.49159284, 31.28847702 ], [ 76.49141589, 31.28897231 ], [ 76.49130352, 31.28949469 ], [ 76.49115043, 31.29037557 ], [ 76.49121349, 31.29092476 ], [ 76.49178594, 31.29219177 ], [ 76.49189475, 31.29245901 ], [ 76.49197375, 31.29286025 ], [ 76.49207962, 31.29349057 ], [ 76.49206433, 31.29389322 ], [ 76.49189878, 31.29417973 ], [ 76.49136988, 31.29449527 ], [ 76.49063508, 31.29493365 ], [ 76.48991547, 31.29536296 ], [ 76.48889176, 31.29621696 ], [ 76.48874761, 31.2965731 ], [ 76.48860458, 31.29692972 ], [ 76.48859064, 31.29750805 ], [ 76.4885818, 31.29780962 ], [ 76.48854371, 31.29822108 ], [ 76.48846608, 31.29901437 ], [ 76.48840337, 31.29943357 ], [ 76.48834943, 31.29979418 ], [ 76.4878392, 31.30073157 ], [ 76.4871907, 31.30199455 ], [ 76.48610006, 31.30394004 ], [ 76.48522166, 31.30516191 ], [ 76.48458138, 31.3057125 ], [ 76.48349197, 31.30651445 ], [ 76.48259833, 31.3069542 ], [ 76.48131714, 31.30750509 ], [ 76.48038532, 31.30780988 ], [ 76.47951423, 31.30821803 ], [ 76.47905212, 31.30766407 ], [ 76.47801378, 31.30703883 ], [ 76.47711756, 31.30635138 ], [ 76.47644542, 31.3057205 ], [ 76.47600773, 31.30504294 ], [ 76.4757226, 31.30439191 ], [ 76.47546444, 31.30380245 ], [ 76.47478888, 31.30195876 ], [ 76.47441901, 31.30162268 ], [ 76.47376027, 31.30102411 ], [ 76.47251011, 31.29998295 ], [ 76.47215809, 31.29980128 ], [ 76.47139067, 31.29940524 ], [ 76.47065035, 31.29891023 ], [ 76.46952932, 31.29816565 ], [ 76.46847302, 31.29759192 ], [ 76.46741385, 31.29673861 ], [ 76.46689493, 31.29625489 ], [ 76.46635343, 31.29575011 ], [ 76.46587211, 31.29534693 ], [ 76.46494212, 31.29492146 ], [ 76.46446919, 31.29447429 ], [ 76.46343614, 31.29349749 ], [ 76.46247424, 31.2924084 ], [ 76.46173656, 31.29156854 ], [ 76.4609841, 31.29060857 ], [ 76.4604223, 31.28989182 ], [ 76.4596845, 31.28859866 ], [ 76.45962175, 31.28810306 ], [ 76.45969628, 31.28775952 ], [ 76.4597581, 31.28748599 ], [ 76.45983961, 31.28719521 ], [ 76.45993973, 31.28683807 ], [ 76.45976618, 31.28618648 ], [ 76.45929842, 31.28573808 ], [ 76.4586588, 31.28529661 ], [ 76.4569597, 31.28451099 ], [ 76.45490684, 31.28361508 ], [ 76.45462313, 31.28349126 ], [ 76.45071258, 31.28209075 ], [ 76.44882972, 31.28117069 ], [ 76.44779447, 31.28066481 ], [ 76.44574594, 31.27927953 ], [ 76.44454332, 31.27846625 ], [ 76.44417311, 31.27821589 ], [ 76.44276419, 31.27722778 ], [ 76.44223693, 31.27786347 ], [ 76.4416803, 31.27877032 ], [ 76.44096139, 31.27895984 ], [ 76.4402366, 31.27885462 ], [ 76.43968961, 31.2790902 ], [ 76.43968779, 31.27961945 ], [ 76.44000636, 31.2810241 ], [ 76.44040105, 31.2821334 ], [ 76.44052485, 31.28248135 ], [ 76.4409739, 31.28380376 ], [ 76.44116523, 31.28614275 ], [ 76.4411014, 31.28664134 ], [ 76.44097512, 31.28762768 ], [ 76.4422221, 31.28839866 ], [ 76.4441175, 31.28941292 ], [ 76.44498804, 31.28966678 ], [ 76.44621381, 31.29002423 ], [ 76.44726849, 31.29046294 ], [ 76.45009018, 31.29167312 ], [ 76.4523644, 31.29274302 ], [ 76.45511346, 31.29380871 ], [ 76.45541191, 31.2939244 ], [ 76.4561919, 31.29427936 ], [ 76.45855118, 31.29535301 ], [ 76.45911127, 31.29570942 ], [ 76.45967176, 31.29606608 ], [ 76.461352, 31.29716397 ], [ 76.46169144, 31.29738577 ], [ 76.4627502, 31.2982121 ], [ 76.46342613, 31.29909085 ], [ 76.46354671, 31.2994036 ], [ 76.46380923, 31.30008791 ], [ 76.46381269, 31.30145985 ], [ 76.4630776, 31.30302562 ], [ 76.46208115, 31.30420996 ], [ 76.46151894, 31.30458866 ], [ 76.45987468, 31.30623319 ], [ 76.45927185, 31.30689728 ], [ 76.45849816, 31.30774958 ], [ 76.45798134, 31.30828487 ], [ 76.45645014, 31.30987071 ], [ 76.45462561, 31.31176922 ], [ 76.45382346, 31.31226106 ], [ 76.45331592, 31.31246012 ], [ 76.45288011, 31.31263068 ], [ 76.452386, 31.31295541 ], [ 76.45209205, 31.3131724 ], [ 76.45069769, 31.31367357 ], [ 76.44966062, 31.31427716 ], [ 76.44912991, 31.31465759 ], [ 76.44850497, 31.3153228 ], [ 76.44770006, 31.31620673 ], [ 76.44735151, 31.3165895 ], [ 76.44672704, 31.31697256 ], [ 76.44645864, 31.3171372 ], [ 76.44510823, 31.31743969 ], [ 76.44328634, 31.3174988 ], [ 76.44270885, 31.31774645 ], [ 76.44160001, 31.31842452 ], [ 76.44024363, 31.31918048 ], [ 76.43995743, 31.31947935 ], [ 76.43904774, 31.3204293 ], [ 76.43838917, 31.32102308 ], [ 76.437704, 31.32169444 ], [ 76.43693556, 31.32304212 ], [ 76.43639212, 31.32438994 ], [ 76.43623372, 31.32510382 ], [ 76.43609608, 31.32561767 ], [ 76.43581564, 31.32612567 ], [ 76.43549537, 31.32615056 ], [ 76.43406052, 31.32626431 ], [ 76.43305888, 31.32626306 ], [ 76.43230811, 31.32641109 ], [ 76.43174621, 31.32686779 ], [ 76.43148932, 31.32761569 ], [ 76.43094469, 31.32887632 ], [ 76.43046756, 31.3298668 ], [ 76.42953046, 31.33173464 ], [ 76.42922245, 31.33221074 ], [ 76.42812685, 31.33380154 ], [ 76.42729474, 31.33526489 ], [ 76.42698212, 31.3357581 ], [ 76.42630123, 31.33683233 ], [ 76.42589953, 31.33756955 ], [ 76.42567128, 31.33816258 ], [ 76.42538685, 31.33895827 ], [ 76.42513191, 31.33962233 ], [ 76.42551442, 31.34072055 ], [ 76.42588567, 31.34159954 ], [ 76.42620983, 31.34236705 ], [ 76.42654501, 31.34344519 ], [ 76.42660726, 31.34445986 ], [ 76.42622907, 31.34535259 ], [ 76.4249118, 31.34668977 ], [ 76.42455742, 31.34762668 ], [ 76.42432952, 31.34846725 ], [ 76.4240144, 31.34905551 ], [ 76.42314743, 31.34905724 ], [ 76.42144903, 31.34894778 ], [ 76.41946483, 31.34916939 ], [ 76.41850155, 31.35007816 ], [ 76.41806452, 31.3508471 ], [ 76.4178299, 31.3512599 ], [ 76.41696911, 31.35229983 ], [ 76.41692846, 31.35344722 ], [ 76.41667562, 31.35414967 ], [ 76.41603533, 31.35478105 ], [ 76.41562679, 31.35500163 ], [ 76.41502532, 31.35575774 ], [ 76.41428198, 31.35692728 ], [ 76.41343153, 31.35825451 ], [ 76.41284015, 31.35907158 ], [ 76.41212883, 31.36005436 ], [ 76.41196582, 31.36027957 ], [ 76.41143414, 31.36101414 ], [ 76.41117707, 31.36135651 ], [ 76.40951423, 31.36357108 ], [ 76.40909561, 31.36430454 ], [ 76.40823863, 31.36542114 ], [ 76.40794878, 31.36582776 ], [ 76.40729663, 31.36710036 ], [ 76.40723877, 31.36741556 ], [ 76.40726373, 31.36788665 ], [ 76.407303, 31.36862817 ], [ 76.40733362, 31.36909278 ], [ 76.40736449, 31.36956117 ], [ 76.40730342, 31.36984212 ], [ 76.40720842, 31.37027919 ], [ 76.4063397, 31.37121427 ], [ 76.40608677, 31.37156831 ], [ 76.40588393, 31.37185223 ], [ 76.40521936, 31.37278242 ], [ 76.40458419, 31.37364509 ], [ 76.40458082, 31.37415774 ], [ 76.40457025, 31.37443446 ], [ 76.40454721, 31.37503737 ], [ 76.40432249, 31.37572431 ], [ 76.40398014, 31.37623071 ], [ 76.40422468, 31.37704935 ], [ 76.40421406, 31.3773536 ], [ 76.40409446, 31.37795779 ], [ 76.40349163, 31.3781071 ], [ 76.40272198, 31.37820223 ], [ 76.40201845, 31.37840484 ], [ 76.40108498, 31.37850686 ], [ 76.40044601, 31.37930496 ], [ 76.40021954, 31.37951158 ], [ 76.39997076, 31.37979506 ], [ 76.39985819, 31.3801724 ], [ 76.39970749, 31.38068097 ], [ 76.39961253, 31.38104599 ], [ 76.39948996, 31.38154699 ], [ 76.39932422, 31.38238372 ], [ 76.39910207, 31.38262592 ], [ 76.39865279, 31.38263195 ], [ 76.39829918, 31.38278131 ], [ 76.39787778, 31.38340396 ], [ 76.39771796, 31.38385981 ], [ 76.39756558, 31.38429443 ], [ 76.39744036, 31.38461844 ], [ 76.39689584, 31.38517395 ], [ 76.39606237, 31.38542326 ], [ 76.39556042, 31.38594786 ], [ 76.39462554, 31.38691914 ], [ 76.39388697, 31.38793172 ], [ 76.3936554, 31.38825379 ], [ 76.39320711, 31.38866743 ], [ 76.39266345, 31.38955051 ], [ 76.39257657, 31.39014897 ], [ 76.3927583, 31.39067716 ], [ 76.39306421, 31.39104927 ], [ 76.39383396, 31.39060075 ], [ 76.39430955, 31.39048652 ], [ 76.39528925, 31.39091566 ], [ 76.3958052, 31.39155778 ], [ 76.39801901, 31.39326035 ], [ 76.39836752, 31.3934001 ], [ 76.39914061, 31.39290522 ], [ 76.40026125, 31.39235391 ], [ 76.40058124, 31.39229756 ], [ 76.4013889, 31.39215893 ], [ 76.40333981, 31.3921902 ], [ 76.40378141, 31.39231234 ], [ 76.40346986, 31.39283781 ], [ 76.40335122, 31.39315152 ], [ 76.4039071, 31.39358325 ], [ 76.40417807, 31.39417125 ], [ 76.40401533, 31.39483776 ], [ 76.40382388, 31.39554634 ], [ 76.40347734, 31.39645691 ], [ 76.40331111, 31.39689368 ], [ 76.40257636, 31.39757981 ], [ 76.40227367, 31.39776173 ], [ 76.40106557, 31.39848779 ], [ 76.39978725, 31.39950686 ], [ 76.39933716, 31.40027658 ], [ 76.39911029, 31.40129725 ], [ 76.39886379, 31.40221417 ], [ 76.39815243, 31.40285065 ], [ 76.3981193, 31.40323419 ], [ 76.39802167, 31.40403307 ], [ 76.39702471, 31.40517417 ], [ 76.39693008, 31.40645314 ], [ 76.39688798, 31.40711457 ], [ 76.39674562, 31.40745516 ], [ 76.39625853, 31.40772049 ], [ 76.39494639, 31.40799471 ], [ 76.39393428, 31.40824624 ], [ 76.39251606, 31.40840496 ], [ 76.39079136, 31.40840794 ], [ 76.38991103, 31.40872524 ], [ 76.38830353, 31.40888514 ], [ 76.38800083, 31.40912626 ], [ 76.38786391, 31.40952738 ], [ 76.38805159, 31.41003149 ], [ 76.3882702, 31.41061867 ], [ 76.38837508, 31.41090037 ], [ 76.38853012, 31.41122076 ], [ 76.38916887, 31.41254072 ], [ 76.38986693, 31.41351891 ], [ 76.3899234, 31.4139638 ], [ 76.3899626, 31.41430013 ], [ 76.39005446, 31.41555582 ], [ 76.38995909, 31.41659365 ], [ 76.38830809, 31.41829152 ], [ 76.38754647, 31.41896992 ], [ 76.38642028, 31.41997305 ], [ 76.38610323, 31.42079064 ], [ 76.38594763, 31.42119189 ], [ 76.38563478, 31.42199867 ], [ 76.38492387, 31.42245408 ], [ 76.38456326, 31.42268508 ], [ 76.38318613, 31.42311049 ], [ 76.38291163, 31.42353679 ], [ 76.38274525, 31.42383057 ], [ 76.38315284, 31.42483415 ], [ 76.38322307, 31.42560031 ], [ 76.38228334, 31.42640673 ], [ 76.38189606, 31.4265876 ], [ 76.38115805, 31.4268408 ], [ 76.38106038, 31.42715285 ], [ 76.38088176, 31.42772668 ], [ 76.38019084, 31.4280832 ], [ 76.3792326, 31.42843895 ], [ 76.37932818, 31.4287524 ], [ 76.37950279, 31.42932282 ], [ 76.380605, 31.43103761 ], [ 76.38005461, 31.43151114 ], [ 76.37902244, 31.43233562 ], [ 76.37938042, 31.43304137 ], [ 76.37950124, 31.43328355 ], [ 76.37885141, 31.43358719 ], [ 76.37874716, 31.43398993 ], [ 76.37750827, 31.43463919 ], [ 76.37750581, 31.43511271 ], [ 76.37709471, 31.43558537 ], [ 76.37612829, 31.43629541 ], [ 76.37543836, 31.43676907 ], [ 76.37516303, 31.43700631 ], [ 76.37454779, 31.43712021 ], [ 76.37395278, 31.43717034 ], [ 76.37382189, 31.43674855 ], [ 76.37373211, 31.4364981 ], [ 76.37361646, 31.43620255 ], [ 76.37349466, 31.43589126 ], [ 76.37335995, 31.43554839 ], [ 76.37334128, 31.43461913 ], [ 76.37338364, 31.43363968 ], [ 76.37339696, 31.43334045 ], [ 76.37262173, 31.43291615 ], [ 76.3722345, 31.4328727 ], [ 76.3716621, 31.43280864 ], [ 76.37112812, 31.43246991 ], [ 76.37113075, 31.4317721 ], [ 76.37082115, 31.4308585 ], [ 76.370812, 31.43042603 ], [ 76.37079884, 31.42988825 ], [ 76.37059582, 31.42945242 ], [ 76.37026142, 31.42875881 ], [ 76.37026434, 31.42840099 ], [ 76.37066701, 31.42777814 ], [ 76.37116079, 31.42716783 ], [ 76.3721045, 31.4261875 ], [ 76.37244936, 31.42582737 ], [ 76.37281389, 31.42486895 ], [ 76.37281384, 31.4243592 ], [ 76.37281377, 31.42371915 ], [ 76.37229922, 31.42274703 ], [ 76.37158305, 31.42188434 ], [ 76.37138077, 31.42164833 ], [ 76.37106236, 31.42111309 ], [ 76.37091154, 31.42083684 ], [ 76.37093084, 31.42032844 ], [ 76.37111019, 31.41934618 ], [ 76.37139045, 31.41879222 ], [ 76.37153973, 31.41854241 ], [ 76.37197072, 31.41780867 ], [ 76.37203028, 31.41728253 ], [ 76.37167126, 31.41669643 ], [ 76.37089395, 31.41588117 ], [ 76.37062138, 31.41540969 ], [ 76.37062092, 31.4150289 ], [ 76.37144082, 31.41432896 ], [ 76.37183139, 31.41401936 ], [ 76.37225271, 31.41368062 ], [ 76.37237337, 31.4132612 ], [ 76.37250067, 31.41278911 ], [ 76.37259051, 31.41128199 ], [ 76.37249767, 31.41089595 ], [ 76.37225528, 31.40991347 ], [ 76.37230937, 31.40902985 ], [ 76.37214159, 31.40849569 ], [ 76.37173827, 31.40808773 ], [ 76.37139084, 31.40773955 ], [ 76.37111817, 31.40746297 ], [ 76.37068733, 31.40703104 ], [ 76.37051955, 31.40650458 ], [ 76.37028328, 31.40617924 ], [ 76.36948322, 31.40588027 ], [ 76.36906082, 31.40571066 ], [ 76.36864863, 31.40554633 ], [ 76.36859749, 31.40522737 ], [ 76.36837262, 31.40472506 ], [ 76.36779474, 31.40395033 ], [ 76.36701864, 31.40400571 ], [ 76.36602717, 31.40435627 ], [ 76.36544088, 31.40440302 ], [ 76.36512145, 31.40442179 ], [ 76.36393962, 31.40439754 ], [ 76.36349629, 31.40432298 ], [ 76.36294198, 31.40423983 ], [ 76.36247027, 31.40410457 ], [ 76.36033405, 31.40350004 ], [ 76.35931246, 31.4032199 ], [ 76.35892262, 31.40300847 ], [ 76.35806198, 31.4022115 ], [ 76.35778994, 31.401945 ], [ 76.35722919, 31.40093948 ], [ 76.35675673, 31.40043761 ], [ 76.35594962, 31.40010439 ], [ 76.35553025, 31.40007651 ], [ 76.35510177, 31.40005144 ], [ 76.35435001, 31.39942553 ], [ 76.35386885, 31.3991176 ], [ 76.35302825, 31.39861367 ], [ 76.35143509, 31.39832662 ], [ 76.3505899, 31.39832233 ], [ 76.34986952, 31.39823304 ], [ 76.34913442, 31.39784535 ], [ 76.34849941, 31.39779594 ], [ 76.34765953, 31.39794131 ], [ 76.34700686, 31.39831495 ], [ 76.34681429, 31.3989219 ], [ 76.34676146, 31.39924779 ], [ 76.34693029, 31.40045114 ], [ 76.34672822, 31.40229697 ], [ 76.34549313, 31.40243518 ], [ 76.34497127, 31.40245042 ], [ 76.34455109, 31.40240364 ], [ 76.34334093, 31.40225962 ], [ 76.34329326, 31.40060362 ], [ 76.34334568, 31.39861253 ], [ 76.34326021, 31.3983213 ], [ 76.34278881, 31.39827559 ], [ 76.3424549, 31.39856183 ], [ 76.34228318, 31.39941252 ], [ 76.3422328, 31.40091072 ], [ 76.34052523, 31.40091485 ], [ 76.33828445, 31.40079429 ], [ 76.3371685, 31.40086699 ], [ 76.33613, 31.40093465 ], [ 76.33336373, 31.40105625 ], [ 76.33114002, 31.40124245 ], [ 76.33104074, 31.39975926 ], [ 76.33098614, 31.39654439 ], [ 76.33093107, 31.3950792 ], [ 76.33088134, 31.3926184 ], [ 76.33087531, 31.3923199 ], [ 76.33065535, 31.38687292 ], [ 76.33163173, 31.38687124 ], [ 76.33177389, 31.38581968 ], [ 76.33185616, 31.38519139 ], [ 76.33182658, 31.38393012 ], [ 76.33156131, 31.38333647 ], [ 76.33093379, 31.38225911 ], [ 76.33044888, 31.38153668 ], [ 76.33019376, 31.38115708 ], [ 76.33009985, 31.38085102 ], [ 76.32983311, 31.37987251 ], [ 76.32965598, 31.3786283 ], [ 76.3308183, 31.37838277 ], [ 76.33154629, 31.37841867 ], [ 76.33486061, 31.37858297 ], [ 76.33544572, 31.37861198 ], [ 76.34069504, 31.37833203 ], [ 76.34172062, 31.37815279 ], [ 76.34188466, 31.37592519 ], [ 76.34181764, 31.37545319 ], [ 76.34154295, 31.37352487 ], [ 76.34130468, 31.37025344 ], [ 76.34122688, 31.36918463 ], [ 76.34120032, 31.36881976 ], [ 76.34088287, 31.36481401 ], [ 76.34085409, 31.36445085 ], [ 76.34078083, 31.36352613 ], [ 76.34256329, 31.36330492 ], [ 76.34280344, 31.36164925 ], [ 76.34286132, 31.36095959 ], [ 76.34288393, 31.36069018 ], [ 76.34272257, 31.35953136 ], [ 76.34258671, 31.35855669 ], [ 76.34256569, 31.35824801 ], [ 76.34244707, 31.35648964 ], [ 76.34242135, 31.35478525 ], [ 76.34269241, 31.35452643 ], [ 76.34433274, 31.35462382 ], [ 76.34610778, 31.35445679 ], [ 76.346318, 31.35280342 ], [ 76.34644101, 31.3513124 ], [ 76.34646542, 31.35100682 ], [ 76.34659939, 31.35046833 ], [ 76.3468205, 31.34957952 ], [ 76.34706897, 31.34915401 ], [ 76.3475666, 31.34914216 ], [ 76.35100395, 31.34906031 ], [ 76.35305712, 31.3488978 ], [ 76.3531335, 31.34851849 ], [ 76.35321593, 31.3481169 ], [ 76.35398542, 31.34812504 ], [ 76.35439525, 31.34671131 ], [ 76.35443329, 31.34551298 ], [ 76.35444577, 31.34496435 ], [ 76.35238949, 31.34503675 ], [ 76.35190939, 31.34505443 ], [ 76.35164908, 31.34607869 ], [ 76.35153942, 31.34651179 ], [ 76.35138576, 31.34711869 ], [ 76.34720649, 31.34685675 ], [ 76.34731377, 31.34540489 ], [ 76.34715026, 31.34416155 ], [ 76.347038, 31.34390399 ], [ 76.34681593, 31.34341027 ], [ 76.34592389, 31.34336706 ], [ 76.34518272, 31.34326814 ], [ 76.34518111, 31.34254216 ], [ 76.34520425, 31.34209785 ], [ 76.34389993, 31.34195285 ], [ 76.34400665, 31.3410618 ], [ 76.34395944, 31.34061318 ], [ 76.3431058, 31.3404047 ], [ 76.34209306, 31.34035735 ], [ 76.34091727, 31.34050041 ], [ 76.34031746, 31.3404051 ], [ 76.34001504, 31.34039458 ], [ 76.33900874, 31.34035958 ], [ 76.33770704, 31.34037504 ], [ 76.33780418, 31.34140752 ], [ 76.33638404, 31.3416288 ], [ 76.33673653, 31.34359882 ], [ 76.33690142, 31.34507211 ], [ 76.33627211, 31.34638843 ], [ 76.33572749, 31.34861298 ], [ 76.33564465, 31.34894364 ], [ 76.33558762, 31.34920224 ], [ 76.33409159, 31.34941239 ], [ 76.33301796, 31.34920544 ], [ 76.33184156, 31.34868543 ], [ 76.33060603, 31.34844734 ], [ 76.33022276, 31.34831925 ], [ 76.3305766, 31.34775014 ], [ 76.33130559, 31.34659283 ], [ 76.33044027, 31.34642301 ], [ 76.32804713, 31.34599421 ], [ 76.32585341, 31.34560111 ], [ 76.32487151, 31.34542515 ], [ 76.32178659, 31.34487662 ], [ 76.31946147, 31.34446319 ], [ 76.31839584, 31.34431298 ], [ 76.31459391, 31.34377692 ], [ 76.31259911, 31.34337934 ], [ 76.31071707, 31.34314345 ], [ 76.30962278, 31.34297897 ], [ 76.30908623, 31.34289252 ], [ 76.30877942, 31.34284503 ], [ 76.30757957, 31.34265176 ], [ 76.30785526, 31.34202595 ], [ 76.30921549, 31.33899076 ], [ 76.30939108, 31.33863996 ], [ 76.31020296, 31.33701791 ], [ 76.31059191, 31.33624084 ], [ 76.31094086, 31.33554366 ], [ 76.31113908, 31.33508588 ], [ 76.31198009, 31.33283571 ], [ 76.3123128, 31.3319455 ], [ 76.31264451, 31.33108059 ], [ 76.31285178, 31.33053718 ], [ 76.31307436, 31.32997309 ], [ 76.31356782, 31.32942579 ], [ 76.31420344, 31.32888728 ], [ 76.31699671, 31.32652075 ], [ 76.32039905, 31.32358106 ], [ 76.32161614, 31.32252946 ], [ 76.32260345, 31.321674 ], [ 76.31955602, 31.32103143 ], [ 76.31844408, 31.32085406 ], [ 76.31469184, 31.32025554 ], [ 76.31177089, 31.31971013 ], [ 76.3112235, 31.31950645 ], [ 76.31094995, 31.31902938 ], [ 76.31078933, 31.31849455 ], [ 76.31043096, 31.31774369 ], [ 76.3092567, 31.31680421 ], [ 76.30871878, 31.31648053 ], [ 76.30835917, 31.31626415 ], [ 76.30762719, 31.31580457 ], [ 76.3066523, 31.31519683 ], [ 76.30554968, 31.31457909 ], [ 76.30518442, 31.31436938 ], [ 76.30444574, 31.3139159 ], [ 76.30308458, 31.3137269 ], [ 76.30206991, 31.31364704 ], [ 76.30148197, 31.31338207 ], [ 76.30051837, 31.31276893 ], [ 76.29948053, 31.31178334 ], [ 76.29926311, 31.31154565 ], [ 76.29868731, 31.31136006 ], [ 76.29647456, 31.31161715 ], [ 76.2953005, 31.31138056 ], [ 76.29404597, 31.31077087 ], [ 76.29354582, 31.31057339 ], [ 76.29303402, 31.31037131 ], [ 76.29246277, 31.31009022 ], [ 76.29194841, 31.30983712 ], [ 76.29150445, 31.30961866 ], [ 76.29065941, 31.30905568 ], [ 76.29013432, 31.30838428 ], [ 76.28946209, 31.30683348 ], [ 76.28812025, 31.30738571 ], [ 76.28746205, 31.30762429 ], [ 76.28669698, 31.30760032 ], [ 76.28631478, 31.30717774 ], [ 76.28567518, 31.3064556 ], [ 76.28544133, 31.30619156 ], [ 76.28523245, 31.3059411 ], [ 76.28454069, 31.3051116 ], [ 76.28361205, 31.30461822 ], [ 76.28249231, 31.30410116 ], [ 76.28134607, 31.30389513 ], [ 76.2799525, 31.30341986 ], [ 76.27847766, 31.30273821 ], [ 76.27738572, 31.30179886 ], [ 76.27643031, 31.30090641 ], [ 76.27574746, 31.3006478 ], [ 76.27490035, 31.3007879 ], [ 76.27410946, 31.30139566 ], [ 76.27366923, 31.30231205 ], [ 76.27280893, 31.30298024 ], [ 76.27246155, 31.30291904 ], [ 76.2717293, 31.30275894 ], [ 76.27130471, 31.30284912 ], [ 76.2708841, 31.30293904 ], [ 76.27038798, 31.3037196 ], [ 76.27033421, 31.30458113 ], [ 76.27030959, 31.30515295 ], [ 76.27029223, 31.30550762 ], [ 76.2702619, 31.30603821 ], [ 76.27023681, 31.30643331 ], [ 76.2701333, 31.30778289 ], [ 76.27005446, 31.30881089 ], [ 76.26958802, 31.31057028 ], [ 76.26952183, 31.31098798 ], [ 76.26937055, 31.31194248 ], [ 76.26919958, 31.31301226 ], [ 76.26887754, 31.31306679 ], [ 76.2687201, 31.31247414 ], [ 76.26868485, 31.31202759 ], [ 76.26848792, 31.31141338 ], [ 76.26800093, 31.31096957 ], [ 76.26748212, 31.31068756 ], [ 76.26699232, 31.31065525 ], [ 76.26567868, 31.3105686 ], [ 76.26412134, 31.31037956 ], [ 76.26188058, 31.31044789 ], [ 76.26024075, 31.3106341 ], [ 76.2589565, 31.31063284 ], [ 76.25749176, 31.31066453 ], [ 76.25679623, 31.31067958 ], [ 76.25584017, 31.3103736 ], [ 76.25493892, 31.30999731 ], [ 76.25401062, 31.30940979 ], [ 76.25281294, 31.30872252 ], [ 76.25229033, 31.30842263 ], [ 76.25122513, 31.30809313 ], [ 76.25045871, 31.30796694 ], [ 76.25007767, 31.3079042 ], [ 76.24890212, 31.3080457 ], [ 76.24534857, 31.30829441 ], [ 76.2449661, 31.30832216 ], [ 76.24265025, 31.30849017 ], [ 76.24081937, 31.30862983 ], [ 76.23950331, 31.30852063 ], [ 76.23769204, 31.30767426 ], [ 76.23596629, 31.30686738 ], [ 76.23394194, 31.3065102 ], [ 76.2329661, 31.30625577 ], [ 76.22865609, 31.30513196 ], [ 76.22499253, 31.30403305 ], [ 76.22254967, 31.30273745 ], [ 76.21798618, 31.30078087 ], [ 76.21486935, 31.29987216 ], [ 76.21395149, 31.29945875 ], [ 76.2128594, 31.29954223 ], [ 76.21157845, 31.29954316 ], [ 76.20855541, 31.29993152 ], [ 76.2061464, 31.3001539 ], [ 76.2041228, 31.30029317 ], [ 76.20242036, 31.30032176 ], [ 76.19888688, 31.30032389 ], [ 76.19783718, 31.30032445 ], [ 76.19431132, 31.30032633 ], [ 76.19244812, 31.30010651 ], [ 76.19183335, 31.30008385 ], [ 76.19097041, 31.30005204 ], [ 76.18917758, 31.30052305 ], [ 76.18866489, 31.3006991 ], [ 76.18763041, 31.30107505 ], [ 76.18628332, 31.30215122 ], [ 76.18593662, 31.30277178 ], [ 76.18516841, 31.30414958 ], [ 76.18497458, 31.30449721 ], [ 76.18459331, 31.30518469 ], [ 76.18430162, 31.30571064 ], [ 76.18373493, 31.30592084 ], [ 76.18317671, 31.30612669 ], [ 76.18176317, 31.3061273 ], [ 76.17980394, 31.3065974 ], [ 76.17961154, 31.30714959 ], [ 76.17976514, 31.30742519 ], [ 76.1799653, 31.30778431 ], [ 76.1804483, 31.30954378 ], [ 76.18073358, 31.31039998 ], [ 76.18071919, 31.31220863 ], [ 76.18068639, 31.31330124 ], [ 76.18064424, 31.31470571 ], [ 76.18061344, 31.31680369 ], [ 76.18060138, 31.31762497 ], [ 76.18058332, 31.3189233 ], [ 76.18064238, 31.32080664 ], [ 76.18044612, 31.32209819 ], [ 76.18038662, 31.3224897 ], [ 76.18062853, 31.32414677 ], [ 76.18087058, 31.32580291 ], [ 76.18118193, 31.32977599 ], [ 76.18121029, 31.33013814 ], [ 76.181228, 31.33039941 ], [ 76.18125997, 31.33178484 ], [ 76.18134204, 31.33340966 ], [ 76.18135757, 31.33371709 ], [ 76.18106895, 31.33527646 ], [ 76.18087726, 31.33631215 ], [ 76.17972867, 31.33843005 ], [ 76.17959337, 31.33867953 ], [ 76.17880425, 31.340536 ], [ 76.17753139, 31.34094644 ], [ 76.17589943, 31.34155193 ], [ 76.17439382, 31.34186046 ], [ 76.17387508, 31.34196676 ], [ 76.17072588, 31.34238197 ], [ 76.16908712, 31.34268619 ], [ 76.16681141, 31.34308356 ], [ 76.16515067, 31.34337354 ], [ 76.16241902, 31.34345716 ], [ 76.16202871, 31.34348258 ], [ 76.16160877, 31.34350993 ], [ 76.16113883, 31.34354053 ], [ 76.16081716, 31.34356147 ], [ 76.16042892, 31.34358675 ], [ 76.16000898, 31.3436141 ], [ 76.1590958, 31.34367355 ], [ 76.15871035, 31.34411735 ], [ 76.1584987, 31.34442442 ], [ 76.15766423, 31.34575028 ], [ 76.15743875, 31.34610853 ], [ 76.15695945, 31.34653163 ], [ 76.15625011, 31.34715779 ], [ 76.1547102, 31.34807617 ], [ 76.15439492, 31.34837228 ], [ 76.15335848, 31.34938935 ], [ 76.15284448, 31.35024518 ], [ 76.15278068, 31.35057966 ], [ 76.15249163, 31.35209482 ], [ 76.15232505, 31.35239303 ], [ 76.15210632, 31.35278459 ], [ 76.14933848, 31.35332554 ], [ 76.14927698, 31.35483127 ], [ 76.14924171, 31.35570759 ], [ 76.1490697, 31.35678069 ], [ 76.14895786, 31.35747833 ], [ 76.14882968, 31.35797431 ], [ 76.14687196, 31.35904321 ], [ 76.14741018, 31.35969 ], [ 76.14775735, 31.36031489 ], [ 76.14831717, 31.36057007 ], [ 76.14860572, 31.36101209 ], [ 76.14855791, 31.36169543 ], [ 76.14820399, 31.36204687 ], [ 76.14803217, 31.36258904 ], [ 76.14792278, 31.36293423 ], [ 76.14780379, 31.36330973 ], [ 76.14765712, 31.3636668 ], [ 76.14728944, 31.36463245 ], [ 76.14775, 31.36557145 ], [ 76.14771366, 31.36601435 ], [ 76.14752631, 31.36821942 ], [ 76.14765646, 31.3720268 ], [ 76.1477142, 31.37378041 ], [ 76.14774111, 31.37558082 ], [ 76.14786163, 31.37608143 ], [ 76.14809591, 31.37697155 ], [ 76.1479352, 31.37738568 ], [ 76.14763353, 31.37778622 ], [ 76.14722826, 31.37832431 ], [ 76.14747749, 31.37895242 ], [ 76.14774302, 31.37962162 ], [ 76.14809892, 31.38024772 ], [ 76.14839032, 31.3807511 ], [ 76.14918022, 31.38151103 ], [ 76.15009009, 31.381991 ], [ 76.15175987, 31.38246096 ], [ 76.15262976, 31.38276094 ], [ 76.15285972, 31.38293092 ], [ 76.15371961, 31.38309091 ], [ 76.15439952, 31.38359087 ], [ 76.15753991, 31.38585741 ], [ 76.15883203, 31.38682603 ], [ 76.15938224, 31.38723816 ], [ 76.16092606, 31.38845226 ], [ 76.1614102, 31.38885103 ], [ 76.16253842, 31.38977036 ], [ 76.16326198, 31.39061456 ], [ 76.1634666, 31.39097122 ], [ 76.163564, 31.39146039 ], [ 76.16399827, 31.39198105 ], [ 76.16449814, 31.3927501 ], [ 76.16463847, 31.39325404 ], [ 76.16472019, 31.39354083 ], [ 76.165528, 31.39385001 ], [ 76.16655787, 31.39467994 ], [ 76.16689722, 31.39495651 ], [ 76.16855759, 31.3963098 ], [ 76.16964744, 31.39792966 ], [ 76.1696952, 31.39835949 ], [ 76.16976687, 31.39895639 ], [ 76.1696301, 31.39921834 ], [ 76.1691722, 31.39987414 ], [ 76.16885912, 31.4005004 ], [ 76.16855507, 31.40116234 ], [ 76.16713859, 31.40248371 ], [ 76.16671513, 31.40436106 ], [ 76.16694737, 31.40470811 ], [ 76.16672162, 31.40512201 ], [ 76.16636889, 31.40579564 ], [ 76.16731364, 31.40645977 ], [ 76.16746243, 31.40684506 ], [ 76.16743064, 31.40745194 ], [ 76.16810759, 31.40816876 ], [ 76.16825712, 31.40860455 ], [ 76.16846061, 31.40919111 ], [ 76.16862163, 31.40971554 ], [ 76.16807527, 31.4104334 ], [ 76.16773422, 31.41135905 ], [ 76.16721769, 31.41172397 ], [ 76.16699396, 31.41190376 ], [ 76.16622783, 31.41253835 ], [ 76.16515124, 31.41314978 ], [ 76.1646135, 31.41346388 ], [ 76.16329504, 31.41362998 ], [ 76.16257369, 31.41380126 ], [ 76.16220173, 31.41423759 ], [ 76.16194451, 31.41445848 ], [ 76.16152293, 31.4148863 ], [ 76.16065783, 31.41474192 ], [ 76.16014358, 31.41476273 ], [ 76.16011163, 31.41545281 ], [ 76.1603048, 31.41592207 ], [ 76.16110945, 31.41751684 ], [ 76.16152808, 31.41853803 ], [ 76.16212054, 31.41915736 ], [ 76.16254951, 31.41965707 ], [ 76.16259018, 31.420194 ], [ 76.16255843, 31.42127062 ], [ 76.16181903, 31.42231575 ], [ 76.16143325, 31.42289553 ], [ 76.16030798, 31.42411054 ], [ 76.1590862, 31.42562919 ], [ 76.15786447, 31.42750662 ], [ 76.15699643, 31.42888708 ], [ 76.15691506, 31.42942983 ], [ 76.15686814, 31.42974283 ], [ 76.15670754, 31.43054345 ], [ 76.15625589, 31.43084299 ], [ 76.15567839, 31.43128898 ], [ 76.15497878, 31.43162277 ], [ 76.15452055, 31.43184138 ], [ 76.15403807, 31.43222803 ], [ 76.15342702, 31.43275262 ], [ 76.15255615, 31.43352776 ], [ 76.15069268, 31.43369616 ], [ 76.14969278, 31.43377391 ], [ 76.14747039, 31.43371436 ], [ 76.14680027, 31.43369643 ], [ 76.14574638, 31.43394227 ], [ 76.1452639, 31.43457732 ], [ 76.14507106, 31.43540545 ], [ 76.1449748, 31.43645451 ], [ 76.14449251, 31.43731033 ], [ 76.14360126, 31.43836219 ], [ 76.14316565, 31.43886013 ], [ 76.14259817, 31.43929553 ], [ 76.14198361, 31.43976752 ], [ 76.14130331, 31.44054984 ], [ 76.14093145, 31.4412465 ], [ 76.14063273, 31.44181052 ], [ 76.14066499, 31.44236257 ], [ 76.14021486, 31.44335926 ], [ 76.14015853, 31.44378997 ], [ 76.14060917, 31.44483891 ], [ 76.1404018, 31.44517265 ], [ 76.1399337, 31.44569471 ], [ 76.13954764, 31.44624688 ], [ 76.13926314, 31.44685741 ], [ 76.13896901, 31.44875899 ], [ 76.13855077, 31.44909034 ], [ 76.13687779, 31.44969782 ], [ 76.13632294, 31.44990005 ], [ 76.13450611, 31.45057715 ], [ 76.13417516, 31.4509127 ], [ 76.13401434, 31.45146486 ], [ 76.13312635, 31.45194773 ], [ 76.13314535, 31.45241863 ], [ 76.13357561, 31.45291568 ], [ 76.13378154, 31.45313059 ], [ 76.13443223, 31.45363697 ], [ 76.13446512, 31.45410778 ], [ 76.13425744, 31.4550288 ], [ 76.1341436, 31.45595729 ], [ 76.1341145, 31.45697922 ], [ 76.13419407, 31.45734054 ], [ 76.13518106, 31.45780605 ], [ 76.13546215, 31.45818948 ], [ 76.13544461, 31.45893867 ], [ 76.13512535, 31.45955874 ], [ 76.13478756, 31.46028416 ], [ 76.13425505, 31.46059687 ], [ 76.1343991, 31.46083405 ], [ 76.13469332, 31.46109552 ], [ 76.13465373, 31.46147283 ], [ 76.13327193, 31.46189389 ], [ 76.13275133, 31.46209607 ], [ 76.13224577, 31.46229942 ], [ 76.131924, 31.4626031 ], [ 76.13102298, 31.46359695 ], [ 76.1308685, 31.46406088 ], [ 76.13051226, 31.4651436 ], [ 76.13006163, 31.46694618 ], [ 76.12993233, 31.46746339 ], [ 76.12985478, 31.46825906 ], [ 76.13009017, 31.46870389 ], [ 76.13069052, 31.46964405 ], [ 76.13084889, 31.46991438 ], [ 76.13099139, 31.47033244 ], [ 76.13067763, 31.47109633 ], [ 76.13035592, 31.47142754 ], [ 76.12959351, 31.47141128 ], [ 76.12906464, 31.47140308 ], [ 76.12874682, 31.47164854 ], [ 76.12865036, 31.4735809 ], [ 76.12829636, 31.47410538 ], [ 76.12765271, 31.47440903 ], [ 76.12675155, 31.47498876 ], [ 76.12591487, 31.47540289 ], [ 76.12478842, 31.47628626 ], [ 76.12431666, 31.47648592 ], [ 76.12388721, 31.47666766 ], [ 76.12266425, 31.47691613 ], [ 76.12163429, 31.47738543 ], [ 76.12105505, 31.47796514 ], [ 76.12092628, 31.47860011 ], [ 76.12097492, 31.47891723 ], [ 76.12106862, 31.47967354 ], [ 76.12072944, 31.47999286 ], [ 76.11970315, 31.48011833 ], [ 76.11901092, 31.48043069 ], [ 76.11867377, 31.48070217 ], [ 76.11842402, 31.48106787 ], [ 76.11783635, 31.48194015 ], [ 76.1173857, 31.48249224 ], [ 76.11703155, 31.48307196 ], [ 76.11714045, 31.48347972 ], [ 76.11734598, 31.48381759 ], [ 76.11764302, 31.48422527 ], [ 76.11773962, 31.48466695 ], [ 76.11832611, 31.48518195 ], [ 76.11934894, 31.48566074 ], [ 76.11976734, 31.48676496 ], [ 76.1201043, 31.48734293 ], [ 76.12044348, 31.48792156 ], [ 76.12068233, 31.48909937 ], [ 76.12073282, 31.48935576 ], [ 76.12047052, 31.49030622 ], [ 76.11970413, 31.49157412 ], [ 76.11983157, 31.49216838 ], [ 76.11947739, 31.49365899 ], [ 76.11951722, 31.49463376 ], [ 76.11954356, 31.49522091 ], [ 76.11973026, 31.49598703 ], [ 76.11992805, 31.49619472 ], [ 76.1206647, 31.49706541 ], [ 76.12082991, 31.4976037 ], [ 76.12005674, 31.49810329 ], [ 76.11931633, 31.49851736 ], [ 76.11828615, 31.49868295 ], [ 76.1173848, 31.49890376 ], [ 76.11590386, 31.49940065 ], [ 76.11516351, 31.49959387 ], [ 76.11308671, 31.4999445 ], [ 76.11264885, 31.50038834 ], [ 76.11227999, 31.5011158 ], [ 76.11174486, 31.5022739 ], [ 76.11151022, 31.50292379 ], [ 76.11131323, 31.50334016 ], [ 76.11119991, 31.50357969 ], [ 76.11060587, 31.50493869 ], [ 76.11037089, 31.50562224 ], [ 76.11012387, 31.50609486 ], [ 76.10998497, 31.50642912 ], [ 76.10979213, 31.50672954 ], [ 76.10966755, 31.50696788 ], [ 76.1091431, 31.50759232 ], [ 76.10819105, 31.50880262 ], [ 76.10781475, 31.50915052 ], [ 76.10694517, 31.50952959 ], [ 76.10662032, 31.50977329 ], [ 76.10640121, 31.51054397 ], [ 76.10640477, 31.51095409 ], [ 76.10640739, 31.51125536 ], [ 76.1064618, 31.51163472 ], [ 76.10640046, 31.5119091 ], [ 76.10625512, 31.51222485 ], [ 76.10595759, 31.51287121 ], [ 76.1056608, 31.51340406 ], [ 76.10495183, 31.51528028 ], [ 76.10471969, 31.51565816 ], [ 76.10436531, 31.51628259 ], [ 76.10422961, 31.51662081 ], [ 76.10367613, 31.51800019 ], [ 76.10354135, 31.51829501 ], [ 76.10335592, 31.51870059 ], [ 76.10317199, 31.51923377 ], [ 76.10318238, 31.5196357 ], [ 76.10319906, 31.52028084 ], [ 76.103174, 31.52062391 ], [ 76.10304909, 31.52092862 ], [ 76.10195921, 31.52166384 ], [ 76.10181118, 31.5219213 ], [ 76.10164082, 31.52232981 ], [ 76.10150843, 31.52275728 ], [ 76.1015058, 31.52312067 ], [ 76.10152364, 31.52348508 ], [ 76.1015434, 31.52388856 ], [ 76.10178605, 31.52431958 ], [ 76.10192456, 31.52456561 ], [ 76.10205393, 31.5249742 ], [ 76.10213553, 31.52538858 ], [ 76.10203333, 31.52567457 ], [ 76.10137502, 31.52675721 ], [ 76.10098329, 31.52741301 ], [ 76.10073809, 31.52782349 ], [ 76.10051407, 31.52818719 ], [ 76.10035457, 31.52844614 ], [ 76.10004347, 31.52885547 ], [ 76.09982943, 31.52959863 ], [ 76.0997369, 31.5299199 ], [ 76.09954618, 31.53029882 ], [ 76.09927262, 31.53087268 ], [ 76.09858783, 31.53189077 ], [ 76.09818566, 31.53239508 ], [ 76.0979405, 31.53276823 ], [ 76.09782891, 31.53306918 ], [ 76.09784542, 31.53361722 ], [ 76.09823995, 31.53463187 ], [ 76.09862777, 31.53508671 ], [ 76.09858744, 31.53600138 ], [ 76.09850557, 31.53646195 ], [ 76.0981972, 31.53685182 ], [ 76.09777076, 31.5372796 ], [ 76.09752485, 31.53754688 ], [ 76.0971372, 31.53798289 ], [ 76.09691274, 31.53834644 ], [ 76.09647834, 31.53880483 ], [ 76.09594082, 31.53884562 ], [ 76.09553269, 31.53883384 ], [ 76.09520532, 31.53883799 ], [ 76.09490937, 31.53893346 ], [ 76.09466463, 31.53927921 ], [ 76.09429029, 31.53978637 ], [ 76.09382746, 31.54029351 ], [ 76.09236855, 31.5413734 ], [ 76.09196699, 31.54168818 ], [ 76.09168106, 31.54218367 ], [ 76.09160212, 31.5427285 ], [ 76.09154257, 31.54344791 ], [ 76.0914308, 31.543821 ], [ 76.09119764, 31.54439677 ], [ 76.09093635, 31.54473112 ], [ 76.0904395, 31.54485908 ], [ 76.08991048, 31.54487439 ], [ 76.08932908, 31.54496422 ], [ 76.08923043, 31.54521794 ], [ 76.08904669, 31.54559654 ], [ 76.0889352, 31.54642732 ], [ 76.08879888, 31.54709421 ], [ 76.08860148, 31.54764463 ], [ 76.08834997, 31.54787359 ], [ 76.08786716, 31.54804242 ], [ 76.08740475, 31.54815292 ], [ 76.08691067, 31.54816893 ], [ 76.08537034, 31.54843467 ], [ 76.08498164, 31.54849002 ], [ 76.08443804, 31.54886914 ], [ 76.08422418, 31.54938519 ], [ 76.08409772, 31.54969037 ], [ 76.08395459, 31.55031354 ], [ 76.0833402, 31.55120511 ], [ 76.0829729, 31.55149624 ], [ 76.08239062, 31.55164651 ], [ 76.08195964, 31.55175804 ], [ 76.08162829, 31.55199294 ], [ 76.08112888, 31.55279102 ], [ 76.08080013, 31.55308716 ], [ 76.08029481, 31.55360272 ], [ 76.07990488, 31.55405515 ], [ 76.07928419, 31.55529201 ], [ 76.07912075, 31.55582785 ], [ 76.07888925, 31.55636372 ], [ 76.07840099, 31.55779618 ], [ 76.07832584, 31.55833203 ], [ 76.07781397, 31.55914128 ], [ 76.0773386, 31.56012023 ], [ 76.07704599, 31.56053369 ], [ 76.07678345, 31.56080193 ], [ 76.07650181, 31.56089463 ], [ 76.07608607, 31.56097235 ], [ 76.07527619, 31.56136856 ], [ 76.07493602, 31.56166552 ], [ 76.07465018, 31.56193923 ], [ 76.07439938, 31.56222698 ], [ 76.07379281, 31.56280097 ], [ 76.07309267, 31.56345044 ], [ 76.07302868, 31.56381919 ], [ 76.07301446, 31.56474214 ], [ 76.07297224, 31.56519911 ], [ 76.07289158, 31.5656275 ], [ 76.0727027, 31.56633313 ], [ 76.07246308, 31.56699831 ], [ 76.07211946, 31.56774434 ], [ 76.07216403, 31.56824215 ], [ 76.07223487, 31.56850795 ], [ 76.07241941, 31.56888424 ], [ 76.07230942, 31.56924421 ], [ 76.07202947, 31.56964416 ], [ 76.07159952, 31.56969417 ], [ 76.07089961, 31.56966417 ], [ 76.07033707, 31.56988725 ], [ 76.06945522, 31.57033019 ], [ 76.06882989, 31.57083404 ], [ 76.06820995, 31.57156399 ], [ 76.0679292, 31.57190872 ], [ 76.06741846, 31.57261112 ], [ 76.06709966, 31.57273698 ], [ 76.06671016, 31.57298385 ], [ 76.06607024, 31.5734738 ], [ 76.06588025, 31.57410376 ], [ 76.06550611, 31.57538656 ], [ 76.06536245, 31.57609556 ], [ 76.06519504, 31.57675919 ], [ 76.06510383, 31.57709491 ], [ 76.06480102, 31.57806731 ], [ 76.06459439, 31.57876074 ], [ 76.06438858, 31.57918058 ], [ 76.06407564, 31.57945398 ], [ 76.06376673, 31.57978603 ], [ 76.06348118, 31.57987897 ], [ 76.06270425, 31.58004496 ], [ 76.06193666, 31.58034499 ], [ 76.06161821, 31.58057647 ], [ 76.06134619, 31.58078007 ], [ 76.06040777, 31.58094941 ], [ 76.05962241, 31.58111065 ], [ 76.05926223, 31.58121071 ], [ 76.05899012, 31.58150158 ], [ 76.05873944, 31.58177631 ], [ 76.05824037, 31.58246938 ], [ 76.05804975, 31.58273695 ], [ 76.05790002, 31.58299291 ], [ 76.05776384, 31.5833362 ], [ 76.05757997, 31.58385399 ], [ 76.05711436, 31.58446886 ], [ 76.05647415, 31.5849068 ], [ 76.05620205, 31.58517432 ], [ 76.05594458, 31.58563143 ], [ 76.05585463, 31.58601797 ], [ 76.05593173, 31.58637258 ], [ 76.05637124, 31.58682721 ], [ 76.05668059, 31.58704758 ], [ 76.05696576, 31.58728632 ], [ 76.05718778, 31.58775735 ], [ 76.0573971, 31.5882253 ], [ 76.05751128, 31.58864244 ], [ 76.05733323, 31.58890063 ], [ 76.05708134, 31.58929239 ], [ 76.05634687, 31.58973308 ], [ 76.05619525, 31.5900271 ], [ 76.05614658, 31.59029056 ], [ 76.05590854, 31.59066286 ], [ 76.05541247, 31.59125633 ], [ 76.05501148, 31.59144816 ], [ 76.05468711, 31.59163525 ], [ 76.05374178, 31.59221211 ], [ 76.05338181, 31.59262208 ], [ 76.05328241, 31.59303121 ], [ 76.05333181, 31.59344201 ], [ 76.05390198, 31.5937336 ], [ 76.05428211, 31.59375926 ], [ 76.05494799, 31.59375953 ], [ 76.05538285, 31.59376718 ], [ 76.05608252, 31.59378335 ], [ 76.05664612, 31.59397578 ], [ 76.05691517, 31.59423697 ], [ 76.05749663, 31.59489642 ], [ 76.0578712, 31.59555183 ], [ 76.05794402, 31.5964521 ], [ 76.05780173, 31.59692226 ], [ 76.0574952, 31.5969665 ], [ 76.05719416, 31.59707877 ], [ 76.05703056, 31.5974643 ], [ 76.05692136, 31.59813992 ], [ 76.05689981, 31.59858047 ], [ 76.05690952, 31.59891047 ], [ 76.05701063, 31.59918607 ], [ 76.05716128, 31.59951148 ], [ 76.05739324, 31.59988348 ], [ 76.05756114, 31.60031296 ], [ 76.05735734, 31.60050468 ], [ 76.05711958, 31.600679 ], [ 76.05700084, 31.60113268 ], [ 76.05717724, 31.6014176 ], [ 76.05720639, 31.60192375 ], [ 76.05696347, 31.6022864 ], [ 76.05651295, 31.60278431 ], [ 76.05637847, 31.6030525 ], [ 76.05628698, 31.60331159 ], [ 76.05609645, 31.60384633 ], [ 76.05567498, 31.60436934 ], [ 76.05545117, 31.60498222 ], [ 76.05534174, 31.60527489 ], [ 76.05516598, 31.60565891 ], [ 76.05489176, 31.60587194 ], [ 76.05444636, 31.60603597 ], [ 76.05369116, 31.60594014 ], [ 76.05278869, 31.60557535 ], [ 76.05245181, 31.6053527 ], [ 76.05192194, 31.60503098 ], [ 76.05131784, 31.60452429 ], [ 76.05091727, 31.60423165 ], [ 76.05070437, 31.60404093 ], [ 76.05036726, 31.60370246 ], [ 76.0501042, 31.60343064 ], [ 76.04946868, 31.60274032 ], [ 76.04911232, 31.60267118 ], [ 76.0485224, 31.60261118 ], [ 76.04798249, 31.60275116 ], [ 76.04718123, 31.60299948 ], [ 76.04611063, 31.6033517 ], [ 76.04579841, 31.60361868 ], [ 76.04551648, 31.60484579 ], [ 76.04512283, 31.60569089 ], [ 76.04464408, 31.60603909 ], [ 76.04352332, 31.60716464 ], [ 76.04324611, 31.60746529 ], [ 76.04287853, 31.60798338 ], [ 76.04207221, 31.60895721 ], [ 76.04166965, 31.609237 ], [ 76.04136588, 31.60934802 ], [ 76.04109008, 31.60969743 ], [ 76.04100018, 31.61004063 ], [ 76.04092559, 31.61030666 ], [ 76.04061581, 31.61053797 ], [ 76.04025999, 31.61048005 ], [ 76.03963876, 31.6101847 ], [ 76.03918643, 31.60988939 ], [ 76.03851107, 31.60961716 ], [ 76.03804839, 31.60946482 ], [ 76.03756382, 31.60953053 ], [ 76.0370039, 31.60995048 ], [ 76.03657043, 31.61081244 ], [ 76.03625251, 31.61160693 ], [ 76.03610275, 31.61202567 ], [ 76.03587651, 31.61269689 ], [ 76.03580232, 31.6130484 ], [ 76.03553846, 31.61360305 ], [ 76.03471446, 31.61431207 ], [ 76.03407249, 31.61491269 ], [ 76.03341909, 31.61569475 ], [ 76.03304438, 31.61618993 ], [ 76.03258626, 31.61674725 ], [ 76.0320745, 31.61736982 ], [ 76.03134594, 31.61753924 ], [ 76.03055472, 31.61786976 ], [ 76.03017573, 31.61823166 ], [ 76.02989293, 31.61863818 ], [ 76.0295408, 31.61888793 ], [ 76.02873701, 31.61906452 ], [ 76.02840329, 31.6194031 ], [ 76.02810592, 31.61983679 ], [ 76.02809501, 31.62050953 ], [ 76.02806501, 31.62131945 ], [ 76.02810052, 31.62167632 ], [ 76.02813993, 31.62220979 ], [ 76.02803393, 31.62245921 ], [ 76.02783541, 31.62296635 ], [ 76.02763921, 31.62326099 ], [ 76.02738925, 31.6234862 ], [ 76.02693908, 31.62376248 ], [ 76.02612832, 31.62410769 ], [ 76.02578531, 31.62425918 ], [ 76.02428551, 31.62468914 ], [ 76.02315971, 31.62529191 ], [ 76.02253111, 31.62585296 ], [ 76.02213805, 31.62625686 ], [ 76.02114657, 31.62727568 ], [ 76.02091338, 31.62754999 ], [ 76.0207342, 31.62776078 ], [ 76.02017213, 31.62849638 ], [ 76.01913134, 31.62985846 ], [ 76.01855626, 31.63073789 ], [ 76.01772157, 31.63218728 ], [ 76.01755899, 31.63278245 ], [ 76.0174585, 31.63368495 ], [ 76.01743733, 31.6340159 ], [ 76.01763537, 31.6342206 ], [ 76.01807795, 31.63443607 ], [ 76.01843319, 31.63479842 ], [ 76.01847229, 31.63522023 ], [ 76.01850221, 31.63556627 ], [ 76.01858274, 31.63588062 ], [ 76.01887252, 31.63627152 ], [ 76.01933314, 31.63674301 ], [ 76.01980829, 31.63735609 ], [ 76.02046714, 31.63845784 ], [ 76.02065858, 31.63895113 ], [ 76.02077446, 31.63949939 ], [ 76.02088662, 31.63988021 ], [ 76.02101997, 31.64072643 ], [ 76.02100584, 31.64136266 ], [ 76.02088569, 31.64162879 ], [ 76.02064625, 31.64192198 ], [ 76.02025695, 31.6422577 ], [ 76.01978488, 31.64252257 ], [ 76.01939382, 31.64263194 ], [ 76.01868013, 31.64271597 ], [ 76.01818412, 31.64287786 ], [ 76.01794189, 31.64318973 ], [ 76.01779161, 31.64387033 ], [ 76.01778787, 31.6441933 ], [ 76.01768719, 31.64444664 ], [ 76.01735862, 31.64497731 ], [ 76.0171876, 31.64524954 ], [ 76.01704208, 31.64571207 ], [ 76.01692678, 31.64634181 ], [ 76.01712532, 31.64694749 ], [ 76.01775198, 31.64762419 ], [ 76.01823366, 31.64813946 ], [ 76.01842874, 31.6484345 ], [ 76.01840646, 31.64885153 ], [ 76.01803696, 31.6495177 ], [ 76.01697362, 31.65013904 ], [ 76.01649509, 31.65042309 ], [ 76.01608037, 31.65061886 ], [ 76.0150085, 31.65123106 ], [ 76.0147574, 31.65137448 ], [ 76.01447065, 31.65161647 ], [ 76.01408283, 31.65179784 ], [ 76.01341757, 31.65186827 ], [ 76.01289187, 31.65178707 ], [ 76.01225026, 31.65177456 ], [ 76.01170139, 31.65191339 ], [ 76.01133781, 31.65198928 ], [ 76.0104972, 31.65216666 ], [ 76.01002669, 31.65230412 ], [ 76.00967154, 31.6524511 ], [ 76.00938785, 31.65265041 ], [ 76.00912482, 31.6529524 ], [ 76.00891396, 31.65341613 ], [ 76.00879491, 31.65408181 ], [ 76.00865915, 31.65489495 ], [ 76.00859814, 31.65515473 ], [ 76.00850444, 31.65562056 ], [ 76.00841127, 31.65601913 ], [ 76.00835699, 31.65631899 ], [ 76.0082583, 31.65701663 ], [ 76.00823745, 31.6573462 ], [ 76.00808804, 31.65787811 ], [ 76.00797114, 31.65834826 ], [ 76.00788657, 31.65872597 ], [ 76.00774134, 31.65907769 ], [ 76.00732556, 31.65975048 ], [ 76.00700323, 31.66024704 ], [ 76.00684571, 31.6605051 ], [ 76.00664021, 31.6607718 ], [ 76.00627769, 31.66129585 ], [ 76.00595773, 31.66192579 ], [ 76.00580789, 31.6627614 ], [ 76.00566493, 31.66406658 ], [ 76.00554975, 31.66460803 ], [ 76.00549211, 31.66496543 ], [ 76.00547778, 31.66544548 ], [ 76.00519727, 31.66651159 ], [ 76.00503783, 31.66725532 ], [ 76.00497462, 31.66771243 ], [ 76.00488254, 31.66851228 ], [ 76.00486551, 31.66931381 ], [ 76.00490878, 31.67018837 ], [ 76.00500781, 31.67092499 ], [ 76.00499007, 31.67176472 ], [ 76.00496664, 31.67307299 ], [ 76.00486186, 31.67430648 ], [ 76.00476613, 31.6751092 ], [ 76.00457785, 31.67561457 ], [ 76.00439787, 31.67613453 ], [ 76.00423504, 31.67640287 ], [ 76.00382004, 31.6772218 ], [ 76.00332851, 31.67777964 ], [ 76.00309805, 31.67808434 ], [ 76.0028854, 31.67831693 ], [ 76.00231548, 31.67901508 ], [ 76.00166048, 31.68007489 ], [ 76.00154522, 31.68034381 ], [ 76.00146823, 31.68084636 ], [ 76.00146823, 31.68132406 ], [ 76.0012134, 31.68293987 ], [ 76.00103865, 31.68337355 ], [ 76.00067694, 31.68382997 ], [ 76.00024182, 31.6853987 ], [ 76.0002357, 31.68573915 ], [ 76.00027837, 31.68634361 ], [ 76.00018738, 31.68680832 ], [ 76.00010006, 31.6876035 ], [ 75.99983012, 31.68816733 ], [ 75.99932971, 31.68859198 ], [ 75.99895233, 31.68909336 ], [ 75.99870163, 31.68944219 ], [ 75.99830898, 31.68967626 ], [ 75.99817363, 31.69033815 ], [ 75.99816993, 31.69063583 ], [ 75.9980344, 31.69092493 ], [ 75.99767347, 31.69147642 ], [ 75.99739648, 31.69196002 ], [ 75.99725061, 31.6923033 ], [ 75.99712646, 31.69275022 ], [ 75.99698022, 31.69302137 ], [ 75.99661274, 31.6933339 ], [ 75.99631007, 31.69358625 ], [ 75.99592513, 31.69395439 ], [ 75.99568339, 31.69410862 ], [ 75.99521827, 31.69419128 ], [ 75.99484988, 31.69431546 ], [ 75.99451486, 31.69454602 ], [ 75.99433226, 31.69492551 ], [ 75.99420729, 31.69522362 ], [ 75.99403074, 31.69575642 ], [ 75.99381159, 31.69619464 ], [ 75.99356064, 31.69661727 ], [ 75.99311855, 31.69690301 ], [ 75.99317515, 31.69752285 ], [ 75.9932169, 31.69843804 ], [ 75.9928798, 31.69951259 ], [ 75.99239915, 31.70037569 ], [ 75.99181864, 31.70122642 ], [ 75.9916402, 31.70148793 ], [ 75.99183376, 31.70173374 ], [ 75.99242009, 31.70235524 ], [ 75.99307195, 31.70312263 ], [ 75.99294818, 31.70346696 ], [ 75.99256798, 31.70437479 ], [ 75.99208619, 31.70504402 ], [ 75.99181319, 31.70527505 ], [ 75.99101909, 31.7059023 ], [ 75.99046319, 31.70634571 ], [ 75.99012962, 31.70661177 ], [ 75.98951503, 31.7071564 ], [ 75.98894088, 31.70773465 ], [ 75.98853904, 31.70857941 ], [ 75.98852125, 31.70920631 ], [ 75.98833006, 31.70996456 ], [ 75.98803419, 31.71088107 ], [ 75.98802438, 31.71151085 ], [ 75.98818209, 31.71192217 ], [ 75.98859016, 31.71289961 ], [ 75.98789171, 31.71388032 ], [ 75.98693701, 31.7150274 ], [ 75.98660374, 31.71548511 ], [ 75.98618598, 31.71604068 ], [ 75.98593363, 31.71618296 ], [ 75.98559947, 31.71637372 ], [ 75.98495291, 31.71682255 ], [ 75.98468576, 31.71717981 ], [ 75.98427808, 31.71792207 ], [ 75.98374978, 31.71847747 ], [ 75.98315538, 31.71880753 ], [ 75.98315065, 31.7192148 ], [ 75.98326684, 31.71983167 ], [ 75.98350579, 31.72056178 ], [ 75.98340253, 31.72099057 ], [ 75.98321018, 31.72153234 ], [ 75.98208614, 31.72288409 ], [ 75.9810805, 31.72409866 ], [ 75.98063431, 31.72432885 ], [ 75.97983345, 31.72555391 ], [ 75.97945629, 31.72608742 ], [ 75.9795634, 31.72639366 ], [ 75.9798992, 31.72654115 ], [ 75.97984356, 31.72688922 ], [ 75.97964693, 31.72723656 ], [ 75.9795431, 31.72757963 ], [ 75.97932836, 31.72788708 ], [ 75.97930866, 31.72815773 ], [ 75.97950004, 31.72844109 ], [ 75.9796499, 31.7288373 ], [ 75.979461, 31.72905449 ], [ 75.97929751, 31.72933816 ], [ 75.97920844, 31.73020074 ], [ 75.97926883, 31.73066952 ], [ 75.979419, 31.73112667 ], [ 75.97925136, 31.7313685 ], [ 75.97880373, 31.73159845 ], [ 75.97843171, 31.73202093 ], [ 75.97826615, 31.73266634 ], [ 75.97841623, 31.7331167 ], [ 75.97852079, 31.7334225 ], [ 75.9782824, 31.7337688 ], [ 75.97778441, 31.73392805 ], [ 75.97731722, 31.73385137 ], [ 75.9768741, 31.73387109 ], [ 75.97627212, 31.73392741 ], [ 75.97586734, 31.73406421 ], [ 75.97557821, 31.73426372 ], [ 75.97525744, 31.73448134 ], [ 75.97474657, 31.73474582 ], [ 75.97445324, 31.73509158 ], [ 75.97464691, 31.73582285 ], [ 75.97453937, 31.73610189 ], [ 75.97407481, 31.73641118 ], [ 75.97374952, 31.73677318 ], [ 75.97338818, 31.73730659 ], [ 75.97328843, 31.73766683 ], [ 75.97335338, 31.73821831 ], [ 75.97328253, 31.738768 ], [ 75.97264452, 31.73872052 ], [ 75.97249103, 31.73936163 ], [ 75.97270397, 31.74024034 ], [ 75.97280422, 31.7407584 ], [ 75.97265898, 31.7412639 ], [ 75.97262924, 31.74155046 ], [ 75.97318309, 31.7416047 ], [ 75.97361618, 31.74178166 ], [ 75.97413005, 31.74207015 ], [ 75.9748702, 31.74234119 ], [ 75.97540503, 31.7425728 ], [ 75.97530536, 31.7428368 ], [ 75.97513615, 31.74379797 ], [ 75.97499052, 31.7442133 ], [ 75.97477729, 31.74480939 ], [ 75.97412907, 31.74602241 ], [ 75.97354111, 31.7466086 ], [ 75.97288382, 31.74707551 ], [ 75.97236474, 31.7477283 ], [ 75.97183239, 31.747855 ], [ 75.97172884, 31.74825673 ], [ 75.9716566, 31.74857265 ], [ 75.97119844, 31.74931304 ], [ 75.97152443, 31.74956069 ], [ 75.97183159, 31.74978954 ], [ 75.97232354, 31.75110373 ], [ 75.97164183, 31.75340758 ], [ 75.97135464, 31.75446586 ], [ 75.97086675, 31.75626367 ], [ 75.97072194, 31.75679728 ], [ 75.96978205, 31.75862711 ], [ 75.96856875, 31.76021148 ], [ 75.96823556, 31.76089865 ], [ 75.96765644, 31.76271734 ], [ 75.96681414, 31.7648875 ], [ 75.96621936, 31.76657027 ], [ 75.96513842, 31.76761762 ], [ 75.96426554, 31.76821823 ], [ 75.96387178, 31.76848916 ], [ 75.96339256, 31.76881889 ], [ 75.96327496, 31.77009233 ], [ 75.96322012, 31.77068618 ], [ 75.9632188, 31.77101888 ], [ 75.9632073, 31.77391547 ], [ 75.96292085, 31.77457016 ], [ 75.96184315, 31.77703316 ], [ 75.96115849, 31.77871603 ], [ 75.96057246, 31.78021116 ], [ 75.96020001, 31.78116134 ], [ 75.95947187, 31.78160846 ], [ 75.95733952, 31.78198453 ], [ 75.95613081, 31.7825629 ], [ 75.95537124, 31.78279802 ], [ 75.95443681, 31.78282132 ], [ 75.95362399, 31.78294832 ], [ 75.95309641, 31.78332303 ], [ 75.95292506, 31.78360733 ], [ 75.95274723, 31.78392414 ], [ 75.95293554, 31.78535084 ], [ 75.95299414, 31.78578465 ], [ 75.95317411, 31.78835442 ], [ 75.95305412, 31.78963431 ], [ 75.95233421, 31.79066421 ], [ 75.95088441, 31.79194409 ], [ 75.9501445, 31.79269402 ], [ 75.94968588, 31.7935663 ], [ 75.9483747, 31.79694365 ], [ 75.94775796, 31.79822721 ], [ 75.94726484, 31.79925344 ], [ 75.94567503, 31.8018432 ], [ 75.94045569, 31.8096025 ], [ 75.9371056, 31.81443074 ], [ 75.93666883, 31.81545539 ], [ 75.93703814, 31.81542883 ], [ 75.93741826, 31.81515346 ], [ 75.93980947, 31.81378071 ], [ 75.94179429, 31.81273299 ], [ 75.94319343, 31.81251101 ], [ 75.94479895, 31.81270826 ], [ 75.94681104, 31.81298192 ], [ 75.94748182, 31.81305354 ], [ 75.94886603, 31.81386428 ], [ 75.94985894, 31.81403494 ], [ 75.95193534, 31.81533222 ], [ 75.95356748, 31.81577739 ], [ 75.95425411, 31.81585124 ], [ 75.95494064, 31.81592509 ], [ 75.95613415, 31.81592408 ], [ 75.95696881, 31.81633837 ], [ 75.95769912, 31.81800652 ], [ 75.95818264, 31.81848835 ], [ 75.96009242, 31.81915002 ], [ 75.96137487, 31.81974806 ], [ 75.96231753, 31.82076873 ], [ 75.96326113, 31.82179126 ], [ 75.964676, 31.82312687 ], [ 75.96568428, 31.82365067 ], [ 75.9660965, 31.82369944 ], [ 75.96734806, 31.82384756 ], [ 75.96901177, 31.82392276 ], [ 75.96939192, 31.82386823 ], [ 75.97151728, 31.82092567 ], [ 75.97324869, 31.81847536 ], [ 75.97374857, 31.81849266 ], [ 75.97558672, 31.81878851 ], [ 75.97590843, 31.81844091 ], [ 75.97643033, 31.8176421 ], [ 75.97645914, 31.81626183 ], [ 75.97675026, 31.81559871 ], [ 75.97854291, 31.81303971 ], [ 75.97909743, 31.81309333 ], [ 75.98114412, 31.81377579 ], [ 75.98192894, 31.81403747 ], [ 75.98230878, 31.81373493 ], [ 75.98247561, 31.81345844 ], [ 75.98321011, 31.81224115 ], [ 75.98347342, 31.81164107 ], [ 75.9840277, 31.81146463 ], [ 75.98493072, 31.8115629 ], [ 75.98652107, 31.81227379 ], [ 75.98696333, 31.81317869 ], [ 75.98650957, 31.81523216 ], [ 75.9857431, 31.81631331 ], [ 75.98647279, 31.8179659 ], [ 75.98592724, 31.81943896 ], [ 75.98354995, 31.82086164 ], [ 75.98311197, 31.82109382 ], [ 75.97923051, 31.82315142 ], [ 75.97674083, 31.82536121 ], [ 75.97596442, 31.82660353 ], [ 75.9756029, 31.82718197 ], [ 75.97484105, 31.82840095 ], [ 75.97377034, 31.8286973 ], [ 75.97242877, 31.82825647 ], [ 75.97191144, 31.82811096 ], [ 75.97153151, 31.82824095 ], [ 75.97121155, 31.82852091 ], [ 75.97107916, 31.83057268 ], [ 75.97089155, 31.83348049 ], [ 75.97059849, 31.8338627 ], [ 75.96904354, 31.83589065 ], [ 75.96872183, 31.83631023 ], [ 75.9659522, 31.83832003 ], [ 75.96509228, 31.84143976 ], [ 75.96526225, 31.84222969 ], [ 75.96470528, 31.84363504 ], [ 75.96453413, 31.84428178 ], [ 75.96382145, 31.84706866 ], [ 75.96210439, 31.85237852 ], [ 75.96117697, 31.85489594 ], [ 75.95999128, 31.85689853 ], [ 75.95899484, 31.8585795 ], [ 75.9588007, 31.85890765 ], [ 75.95790846, 31.86056715 ], [ 75.95716814, 31.86194407 ], [ 75.95574294, 31.86455574 ], [ 75.95479442, 31.86629381 ], [ 75.95389445, 31.86743198 ], [ 75.95329301, 31.8681926 ], [ 75.95289957, 31.86869015 ], [ 75.95223373, 31.87014148 ], [ 75.95117543, 31.87244815 ], [ 75.9503204, 31.87431174 ], [ 75.94876117, 31.87687182 ], [ 75.9484117, 31.8774456 ], [ 75.94727538, 31.87931121 ], [ 75.94583991, 31.88218324 ], [ 75.94513544, 31.8835927 ], [ 75.94436973, 31.88427988 ], [ 75.94292412, 31.88550332 ], [ 75.94241862, 31.88593113 ], [ 75.94210328, 31.88637892 ], [ 75.94193826, 31.8866194 ], [ 75.94136155, 31.88746422 ], [ 75.94099495, 31.88800124 ], [ 75.94052597, 31.88868823 ], [ 75.9401057, 31.88922797 ], [ 75.93958102, 31.88994329 ], [ 75.9391326, 31.89055496 ], [ 75.93872809, 31.89110671 ], [ 75.93857025, 31.89213967 ], [ 75.93865635, 31.8942097 ], [ 75.93831831, 31.89527401 ], [ 75.93811464, 31.89572399 ], [ 75.9376961, 31.89662779 ], [ 75.93756302, 31.89700104 ], [ 75.93730044, 31.89773752 ], [ 75.93683179, 31.89853846 ], [ 75.93662989, 31.8988835 ], [ 75.93593437, 31.89938444 ], [ 75.9354803, 31.89975219 ], [ 75.93521427, 31.90015621 ], [ 75.93458042, 31.90112833 ], [ 75.93397859, 31.90205133 ], [ 75.93199236, 31.90533785 ], [ 75.93167223, 31.90586754 ], [ 75.93084221, 31.90732565 ], [ 75.92835299, 31.9117761 ], [ 75.92782167, 31.91272599 ], [ 75.92644028, 31.9151027 ], [ 75.9248008, 31.91792337 ], [ 75.92445877, 31.91851865 ], [ 75.9236685, 31.91988726 ], [ 75.92227569, 31.92152834 ], [ 75.92173702, 31.92243965 ], [ 75.92087588, 31.9238965 ], [ 75.92060171, 31.92419638 ], [ 75.9201569, 31.92469464 ], [ 75.91969976, 31.92520945 ], [ 75.91927201, 31.92569117 ], [ 75.91869875, 31.92647203 ], [ 75.91690478, 31.92875549 ], [ 75.91665388, 31.92917561 ], [ 75.91580821, 31.9306105 ], [ 75.9155338, 31.93107689 ], [ 75.91504749, 31.93228382 ], [ 75.91439814, 31.93389538 ], [ 75.91298238, 31.93707476 ], [ 75.91155045, 31.93988887 ], [ 75.91094017, 31.94215907 ], [ 75.91068976, 31.94309057 ], [ 75.91079222, 31.94478569 ], [ 75.91083884, 31.94555698 ], [ 75.91076865, 31.94735301 ], [ 75.9107079, 31.94890726 ], [ 75.91038581, 31.95017897 ], [ 75.90945532, 31.95097731 ], [ 75.90657868, 31.95210984 ], [ 75.90459456, 31.95257425 ], [ 75.903686, 31.95278691 ], [ 75.9014262, 31.95499561 ], [ 75.90111115, 31.95530353 ], [ 75.90073141, 31.95563252 ], [ 75.89942967, 31.95676032 ], [ 75.89767924, 31.95796008 ], [ 75.89540016, 31.95982719 ], [ 75.89247559, 31.96184769 ], [ 75.88945042, 31.96323241 ], [ 75.8859807, 31.96429011 ], [ 75.88357412, 31.96540177 ], [ 75.88310078, 31.9656523 ], [ 75.88267031, 31.96599198 ], [ 75.88305088, 31.96852598 ], [ 75.88300434, 31.9689527 ], [ 75.88242415, 31.9689599 ], [ 75.88031604, 31.9689777 ], [ 75.87823814, 31.96908504 ], [ 75.87714407, 31.96914532 ], [ 75.87607901, 31.96925285 ], [ 75.87423819, 31.96952788 ], [ 75.87080505, 31.97088511 ], [ 75.86676887, 31.97215648 ], [ 75.86588286, 31.9722463 ], [ 75.86454717, 31.9723817 ], [ 75.86280447, 31.97243781 ], [ 75.86105573, 31.9724941 ], [ 75.85877572, 31.97298982 ], [ 75.85696115, 31.97386435 ], [ 75.85536726, 31.97591191 ], [ 75.85483653, 31.97659001 ], [ 75.85292943, 31.9790131 ], [ 75.85195723, 31.98019013 ], [ 75.85143442, 31.98138471 ], [ 75.85102204, 31.98221053 ], [ 75.84624922, 31.98191969 ], [ 75.84171124, 31.98214399 ], [ 75.83958401, 31.98227466 ], [ 75.83909036, 31.98230498 ], [ 75.83829309, 31.98244261 ], [ 75.83713984, 31.9826417 ], [ 75.83678384, 31.98270316 ], [ 75.83615062, 31.98272136 ], [ 75.83531595, 31.98274104 ], [ 75.83499184, 31.98261809 ], [ 75.83350782, 31.98265996 ], [ 75.83320524, 31.98266509 ], [ 75.83216831, 31.98280002 ], [ 75.83055971, 31.98344876 ], [ 75.82915758, 31.98359705 ], [ 75.82626371, 31.98359597 ], [ 75.82406823, 31.98347337 ], [ 75.82168713, 31.98398197 ], [ 75.8195342, 31.98473691 ], [ 75.81580804, 31.98602643 ], [ 75.81123032, 31.98800373 ], [ 75.80988602, 31.98879078 ], [ 75.80739817, 31.99024733 ], [ 75.80551382, 31.99132849 ], [ 75.80367143, 31.99272528 ], [ 75.80212069, 31.99334668 ], [ 75.80080302, 31.99367062 ], [ 75.79963356, 31.99381865 ], [ 75.79907584, 31.99417788 ], [ 75.79638825, 31.99590898 ], [ 75.79448428, 31.99719963 ], [ 75.79344997, 31.99791367 ], [ 75.79296639, 31.99816202 ], [ 75.79145946, 31.99893593 ], [ 75.79055355, 31.99973689 ], [ 75.78912078, 32.00009642 ], [ 75.78702165, 32.00061069 ], [ 75.78599142, 32.00113606 ], [ 75.78245868, 32.00308884 ], [ 75.78218267, 32.00324141 ], [ 75.77975304, 32.0047122 ], [ 75.77876121, 32.00569737 ], [ 75.77480139, 32.01048571 ], [ 75.77306965, 32.01227826 ], [ 75.77174134, 32.01365319 ], [ 75.76961032, 32.01604306 ], [ 75.76893905, 32.0166092 ], [ 75.76543917, 32.01946081 ], [ 75.76493785, 32.01998035 ], [ 75.76425714, 32.02083694 ], [ 75.76279676, 32.02266327 ], [ 75.75977548, 32.02672774 ], [ 75.75951564, 32.02703261 ], [ 75.75877837, 32.02789763 ], [ 75.75792865, 32.02876056 ], [ 75.75543321, 32.03171463 ], [ 75.75517502, 32.03212094 ], [ 75.75433232, 32.03365121 ], [ 75.75331404, 32.03487525 ], [ 75.75177312, 32.03661885 ], [ 75.7511338, 32.03736128 ], [ 75.75079691, 32.0377525 ], [ 75.75043821, 32.03796477 ], [ 75.74980988, 32.03808556 ], [ 75.74897603, 32.03777867 ], [ 75.74792586, 32.03812076 ], [ 75.74698184, 32.03842827 ], [ 75.74571681, 32.03864688 ], [ 75.74491607, 32.03878524 ], [ 75.74363346, 32.03908473 ], [ 75.74271366, 32.03938163 ], [ 75.74232583, 32.03941258 ], [ 75.74193397, 32.03924248 ], [ 75.74037901, 32.03848926 ], [ 75.73717851, 32.03744138 ], [ 75.73399736, 32.03683482 ], [ 75.73138083, 32.03632586 ], [ 75.72959767, 32.03614272 ], [ 75.72857188, 32.03482113 ], [ 75.72752186, 32.03459478 ], [ 75.72672173, 32.03424042 ], [ 75.72445448, 32.03310625 ], [ 75.7239084, 32.03304019 ], [ 75.72352908, 32.03303598 ], [ 75.72315501, 32.03320665 ], [ 75.72269698, 32.03381333 ], [ 75.72223982, 32.03436477 ], [ 75.72006138, 32.03524786 ], [ 75.71906449, 32.03563619 ], [ 75.7175446, 32.03633162 ], [ 75.71723221, 32.03647455 ], [ 75.71723254, 32.0368256 ], [ 75.717233, 32.03731238 ], [ 75.71632689, 32.03790808 ], [ 75.7149239, 32.03888207 ], [ 75.71394575, 32.03952872 ], [ 75.71271307, 32.04002658 ], [ 75.71231796, 32.04031184 ], [ 75.7111273, 32.04117145 ], [ 75.71072113, 32.04146469 ], [ 75.70933941, 32.04297088 ], [ 75.70840734, 32.0441076 ], [ 75.70785819, 32.04504528 ], [ 75.70765239, 32.045656 ], [ 75.70755287, 32.04619569 ], [ 75.70755052, 32.04756279 ], [ 75.70757371, 32.04873271 ], [ 75.70798799, 32.0495131 ], [ 75.70731495, 32.05033751 ], [ 75.70575718, 32.05197756 ], [ 75.70314498, 32.05472761 ], [ 75.70197863, 32.05499818 ], [ 75.70166212, 32.05516877 ], [ 75.70112906, 32.05553831 ], [ 75.70031571, 32.05623903 ], [ 75.69972551, 32.0567475 ], [ 75.69832654, 32.0580548 ], [ 75.69761024, 32.05849544 ], [ 75.69661804, 32.05903567 ], [ 75.6961794, 32.05923336 ], [ 75.69590472, 32.05935715 ], [ 75.69547, 32.05955308 ], [ 75.69435547, 32.06005537 ], [ 75.69392384, 32.06024989 ], [ 75.69365243, 32.06037221 ], [ 75.69305257, 32.06050033 ], [ 75.6923194, 32.06072791 ], [ 75.691013, 32.06126784 ], [ 75.68689646, 32.06138364 ], [ 75.68604396, 32.06161352 ], [ 75.68546328, 32.06168257 ], [ 75.68233007, 32.06192546 ], [ 75.68164114, 32.06212363 ], [ 75.68065808, 32.06249329 ], [ 75.67950128, 32.06291435 ], [ 75.67827517, 32.06336062 ], [ 75.67759011, 32.06372708 ], [ 75.67729212, 32.06388648 ], [ 75.67677557, 32.06428434 ], [ 75.6758261, 32.06520776 ], [ 75.67492619, 32.0661476 ], [ 75.67422036, 32.06697675 ], [ 75.6741099, 32.06721964 ], [ 75.67448535, 32.0677099 ], [ 75.67497137, 32.06971279 ], [ 75.67502156, 32.07012464 ], [ 75.67487175, 32.07036611 ], [ 75.67463843, 32.07056505 ], [ 75.67426102, 32.07071376 ], [ 75.67380026, 32.07076931 ], [ 75.67334792, 32.07109259 ], [ 75.67172253, 32.07185335 ], [ 75.67137409, 32.07201053 ], [ 75.67046396, 32.07265225 ], [ 75.669565, 32.07269512 ], [ 75.66910953, 32.07295191 ], [ 75.66796376, 32.07296521 ], [ 75.66735547, 32.07310819 ], [ 75.66590258, 32.07359781 ], [ 75.66413799, 32.07403014 ], [ 75.66321056, 32.07406996 ], [ 75.66315185, 32.07437483 ], [ 75.66308476, 32.07470882 ], [ 75.66289417, 32.07579341 ], [ 75.6623035, 32.07586878 ], [ 75.6615661, 32.07607247 ], [ 75.66088179, 32.0761805 ], [ 75.65942117, 32.07691778 ], [ 75.65865545, 32.07740741 ], [ 75.6581066, 32.07772848 ], [ 75.65721268, 32.07771745 ], [ 75.65688541, 32.07771017 ], [ 75.65484056, 32.07766466 ], [ 75.65428702, 32.07765234 ], [ 75.65330494, 32.07722721 ], [ 75.65279937, 32.07694022 ], [ 75.65245597, 32.07674529 ], [ 75.65189002, 32.0763626 ], [ 75.64980908, 32.0743355 ], [ 75.64874026, 32.0738106 ], [ 75.64720891, 32.07301694 ], [ 75.64673389, 32.07296204 ], [ 75.64448432, 32.07299345 ], [ 75.64274871, 32.07301767 ], [ 75.64191647, 32.0725925 ], [ 75.64145052, 32.07246491 ], [ 75.6410843, 32.07243658 ], [ 75.63943484, 32.07240687 ], [ 75.6389688, 32.07229348 ], [ 75.63826988, 32.0720242 ], [ 75.63742859, 32.07171204 ], [ 75.63707782, 32.07158188 ], [ 75.63646501, 32.07144815 ], [ 75.63598146, 32.07164162 ], [ 75.6346251, 32.07175513 ], [ 75.63455861, 32.07239322 ], [ 75.63165803, 32.07442352 ], [ 75.63135845, 32.07448029 ], [ 75.63105886, 32.07443776 ], [ 75.63036922, 32.07418634 ], [ 75.62689805, 32.0729208 ], [ 75.62629679, 32.07284986 ], [ 75.62580655, 32.07283222 ], [ 75.62511727, 32.0728074 ], [ 75.62331814, 32.07273857 ], [ 75.62179909, 32.07268045 ], [ 75.62041771, 32.07259534 ], [ 75.6201116, 32.07242956 ], [ 75.61827102, 32.07143275 ], [ 75.61682314, 32.07083705 ], [ 75.61126289, 32.06891276 ], [ 75.61015554, 32.06855014 ], [ 75.60472198, 32.06677081 ], [ 75.60351618, 32.06637595 ], [ 75.60215717, 32.06593086 ], [ 75.60164506, 32.06585752 ], [ 75.6013417, 32.06590244 ], [ 75.60102546, 32.06607247 ], [ 75.6007758, 32.06628509 ], [ 75.60065923, 32.0666254 ], [ 75.60065912, 32.06690554 ], [ 75.60071881, 32.06910782 ], [ 75.59665867, 32.06886088 ], [ 75.59627549, 32.06883757 ], [ 75.59585033, 32.06901857 ], [ 75.5952102, 32.06953209 ], [ 75.59484394, 32.06987231 ], [ 75.59474879, 32.07028998 ], [ 75.59486049, 32.07074153 ], [ 75.59589149, 32.07258068 ], [ 75.59600187, 32.07291477 ], [ 75.59561871, 32.07406317 ], [ 75.59573895, 32.07449141 ], [ 75.59598099, 32.07518043 ], [ 75.59509329, 32.07612221 ], [ 75.59544261, 32.07694461 ], [ 75.5954924, 32.07725659 ], [ 75.59465102, 32.07824349 ], [ 75.59435156, 32.07858125 ], [ 75.59431705, 32.07906116 ], [ 75.59598437, 32.08048798 ], [ 75.5981945, 32.0823019 ], [ 75.59642808, 32.08614426 ], [ 75.5977495, 32.08779294 ], [ 75.59993684, 32.09116465 ], [ 75.60085916, 32.09310822 ], [ 75.60193119, 32.09313252 ], [ 75.60230796, 32.09314779 ], [ 75.60289033, 32.09317141 ], [ 75.60553303, 32.09338407 ], [ 75.60711833, 32.09318079 ], [ 75.60784988, 32.09308698 ], [ 75.61028012, 32.09314943 ], [ 75.61088369, 32.09316494 ], [ 75.61112852, 32.09342823 ], [ 75.61350505, 32.09383552 ], [ 75.61415483, 32.09429429 ], [ 75.6158183, 32.09564068 ], [ 75.6169415, 32.09632502 ], [ 75.61745401, 32.09656925 ], [ 75.61794667, 32.09680189 ], [ 75.61897593, 32.09722404 ], [ 75.6194693, 32.0974264 ], [ 75.61986707, 32.09762719 ], [ 75.62036768, 32.0978799 ], [ 75.62240729, 32.10137353 ], [ 75.62351875, 32.10328761 ], [ 75.62396805, 32.10369851 ], [ 75.62533226, 32.10463382 ], [ 75.6261642, 32.10571088 ], [ 75.62635882, 32.10621091 ], [ 75.62661688, 32.10693019 ], [ 75.62686651, 32.10942435 ], [ 75.62744296, 32.11281068 ], [ 75.62767591, 32.11470961 ], [ 75.6277259, 32.11563073 ], [ 75.62773148, 32.11690678 ], [ 75.62763161, 32.11718315 ], [ 75.627304, 32.11737311 ], [ 75.6257346, 32.11770049 ], [ 75.62548502, 32.11785637 ], [ 75.62550361, 32.11820523 ], [ 75.62729416, 32.11932862 ], [ 75.62895445, 32.12118052 ], [ 75.62945435, 32.12138495 ], [ 75.63067959, 32.121886 ], [ 75.63486377, 32.12366699 ], [ 75.63728808, 32.12457153 ], [ 75.64022652, 32.12543611 ], [ 75.64363054, 32.12650997 ], [ 75.64522918, 32.12746589 ], [ 75.6480273, 32.1291074 ], [ 75.64859586, 32.12941707 ], [ 75.65296644, 32.13118313 ], [ 75.65568965, 32.13313482 ], [ 75.65633069, 32.13359424 ], [ 75.65759981, 32.13450375 ], [ 75.66128726, 32.13687768 ], [ 75.66200853, 32.13866824 ], [ 75.6624911, 32.1398662 ], [ 75.6630655, 32.1412921 ], [ 75.66325506, 32.14176265 ], [ 75.66367448, 32.14240684 ], [ 75.66484401, 32.14420745 ], [ 75.66659032, 32.14706762 ], [ 75.66690536, 32.14766769 ], [ 75.66741974, 32.14864742 ], [ 75.66811678, 32.15053757 ], [ 75.6696292, 32.1543389 ], [ 75.6708579, 32.15634495 ], [ 75.67209146, 32.15769142 ], [ 75.67307953, 32.15876992 ], [ 75.67247552, 32.15900777 ], [ 75.67012534, 32.15993317 ], [ 75.66761865, 32.1609202 ], [ 75.6639012, 32.16238383 ], [ 75.66440934, 32.16456975 ], [ 75.66502286, 32.16451599 ], [ 75.66615358, 32.16433403 ], [ 75.66652521, 32.16556438 ], [ 75.66715169, 32.16864407 ], [ 75.66750862, 32.17191354 ], [ 75.66609774, 32.17220584 ], [ 75.66616335, 32.17252063 ], [ 75.66624909, 32.17293187 ], [ 75.66648203, 32.17404918 ], [ 75.66705926, 32.1768179 ], [ 75.66722262, 32.17760146 ], [ 75.66691193, 32.17759406 ], [ 75.66437734, 32.17753363 ], [ 75.65889797, 32.17740297 ], [ 75.65883702, 32.17811308 ], [ 75.65881162, 32.17840891 ], [ 75.65874815, 32.17942948 ], [ 75.65904293, 32.17982636 ], [ 75.65889194, 32.18094992 ], [ 75.65899403, 32.18265394 ], [ 75.65682264, 32.18287332 ], [ 75.65674693, 32.18345571 ], [ 75.65975371, 32.18351546 ], [ 75.65979696, 32.18389248 ], [ 75.65978188, 32.18497147 ], [ 75.6597836, 32.1872285 ], [ 75.66099603, 32.18756454 ], [ 75.66120955, 32.18792088 ], [ 75.66193006, 32.18972427 ], [ 75.66311376, 32.18970228 ], [ 75.66318414, 32.19159526 ], [ 75.66197365, 32.19162991 ], [ 75.66191944, 32.19248946 ], [ 75.661908, 32.19304841 ], [ 75.66101303, 32.19306 ], [ 75.66035163, 32.19317205 ], [ 75.66019587, 32.19384574 ], [ 75.65788075, 32.19395732 ], [ 75.65780907, 32.1949446 ], [ 75.65686972, 32.19498873 ], [ 75.656877, 32.19557943 ], [ 75.65577167, 32.19558527 ], [ 75.65518659, 32.19569408 ], [ 75.65530966, 32.19682758 ], [ 75.65495646, 32.19679238 ], [ 75.65503318, 32.19730705 ], [ 75.65349376, 32.19719601 ], [ 75.65224906, 32.19704306 ], [ 75.65187227, 32.1969178 ], [ 75.64988226, 32.19584782 ], [ 75.64845356, 32.19507419 ], [ 75.64727463, 32.19435009 ], [ 75.64652249, 32.19375111 ], [ 75.64510006, 32.19284052 ], [ 75.63735471, 32.19250403 ], [ 75.63763592, 32.18748383 ], [ 75.6371506, 32.18716149 ], [ 75.63451938, 32.18680093 ], [ 75.63277797, 32.18666039 ], [ 75.63251881, 32.18711526 ], [ 75.63126184, 32.18932138 ], [ 75.62863589, 32.18957279 ], [ 75.62461638, 32.18999419 ], [ 75.62423451, 32.19032809 ], [ 75.62419851, 32.19307233 ], [ 75.62430662, 32.19416114 ], [ 75.62437875, 32.19465185 ], [ 75.62493724, 32.19600524 ], [ 75.62536522, 32.19680865 ], [ 75.62577195, 32.19758588 ], [ 75.6260727, 32.19813673 ], [ 75.62676099, 32.19991922 ], [ 75.62681509, 32.2003793 ], [ 75.62688714, 32.20133001 ], [ 75.62719806, 32.20401917 ], [ 75.62727421, 32.20566621 ], [ 75.62732426, 32.20674878 ], [ 75.62721654, 32.20735847 ], [ 75.62689212, 32.20791035 ], [ 75.62667592, 32.20809431 ], [ 75.62528822, 32.20895287 ], [ 75.62516212, 32.2093515 ], [ 75.62522392, 32.20991093 ], [ 75.62541706, 32.2111621 ], [ 75.62592179, 32.21340041 ], [ 75.62617677, 32.21432349 ], [ 75.62626174, 32.21463107 ], [ 75.62650497, 32.21550898 ], [ 75.62938505, 32.21560177 ], [ 75.63005657, 32.21565562 ], [ 75.63129202, 32.21575469 ], [ 75.63183347, 32.2158773 ], [ 75.63510038, 32.217486 ], [ 75.63730685, 32.2185725 ], [ 75.63755981, 32.21882035 ], [ 75.63869488, 32.22127147 ], [ 75.63879425, 32.22161052 ], [ 75.63879424, 32.2219017 ], [ 75.63872225, 32.22230789 ], [ 75.63829899, 32.22311266 ], [ 75.63763315, 32.22403386 ], [ 75.6375971, 32.22443244 ], [ 75.63774163, 32.22671613 ], [ 75.637779, 32.22817655 ], [ 75.63772521, 32.22890453 ], [ 75.6375451, 32.22979352 ], [ 75.63710217, 32.23092416 ], [ 75.6368605, 32.23123437 ], [ 75.63664423, 32.23144901 ], [ 75.63622973, 32.23155628 ], [ 75.63573973, 32.2315806 ], [ 75.63188582, 32.23177181 ], [ 75.6303178, 32.23184856 ], [ 75.62878586, 32.23194055 ], [ 75.62648127, 32.23233578 ], [ 75.62227031, 32.23374605 ], [ 75.61960536, 32.23461871 ], [ 75.61899309, 32.23492493 ], [ 75.61817492, 32.23545639 ], [ 75.61788669, 32.23564362 ], [ 75.61773494, 32.23616014 ], [ 75.61781956, 32.23660858 ], [ 75.61979014, 32.23802713 ], [ 75.62083391, 32.23866992 ], [ 75.62252558, 32.23931278 ], [ 75.6234295, 32.23971608 ], [ 75.62472111, 32.24029233 ], [ 75.62918443, 32.24255741 ], [ 75.63073218, 32.24344503 ], [ 75.63296891, 32.24492803 ], [ 75.63498506, 32.24673401 ], [ 75.63547105, 32.2472237 ], [ 75.63608304, 32.24800413 ], [ 75.63635015, 32.24862917 ], [ 75.63681478, 32.25006488 ], [ 75.63722723, 32.25111108 ], [ 75.6385099, 32.25202431 ], [ 75.63976351, 32.25229884 ], [ 75.64299748, 32.25235617 ], [ 75.64346374, 32.25236443 ], [ 75.64596457, 32.25211868 ], [ 75.64631502, 32.25208853 ], [ 75.64780932, 32.25195999 ], [ 75.65109714, 32.25167711 ], [ 75.65300477, 32.25133584 ], [ 75.6550887, 32.25102184 ], [ 75.65710869, 32.25121216 ], [ 75.65843956, 32.25178436 ], [ 75.66135774, 32.25296957 ], [ 75.6629272, 32.25320875 ], [ 75.66497917, 32.25340317 ], [ 75.6653377, 32.25353714 ], [ 75.6668714, 32.25397086 ], [ 75.66830875, 32.25478486 ], [ 75.6695654, 32.25566976 ], [ 75.67172528, 32.25624024 ], [ 75.67246649, 32.25652726 ], [ 75.67372978, 32.25701644 ], [ 75.67595883, 32.25798346 ], [ 75.67735768, 32.25845894 ], [ 75.67787066, 32.25863331 ], [ 75.67965601, 32.25924016 ], [ 75.68032064, 32.25962221 ], [ 75.68069853, 32.25983943 ], [ 75.6823025, 32.26094292 ], [ 75.68421098, 32.26180087 ], [ 75.68546641, 32.26217776 ], [ 75.69006625, 32.26361116 ], [ 75.6941724, 32.26479106 ], [ 75.69786099, 32.26583863 ], [ 75.69955728, 32.26642648 ], [ 75.7035547, 32.26781177 ], [ 75.70393775, 32.26799106 ], [ 75.70816264, 32.26996843 ], [ 75.70848367, 32.27011868 ], [ 75.70983933, 32.27090266 ], [ 75.7102966, 32.2711671 ], [ 75.7133446, 32.27263724 ], [ 75.71441056, 32.27272837 ], [ 75.71648177, 32.27290542 ], [ 75.72063726, 32.27336201 ], [ 75.72468363, 32.27378398 ], [ 75.72719286, 32.27409631 ], [ 75.72886421, 32.27434039 ], [ 75.72923791, 32.27439457 ], [ 75.73081723, 32.27462489 ], [ 75.73122325, 32.27466733 ], [ 75.73543418, 32.27510741 ], [ 75.74037403, 32.27581182 ], [ 75.74482468, 32.27690745 ], [ 75.74737442, 32.2778853 ], [ 75.74915678, 32.27862465 ], [ 75.75006638, 32.27915274 ], [ 75.75059857, 32.27943451 ], [ 75.75249732, 32.28043908 ], [ 75.75608398, 32.28191266 ], [ 75.75953024, 32.28338016 ], [ 75.76119739, 32.28410597 ], [ 75.76176303, 32.28435222 ], [ 75.76239315, 32.28463283 ], [ 75.76686289, 32.28658249 ], [ 75.77057189, 32.28868875 ], [ 75.77300006, 32.29026779 ], [ 75.77339611, 32.2920334 ], [ 75.77432155, 32.2942874 ], [ 75.77458468, 32.29605271 ], [ 75.77590831, 32.2980066 ], [ 75.77714204, 32.30131831 ], [ 75.77847016, 32.30332688 ], [ 75.77879325, 32.30465312 ], [ 75.78150143, 32.3086303 ], [ 75.78151603, 32.30909172 ], [ 75.78267255, 32.31032021 ], [ 75.78368522, 32.31106287 ], [ 75.78486113, 32.31184554 ], [ 75.78630683, 32.31289028 ], [ 75.78662745, 32.31314744 ], [ 75.78735447, 32.31373056 ], [ 75.78869374, 32.31467909 ], [ 75.7893948, 32.31519861 ], [ 75.78970369, 32.31558329 ], [ 75.79061877, 32.31663718 ], [ 75.79090476, 32.31731027 ], [ 75.79124358, 32.31799618 ], [ 75.79150736, 32.3183808 ], [ 75.79262062, 32.31973161 ], [ 75.79383232, 32.32072694 ], [ 75.7945248, 32.32121695 ], [ 75.79478858, 32.32148624 ], [ 75.79590649, 32.3226215 ], [ 75.79638507, 32.32315372 ], [ 75.79663394, 32.32342606 ], [ 75.79781717, 32.32462735 ], [ 75.79842528, 32.32497141 ], [ 75.79897568, 32.3253883 ], [ 75.79957341, 32.32600513 ], [ 75.80222403, 32.32818277 ], [ 75.8031968, 32.32852113 ], [ 75.80477216, 32.32895978 ], [ 75.80559188, 32.32906255 ], [ 75.80641317, 32.32917516 ], [ 75.80725806, 32.32927816 ], [ 75.80867349, 32.32940239 ], [ 75.80962773, 32.32950868 ], [ 75.8112442, 32.32968385 ], [ 75.8128811, 32.32992814 ], [ 75.81434409, 32.33016252 ], [ 75.81516423, 32.33036054 ], [ 75.81517298, 32.33103733 ], [ 75.81487029, 32.33212021 ], [ 75.81453772, 32.33311977 ], [ 75.81409073, 32.33440859 ], [ 75.81400019, 32.33466964 ], [ 75.81371298, 32.33536797 ], [ 75.81349387, 32.33584211 ], [ 75.8125787, 32.33656291 ], [ 75.81169562, 32.33712642 ], [ 75.81134714, 32.33739116 ], [ 75.81020279, 32.33835188 ], [ 75.80957072, 32.33905882 ], [ 75.80932621, 32.33933288 ], [ 75.8089088, 32.33981005 ], [ 75.80835585, 32.34044215 ], [ 75.80791768, 32.3411148 ], [ 75.80793843, 32.34181352 ], [ 75.80825486, 32.34246091 ], [ 75.80880003, 32.34337568 ], [ 75.80971317, 32.34514751 ], [ 75.81018789, 32.34611544 ], [ 75.81056454, 32.34700634 ], [ 75.8112282, 32.34855262 ], [ 75.81272547, 32.34881421 ], [ 75.81398567, 32.34883399 ], [ 75.81534948, 32.34885384 ], [ 75.81765573, 32.34886017 ], [ 75.81892632, 32.34881611 ], [ 75.82049302, 32.34886785 ], [ 75.82151899, 32.34900645 ], [ 75.82210026, 32.34908498 ], [ 75.82286986, 32.34924543 ], [ 75.8235565, 32.34937393 ], [ 75.8241751, 32.34955997 ], [ 75.8251841, 32.34994514 ], [ 75.82627049, 32.35027882 ], [ 75.82703257, 32.35052907 ], [ 75.82765869, 32.35085608 ], [ 75.82835279, 32.35118953 ], [ 75.82899544, 32.35161471 ], [ 75.82959894, 32.35201868 ], [ 75.82995339, 32.35241613 ], [ 75.83071512, 32.3534609 ], [ 75.83119009, 32.35424927 ], [ 75.83199012, 32.35535252 ], [ 75.83232203, 32.35569869 ], [ 75.83296317, 32.35620517 ], [ 75.8343305, 32.35689497 ], [ 75.83474548, 32.35703608 ], [ 75.83552279, 32.35708753 ], [ 75.83631522, 32.35706218 ], [ 75.8372963, 32.35700479 ], [ 75.838051, 32.35688966 ], [ 75.83873883, 32.35666536 ], [ 75.83997668, 32.35614667 ], [ 75.84122198, 32.35565993 ], [ 75.84197446, 32.35543878 ], [ 75.84283474, 32.35541337 ], [ 75.84359681, 32.35555459 ], [ 75.8441703, 32.35584309 ], [ 75.84461546, 32.35620208 ], [ 75.84488703, 32.35647764 ], [ 75.84534728, 32.35738691 ], [ 75.84549186, 32.35870634 ], [ 75.8457398, 32.35994772 ], [ 75.84572444, 32.36046565 ], [ 75.84545791, 32.3608979 ], [ 75.84560937, 32.3615215 ], [ 75.84565401, 32.36261303 ], [ 75.84632642, 32.36471038 ], [ 75.84662984, 32.36651723 ], [ 75.8473333, 32.36802048 ], [ 75.84780214, 32.36913341 ], [ 75.84698393, 32.36967485 ], [ 75.8467977, 32.3708685 ], [ 75.84662102, 32.37148454 ], [ 75.84657886, 32.37227812 ], [ 75.84682367, 32.37282899 ], [ 75.84718257, 32.37347916 ], [ 75.84739511, 32.37385433 ], [ 75.84774983, 32.37421969 ], [ 75.848444, 32.37489913 ], [ 75.84931679, 32.37581793 ], [ 75.84965631, 32.37625379 ], [ 75.85027512, 32.37692679 ], [ 75.85122201, 32.37800751 ], [ 75.85198416, 32.37890477 ], [ 75.85289613, 32.38000671 ], [ 75.85379677, 32.38126553 ], [ 75.85458917, 32.38219483 ], [ 75.85558962, 32.38370339 ], [ 75.85607262, 32.3842866 ], [ 75.85654814, 32.38475449 ], [ 75.85722746, 32.38511344 ], [ 75.85778605, 32.38536345 ], [ 75.85979054, 32.38640167 ], [ 75.86025101, 32.38664522 ], [ 75.8611267, 32.38703626 ], [ 75.86157207, 32.38726695 ], [ 75.8623345, 32.38756825 ], [ 75.86412539, 32.38835947 ], [ 75.86520486, 32.38906443 ], [ 75.86587671, 32.38953227 ], [ 75.8685775, 32.39140259 ], [ 75.86961957, 32.3921242 ], [ 75.86988383, 32.39233571 ], [ 75.87052777, 32.39315328 ], [ 75.87073165, 32.39366597 ], [ 75.87137333, 32.39421065 ], [ 75.87199251, 32.39462639 ], [ 75.87281807, 32.39518071 ], [ 75.87349761, 32.39553958 ], [ 75.87422233, 32.39577673 ], [ 75.87564175, 32.39573828 ], [ 75.87660807, 32.39590879 ], [ 75.87761974, 32.39613302 ], [ 75.87977149, 32.39623548 ], [ 75.8813269, 32.39627844 ], [ 75.88278405, 32.39625907 ], [ 75.88424122, 32.39622694 ], [ 75.88606828, 32.39618198 ], [ 75.88718618, 32.39609853 ], [ 75.88776741, 32.39553461 ], [ 75.88840849, 32.39501404 ], [ 75.88863558, 32.39482964 ], [ 75.88938844, 32.39430846 ], [ 75.89109451, 32.3935778 ], [ 75.89234767, 32.39339814 ], [ 75.89290608, 32.39333883 ], [ 75.89377879, 32.39325492 ], [ 75.89502854, 32.39336771 ], [ 75.89570807, 32.3935535 ], [ 75.89650835, 32.39377758 ], [ 75.89721809, 32.39388639 ], [ 75.89823928, 32.39392436 ], [ 75.89944274, 32.3937645 ], [ 75.90031238, 32.3937456 ], [ 75.90090492, 32.39355329 ], [ 75.90127112, 32.39353394 ], [ 75.90178708, 32.39366389 ], [ 75.90280737, 32.39391575 ], [ 75.90329814, 32.39410786 ], [ 75.90358889, 32.39427447 ], [ 75.90391362, 32.39459799 ], [ 75.90443845, 32.39498127 ], [ 75.9047499, 32.39514943 ], [ 75.90522558, 32.39518127 ], [ 75.90565702, 32.39510223 ], [ 75.9061929, 32.39490373 ], [ 75.90653641, 32.3946826 ], [ 75.90699299, 32.39430118 ], [ 75.90732134, 32.39412482 ], [ 75.9078104, 32.39399746 ], [ 75.90907819, 32.393966 ], [ 75.91086946, 32.39411441 ], [ 75.91142063, 32.39415911 ], [ 75.91178305, 32.394316 ], [ 75.91208509, 32.39446331 ], [ 75.91264187, 32.39492747 ], [ 75.91312147, 32.39532458 ], [ 75.91344624, 32.39563524 ], [ 75.9143822, 32.39612748 ], [ 75.91514437, 32.39674111 ], [ 75.91555946, 32.39699008 ], [ 75.91611453, 32.39703515 ], [ 75.91644753, 32.39683609 ], [ 75.91684276, 32.39651898 ], [ 75.91735985, 32.39623366 ], [ 75.91812982, 32.39580796 ], [ 75.9185637, 32.3954665 ], [ 75.91908416, 32.39550927 ], [ 75.91939327, 32.39579406 ], [ 75.91979745, 32.39623925 ], [ 75.92043443, 32.3966362 ], [ 75.92140837, 32.39662946 ], [ 75.92171037, 32.39653004 ], [ 75.92221565, 32.39593957 ], [ 75.92246681, 32.39549446 ], [ 75.92261381, 32.39523171 ], [ 75.92274953, 32.39485356 ], [ 75.92274309, 32.39432851 ], [ 75.92266468, 32.39400885 ], [ 75.92256155, 32.39358839 ], [ 75.92240553, 32.39320711 ], [ 75.92221636, 32.39226576 ], [ 75.92226141, 32.39192297 ], [ 75.92249818, 32.39164509 ], [ 75.92295948, 32.39135233 ], [ 75.92345837, 32.39124894 ], [ 75.92399176, 32.39123125 ], [ 75.92456937, 32.39134644 ], [ 75.92490166, 32.39150329 ], [ 75.92523385, 32.39164731 ], [ 75.92599389, 32.39218934 ], [ 75.92659668, 32.39263436 ], [ 75.92736138, 32.39335293 ], [ 75.92789388, 32.39377886 ], [ 75.92821031, 32.39396869 ], [ 75.92877202, 32.39429759 ], [ 75.92915148, 32.39443042 ], [ 75.92948178, 32.39444143 ], [ 75.92991772, 32.39429387 ], [ 75.93028182, 32.39408221 ], [ 75.93054411, 32.39375957 ], [ 75.93107213, 32.39303522 ], [ 75.93125564, 32.39275504 ], [ 75.9315172, 32.39235569 ], [ 75.93218893, 32.39174169 ], [ 75.93243411, 32.3915717 ], [ 75.93286436, 32.39147859 ], [ 75.93321548, 32.39156172 ], [ 75.93357988, 32.39178785 ], [ 75.93407055, 32.39219472 ], [ 75.93438057, 32.39270994 ], [ 75.93475851, 32.39338269 ], [ 75.93503269, 32.39452018 ], [ 75.93516147, 32.39518665 ], [ 75.9353204, 32.39564154 ], [ 75.93580663, 32.39650193 ], [ 75.93616928, 32.39689911 ], [ 75.93649423, 32.39741794 ], [ 75.93574954, 32.39760046 ], [ 75.93479081, 32.39783807 ], [ 75.93285153, 32.39859775 ], [ 75.9322252, 32.3990274 ], [ 75.9315763, 32.39971976 ], [ 75.93033795, 32.40120337 ], [ 75.93001362, 32.40169055 ], [ 75.92974204, 32.40203033 ], [ 75.9286097, 32.40324745 ], [ 75.92816455, 32.40376032 ], [ 75.92690719, 32.40493704 ], [ 75.926228, 32.40558458 ], [ 75.92563173, 32.40605261 ], [ 75.9247251, 32.40675079 ], [ 75.92419684, 32.40718682 ], [ 75.92264317, 32.40856324 ], [ 75.92183566, 32.40935811 ], [ 75.92044381, 32.41082557 ], [ 75.91990043, 32.41137686 ], [ 75.91922873, 32.41209489 ], [ 75.91865458, 32.41322616 ], [ 75.91836793, 32.41371322 ], [ 75.91801332, 32.41443111 ], [ 75.91767871, 32.4154334 ], [ 75.91761854, 32.41604224 ], [ 75.91758108, 32.41669585 ], [ 75.91761167, 32.41729827 ], [ 75.91778129, 32.41870477 ], [ 75.91820965, 32.4204008 ], [ 75.91842904, 32.42104789 ], [ 75.91881051, 32.42253729 ], [ 75.9195659, 32.42430885 ], [ 75.91986834, 32.42510975 ], [ 75.92014814, 32.42576968 ], [ 75.92061998, 32.42776811 ], [ 75.92066572, 32.42853703 ], [ 75.92061073, 32.42912623 ], [ 75.92039183, 32.42949801 ], [ 75.91993277, 32.4300751 ], [ 75.91930616, 32.43060083 ], [ 75.91860392, 32.43094064 ], [ 75.9176032, 32.43130867 ], [ 75.91679518, 32.43161657 ], [ 75.91585882, 32.43195005 ], [ 75.91431649, 32.4325245 ], [ 75.912844, 32.43312085 ], [ 75.9119, 32.43360172 ], [ 75.91082851, 32.43409877 ], [ 75.90967524, 32.43463375 ], [ 75.90929017, 32.43489652 ], [ 75.90873143, 32.43553753 ], [ 75.9079085, 32.43647967 ], [ 75.90622532, 32.43868804 ], [ 75.90575749, 32.43938023 ], [ 75.90564041, 32.44005695 ], [ 75.90487256, 32.44168593 ], [ 75.90387511, 32.44419741 ], [ 75.90352725, 32.44541081 ], [ 75.90346624, 32.44739941 ], [ 75.90318164, 32.44812303 ], [ 75.90297104, 32.44836569 ], [ 75.90267002, 32.44871057 ], [ 75.90256481, 32.44924689 ], [ 75.9024503, 32.45052682 ], [ 75.90238278, 32.45133767 ], [ 75.90205187, 32.45220608 ], [ 75.9017713, 32.45275208 ], [ 75.90146286, 32.45309696 ], [ 75.90084567, 32.45346743 ], [ 75.90038219, 32.4537344 ], [ 75.89999624, 32.45395672 ], [ 75.89937154, 32.45430798 ], [ 75.89832528, 32.45469769 ], [ 75.89708071, 32.45514946 ], [ 75.8963732, 32.45542415 ], [ 75.89547749, 32.45580737 ], [ 75.89374602, 32.456468 ], [ 75.89294801, 32.45664044 ], [ 75.89163066, 32.45697909 ], [ 75.89094568, 32.4572473 ], [ 75.89038872, 32.45764324 ], [ 75.88964763, 32.45838455 ], [ 75.8891584, 32.45901671 ], [ 75.88865933, 32.45982565 ], [ 75.88831687, 32.46043382 ], [ 75.88730079, 32.46199163 ], [ 75.88684281, 32.46275039 ], [ 75.88660945, 32.46306334 ], [ 75.88569447, 32.46368858 ], [ 75.88518703, 32.46379472 ], [ 75.88466308, 32.46385147 ], [ 75.88414276, 32.46391103 ], [ 75.88361958, 32.46410099 ], [ 75.88328542, 32.46480245 ], [ 75.88333687, 32.46585857 ], [ 75.88219386, 32.46668504 ], [ 75.88128671, 32.46839042 ], [ 75.87913377, 32.47040767 ], [ 75.87701583, 32.4715383 ], [ 75.87664946, 32.47240681 ], [ 75.87485736, 32.47103074 ], [ 75.87456124, 32.47131503 ], [ 75.87417723, 32.47175877 ], [ 75.87375984, 32.47213445 ], [ 75.8733985, 32.47255582 ], [ 75.87278855, 32.47300914 ], [ 75.87223896, 32.47341783 ], [ 75.87174201, 32.4738775 ], [ 75.87113674, 32.47456466 ], [ 75.87076027, 32.47519036 ], [ 75.8703311, 32.47569475 ], [ 75.86902694, 32.47726131 ], [ 75.86883004, 32.47749781 ], [ 75.86825022, 32.47816184 ], [ 75.86778328, 32.47852571 ], [ 75.86731641, 32.47881307 ], [ 75.86556155, 32.47966695 ], [ 75.86407533, 32.48033152 ], [ 75.86242532, 32.48104813 ], [ 75.86057264, 32.48210823 ], [ 75.85970664, 32.48252309 ], [ 75.85879257, 32.48302982 ], [ 75.85823531, 32.48349585 ], [ 75.85759514, 32.48390441 ], [ 75.85620828, 32.48526292 ], [ 75.85503352, 32.48630245 ], [ 75.85347891, 32.48768649 ], [ 75.85308721, 32.48823597 ], [ 75.85278415, 32.4886611 ], [ 75.8522585, 32.48952583 ], [ 75.85162367, 32.49063274 ], [ 75.85098326, 32.49174935 ], [ 75.85013259, 32.49279802 ], [ 75.84928455, 32.49391533 ], [ 75.84838353, 32.49545709 ], [ 75.84790959, 32.49633019 ], [ 75.84722536, 32.49706512 ], [ 75.84905725, 32.49819588 ], [ 75.84866543, 32.49886441 ], [ 75.84778704, 32.49976916 ], [ 75.84705224, 32.50065244 ], [ 75.84636655, 32.50288053 ], [ 75.84527137, 32.50660349 ], [ 75.84380161, 32.50912349 ], [ 75.84164882, 32.51122326 ], [ 75.84093928, 32.51158415 ], [ 75.83874666, 32.5126949 ] ] ] ] } }
]
}
