{
"type": "FeatureCollection",
"name": "International Boundary",
"crs": { "type": "name", "properties": { "name": "urn:ogc:def:crs:OGC:1.3:CRS84" } },
"features": [
{ "type": "Feature", "properties": { "GmlID": "INTERNATIONAL.1", "OBJECTID": 1, "REP_AREA": 3287263.0, "NAME": "INDIA", "st_area_shape_": 3180545854910.0703, "st_length_shape_": 32323912.753927939 }, "geometry": { "type": "MultiPolygon", "coordinates": [ [ [ [ 72.66485404, 21.42736244 ], [ 72.65097236, 21.40625191 ], [ 72.62680625, 21.38347435 ], [ 72.62264442, 21.37403297 ], [ 72.62319373, 21.36514091 ], [ 72.63069343, 21.36486244 ], [ 72.63652992, 21.37542152 ], [ 72.64736366, 21.37569237 ], [ 72.64958381, 21.36819649 ], [ 72.647089, 21.36263847 ], [ 72.64347267, 21.35847282 ], [ 72.64763832, 21.37264442 ], [ 72.63903236, 21.37431145 ], [ 72.63458061, 21.36986351 ], [ 72.6354084, 21.36236 ], [ 72.62346839, 21.35486031 ], [ 72.62264442, 21.34597206 ], [ 72.6095829, 21.33208275 ], [ 72.60875129, 21.32625008 ], [ 72.60180854, 21.32265282 ], [ 72.59319114, 21.3120861 ], [ 72.58790779, 21.29125023 ], [ 72.58875465, 21.28458595 ], [ 72.59486579, 21.2831974 ], [ 72.5984745, 21.27985954 ], [ 72.58930396, 21.2823658 ], [ 72.58735847, 21.27569008 ], [ 72.6048603, 21.27736092 ], [ 72.596529, 21.27180672 ], [ 72.59874915, 21.26902962 ], [ 72.59708595, 21.25013924 ], [ 72.6095829, 21.22986031 ], [ 72.61347389, 21.22875023 ], [ 72.62208747, 21.23347282 ], [ 72.64653205, 21.21958351 ], [ 72.65319633, 21.22680473 ], [ 72.65236091, 21.22014046 ], [ 72.64680671, 21.21736336 ], [ 72.63930702, 21.21708488 ], [ 72.63041877, 21.22431374 ], [ 72.61847114, 21.22263908 ], [ 72.62014198, 21.21291923 ], [ 72.62403297, 21.21208382 ], [ 72.61847114, 21.20597267 ], [ 72.61985969, 21.16596031 ], [ 72.61763954, 21.16347313 ], [ 72.62069892, 21.16208458 ], [ 72.62124824, 21.14180946 ], [ 72.62513923, 21.1395855 ], [ 72.62264442, 21.13458443 ], [ 72.62597083, 21.12792015 ], [ 72.62346839, 21.1198597 ], [ 72.62735938, 21.11986351 ], [ 72.62291908, 21.11319542 ], [ 72.62680625, 21.10236168 ], [ 72.62458228, 21.09181023 ], [ 72.63263893, 21.08123207 ], [ 72.6526432, 21.07819176 ], [ 72.65458869, 21.08542061 ], [ 72.659029, 21.08793068 ], [ 72.65651893, 21.09930992 ], [ 72.66069984, 21.10791588 ], [ 72.65791511, 21.11930275 ], [ 72.65846824, 21.1245861 ], [ 72.66124916, 21.12542152 ], [ 72.66042137, 21.14264107 ], [ 72.66514015, 21.15347481 ], [ 72.67069435, 21.15736198 ], [ 72.68485832, 21.15764427 ], [ 72.7206974, 21.1431942 ], [ 72.72041511, 21.1404171 ], [ 72.71458625, 21.13986015 ], [ 72.70652961, 21.1273632 ], [ 72.70541572, 21.10736275 ], [ 72.70014381, 21.10097313 ], [ 72.70375251, 21.07772307 ], [ 72.70625182, 21.07753083 ], [ 72.69388872, 21.06514817 ], [ 72.69976329, 21.06083719 ], [ 72.72865714, 21.0662045 ], [ 72.74618182, 21.06004019 ], [ 72.75507588, 21.05185893 ], [ 72.72619356, 21.05260956 ], [ 72.72195889, 21.04788544 ], [ 72.72202394, 21.03997755 ], [ 72.72844001, 21.00648251 ], [ 72.73478213, 20.99515756 ], [ 72.73746315, 20.97398969 ], [ 72.75609564, 20.93063904 ], [ 72.76375108, 20.92051033 ], [ 72.7709159, 20.91767833 ], [ 72.77418152, 20.93596596 ], [ 72.80703529, 20.9534753 ], [ 72.82890414, 20.95572767 ], [ 72.84577407, 20.947523 ], [ 72.83957617, 20.94404684 ], [ 72.82476194, 20.94992431 ], [ 72.8020178, 20.93562232 ], [ 72.78312163, 20.93133749 ], [ 72.78286738, 20.89979306 ], [ 72.8123073, 20.83700957 ], [ 72.81830952, 20.80309489 ], [ 72.8243665, 20.79236997 ], [ 72.82612863, 20.78009685 ], [ 72.8375746, 20.76073315 ], [ 72.83563273, 20.74943418 ], [ 72.84372351, 20.73673897 ], [ 72.84986688, 20.70981397 ], [ 72.86319096, 20.67743971 ], [ 72.88267972, 20.61017984 ], [ 72.88575391, 20.57149479 ], [ 72.88415839, 20.56223609 ], [ 72.87330948, 20.54756651 ], [ 72.870673, 20.53555333 ], [ 72.87302377, 20.50641246 ], [ 72.85187853, 20.48384975 ], [ 72.82176634, 20.44233074 ], [ 72.81945643, 20.43036546 ], [ 72.8209014, 20.41909411 ], [ 72.82476988, 20.41402281 ], [ 72.81503089, 20.40900171 ], [ 72.80422786, 20.37687898 ], [ 72.77645304, 20.35765594 ], [ 72.75984706, 20.33473721 ], [ 72.76025935, 20.31267571 ], [ 72.75194843, 20.29387135 ], [ 72.74748463, 20.26585225 ], [ 72.73782122, 20.24622483 ], [ 72.73841692, 20.23501367 ], [ 72.74252448, 20.22918853 ], [ 72.74488384, 20.21116622 ], [ 72.74844566, 20.2100507 ], [ 72.75358933, 20.21591602 ], [ 72.76786061, 20.2170138 ], [ 72.76910338, 20.21079832 ], [ 72.75625272, 20.21035188 ], [ 72.75073258, 20.20298865 ], [ 72.74558167, 20.20213518 ], [ 72.73752606, 20.19015363 ], [ 72.73539103, 20.15737163 ], [ 72.72716769, 20.12157604 ], [ 72.72080411, 20.10279185 ], [ 72.70956716, 20.09247436 ], [ 72.70423385, 20.08104155 ], [ 72.70403815, 20.06431944 ], [ 72.7111364, 20.04700206 ], [ 72.71177941, 20.03668836 ], [ 72.71468485, 20.03516461 ], [ 72.72148297, 20.04165889 ], [ 72.72494525, 20.03631954 ], [ 72.72418082, 20.02883867 ], [ 72.71690003, 20.02325514 ], [ 72.71485088, 20.01643855 ], [ 72.72005634, 19.99952162 ], [ 72.71954084, 19.97900291 ], [ 72.72138243, 19.97745936 ], [ 72.72791764, 19.98350539 ], [ 72.7309969, 19.97565583 ], [ 72.73398982, 19.97450655 ], [ 72.73761148, 19.97873723 ], [ 72.74061259, 19.97302119 ], [ 72.74722707, 19.97204129 ], [ 72.75249748, 19.9814412 ], [ 72.76002474, 19.98149445 ], [ 72.76882039, 19.95892127 ], [ 72.76752216, 19.95670478 ], [ 72.75335653, 19.95703977 ], [ 72.75326481, 19.95398688 ], [ 72.75611307, 19.94792737 ], [ 72.76565699, 19.9503263 ], [ 72.76928466, 19.94647865 ], [ 72.77048704, 19.93885511 ], [ 72.76329603, 19.93651102 ], [ 72.7622764, 19.92971363 ], [ 72.77074514, 19.90717883 ], [ 72.76576126, 19.90377339 ], [ 72.77354951, 19.89902609 ], [ 72.76254631, 19.8944102 ], [ 72.75372998, 19.88242556 ], [ 72.75148746, 19.90937104 ], [ 72.74717956, 19.91321026 ], [ 72.73976857, 19.90605523 ], [ 72.73479463, 19.90965915 ], [ 72.73805599, 19.92130998 ], [ 72.72828484, 19.92454159 ], [ 72.72500723, 19.93666249 ], [ 72.72007006, 19.94263534 ], [ 72.72453405, 19.94567654 ], [ 72.72390922, 19.95154276 ], [ 72.71117156, 19.95442145 ], [ 72.70796718, 19.96836136 ], [ 72.69913305, 19.96193258 ], [ 72.68433616, 19.9603619 ], [ 72.68060803, 19.95005292 ], [ 72.66886664, 19.94260051 ], [ 72.65516735, 19.94499218 ], [ 72.65044823, 19.94241248 ], [ 72.65768064, 19.92223523 ], [ 72.66327781, 19.9178339 ], [ 72.67276773, 19.87332619 ], [ 72.66699975, 19.86369023 ], [ 72.65586116, 19.86049524 ], [ 72.6515433, 19.86294842 ], [ 72.65049237, 19.86930133 ], [ 72.64439757, 19.86904845 ], [ 72.64441597, 19.83899724 ], [ 72.65356568, 19.81487105 ], [ 72.65898278, 19.80867432 ], [ 72.66506723, 19.82169128 ], [ 72.67735478, 19.80631794 ], [ 72.68245318, 19.80465723 ], [ 72.68696747, 19.81133185 ], [ 72.69941293, 19.80995568 ], [ 72.70972234, 19.81811474 ], [ 72.7196644, 19.82194184 ], [ 72.72274579, 19.8190676 ], [ 72.72239074, 19.81341889 ], [ 72.71347697, 19.80168996 ], [ 72.68572223, 19.79270656 ], [ 72.68680446, 19.77360951 ], [ 72.66981547, 19.7593485 ], [ 72.67120198, 19.75136819 ], [ 72.67767076, 19.74595466 ], [ 72.67607135, 19.71404804 ], [ 72.6955131, 19.71692525 ], [ 72.71394484, 19.69340961 ], [ 72.71239903, 19.6850352 ], [ 72.69779319, 19.6799597 ], [ 72.69488458, 19.65685798 ], [ 72.70496175, 19.63042763 ], [ 72.72118553, 19.61652712 ], [ 72.72117148, 19.60206278 ], [ 72.71173796, 19.58114358 ], [ 72.70959308, 19.55307596 ], [ 72.71539873, 19.53458646 ], [ 72.72802523, 19.52014759 ], [ 72.7302799, 19.50012774 ], [ 72.7433418, 19.49293469 ], [ 72.74865223, 19.48592785 ], [ 72.7458022, 19.46403595 ], [ 72.75582534, 19.41701672 ], [ 72.75870669, 19.3891299 ], [ 72.75524731, 19.37844002 ], [ 72.79001971, 19.33722672 ], [ 72.80008459, 19.33032446 ], [ 72.79394008, 19.30414457 ], [ 72.78435152, 19.29992188 ], [ 72.78128324, 19.26769666 ], [ 72.78201892, 19.23681193 ], [ 72.77899006, 19.21613029 ], [ 72.78415797, 19.19457741 ], [ 72.79421009, 19.19063954 ], [ 72.7946375, 19.18275102 ], [ 72.7916766, 19.16851713 ], [ 72.77996746, 19.1563051 ], [ 72.78769066, 19.14540287 ], [ 72.78363509, 19.12517484 ], [ 72.79520096, 19.12464387 ], [ 72.79976698, 19.13748627 ], [ 72.80670655, 19.13737525 ], [ 72.81773835, 19.1225277 ], [ 72.82026699, 19.12614604 ], [ 72.82578563, 19.12447139 ], [ 72.82711559, 19.11197781 ], [ 72.82172899, 19.1089474 ], [ 72.82250691, 19.08083165 ], [ 72.81691581, 19.06443196 ], [ 72.81607004, 19.03884972 ], [ 72.82019998, 19.01871017 ], [ 72.81329002, 19.01437861 ], [ 72.8078854, 18.98014326 ], [ 72.78832524, 18.94679388 ], [ 72.78764942, 18.93947696 ], [ 72.7941001, 18.9380289 ], [ 72.81280732, 18.9515376 ], [ 72.82227713, 18.94314855 ], [ 72.82199158, 18.93432746 ], [ 72.80619746, 18.90868534 ], [ 72.80754545, 18.89580828 ], [ 72.86494839, 18.80434114 ], [ 72.85998034, 18.78230273 ], [ 72.86600716, 18.75665884 ], [ 72.85896107, 18.71517381 ], [ 72.85248381, 18.69919534 ], [ 72.85294296, 18.69274942 ], [ 72.86033669, 18.68534574 ], [ 72.86239917, 18.67815518 ], [ 72.86171509, 18.63937533 ], [ 72.8677034, 18.62040925 ], [ 72.88957046, 18.60244564 ], [ 72.90231247, 18.58718736 ], [ 72.92144408, 18.5482468 ], [ 72.93142351, 18.5413515 ], [ 72.93330104, 18.53440549 ], [ 72.92373323, 18.53021329 ], [ 72.90405926, 18.53569377 ], [ 72.90966539, 18.50101636 ], [ 72.90252709, 18.49586035 ], [ 72.89981885, 18.46732682 ], [ 72.89207122, 18.45926645 ], [ 72.89465607, 18.44983711 ], [ 72.90293754, 18.43890495 ], [ 72.91078224, 18.39432612 ], [ 72.92614641, 18.38379385 ], [ 72.9255889, 18.37122313 ], [ 72.91346865, 18.36769111 ], [ 72.91339951, 18.3593337 ], [ 72.95146138, 18.33509829 ], [ 72.96252235, 18.3161652 ], [ 72.94720066, 18.28494699 ], [ 72.93271024, 18.28070186 ], [ 72.93368037, 18.26320034 ], [ 72.94158512, 18.23623331 ], [ 72.93200315, 18.21977412 ], [ 72.93211617, 18.21410361 ], [ 72.93762509, 18.21082184 ], [ 72.95034612, 18.21867002 ], [ 72.97622119, 18.19915369 ], [ 72.98583061, 18.15776505 ], [ 72.98450224, 18.14189245 ], [ 72.98064349, 18.13436969 ], [ 72.97250994, 18.13274254 ], [ 72.97079633, 18.12920018 ], [ 72.97313524, 18.11998353 ], [ 72.98183407, 18.10486312 ], [ 72.99085416, 18.09726834 ], [ 73.00162098, 18.07373078 ], [ 72.99843815, 18.06259544 ], [ 72.9924534, 18.05930939 ], [ 72.99231616, 18.04959253 ], [ 73.00933964, 18.04876845 ], [ 73.01182734, 18.03166231 ], [ 73.01755224, 18.03018343 ], [ 73.02780126, 18.04249241 ], [ 73.03633057, 18.04750346 ], [ 73.04175985, 18.04873538 ], [ 73.0465879, 18.04386765 ], [ 73.04407232, 18.03995612 ], [ 73.03044175, 18.03429568 ], [ 73.02465003, 18.02150548 ], [ 73.01575931, 18.02539946 ], [ 73.00683866, 18.02182335 ], [ 73.00781515, 18.0143787 ], [ 73.01998023, 17.99134353 ], [ 73.02810875, 17.98675049 ], [ 73.02845529, 17.96370136 ], [ 73.03362765, 17.93645664 ], [ 73.04485107, 17.92986955 ], [ 73.04763282, 17.92277508 ], [ 73.05531098, 17.91812564 ], [ 73.05597203, 17.89343807 ], [ 73.06696978, 17.88755959 ], [ 73.07530741, 17.89562293 ], [ 73.08030044, 17.89436469 ], [ 73.07551181, 17.88614083 ], [ 73.0759221, 17.87778101 ], [ 73.09213173, 17.83873244 ], [ 73.10209002, 17.84457853 ], [ 73.13023755, 17.83134171 ], [ 73.11103627, 17.83148437 ], [ 73.09775675, 17.83659299 ], [ 73.09328657, 17.83446791 ], [ 73.09771736, 17.80831217 ], [ 73.10858918, 17.78954391 ], [ 73.13808117, 17.71863969 ], [ 73.1372642, 17.70515976 ], [ 73.12102279, 17.69682628 ], [ 73.11704053, 17.68953609 ], [ 73.12126055, 17.67240618 ], [ 73.13805668, 17.64512317 ], [ 73.13860998, 17.64153107 ], [ 73.13079566, 17.64273855 ], [ 73.13049125, 17.63979187 ], [ 73.14499028, 17.60367222 ], [ 73.1601025, 17.5908258 ], [ 73.15606329, 17.57345761 ], [ 73.14288275, 17.56609122 ], [ 73.14129026, 17.55655373 ], [ 73.15306039, 17.53868881 ], [ 73.17654403, 17.51921875 ], [ 73.18260422, 17.51034314 ], [ 73.19457582, 17.46391838 ], [ 73.19353871, 17.45620368 ], [ 73.18746693, 17.45315089 ], [ 73.18852856, 17.44639781 ], [ 73.20446052, 17.43941773 ], [ 73.20228548, 17.43566374 ], [ 73.19274954, 17.43560651 ], [ 73.19021394, 17.43171872 ], [ 73.18760568, 17.4113244 ], [ 73.17666804, 17.40582222 ], [ 73.16842973, 17.40601387 ], [ 73.16859719, 17.4037391 ], [ 73.177825, 17.38900227 ], [ 73.18804844, 17.38373699 ], [ 73.19724284, 17.38998688 ], [ 73.20588395, 17.38745879 ], [ 73.21214693, 17.38033088 ], [ 73.21229255, 17.37220254 ], [ 73.21912969, 17.37140058 ], [ 73.21746206, 17.36073429 ], [ 73.22626197, 17.3561342 ], [ 73.22010698, 17.35105824 ], [ 73.22067044, 17.34634097 ], [ 73.23113308, 17.33452868 ], [ 73.22365883, 17.33122979 ], [ 73.22373582, 17.32693245 ], [ 73.24604926, 17.31714947 ], [ 73.23178631, 17.29841118 ], [ 73.22088614, 17.3033514 ], [ 73.2062981, 17.30153261 ], [ 73.19678713, 17.30609786 ], [ 73.18955704, 17.30259096 ], [ 73.18985949, 17.29942701 ], [ 73.20153094, 17.29306534 ], [ 73.20751038, 17.27350323 ], [ 73.21072456, 17.27208962 ], [ 73.21564533, 17.27863192 ], [ 73.21973275, 17.27507046 ], [ 73.23776797, 17.22925847 ], [ 73.24895103, 17.21971032 ], [ 73.24946284, 17.20028014 ], [ 73.23887491, 17.20009651 ], [ 73.23910067, 17.19424253 ], [ 73.25861398, 17.18213051 ], [ 73.26685327, 17.1576423 ], [ 73.27746585, 17.15534219 ], [ 73.26940293, 17.14637997 ], [ 73.27366001, 17.12237208 ], [ 73.27138626, 17.11429696 ], [ 73.28247686, 17.11131799 ], [ 73.29293618, 17.08006089 ], [ 73.30028131, 17.07657485 ], [ 73.31239425, 17.07678063 ], [ 73.3120937, 17.07360871 ], [ 73.30233004, 17.06755597 ], [ 73.29541309, 17.07240824 ], [ 73.29169159, 17.07052698 ], [ 73.29405807, 17.05567849 ], [ 73.28863738, 17.05268645 ], [ 73.28045562, 17.0397042 ], [ 73.27574576, 17.04020238 ], [ 73.26502407, 17.04904148 ], [ 73.25788237, 17.04644318 ], [ 73.26063366, 17.01799716 ], [ 73.26515268, 17.01648771 ], [ 73.27536806, 17.02254273 ], [ 73.2820904, 17.0136115 ], [ 73.28420572, 17.0023438 ], [ 73.27203881, 16.99348639 ], [ 73.27274071, 16.98495929 ], [ 73.28344848, 16.99102461 ], [ 73.30503672, 16.98031089 ], [ 73.30728473, 16.97334069 ], [ 73.31194638, 16.97478117 ], [ 73.31338597, 16.97965086 ], [ 73.31566426, 16.97798957 ], [ 73.31327852, 16.96529165 ], [ 73.31993239, 16.96179019 ], [ 73.32465253, 16.96141033 ], [ 73.33370572, 16.96788618 ], [ 73.33213512, 16.95000343 ], [ 73.32870681, 16.9502959 ], [ 73.30779312, 16.95683465 ], [ 73.30168976, 16.96984467 ], [ 73.29467592, 16.97492716 ], [ 73.2904542, 16.95437359 ], [ 73.28479741, 16.9483075 ], [ 73.2898032, 16.9260123 ], [ 73.28236402, 16.89307122 ], [ 73.30627883, 16.89483398 ], [ 73.31535168, 16.88797802 ], [ 73.31271564, 16.88559334 ], [ 73.3019491, 16.88841786 ], [ 73.29280418, 16.88316364 ], [ 73.29510609, 16.86321279 ], [ 73.29349204, 16.83427692 ], [ 73.30543514, 16.81023771 ], [ 73.31479599, 16.80460951 ], [ 73.31764513, 16.79709245 ], [ 73.31479098, 16.78417625 ], [ 73.30355849, 16.76339691 ], [ 73.30263738, 16.75433703 ], [ 73.31176341, 16.71625341 ], [ 73.3225323, 16.69090457 ], [ 73.33972731, 16.68642851 ], [ 73.34541517, 16.69056883 ], [ 73.34265329, 16.68036501 ], [ 73.32859338, 16.6783208 ], [ 73.33207132, 16.64784196 ], [ 73.32417106, 16.63573814 ], [ 73.33518027, 16.63591605 ], [ 73.34185879, 16.63147739 ], [ 73.34192355, 16.62628639 ], [ 73.33555354, 16.62280395 ], [ 73.33548887, 16.61919041 ], [ 73.34395906, 16.61614007 ], [ 73.35306059, 16.62059074 ], [ 73.37003585, 16.63615029 ], [ 73.37939888, 16.62963981 ], [ 73.39236646, 16.62667831 ], [ 73.39883167, 16.61954832 ], [ 73.39902723, 16.61513678 ], [ 73.38981979, 16.61215771 ], [ 73.38544758, 16.59873765 ], [ 73.40096578, 16.59039347 ], [ 73.40312858, 16.58636392 ], [ 73.3790588, 16.59433215 ], [ 73.37880295, 16.61105915 ], [ 73.36775596, 16.62466582 ], [ 73.3546692, 16.60891726 ], [ 73.34337466, 16.60981225 ], [ 73.34374631, 16.60189444 ], [ 73.35438617, 16.59710306 ], [ 73.3549649, 16.59100002 ], [ 73.33130763, 16.60328997 ], [ 73.32424252, 16.60340183 ], [ 73.3199722, 16.59947485 ], [ 73.32600408, 16.58282455 ], [ 73.33373195, 16.5766343 ], [ 73.34420885, 16.57455446 ], [ 73.34597451, 16.56757247 ], [ 73.34111925, 16.56058838 ], [ 73.32300688, 16.55292754 ], [ 73.31457884, 16.53876285 ], [ 73.31415891, 16.532695 ], [ 73.31923694, 16.51283087 ], [ 73.32747545, 16.51002577 ], [ 73.33434864, 16.47850301 ], [ 73.34439295, 16.47503409 ], [ 73.34688914, 16.45388515 ], [ 73.35375033, 16.44150152 ], [ 73.36976118, 16.39379697 ], [ 73.37797693, 16.39211427 ], [ 73.38919389, 16.40100701 ], [ 73.40212427, 16.39962793 ], [ 73.41219558, 16.41103314 ], [ 73.43724156, 16.41005347 ], [ 73.46378833, 16.41672724 ], [ 73.46952671, 16.41506774 ], [ 73.44409046, 16.40629982 ], [ 73.41402746, 16.40276611 ], [ 73.40169221, 16.38978836 ], [ 73.37447258, 16.38516984 ], [ 73.37189358, 16.37145043 ], [ 73.37260819, 16.36286853 ], [ 73.38160212, 16.3575692 ], [ 73.38675046, 16.35832185 ], [ 73.39459259, 16.3663745 ], [ 73.39865562, 16.36168078 ], [ 73.40783055, 16.35980449 ], [ 73.41617188, 16.36628236 ], [ 73.42050683, 16.36476293 ], [ 73.41535324, 16.35839041 ], [ 73.40511864, 16.35364952 ], [ 73.39054979, 16.35612961 ], [ 73.3908606, 16.34462327 ], [ 73.3863003, 16.33549394 ], [ 73.39442109, 16.32657386 ], [ 73.39436284, 16.30983826 ], [ 73.40608224, 16.29463106 ], [ 73.41168318, 16.28115914 ], [ 73.43217826, 16.20139264 ], [ 73.44172851, 16.19635488 ], [ 73.45382146, 16.13325251 ], [ 73.46145956, 16.11031542 ], [ 73.46081994, 16.13740661 ], [ 73.46479078, 16.15394299 ], [ 73.47242219, 16.15858908 ], [ 73.46865658, 16.11691418 ], [ 73.47412145, 16.09599163 ], [ 73.46825213, 16.0900197 ], [ 73.46847815, 16.06782149 ], [ 73.45790514, 16.06474173 ], [ 73.45859603, 16.05705337 ], [ 73.46801325, 16.0538176 ], [ 73.47138751, 16.04663366 ], [ 73.48650321, 16.0375762 ], [ 73.49450026, 16.00467615 ], [ 73.48917347, 15.99201758 ], [ 73.48759212, 15.97494814 ], [ 73.49876673, 15.96969483 ], [ 73.49992119, 15.96238059 ], [ 73.50923344, 15.96222962 ], [ 73.50576615, 15.95010126 ], [ 73.51236722, 15.93912828 ], [ 73.53001774, 15.93191837 ], [ 73.53537319, 15.9324579 ], [ 73.5372943, 15.93725385 ], [ 73.54540228, 15.93576785 ], [ 73.55677855, 15.92623183 ], [ 73.5649843, 15.92405695 ], [ 73.57463235, 15.91291982 ], [ 73.59153911, 15.90847544 ], [ 73.61174968, 15.87568361 ], [ 73.61770566, 15.85338089 ], [ 73.62181258, 15.85219977 ], [ 73.62890974, 15.8557997 ], [ 73.63317503, 15.85112613 ], [ 73.64218408, 15.8186575 ], [ 73.65637946, 15.79780802 ], [ 73.66644831, 15.76471946 ], [ 73.6889378, 15.75458153 ], [ 73.67995364, 15.75179142 ], [ 73.67057836, 15.75321944 ], [ 73.65896459, 15.74898003 ], [ 73.65997204, 15.74516273 ], [ 73.67293348, 15.7367652 ], [ 73.67803681, 15.72458207 ], [ 73.69271929, 15.72508284 ], [ 73.69969324, 15.72149688 ], [ 73.69663157, 15.71771102 ], [ 73.68951373, 15.71727663 ], [ 73.69085643, 15.70624092 ], [ 73.69441939, 15.69734066 ], [ 73.70158558, 15.6907336 ], [ 73.71098446, 15.66308502 ], [ 73.71560756, 15.6605798 ], [ 73.71483394, 15.6501639 ], [ 73.72424243, 15.62475023 ], [ 73.73429304, 15.61359041 ], [ 73.74710021, 15.63254723 ], [ 73.75935413, 15.63668757 ], [ 73.7665057, 15.63273497 ], [ 73.75210835, 15.62581413 ], [ 73.75230993, 15.61127786 ], [ 73.7455392, 15.60472774 ], [ 73.73038397, 15.59844576 ], [ 73.73591194, 15.59028229 ], [ 73.74252217, 15.56533272 ], [ 73.74840989, 15.56196643 ], [ 73.75542252, 15.54466032 ], [ 73.76719899, 15.49459292 ], [ 73.77765932, 15.49047313 ], [ 73.78793441, 15.49879026 ], [ 73.80557366, 15.49370431 ], [ 73.81565124, 15.50725273 ], [ 73.82307414, 15.50538707 ], [ 73.82772776, 15.50807914 ], [ 73.83375552, 15.50510394 ], [ 73.83279556, 15.49988773 ], [ 73.82255035, 15.49745789 ], [ 73.80734275, 15.48261453 ], [ 73.80677944, 15.46312908 ], [ 73.79215481, 15.46684215 ], [ 73.78564844, 15.46163293 ], [ 73.84014782, 15.44845818 ], [ 73.84343027, 15.45230508 ], [ 73.847849, 15.45182388 ], [ 73.85801845, 15.44315992 ], [ 73.86445825, 15.43224347 ], [ 73.88072698, 15.42866143 ], [ 73.8978234, 15.41758823 ], [ 73.9082808, 15.41683885 ], [ 73.91123271, 15.42406249 ], [ 73.91902468, 15.42491839 ], [ 73.92815681, 15.43462274 ], [ 73.93605185, 15.4361391 ], [ 73.93673062, 15.43070559 ], [ 73.92676307, 15.42158521 ], [ 73.92626001, 15.41560284 ], [ 73.94052375, 15.40761193 ], [ 73.92235411, 15.40364244 ], [ 73.90030357, 15.40781861 ], [ 73.87840821, 15.39910604 ], [ 73.86590231, 15.4028168 ], [ 73.8635885, 15.4073639 ], [ 73.84727664, 15.40020111 ], [ 73.84402641, 15.40135227 ], [ 73.84292654, 15.41062282 ], [ 73.83385788, 15.40957399 ], [ 73.82872418, 15.40394204 ], [ 73.81889717, 15.41212713 ], [ 73.81287444, 15.39903073 ], [ 73.79226075, 15.4108969 ], [ 73.7836778, 15.41117068 ], [ 73.79068139, 15.39835224 ], [ 73.80403339, 15.39339964 ], [ 73.80952363, 15.38003042 ], [ 73.83268143, 15.36927257 ], [ 73.84305178, 15.36015938 ], [ 73.84772471, 15.35897973 ], [ 73.84947216, 15.36282912 ], [ 73.85818446, 15.36347411 ], [ 73.86728647, 15.36931784 ], [ 73.87932829, 15.36335457 ], [ 73.90164825, 15.30833989 ], [ 73.94706773, 15.14512871 ], [ 73.95245588, 15.14982666 ], [ 73.9472566, 15.17252534 ], [ 73.95574876, 15.17851807 ], [ 73.95909593, 15.18502117 ], [ 73.95932362, 15.17380834 ], [ 73.95464978, 15.17066321 ], [ 73.95831202, 15.14436436 ], [ 73.95141933, 15.13743814 ], [ 73.9392951, 15.13338895 ], [ 73.93979308, 15.11982024 ], [ 73.93569924, 15.11438979 ], [ 73.91603205, 15.10703439 ], [ 73.91682355, 15.10205926 ], [ 73.92283819, 15.09930247 ], [ 73.92257779, 15.0954459 ], [ 73.9141946, 15.08963004 ], [ 73.91391467, 15.08373937 ], [ 73.92761806, 15.08545166 ], [ 73.93425859, 15.07750079 ], [ 73.94910182, 15.07581674 ], [ 73.95255234, 15.07126517 ], [ 73.96369136, 15.06870706 ], [ 73.97148125, 15.05483327 ], [ 73.98353174, 15.05524521 ], [ 73.98163126, 15.04619053 ], [ 73.98737705, 15.03980332 ], [ 73.98402912, 15.02579562 ], [ 73.9965057, 15.01777337 ], [ 74.00257587, 15.00993415 ], [ 74.01752428, 15.00790397 ], [ 74.04569126, 14.98708638 ], [ 74.03726381, 14.97856101 ], [ 74.04409124, 14.96539938 ], [ 74.05459394, 14.96229885 ], [ 74.04234617, 14.94684299 ], [ 74.0423439, 14.91512121 ], [ 74.06426572, 14.90570026 ], [ 74.07820111, 14.90719125 ], [ 74.08716588, 14.89650082 ], [ 74.09686247, 14.89325574 ], [ 74.09652545, 14.8800966 ], [ 74.1061759, 14.86803965 ], [ 74.11250098, 14.84579674 ], [ 74.12102635, 14.83842094 ], [ 74.12421597, 14.84732055 ], [ 74.13753732, 14.84584687 ], [ 74.14249751, 14.85713236 ], [ 74.15406771, 14.85774123 ], [ 74.16222662, 14.862442 ], [ 74.16672196, 14.87304309 ], [ 74.17482061, 14.87027093 ], [ 74.17907796, 14.88109914 ], [ 74.1914294, 14.87974076 ], [ 74.19301223, 14.88290704 ], [ 74.21005861, 14.88885222 ], [ 74.21171271, 14.88679737 ], [ 74.20746136, 14.87947403 ], [ 74.21409798, 14.87370239 ], [ 74.23415851, 14.87164365 ], [ 74.25016993, 14.87468143 ], [ 74.24805632, 14.86928964 ], [ 74.23314541, 14.86010162 ], [ 74.22664115, 14.86038 ], [ 74.21580793, 14.86837856 ], [ 74.19167727, 14.8635695 ], [ 74.17618492, 14.85509942 ], [ 74.17887419, 14.84511392 ], [ 74.17061953, 14.84063824 ], [ 74.16992051, 14.82448966 ], [ 74.15675465, 14.81282727 ], [ 74.15777397, 14.83054191 ], [ 74.16197954, 14.83812836 ], [ 74.15557206, 14.83983337 ], [ 74.13578064, 14.83272324 ], [ 74.12630274, 14.83437769 ], [ 74.12457536, 14.81273875 ], [ 74.1204859, 14.80202219 ], [ 74.11464923, 14.7989128 ], [ 74.09523219, 14.80312384 ], [ 74.09539797, 14.79699674 ], [ 74.10741816, 14.79284923 ], [ 74.10944843, 14.78445222 ], [ 74.11939361, 14.78323499 ], [ 74.12212167, 14.77393945 ], [ 74.13211719, 14.77819411 ], [ 74.14366875, 14.77448273 ], [ 74.15168466, 14.76491569 ], [ 74.15720632, 14.74701963 ], [ 74.16258179, 14.76504363 ], [ 74.17716058, 14.76666037 ], [ 74.17552443, 14.76154087 ], [ 74.16666949, 14.75550891 ], [ 74.16688233, 14.75210367 ], [ 74.17969937, 14.74552121 ], [ 74.20019629, 14.72017635 ], [ 74.20669157, 14.72056408 ], [ 74.2038788, 14.73279844 ], [ 74.22416638, 14.73513999 ], [ 74.22403664, 14.74465835 ], [ 74.22801125, 14.74691432 ], [ 74.23658211, 14.74728324 ], [ 74.24647281, 14.73951735 ], [ 74.26524196, 14.71717186 ], [ 74.26546831, 14.71332797 ], [ 74.255557, 14.70725582 ], [ 74.27591865, 14.68875855 ], [ 74.27946662, 14.67313604 ], [ 74.27456294, 14.66930142 ], [ 74.2749972, 14.66523176 ], [ 74.28558177, 14.66295456 ], [ 74.28012512, 14.65713129 ], [ 74.28472006, 14.63639035 ], [ 74.28093623, 14.62894433 ], [ 74.27202923, 14.62924295 ], [ 74.27177278, 14.62698581 ], [ 74.28468696, 14.60852217 ], [ 74.30546255, 14.60133793 ], [ 74.31082598, 14.60447645 ], [ 74.31251741, 14.61419727 ], [ 74.31693279, 14.61574354 ], [ 74.3208365, 14.61051084 ], [ 74.32961807, 14.61179788 ], [ 74.34093948, 14.60694869 ], [ 74.34765351, 14.60870912 ], [ 74.35684768, 14.60025638 ], [ 74.36371404, 14.59825011 ], [ 74.39144127, 14.60377606 ], [ 74.41445607, 14.61702972 ], [ 74.41930549, 14.62339056 ], [ 74.42956303, 14.62458273 ], [ 74.41240346, 14.60744657 ], [ 74.38414226, 14.59232069 ], [ 74.36627084, 14.59183497 ], [ 74.32930966, 14.60342686 ], [ 74.31001638, 14.59474729 ], [ 74.30355489, 14.59548769 ], [ 74.30073867, 14.59164808 ], [ 74.29460517, 14.59192294 ], [ 74.29432641, 14.58738663 ], [ 74.3142523, 14.55122235 ], [ 74.31420125, 14.54512506 ], [ 74.30810306, 14.53677345 ], [ 74.31314797, 14.53040132 ], [ 74.30865814, 14.52024248 ], [ 74.31466073, 14.51791835 ], [ 74.32093493, 14.51991966 ], [ 74.33082361, 14.51417667 ], [ 74.34103196, 14.51657711 ], [ 74.3517198, 14.52396604 ], [ 74.35230239, 14.535976 ], [ 74.36341998, 14.55786349 ], [ 74.36756627, 14.55915858 ], [ 74.36906285, 14.54285679 ], [ 74.37760071, 14.54052847 ], [ 74.37659483, 14.5330334 ], [ 74.38670391, 14.52277971 ], [ 74.40100543, 14.49591383 ], [ 74.41566951, 14.48129138 ], [ 74.43619957, 14.47161115 ], [ 74.4414749, 14.45663239 ], [ 74.42691153, 14.47189954 ], [ 74.42207514, 14.47263913 ], [ 74.41188749, 14.47092805 ], [ 74.41099969, 14.45167304 ], [ 74.40819063, 14.44851992 ], [ 74.38717584, 14.45095681 ], [ 74.38563397, 14.45936373 ], [ 74.38046289, 14.46394578 ], [ 74.38112097, 14.47433636 ], [ 74.37506215, 14.48209702 ], [ 74.38032791, 14.48725588 ], [ 74.37313159, 14.49727781 ], [ 74.3781381, 14.51470453 ], [ 74.37003306, 14.52292118 ], [ 74.36432127, 14.52068905 ], [ 74.35670348, 14.51055807 ], [ 74.35706873, 14.49946438 ], [ 74.3618203, 14.4871814 ], [ 74.37547615, 14.46419325 ], [ 74.38530081, 14.42379182 ], [ 74.39212944, 14.41979779 ], [ 74.40302068, 14.41904153 ], [ 74.39745042, 14.41349494 ], [ 74.39740136, 14.40829205 ], [ 74.40502089, 14.38171913 ], [ 74.4034749, 14.36748884 ], [ 74.4140603, 14.31186852 ], [ 74.42555062, 14.28097347 ], [ 74.4313933, 14.27302288 ], [ 74.43232657, 14.27962694 ], [ 74.42602771, 14.30495929 ], [ 74.43564006, 14.28758286 ], [ 74.44358839, 14.28107279 ], [ 74.4493578, 14.27987096 ], [ 74.46073614, 14.28363514 ], [ 74.46876543, 14.29192807 ], [ 74.47229746, 14.28373702 ], [ 74.47990536, 14.28390522 ], [ 74.48832993, 14.2778454 ], [ 74.49102979, 14.26362099 ], [ 74.52711443, 14.23976247 ], [ 74.49798577, 14.24342167 ], [ 74.47016759, 14.25566227 ], [ 74.45827549, 14.24873425 ], [ 74.4491536, 14.25947929 ], [ 74.43269332, 14.26620935 ], [ 74.44884475, 14.21554709 ], [ 74.45497614, 14.20415432 ], [ 74.46496854, 14.19819625 ], [ 74.47459222, 14.16933933 ], [ 74.47799798, 14.13915981 ], [ 74.48363177, 14.12417587 ], [ 74.4833838, 14.09971369 ], [ 74.4970587, 14.06833882 ], [ 74.50105214, 14.04109916 ], [ 74.50787176, 14.03088416 ], [ 74.51009535, 14.03454596 ], [ 74.50511981, 14.05145429 ], [ 74.50959694, 14.04778374 ], [ 74.5131989, 14.03552768 ], [ 74.52360251, 14.03389351 ], [ 74.52444219, 14.02479396 ], [ 74.51042552, 14.02814283 ], [ 74.50596547, 14.02551859 ], [ 74.51580289, 13.98945347 ], [ 74.53013557, 13.97355302 ], [ 74.54029747, 13.97167039 ], [ 74.53642489, 13.96647483 ], [ 74.53762602, 13.96013547 ], [ 74.57163509, 13.94463111 ], [ 74.57954231, 13.92734111 ], [ 74.58707201, 13.92048114 ], [ 74.59840326, 13.87845412 ], [ 74.61186199, 13.86337049 ], [ 74.61741699, 13.86513854 ], [ 74.62635776, 13.85892117 ], [ 74.62393525, 13.84785308 ], [ 74.60653834, 13.85855119 ], [ 74.62729181, 13.78231893 ], [ 74.63245987, 13.72904863 ], [ 74.63955499, 13.71338052 ], [ 74.64532953, 13.67299253 ], [ 74.66570375, 13.63893238 ], [ 74.67122321, 13.67817546 ], [ 74.67780708, 13.69099389 ], [ 74.67701119, 13.69986874 ], [ 74.66819946, 13.71381467 ], [ 74.68454913, 13.69932522 ], [ 74.68922756, 13.70241523 ], [ 74.69937217, 13.69623438 ], [ 74.71333226, 13.69673154 ], [ 74.69169675, 13.68866631 ], [ 74.67951227, 13.67763284 ], [ 74.67950633, 13.67514223 ], [ 74.69555974, 13.66680809 ], [ 74.70345666, 13.67354138 ], [ 74.70728243, 13.67234492 ], [ 74.70778693, 13.66894461 ], [ 74.69984173, 13.66020988 ], [ 74.70185547, 13.65360774 ], [ 74.71423151, 13.64851005 ], [ 74.74067089, 13.6476666 ], [ 74.75409587, 13.64380019 ], [ 74.7602456, 13.63853087 ], [ 74.75579915, 13.633146 ], [ 74.74883341, 13.63631968 ], [ 74.7281567, 13.63499674 ], [ 74.70437661, 13.63845294 ], [ 74.7236241, 13.62147494 ], [ 74.71486793, 13.62122192 ], [ 74.70879752, 13.61479334 ], [ 74.69547388, 13.61925809 ], [ 74.69812437, 13.62986737 ], [ 74.69615543, 13.63826389 ], [ 74.68554829, 13.63836996 ], [ 74.68112784, 13.63502885 ], [ 74.6846857, 13.62228997 ], [ 74.68105571, 13.60738871 ], [ 74.67807363, 13.60877201 ], [ 74.67325218, 13.63011165 ], [ 74.66958264, 13.63287 ], [ 74.66374967, 13.63095608 ], [ 74.67197745, 13.59976726 ], [ 74.68307738, 13.48914695 ], [ 74.68936514, 13.46298568 ], [ 74.69584809, 13.46464049 ], [ 74.69540859, 13.48130007 ], [ 74.70093422, 13.44498591 ], [ 74.7050492, 13.44243321 ], [ 74.71614146, 13.46724973 ], [ 74.73189986, 13.47546648 ], [ 74.73947698, 13.47289859 ], [ 74.73937846, 13.4647297 ], [ 74.75071034, 13.45850758 ], [ 74.74572342, 13.45402643 ], [ 74.72236199, 13.4585755 ], [ 74.7185191, 13.45317795 ], [ 74.71676325, 13.44074951 ], [ 74.70516721, 13.43338824 ], [ 74.70669538, 13.42588352 ], [ 74.71423084, 13.41969092 ], [ 74.7390371, 13.41330949 ], [ 74.74546755, 13.39264432 ], [ 74.74302669, 13.38702069 ], [ 74.73853056, 13.38997056 ], [ 74.7329173, 13.40250601 ], [ 74.72033107, 13.40273192 ], [ 74.71446069, 13.40602096 ], [ 74.71087275, 13.40284273 ], [ 74.6996749, 13.41553046 ], [ 74.69207699, 13.44825071 ], [ 74.68823387, 13.45390308 ], [ 74.68591941, 13.4417257 ], [ 74.69416517, 13.39768178 ], [ 74.69463038, 13.35759788 ], [ 74.69596884, 13.35212917 ], [ 74.70901513, 13.34679918 ], [ 74.71427592, 13.34061976 ], [ 74.72472568, 13.32089923 ], [ 74.72502475, 13.28571662 ], [ 74.72044447, 13.28821737 ], [ 74.71924874, 13.31225323 ], [ 74.70299142, 13.344305 ], [ 74.70063573, 13.33804044 ], [ 74.70986968, 13.31891121 ], [ 74.7161282, 13.28080058 ], [ 74.72845869, 13.25190435 ], [ 74.73873819, 13.20377645 ], [ 74.75174575, 13.17599834 ], [ 74.76731738, 13.08881998 ], [ 74.77349906, 13.087606 ], [ 74.77783213, 13.10274499 ], [ 74.78773224, 13.10452989 ], [ 74.78996035, 13.10228333 ], [ 74.78854919, 13.09740523 ], [ 74.78269148, 13.09634055 ], [ 74.77928521, 13.09140813 ], [ 74.78350919, 13.07011586 ], [ 74.78189544, 13.0581363 ], [ 74.77300968, 13.08154234 ], [ 74.77071235, 13.07756119 ], [ 74.78161538, 13.05429459 ], [ 74.7827475, 13.0308806 ], [ 74.79914214, 12.95864911 ], [ 74.80712512, 12.89468701 ], [ 74.8217704, 12.85916443 ], [ 74.82837142, 12.83129097 ], [ 74.84814512, 12.7879552 ], [ 74.85968575, 12.77332594 ], [ 74.86410366, 12.75536322 ], [ 74.88492658, 12.71180651 ], [ 74.89643178, 12.69392479 ], [ 74.97979454, 12.49030932 ], [ 74.98351055, 12.48533048 ], [ 74.98768902, 12.49305753 ], [ 74.99054201, 12.49182064 ], [ 74.99581377, 12.47703558 ], [ 74.99567713, 12.46210303 ], [ 75.00197899, 12.44767629 ], [ 75.02388409, 12.41051721 ], [ 75.0453534, 12.38418042 ], [ 75.09043912, 12.28893567 ], [ 75.10502277, 12.24600493 ], [ 75.15948792, 12.11335965 ], [ 75.19924617, 12.02532262 ], [ 75.2042979, 12.00336062 ], [ 75.20750908, 12.00169587 ], [ 75.2303264, 12.02246039 ], [ 75.23609826, 12.02344744 ], [ 75.24927976, 12.01612541 ], [ 75.27577744, 11.97310712 ], [ 75.29612096, 11.95249695 ], [ 75.30149624, 11.95273005 ], [ 75.30117594, 11.95555246 ], [ 75.28989428, 11.97706042 ], [ 75.28828732, 11.98959791 ], [ 75.29311287, 11.98924653 ], [ 75.30671908, 11.96884983 ], [ 75.31005962, 11.96729795 ], [ 75.3114544, 11.97473682 ], [ 75.31464122, 11.976584 ], [ 75.31863499, 11.97334657 ], [ 75.32329705, 11.9531442 ], [ 75.33783235, 11.94510427 ], [ 75.35056114, 11.92956262 ], [ 75.34813216, 11.92605288 ], [ 75.34239748, 11.92665397 ], [ 75.32276736, 11.94070747 ], [ 75.30944517, 11.94126895 ], [ 75.31096798, 11.9296583 ], [ 75.32393307, 11.9083136 ], [ 75.31991739, 11.90444928 ], [ 75.32076292, 11.89908746 ], [ 75.33166126, 11.89429346 ], [ 75.34936779, 11.87526585 ], [ 75.35623559, 11.86628194 ], [ 75.35637189, 11.85789868 ], [ 75.36033711, 11.852438 ], [ 75.36852189, 11.85191582 ], [ 75.37722209, 11.85964383 ], [ 75.38796473, 11.85779285 ], [ 75.40034258, 11.8416472 ], [ 75.41024909, 11.8346188 ], [ 75.42825293, 11.80697716 ], [ 75.4574342, 11.7801993 ], [ 75.46150037, 11.7730714 ], [ 75.45814424, 11.76592224 ], [ 75.46367687, 11.76441513 ], [ 75.4736571, 11.76847377 ], [ 75.48125188, 11.7517286 ], [ 75.51121704, 11.72834006 ], [ 75.53101109, 11.70360369 ], [ 75.54704074, 11.67602565 ], [ 75.57373028, 11.61259042 ], [ 75.58565925, 11.57352029 ], [ 75.60429949, 11.532561 ], [ 75.62073306, 11.4773234 ], [ 75.63317333, 11.462053 ], [ 75.65383174, 11.46174589 ], [ 75.67669841, 11.45029776 ], [ 75.70006632, 11.42341545 ], [ 75.72864064, 11.36829272 ], [ 75.73957702, 11.35714374 ], [ 75.73948605, 11.32794578 ], [ 75.7483615, 11.31682417 ], [ 75.76738918, 11.27012029 ], [ 75.80104206, 11.17207654 ], [ 75.8068613, 11.16695172 ], [ 75.8147718, 11.17207934 ], [ 75.82305165, 11.16804115 ], [ 75.82381443, 11.15911254 ], [ 75.81194426, 11.15954325 ], [ 75.81018713, 11.15416218 ], [ 75.82930398, 11.12419697 ], [ 75.8521254, 11.05361262 ], [ 75.86696649, 10.99319498 ], [ 75.86778433, 10.97301463 ], [ 75.88946578, 10.87616064 ], [ 75.90165859, 10.80251741 ], [ 75.91344402, 10.78416789 ], [ 75.91564488, 10.77500769 ], [ 75.92472034, 10.76532328 ], [ 75.93517797, 10.72903019 ], [ 75.96536535, 10.66846433 ], [ 75.99068438, 10.60773625 ], [ 76.01063612, 10.57203065 ], [ 76.03290921, 10.50670966 ], [ 76.03859223, 10.50542669 ], [ 76.03547286, 10.52848192 ], [ 76.04829947, 10.53303482 ], [ 76.0375605, 10.55776701 ], [ 76.04144786, 10.56560399 ], [ 76.04768102, 10.56725021 ], [ 76.04822582, 10.55091864 ], [ 76.05312339, 10.5410494 ], [ 76.06574694, 10.53525138 ], [ 76.06698738, 10.52980965 ], [ 76.06164009, 10.52721685 ], [ 76.06867997, 10.50945994 ], [ 76.05497864, 10.52673153 ], [ 76.04162987, 10.52483875 ], [ 76.04022084, 10.52188543 ], [ 76.05847011, 10.47957243 ], [ 76.05346693, 10.48236318 ], [ 76.04508518, 10.49542204 ], [ 76.04302211, 10.49442189 ], [ 76.04950634, 10.48053382 ], [ 76.06381354, 10.46239388 ], [ 76.09819928, 10.38403236 ], [ 76.12082311, 10.31515007 ], [ 76.13366863, 10.26414138 ], [ 76.13954444, 10.25779025 ], [ 76.13988572, 10.23285484 ], [ 76.15502438, 10.19938744 ], [ 76.16686138, 10.18930337 ], [ 76.16891631, 10.18387013 ], [ 76.16982578, 10.1647549 ], [ 76.17947242, 10.1431996 ], [ 76.20236578, 10.04900763 ], [ 76.21498129, 10.02237497 ], [ 76.22048142, 10.00208579 ], [ 76.24328043, 9.96927481 ], [ 76.24216203, 9.9464287 ], [ 76.25847335, 9.90222229 ], [ 76.27789552, 9.80724648 ], [ 76.28997006, 9.67235733 ], [ 76.29752529, 9.62567548 ], [ 76.3058254, 9.5966727 ], [ 76.31888623, 9.50389867 ], [ 76.34286582, 9.40273486 ], [ 76.3632924, 9.35131764 ], [ 76.38367883, 9.31541348 ], [ 76.41469512, 9.23476259 ], [ 76.45812871, 9.14293218 ], [ 76.46525335, 9.1193954 ], [ 76.48187798, 9.09581336 ], [ 76.50739517, 9.04072023 ], [ 76.5236228, 8.99585758 ], [ 76.54951873, 8.89814698 ], [ 76.55376229, 8.89054612 ], [ 76.56690316, 8.88208885 ], [ 76.57865792, 8.88442014 ], [ 76.6032085, 8.8678337 ], [ 76.65551809, 8.80261589 ], [ 76.67175693, 8.79037869 ], [ 76.67225133, 8.78069528 ], [ 76.68232477, 8.77131951 ], [ 76.77013233, 8.65480857 ], [ 76.79530837, 8.62914777 ], [ 76.88452738, 8.50962835 ], [ 76.94009719, 8.44411753 ], [ 76.97099244, 8.41284328 ], [ 76.97396499, 8.39054521 ], [ 76.98782237, 8.37655432 ], [ 76.99949764, 8.37756545 ], [ 77.00645467, 8.360373 ], [ 77.02314243, 8.35511089 ], [ 77.12843769, 8.26585338 ], [ 77.16836453, 8.24070627 ], [ 77.18713959, 8.21979328 ], [ 77.22735821, 8.19527009 ], [ 77.23378766, 8.18916822 ], [ 77.23852761, 8.17786374 ], [ 77.25048022, 8.17020703 ], [ 77.27676101, 8.16398859 ], [ 77.29702286, 8.14984169 ], [ 77.31035984, 8.12597351 ], [ 77.31750763, 8.12136335 ], [ 77.34059406, 8.12528119 ], [ 77.35855697, 8.12389154 ], [ 77.39236251, 8.10651149 ], [ 77.45477947, 8.089072 ], [ 77.50461194, 8.08001056 ], [ 77.52788064, 8.08117688 ], [ 77.55293332, 8.07784751 ], [ 77.56581513, 8.09016999 ], [ 77.55873293, 8.10683623 ], [ 77.56309008, 8.12169257 ], [ 77.58923706, 8.14134471 ], [ 77.65541426, 8.15913426 ], [ 77.67297273, 8.15633997 ], [ 77.73426577, 8.1676841 ], [ 77.75314207, 8.17852555 ], [ 77.75707767, 8.18656638 ], [ 77.7657747, 8.19261796 ], [ 77.78090993, 8.1966101 ], [ 77.78690926, 8.20308056 ], [ 77.7838369, 8.21892668 ], [ 77.78689216, 8.22567174 ], [ 77.81443086, 8.24616393 ], [ 77.88480632, 8.26739083 ], [ 77.90954489, 8.29063432 ], [ 77.94783884, 8.30598141 ], [ 77.97675445, 8.33588456 ], [ 78.04089916, 8.35832001 ], [ 78.06732681, 8.37126329 ], [ 78.06805629, 8.37457178 ], [ 78.05991318, 8.38098638 ], [ 78.06716216, 8.41629255 ], [ 78.10546278, 8.4632241 ], [ 78.12909421, 8.48411962 ], [ 78.13300806, 8.49236511 ], [ 78.12410135, 8.52951722 ], [ 78.12475993, 8.53611882 ], [ 78.13483994, 8.55281292 ], [ 78.14181957, 8.59081029 ], [ 78.12843382, 8.62276976 ], [ 78.12631628, 8.63522281 ], [ 78.14104064, 8.69295008 ], [ 78.1589051, 8.71375445 ], [ 78.16988222, 8.74347457 ], [ 78.18505949, 8.75174613 ], [ 78.18849857, 8.75112624 ], [ 78.18977418, 8.74547915 ], [ 78.19387548, 8.74489656 ], [ 78.20592203, 8.76691537 ], [ 78.20394365, 8.78042204 ], [ 78.19933159, 8.78790178 ], [ 78.19601129, 8.78305753 ], [ 78.19820784, 8.76518645 ], [ 78.19007135, 8.76183417 ], [ 78.18027225, 8.76270675 ], [ 78.17534212, 8.76635089 ], [ 78.16878195, 8.75844119 ], [ 78.16536056, 8.75837241 ], [ 78.16485899, 8.79309038 ], [ 78.17211937, 8.88038416 ], [ 78.18301782, 8.89649737 ], [ 78.1915775, 8.92845146 ], [ 78.2125004, 8.96158281 ], [ 78.26783066, 9.00084125 ], [ 78.26124479, 9.01592327 ], [ 78.24492246, 9.02834279 ], [ 78.23442899, 9.03087142 ], [ 78.22389021, 9.02650148 ], [ 78.21634383, 9.02860615 ], [ 78.21064054, 9.04029461 ], [ 78.21341532, 9.04796122 ], [ 78.21850861, 9.04453857 ], [ 78.21981859, 9.03594199 ], [ 78.22352383, 9.03274279 ], [ 78.2421783, 9.03458148 ], [ 78.25943793, 9.02607926 ], [ 78.27479367, 9.01076016 ], [ 78.28496928, 9.02411081 ], [ 78.29223617, 9.02163335 ], [ 78.29735249, 9.02641266 ], [ 78.3052509, 9.0275557 ], [ 78.30915096, 9.03870666 ], [ 78.34064626, 9.05531703 ], [ 78.34757679, 9.06465864 ], [ 78.42229043, 9.11339172 ], [ 78.46603666, 9.12422815 ], [ 78.47729609, 9.13058679 ], [ 78.49144853, 9.12906883 ], [ 78.52821767, 9.13611667 ], [ 78.54894584, 9.13541984 ], [ 78.57528683, 9.12821336 ], [ 78.58555378, 9.13929792 ], [ 78.60017866, 9.1475397 ], [ 78.63031778, 9.15652239 ], [ 78.65066169, 9.15539622 ], [ 78.65079332, 9.1603789 ], [ 78.64512062, 9.16725709 ], [ 78.64566347, 9.17499152 ], [ 78.65770529, 9.18746939 ], [ 78.68596374, 9.1953814 ], [ 78.72083063, 9.18732971 ], [ 78.72163327, 9.20300011 ], [ 78.72497561, 9.20876049 ], [ 78.74132005, 9.21064324 ], [ 78.77665613, 9.22197145 ], [ 78.85650032, 9.25186869 ], [ 78.87759799, 9.25657857 ], [ 78.90489481, 9.24823624 ], [ 78.92620961, 9.26521176 ], [ 78.96590694, 9.27454985 ], [ 78.9877739, 9.27518541 ], [ 79.04966591, 9.26232821 ], [ 79.08240974, 9.25921477 ], [ 79.14956637, 9.27495718 ], [ 79.18425311, 9.27797436 ], [ 79.18827764, 9.28093151 ], [ 79.19166828, 9.28585668 ], [ 79.18656241, 9.28751788 ], [ 79.16073432, 9.28833653 ], [ 79.15529177, 9.28573405 ], [ 79.12098153, 9.29306875 ], [ 79.09826482, 9.28947607 ], [ 79.08489385, 9.29626606 ], [ 79.06330347, 9.29474284 ], [ 79.05180466, 9.29997229 ], [ 78.98764787, 9.35415333 ], [ 78.92969965, 9.41641722 ], [ 78.90044159, 9.45673073 ], [ 78.89455166, 9.47861667 ], [ 78.90101655, 9.49213217 ], [ 78.91545927, 9.49964337 ], [ 78.91878463, 9.56460974 ], [ 78.92525546, 9.58638131 ], [ 78.95468392, 9.62566213 ], [ 78.97424374, 9.66505782 ], [ 78.97710517, 9.68279498 ], [ 78.98756428, 9.70726717 ], [ 79.01359873, 9.73181429 ], [ 79.03726723, 9.76060533 ], [ 79.0622757, 9.77809776 ], [ 79.07453999, 9.79328249 ], [ 79.08098121, 9.81115302 ], [ 79.09040634, 9.82331207 ], [ 79.12046224, 9.85174888 ], [ 79.12308929, 9.8579048 ], [ 79.12084289, 9.88057516 ], [ 79.12549302, 9.88859105 ], [ 79.15105504, 9.90901303 ], [ 79.15735651, 9.93047444 ], [ 79.16697088, 9.94291077 ], [ 79.19427188, 9.96030311 ], [ 79.22231807, 10.00695954 ], [ 79.2634719, 10.03581457 ], [ 79.26239829, 10.04395578 ], [ 79.25134104, 10.04989678 ], [ 79.25164045, 10.05898421 ], [ 79.2456217, 10.06341928 ], [ 79.24502641, 10.07067218 ], [ 79.23283056, 10.07635991 ], [ 79.22692595, 10.09260202 ], [ 79.22805307, 10.11325694 ], [ 79.23310106, 10.12425015 ], [ 79.22891466, 10.13413396 ], [ 79.22883405, 10.14503758 ], [ 79.23838554, 10.16085886 ], [ 79.24241, 10.17833657 ], [ 79.25021239, 10.18898359 ], [ 79.26153759, 10.19392667 ], [ 79.27610774, 10.21032138 ], [ 79.2778869, 10.21985023 ], [ 79.27195214, 10.22610995 ], [ 79.27283023, 10.23262648 ], [ 79.28154988, 10.24465069 ], [ 79.29608276, 10.256937 ], [ 79.29900581, 10.26446864 ], [ 79.3175126, 10.27181825 ], [ 79.32914163, 10.28609075 ], [ 79.35317159, 10.2903523 ], [ 79.34901886, 10.30204019 ], [ 79.36483112, 10.29806879 ], [ 79.38297638, 10.3188008 ], [ 79.3955241, 10.32369392 ], [ 79.43865888, 10.32472276 ], [ 79.51932667, 10.31177653 ], [ 79.53582005, 10.32382832 ], [ 79.53761072, 10.33224811 ], [ 79.50730959, 10.3480893 ], [ 79.50384042, 10.35098379 ], [ 79.50501355, 10.35487456 ], [ 79.53787477, 10.3414257 ], [ 79.52697702, 10.35498516 ], [ 79.53277342, 10.35577358 ], [ 79.58191273, 10.34249706 ], [ 79.60012428, 10.3478197 ], [ 79.61281692, 10.34007276 ], [ 79.61479823, 10.33452769 ], [ 79.61115638, 10.32960435 ], [ 79.59793557, 10.3275897 ], [ 79.55628998, 10.32986093 ], [ 79.54540613, 10.30732595 ], [ 79.59443849, 10.30508157 ], [ 79.61664347, 10.30180211 ], [ 79.65181585, 10.29010957 ], [ 79.6745363, 10.29040776 ], [ 79.7198821, 10.27986308 ], [ 79.76936475, 10.27288044 ], [ 79.77638381, 10.27511127 ], [ 79.77263245, 10.28206025 ], [ 79.76559502, 10.28655104 ], [ 79.75124784, 10.2887509 ], [ 79.74744399, 10.30003149 ], [ 79.73806687, 10.29785303 ], [ 79.72772029, 10.28906879 ], [ 79.72283363, 10.28935981 ], [ 79.69995512, 10.2952171 ], [ 79.67297357, 10.31087393 ], [ 79.61157039, 10.31919137 ], [ 79.6378866, 10.33808229 ], [ 79.67913607, 10.32434028 ], [ 79.6987185, 10.31423605 ], [ 79.71735366, 10.31091518 ], [ 79.72381314, 10.31039644 ], [ 79.71695125, 10.31950729 ], [ 79.70402962, 10.32566349 ], [ 79.7041225, 10.32884581 ], [ 79.71261874, 10.33170001 ], [ 79.72864837, 10.32992625 ], [ 79.73916467, 10.31624216 ], [ 79.75927497, 10.3106649 ], [ 79.78393697, 10.29222136 ], [ 79.78850021, 10.27524863 ], [ 79.79481109, 10.27131414 ], [ 79.8787124, 10.28731348 ], [ 79.87766061, 10.30937633 ], [ 79.87089943, 10.34052525 ], [ 79.86150047, 10.49263419 ], [ 79.85720872, 10.66924991 ], [ 79.85016089, 10.71634403 ], [ 79.85014752, 10.80901741 ], [ 79.84813918, 10.81258307 ], [ 79.83940009, 10.80917647 ], [ 79.83576346, 10.81147071 ], [ 79.84665751, 10.81659194 ], [ 79.84984162, 10.82295597 ], [ 79.84884874, 10.87078726 ], [ 79.84524861, 10.87368235 ], [ 79.83567018, 10.8712536 ], [ 79.83551489, 10.87376582 ], [ 79.84860924, 10.87984573 ], [ 79.84894966, 10.90141885 ], [ 79.84418059, 10.90565474 ], [ 79.85043821, 10.90869785 ], [ 79.85191604, 10.91552753 ], [ 79.85250542, 10.99469835 ], [ 79.85680608, 11.01269855 ], [ 79.85718042, 11.0759906 ], [ 79.8545153, 11.08569459 ], [ 79.85758524, 11.08756664 ], [ 79.85823298, 11.11117664 ], [ 79.85393808, 11.19524897 ], [ 79.83509869, 11.30045661 ], [ 79.83420137, 11.32809705 ], [ 79.84012938, 11.35245678 ], [ 79.82233209, 11.35536461 ], [ 79.8194565, 11.35421289 ], [ 79.8167404, 11.34463495 ], [ 79.81239247, 11.34433438 ], [ 79.809468, 11.34746868 ], [ 79.81412347, 11.35841817 ], [ 79.79870092, 11.36862962 ], [ 79.80085982, 11.37635501 ], [ 79.80856396, 11.36944694 ], [ 79.81426743, 11.37021995 ], [ 79.82467973, 11.3644786 ], [ 79.80802648, 11.44636671 ], [ 79.79059399, 11.47601865 ], [ 79.77766364, 11.50940213 ], [ 79.76735125, 11.52286517 ], [ 79.76320304, 11.53752569 ], [ 79.75845374, 11.57809063 ], [ 79.75926009, 11.61258215 ], [ 79.76977395, 11.67374664 ], [ 79.78558142, 11.72932296 ], [ 79.77108817, 11.73660902 ], [ 79.76697969, 11.7444995 ], [ 79.78483795, 11.73815884 ], [ 79.79005904, 11.7471053 ], [ 79.79778094, 11.79748055 ], [ 79.84594341, 11.97635099 ], [ 79.85985853, 12.01328882 ], [ 79.88821103, 12.07009144 ], [ 79.99040065, 12.22746773 ], [ 80.01914885, 12.28206566 ], [ 80.06072422, 12.33983467 ], [ 80.13823905, 12.43245649 ], [ 80.13871686, 12.43656653 ], [ 80.13105824, 12.4470886 ], [ 80.13693953, 12.44834186 ], [ 80.14397739, 12.44490675 ], [ 80.14887207, 12.44817853 ], [ 80.14042841, 12.45774189 ], [ 80.1499098, 12.45938431 ], [ 80.14929527, 12.46958421 ], [ 80.16242708, 12.47068416 ], [ 80.16383445, 12.51717486 ], [ 80.18207296, 12.55596593 ], [ 80.20752696, 12.64225572 ], [ 80.23654555, 12.72608491 ], [ 80.25386532, 12.76688117 ], [ 80.25554479, 12.78141781 ], [ 80.25228438, 12.78975807 ], [ 80.2471592, 12.79333481 ], [ 80.24684479, 12.8005887 ], [ 80.2517941, 12.87753375 ], [ 80.26022245, 12.93728177 ], [ 80.2788479, 13.0125496 ], [ 80.28739279, 13.06322762 ], [ 80.30569889, 13.09474067 ], [ 80.30587891, 13.09882107 ], [ 80.30101014, 13.10170742 ], [ 80.297695, 13.12548474 ], [ 80.30771383, 13.1518949 ], [ 80.34630541, 13.29343136 ], [ 80.34628841, 13.31247524 ], [ 80.32933331, 13.43847139 ], [ 80.32622475, 13.44032154 ], [ 80.32441138, 13.43548338 ], [ 80.32947264, 13.39016758 ], [ 80.32512186, 13.38317138 ], [ 80.30607543, 13.39715753 ], [ 80.28888809, 13.40283035 ], [ 80.28703165, 13.41204846 ], [ 80.29275171, 13.41325875 ], [ 80.29289591, 13.4157361 ], [ 80.2907723, 13.42119666 ], [ 80.28086726, 13.42797844 ], [ 80.28900584, 13.44025599 ], [ 80.2984438, 13.4346713 ], [ 80.31093377, 13.43231672 ], [ 80.31374599, 13.43865132 ], [ 80.31020325, 13.45040895 ], [ 80.31738783, 13.45008496 ], [ 80.3187624, 13.45653176 ], [ 80.30445876, 13.47142619 ], [ 80.29563998, 13.48913601 ], [ 80.28400401, 13.53414162 ], [ 80.25602082, 13.58983277 ], [ 80.24069135, 13.63465078 ], [ 80.23552105, 13.68337252 ], [ 80.24816286, 13.75861487 ], [ 80.24765931, 13.79747924 ], [ 80.24496766, 13.80518171 ], [ 80.23789181, 13.80936258 ], [ 80.24011096, 13.81808742 ], [ 80.23825534, 13.82886868 ], [ 80.21549941, 13.87622902 ], [ 80.169395, 13.99237311 ], [ 80.16567048, 13.99892842 ], [ 80.16434479, 13.99300794 ], [ 80.15896825, 13.99299354 ], [ 80.15307931, 14.00690809 ], [ 80.14406889, 14.01750159 ], [ 80.14422255, 14.02205452 ], [ 80.15199339, 14.02182852 ], [ 80.15369179, 14.02428381 ], [ 80.12957633, 14.14112749 ], [ 80.12880197, 14.18432146 ], [ 80.13748525, 14.2372961 ], [ 80.12368682, 14.242453 ], [ 80.12678704, 14.24680175 ], [ 80.13745096, 14.24727602 ], [ 80.14587592, 14.25425518 ], [ 80.14405544, 14.26682336 ], [ 80.14665297, 14.28375534 ], [ 80.17299114, 14.34655164 ], [ 80.179316, 14.45693012 ], [ 80.19464612, 14.56391828 ], [ 80.18850652, 14.56699674 ], [ 80.17062062, 14.56670053 ], [ 80.14321449, 14.55554312 ], [ 80.11557176, 14.5298585 ], [ 80.09345922, 14.53438853 ], [ 80.10733969, 14.54441465 ], [ 80.12371028, 14.55068746 ], [ 80.14716468, 14.56797488 ], [ 80.18029597, 14.58308007 ], [ 80.18387835, 14.58983063 ], [ 80.16429153, 14.62078341 ], [ 80.15412037, 14.67105831 ], [ 80.14536866, 14.69123301 ], [ 80.13917036, 14.69385542 ], [ 80.12910591, 14.68180475 ], [ 80.12137342, 14.68319695 ], [ 80.12040025, 14.69017299 ], [ 80.13372577, 14.69542356 ], [ 80.13226647, 14.70917577 ], [ 80.1140388, 14.73323153 ], [ 80.09587645, 14.77961847 ], [ 80.09075429, 14.8006807 ], [ 80.07681493, 14.80904303 ], [ 80.07455064, 14.81372098 ], [ 80.07524269, 14.81716164 ], [ 80.08880516, 14.814291 ], [ 80.0856771, 14.82513949 ], [ 80.09329144, 14.82686901 ], [ 80.09315538, 14.83322112 ], [ 80.06632823, 14.97465087 ], [ 80.06319304, 14.98702205 ], [ 80.05100373, 15.00723418 ], [ 80.04566706, 15.04960076 ], [ 80.05104069, 15.11268216 ], [ 80.06499853, 15.16366518 ], [ 80.07365589, 15.18185919 ], [ 80.06281349, 15.18606255 ], [ 80.0502974, 15.2017516 ], [ 80.03206971, 15.20714674 ], [ 80.03021469, 15.21077616 ], [ 80.04758226, 15.21315212 ], [ 80.07129734, 15.19332088 ], [ 80.08070137, 15.19198561 ], [ 80.08376246, 15.19529839 ], [ 80.08729221, 15.21589478 ], [ 80.08089577, 15.24300706 ], [ 80.08052269, 15.26703496 ], [ 80.09178095, 15.2932357 ], [ 80.10270707, 15.3341516 ], [ 80.13049229, 15.38048762 ], [ 80.15361288, 15.40591168 ], [ 80.18421871, 15.44968049 ], [ 80.19669401, 15.46254784 ], [ 80.20236342, 15.48469547 ], [ 80.21014687, 15.49508665 ], [ 80.21074601, 15.50244475 ], [ 80.20859227, 15.50243647 ], [ 80.19627383, 15.49076549 ], [ 80.18396371, 15.49069495 ], [ 80.18524797, 15.49460531 ], [ 80.20654027, 15.50907809 ], [ 80.21194039, 15.51909469 ], [ 80.21349252, 15.53120772 ], [ 80.21056543, 15.53784658 ], [ 80.19089235, 15.55138495 ], [ 80.18555031, 15.55970035 ], [ 80.17852258, 15.56024272 ], [ 80.16984949, 15.55233446 ], [ 80.14031664, 15.55012701 ], [ 80.13598193, 15.55262546 ], [ 80.13565612, 15.55850374 ], [ 80.16758139, 15.55944858 ], [ 80.16930507, 15.57045035 ], [ 80.17548844, 15.57325669 ], [ 80.20676989, 15.54739601 ], [ 80.21867662, 15.54349119 ], [ 80.22231519, 15.54501328 ], [ 80.23957525, 15.61414599 ], [ 80.27745331, 15.68207335 ], [ 80.32050636, 15.72389778 ], [ 80.33600338, 15.74331989 ], [ 80.35970782, 15.76377509 ], [ 80.41959675, 15.79782922 ], [ 80.48624127, 15.82629042 ], [ 80.5212329, 15.84594371 ], [ 80.52000149, 15.85249415 ], [ 80.4959115, 15.85485759 ], [ 80.49823467, 15.85711765 ], [ 80.55579256, 15.86530137 ], [ 80.53418984, 15.85365887 ], [ 80.53419953, 15.8501086 ], [ 80.57910177, 15.86652706 ], [ 80.60548737, 15.8675948 ], [ 80.64069636, 15.87839663 ], [ 80.73054241, 15.88619039 ], [ 80.75587281, 15.8801648 ], [ 80.78569713, 15.85982691 ], [ 80.80774125, 15.83550246 ], [ 80.81588628, 15.8093587 ], [ 80.81230679, 15.77020795 ], [ 80.81973215, 15.74426356 ], [ 80.81705115, 15.74142043 ], [ 80.81034793, 15.75058239 ], [ 80.80483076, 15.75010888 ], [ 80.80739441, 15.73392401 ], [ 80.80401624, 15.71621474 ], [ 80.81069609, 15.7128475 ], [ 80.82388918, 15.71339152 ], [ 80.83874489, 15.70664175 ], [ 80.85057474, 15.70767474 ], [ 80.86954265, 15.7205891 ], [ 80.91501848, 15.72725809 ], [ 80.91676168, 15.73081922 ], [ 80.91122446, 15.74103443 ], [ 80.89155227, 15.76086998 ], [ 80.87605169, 15.79391965 ], [ 80.86086532, 15.81221834 ], [ 80.85987651, 15.81760394 ], [ 80.86292361, 15.82205312 ], [ 80.87037482, 15.8226407 ], [ 80.87434215, 15.80696592 ], [ 80.89983097, 15.76596775 ], [ 80.93685581, 15.72969892 ], [ 80.9454958, 15.7281581 ], [ 80.96013526, 15.73580866 ], [ 80.98715137, 15.7554349 ], [ 80.98935572, 15.76055945 ], [ 80.9890272, 15.76528383 ], [ 80.9662983, 15.7839218 ], [ 80.95949415, 15.7940299 ], [ 80.94951602, 15.80194339 ], [ 80.93955034, 15.80464543 ], [ 80.93999434, 15.80717725 ], [ 80.94916185, 15.81132249 ], [ 80.95679234, 15.80692405 ], [ 80.97694117, 15.78625071 ], [ 80.99093081, 15.77827187 ], [ 81.00714195, 15.76252477 ], [ 81.01196651, 15.76886279 ], [ 81.01162568, 15.77564054 ], [ 81.00008104, 15.80003735 ], [ 80.99603805, 15.8243287 ], [ 81.00997913, 15.84920263 ], [ 81.04529576, 15.89716578 ], [ 81.06310309, 15.90820709 ], [ 81.07937554, 15.92371938 ], [ 81.14060515, 15.96216861 ], [ 81.14091502, 15.96536596 ], [ 81.12666228, 15.97333269 ], [ 81.10920287, 15.99628847 ], [ 81.08375416, 16.00189182 ], [ 81.0987608, 16.00801978 ], [ 81.10882403, 16.00512459 ], [ 81.11740444, 15.99930487 ], [ 81.1294248, 15.98239743 ], [ 81.14461823, 15.97396869 ], [ 81.1528524, 15.97476647 ], [ 81.14647012, 15.99917714 ], [ 81.14758252, 16.01917943 ], [ 81.16100498, 16.05018134 ], [ 81.18489826, 16.08436861 ], [ 81.19990371, 16.16360079 ], [ 81.20759783, 16.18289583 ], [ 81.21154593, 16.20486682 ], [ 81.22263004, 16.22691155 ], [ 81.25761328, 16.25844492 ], [ 81.26711895, 16.27071606 ], [ 81.24138051, 16.26065312 ], [ 81.26316771, 16.27887191 ], [ 81.26644744, 16.29003256 ], [ 81.26562074, 16.29421259 ], [ 81.24562896, 16.30141942 ], [ 81.24607717, 16.30439171 ], [ 81.25283118, 16.30787875 ], [ 81.25834336, 16.31899829 ], [ 81.29131088, 16.32549414 ], [ 81.32123132, 16.34236472 ], [ 81.31709928, 16.34517057 ], [ 81.30281893, 16.34347593 ], [ 81.30396475, 16.3487355 ], [ 81.31316423, 16.35247007 ], [ 81.31275631, 16.3602153 ], [ 81.34342903, 16.36643288 ], [ 81.36808488, 16.35598822 ], [ 81.37299545, 16.36029605 ], [ 81.38381592, 16.36004994 ], [ 81.40009344, 16.3773406 ], [ 81.40855769, 16.38138717 ], [ 81.4137505, 16.37552303 ], [ 81.40784361, 16.37115978 ], [ 81.40930086, 16.35604375 ], [ 81.39902406, 16.36011281 ], [ 81.39082057, 16.3531806 ], [ 81.40324205, 16.34603061 ], [ 81.4032146, 16.33694865 ], [ 81.51475626, 16.35151503 ], [ 81.52863417, 16.35075814 ], [ 81.54829121, 16.35573637 ], [ 81.55446757, 16.36014808 ], [ 81.55440995, 16.37456792 ], [ 81.54771751, 16.3830893 ], [ 81.54953189, 16.39028682 ], [ 81.55682007, 16.38479037 ], [ 81.56645386, 16.36786912 ], [ 81.58048459, 16.3601816 ], [ 81.56509115, 16.35596834 ], [ 81.57281952, 16.34803395 ], [ 81.59276799, 16.34182356 ], [ 81.66078335, 16.33601245 ], [ 81.69705614, 16.32197641 ], [ 81.70002659, 16.31870282 ], [ 81.70162646, 16.30495634 ], [ 81.70875386, 16.30276019 ], [ 81.71583885, 16.31222022 ], [ 81.71886517, 16.32727408 ], [ 81.72442822, 16.33204424 ], [ 81.72480645, 16.35571912 ], [ 81.73473108, 16.35653122 ], [ 81.73499366, 16.34892113 ], [ 81.72286778, 16.31288201 ], [ 81.72579344, 16.3074431 ], [ 81.77706038, 16.32975889 ], [ 81.8545689, 16.37051407 ], [ 81.9451385, 16.39434418 ], [ 81.95033813, 16.39843969 ], [ 81.95678324, 16.42590027 ], [ 81.96494155, 16.4373724 ], [ 81.96934881, 16.43597412 ], [ 81.9625448, 16.4078009 ], [ 81.9640445, 16.39789495 ], [ 81.96752815, 16.39622365 ], [ 82.02173393, 16.43048503 ], [ 82.14070958, 16.48439154 ], [ 82.14322894, 16.51739391 ], [ 82.16428446, 16.54976403 ], [ 82.18019108, 16.5610805 ], [ 82.19763574, 16.5647502 ], [ 82.20001815, 16.55849548 ], [ 82.16909132, 16.52074625 ], [ 82.16713992, 16.50682827 ], [ 82.14933701, 16.48717145 ], [ 82.18304994, 16.5027247 ], [ 82.23042724, 16.53392529 ], [ 82.24883646, 16.54216755 ], [ 82.3132329, 16.55477646 ], [ 82.31618214, 16.55929617 ], [ 82.28610093, 16.55461394 ], [ 82.26347189, 16.55816601 ], [ 82.270127, 16.5638748 ], [ 82.28809369, 16.56599888 ], [ 82.29821825, 16.57048423 ], [ 82.30458769, 16.59136816 ], [ 82.30225339, 16.59601747 ], [ 82.29585955, 16.59780492 ], [ 82.28897569, 16.6110376 ], [ 82.28978287, 16.62038753 ], [ 82.30841881, 16.60423106 ], [ 82.31466924, 16.62573971 ], [ 82.31798056, 16.6274862 ], [ 82.32246079, 16.62381945 ], [ 82.32732164, 16.61138506 ], [ 82.32556762, 16.59922081 ], [ 82.32800314, 16.58392285 ], [ 82.31317465, 16.58587488 ], [ 82.32468737, 16.57327209 ], [ 82.32835693, 16.57330963 ], [ 82.3323174, 16.57979931 ], [ 82.33606581, 16.6166674 ], [ 82.32376655, 16.65080654 ], [ 82.33342812, 16.66572421 ], [ 82.36406569, 16.69349047 ], [ 82.36787272, 16.70176659 ], [ 82.36397633, 16.70579853 ], [ 82.3585669, 16.70523662 ], [ 82.35644369, 16.69225783 ], [ 82.34774889, 16.68713957 ], [ 82.33992778, 16.68863894 ], [ 82.34252281, 16.70980869 ], [ 82.32140364, 16.71984389 ], [ 82.32022265, 16.72459985 ], [ 82.33029959, 16.72860069 ], [ 82.34484705, 16.72102446 ], [ 82.35045886, 16.72145791 ], [ 82.34869039, 16.75062384 ], [ 82.37564505, 16.84254203 ], [ 82.3754605, 16.87947485 ], [ 82.37213402, 16.92262315 ], [ 82.36787402, 16.93966603 ], [ 82.35116528, 16.97273424 ], [ 82.3368169, 16.98347955 ], [ 82.3333412, 16.98154027 ], [ 82.33548048, 16.97324606 ], [ 82.34000581, 16.96576933 ], [ 82.35427439, 16.95520605 ], [ 82.35606811, 16.945998 ], [ 82.36248167, 16.93898462 ], [ 82.36602648, 16.9280353 ], [ 82.36704721, 16.87324867 ], [ 82.36298642, 16.81849992 ], [ 82.35842734, 16.81520971 ], [ 82.35441444, 16.8310691 ], [ 82.35714159, 16.84179165 ], [ 82.35210903, 16.849305 ], [ 82.32526766, 16.85070142 ], [ 82.32084254, 16.83942425 ], [ 82.31585908, 16.83991027 ], [ 82.30967507, 16.85301349 ], [ 82.28273714, 16.86143589 ], [ 82.27959126, 16.86899756 ], [ 82.26971574, 16.86705852 ], [ 82.26227962, 16.88348225 ], [ 82.25128429, 16.88711439 ], [ 82.24948897, 16.89087675 ], [ 82.25285043, 16.93134889 ], [ 82.26968596, 16.9334218 ], [ 82.28361792, 16.9956056 ], [ 82.30585982, 17.02959666 ], [ 82.35424379, 17.07391063 ], [ 82.38692971, 17.1087565 ], [ 82.41002034, 17.12667438 ], [ 82.44554167, 17.16411215 ], [ 82.46248743, 17.17518791 ], [ 82.54856839, 17.24777706 ], [ 82.62304478, 17.29501497 ], [ 82.75309544, 17.36616128 ], [ 82.84002254, 17.39958497 ], [ 82.86553806, 17.4150492 ], [ 82.94504945, 17.45287102 ], [ 82.99102907, 17.46976505 ], [ 83.00466897, 17.48227309 ], [ 83.00586609, 17.49296994 ], [ 83.01406263, 17.50052363 ], [ 83.04452862, 17.51656633 ], [ 83.08572587, 17.5303354 ], [ 83.1031091, 17.54904616 ], [ 83.11088611, 17.55105735 ], [ 83.10591743, 17.53889395 ], [ 83.14696274, 17.5490474 ], [ 83.16843595, 17.56024535 ], [ 83.18231646, 17.57274573 ], [ 83.21887699, 17.59103249 ], [ 83.23042959, 17.60353898 ], [ 83.2310568, 17.61578165 ], [ 83.22500153, 17.61448542 ], [ 83.20157388, 17.62277646 ], [ 83.19720432, 17.62669685 ], [ 83.19815671, 17.63806491 ], [ 83.20798912, 17.6456616 ], [ 83.215528, 17.64659861 ], [ 83.22335082, 17.6394064 ], [ 83.22775391, 17.62870654 ], [ 83.24134702, 17.62532188 ], [ 83.26028331, 17.64262076 ], [ 83.28991595, 17.66191221 ], [ 83.29959288, 17.68985144 ], [ 83.30443029, 17.69570819 ], [ 83.34027582, 17.71416689 ], [ 83.34636907, 17.72139381 ], [ 83.34711418, 17.73274035 ], [ 83.35578924, 17.75298137 ], [ 83.37810514, 17.76755309 ], [ 83.41626168, 17.80735106 ], [ 83.41937633, 17.82509895 ], [ 83.41705751, 17.83046445 ], [ 83.40494411, 17.83796578 ], [ 83.40367443, 17.84359559 ], [ 83.407228, 17.84597213 ], [ 83.41426368, 17.84145969 ], [ 83.45342405, 17.88015348 ], [ 83.45484692, 17.89197046 ], [ 83.44901714, 17.9028784 ], [ 83.44599888, 17.9204149 ], [ 83.45092789, 17.92104422 ], [ 83.46013825, 17.91478443 ], [ 83.47471923, 17.91054248 ], [ 83.51633333, 17.93481028 ], [ 83.55425621, 17.96256283 ], [ 83.56098347, 17.97297809 ], [ 83.56604647, 18.00211697 ], [ 83.56365258, 18.00907219 ], [ 83.55737842, 18.01244906 ], [ 83.55604264, 18.01939245 ], [ 83.58268539, 18.01196839 ], [ 83.6188128, 18.04434634 ], [ 83.66793104, 18.07251116 ], [ 83.66628715, 18.07746036 ], [ 83.6573339, 18.08160546 ], [ 83.66075812, 18.08411556 ], [ 83.67979939, 18.08421195 ], [ 83.7030492, 18.10171097 ], [ 83.77666259, 18.13895605 ], [ 83.86944313, 18.17089852 ], [ 83.88645571, 18.19134018 ], [ 83.93269052, 18.20815348 ], [ 83.93376245, 18.21182601 ], [ 83.9254482, 18.21949125 ], [ 83.92703332, 18.22496415 ], [ 83.95427418, 18.21361848 ], [ 83.97686976, 18.23036553 ], [ 84.05786217, 18.26341817 ], [ 84.07521359, 18.27863584 ], [ 84.11836488, 18.30100509 ], [ 84.12611433, 18.31299951 ], [ 84.1273869, 18.32864781 ], [ 84.1194431, 18.33904236 ], [ 84.11183358, 18.34061023 ], [ 84.09521386, 18.33720543 ], [ 84.07277211, 18.32631497 ], [ 84.05859703, 18.32519422 ], [ 84.02877985, 18.33985835 ], [ 83.99299519, 18.34970326 ], [ 83.99083316, 18.35228938 ], [ 83.99266802, 18.35826529 ], [ 83.99630971, 18.35955437 ], [ 84.01967055, 18.34865996 ], [ 84.06107662, 18.33589002 ], [ 84.07852686, 18.33757146 ], [ 84.1041959, 18.34897479 ], [ 84.13658972, 18.35064584 ], [ 84.14921431, 18.36866907 ], [ 84.22152082, 18.44184427 ], [ 84.25031162, 18.46304885 ], [ 84.28256073, 18.49499371 ], [ 84.34906541, 18.54837577 ], [ 84.34776111, 18.5552038 ], [ 84.3252532, 18.53808205 ], [ 84.29909188, 18.53003289 ], [ 84.27989126, 18.51235682 ], [ 84.27416785, 18.51162782 ], [ 84.2742978, 18.5187367 ], [ 84.31073668, 18.54374946 ], [ 84.30980858, 18.55366372 ], [ 84.31491572, 18.56061166 ], [ 84.321517, 18.56193081 ], [ 84.33443652, 18.55847056 ], [ 84.33359831, 18.57335734 ], [ 84.3403257, 18.57468113 ], [ 84.34814377, 18.58308143 ], [ 84.35107515, 18.57521847 ], [ 84.34845651, 18.56524053 ], [ 84.35399272, 18.56218852 ], [ 84.35723748, 18.56386197 ], [ 84.3625168, 18.57646661 ], [ 84.38729413, 18.60996315 ], [ 84.41230088, 18.63643523 ], [ 84.43685819, 18.65017395 ], [ 84.44338202, 18.65858176 ], [ 84.43703552, 18.6642827 ], [ 84.42430519, 18.66144682 ], [ 84.41169378, 18.66690262 ], [ 84.42857454, 18.66970025 ], [ 84.43492773, 18.67846951 ], [ 84.43910497, 18.67428878 ], [ 84.44554478, 18.67357653 ], [ 84.45405233, 18.68800876 ], [ 84.49332905, 18.73392853 ], [ 84.52642501, 18.76443376 ], [ 84.55359295, 18.78331501 ], [ 84.55660268, 18.80167575 ], [ 84.57131116, 18.83646598 ], [ 84.57978549, 18.84301048 ], [ 84.58305471, 18.85710808 ], [ 84.58024193, 18.86766833 ], [ 84.55880685, 18.86979271 ], [ 84.55749034, 18.87405745 ], [ 84.56931695, 18.87573363 ], [ 84.5917611, 18.87135872 ], [ 84.59783252, 18.87469419 ], [ 84.6224118, 18.9061161 ], [ 84.68640331, 18.96297112 ], [ 84.71088075, 19.00183102 ], [ 84.74339616, 19.03500353 ], [ 84.74610068, 19.04495212 ], [ 84.74269562, 19.04986301 ], [ 84.73400438, 19.03901497 ], [ 84.73252986, 19.03104551 ], [ 84.72501767, 19.03001776 ], [ 84.72309453, 19.03806812 ], [ 84.72797241, 19.05133723 ], [ 84.74037304, 19.05820679 ], [ 84.75544739, 19.05476808 ], [ 84.76038934, 19.06674156 ], [ 84.78245193, 19.09868083 ], [ 84.80875144, 19.15328319 ], [ 84.84952014, 19.2024929 ], [ 84.91503092, 19.26569654 ], [ 84.9671382, 19.30401326 ], [ 85.0589679, 19.36178559 ], [ 85.09007375, 19.37748507 ], [ 85.09966755, 19.40340175 ], [ 85.1270761, 19.42713756 ], [ 85.17741982, 19.46320379 ], [ 85.21414731, 19.49405801 ], [ 85.33677101, 19.57518363 ], [ 85.44483805, 19.63240412 ], [ 85.52817374, 19.66661417 ], [ 85.62957576, 19.71418279 ], [ 85.69637474, 19.75133536 ], [ 85.90872921, 19.81987098 ], [ 85.97386327, 19.83323045 ], [ 86.0454734, 19.84148867 ], [ 86.06846283, 19.85235414 ], [ 86.09243384, 19.85387668 ], [ 86.10494971, 19.86084897 ], [ 86.21157496, 19.88796358 ], [ 86.23246967, 19.89826473 ], [ 86.23283301, 19.90072869 ], [ 86.22112374, 19.90865601 ], [ 86.22271551, 19.92513212 ], [ 86.22811501, 19.93284085 ], [ 86.23248018, 19.93319635 ], [ 86.24629244, 19.92257866 ], [ 86.24148994, 19.909878 ], [ 86.2458482, 19.90833831 ], [ 86.25631509, 19.91198563 ], [ 86.27026161, 19.92362031 ], [ 86.29874654, 19.93446026 ], [ 86.37518658, 19.95166311 ], [ 86.37766403, 19.95524165 ], [ 86.37069897, 19.95863566 ], [ 86.36822794, 19.97491993 ], [ 86.37854675, 19.98229634 ], [ 86.38207554, 20.00119026 ], [ 86.38889867, 20.00361883 ], [ 86.39967667, 19.99861106 ], [ 86.40720616, 20.00600215 ], [ 86.41523583, 20.02829527 ], [ 86.42900854, 20.05280683 ], [ 86.43713574, 20.05745917 ], [ 86.43838556, 20.0519948 ], [ 86.44295722, 20.0524942 ], [ 86.4602349, 20.07531792 ], [ 86.47981879, 20.09167025 ], [ 86.51806709, 20.15411407 ], [ 86.53825363, 20.17995482 ], [ 86.60820168, 20.22722238 ], [ 86.67367334, 20.25834547 ], [ 86.67299146, 20.26807238 ], [ 86.7047888, 20.2798319 ], [ 86.75700953, 20.30794555 ], [ 86.78385411, 20.32593821 ], [ 86.78576577, 20.33059644 ], [ 86.77781467, 20.34384011 ], [ 86.78156198, 20.3470781 ], [ 86.77977103, 20.35893054 ], [ 86.78279705, 20.36896258 ], [ 86.78162017, 20.37172239 ], [ 86.77265755, 20.37055512 ], [ 86.78101067, 20.38081277 ], [ 86.77651895, 20.38940284 ], [ 86.76593138, 20.38894171 ], [ 86.7461984, 20.37796655 ], [ 86.7470414, 20.39023138 ], [ 86.7386579, 20.39625748 ], [ 86.72710504, 20.37733216 ], [ 86.72197925, 20.38792583 ], [ 86.7120462, 20.39537788 ], [ 86.71324263, 20.40030878 ], [ 86.7248306, 20.39709023 ], [ 86.73318658, 20.41052647 ], [ 86.73278571, 20.44064242 ], [ 86.73857925, 20.46029348 ], [ 86.72565385, 20.47943525 ], [ 86.73535337, 20.4817049 ], [ 86.74571067, 20.4728854 ], [ 86.75150344, 20.47354664 ], [ 86.76019482, 20.49351322 ], [ 86.75453658, 20.51710042 ], [ 86.76101583, 20.51451041 ], [ 86.76282793, 20.50721285 ], [ 86.76968316, 20.50530055 ], [ 86.78719818, 20.52876543 ], [ 86.8227541, 20.55638543 ], [ 86.8556085, 20.57392047 ], [ 86.93211367, 20.63182912 ], [ 87.05614005, 20.71073743 ], [ 87.05706834, 20.71530048 ], [ 87.05435933, 20.71525327 ], [ 87.01472288, 20.69439599 ], [ 86.99787615, 20.69876943 ], [ 86.9778302, 20.69696146 ], [ 86.9658197, 20.6884529 ], [ 86.96228579, 20.69178288 ], [ 86.97336954, 20.70146297 ], [ 86.96894285, 20.70596511 ], [ 86.92911037, 20.70301043 ], [ 86.90321101, 20.70962217 ], [ 86.91192517, 20.71465528 ], [ 86.94402038, 20.71728102 ], [ 86.98504149, 20.71066605 ], [ 86.99797304, 20.70986613 ], [ 87.00657551, 20.71308495 ], [ 87.00972299, 20.72743022 ], [ 87.00048168, 20.74594257 ], [ 86.99933019, 20.76296214 ], [ 86.99364259, 20.76910584 ], [ 86.98514982, 20.77220531 ], [ 86.95121979, 20.76288565 ], [ 86.93146054, 20.76672125 ], [ 86.90472758, 20.76180973 ], [ 86.89144382, 20.76534805 ], [ 86.88126923, 20.77304976 ], [ 86.86324423, 20.77394171 ], [ 86.84930657, 20.76904554 ], [ 86.83076868, 20.754956 ], [ 86.82185244, 20.73135355 ], [ 86.8131856, 20.72966264 ], [ 86.80204905, 20.73448338 ], [ 86.79443673, 20.74523704 ], [ 86.79851249, 20.75454828 ], [ 86.81764148, 20.75214039 ], [ 86.8230988, 20.76932151 ], [ 86.84926918, 20.78195124 ], [ 86.85683277, 20.78882947 ], [ 86.87177546, 20.79360767 ], [ 86.87595278, 20.80539934 ], [ 86.87996067, 20.8081691 ], [ 86.88235486, 20.80806367 ], [ 86.88336238, 20.79513594 ], [ 86.89215183, 20.79249375 ], [ 86.94192892, 20.79204503 ], [ 86.95876032, 20.78721841 ], [ 86.97421878, 20.79306542 ], [ 86.98008648, 20.8224353 ], [ 86.97917942, 20.86003764 ], [ 86.96954388, 20.87792777 ], [ 86.95370643, 20.89740406 ], [ 86.94807997, 20.91372543 ], [ 86.92999925, 20.94123591 ], [ 86.89837045, 21.008735 ], [ 86.87515188, 21.04373434 ], [ 86.85962321, 21.08785506 ], [ 86.85423595, 21.09582725 ], [ 86.84495234, 21.13537193 ], [ 86.84318328, 21.15694328 ], [ 86.84934501, 21.18722694 ], [ 86.86564044, 21.22178779 ], [ 86.89305238, 21.25451174 ], [ 86.95148271, 21.35775416 ], [ 86.9865787, 21.38879558 ], [ 87.04101751, 21.41926428 ], [ 87.0526477, 21.42870955 ], [ 87.06537924, 21.44076749 ], [ 87.07015837, 21.4620628 ], [ 87.09133622, 21.46039077 ], [ 87.11266112, 21.48360877 ], [ 87.12859239, 21.49481755 ], [ 87.15024034, 21.5078842 ], [ 87.20466203, 21.53045189 ], [ 87.23795594, 21.53748641 ], [ 87.31990087, 21.54103985 ], [ 87.36143238, 21.54114022 ], [ 87.38771545, 21.53220058 ], [ 87.39656415, 21.53216902 ], [ 87.3981391, 21.53889982 ], [ 87.37604323, 21.55621378 ], [ 87.37356065, 21.56246172 ], [ 87.34372865, 21.56954903 ], [ 87.33845839, 21.57239578 ], [ 87.33848046, 21.57632759 ], [ 87.34727345, 21.58045585 ], [ 87.35716413, 21.57635544 ], [ 87.38447603, 21.57289357 ], [ 87.39475123, 21.5646153 ], [ 87.4027783, 21.54791522 ], [ 87.41007939, 21.5448717 ], [ 87.41659378, 21.54885463 ], [ 87.4274513, 21.57184092 ], [ 87.43344368, 21.57745265 ], [ 87.46873282, 21.59790326 ], [ 87.55060853, 21.61121959 ], [ 87.55809288, 21.61401922 ], [ 87.56405868, 21.62066221 ], [ 87.57399421, 21.61713487 ], [ 87.68009063, 21.63588575 ], [ 87.70673638, 21.64457818 ], [ 87.73076873, 21.65840322 ], [ 87.7442141, 21.66803393 ], [ 87.75470798, 21.68218721 ], [ 87.75928563, 21.68404852 ], [ 87.76472439, 21.68127935 ], [ 87.78489348, 21.6870203 ], [ 87.81452214, 21.7008664 ], [ 87.83661648, 21.71622625 ], [ 87.86974911, 21.74595738 ], [ 87.87462945, 21.75437028 ], [ 87.89657198, 21.77415794 ], [ 87.89664693, 21.78197862 ], [ 87.91026728, 21.78547969 ], [ 87.92625601, 21.79484748 ], [ 87.96092706, 21.8260668 ], [ 87.97219143, 21.84026881 ], [ 87.98828201, 21.878049 ], [ 88.00750001, 21.91139 ], [ 88.03584301, 21.98139 ], [ 88.05222301, 22.007499 ], [ 88.05194101, 22.015 ], [ 88.03360701, 22.024169 ], [ 88.01776901, 22.04028 ], [ 88.01361001, 22.064444 ], [ 88.00805601, 22.07361 ], [ 87.99017401, 22.08734 ], [ 87.98174301, 22.098751 ], [ 87.96493501, 22.094442 ], [ 87.96037401, 22.095551 ], [ 87.95944901, 22.09969 ], [ 87.96375201, 22.10372 ], [ 87.97416701, 22.104998 ], [ 87.99194201, 22.102501 ], [ 87.99842901, 22.089571 ], [ 88.03194301, 22.063887 ], [ 88.03360701, 22.057501 ], [ 88.02693801, 22.047781 ], [ 88.06223301, 22.01306 ], [ 88.08333601, 22.021388 ], [ 88.12555701, 22.049445 ], [ 88.14861201, 22.059721 ], [ 88.16971501, 22.07611 ], [ 88.18723201, 22.09639 ], [ 88.19333601, 22.112777 ], [ 88.15303801, 22.158608 ], [ 88.13556001, 22.184723 ], [ 88.10277701, 22.191945 ], [ 88.09472001, 22.19056 ], [ 88.08999501, 22.185833 ], [ 88.07527901, 22.186671 ], [ 88.06555201, 22.189721 ], [ 88.05000301, 22.205 ], [ 88.03472201, 22.209444 ], [ 88.02999901, 22.208334 ], [ 88.02305701, 22.199444 ], [ 88.00861401, 22.20139 ], [ 87.98140801, 22.215851 ], [ 87.97538701, 22.222151 ], [ 87.97033601, 22.238029 ], [ 87.94000301, 22.260278 ], [ 87.93694201, 22.266945 ], [ 87.93277801, 22.31 ], [ 87.93638601, 22.326111 ], [ 87.93083201, 22.333334 ], [ 87.93472201, 22.335002 ], [ 87.93472201, 22.331112 ], [ 87.94000301, 22.329999 ], [ 87.93638601, 22.316669 ], [ 87.94721901, 22.33306 ], [ 87.94583101, 22.343891 ], [ 87.94806001, 22.346391 ], [ 87.94361101, 22.348333 ], [ 87.94695201, 22.349721 ], [ 87.93667601, 22.356109 ], [ 87.94361101, 22.354999 ], [ 87.93888901, 22.361112 ], [ 87.94304601, 22.361941 ], [ 87.94222301, 22.366388 ], [ 87.92972601, 22.403611 ], [ 87.91250501, 22.421671 ], [ 87.89388901, 22.424166 ], [ 87.88083701, 22.438055 ], [ 87.88376501, 22.44159 ], [ 87.89509501, 22.434491 ], [ 87.92333101, 22.434999 ], [ 87.92749101, 22.42028 ], [ 87.94638901, 22.406111 ], [ 87.95713801, 22.36092 ], [ 87.95722901, 22.31663 ], [ 87.96055601, 22.30456 ], [ 87.95868701, 22.28467 ], [ 87.98486301, 22.245701 ], [ 88.02610901, 22.222499 ], [ 88.04915501, 22.220001 ], [ 88.06472001, 22.23611 ], [ 88.07527901, 22.25278 ], [ 88.07861301, 22.28417 ], [ 88.08870801, 22.303131 ], [ 88.10500301, 22.304699 ], [ 88.10305701, 22.28833 ], [ 88.08860701, 22.262781 ], [ 88.08499901, 22.235559 ], [ 88.07000001, 22.216389 ], [ 88.06972501, 22.211945 ], [ 88.08750201, 22.20833 ], [ 88.11666801, 22.209169 ], [ 88.13249901, 22.202222 ], [ 88.16555801, 22.19889 ], [ 88.18805701, 22.186671 ], [ 88.20305601, 22.166941 ], [ 88.21055701, 22.149444 ], [ 88.21194501, 22.1275 ], [ 88.22305301, 22.098054 ], [ 88.22389201, 22.075276 ], [ 88.21388901, 22.034721 ], [ 88.20777901, 22.022501 ], [ 88.17851901, 21.981802 ], [ 88.15366301, 21.959173 ], [ 88.15981201, 21.946719 ], [ 88.17446201, 21.933621 ], [ 88.17720901, 21.926111 ], [ 88.16333101, 21.879444 ], [ 88.17806301, 21.84904 ], [ 88.19194801, 21.833891 ], [ 88.20944201, 21.80139 ], [ 88.21806401, 21.77722 ], [ 88.21722301, 21.764445 ], [ 88.27388701, 21.754625 ], [ 88.27108901, 21.74348 ], [ 88.26344201, 21.733012 ], [ 88.26568701, 21.730031 ], [ 88.27247701, 21.73091 ], [ 88.27394201, 21.74084 ], [ 88.28273701, 21.757581 ], [ 88.27086701, 21.76466 ], [ 88.25456901, 21.78292 ], [ 88.25166301, 21.801942 ], [ 88.25608001, 21.78315 ], [ 88.27057601, 21.76669 ], [ 88.28193701, 21.7611 ], [ 88.27861001, 21.77 ], [ 88.26362701, 21.788 ], [ 88.25836201, 21.80077 ], [ 88.25897301, 21.807621 ], [ 88.26339601, 21.813796 ], [ 88.27709201, 21.821914 ], [ 88.30560401, 21.830319 ], [ 88.31382701, 21.846608 ], [ 88.31080701, 21.852712 ], [ 88.29931601, 21.859381 ], [ 88.27867101, 21.855574 ], [ 88.26059801, 21.85786 ], [ 88.25625601, 21.86194 ], [ 88.25489801, 21.871339 ], [ 88.26367901, 21.8816 ], [ 88.26973701, 21.885192 ], [ 88.25615801, 21.87089 ], [ 88.25795801, 21.861562 ], [ 88.26197901, 21.85869 ], [ 88.27908401, 21.857259 ], [ 88.30059001, 21.861327 ], [ 88.30980001, 21.877684 ], [ 88.30680001, 21.867269 ], [ 88.30130101, 21.861361 ], [ 88.30893801, 21.856399 ], [ 88.32565301, 21.86215 ], [ 88.33702801, 21.86161 ], [ 88.34523801, 21.85696 ], [ 88.35357701, 21.857154 ], [ 88.36353301, 21.87136 ], [ 88.36915501, 21.897251 ], [ 88.36098401, 21.917056 ], [ 88.34998301, 21.92739 ], [ 88.35928401, 21.921626 ], [ 88.37054501, 21.897798 ], [ 88.36583001, 21.87298 ], [ 88.35492701, 21.855656 ], [ 88.35488101, 21.8228 ], [ 88.36355501, 21.808631 ], [ 88.36400701, 21.79783 ], [ 88.38163801, 21.791588 ], [ 88.39067001, 21.798981 ], [ 88.39225001, 21.81318 ], [ 88.38577201, 21.839404 ], [ 88.39382901, 21.85232 ], [ 88.39404301, 21.873001 ], [ 88.39749901, 21.885281 ], [ 88.38583401, 21.893925 ], [ 88.38279801, 21.900681 ], [ 88.38575001, 21.90665 ], [ 88.40636401, 21.919785 ], [ 88.39284501, 21.936871 ], [ 88.39805701, 21.952221 ], [ 88.37444301, 21.962819 ], [ 88.37277901, 21.966659 ], [ 88.37581701, 21.96972 ], [ 88.39431001, 21.970662 ], [ 88.37760801, 21.969062 ], [ 88.37388701, 21.965278 ], [ 88.39881101, 21.953092 ], [ 88.39424801, 21.936769 ], [ 88.40777501, 21.919493 ], [ 88.40433601, 21.913553 ], [ 88.38887901, 21.906629 ], [ 88.38474201, 21.899152 ], [ 88.40011501, 21.889431 ], [ 88.40249701, 21.884722 ], [ 88.40866901, 21.885331 ], [ 88.41468101, 21.890231 ], [ 88.41972501, 21.906552 ], [ 88.42418701, 21.907712 ], [ 88.43299801, 21.902812 ], [ 88.44167301, 21.91139 ], [ 88.45848101, 21.918841 ], [ 88.45867101, 21.923611 ], [ 88.45156901, 21.933341 ], [ 88.45148401, 21.942027 ], [ 88.46892401, 21.957969 ], [ 88.46484501, 21.961876 ], [ 88.44532801, 21.964155 ], [ 88.44798401, 21.984519 ], [ 88.44162701, 21.99106 ], [ 88.44851001, 21.998226 ], [ 88.45040201, 22.009161 ], [ 88.46089301, 22.011579 ], [ 88.45054501, 22.007221 ], [ 88.44999601, 21.998622 ], [ 88.44335901, 21.990121 ], [ 88.44943301, 21.98399 ], [ 88.44593001, 21.96596 ], [ 88.46368501, 21.963521 ], [ 88.47020701, 21.958901 ], [ 88.46823801, 21.952832 ], [ 88.45613201, 21.945771 ], [ 88.45289501, 21.939538 ], [ 88.46221901, 21.92246 ], [ 88.45561201, 21.899949 ], [ 88.47355601, 21.895341 ], [ 88.47727301, 21.90438 ], [ 88.48323701, 21.909959 ], [ 88.50222001, 21.914723 ], [ 88.51661801, 21.913148 ], [ 88.52066101, 21.915395 ], [ 88.52182801, 21.939011 ], [ 88.51538901, 21.94573 ], [ 88.49534601, 21.955084 ], [ 88.49118701, 21.96046 ], [ 88.49157001, 21.96689 ], [ 88.50016001, 21.978573 ], [ 88.51757001, 21.988728 ], [ 88.52481101, 21.9891 ], [ 88.53717801, 21.980031 ], [ 88.54141901, 21.981711 ], [ 88.54858501, 21.996575 ], [ 88.55023301, 22.011062 ], [ 88.55526701, 22.022849 ], [ 88.55462001, 22.03571 ], [ 88.55663201, 22.02318 ], [ 88.54998001, 21.996206 ], [ 88.54332001, 21.981994 ], [ 88.53702501, 21.978805 ], [ 88.52420701, 21.98801 ], [ 88.51912001, 21.988243 ], [ 88.49995501, 21.976061 ], [ 88.49369901, 21.967052 ], [ 88.49423901, 21.958395 ], [ 88.52172101, 21.942681 ], [ 88.52553601, 21.929441 ], [ 88.52177501, 21.913743 ], [ 88.50728701, 21.903249 ], [ 88.49559701, 21.886081 ], [ 88.49426401, 21.879091 ], [ 88.52805401, 21.853056 ], [ 88.53781801, 21.85802 ], [ 88.53888701, 21.871111 ], [ 88.54792801, 21.881691 ], [ 88.54737901, 21.89096 ], [ 88.53949801, 21.899352 ], [ 88.54055801, 21.903869 ], [ 88.54504301, 21.906041 ], [ 88.56239401, 21.89888 ], [ 88.57054201, 21.903609 ], [ 88.56714601, 21.909756 ], [ 88.55150701, 21.917941 ], [ 88.54866901, 21.92228 ], [ 88.54882901, 21.938685 ], [ 88.54088601, 21.960212 ], [ 88.54263401, 21.97063 ], [ 88.54624901, 21.97349 ], [ 88.55767201, 21.973239 ], [ 88.56778001, 21.95889 ], [ 88.56333101, 21.960556 ], [ 88.55638801, 21.97279 ], [ 88.54360901, 21.970001 ], [ 88.54332701, 21.95389 ], [ 88.55139301, 21.934722 ], [ 88.55027801, 21.921391 ], [ 88.57250201, 21.907222 ], [ 88.58000301, 21.916667 ], [ 88.57917101, 21.924723 ], [ 88.58638901, 21.928051 ], [ 88.58027601, 21.923892 ], [ 88.58139101, 21.916389 ], [ 88.57277801, 21.905556 ], [ 88.57805601, 21.88972 ], [ 88.60138801, 21.905829 ], [ 88.60666601, 21.913057 ], [ 88.61083201, 21.925801 ], [ 88.60138801, 21.93528 ], [ 88.61110601, 21.931691 ], [ 88.61493701, 21.936992 ], [ 88.59916801, 21.96278 ], [ 88.59870101, 21.9747 ], [ 88.60194401, 21.990278 ], [ 88.61444001, 22.01972 ], [ 88.59990601, 22.023595 ], [ 88.60034201, 22.03819 ], [ 88.60492001, 22.048328 ], [ 88.59623001, 22.061041 ], [ 88.59658101, 22.067267 ], [ 88.60166101, 22.07361 ], [ 88.59673401, 22.063297 ], [ 88.60635401, 22.047722 ], [ 88.60199901, 22.03757 ], [ 88.60089101, 22.026359 ], [ 88.60340001, 22.02356 ], [ 88.61775201, 22.02114 ], [ 88.63665701, 22.04529 ], [ 88.62954001, 22.050611 ], [ 88.62729701, 22.05481 ], [ 88.61996501, 22.104549 ], [ 88.60666601, 22.107779 ], [ 88.60910701, 22.116333 ], [ 88.59757201, 22.130621 ], [ 88.60337101, 22.159089 ], [ 88.58390901, 22.166758 ], [ 88.58094801, 22.171141 ], [ 88.58110801, 22.180718 ], [ 88.57274601, 22.189101 ], [ 88.57750001, 22.19847 ], [ 88.57377601, 22.188921 ], [ 88.58213101, 22.181222 ], [ 88.58307701, 22.169719 ], [ 88.60462901, 22.159775 ], [ 88.60302001, 22.139261 ], [ 88.59999701, 22.138803 ], [ 88.59889201, 22.129723 ], [ 88.60193701, 22.12694 ], [ 88.60028001, 22.12972 ], [ 88.60111201, 22.131389 ], [ 88.61032901, 22.116866 ], [ 88.60979501, 22.107866 ], [ 88.61928601, 22.108841 ], [ 88.62504501, 22.126992 ], [ 88.63140201, 22.135833 ], [ 88.62972201, 22.14528 ], [ 88.63268901, 22.136601 ], [ 88.64002101, 22.14298 ], [ 88.63948101, 22.157471 ], [ 88.66682401, 22.188239 ], [ 88.67246301, 22.201199 ], [ 88.67259201, 22.205059 ], [ 88.66641101, 22.207981 ], [ 88.63934201, 22.20812 ], [ 88.63212601, 22.213991 ], [ 88.63091401, 22.22205 ], [ 88.65711301, 22.25064 ], [ 88.66057701, 22.26622 ], [ 88.67916801, 22.293891 ], [ 88.67597901, 22.317147 ], [ 88.66944001, 22.325835 ], [ 88.66612201, 22.339041 ], [ 88.67111101, 22.325831 ], [ 88.68083201, 22.32917 ], [ 88.69055201, 22.326665 ], [ 88.68194601, 22.326111 ], [ 88.67888701, 22.323062 ], [ 88.68492001, 22.294276 ], [ 88.66763301, 22.26702 ], [ 88.65806501, 22.23936 ], [ 88.63765801, 22.225442 ], [ 88.63504101, 22.2164 ], [ 88.65249701, 22.211211 ], [ 88.65757101, 22.216797 ], [ 88.66562701, 22.217451 ], [ 88.68121401, 22.209198 ], [ 88.70195701, 22.209442 ], [ 88.71640001, 22.200583 ], [ 88.73361201, 22.195555 ], [ 88.74278301, 22.2 ], [ 88.73861001, 22.21057 ], [ 88.73999801, 22.214721 ], [ 88.74388801, 22.210557 ], [ 88.74416401, 22.201944 ], [ 88.74639101, 22.203058 ], [ 88.74558201, 22.211161 ], [ 88.74958901, 22.220243 ], [ 88.74361501, 22.229166 ], [ 88.76194801, 22.243021 ], [ 88.76837101, 22.24269 ], [ 88.77208801, 22.25128 ], [ 88.79079501, 22.259702 ], [ 88.79271001, 22.276189 ], [ 88.80442901, 22.28273 ], [ 88.80310701, 22.29602 ], [ 88.81048501, 22.316605 ], [ 88.80261901, 22.328983 ], [ 88.81888601, 22.363612 ], [ 88.83262701, 22.359202 ], [ 88.84923501, 22.364542 ], [ 88.86280001, 22.358281 ], [ 88.87139201, 22.358892 ], [ 88.87629001, 22.355311 ], [ 88.87474701, 22.358119 ], [ 88.86110701, 22.365023 ], [ 88.85277601, 22.386668 ], [ 88.84944201, 22.384172 ], [ 88.84610801, 22.388332 ], [ 88.84750501, 22.392222 ], [ 88.85250101, 22.392222 ], [ 88.85600401, 22.405942 ], [ 88.84834301, 22.430564 ], [ 88.81848201, 22.430573 ], [ 88.80252101, 22.443423 ], [ 88.80000301, 22.458891 ], [ 88.79016201, 22.481402 ], [ 88.77953401, 22.493151 ], [ 88.77842601, 22.506085 ], [ 88.76999601, 22.511389 ], [ 88.75291401, 22.515523 ], [ 88.73357301, 22.509992 ], [ 88.70780301, 22.527694 ], [ 88.69938601, 22.52332 ], [ 88.69019401, 22.522981 ], [ 88.69023101, 22.532949 ], [ 88.68091601, 22.536389 ], [ 88.68113001, 22.543691 ], [ 88.67222601, 22.549441 ], [ 88.67174501, 22.557165 ], [ 88.67488801, 22.561133 ], [ 88.67257001, 22.566261 ], [ 88.67894701, 22.57791 ], [ 88.67617101, 22.582842 ], [ 88.67681101, 22.591551 ], [ 88.67833801, 22.593611 ], [ 88.67772701, 22.58273 ], [ 88.68087001, 22.577384 ], [ 88.67426301, 22.56674 ], [ 88.67646001, 22.56083 ], [ 88.67311901, 22.557019 ], [ 88.67359101, 22.550023 ], [ 88.68226501, 22.543782 ], [ 88.68234301, 22.537444 ], [ 88.69132901, 22.534059 ], [ 88.69066601, 22.524412 ], [ 88.69695201, 22.524722 ], [ 88.69194701, 22.526114 ], [ 88.70083601, 22.530561 ], [ 88.70361401, 22.529173 ], [ 88.70111101, 22.525556 ], [ 88.70925901, 22.529077 ], [ 88.73414501, 22.510919 ], [ 88.75042001, 22.516966 ], [ 88.76838001, 22.51344 ], [ 88.77500101, 22.52028 ], [ 88.78277501, 22.522778 ], [ 88.78250101, 22.525 ], [ 88.77561201, 22.524916 ], [ 88.77139301, 22.52889 ], [ 88.76444201, 22.52778 ], [ 88.76555601, 22.53111 ], [ 88.77027201, 22.53 ], [ 88.76434401, 22.534342 ], [ 88.76098001, 22.55015 ], [ 88.76638801, 22.560835 ], [ 88.76206901, 22.550519 ], [ 88.76568601, 22.534242 ], [ 88.77488701, 22.526431 ], [ 88.78416501, 22.525 ], [ 88.78282101, 22.52115 ], [ 88.77366501, 22.51777 ], [ 88.77166601, 22.513381 ], [ 88.79363301, 22.49886 ], [ 88.79923301, 22.489099 ], [ 88.81156001, 22.481379 ], [ 88.81435501, 22.471978 ], [ 88.81416301, 22.456393 ], [ 88.82968201, 22.446753 ], [ 88.82453101, 22.43612 ], [ 88.83880501, 22.437171 ], [ 88.85244801, 22.432832 ], [ 88.85398901, 22.439551 ], [ 88.85961801, 22.445574 ], [ 88.85555201, 22.454447 ], [ 88.85194401, 22.455835 ], [ 88.85500301, 22.468892 ], [ 88.85111301, 22.475 ], [ 88.85666701, 22.475 ], [ 88.85749001, 22.48359 ], [ 88.86525001, 22.487517 ], [ 88.86199101, 22.491143 ], [ 88.85884801, 22.499152 ], [ 88.84460301, 22.500905 ], [ 88.84281201, 22.507874 ], [ 88.84551301, 22.509837 ], [ 88.85527901, 22.510562 ], [ 88.85929001, 22.519824 ], [ 88.86705701, 22.52343 ], [ 88.86583801, 22.543062 ], [ 88.86889001, 22.545836 ], [ 88.87869901, 22.544737 ], [ 88.89638501, 22.563333 ], [ 88.93760601, 22.569933 ], [ 88.93702001, 22.594224 ], [ 88.95783296, 22.61183044 ], [ 88.95651785, 22.61556555 ], [ 88.93930657, 22.62227198 ], [ 88.93168827, 22.64079997 ], [ 88.93594766, 22.65053419 ], [ 88.95015284, 22.66300299 ], [ 88.95161744, 22.67341855 ], [ 88.9621747, 22.6938153 ], [ 88.94178065, 22.71184138 ], [ 88.93394222, 22.72766082 ], [ 88.92368822, 22.73691424 ], [ 88.92213413, 22.76474525 ], [ 88.93952202, 22.78756119 ], [ 88.96135438, 22.79718189 ], [ 88.97050182, 22.84539639 ], [ 88.95924251, 22.8598255 ], [ 88.94896471, 22.88032019 ], [ 88.94067164, 22.87200392 ], [ 88.93554322, 22.87083873 ], [ 88.91234609, 22.88029383 ], [ 88.90641938, 22.90672795 ], [ 88.91641579, 22.91693916 ], [ 88.91690467, 22.92146395 ], [ 88.9000165, 22.9295797 ], [ 88.89849412, 22.95331497 ], [ 88.8784828, 22.9532538 ], [ 88.86457036, 22.95796666 ], [ 88.8718292, 22.97157693 ], [ 88.87107292, 22.99237445 ], [ 88.84999649, 23.00473976 ], [ 88.849992, 23.00768105 ], [ 88.85636207, 23.00974361 ], [ 88.8734499, 23.00437124 ], [ 88.87652091, 23.00709151 ], [ 88.8751189, 23.02111283 ], [ 88.88156746, 23.03176467 ], [ 88.88240568, 23.04215365 ], [ 88.87785252, 23.0484909 ], [ 88.87624562, 23.06316786 ], [ 88.86962068, 23.07153339 ], [ 88.86959427, 23.0814654 ], [ 88.87459277, 23.08851387 ], [ 88.87273104, 23.09800169 ], [ 88.88419066, 23.10097746 ], [ 88.88893974, 23.10822238 ], [ 88.89443686, 23.10552972 ], [ 88.90056909, 23.10870041 ], [ 88.91115192, 23.12412454 ], [ 88.9239857, 23.12868486 ], [ 88.9257951, 23.14204586 ], [ 88.93445932, 23.1411452 ], [ 88.93425889, 23.15493792 ], [ 88.94040721, 23.17078232 ], [ 88.95714269, 23.17828983 ], [ 88.96466982, 23.19235683 ], [ 88.97177375, 23.19462118 ], [ 88.97736739, 23.19148852 ], [ 88.98058672, 23.184694 ], [ 88.98501539, 23.18377978 ], [ 88.98546308, 23.19286095 ], [ 88.99278816, 23.20055556 ], [ 88.99065758, 23.20937612 ], [ 88.99777266, 23.21481067 ], [ 88.98272184, 23.22450025 ], [ 88.95487375, 23.20499371 ], [ 88.94286322, 23.20766979 ], [ 88.93183687, 23.21508768 ], [ 88.92230195, 23.2107909 ], [ 88.91743128, 23.2137222 ], [ 88.92241248, 23.22731747 ], [ 88.91663996, 23.23246766 ], [ 88.88413076, 23.22877626 ], [ 88.86991024, 23.23211048 ], [ 88.85599465, 23.2271028 ], [ 88.84522073, 23.23318456 ], [ 88.84102393, 23.2404085 ], [ 88.8258679, 23.23514023 ], [ 88.83419376, 23.2471669 ], [ 88.82433982, 23.24874394 ], [ 88.82117514, 23.25346693 ], [ 88.81235189, 23.25228463 ], [ 88.81134467, 23.2458956 ], [ 88.81365657, 23.23013609 ], [ 88.81817785, 23.22539927 ], [ 88.81737445, 23.21907234 ], [ 88.80000674, 23.218098 ], [ 88.78701892, 23.22099101 ], [ 88.7813638, 23.22595373 ], [ 88.78012863, 23.23523784 ], [ 88.77153296, 23.24199127 ], [ 88.76076019, 23.23741679 ], [ 88.75049193, 23.23988249 ], [ 88.7237538, 23.25516182 ], [ 88.7222603, 23.26237253 ], [ 88.72716789, 23.26645097 ], [ 88.72714353, 23.27211285 ], [ 88.71927071, 23.27616669 ], [ 88.71165928, 23.29038659 ], [ 88.7011009, 23.29351577 ], [ 88.70083454, 23.29893768 ], [ 88.71313592, 23.31107338 ], [ 88.71790719, 23.30311935 ], [ 88.72616819, 23.30147464 ], [ 88.73091938, 23.30877746 ], [ 88.7303803, 23.31919289 ], [ 88.73577923, 23.31805999 ], [ 88.73924103, 23.31085384 ], [ 88.743401, 23.30905586 ], [ 88.74948377, 23.31222666 ], [ 88.74972019, 23.32197032 ], [ 88.74014898, 23.32873605 ], [ 88.74132304, 23.34002442 ], [ 88.73698493, 23.34996119 ], [ 88.75033701, 23.35249603 ], [ 88.75311522, 23.36043067 ], [ 88.7613282, 23.36069231 ], [ 88.76572163, 23.36411197 ], [ 88.76619838, 23.369992 ], [ 88.75636148, 23.39191041 ], [ 88.7565349, 23.40004306 ], [ 88.76349921, 23.40820771 ], [ 88.76086406, 23.42131355 ], [ 88.76874865, 23.44508313 ], [ 88.77330154, 23.44578548 ], [ 88.78141522, 23.43814004 ], [ 88.79437644, 23.44361214 ], [ 88.79183721, 23.46710726 ], [ 88.79403139, 23.47277073 ], [ 88.80307201, 23.47937481 ], [ 88.80356147, 23.48275594 ], [ 88.79822609, 23.48528973 ], [ 88.80215952, 23.49099582 ], [ 88.80195265, 23.49709062 ], [ 88.78291141, 23.49987411 ], [ 88.77373871, 23.49398454 ], [ 88.77393446, 23.48200835 ], [ 88.76310296, 23.48826849 ], [ 88.76029103, 23.48759033 ], [ 88.75844136, 23.48034276 ], [ 88.74642706, 23.48301346 ], [ 88.74345542, 23.49295493 ], [ 88.73436854, 23.49900679 ], [ 88.73089169, 23.51052926 ], [ 88.71999817, 23.51012337 ], [ 88.71223038, 23.51610766 ], [ 88.69896702, 23.51968532 ], [ 88.69599935, 23.52781005 ], [ 88.69035727, 23.53142299 ], [ 88.68786676, 23.54115575 ], [ 88.66279981, 23.55483549 ], [ 88.65611492, 23.56767497 ], [ 88.65209748, 23.58645467 ], [ 88.64238544, 23.59545138 ], [ 88.64861213, 23.60429756 ], [ 88.64858401, 23.61018094 ], [ 88.60592653, 23.60026681 ], [ 88.60272638, 23.60568069 ], [ 88.58459897, 23.60288577 ], [ 88.5865806, 23.61035825 ], [ 88.59407598, 23.61694157 ], [ 88.59617254, 23.63867112 ], [ 88.57232233, 23.63966315 ], [ 88.56547991, 23.64417794 ], [ 88.57215769, 23.66004355 ], [ 88.57174399, 23.66635893 ], [ 88.57761714, 23.66981198 ], [ 88.56806691, 23.7168055 ], [ 88.57515159, 23.72656838 ], [ 88.58266534, 23.76729723 ], [ 88.56315046, 23.78607526 ], [ 88.58417611, 23.78993852 ], [ 88.58583407, 23.79808199 ], [ 88.59602483, 23.80265774 ], [ 88.5905763, 23.81416658 ], [ 88.60558279, 23.81874801 ], [ 88.60333896, 23.82369258 ], [ 88.59528428, 23.82820716 ], [ 88.59154534, 23.83632389 ], [ 88.59077141, 23.85262134 ], [ 88.57941698, 23.85619691 ], [ 88.57989162, 23.86161593 ], [ 88.59509382, 23.87254208 ], [ 88.60763857, 23.8662575 ], [ 88.61608484, 23.87603237 ], [ 88.62185085, 23.87741445 ], [ 88.6262811, 23.87538876 ], [ 88.62977435, 23.86548357 ], [ 88.63322911, 23.86365565 ], [ 88.64941118, 23.86995213 ], [ 88.66245035, 23.86989271 ], [ 88.66857394, 23.87398609 ], [ 88.67074912, 23.88578328 ], [ 88.68916494, 23.89082593 ], [ 88.69587595, 23.90146573 ], [ 88.70756122, 23.90062378 ], [ 88.70938151, 23.90336425 ], [ 88.70445629, 23.9114546 ], [ 88.70591113, 23.91465417 ], [ 88.72474265, 23.91744099 ], [ 88.73532549, 23.91474533 ], [ 88.736737, 23.9314825 ], [ 88.74606143, 23.9376255 ], [ 88.74425237, 23.95459499 ], [ 88.73760147, 23.96181153 ], [ 88.73876718, 23.97987741 ], [ 88.74488794, 23.98626342 ], [ 88.75718411, 23.98787902 ], [ 88.77267035, 23.98351665 ], [ 88.77476363, 23.9864669 ], [ 88.76253934, 24.00984337 ], [ 88.73100636, 23.99618495 ], [ 88.73326437, 24.00678888 ], [ 88.74159171, 24.01541352 ], [ 88.74301568, 24.03624175 ], [ 88.73927304, 24.0481959 ], [ 88.72715557, 24.05414091 ], [ 88.74045839, 24.05725322 ], [ 88.74146904, 24.06105218 ], [ 88.73946547, 24.06493085 ], [ 88.72626624, 24.06738062 ], [ 88.72948061, 24.09747838 ], [ 88.72551833, 24.10109233 ], [ 88.70388849, 24.09647943 ], [ 88.69864152, 24.11498048 ], [ 88.70157131, 24.11974791 ], [ 88.71781324, 24.12096346 ], [ 88.732323, 24.12777711 ], [ 88.73833937, 24.13482463 ], [ 88.74892949, 24.14028709 ], [ 88.74700238, 24.15317543 ], [ 88.73399754, 24.17245442 ], [ 88.73594096, 24.22413256 ], [ 88.74184326, 24.26172728 ], [ 88.73952041, 24.27460538 ], [ 88.72679619, 24.29830192 ], [ 88.70379714, 24.31132879 ], [ 88.6647124, 24.31444099 ], [ 88.65497034, 24.30729391 ], [ 88.64065503, 24.30631958 ], [ 88.63004196, 24.3094419 ], [ 88.62705789, 24.31577452 ], [ 88.61173434, 24.31636938 ], [ 88.60585321, 24.30933027 ], [ 88.59227861, 24.3124406 ], [ 88.58654097, 24.32280792 ], [ 88.57914013, 24.32483824 ], [ 88.57298599, 24.32252965 ], [ 88.56741265, 24.30350217 ], [ 88.5612474, 24.29805027 ], [ 88.55560884, 24.29825384 ], [ 88.54286663, 24.32486761 ], [ 88.5279872, 24.3420091 ], [ 88.50796548, 24.34461846 ], [ 88.49485476, 24.35378254 ], [ 88.44586473, 24.37638373 ], [ 88.42733549, 24.37965654 ], [ 88.37580978, 24.37029767 ], [ 88.35454812, 24.37267289 ], [ 88.34318913, 24.37782383 ], [ 88.30620691, 24.40516365 ], [ 88.27362601, 24.4400094 ], [ 88.24340715, 24.45203244 ], [ 88.20371493, 24.45811694 ], [ 88.19490357, 24.46478498 ], [ 88.18163293, 24.48685995 ], [ 88.17093672, 24.49675335 ], [ 88.14664769, 24.5071635 ], [ 88.13319316, 24.51678732 ], [ 88.10305496, 24.5466576 ], [ 88.05163174, 24.63060107 ], [ 88.0137293, 24.6644505 ], [ 88.01368165, 24.67008315 ], [ 88.02002692, 24.67942007 ], [ 88.04484252, 24.69814302 ], [ 88.04799953, 24.70543659 ], [ 88.06838995, 24.72211842 ], [ 88.07396784, 24.73641353 ], [ 88.07090095, 24.74498485 ], [ 88.07178223, 24.770514 ], [ 88.08135185, 24.76969445 ], [ 88.09686175, 24.77931085 ], [ 88.10824305, 24.78077842 ], [ 88.10765106, 24.79140816 ], [ 88.11773777, 24.81865451 ], [ 88.12310108, 24.81861649 ], [ 88.1277648, 24.82660613 ], [ 88.13280337, 24.80403898 ], [ 88.13999185, 24.80227863 ], [ 88.14109988, 24.81745063 ], [ 88.13554227, 24.8330066 ], [ 88.14471059, 24.83216301 ], [ 88.14389637, 24.83900505 ], [ 88.14824735, 24.84322724 ], [ 88.14638694, 24.85078387 ], [ 88.14926706, 24.85308484 ], [ 88.16436243, 24.85085024 ], [ 88.16826264, 24.85766183 ], [ 88.17704963, 24.85977158 ], [ 88.16110278, 24.87073039 ], [ 88.16701765, 24.87734088 ], [ 88.1666042, 24.88117148 ], [ 88.15796372, 24.89085292 ], [ 88.17099302, 24.89071911 ], [ 88.16944952, 24.89792256 ], [ 88.14821785, 24.91858172 ], [ 88.14241353, 24.93030465 ], [ 88.15580131, 24.93153209 ], [ 88.16958704, 24.94289755 ], [ 88.18764087, 24.94668106 ], [ 88.20467479, 24.95608908 ], [ 88.22106467, 24.95824887 ], [ 88.23073257, 24.9558317 ], [ 88.24650812, 24.94456884 ], [ 88.26450572, 24.91445247 ], [ 88.26729857, 24.90066302 ], [ 88.26623917, 24.87824704 ], [ 88.2722157, 24.87693529 ], [ 88.27630634, 24.89145804 ], [ 88.28093145, 24.89301285 ], [ 88.28774521, 24.88813725 ], [ 88.2993921, 24.88639987 ], [ 88.30638317, 24.87920124 ], [ 88.3123392, 24.87788903 ], [ 88.32447337, 24.88134575 ], [ 88.32824144, 24.87233473 ], [ 88.33295274, 24.8707776 ], [ 88.34659725, 24.88580167 ], [ 88.34664617, 24.90117099 ], [ 88.33468421, 24.90585706 ], [ 88.33167367, 24.91509468 ], [ 88.34078153, 24.92374227 ], [ 88.34687037, 24.94007135 ], [ 88.37132254, 24.95244501 ], [ 88.37412183, 24.94759425 ], [ 88.38380466, 24.94367244 ], [ 88.397903, 24.94401044 ], [ 88.40328676, 24.95693822 ], [ 88.40088322, 24.96302919 ], [ 88.40295525, 24.97072109 ], [ 88.41212912, 24.97483744 ], [ 88.41599783, 24.98391153 ], [ 88.41697098, 24.99002841 ], [ 88.41260486, 24.99474159 ], [ 88.42632593, 25.00249444 ], [ 88.42923939, 25.01248256 ], [ 88.4376857, 25.00779049 ], [ 88.44265234, 25.01051412 ], [ 88.45146849, 25.02933256 ], [ 88.44994054, 25.0404002 ], [ 88.4380695, 25.04938389 ], [ 88.45391773, 25.07683962 ], [ 88.45012837, 25.08633151 ], [ 88.45194954, 25.09943366 ], [ 88.44640975, 25.10981183 ], [ 88.44623192, 25.11932964 ], [ 88.4600597, 25.13160672 ], [ 88.46172711, 25.14496371 ], [ 88.45001738, 25.17088628 ], [ 88.44302525, 25.2011724 ], [ 88.44421613, 25.20931477 ], [ 88.45169651, 25.20822847 ], [ 88.45794021, 25.19763019 ], [ 88.46713862, 25.19609412 ], [ 88.47632022, 25.2018091 ], [ 88.48048845, 25.21086942 ], [ 88.48718848, 25.21360979 ], [ 88.51213135, 25.19926619 ], [ 88.52334954, 25.20173323 ], [ 88.52801795, 25.19755419 ], [ 88.53744539, 25.19915752 ], [ 88.53776105, 25.18785442 ], [ 88.55413863, 25.19336357 ], [ 88.56235211, 25.19045367 ], [ 88.56389373, 25.17599524 ], [ 88.56835956, 25.17465273 ], [ 88.58869636, 25.18131759 ], [ 88.59314113, 25.1933296 ], [ 88.61890049, 25.20518593 ], [ 88.66959796, 25.20337871 ], [ 88.68922398, 25.20979395 ], [ 88.72694508, 25.20089614 ], [ 88.73472454, 25.19627207 ], [ 88.73720842, 25.18974024 ], [ 88.74762895, 25.18684542 ], [ 88.75711292, 25.17826609 ], [ 88.76144777, 25.18362361 ], [ 88.77752073, 25.18815616 ], [ 88.78057632, 25.17816921 ], [ 88.80897175, 25.17395556 ], [ 88.82124413, 25.1826039 ], [ 88.82460433, 25.18980933 ], [ 88.83348536, 25.19444899 ], [ 88.83505414, 25.20777941 ], [ 88.84848101, 25.2100994 ], [ 88.8529664, 25.20194747 ], [ 88.86391313, 25.19993237 ], [ 88.86544487, 25.18955111 ], [ 88.87635491, 25.18958247 ], [ 88.88209023, 25.17625014 ], [ 88.8895589, 25.17629597 ], [ 88.89352574, 25.18305946 ], [ 88.9029412, 25.181284 ], [ 88.91963256, 25.16572766 ], [ 88.93126902, 25.17728915 ], [ 88.94172201, 25.17615698 ], [ 88.94916436, 25.18024617 ], [ 88.94838599, 25.19108318 ], [ 88.93944115, 25.1976421 ], [ 88.94043983, 25.20352222 ], [ 88.9568182, 25.20626182 ], [ 88.96400163, 25.21060289 ], [ 88.95602206, 25.2417618 ], [ 88.95822705, 25.25015217 ], [ 88.97413618, 25.2569551 ], [ 88.97811196, 25.26374369 ], [ 88.99077567, 25.27123828 ], [ 88.99921793, 25.27191668 ], [ 89.00900229, 25.26528963 ], [ 89.01251005, 25.26720452 ], [ 89.00939682, 25.29343594 ], [ 89.00514072, 25.29999719 ], [ 88.98871964, 25.30153275 ], [ 88.9837606, 25.30648313 ], [ 88.96262467, 25.30373994 ], [ 88.93749584, 25.3068577 ], [ 88.92866926, 25.31457964 ], [ 88.9168388, 25.31540216 ], [ 88.90811322, 25.333486 ], [ 88.90214367, 25.33753927 ], [ 88.8932028, 25.33368138 ], [ 88.88948081, 25.32663893 ], [ 88.88424637, 25.32754578 ], [ 88.88026055, 25.33452333 ], [ 88.8727752, 25.33904974 ], [ 88.86903482, 25.35170097 ], [ 88.85928867, 25.3543824 ], [ 88.85706, 25.35913505 ], [ 88.84809851, 25.3636315 ], [ 88.84093153, 25.38645159 ], [ 88.84578823, 25.38848456 ], [ 88.84554018, 25.3937025 ], [ 88.82410763, 25.40269235 ], [ 88.81824449, 25.4080754 ], [ 88.82309126, 25.41238525 ], [ 88.8315344, 25.41333134 ], [ 88.83299844, 25.42555044 ], [ 88.83711135, 25.42848377 ], [ 88.83572235, 25.43571482 ], [ 88.82936474, 25.43976377 ], [ 88.83655605, 25.44769534 ], [ 88.83621803, 25.48003565 ], [ 88.81539154, 25.48992673 ], [ 88.80186453, 25.52246632 ], [ 88.78546613, 25.51427372 ], [ 88.76896194, 25.52189575 ], [ 88.76276921, 25.52095937 ], [ 88.76151529, 25.51668231 ], [ 88.76853675, 25.50312631 ], [ 88.76856514, 25.49658427 ], [ 88.7486512, 25.48860523 ], [ 88.74292907, 25.48969337 ], [ 88.7441369, 25.49716847 ], [ 88.74114254, 25.50144549 ], [ 88.71056419, 25.49589751 ], [ 88.71193634, 25.48756264 ], [ 88.70757371, 25.48281202 ], [ 88.70709131, 25.47692816 ], [ 88.70065509, 25.47327128 ], [ 88.68896077, 25.47594202 ], [ 88.66927717, 25.47474327 ], [ 88.66004602, 25.48078739 ], [ 88.65130747, 25.48121762 ], [ 88.64756378, 25.48301943 ], [ 88.64127612, 25.49790252 ], [ 88.62385699, 25.49897831 ], [ 88.60735082, 25.51450596 ], [ 88.5936178, 25.5067429 ], [ 88.56990026, 25.51058653 ], [ 88.55574665, 25.51750666 ], [ 88.55032065, 25.51144367 ], [ 88.54280314, 25.51025819 ], [ 88.5425039, 25.52484781 ], [ 88.53723675, 25.53635455 ], [ 88.52427138, 25.53739031 ], [ 88.52325382, 25.54216707 ], [ 88.50625574, 25.55018819 ], [ 88.49847709, 25.55922851 ], [ 88.49788276, 25.58091449 ], [ 88.48986094, 25.58450222 ], [ 88.47243186, 25.58507215 ], [ 88.45041368, 25.60124564 ], [ 88.45633205, 25.6107654 ], [ 88.45479092, 25.62027185 ], [ 88.4594958, 25.62872809 ], [ 88.45955855, 25.65804741 ], [ 88.45626796, 25.66257824 ], [ 88.43530108, 25.66788111 ], [ 88.41763808, 25.66392108 ], [ 88.41061475, 25.66887438 ], [ 88.40781367, 25.67970184 ], [ 88.40304849, 25.68397004 ], [ 88.39831722, 25.6830413 ], [ 88.39052881, 25.68752784 ], [ 88.386712, 25.69880135 ], [ 88.37497097, 25.69967909 ], [ 88.37787664, 25.70835869 ], [ 88.37614826, 25.71388177 ], [ 88.34363181, 25.7301831 ], [ 88.33673548, 25.73810784 ], [ 88.33056414, 25.73938373 ], [ 88.32782898, 25.73553413 ], [ 88.32136265, 25.7359543 ], [ 88.31724913, 25.75106222 ], [ 88.29752535, 25.76121036 ], [ 88.28889464, 25.77282482 ], [ 88.2716401, 25.77858805 ], [ 88.27815234, 25.78879136 ], [ 88.27491071, 25.80598013 ], [ 88.26068304, 25.80926238 ], [ 88.24370819, 25.80551296 ], [ 88.230795, 25.79573499 ], [ 88.21445869, 25.79584318 ], [ 88.21068522, 25.78564035 ], [ 88.19816268, 25.79072108 ], [ 88.19411996, 25.7954647 ], [ 88.18511714, 25.79449179 ], [ 88.17297201, 25.7844522 ], [ 88.1581155, 25.78275764 ], [ 88.15009428, 25.77251829 ], [ 88.14485367, 25.77382996 ], [ 88.14371093, 25.79147216 ], [ 88.13168427, 25.79567342 ], [ 88.11368937, 25.7964292 ], [ 88.11645556, 25.80868201 ], [ 88.10743079, 25.81336506 ], [ 88.1092573, 25.81926098 ], [ 88.10467549, 25.82984139 ], [ 88.10820447, 25.83487886 ], [ 88.10456218, 25.84310592 ], [ 88.11598891, 25.84858868 ], [ 88.11924674, 25.85511016 ], [ 88.11314005, 25.86471014 ], [ 88.09947063, 25.8715562 ], [ 88.10344147, 25.88432194 ], [ 88.09384468, 25.89532376 ], [ 88.09765909, 25.90394556 ], [ 88.09540439, 25.91704425 ], [ 88.09956933, 25.92635731 ], [ 88.11652275, 25.93327586 ], [ 88.11734529, 25.93826051 ], [ 88.12619421, 25.94306136 ], [ 88.12521262, 25.96839745 ], [ 88.13641572, 25.97704706 ], [ 88.13831598, 25.98770298 ], [ 88.14923638, 25.9970715 ], [ 88.14397541, 26.01286181 ], [ 88.17954905, 26.02240264 ], [ 88.18189546, 26.02533914 ], [ 88.17406314, 26.03433498 ], [ 88.17428053, 26.05152034 ], [ 88.1862428, 26.06315393 ], [ 88.1861844, 26.06699998 ], [ 88.17688342, 26.07572711 ], [ 88.16281735, 26.07948259 ], [ 88.16160515, 26.10208251 ], [ 88.17602789, 26.11778998 ], [ 88.17713239, 26.13272992 ], [ 88.18278746, 26.147454 ], [ 88.20294004, 26.16344786 ], [ 88.21296992, 26.16236712 ], [ 88.21813726, 26.17301946 ], [ 88.23763018, 26.17949688 ], [ 88.24033757, 26.18470325 ], [ 88.25282581, 26.19250711 ], [ 88.27688783, 26.19237035 ], [ 88.29906608, 26.20412097 ], [ 88.30560085, 26.20188413 ], [ 88.31258595, 26.20824379 ], [ 88.32916235, 26.20451682 ], [ 88.34035687, 26.21591245 ], [ 88.35408751, 26.2216424 ], [ 88.35922974, 26.24154367 ], [ 88.35390936, 26.24944019 ], [ 88.35078825, 26.26366463 ], [ 88.36264858, 26.29156347 ], [ 88.37886357, 26.3061288 ], [ 88.39339146, 26.30889623 ], [ 88.39835373, 26.31774737 ], [ 88.42151837, 26.31734762 ], [ 88.42270485, 26.32289543 ], [ 88.4166208, 26.32644398 ], [ 88.41681691, 26.33232619 ], [ 88.44187953, 26.33788917 ], [ 88.45251424, 26.36011105 ], [ 88.46352027, 26.37328169 ], [ 88.46882528, 26.36043015 ], [ 88.47838293, 26.35505559 ], [ 88.48517235, 26.35486664 ], [ 88.4881944, 26.35103958 ], [ 88.49472754, 26.3499288 ], [ 88.49545491, 26.35788306 ], [ 88.51097727, 26.36176531 ], [ 88.51374861, 26.35885907 ], [ 88.51240803, 26.34704499 ], [ 88.52793078, 26.35732989 ], [ 88.52310461, 26.36314059 ], [ 88.5330928, 26.3734596 ], [ 88.51612205, 26.37279605 ], [ 88.52563079, 26.39195536 ], [ 88.51710543, 26.38918137 ], [ 88.51119181, 26.39390814 ], [ 88.51252496, 26.40248332 ], [ 88.50043248, 26.40717282 ], [ 88.50304161, 26.41578452 ], [ 88.49515796, 26.42519251 ], [ 88.49403261, 26.44428081 ], [ 88.48396466, 26.44747655 ], [ 88.48715934, 26.45986636 ], [ 88.46373786, 26.46601003 ], [ 88.44843573, 26.46160417 ], [ 88.44114081, 26.46496957 ], [ 88.43606703, 26.47286767 ], [ 88.4215441, 26.46485615 ], [ 88.40939785, 26.48197432 ], [ 88.39838637, 26.4762641 ], [ 88.38958243, 26.47735855 ], [ 88.37771782, 26.48449918 ], [ 88.36817176, 26.48490893 ], [ 88.36443179, 26.4796732 ], [ 88.36779373, 26.46501002 ], [ 88.3641396, 26.45005866 ], [ 88.36014583, 26.44754967 ], [ 88.35685069, 26.44911246 ], [ 88.35502334, 26.46245438 ], [ 88.34237867, 26.47322267 ], [ 88.3412619, 26.49085168 ], [ 88.34633045, 26.49947645 ], [ 88.35920337, 26.50950377 ], [ 88.36186308, 26.52512033 ], [ 88.36783871, 26.53688804 ], [ 88.36899157, 26.55207804 ], [ 88.37755309, 26.56929433 ], [ 88.37712811, 26.57765439 ], [ 88.38404465, 26.59443759 ], [ 88.40488572, 26.60156971 ], [ 88.39363225, 26.6085069 ], [ 88.39523917, 26.61619588 ], [ 88.39997449, 26.6185121 ], [ 88.40270156, 26.62461627 ], [ 88.41728099, 26.62990863 ], [ 88.42412114, 26.62225854 ], [ 88.42946545, 26.56733605 ], [ 88.43713778, 26.54725774 ], [ 88.44793191, 26.5443721 ], [ 88.45555684, 26.53729456 ], [ 88.46205338, 26.53870766 ], [ 88.46876579, 26.54900867 ], [ 88.47407489, 26.54315652 ], [ 88.48365751, 26.54184952 ], [ 88.4922364, 26.53260849 ], [ 88.49912201, 26.51479363 ], [ 88.50391388, 26.51164937 ], [ 88.51569474, 26.51352375 ], [ 88.53268048, 26.48624685 ], [ 88.53922678, 26.48265087 ], [ 88.55428428, 26.48205365 ], [ 88.57274215, 26.45795225 ], [ 88.59889051, 26.45330508 ], [ 88.60288353, 26.45534752 ], [ 88.59983283, 26.46371611 ], [ 88.60307424, 26.46961003 ], [ 88.61737044, 26.4741717 ], [ 88.62616421, 26.46994117 ], [ 88.63313371, 26.45615413 ], [ 88.63286346, 26.43536712 ], [ 88.65246148, 26.42639568 ], [ 88.65654196, 26.41601034 ], [ 88.66680438, 26.41694361 ], [ 88.67201905, 26.41186255 ], [ 88.68724718, 26.40939492 ], [ 88.69208771, 26.4011132 ], [ 88.68542804, 26.39868208 ], [ 88.68421373, 26.39350613 ], [ 88.70481294, 26.38860007 ], [ 88.70307801, 26.38091894 ], [ 88.69270205, 26.37434085 ], [ 88.70224495, 26.36014298 ], [ 88.69974326, 26.35268409 ], [ 88.70349301, 26.34896866 ], [ 88.70632858, 26.33671039 ], [ 88.71221218, 26.33443774 ], [ 88.71965635, 26.34073141 ], [ 88.73305309, 26.34418069 ], [ 88.7409215, 26.35415438 ], [ 88.7473502, 26.3525872 ], [ 88.7485127, 26.34060139 ], [ 88.7416651, 26.33037273 ], [ 88.75249704, 26.32882596 ], [ 88.74942995, 26.32387834 ], [ 88.73218403, 26.31522678 ], [ 88.72589466, 26.3124772 ], [ 88.72012367, 26.31651826 ], [ 88.71162674, 26.31333842 ], [ 88.69755373, 26.31510444 ], [ 88.69497964, 26.32842182 ], [ 88.67998184, 26.31976853 ], [ 88.68881025, 26.30331566 ], [ 88.70579682, 26.29023646 ], [ 88.68249221, 26.29586584 ], [ 88.67356915, 26.29172619 ], [ 88.66982181, 26.28536797 ], [ 88.67568092, 26.26527388 ], [ 88.68771339, 26.26237426 ], [ 88.69723667, 26.26806025 ], [ 88.69530464, 26.27551782 ], [ 88.69932075, 26.27869943 ], [ 88.72075243, 26.28082602 ], [ 88.73322383, 26.29193941 ], [ 88.74377581, 26.29015986 ], [ 88.75650693, 26.31009986 ], [ 88.76075693, 26.31033608 ], [ 88.77130215, 26.30134342 ], [ 88.77984842, 26.2990935 ], [ 88.80092241, 26.30887902 ], [ 88.82324473, 26.29628285 ], [ 88.82144938, 26.25966506 ], [ 88.82611164, 26.25152104 ], [ 88.84042517, 26.25031451 ], [ 88.83642534, 26.24183099 ], [ 88.8479703, 26.23303808 ], [ 88.88519141, 26.23687265 ], [ 88.86800009, 26.25325707 ], [ 88.87054783, 26.2755879 ], [ 88.87885518, 26.28581636 ], [ 88.90699286, 26.28812591 ], [ 88.92693939, 26.28445182 ], [ 88.95644346, 26.25135827 ], [ 88.97201696, 26.24123225 ], [ 89.00332609, 26.24670155 ], [ 89.01863629, 26.24378489 ], [ 89.03465319, 26.24764235 ], [ 89.05021675, 26.24111751 ], [ 89.05582931, 26.25559118 ], [ 89.06408655, 26.25468773 ], [ 89.06445667, 26.27074212 ], [ 89.05882882, 26.27662252 ], [ 89.06332375, 26.28307666 ], [ 89.06287355, 26.28872552 ], [ 89.05749071, 26.29575758 ], [ 89.05115572, 26.29296803 ], [ 89.05083381, 26.28093472 ], [ 89.04017147, 26.2862075 ], [ 89.02976625, 26.28663003 ], [ 89.02683745, 26.29095191 ], [ 89.02851649, 26.30362087 ], [ 89.02608477, 26.30896928 ], [ 89.01831215, 26.29149995 ], [ 89.01507973, 26.29285267 ], [ 89.01328674, 26.30021487 ], [ 89.00503175, 26.29485672 ], [ 88.99826018, 26.2989387 ], [ 88.99048202, 26.30613843 ], [ 88.9897018, 26.31835917 ], [ 89.00072864, 26.31520304 ], [ 89.00062566, 26.32275777 ], [ 89.00413004, 26.32630246 ], [ 88.99898077, 26.33330467 ], [ 88.99169311, 26.33576602 ], [ 88.99066034, 26.34615763 ], [ 88.98339342, 26.35224411 ], [ 88.97815044, 26.34704782 ], [ 88.96960053, 26.35041008 ], [ 88.96559877, 26.33411418 ], [ 88.95919972, 26.33316344 ], [ 88.9608408, 26.34610641 ], [ 88.95405719, 26.34746785 ], [ 88.95979301, 26.36261826 ], [ 88.94298124, 26.36100108 ], [ 88.93269918, 26.36550641 ], [ 88.92540799, 26.36142099 ], [ 88.92114916, 26.36298223 ], [ 88.91625311, 26.38130274 ], [ 88.91928158, 26.39692645 ], [ 88.9153417, 26.40456565 ], [ 88.93112544, 26.41003728 ], [ 88.9325889, 26.43159281 ], [ 88.95166557, 26.43268093 ], [ 88.95391096, 26.44808117 ], [ 88.9639584, 26.45124237 ], [ 88.96408488, 26.45621169 ], [ 88.96772396, 26.45887372 ], [ 88.98452419, 26.44945805 ], [ 88.98805206, 26.44384081 ], [ 88.98596239, 26.42008655 ], [ 88.98110486, 26.40708513 ], [ 88.99576185, 26.40802538 ], [ 89.00002035, 26.41848037 ], [ 89.00918504, 26.41996603 ], [ 89.00959731, 26.41280883 ], [ 89.01285016, 26.41062127 ], [ 89.02282457, 26.41191196 ], [ 89.02404993, 26.40806247 ], [ 89.0356523, 26.40606021 ], [ 89.03933244, 26.39480582 ], [ 89.04707789, 26.39800272 ], [ 89.07319468, 26.39396744 ], [ 89.09126594, 26.39963144 ], [ 89.09778924, 26.39490594 ], [ 89.09815796, 26.39084747 ], [ 89.09226796, 26.38043418 ], [ 89.09274979, 26.36846541 ], [ 89.0853584, 26.36370629 ], [ 89.09805686, 26.35964898 ], [ 89.10180884, 26.34065475 ], [ 89.09979826, 26.33160061 ], [ 89.08891444, 26.32197554 ], [ 89.09979371, 26.32255855 ], [ 89.10583145, 26.32708263 ], [ 89.10808269, 26.32346251 ], [ 89.11760428, 26.32415112 ], [ 89.12061207, 26.32024698 ], [ 89.13684698, 26.31686425 ], [ 89.13136459, 26.29932564 ], [ 89.12438746, 26.29204597 ], [ 89.12112447, 26.29296027 ], [ 89.11411216, 26.30673558 ], [ 89.10655261, 26.30636094 ], [ 89.10558665, 26.30266571 ], [ 89.10958591, 26.29904026 ], [ 89.10645107, 26.28977959 ], [ 89.12486733, 26.26581131 ], [ 89.12965405, 26.2497822 ], [ 89.14039699, 26.24209667 ], [ 89.14378955, 26.22831926 ], [ 89.1484395, 26.22221137 ], [ 89.1509974, 26.20722412 ], [ 89.14069092, 26.19339208 ], [ 89.1408263, 26.18541001 ], [ 89.15383649, 26.16950494 ], [ 89.15435743, 26.15448434 ], [ 89.16148057, 26.13958734 ], [ 89.1766573, 26.13136074 ], [ 89.22425177, 26.12619124 ], [ 89.24977434, 26.10204891 ], [ 89.25979074, 26.09453455 ], [ 89.26836738, 26.09298278 ], [ 89.26954785, 26.08809972 ], [ 89.25963627, 26.074624 ], [ 89.26279247, 26.06617058 ], [ 89.27044112, 26.06151122 ], [ 89.28146773, 26.06467177 ], [ 89.28384051, 26.06228527 ], [ 89.28236972, 26.05298207 ], [ 89.28659129, 26.05012572 ], [ 89.30162875, 26.05000296 ], [ 89.31349454, 26.04212035 ], [ 89.32562052, 26.03877612 ], [ 89.34477923, 26.01677044 ], [ 89.35768943, 26.01115875 ], [ 89.3929611, 26.00891505 ], [ 89.39533732, 26.01034387 ], [ 89.39577041, 26.02262322 ], [ 89.40289355, 26.02785493 ], [ 89.40489906, 26.0361987 ], [ 89.41017801, 26.04084066 ], [ 89.42575567, 26.04284475 ], [ 89.42984042, 26.04045823 ], [ 89.43625124, 26.022453 ], [ 89.43194509, 26.01524473 ], [ 89.47726206, 25.99598193 ], [ 89.50373369, 26.00541566 ], [ 89.50913175, 26.00302039 ], [ 89.52285542, 26.00632669 ], [ 89.53287722, 26.00380909 ], [ 89.54164939, 26.00789643 ], [ 89.55019884, 25.99882359 ], [ 89.54473764, 25.98500761 ], [ 89.54825461, 25.97069613 ], [ 89.55403468, 25.96662492 ], [ 89.56194439, 25.96625445 ], [ 89.57252624, 25.97529181 ], [ 89.57224372, 25.97004794 ], [ 89.58146435, 25.96811567 ], [ 89.58228677, 25.97645721 ], [ 89.59125809, 25.97953358 ], [ 89.59047795, 25.99807193 ], [ 89.58640811, 26.00297048 ], [ 89.58280548, 26.02598411 ], [ 89.5929655, 26.04401879 ], [ 89.60007483, 26.04042227 ], [ 89.60076261, 26.04709329 ], [ 89.61475463, 26.049324 ], [ 89.60676822, 26.06603314 ], [ 89.60994378, 26.06745105 ], [ 89.61467476, 26.06290791 ], [ 89.61969494, 26.0631328 ], [ 89.62560206, 26.0563311 ], [ 89.63169168, 26.0619119 ], [ 89.64779262, 26.06317475 ], [ 89.65335261, 26.06828501 ], [ 89.63915458, 26.07952945 ], [ 89.63902252, 26.09548638 ], [ 89.63217901, 26.10746412 ], [ 89.62705252, 26.10228956 ], [ 89.62002297, 26.10164945 ], [ 89.61323433, 26.0891446 ], [ 89.59825067, 26.10081133 ], [ 89.60353565, 26.1114083 ], [ 89.62784, 26.11382301 ], [ 89.63067398, 26.12398502 ], [ 89.62934234, 26.12838284 ], [ 89.62259487, 26.11948612 ], [ 89.61685727, 26.12290177 ], [ 89.60832972, 26.12090578 ], [ 89.59737622, 26.16080699 ], [ 89.60552884, 26.16429753 ], [ 89.61526014, 26.16110192 ], [ 89.61905019, 26.16628083 ], [ 89.6176719, 26.1771543 ], [ 89.62486567, 26.1816574 ], [ 89.63388265, 26.1777902 ], [ 89.64117705, 26.17997649 ], [ 89.64437588, 26.17277996 ], [ 89.65637424, 26.16936316 ], [ 89.65982078, 26.18336391 ], [ 89.64142587, 26.18567346 ], [ 89.63476143, 26.19219425 ], [ 89.63732699, 26.19663689 ], [ 89.64797747, 26.19219774 ], [ 89.65188903, 26.19558408 ], [ 89.64104509, 26.21550782 ], [ 89.64284866, 26.22545143 ], [ 89.64645015, 26.22858046 ], [ 89.66439871, 26.22220898 ], [ 89.68343122, 26.23012945 ], [ 89.69606436, 26.22184813 ], [ 89.68920233, 26.22001543 ], [ 89.68752576, 26.21646814 ], [ 89.69423811, 26.2117956 ], [ 89.67902132, 26.20844377 ], [ 89.67739462, 26.20226066 ], [ 89.68480326, 26.19801094 ], [ 89.69216178, 26.18354229 ], [ 89.69876036, 26.17753933 ], [ 89.6998788, 26.17258247 ], [ 89.68994144, 26.17199707 ], [ 89.68866374, 26.16797762 ], [ 89.70260272, 26.16189147 ], [ 89.71065063, 26.15334926 ], [ 89.71616869, 26.1569568 ], [ 89.71911361, 26.16665859 ], [ 89.72243921, 26.16611465 ], [ 89.72403082, 26.15747632 ], [ 89.72796951, 26.15593494 ], [ 89.74816775, 26.15654973 ], [ 89.76990935, 26.1319358 ], [ 89.76500937, 26.11252641 ], [ 89.77126047, 26.10661054 ], [ 89.78748465, 26.10605334 ], [ 89.78609258, 26.08599948 ], [ 89.78977499, 26.08282619 ], [ 89.79742332, 26.08837215 ], [ 89.79603958, 26.08016369 ], [ 89.80132441, 26.073145 ], [ 89.80118952, 26.05862343 ], [ 89.78813628, 26.05320992 ], [ 89.79282286, 26.04545884 ], [ 89.78625667, 26.04451591 ], [ 89.7785205, 26.03546571 ], [ 89.78749331, 26.03876627 ], [ 89.79613561, 26.03327027 ], [ 89.80327085, 26.03954455 ], [ 89.804664, 26.03596605 ], [ 89.79225126, 26.01704275 ], [ 89.79901377, 26.01816672 ], [ 89.81309902, 26.0383076 ], [ 89.82146697, 26.02359529 ], [ 89.81863516, 25.9889894 ], [ 89.82814612, 25.98449237 ], [ 89.83520242, 25.98626479 ], [ 89.83517275, 26.00718474 ], [ 89.84342845, 26.00491979 ], [ 89.85007555, 25.99467664 ], [ 89.87152437, 25.97608395 ], [ 89.86815918, 25.9703298 ], [ 89.84473251, 25.97220551 ], [ 89.84135084, 25.96780312 ], [ 89.84739257, 25.9618869 ], [ 89.84832979, 25.9561367 ], [ 89.84107013, 25.95481588 ], [ 89.83118414, 25.94703826 ], [ 89.84462793, 25.94054339 ], [ 89.8794922, 25.94440724 ], [ 89.88704024, 25.94202308 ], [ 89.88754197, 25.93797886 ], [ 89.8739638, 25.91308374 ], [ 89.84049552, 25.87777434 ], [ 89.83615592, 25.8676719 ], [ 89.83519659, 25.83771278 ], [ 89.81884542, 25.81708807 ], [ 89.82144896, 25.81272188 ], [ 89.8272518, 25.81184775 ], [ 89.83102683, 25.80470918 ], [ 89.84337966, 25.7610283 ], [ 89.82848353, 25.7420553 ], [ 89.82980475, 25.72927833 ], [ 89.84023336, 25.71469747 ], [ 89.85647186, 25.71483458 ], [ 89.85649731, 25.70555254 ], [ 89.84800192, 25.6904965 ], [ 89.87190865, 25.65407852 ], [ 89.88305148, 25.62147169 ], [ 89.8790438, 25.59785055 ], [ 89.87419694, 25.58801067 ], [ 89.87916767, 25.57619864 ], [ 89.87474461, 25.55717026 ], [ 89.87009306, 25.54779282 ], [ 89.85620909, 25.53750778 ], [ 89.86322071, 25.5230289 ], [ 89.85436826, 25.48199514 ], [ 89.85748954, 25.46771707 ], [ 89.83701261, 25.43438674 ], [ 89.82891892, 25.40328776 ], [ 89.81854798, 25.38810332 ], [ 89.81681662, 25.36940204 ], [ 89.82312645, 25.34697722 ], [ 89.8294226, 25.33311766 ], [ 89.84290692, 25.31796098 ], [ 89.83768568, 25.29549249 ], [ 89.87742658, 25.28670912 ], [ 89.89353009, 25.29478556 ], [ 89.90263475, 25.30460955 ], [ 89.91091824, 25.30729275 ], [ 89.93207798, 25.29903839 ], [ 89.97506011, 25.30049069 ], [ 89.97929433, 25.29777225 ], [ 89.98376607, 25.28477227 ], [ 90.01237289, 25.27132841 ], [ 90.06268515, 25.25547619 ], [ 90.08071225, 25.23974646 ], [ 90.09694718, 25.23742304 ], [ 90.11521589, 25.22367563 ], [ 90.17205875, 25.22116495 ], [ 90.21731855, 25.20264077 ], [ 90.23646932, 25.20323597 ], [ 90.26313967, 25.19493305 ], [ 90.2782693, 25.19744442 ], [ 90.29931423, 25.18760295 ], [ 90.31183535, 25.18663433 ], [ 90.33457888, 25.1911565 ], [ 90.3549713, 25.17362269 ], [ 90.38022679, 25.16121891 ], [ 90.41228437, 25.15550385 ], [ 90.42793064, 25.14699725 ], [ 90.44744103, 25.14324005 ], [ 90.45564638, 25.15014129 ], [ 90.47541798, 25.15360456 ], [ 90.51326236, 25.16789495 ], [ 90.59950608, 25.17314825 ], [ 90.6392004, 25.17263158 ], [ 90.6398145, 25.17769904 ], [ 90.65265559, 25.18095486 ], [ 90.65801186, 25.19257985 ], [ 90.66788426, 25.18405872 ], [ 90.67137413, 25.17182795 ], [ 90.67780544, 25.16695703 ], [ 90.68282112, 25.16937763 ], [ 90.69638968, 25.15917932 ], [ 90.72359024, 25.16425039 ], [ 90.7349697, 25.15411726 ], [ 90.74025119, 25.15310857 ], [ 90.74432237, 25.16462898 ], [ 90.76337302, 25.16461184 ], [ 90.77798436, 25.18168649 ], [ 90.78302256, 25.18319769 ], [ 90.79306619, 25.18179721 ], [ 90.81176616, 25.16678666 ], [ 90.82244016, 25.16296035 ], [ 90.87231013, 25.15908997 ], [ 90.88977115, 25.16589989 ], [ 90.9114664, 25.16147938 ], [ 90.96848565, 25.17083735 ], [ 91.0385946, 25.18800772 ], [ 91.0667307, 25.19158177 ], [ 91.0844649, 25.20135211 ], [ 91.13768546, 25.19237777 ], [ 91.16174296, 25.19660733 ], [ 91.17686058, 25.19433732 ], [ 91.19614222, 25.1992348 ], [ 91.25503161, 25.19695638 ], [ 91.26762561, 25.20620375 ], [ 91.28868279, 25.1967574 ], [ 91.2934879, 25.19300784 ], [ 91.29445687, 25.18633636 ], [ 91.30997357, 25.18332665 ], [ 91.32385147, 25.18445506 ], [ 91.32973628, 25.18225513 ], [ 91.3306884, 25.17684738 ], [ 91.34135479, 25.17306561 ], [ 91.34831249, 25.17187127 ], [ 91.35947149, 25.17667555 ], [ 91.37933298, 25.16656954 ], [ 91.39110417, 25.16974724 ], [ 91.40692326, 25.16555766 ], [ 91.4168801, 25.17188051 ], [ 91.44230265, 25.15160875 ], [ 91.46981684, 25.14887311 ], [ 91.47391927, 25.13555011 ], [ 91.48048305, 25.13451968 ], [ 91.49606168, 25.13410668 ], [ 91.50326735, 25.13660657 ], [ 91.5108292, 25.14452903 ], [ 91.53097235, 25.14424802 ], [ 91.55046854, 25.14837701 ], [ 91.57741313, 25.16285625 ], [ 91.58260973, 25.16958348 ], [ 91.60589361, 25.17310314 ], [ 91.61125095, 25.17168223 ], [ 91.60456895, 25.16605347 ], [ 91.60678618, 25.15234346 ], [ 91.60396549, 25.14636445 ], [ 91.6080658, 25.14250939 ], [ 91.62162051, 25.14605075 ], [ 91.62701294, 25.14301929 ], [ 91.63109656, 25.1302257 ], [ 91.64504279, 25.12374553 ], [ 91.65360551, 25.13030686 ], [ 91.66383287, 25.12884652 ], [ 91.67488099, 25.1366069 ], [ 91.69717167, 25.13983209 ], [ 91.70784058, 25.15616818 ], [ 91.71915344, 25.1567882 ], [ 91.7469981, 25.14803808 ], [ 91.75063271, 25.15329955 ], [ 91.74684552, 25.16655017 ], [ 91.74968322, 25.17108702 ], [ 91.77492509, 25.16646525 ], [ 91.80943337, 25.16877298 ], [ 91.84419326, 25.17810705 ], [ 91.87468625, 25.17450267 ], [ 91.91640708, 25.18223945 ], [ 91.95014355, 25.18270277 ], [ 91.98623603, 25.17097248 ], [ 91.99391265, 25.18040531 ], [ 92.00518221, 25.18705025 ], [ 92.01390764, 25.18854304 ], [ 92.02921978, 25.18292597 ], [ 92.03834792, 25.1845962 ], [ 92.04958168, 25.18166923 ], [ 92.0652231, 25.18725984 ], [ 92.08449573, 25.18327952 ], [ 92.1254702, 25.16530819 ], [ 92.13762112, 25.15624358 ], [ 92.13858929, 25.14269593 ], [ 92.17895778, 25.12271867 ], [ 92.1928466, 25.12169168 ], [ 92.18733853, 25.13259565 ], [ 92.1906976, 25.13540974 ], [ 92.2027495, 25.12479475 ], [ 92.22230391, 25.12107409 ], [ 92.22776906, 25.11793388 ], [ 92.22570012, 25.1144986 ], [ 92.21232858, 25.11110086 ], [ 92.23242819, 25.096545 ], [ 92.30034769, 25.07148223 ], [ 92.31154692, 25.07124291 ], [ 92.32668614, 25.08041208 ], [ 92.33649416, 25.08189009 ], [ 92.34404482, 25.07747891 ], [ 92.34790281, 25.04994301 ], [ 92.36793671, 25.04891355 ], [ 92.37270285, 25.04458756 ], [ 92.39233271, 25.04138311 ], [ 92.40475584, 25.03301433 ], [ 92.41833511, 25.03386248 ], [ 92.4253445, 25.02952042 ], [ 92.42699545, 25.01752767 ], [ 92.41986686, 24.9802166 ], [ 92.42295213, 24.97444127 ], [ 92.43098252, 24.96957958 ], [ 92.45406283, 24.96908699 ], [ 92.46587486, 24.96251759 ], [ 92.4611373, 24.95519476 ], [ 92.4516342, 24.95255223 ], [ 92.45502842, 24.94225922 ], [ 92.48870187, 24.94232809 ], [ 92.48979391, 24.93735949 ], [ 92.48436671, 24.93102665 ], [ 92.49551073, 24.90611773 ], [ 92.49456125, 24.88489228 ], [ 92.49894256, 24.87396759 ], [ 92.49776519, 24.86791888 ], [ 92.48717091, 24.86681163 ], [ 92.45735964, 24.8757877 ], [ 92.44332145, 24.86853224 ], [ 92.43801088, 24.85958681 ], [ 92.42405102, 24.85802152 ], [ 92.416618, 24.86396073 ], [ 92.410773, 24.86349598 ], [ 92.4026853, 24.85534626 ], [ 92.39605314, 24.85506448 ], [ 92.38544872, 24.86189965 ], [ 92.37927481, 24.87245153 ], [ 92.36559617, 24.87748034 ], [ 92.35566068, 24.8901859 ], [ 92.34885295, 24.88294297 ], [ 92.34311204, 24.88293167 ], [ 92.33198548, 24.89328871 ], [ 92.31513546, 24.90073135 ], [ 92.30765765, 24.91624954 ], [ 92.29864293, 24.91577238 ], [ 92.28550975, 24.90769387 ], [ 92.2586736, 24.90877974 ], [ 92.24363974, 24.9039449 ], [ 92.24346045, 24.90005234 ], [ 92.25200304, 24.89168448 ], [ 92.25343407, 24.88148131 ], [ 92.23627599, 24.86571131 ], [ 92.23698813, 24.86102016 ], [ 92.2490135, 24.84931877 ], [ 92.24749048, 24.8330545 ], [ 92.25325222, 24.82928303 ], [ 92.26412312, 24.83139359 ], [ 92.27175531, 24.82870621 ], [ 92.27462944, 24.80143778 ], [ 92.28308108, 24.79125607 ], [ 92.28308696, 24.78719374 ], [ 92.27025569, 24.78074713 ], [ 92.26583262, 24.77413811 ], [ 92.26448426, 24.76410942 ], [ 92.27058632, 24.7476852 ], [ 92.26606937, 24.71244467 ], [ 92.25741727, 24.70130657 ], [ 92.23942248, 24.70160938 ], [ 92.23371432, 24.6968093 ], [ 92.2261735, 24.67998296 ], [ 92.22741796, 24.66644144 ], [ 92.24005504, 24.64398976 ], [ 92.23421436, 24.62211146 ], [ 92.22154134, 24.60527497 ], [ 92.22909634, 24.59436898 ], [ 92.2333943, 24.58100913 ], [ 92.23341652, 24.50171372 ], [ 92.22771339, 24.49862331 ], [ 92.22108451, 24.50130672 ], [ 92.19624771, 24.51730381 ], [ 92.17043648, 24.5274978 ], [ 92.15880704, 24.52465703 ], [ 92.15645727, 24.51967898 ], [ 92.15426118, 24.50323309 ], [ 92.16017589, 24.46387598 ], [ 92.17179881, 24.42156303 ], [ 92.14249231, 24.42469965 ], [ 92.12557422, 24.3957294 ], [ 92.12699591, 24.38778888 ], [ 92.1241665, 24.38217825 ], [ 92.11392518, 24.37924393 ], [ 92.10454195, 24.38092243 ], [ 92.09452159, 24.37437192 ], [ 92.03663268, 24.37728076 ], [ 92.02485487, 24.38562751 ], [ 92.0102631, 24.38465149 ], [ 92.00587828, 24.39303248 ], [ 91.99867971, 24.39353765 ], [ 91.99124725, 24.38275838 ], [ 91.98730664, 24.38183479 ], [ 91.97968949, 24.38640108 ], [ 91.97458823, 24.382763 ], [ 91.97560521, 24.37699091 ], [ 91.99232364, 24.35087867 ], [ 92.00492034, 24.3380203 ], [ 92.00484468, 24.33315123 ], [ 91.99856668, 24.3279657 ], [ 91.98148276, 24.33357291 ], [ 91.96974644, 24.35212415 ], [ 91.96231818, 24.35795029 ], [ 91.95043837, 24.348595 ], [ 91.92793388, 24.33907646 ], [ 91.92745458, 24.32165001 ], [ 91.94316261, 24.2832565 ], [ 91.94400916, 24.25769558 ], [ 91.93188546, 24.22800869 ], [ 91.91314022, 24.14039727 ], [ 91.90736161, 24.13693051 ], [ 91.89565491, 24.13551817 ], [ 91.88992283, 24.14063249 ], [ 91.88261961, 24.15865151 ], [ 91.8504467, 24.19902297 ], [ 91.84892772, 24.20551678 ], [ 91.85516544, 24.21494777 ], [ 91.85194798, 24.22450469 ], [ 91.84800633, 24.22520216 ], [ 91.8359659, 24.21501774 ], [ 91.82237916, 24.21448381 ], [ 91.81464175, 24.2227434 ], [ 91.80772109, 24.22496775 ], [ 91.79810108, 24.22164946 ], [ 91.76477365, 24.24004703 ], [ 91.74976553, 24.24483416 ], [ 91.76782338, 24.14894032 ], [ 91.76620583, 24.14153104 ], [ 91.74976728, 24.14215285 ], [ 91.71562364, 24.15456504 ], [ 91.70995184, 24.16247646 ], [ 91.70642307, 24.16010568 ], [ 91.69892395, 24.16231633 ], [ 91.68572856, 24.18669651 ], [ 91.68337175, 24.19815155 ], [ 91.67133411, 24.21368891 ], [ 91.6756152, 24.23214567 ], [ 91.67136916, 24.23310657 ], [ 91.65443888, 24.21944197 ], [ 91.6638626, 24.18907145 ], [ 91.65153902, 24.17860669 ], [ 91.64682127, 24.15391787 ], [ 91.64050436, 24.14529648 ], [ 91.64082575, 24.1311163 ], [ 91.64485152, 24.12022116 ], [ 91.64247526, 24.10945225 ], [ 91.62980305, 24.09663347 ], [ 91.60295024, 24.09543868 ], [ 91.60554067, 24.08064789 ], [ 91.60162654, 24.07836426 ], [ 91.59093747, 24.07449143 ], [ 91.57850033, 24.08017939 ], [ 91.56958461, 24.07587305 ], [ 91.55345372, 24.07583674 ], [ 91.50152204, 24.08608907 ], [ 91.49659303, 24.09634301 ], [ 91.46973329, 24.09684402 ], [ 91.44970635, 24.10299905 ], [ 91.43887803, 24.10290965 ], [ 91.42819524, 24.10878162 ], [ 91.38765716, 24.10897146 ], [ 91.38208816, 24.10494621 ], [ 91.38400397, 24.07263906 ], [ 91.40416313, 24.05394079 ], [ 91.39593803, 24.03165928 ], [ 91.39563341, 24.0226232 ], [ 91.38659585, 24.01270341 ], [ 91.37946417, 23.99837309 ], [ 91.3854017, 23.97594291 ], [ 91.37290314, 23.97799954 ], [ 91.36329293, 23.98523148 ], [ 91.34996663, 23.9806842 ], [ 91.34081172, 23.98177871 ], [ 91.33443144, 23.99065859 ], [ 91.32820645, 23.99294877 ], [ 91.3073147, 23.98950273 ], [ 91.3016857, 23.97338168 ], [ 91.29740074, 23.96991268 ], [ 91.29071631, 23.97039223 ], [ 91.28973135, 23.97977258 ], [ 91.28451045, 23.98009071 ], [ 91.27040724, 23.9578357 ], [ 91.26542194, 23.94695288 ], [ 91.27664104, 23.9283586 ], [ 91.2689145, 23.92521881 ], [ 91.24195607, 23.92830652 ], [ 91.23826236, 23.92483878 ], [ 91.24608393, 23.91949469 ], [ 91.24705043, 23.91264275 ], [ 91.23693114, 23.90351782 ], [ 91.23321131, 23.88569118 ], [ 91.24008832, 23.87673051 ], [ 91.25398397, 23.83767413 ], [ 91.2346937, 23.80759995 ], [ 91.2347686, 23.80083203 ], [ 91.22835044, 23.78686899 ], [ 91.2309851, 23.77136292 ], [ 91.22755604, 23.74532287 ], [ 91.22278716, 23.74148609 ], [ 91.2057647, 23.75404799 ], [ 91.17553083, 23.74716113 ], [ 91.16736905, 23.74870492 ], [ 91.15484102, 23.72934545 ], [ 91.15250878, 23.71153652 ], [ 91.15776782, 23.68937854 ], [ 91.20474697, 23.68966569 ], [ 91.20757632, 23.68219452 ], [ 91.20843927, 23.65809337 ], [ 91.20736257, 23.64959244 ], [ 91.20309678, 23.64549438 ], [ 91.19739702, 23.64678794 ], [ 91.19585595, 23.65291735 ], [ 91.18317431, 23.65559067 ], [ 91.16532887, 23.66462464 ], [ 91.16151063, 23.6634974 ], [ 91.16321862, 23.60139955 ], [ 91.17888108, 23.59568692 ], [ 91.17838649, 23.58728187 ], [ 91.19847505, 23.56165316 ], [ 91.19976996, 23.55164552 ], [ 91.20587851, 23.5480004 ], [ 91.21330218, 23.55006227 ], [ 91.21471229, 23.54655429 ], [ 91.20560904, 23.52036797 ], [ 91.20813406, 23.5135332 ], [ 91.22039959, 23.51148319 ], [ 91.22504013, 23.4990672 ], [ 91.23796635, 23.49945676 ], [ 91.24267831, 23.49002572 ], [ 91.24973433, 23.48972688 ], [ 91.25190781, 23.46969694 ], [ 91.25939029, 23.44836709 ], [ 91.27247834, 23.43286961 ], [ 91.27081244, 23.4235488 ], [ 91.28181285, 23.41137123 ], [ 91.28050381, 23.3965456 ], [ 91.28609253, 23.37655742 ], [ 91.29020958, 23.37596587 ], [ 91.2928048, 23.38094709 ], [ 91.29663389, 23.37963303 ], [ 91.29729109, 23.37304105 ], [ 91.29184165, 23.37010772 ], [ 91.29968597, 23.35048742 ], [ 91.30418105, 23.35016764 ], [ 91.31700235, 23.3600154 ], [ 91.31398036, 23.34899645 ], [ 91.30443253, 23.34547192 ], [ 91.30018738, 23.33992512 ], [ 91.29452605, 23.32028129 ], [ 91.30199491, 23.315923 ], [ 91.31177675, 23.3160164 ], [ 91.31792036, 23.30857072 ], [ 91.30405032, 23.29770659 ], [ 91.30292975, 23.29281943 ], [ 91.30465154, 23.28668879 ], [ 91.31808362, 23.28301594 ], [ 91.31581107, 23.26692026 ], [ 91.3200246, 23.25657604 ], [ 91.32588246, 23.2569 ], [ 91.32906046, 23.25286632 ], [ 91.32326678, 23.24576346 ], [ 91.32767958, 23.22459024 ], [ 91.3279093, 23.16444805 ], [ 91.33492971, 23.15574872 ], [ 91.35375157, 23.10046435 ], [ 91.37069428, 23.07486289 ], [ 91.39307437, 23.06223163 ], [ 91.41424611, 23.06420882 ], [ 91.42159512, 23.07148658 ], [ 91.40688302, 23.09900581 ], [ 91.40783936, 23.11138816 ], [ 91.4020142, 23.1177474 ], [ 91.39573442, 23.15129598 ], [ 91.38850414, 23.16080412 ], [ 91.38445487, 23.19517584 ], [ 91.39150991, 23.2033692 ], [ 91.38848839, 23.21308852 ], [ 91.39158958, 23.22548602 ], [ 91.40317566, 23.2303739 ], [ 91.40107512, 23.24534389 ], [ 91.40900301, 23.25335586 ], [ 91.40270888, 23.25746324 ], [ 91.4020724, 23.26314218 ], [ 91.40615777, 23.26525204 ], [ 91.41365701, 23.25772804 ], [ 91.41665624, 23.26118946 ], [ 91.41156416, 23.28182595 ], [ 91.41616006, 23.28222501 ], [ 91.42487874, 23.26053305 ], [ 91.44870765, 23.26289512 ], [ 91.4571496, 23.25826373 ], [ 91.45360148, 23.25136803 ], [ 91.45471506, 23.24704331 ], [ 91.46284127, 23.24638278 ], [ 91.47068829, 23.23253973 ], [ 91.45838514, 23.2200675 ], [ 91.4639025, 23.21614543 ], [ 91.48283122, 23.21890779 ], [ 91.48542038, 23.21387312 ], [ 91.48774733, 23.20485752 ], [ 91.47550186, 23.19834879 ], [ 91.47729063, 23.1937604 ], [ 91.48299768, 23.19064554 ], [ 91.5043912, 23.19017903 ], [ 91.50754568, 23.18640853 ], [ 91.49696192, 23.1800923 ], [ 91.49879737, 23.171072 ], [ 91.49404528, 23.15587201 ], [ 91.50551883, 23.1514354 ], [ 91.5048629, 23.14763679 ], [ 91.51778934, 23.14421644 ], [ 91.50704861, 23.13248255 ], [ 91.50788268, 23.12734458 ], [ 91.51720103, 23.12280212 ], [ 91.51987301, 23.11840025 ], [ 91.51772367, 23.1072747 ], [ 91.52361913, 23.10335142 ], [ 91.52703192, 23.09243938 ], [ 91.53369523, 23.08969551 ], [ 91.52926121, 23.08243472 ], [ 91.5357214, 23.06930005 ], [ 91.53022861, 23.06157924 ], [ 91.53855904, 23.05721631 ], [ 91.53724416, 23.03968939 ], [ 91.55169885, 23.03915911 ], [ 91.5435271, 23.02419547 ], [ 91.54973343, 23.01702034 ], [ 91.54589725, 22.99774956 ], [ 91.54865369, 22.99478888 ], [ 91.55883659, 23.00217961 ], [ 91.56092137, 22.99840129 ], [ 91.55823605, 22.98176425 ], [ 91.57919937, 22.96999644 ], [ 91.59543707, 22.97696438 ], [ 91.60887508, 22.96712502 ], [ 91.61066585, 22.96370794 ], [ 91.60739934, 22.95790565 ], [ 91.61686757, 22.94442119 ], [ 91.62154538, 22.9441809 ], [ 91.63861693, 22.96868474 ], [ 91.6595957, 22.98046626 ], [ 91.67463108, 22.97885581 ], [ 91.69155911, 22.98465206 ], [ 91.69659674, 22.99000922 ], [ 91.71583784, 22.98759714 ], [ 91.72691119, 22.99434725 ], [ 91.73056859, 23.00114762 ], [ 91.74823844, 23.01299339 ], [ 91.7740025, 23.04098681 ], [ 91.78068673, 23.03342237 ], [ 91.7857034, 23.04283777 ], [ 91.77726283, 23.06392865 ], [ 91.77897724, 23.06990167 ], [ 91.7876414, 23.0739218 ], [ 91.79606875, 23.06855248 ], [ 91.81090223, 23.06945152 ], [ 91.82031227, 23.07825883 ], [ 91.81648324, 23.08212375 ], [ 91.82709423, 23.08687751 ], [ 91.83532634, 23.09577809 ], [ 91.83402666, 23.10037752 ], [ 91.82125678, 23.09930838 ], [ 91.81898186, 23.10318641 ], [ 91.80538056, 23.17988712 ], [ 91.79313389, 23.2008561 ], [ 91.79155681, 23.23128939 ], [ 91.77851957, 23.25117213 ], [ 91.77775881, 23.27636688 ], [ 91.78850286, 23.30650683 ], [ 91.80230357, 23.31814635 ], [ 91.80801726, 23.32666963 ], [ 91.80651259, 23.33235192 ], [ 91.80941624, 23.33742662 ], [ 91.82469922, 23.34835809 ], [ 91.8413584, 23.37346407 ], [ 91.84016, 23.39269652 ], [ 91.84287011, 23.39732146 ], [ 91.85259812, 23.40532345 ], [ 91.86668205, 23.40756074 ], [ 91.89255163, 23.43353428 ], [ 91.91199424, 23.43932329 ], [ 91.94245164, 23.4356887 ], [ 91.94605284, 23.43895303 ], [ 91.9431841, 23.46142613 ], [ 91.94675528, 23.47066331 ], [ 91.978706, 23.48219409 ], [ 91.97099998, 23.51187136 ], [ 91.96175512, 23.51878022 ], [ 91.95937605, 23.5242812 ], [ 91.96703412, 23.5382299 ], [ 91.96249004, 23.56132947 ], [ 91.95665353, 23.57087934 ], [ 91.95539436, 23.58613763 ], [ 91.95970097, 23.60503085 ], [ 91.94820413, 23.6267476 ], [ 91.94658881, 23.63522673 ], [ 91.94945847, 23.64626593 ], [ 91.94123599, 23.66067586 ], [ 91.93895621, 23.68116385 ], [ 91.94488222, 23.69149503 ], [ 91.96161584, 23.69798503 ], [ 91.96197838, 23.7016905 ], [ 91.9576689, 23.70284841 ], [ 91.95348382, 23.71339574 ], [ 91.95877292, 23.73103624 ], [ 91.97091886, 23.73470326 ], [ 91.98388618, 23.73069847 ], [ 92.00012951, 23.68516506 ], [ 92.01240769, 23.66308922 ], [ 92.03610483, 23.64992046 ], [ 92.05191106, 23.64628586 ], [ 92.07720171, 23.64548533 ], [ 92.08121216, 23.64883959 ], [ 92.08609069, 23.67379747 ], [ 92.08980348, 23.67642416 ], [ 92.1067613, 23.67649402 ], [ 92.11504597, 23.68844647 ], [ 92.13673501, 23.70731955 ], [ 92.14615754, 23.72840042 ], [ 92.15457394, 23.73403685 ], [ 92.17721663, 23.73782253 ], [ 92.17626897, 23.72770028 ], [ 92.18136289, 23.70811135 ], [ 92.19263712, 23.70896519 ], [ 92.20843862, 23.70486204 ], [ 92.21773134, 23.68573741 ], [ 92.21185219, 23.6612477 ], [ 92.22021844, 23.65169467 ], [ 92.23253821, 23.66004829 ], [ 92.2384858, 23.67035891 ], [ 92.23764728, 23.68373032 ], [ 92.24672169, 23.69603858 ], [ 92.24402524, 23.71003286 ], [ 92.24919301, 23.71790538 ], [ 92.25408663, 23.72208144 ], [ 92.26848354, 23.72439388 ], [ 92.2823592, 23.71502083 ], [ 92.29201775, 23.70185855 ], [ 92.29598146, 23.68741651 ], [ 92.29289697, 23.6710602 ], [ 92.2792692, 23.6434731 ], [ 92.2798685, 23.63778366 ], [ 92.28468438, 23.63418128 ], [ 92.28412567, 23.62623015 ], [ 92.3022667, 23.62375127 ], [ 92.30179508, 23.61968489 ], [ 92.29484665, 23.61524169 ], [ 92.29500121, 23.59663462 ], [ 92.31002123, 23.59044028 ], [ 92.31502491, 23.55386803 ], [ 92.31312447, 23.53434738 ], [ 92.32422271, 23.52706033 ], [ 92.3211057, 23.51810961 ], [ 92.32516897, 23.5037528 ], [ 92.3256192, 23.48487641 ], [ 92.32934538, 23.48063685 ], [ 92.32896833, 23.47630404 ], [ 92.32300674, 23.4713137 ], [ 92.32400339, 23.46761856 ], [ 92.33477293, 23.4642094 ], [ 92.3316746, 23.45318213 ], [ 92.33252965, 23.42951436 ], [ 92.34797634, 23.43469923 ], [ 92.35095849, 23.4196201 ], [ 92.35576599, 23.41429821 ], [ 92.36115247, 23.4139512 ], [ 92.35697323, 23.40147289 ], [ 92.35766706, 23.39687523 ], [ 92.3619815, 23.39579702 ], [ 92.3598554, 23.38630911 ], [ 92.36779158, 23.37973198 ], [ 92.36545384, 23.37511703 ], [ 92.37896248, 23.37216568 ], [ 92.38535922, 23.36007574 ], [ 92.38481068, 23.34100711 ], [ 92.37310198, 23.32851784 ], [ 92.37674202, 23.32139012 ], [ 92.38349598, 23.32104173 ], [ 92.38702433, 23.31752358 ], [ 92.39184339, 23.30723949 ], [ 92.38805586, 23.29440438 ], [ 92.39984016, 23.2716594 ], [ 92.39310725, 23.26360597 ], [ 92.40547902, 23.24249263 ], [ 92.40587854, 23.23824449 ], [ 92.39395426, 23.24029833 ], [ 92.36238969, 23.23761191 ], [ 92.35741058, 23.23417324 ], [ 92.36147373, 23.21322342 ], [ 92.35888274, 23.19487603 ], [ 92.36526272, 23.18278793 ], [ 92.36412093, 23.17031774 ], [ 92.3679811, 23.14900052 ], [ 92.36342596, 23.13842591 ], [ 92.3736986, 23.12615456 ], [ 92.36662571, 23.10518652 ], [ 92.37376829, 23.09932648 ], [ 92.37319894, 23.09219004 ], [ 92.37663381, 23.08722797 ], [ 92.38610004, 23.08815276 ], [ 92.38916936, 23.07081425 ], [ 92.39671548, 23.05501695 ], [ 92.38864828, 23.039916 ], [ 92.38729779, 23.035753 ], [ 92.39100893, 23.02988512 ], [ 92.38430724, 23.0174067 ], [ 92.3911676, 23.00549729 ], [ 92.38613836, 22.98398503 ], [ 92.38380892, 22.97828885 ], [ 92.37397947, 22.97067834 ], [ 92.37838223, 22.96264904 ], [ 92.37543224, 22.93372914 ], [ 92.3838292, 22.9287779 ], [ 92.4017777, 22.92781802 ], [ 92.40385352, 22.91273513 ], [ 92.41574452, 22.91818023 ], [ 92.42169178, 22.91665577 ], [ 92.43666249, 22.88830401 ], [ 92.4432778, 22.89347217 ], [ 92.44864328, 22.89265982 ], [ 92.45149198, 22.88227796 ], [ 92.45862255, 22.87343249 ], [ 92.45844477, 22.86385832 ], [ 92.46302902, 22.86188006 ], [ 92.45991859, 22.85528094 ], [ 92.46470953, 22.84697165 ], [ 92.45877428, 22.84081736 ], [ 92.462684, 22.83070395 ], [ 92.45606045, 22.82834556 ], [ 92.45647212, 22.81705911 ], [ 92.46701754, 22.80423699 ], [ 92.47552991, 22.77967927 ], [ 92.48053879, 22.75068111 ], [ 92.48561216, 22.74625808 ], [ 92.50324779, 22.74239791 ], [ 92.51046526, 22.73509066 ], [ 92.52062653, 22.70121851 ], [ 92.52738348, 22.66607881 ], [ 92.52790183, 22.63798175 ], [ 92.53550362, 22.63355538 ], [ 92.52685595, 22.621803 ], [ 92.53493852, 22.61016096 ], [ 92.53835799, 22.59606221 ], [ 92.53925277, 22.57709062 ], [ 92.53002003, 22.57247992 ], [ 92.5293448, 22.56777976 ], [ 92.54308527, 22.54177459 ], [ 92.54728105, 22.52361557 ], [ 92.55005996, 22.46940694 ], [ 92.55581109, 22.44465032 ], [ 92.55690489, 22.41609767 ], [ 92.58339913, 22.31320171 ], [ 92.57982513, 22.27869066 ], [ 92.59265238, 22.25465363 ], [ 92.59287096, 22.21788372 ], [ 92.60199538, 22.19990642 ], [ 92.59967769, 22.18083703 ], [ 92.60239755, 22.17604837 ], [ 92.61219292, 22.17388266 ], [ 92.6144215, 22.16910013 ], [ 92.60852484, 22.12653855 ], [ 92.60068154, 22.12436566 ], [ 92.5923323, 22.13972463 ], [ 92.58427533, 22.14405494 ], [ 92.57487265, 22.14197374 ], [ 92.5641216, 22.13266322 ], [ 92.5736295, 22.12019956 ], [ 92.59478629, 22.07891643 ], [ 92.59575919, 22.06608942 ], [ 92.60264179, 22.05687229 ], [ 92.59906899, 22.03771745 ], [ 92.60518091, 22.02633017 ], [ 92.59995508, 22.01105945 ], [ 92.61536334, 21.99262779 ], [ 92.61303814, 21.98494554 ], [ 92.60887866, 21.98404825 ], [ 92.61013048, 21.9789826 ], [ 92.63570235, 21.98730046 ], [ 92.65701162, 22.01332576 ], [ 92.67851538, 22.01268969 ], [ 92.68210088, 22.01639711 ], [ 92.68772251, 22.03943836 ], [ 92.68442797, 22.04847121 ], [ 92.68162679, 22.10377597 ], [ 92.68424726, 22.10783758 ], [ 92.68734347, 22.10549505 ], [ 92.6913121, 22.07567008 ], [ 92.69528892, 22.08462021 ], [ 92.69714633, 22.14668888 ], [ 92.7012205, 22.15211625 ], [ 92.71566349, 22.15093411 ], [ 92.73049785, 22.14785952 ], [ 92.73553659, 22.13727982 ], [ 92.76781141, 22.12126983 ], [ 92.76693842, 22.11404795 ], [ 92.77139145, 22.10925229 ], [ 92.78642159, 22.10707035 ], [ 92.81470367, 22.09367126 ], [ 92.82321909, 22.07776146 ], [ 92.83406873, 22.074407 ], [ 92.84220326, 22.06617792 ], [ 92.84218872, 22.06147848 ], [ 92.84655949, 22.06038735 ], [ 92.86080844, 22.06561322 ], [ 92.86525707, 22.06334549 ], [ 92.87219086, 22.02809217 ], [ 92.8917238, 22.00990525 ], [ 92.90213976, 21.97871116 ], [ 92.90325289, 21.95151443 ], [ 92.90827914, 21.94419 ], [ 92.91351005, 21.94734677 ], [ 92.91314741, 21.9629773 ], [ 92.9251138, 21.99376982 ], [ 92.93647705, 22.00640007 ], [ 92.92903344, 22.01535901 ], [ 92.93203894, 22.01788369 ], [ 92.93949833, 22.01616173 ], [ 92.95317629, 22.02769794 ], [ 92.96392334, 22.0248763 ], [ 92.96680946, 22.01186102 ], [ 92.97686806, 22.00415628 ], [ 92.98533467, 21.98065013 ], [ 92.996273, 21.97565306 ], [ 93.00392405, 21.97753971 ], [ 93.00655195, 21.98159548 ], [ 93.00767655, 22.00880078 ], [ 92.99891169, 22.02978049 ], [ 92.99731175, 22.04803404 ], [ 93.01183382, 22.08280028 ], [ 93.01061538, 22.09978968 ], [ 93.01333388, 22.10303363 ], [ 93.02031539, 22.10319823 ], [ 93.03650186, 22.1024398 ], [ 93.04938039, 22.09671447 ], [ 93.06286253, 22.09948556 ], [ 93.06375782, 22.11069467 ], [ 93.05653038, 22.12498348 ], [ 93.04424948, 22.13613337 ], [ 93.05227424, 22.16286205 ], [ 93.05103692, 22.17324819 ], [ 93.04186833, 22.19116914 ], [ 93.04402244, 22.19504877 ], [ 93.05120743, 22.20063609 ], [ 93.07431416, 22.20744938 ], [ 93.09455661, 22.19663492 ], [ 93.11444584, 22.19857121 ], [ 93.12795523, 22.17630754 ], [ 93.13590233, 22.17393056 ], [ 93.15162079, 22.17533716 ], [ 93.160162, 22.17946285 ], [ 93.16701619, 22.19715689 ], [ 93.1562884, 22.20694646 ], [ 93.15372906, 22.22583635 ], [ 93.14368894, 22.23825104 ], [ 93.14437735, 22.24366743 ], [ 93.18756592, 22.24670077 ], [ 93.20575592, 22.25802377 ], [ 93.2064546, 22.26317109 ], [ 93.19913725, 22.27783451 ], [ 93.197799, 22.31010182 ], [ 93.19357191, 22.32159115 ], [ 93.20378772, 22.3264408 ], [ 93.19672248, 22.3341396 ], [ 93.18985889, 22.36777783 ], [ 93.19465204, 22.37689106 ], [ 93.18878676, 22.3928142 ], [ 93.19279574, 22.40021132 ], [ 93.19155678, 22.4058172 ], [ 93.1862301, 22.41044125 ], [ 93.18811888, 22.42417322 ], [ 93.1727628, 22.44826163 ], [ 93.15410651, 22.44913052 ], [ 93.13946983, 22.46028451 ], [ 93.13192977, 22.47187712 ], [ 93.13520351, 22.49210361 ], [ 93.12630244, 22.50686117 ], [ 93.13109605, 22.51696404 ], [ 93.12830089, 22.52311824 ], [ 93.1091636, 22.52886574 ], [ 93.11347326, 22.5375269 ], [ 93.11528077, 22.55595776 ], [ 93.1190773, 22.55702722 ], [ 93.13343998, 22.57849093 ], [ 93.14307879, 22.58307541 ], [ 93.14186279, 22.5958182 ], [ 93.13386684, 22.61987483 ], [ 93.11232218, 22.63619966 ], [ 93.11605297, 22.64847888 ], [ 93.1081947, 22.65609313 ], [ 93.10112954, 22.67111281 ], [ 93.10447705, 22.68329843 ], [ 93.10178049, 22.69315879 ], [ 93.08936835, 22.70637928 ], [ 93.09667908, 22.71133058 ], [ 93.09954576, 22.72442968 ], [ 93.11030628, 22.74121081 ], [ 93.09696551, 22.80738086 ], [ 93.11384326, 22.81321118 ], [ 93.11424243, 22.81781923 ], [ 93.11034501, 22.8190928 ], [ 93.10890991, 22.8251543 ], [ 93.1184869, 22.8342537 ], [ 93.11934835, 22.85963975 ], [ 93.13088715, 22.8720764 ], [ 93.13651651, 22.8970013 ], [ 93.13293123, 22.90406095 ], [ 93.13646181, 22.91000948 ], [ 93.16044881, 22.91030904 ], [ 93.16602078, 22.91589261 ], [ 93.1511443, 22.9274077 ], [ 93.14935951, 22.94675114 ], [ 93.14024592, 22.96123114 ], [ 93.14583223, 22.9723312 ], [ 93.14033657, 22.99050694 ], [ 93.13117113, 22.99288646 ], [ 93.12699135, 22.99759956 ], [ 93.13356138, 23.00968103 ], [ 93.12941604, 23.02270574 ], [ 93.13363767, 23.03200313 ], [ 93.13075696, 23.0442965 ], [ 93.13966969, 23.05737774 ], [ 93.14514517, 23.05844599 ], [ 93.15342813, 23.05480829 ], [ 93.16559743, 23.04573 ], [ 93.1807578, 23.05463696 ], [ 93.19218696, 23.05694623 ], [ 93.20388963, 23.05348013 ], [ 93.21789253, 23.04177525 ], [ 93.23175629, 23.01841527 ], [ 93.25082463, 23.00298853 ], [ 93.26567678, 23.00880844 ], [ 93.27618213, 23.00208799 ], [ 93.29530252, 23.00219226 ], [ 93.31254766, 23.01847933 ], [ 93.31878899, 23.0181907 ], [ 93.33017967, 23.03196513 ], [ 93.3427154, 23.06100957 ], [ 93.35051853, 23.0610636 ], [ 93.35495299, 23.069001 ], [ 93.35575229, 23.07415244 ], [ 93.34864304, 23.07653051 ], [ 93.35955221, 23.09156925 ], [ 93.36258318, 23.11287646 ], [ 93.3912024, 23.13471907 ], [ 93.39202318, 23.14049765 ], [ 93.38822619, 23.14403298 ], [ 93.37668139, 23.13975189 ], [ 93.37153959, 23.14645552 ], [ 93.38285962, 23.18408859 ], [ 93.38503211, 23.20730103 ], [ 93.39240527, 23.21566385 ], [ 93.39232453, 23.22036331 ], [ 93.37607103, 23.25224485 ], [ 93.37273582, 23.27069465 ], [ 93.3730736, 23.27873371 ], [ 93.37888217, 23.28602328 ], [ 93.37469557, 23.3088981 ], [ 93.37704529, 23.32877215 ], [ 93.36355678, 23.35060476 ], [ 93.37406414, 23.35868924 ], [ 93.39647132, 23.36031195 ], [ 93.39417798, 23.37007444 ], [ 93.40234477, 23.37952427 ], [ 93.41195824, 23.38400578 ], [ 93.3960243, 23.40729876 ], [ 93.39496967, 23.42934817 ], [ 93.4037573, 23.46328142 ], [ 93.40217948, 23.48099219 ], [ 93.40596291, 23.49245168 ], [ 93.40543669, 23.5044755 ], [ 93.42545919, 23.53031461 ], [ 93.42183033, 23.56529762 ], [ 93.43261638, 23.58476191 ], [ 93.42620418, 23.64948231 ], [ 93.43136906, 23.66310286 ], [ 93.4426323, 23.67831836 ], [ 93.43446902, 23.69208612 ], [ 93.42127255, 23.69992001 ], [ 93.41494068, 23.70808114 ], [ 93.41293387, 23.71856999 ], [ 93.41573694, 23.72849485 ], [ 93.40333407, 23.7575546 ], [ 93.40252414, 23.77102313 ], [ 93.40906929, 23.80369335 ], [ 93.40791953, 23.8095714 ], [ 93.39727665, 23.82019577 ], [ 93.39821747, 23.83130656 ], [ 93.39520392, 23.83691781 ], [ 93.39377383, 23.88327336 ], [ 93.39694056, 23.92626782 ], [ 93.36928221, 23.93659439 ], [ 93.35415736, 23.95734232 ], [ 93.34990848, 23.97407487 ], [ 93.33578589, 23.97891729 ], [ 93.33275341, 23.98308763 ], [ 93.33731566, 23.99201621 ], [ 93.33867676, 24.00854546 ], [ 93.33529219, 24.01993617 ], [ 93.34053195, 24.02678219 ], [ 93.33162851, 24.03594138 ], [ 93.34059635, 24.04070031 ], [ 93.33474907, 24.05283058 ], [ 93.34041117, 24.06355269 ], [ 93.33245323, 24.08626835 ], [ 93.34201228, 24.09047416 ], [ 93.34524665, 24.08837909 ], [ 93.35226381, 24.09377031 ], [ 93.34534793, 24.10907423 ], [ 93.35516568, 24.10515143 ], [ 93.36482646, 24.08902441 ], [ 93.40256134, 24.0802777 ], [ 93.42304951, 24.0676284 ], [ 93.43115462, 24.05756234 ], [ 93.44228234, 24.02363604 ], [ 93.45149297, 24.01870728 ], [ 93.46522534, 23.99506061 ], [ 93.46432201, 23.97501468 ], [ 93.46704054, 23.96975653 ], [ 93.48391018, 23.96335483 ], [ 93.48750888, 23.9572808 ], [ 93.50064285, 23.95151882 ], [ 93.50679203, 23.94462457 ], [ 93.51317246, 23.94287871 ], [ 93.52858048, 23.95643812 ], [ 93.55298128, 23.96082422 ], [ 93.55532834, 23.97526364 ], [ 93.56158478, 23.98516766 ], [ 93.56689485, 23.98424088 ], [ 93.57807452, 23.96583896 ], [ 93.59515371, 23.96276193 ], [ 93.60145846, 23.96507375 ], [ 93.61392496, 23.97692588 ], [ 93.61890423, 23.98665721 ], [ 93.61431428, 24.00619661 ], [ 93.61867164, 24.0096921 ], [ 93.65041847, 24.00887585 ], [ 93.6607747, 24.00004727 ], [ 93.67547025, 24.0063759 ], [ 93.71809468, 24.00076943 ], [ 93.73779858, 23.99431603 ], [ 93.74224229, 23.99636862 ], [ 93.74446498, 24.00366583 ], [ 93.75478714, 24.00459041 ], [ 93.77128674, 23.97746529 ], [ 93.78336797, 23.96446775 ], [ 93.79130587, 23.96251644 ], [ 93.79496185, 23.95164256 ], [ 93.79888126, 23.95053691 ], [ 93.80303855, 23.94219451 ], [ 93.80576729, 23.92807745 ], [ 93.81369903, 23.9247743 ], [ 93.83523534, 23.92696427 ], [ 93.84629055, 23.93293763 ], [ 93.86387565, 23.93271955 ], [ 93.87466387, 23.94166947 ], [ 93.88468709, 23.94223037 ], [ 93.89370335, 23.94957034 ], [ 93.9046308, 23.95183377 ], [ 93.95133232, 23.94478248 ], [ 93.95749515, 23.94148043 ], [ 93.95975543, 23.93170281 ], [ 93.96689781, 23.92848202 ], [ 93.99900092, 23.92560634 ], [ 94.01514211, 23.92835811 ], [ 94.04062953, 23.91233245 ], [ 94.04850007, 23.89473503 ], [ 94.05397341, 23.89189001 ], [ 94.07307614, 23.8872944 ], [ 94.09341344, 23.88774901 ], [ 94.09827536, 23.88318638 ], [ 94.10148414, 23.87132346 ], [ 94.11138991, 23.86075053 ], [ 94.11203294, 23.84655833 ], [ 94.1198843, 23.83682235 ], [ 94.13238192, 23.8401363 ], [ 94.13651987, 23.84994806 ], [ 94.14437589, 23.85014601 ], [ 94.15266864, 23.84546704 ], [ 94.15867256, 23.84676379 ], [ 94.16545699, 23.88311296 ], [ 94.16802866, 23.92906908 ], [ 94.17416371, 23.93280615 ], [ 94.1876666, 23.92798702 ], [ 94.19320789, 23.93163043 ], [ 94.19175387, 23.95893104 ], [ 94.24260276, 24.03803371 ], [ 94.23037279, 24.06073393 ], [ 94.24448513, 24.05635173 ], [ 94.2570042, 24.08333019 ], [ 94.25405628, 24.10043689 ], [ 94.25657612, 24.11360005 ], [ 94.25536926, 24.13674116 ], [ 94.26009492, 24.16153242 ], [ 94.28111199, 24.17361401 ], [ 94.28246407, 24.19636402 ], [ 94.29256246, 24.23357242 ], [ 94.310663, 24.24775142 ], [ 94.32542788, 24.28608208 ], [ 94.32384172, 24.33262155 ], [ 94.34454227, 24.33303634 ], [ 94.34920878, 24.33561004 ], [ 94.38083618, 24.37293807 ], [ 94.38356586, 24.37814317 ], [ 94.36285523, 24.39327259 ], [ 94.3642933, 24.39813848 ], [ 94.39665523, 24.40663883 ], [ 94.40139182, 24.4146312 ], [ 94.40642364, 24.43761172 ], [ 94.40547023, 24.4472838 ], [ 94.39797746, 24.45558899 ], [ 94.409028, 24.46314344 ], [ 94.40098501, 24.48130031 ], [ 94.42711127, 24.48679692 ], [ 94.43412585, 24.50939366 ], [ 94.46306428, 24.56895529 ], [ 94.48290258, 24.57558948 ], [ 94.48744735, 24.58249416 ], [ 94.49998013, 24.58966745 ], [ 94.52903665, 24.62563448 ], [ 94.54832126, 24.66813691 ], [ 94.5505499, 24.68599938 ], [ 94.54423852, 24.70070376 ], [ 94.54862649, 24.70977402 ], [ 94.56011051, 24.71153753 ], [ 94.56822222, 24.70475441 ], [ 94.57415768, 24.70522148 ], [ 94.57104468, 24.71519214 ], [ 94.57521639, 24.72336361 ], [ 94.57928226, 24.72449379 ], [ 94.58341445, 24.72317614 ], [ 94.58211031, 24.70801015 ], [ 94.58857134, 24.70405298 ], [ 94.60841917, 24.71518511 ], [ 94.61526431, 24.73714198 ], [ 94.63090766, 24.75799777 ], [ 94.63062905, 24.76586021 ], [ 94.62299666, 24.77787491 ], [ 94.62246987, 24.78889887 ], [ 94.63244522, 24.80783589 ], [ 94.63553773, 24.83544361 ], [ 94.65376768, 24.85589205 ], [ 94.65452522, 24.86663636 ], [ 94.68662849, 24.88799298 ], [ 94.69921731, 24.92052073 ], [ 94.70358272, 24.92724081 ], [ 94.71678177, 24.9353777 ], [ 94.70156163, 24.95653459 ], [ 94.70090353, 24.9712691 ], [ 94.71096117, 24.98667214 ], [ 94.72385582, 24.99426861 ], [ 94.73999733, 25.01817158 ], [ 94.7485456, 25.05644661 ], [ 94.74341114, 25.09463236 ], [ 94.74356986, 25.12958739 ], [ 94.7115505, 25.14301192 ], [ 94.70148292, 25.15290841 ], [ 94.68518999, 25.15104047 ], [ 94.67547264, 25.15820825 ], [ 94.64585457, 25.16771478 ], [ 94.62903088, 25.18373066 ], [ 94.60701159, 25.18446098 ], [ 94.59983291, 25.1886203 ], [ 94.58356739, 25.20923723 ], [ 94.59752442, 25.26036416 ], [ 94.59697186, 25.28259024 ], [ 94.61146998, 25.31547001 ], [ 94.6342982, 25.35258025 ], [ 94.635616, 25.37387459 ], [ 94.64280491, 25.39509847 ], [ 94.64755637, 25.39983064 ], [ 94.66931737, 25.40596163 ], [ 94.67216399, 25.40962456 ], [ 94.67649655, 25.41995294 ], [ 94.68084712, 25.4531745 ], [ 94.68706054, 25.45892826 ], [ 94.74486409, 25.47243155 ], [ 94.75503083, 25.48530212 ], [ 94.76068965, 25.48477143 ], [ 94.76541207, 25.47567683 ], [ 94.77106881, 25.47451661 ], [ 94.78284941, 25.48338612 ], [ 94.81079719, 25.48850492 ], [ 94.82717556, 25.52124368 ], [ 94.83227167, 25.53986636 ], [ 94.8513692, 25.55640077 ], [ 94.90329487, 25.56007619 ], [ 94.88603739, 25.580645 ], [ 94.88732285, 25.58613908 ], [ 94.90981603, 25.59628786 ], [ 94.91802135, 25.60411838 ], [ 94.92501879, 25.63354106 ], [ 94.93598799, 25.66201563 ], [ 94.98744252, 25.70197358 ], [ 94.99714555, 25.71456071 ], [ 95.00083409, 25.72551775 ], [ 95.00782972, 25.73137436 ], [ 95.03210613, 25.73425051 ], [ 95.05095042, 25.75544812 ], [ 95.04395492, 25.77561342 ], [ 95.0502656, 25.79799907 ], [ 95.03598815, 25.81311803 ], [ 95.03179988, 25.8394642 ], [ 95.01402032, 25.86502943 ], [ 95.01418557, 25.87369372 ], [ 95.02080184, 25.88054906 ], [ 95.01796374, 25.89404764 ], [ 95.02053102, 25.90303456 ], [ 95.03502561, 25.92006016 ], [ 95.03538441, 25.92809932 ], [ 95.04356606, 25.92779249 ], [ 95.05607852, 25.9399651 ], [ 95.07762154, 25.94377832 ], [ 95.10512704, 25.96103325 ], [ 95.11619997, 25.98063382 ], [ 95.13935829, 25.99931523 ], [ 95.16134012, 26.02424389 ], [ 95.16428657, 26.04622592 ], [ 95.18442765, 26.07316816 ], [ 95.18410718, 26.07750713 ], [ 95.16975606, 26.08966588 ], [ 95.16471111, 26.09191172 ], [ 95.15042737, 26.08781726 ], [ 95.13687878, 26.09553135 ], [ 95.12554599, 26.09400194 ], [ 95.11942322, 26.10276814 ], [ 95.11976091, 26.11504656 ], [ 95.12676538, 26.13001678 ], [ 95.11577883, 26.15611406 ], [ 95.1170001, 26.16205127 ], [ 95.12477232, 26.17583168 ], [ 95.12670612, 26.18708452 ], [ 95.123656, 26.18975434 ], [ 95.12729244, 26.1962847 ], [ 95.14151792, 26.20734561 ], [ 95.12217995, 26.22617182 ], [ 95.12028334, 26.23189355 ], [ 95.1287424, 26.24936307 ], [ 95.11981333, 26.26811015 ], [ 95.13027955, 26.28573596 ], [ 95.12674487, 26.32922449 ], [ 95.13268249, 26.33590096 ], [ 95.12752183, 26.3479942 ], [ 95.13500733, 26.38119154 ], [ 95.12097042, 26.39144444 ], [ 95.10409761, 26.39470407 ], [ 95.10805199, 26.41721639 ], [ 95.08644868, 26.44555657 ], [ 95.06585796, 26.44398614 ], [ 95.06828147, 26.46030038 ], [ 95.07552225, 26.47128333 ], [ 95.10191809, 26.49678043 ], [ 95.10301959, 26.50650643 ], [ 95.1126643, 26.51231102 ], [ 95.12031454, 26.52339112 ], [ 95.11436482, 26.54163459 ], [ 95.12427058, 26.55023442 ], [ 95.12638838, 26.55597672 ], [ 95.13810622, 26.55406823 ], [ 95.14397363, 26.55659304 ], [ 95.14407051, 26.56147211 ], [ 95.15407675, 26.57438939 ], [ 95.15581353, 26.5804134 ], [ 95.15181364, 26.59122591 ], [ 95.15437243, 26.61312994 ], [ 95.17106224, 26.62368612 ], [ 95.18168552, 26.63687462 ], [ 95.19091859, 26.64132299 ], [ 95.20581391, 26.64269919 ], [ 95.21449223, 26.64923515 ], [ 95.24362602, 26.68744378 ], [ 95.25969093, 26.67984032 ], [ 95.26168197, 26.66711266 ], [ 95.2716159, 26.65626311 ], [ 95.29270049, 26.65461183 ], [ 95.30213663, 26.64935867 ], [ 95.31743469, 26.66016642 ], [ 95.34618707, 26.67121957 ], [ 95.36538271, 26.67081728 ], [ 95.40593189, 26.68977402 ], [ 95.42281199, 26.68981994 ], [ 95.42834833, 26.69314932 ], [ 95.44148256, 26.71595414 ], [ 95.45367959, 26.72557618 ], [ 95.4652041, 26.74351065 ], [ 95.48300707, 26.74806624 ], [ 95.48866869, 26.75472536 ], [ 95.50171671, 26.7758042 ], [ 95.51440191, 26.80628379 ], [ 95.5245976, 26.81301444 ], [ 95.53238406, 26.82427584 ], [ 95.55435325, 26.83259631 ], [ 95.56229324, 26.83022011 ], [ 95.57431469, 26.81862147 ], [ 95.61102329, 26.81406895 ], [ 95.63177665, 26.84232943 ], [ 95.63635673, 26.87218125 ], [ 95.6505689, 26.87672229 ], [ 95.66255874, 26.8977932 ], [ 95.67296185, 26.90307441 ], [ 95.69814814, 26.88797849 ], [ 95.70302962, 26.87993079 ], [ 95.7206329, 26.87632225 ], [ 95.73031043, 26.88016482 ], [ 95.75450101, 26.90053513 ], [ 95.75765549, 26.9075536 ], [ 95.75211419, 26.92292207 ], [ 95.75630824, 26.93292101 ], [ 95.7632773, 26.93767275 ], [ 95.76047844, 26.95672408 ], [ 95.77927796, 26.98272113 ], [ 95.80450522, 27.00470048 ], [ 95.80759449, 27.01316735 ], [ 95.81496303, 27.01492586 ], [ 95.83758608, 27.00794565 ], [ 95.85738765, 27.01496178 ], [ 95.87672968, 27.01304889 ], [ 95.90028616, 27.02428164 ], [ 95.91540845, 27.03781128 ], [ 95.93583634, 27.04544842 ], [ 95.95672174, 27.06065014 ], [ 95.97884895, 27.10319315 ], [ 96.01664911, 27.14724547 ], [ 96.02954433, 27.18027498 ], [ 96.03618041, 27.18853256 ], [ 96.05702996, 27.1952387 ], [ 96.06874218, 27.20562568 ], [ 96.08613458, 27.20945857 ], [ 96.09188501, 27.21907677 ], [ 96.09878832, 27.22380328 ], [ 96.11426124, 27.22567487 ], [ 96.16343884, 27.2467598 ], [ 96.18182211, 27.24648446 ], [ 96.19606855, 27.25741107 ], [ 96.21782915, 27.26174164 ], [ 96.23406021, 27.27703928 ], [ 96.26711371, 27.26989418 ], [ 96.27833733, 27.27141358 ], [ 96.29011934, 27.28610811 ], [ 96.31051619, 27.29404656 ], [ 96.33539717, 27.28786104 ], [ 96.34733914, 27.28025753 ], [ 96.36114446, 27.28590618 ], [ 96.3637388, 27.29201483 ], [ 96.39114969, 27.28634285 ], [ 96.41567265, 27.29160316 ], [ 96.43306546, 27.30162633 ], [ 96.46115472, 27.30071937 ], [ 96.47028829, 27.30405459 ], [ 96.48554921, 27.29676264 ], [ 96.49954793, 27.30085755 ], [ 96.50488745, 27.29908886 ], [ 96.52178067, 27.28538037 ], [ 96.53021365, 27.28944296 ], [ 96.56129904, 27.31661843 ], [ 96.57489603, 27.32053199 ], [ 96.6002745, 27.33594084 ], [ 96.59780975, 27.34779531 ], [ 96.61205079, 27.36070574 ], [ 96.61998365, 27.3641368 ], [ 96.645593, 27.35906554 ], [ 96.66961831, 27.36347605 ], [ 96.69852533, 27.35663943 ], [ 96.71199778, 27.37181209 ], [ 96.74006304, 27.35541953 ], [ 96.77231523, 27.35582828 ], [ 96.80166547, 27.34518576 ], [ 96.82407131, 27.31107976 ], [ 96.83542762, 27.30109761 ], [ 96.84890108, 27.29677822 ], [ 96.8547416, 27.27073071 ], [ 96.86078774, 27.26289408 ], [ 96.87412657, 27.25749405 ], [ 96.8841475, 27.25826264 ], [ 96.88780406, 27.25388439 ], [ 96.88604484, 27.24497949 ], [ 96.89168248, 27.23786078 ], [ 96.88898763, 27.22708492 ], [ 96.86523523, 27.21386307 ], [ 96.86233698, 27.20948166 ], [ 96.86514978, 27.18987009 ], [ 96.87453727, 27.18370417 ], [ 96.9172359, 27.16546722 ], [ 96.96250615, 27.16242234 ], [ 96.98339317, 27.15645767 ], [ 96.99770209, 27.1436257 ], [ 97.02886597, 27.13128986 ], [ 97.06121333, 27.10053157 ], [ 97.07763639, 27.09930241 ], [ 97.10708964, 27.11051055 ], [ 97.11321691, 27.10915619 ], [ 97.12945866, 27.09287139 ], [ 97.14487927, 27.09192055 ], [ 97.1543969, 27.1154866 ], [ 97.17023119, 27.12589172 ], [ 97.17067205, 27.13345953 ], [ 97.16573608, 27.14462101 ], [ 97.15456521, 27.15137664 ], [ 97.14850328, 27.16760477 ], [ 97.13890441, 27.16675644 ], [ 97.12592717, 27.17452174 ], [ 97.12256897, 27.18927672 ], [ 97.11536606, 27.19866901 ], [ 97.09921526, 27.20449549 ], [ 97.09388629, 27.21097865 ], [ 97.09285895, 27.23750397 ], [ 97.0806473, 27.24354643 ], [ 97.06219384, 27.2620284 ], [ 97.05556429, 27.27546414 ], [ 97.04250657, 27.27962759 ], [ 97.03929495, 27.29779602 ], [ 97.0023953, 27.32004671 ], [ 96.99656667, 27.34528999 ], [ 96.98417449, 27.35285546 ], [ 96.98112953, 27.36399549 ], [ 96.97091299, 27.36927412 ], [ 96.96820741, 27.37661914 ], [ 96.97474273, 27.38635313 ], [ 96.96816566, 27.39221897 ], [ 96.96476917, 27.40579294 ], [ 96.9481686, 27.41143926 ], [ 96.94069093, 27.41748854 ], [ 96.93270042, 27.44113464 ], [ 96.91125584, 27.45342423 ], [ 96.91309991, 27.47864666 ], [ 96.93300778, 27.5065096 ], [ 96.93720253, 27.52088691 ], [ 96.92410369, 27.54216395 ], [ 96.91541615, 27.54923317 ], [ 96.91370445, 27.57946611 ], [ 96.9026875, 27.58096904 ], [ 96.89890605, 27.58471997 ], [ 96.8973371, 27.61197021 ], [ 96.9192011, 27.6225843 ], [ 96.94212334, 27.65861786 ], [ 96.948585, 27.66258561 ], [ 96.95846761, 27.66541686 ], [ 96.99065067, 27.66208679 ], [ 96.99242739, 27.67666643 ], [ 97.01563641, 27.73179217 ], [ 97.02846972, 27.74026372 ], [ 97.03725442, 27.74329251 ], [ 97.04795369, 27.74042847 ], [ 97.06742262, 27.75077898 ], [ 97.09125409, 27.7394298 ], [ 97.09625808, 27.74088552 ], [ 97.10465167, 27.76618624 ], [ 97.09831374, 27.77962769 ], [ 97.10238075, 27.78447857 ], [ 97.12417527, 27.78951427 ], [ 97.13386827, 27.79747719 ], [ 97.1372884, 27.80608443 ], [ 97.16027498, 27.81357656 ], [ 97.16883508, 27.82038406 ], [ 97.16775739, 27.82725527 ], [ 97.18693132, 27.83686586 ], [ 97.20254411, 27.85537913 ], [ 97.23677295, 27.88089243 ], [ 97.24722591, 27.89487209 ], [ 97.25648084, 27.90048909 ], [ 97.308728, 27.92082038 ], [ 97.32389869, 27.90262244 ], [ 97.32108448, 27.88021702 ], [ 97.34342748, 27.88471574 ], [ 97.36466921, 27.87569872 ], [ 97.38888308, 27.88691103 ], [ 97.37849099, 27.9086386 ], [ 97.38762209, 27.91722767 ], [ 97.38760165, 27.92137041 ], [ 97.37561077, 27.93509825 ], [ 97.37814441, 27.97698043 ], [ 97.39132622, 28.00280759 ], [ 97.41173994, 28.0059614 ], [ 97.41529238, 28.01491843 ], [ 97.39873357, 28.0250277 ], [ 97.38238438, 28.03117082 ], [ 97.37727584, 28.03009075 ], [ 97.36820528, 28.04349355 ], [ 97.37423034, 28.05366836 ], [ 97.37379512, 28.06133871 ], [ 97.3319682, 28.05656096 ], [ 97.31212689, 28.06122407 ], [ 97.30810568, 28.06840773 ], [ 97.31058368, 28.08459644 ], [ 97.3394493, 28.11088409 ], [ 97.34047901, 28.11590932 ], [ 97.3252099, 28.1397028 ], [ 97.33133379, 28.15446854 ], [ 97.35979948, 28.17994505 ], [ 97.36414846, 28.18798136 ], [ 97.37259389, 28.1919007 ], [ 97.39275785, 28.18261919 ], [ 97.4009606, 28.18491278 ], [ 97.40112476, 28.19193329 ], [ 97.37529509, 28.21717672 ], [ 97.36564533, 28.22321148 ], [ 97.35204895, 28.22596966 ], [ 97.32815047, 28.24260294 ], [ 97.31380194, 28.24365498 ], [ 97.30712695, 28.2558518 ], [ 97.28293037, 28.26824597 ], [ 97.26900856, 28.27028266 ], [ 97.24212591, 28.26722009 ], [ 97.2351097, 28.27291698 ], [ 97.2252183, 28.29210689 ], [ 97.19358504, 28.28666761 ], [ 97.17490483, 28.29139874 ], [ 97.17040293, 28.29460974 ], [ 97.15989, 28.31939445 ], [ 97.15309827, 28.32653228 ], [ 97.12712755, 28.34885286 ], [ 97.11401276, 28.35158232 ], [ 97.09383061, 28.36244534 ], [ 97.06739941, 28.35230548 ], [ 97.0530922, 28.35089198 ], [ 97.04658246, 28.34694247 ], [ 97.03761347, 28.33147543 ], [ 97.02392021, 28.31905764 ], [ 96.99772447, 28.30906675 ], [ 96.98824744, 28.31507501 ], [ 96.97532165, 28.31661289 ], [ 96.9541001, 28.33297229 ], [ 96.92725401, 28.33812972 ], [ 96.92229069, 28.34532407 ], [ 96.92136834, 28.35652346 ], [ 96.90014648, 28.37918594 ], [ 96.86399317, 28.37166271 ], [ 96.85371076, 28.36170693 ], [ 96.81309914, 28.36153675 ], [ 96.78415281, 28.36390158 ], [ 96.77595733, 28.36762005 ], [ 96.76482443, 28.39788488 ], [ 96.75276408, 28.41544645 ], [ 96.73576414, 28.4245919 ], [ 96.70800245, 28.43135297 ], [ 96.68330741, 28.44518754 ], [ 96.66648982, 28.45983031 ], [ 96.60062024, 28.46044694 ], [ 96.58157808, 28.45733314 ], [ 96.56151748, 28.44729272 ], [ 96.55308928, 28.43647102 ], [ 96.53581688, 28.42891301 ], [ 96.51220557, 28.41258478 ], [ 96.49870298, 28.4178792 ], [ 96.48198089, 28.41897063 ], [ 96.46025839, 28.41360871 ], [ 96.43396402, 28.38611072 ], [ 96.42474061, 28.34525519 ], [ 96.40128484, 28.33882307 ], [ 96.39408319, 28.35703426 ], [ 96.38195858, 28.35850908 ], [ 96.37296129, 28.38882594 ], [ 96.32193246, 28.38075935 ], [ 96.31738069, 28.38304297 ], [ 96.30676142, 28.39940502 ], [ 96.26956575, 28.40499299 ], [ 96.26594024, 28.40817749 ], [ 96.27667696, 28.4188168 ], [ 96.32607649, 28.44982222 ], [ 96.34361423, 28.46480093 ], [ 96.36918127, 28.47428545 ], [ 96.3751966, 28.48179365 ], [ 96.37399768, 28.49155136 ], [ 96.36889017, 28.49954593 ], [ 96.32671347, 28.52532066 ], [ 96.32809296, 28.52900253 ], [ 96.33724779, 28.53351036 ], [ 96.34568563, 28.54605284 ], [ 96.35705455, 28.55558695 ], [ 96.3732451, 28.55912354 ], [ 96.40901864, 28.55892848 ], [ 96.40860051, 28.57282572 ], [ 96.40242817, 28.58542797 ], [ 96.40340148, 28.58929887 ], [ 96.409847, 28.5894138 ], [ 96.42495314, 28.57995649 ], [ 96.43050666, 28.5820654 ], [ 96.44691384, 28.60092728 ], [ 96.49657266, 28.63311224 ], [ 96.49767773, 28.63869138 ], [ 96.47319474, 28.67964829 ], [ 96.47539059, 28.68331798 ], [ 96.4932067, 28.68356778 ], [ 96.52502146, 28.70404578 ], [ 96.56263632, 28.70685244 ], [ 96.58858217, 28.71655656 ], [ 96.61631338, 28.75482367 ], [ 96.61875577, 28.77364763 ], [ 96.60666677, 28.79958795 ], [ 96.5787922, 28.82580319 ], [ 96.54993829, 28.86998752 ], [ 96.54055046, 28.87965468 ], [ 96.54192745, 28.91662023 ], [ 96.52695259, 28.94375389 ], [ 96.52217056, 28.96681944 ], [ 96.49659284, 28.95817328 ], [ 96.49089122, 28.96121837 ], [ 96.4808424, 28.9900176 ], [ 96.5288325, 29.07541808 ], [ 96.48078948, 29.05630608 ], [ 96.4625016, 29.04199603 ], [ 96.43938056, 29.03377481 ], [ 96.35038538, 29.02859829 ], [ 96.32517346, 29.00909522 ], [ 96.29733906, 28.9950613 ], [ 96.25921481, 28.95554822 ], [ 96.25182762, 28.93910266 ], [ 96.23166699, 28.92558636 ], [ 96.18949648, 28.90829594 ], [ 96.17822821, 28.90055206 ], [ 96.17004874, 28.90224491 ], [ 96.16654066, 28.9184239 ], [ 96.14887414, 28.93392336 ], [ 96.15769436, 28.94295521 ], [ 96.15881862, 28.95206048 ], [ 96.18410911, 28.96500003 ], [ 96.18855715, 28.98462002 ], [ 96.18396594, 28.9959425 ], [ 96.17263107, 29.00947989 ], [ 96.16469083, 29.03319114 ], [ 96.15431004, 29.04988163 ], [ 96.11852501, 29.07446525 ], [ 96.17350477, 29.08444349 ], [ 96.1896162, 29.09142391 ], [ 96.20433507, 29.10273745 ], [ 96.2215855, 29.13496654 ], [ 96.23185747, 29.14325536 ], [ 96.25299017, 29.14702106 ], [ 96.26430989, 29.15700967 ], [ 96.29466653, 29.15895926 ], [ 96.31171153, 29.16519176 ], [ 96.35040792, 29.1677697 ], [ 96.36258261, 29.17837495 ], [ 96.3755274, 29.21486246 ], [ 96.39189573, 29.23056201 ], [ 96.39705541, 29.25341052 ], [ 96.37932538, 29.2807572 ], [ 96.36751221, 29.28268105 ], [ 96.34966305, 29.26437784 ], [ 96.31693124, 29.25615676 ], [ 96.2972751, 29.23281572 ], [ 96.24788552, 29.2322233 ], [ 96.23853287, 29.24060806 ], [ 96.23060572, 29.25701533 ], [ 96.21452772, 29.27214017 ], [ 96.2077611, 29.29096365 ], [ 96.18766997, 29.30667036 ], [ 96.19046089, 29.34200573 ], [ 96.18000012, 29.36212981 ], [ 96.1626093, 29.3807845 ], [ 96.15486496, 29.39699756 ], [ 96.11819028, 29.42538434 ], [ 96.0923016, 29.45962415 ], [ 96.07457174, 29.4603151 ], [ 96.06070987, 29.45646793 ], [ 96.03982571, 29.44103295 ], [ 96.00754589, 29.41007879 ], [ 95.99223218, 29.40488215 ], [ 95.96210378, 29.38066985 ], [ 95.88594492, 29.38962318 ], [ 95.85329912, 29.35674053 ], [ 95.84533068, 29.35183146 ], [ 95.83184714, 29.35381488 ], [ 95.80150424, 29.3344361 ], [ 95.79605618, 29.33601082 ], [ 95.78818948, 29.35455672 ], [ 95.7827258, 29.35458355 ], [ 95.75047035, 29.3272715 ], [ 95.7485182, 29.31437204 ], [ 95.73204118, 29.30057701 ], [ 95.72016999, 29.29641435 ], [ 95.7069123, 29.29855935 ], [ 95.68811064, 29.27538601 ], [ 95.64782828, 29.25413253 ], [ 95.64295091, 29.24793893 ], [ 95.63615951, 29.24715525 ], [ 95.61010051, 29.26064776 ], [ 95.60371603, 29.26004888 ], [ 95.59258274, 29.24051951 ], [ 95.59068424, 29.21607402 ], [ 95.54262976, 29.21214388 ], [ 95.55015149, 29.17863118 ], [ 95.55148744, 29.12656117 ], [ 95.50830377, 29.141006 ], [ 95.50108702, 29.13832667 ], [ 95.49048863, 29.07412493 ], [ 95.46942032, 29.05245809 ], [ 95.45886394, 29.03481078 ], [ 95.45197393, 29.03384077 ], [ 95.43392251, 29.03914605 ], [ 95.42611777, 29.03908407 ], [ 95.41469558, 29.03199366 ], [ 95.38924118, 29.03596108 ], [ 95.35015076, 29.04411246 ], [ 95.30749431, 29.06101837 ], [ 95.27132122, 29.05578144 ], [ 95.25492617, 29.06673859 ], [ 95.25620917, 29.08397695 ], [ 95.25273247, 29.09201642 ], [ 95.25565448, 29.10816185 ], [ 95.201602, 29.10592791 ], [ 95.18250149, 29.10695075 ], [ 95.15095721, 29.11404643 ], [ 95.12681529, 29.11471522 ], [ 95.11860168, 29.11968659 ], [ 95.10353328, 29.14235813 ], [ 95.04494292, 29.15107574 ], [ 95.00281628, 29.17177107 ], [ 94.99201825, 29.17231357 ], [ 95.02345568, 29.14161622 ], [ 95.03085134, 29.13222466 ], [ 95.02796848, 29.1292466 ], [ 95.00032672, 29.13964016 ], [ 94.97298612, 29.15850697 ], [ 94.92415779, 29.16113115 ], [ 94.87726049, 29.18322663 ], [ 94.85207534, 29.18194534 ], [ 94.8149696, 29.16566575 ], [ 94.80345803, 29.16358002 ], [ 94.79841661, 29.16872322 ], [ 94.79839851, 29.17936825 ], [ 94.80349582, 29.20907019 ], [ 94.79647721, 29.22530994 ], [ 94.78307919, 29.24027688 ], [ 94.71698854, 29.30372583 ], [ 94.6832581, 29.32731333 ], [ 94.64757897, 29.34646877 ], [ 94.63428498, 29.34815316 ], [ 94.62966012, 29.34515818 ], [ 94.62503299, 29.31230022 ], [ 94.61138032, 29.29646321 ], [ 94.58374705, 29.28024059 ], [ 94.57986178, 29.27462971 ], [ 94.57799337, 29.24998253 ], [ 94.56377117, 29.22828297 ], [ 94.53891569, 29.2180966 ], [ 94.50035637, 29.21607653 ], [ 94.43714741, 29.22632276 ], [ 94.41983231, 29.212173 ], [ 94.37820097, 29.18971113 ], [ 94.37350265, 29.16577194 ], [ 94.36954589, 29.15663873 ], [ 94.36278139, 29.1519998 ], [ 94.29362663, 29.14761883 ], [ 94.26351735, 29.11622658 ], [ 94.22048506, 29.08350024 ], [ 94.18089193, 29.01981936 ], [ 94.17760905, 29.0070738 ], [ 94.17854623, 28.99109713 ], [ 94.17236276, 28.98041436 ], [ 94.16389911, 28.97331961 ], [ 94.16067056, 28.95398466 ], [ 94.07200972, 28.89528873 ], [ 94.04943528, 28.87301135 ], [ 94.03547118, 28.85260415 ], [ 94.02021932, 28.85033319 ], [ 94.00032675, 28.84053425 ], [ 94.00533328, 28.8189 ], [ 93.99090651, 28.80588739 ], [ 93.99057393, 28.79739693 ], [ 94.00688839, 28.78333896 ], [ 94.00667137, 28.77458454 ], [ 93.9737116, 28.75041959 ], [ 93.97030811, 28.74199495 ], [ 93.97070739, 28.72223242 ], [ 93.96207225, 28.70365771 ], [ 93.93962824, 28.67604229 ], [ 93.93118768, 28.67073917 ], [ 93.92465391, 28.66932901 ], [ 93.90923573, 28.67563053 ], [ 93.87048006, 28.70276567 ], [ 93.84924549, 28.70647024 ], [ 93.82400094, 28.69397744 ], [ 93.79048768, 28.67048357 ], [ 93.78038636, 28.66760703 ], [ 93.73685355, 28.68843534 ], [ 93.70494331, 28.67910745 ], [ 93.69081821, 28.67852524 ], [ 93.62540492, 28.65694096 ], [ 93.61232538, 28.6550969 ], [ 93.53923371, 28.65813503 ], [ 93.52988294, 28.66056993 ], [ 93.52387941, 28.67314153 ], [ 93.51468524, 28.67917867 ], [ 93.49662093, 28.68331789 ], [ 93.48467218, 28.67434185 ], [ 93.47964631, 28.65297572 ], [ 93.47220441, 28.65144933 ], [ 93.46224724, 28.66777573 ], [ 93.45119292, 28.67541739 ], [ 93.43532768, 28.66169176 ], [ 93.417348, 28.65227984 ], [ 93.35638345, 28.6382953 ], [ 93.34245261, 28.63957376 ], [ 93.33784448, 28.6331002 ], [ 93.33313031, 28.60767765 ], [ 93.30534741, 28.59894083 ], [ 93.3030098, 28.5914102 ], [ 93.31067839, 28.56559539 ], [ 93.29427724, 28.54273203 ], [ 93.28120815, 28.50410245 ], [ 93.24059458, 28.48200442 ], [ 93.21280379, 28.4514911 ], [ 93.18789527, 28.43924789 ], [ 93.18628573, 28.43199509 ], [ 93.23100277, 28.40748233 ], [ 93.23663418, 28.39987519 ], [ 93.22731781, 28.37708902 ], [ 93.22432455, 28.36061894 ], [ 93.22772193, 28.34016448 ], [ 93.2239648, 28.33280867 ], [ 93.21190415, 28.32235099 ], [ 93.19872913, 28.31712374 ], [ 93.15996407, 28.31760435 ], [ 93.12982789, 28.3259614 ], [ 93.11717874, 28.31467483 ], [ 93.10039488, 28.30623092 ], [ 93.07710022, 28.30843726 ], [ 93.05131555, 28.30166053 ], [ 93.02877038, 28.30241572 ], [ 93.0269955, 28.29914205 ], [ 93.03878233, 28.2622838 ], [ 93.00533353, 28.22992528 ], [ 92.99964297, 28.2294008 ], [ 92.99496848, 28.23357208 ], [ 92.99098491, 28.25049371 ], [ 92.979512, 28.25880613 ], [ 92.96958728, 28.26101392 ], [ 92.94679413, 28.24785662 ], [ 92.92795352, 28.24178905 ], [ 92.91801, 28.2342348 ], [ 92.91035109, 28.21443369 ], [ 92.90026367, 28.20380226 ], [ 92.83296163, 28.17070311 ], [ 92.82629431, 28.17312747 ], [ 92.82272292, 28.18354571 ], [ 92.82439121, 28.19665994 ], [ 92.82125562, 28.20086282 ], [ 92.81264662, 28.2033419 ], [ 92.80473689, 28.20149679 ], [ 92.78809897, 28.18299589 ], [ 92.74161472, 28.15080661 ], [ 92.69204922, 28.12506316 ], [ 92.68519384, 28.11726605 ], [ 92.66612893, 28.0669214 ], [ 92.66786614, 28.06198018 ], [ 92.68616868, 28.05777322 ], [ 92.70032845, 28.04754051 ], [ 92.71438239, 28.03241989 ], [ 92.73255317, 28.00057572 ], [ 92.74419767, 27.98848857 ], [ 92.71851076, 27.94833136 ], [ 92.67382133, 27.89917322 ], [ 92.60969339, 27.87658511 ], [ 92.59034571, 27.85593058 ], [ 92.56525553, 27.82008868 ], [ 92.54847202, 27.81654011 ], [ 92.51973225, 27.83931894 ], [ 92.50598944, 27.84061414 ], [ 92.49716121, 27.83593272 ], [ 92.45956693, 27.80236843 ], [ 92.44845549, 27.79990657 ], [ 92.41858185, 27.82220262 ], [ 92.4115032, 27.82125126 ], [ 92.38769761, 27.8147478 ], [ 92.38452954, 27.79418853 ], [ 92.3549986, 27.78983917 ], [ 92.32069509, 27.77743045 ], [ 92.31213916, 27.77843844 ], [ 92.28950128, 27.80680125 ], [ 92.26894301, 27.85723127 ], [ 92.25123312, 27.86283518 ], [ 92.21538141, 27.85832209 ], [ 92.20527898, 27.85640602 ], [ 92.16111113, 27.8363599 ], [ 92.0603441, 27.75848139 ], [ 92.04274096, 27.75657021 ], [ 91.98889747, 27.76939828 ], [ 91.97083584, 27.75084435 ], [ 91.96060877, 27.7500796 ], [ 91.95006281, 27.72808748 ], [ 91.92376085, 27.71450204 ], [ 91.91340056, 27.72573183 ], [ 91.88370333, 27.72127241 ], [ 91.87552404, 27.73391131 ], [ 91.86561232, 27.7363889 ], [ 91.85038391, 27.77514055 ], [ 91.83869385, 27.77939449 ], [ 91.83321046, 27.80707568 ], [ 91.82947503, 27.80988043 ], [ 91.82053867, 27.80290424 ], [ 91.81577599, 27.80251842 ], [ 91.80940564, 27.80842716 ], [ 91.77643596, 27.80079073 ], [ 91.76343478, 27.80085101 ], [ 91.71495074, 27.8128833 ], [ 91.69954245, 27.82172809 ], [ 91.67482611, 27.85634087 ], [ 91.6674586, 27.85788427 ], [ 91.64737067, 27.85377164 ], [ 91.62714997, 27.857351 ], [ 91.6129347, 27.85365922 ], [ 91.5996782, 27.86173599 ], [ 91.59001272, 27.85589791 ], [ 91.58272085, 27.86167479 ], [ 91.57534003, 27.86039995 ], [ 91.5700076, 27.8524146 ], [ 91.56435434, 27.85137223 ], [ 91.55813875, 27.85825784 ], [ 91.54949887, 27.85524483 ], [ 91.55140437, 27.84653214 ], [ 91.57099295, 27.81497422 ], [ 91.57848209, 27.81235735 ], [ 91.58966175, 27.81841692 ], [ 91.6043284, 27.8204926 ], [ 91.63358743, 27.80044273 ], [ 91.63652552, 27.77116648 ], [ 91.64494526, 27.76478669 ], [ 91.64537152, 27.75757182 ], [ 91.63495688, 27.74657068 ], [ 91.62901185, 27.70552787 ], [ 91.62133107, 27.70154506 ], [ 91.61979556, 27.69554776 ], [ 91.61532548, 27.69245739 ], [ 91.60775217, 27.69453023 ], [ 91.60163735, 27.69212253 ], [ 91.60375203, 27.68611954 ], [ 91.59706615, 27.68279518 ], [ 91.59498237, 27.67136798 ], [ 91.57206431, 27.65201764 ], [ 91.56292901, 27.63301445 ], [ 91.56832033, 27.61951331 ], [ 91.58125562, 27.60782697 ], [ 91.58194224, 27.59908495 ], [ 91.56712001, 27.58372429 ], [ 91.57186308, 27.57454175 ], [ 91.58655323, 27.56180807 ], [ 91.59942043, 27.53902103 ], [ 91.61043025, 27.54316548 ], [ 91.6142455, 27.54109171 ], [ 91.625448, 27.5127502 ], [ 91.64897742, 27.49842107 ], [ 91.65225124, 27.4841483 ], [ 91.65807299, 27.48239034 ], [ 91.68846578, 27.50180845 ], [ 91.69493351, 27.50214928 ], [ 91.71543427, 27.49062915 ], [ 91.71858855, 27.47300279 ], [ 91.72476802, 27.4697221 ], [ 91.75451668, 27.47358176 ], [ 91.76131932, 27.47265476 ], [ 91.76749486, 27.46576315 ], [ 91.77848875, 27.46384935 ], [ 91.81408689, 27.47190729 ], [ 91.83312682, 27.46827992 ], [ 91.85378608, 27.48184344 ], [ 91.86766997, 27.48134721 ], [ 91.87683711, 27.47209586 ], [ 91.89555519, 27.47249589 ], [ 91.90308418, 27.46752008 ], [ 91.92729665, 27.47058543 ], [ 91.94389466, 27.45984956 ], [ 91.95915497, 27.46063769 ], [ 91.96992809, 27.46601605 ], [ 91.98354552, 27.46415119 ], [ 92.0012205, 27.47654507 ], [ 92.01568359, 27.48101238 ], [ 92.02323258, 27.47892443 ], [ 92.02425655, 27.46728789 ], [ 92.02119091, 27.45720346 ], [ 92.02359739, 27.44677971 ], [ 92.02832097, 27.44074348 ], [ 92.04312877, 27.43564697 ], [ 92.04828707, 27.42446796 ], [ 92.04639799, 27.41195571 ], [ 92.05877262, 27.39921856 ], [ 92.05033155, 27.37835898 ], [ 92.05062632, 27.36744502 ], [ 92.05261295, 27.35736976 ], [ 92.06439624, 27.34434415 ], [ 92.06295702, 27.32625356 ], [ 92.08210445, 27.3093178 ], [ 92.10670138, 27.30044516 ], [ 92.12138111, 27.29181165 ], [ 92.12465187, 27.28655122 ], [ 92.1230388, 27.27486935 ], [ 92.1056367, 27.26809285 ], [ 92.09906349, 27.27202516 ], [ 92.08717091, 27.27104866 ], [ 92.07408795, 27.27637 ], [ 92.04366598, 27.26570199 ], [ 92.04399824, 27.26082508 ], [ 92.0698001, 27.24394644 ], [ 92.07360738, 27.22262388 ], [ 92.07070044, 27.21389987 ], [ 92.06122127, 27.20205046 ], [ 92.06017443, 27.18856208 ], [ 92.02914758, 27.17074347 ], [ 92.02728636, 27.16131577 ], [ 92.02820184, 27.15320671 ], [ 92.04034103, 27.1373932 ], [ 92.02603831, 27.11387733 ], [ 92.0313595, 27.09611319 ], [ 92.03155357, 27.07750521 ], [ 92.03995383, 27.06911211 ], [ 92.0374757, 27.06373003 ], [ 92.04556316, 27.05929502 ], [ 92.04860568, 27.05087396 ], [ 92.06766419, 27.0510983 ], [ 92.08029431, 27.03872385 ], [ 92.08342163, 27.01946386 ], [ 92.10687042, 27.00657592 ], [ 92.10567413, 26.98181688 ], [ 92.10762735, 26.97653157 ], [ 92.11674643, 26.97454958 ], [ 92.12087877, 26.9590108 ], [ 92.11542236, 26.94815713 ], [ 92.12049786, 26.93119326 ], [ 92.11228198, 26.90618575 ], [ 92.11156528, 26.89289377 ], [ 92.10202212, 26.88064783 ], [ 92.10079375, 26.86737196 ], [ 92.09228853, 26.85974668 ], [ 92.08584414, 26.86088974 ], [ 92.05855727, 26.84684362 ], [ 92.0203879, 26.84988694 ], [ 91.98904471, 26.85710922 ], [ 91.96342835, 26.87646398 ], [ 91.95750979, 26.88663588 ], [ 91.9455762, 26.89377822 ], [ 91.90091029, 26.91508314 ], [ 91.8871117, 26.91517029 ], [ 91.85713535, 26.91127708 ], [ 91.83549085, 26.87537685 ], [ 91.80560488, 26.85106433 ], [ 91.73058883, 26.81160112 ], [ 91.70092236, 26.81092265 ], [ 91.69092391, 26.80416844 ], [ 91.68298108, 26.80383378 ], [ 91.65732464, 26.81419569 ], [ 91.62757363, 26.8204518 ], [ 91.59454802, 26.80392263 ], [ 91.49662737, 26.78897577 ], [ 91.48211802, 26.79100857 ], [ 91.41237567, 26.83484218 ], [ 91.40614258, 26.83442428 ], [ 91.38361145, 26.80079399 ], [ 91.34033577, 26.77896712 ], [ 91.29911946, 26.78449592 ], [ 91.26646293, 26.80436375 ], [ 91.18456971, 26.81085778 ], [ 91.13399928, 26.80792464 ], [ 91.11006851, 26.81368119 ], [ 91.10093325, 26.8192627 ], [ 91.09341297, 26.81790918 ], [ 91.05829092, 26.77894499 ], [ 91.04581505, 26.77852471 ], [ 91.00039611, 26.78777958 ], [ 90.90138457, 26.77819231 ], [ 90.87520769, 26.7791908 ], [ 90.80670358, 26.77364876 ], [ 90.74562414, 26.7746685 ], [ 90.73858989, 26.76897256 ], [ 90.71689248, 26.76721705 ], [ 90.70451516, 26.76766213 ], [ 90.68406981, 26.77989695 ], [ 90.67451065, 26.78039174 ], [ 90.65380387, 26.77394494 ], [ 90.63506242, 26.79134506 ], [ 90.60628382, 26.79721878 ], [ 90.56476335, 26.8007194 ], [ 90.55367549, 26.81164072 ], [ 90.45904632, 26.8721832 ], [ 90.42720238, 26.897908 ], [ 90.41483053, 26.9016752 ], [ 90.3602787, 26.89586639 ], [ 90.35093354, 26.87621234 ], [ 90.31685507, 26.85063222 ], [ 90.30665143, 26.84801687 ], [ 90.24954868, 26.85773309 ], [ 90.23142797, 26.85804066 ], [ 90.2200529, 26.85350515 ], [ 90.19988764, 26.83283788 ], [ 90.18925203, 26.80954851 ], [ 90.18821109, 26.79824542 ], [ 90.19387708, 26.77039675 ], [ 90.13301761, 26.74887356 ], [ 90.06046887, 26.72918039 ], [ 90.024945, 26.73038384 ], [ 90.00734762, 26.73419605 ], [ 89.98993745, 26.7266285 ], [ 89.96308577, 26.72303367 ], [ 89.89477407, 26.72426635 ], [ 89.86780779, 26.73688539 ], [ 89.8638257, 26.73111719 ], [ 89.86510874, 26.70850875 ], [ 89.86040885, 26.70273487 ], [ 89.83783387, 26.71142248 ], [ 89.81267082, 26.71490885 ], [ 89.80360892, 26.7131397 ], [ 89.79676328, 26.70593144 ], [ 89.78135408, 26.69898606 ], [ 89.76210589, 26.71624325 ], [ 89.76062653, 26.72054302 ], [ 89.76521816, 26.73306849 ], [ 89.76219268, 26.73635855 ], [ 89.75312965, 26.73391829 ], [ 89.74831008, 26.72760051 ], [ 89.73976725, 26.72763413 ], [ 89.73194014, 26.72223556 ], [ 89.72368157, 26.73108964 ], [ 89.71364091, 26.73293828 ], [ 89.70885828, 26.7370228 ], [ 89.69398492, 26.73569951 ], [ 89.67941611, 26.74028683 ], [ 89.67513082, 26.73915522 ], [ 89.67257734, 26.72833136 ], [ 89.66422105, 26.71839086 ], [ 89.64764501, 26.72275357 ], [ 89.6378101, 26.71916081 ], [ 89.61994029, 26.72554935 ], [ 89.62150029, 26.73255477 ], [ 89.63361137, 26.7422296 ], [ 89.64824263, 26.74737525 ], [ 89.65511233, 26.76049082 ], [ 89.66016149, 26.76341454 ], [ 89.65917905, 26.77177886 ], [ 89.65168188, 26.77652619 ], [ 89.65042606, 26.7808521 ], [ 89.6429092, 26.78279847 ], [ 89.6325222, 26.77613352 ], [ 89.62748742, 26.77682994 ], [ 89.62501089, 26.78407826 ], [ 89.6169735, 26.78930853 ], [ 89.57255932, 26.80162493 ], [ 89.56470341, 26.81545747 ], [ 89.55184916, 26.81185921 ], [ 89.53423816, 26.81890251 ], [ 89.52287008, 26.81532214 ], [ 89.5173399, 26.81689734 ], [ 89.50596252, 26.80472788 ], [ 89.49615321, 26.80224908 ], [ 89.46518146, 26.80616767 ], [ 89.45714438, 26.81431022 ], [ 89.460947, 26.82606006 ], [ 89.45518171, 26.83376569 ], [ 89.41539867, 26.84106124 ], [ 89.39702736, 26.84086381 ], [ 89.39302615, 26.85804382 ], [ 89.38321496, 26.86619578 ], [ 89.36581955, 26.86327326 ], [ 89.33441423, 26.84003713 ], [ 89.33026069, 26.84929558 ], [ 89.32220711, 26.85270442 ], [ 89.30306111, 26.83824664 ], [ 89.2616937, 26.81677573 ], [ 89.239762, 26.82040985 ], [ 89.21964589, 26.81770101 ], [ 89.19594077, 26.80842343 ], [ 89.19141114, 26.80911282 ], [ 89.185122, 26.81885624 ], [ 89.17909009, 26.82155888 ], [ 89.14834975, 26.80911111 ], [ 89.13726994, 26.80797433 ], [ 89.12946309, 26.82078422 ], [ 89.11886651, 26.82243724 ], [ 89.11508748, 26.83260722 ], [ 89.10830191, 26.8362076 ], [ 89.10653568, 26.84909327 ], [ 89.11044686, 26.85973286 ], [ 89.10477696, 26.86742768 ], [ 89.09393924, 26.871921 ], [ 89.10161986, 26.88504133 ], [ 89.09670188, 26.89385274 ], [ 89.07403857, 26.90311514 ], [ 89.05285943, 26.90353218 ], [ 89.05284524, 26.91958521 ], [ 89.03771064, 26.929743 ], [ 89.03139975, 26.94014256 ], [ 88.99106366, 26.92063512 ], [ 88.97770124, 26.92038204 ], [ 88.96888896, 26.92399474 ], [ 88.94996116, 26.93662636 ], [ 88.94641979, 26.94226758 ], [ 88.94775252, 26.94612951 ], [ 88.96203285, 26.95405667 ], [ 88.96026811, 26.96806189 ], [ 88.95518647, 26.9759786 ], [ 88.93677555, 26.98341056 ], [ 88.9256564, 26.99604926 ], [ 88.91797405, 26.99421513 ], [ 88.91079535, 26.98335767 ], [ 88.90045078, 26.97700382 ], [ 88.8951971, 26.95980983 ], [ 88.8853729, 26.95073586 ], [ 88.88161109, 26.95139544 ], [ 88.87722048, 27.01064796 ], [ 88.885459, 27.04093104 ], [ 88.87830944, 27.0775581 ], [ 88.8767632, 27.10853926 ], [ 88.8636344, 27.10690384 ], [ 88.85147668, 27.11614879 ], [ 88.83304854, 27.11746589 ], [ 88.81761065, 27.12555223 ], [ 88.80698565, 27.13661821 ], [ 88.79007774, 27.1356486 ], [ 88.75802748, 27.14272227 ], [ 88.76084974, 27.15162183 ], [ 88.76749845, 27.15691928 ], [ 88.76533317, 27.1686979 ], [ 88.767917, 27.17497219 ], [ 88.79171949, 27.18177963 ], [ 88.79522136, 27.18562183 ], [ 88.79669455, 27.20168627 ], [ 88.80776283, 27.22047344 ], [ 88.80820986, 27.24737703 ], [ 88.83750919, 27.26238293 ], [ 88.87088842, 27.26200683 ], [ 88.88024354, 27.25885524 ], [ 88.89034232, 27.26885152 ], [ 88.90626927, 27.27475618 ], [ 88.91434903, 27.28333657 ], [ 88.91762148, 27.29285634 ], [ 88.91656693, 27.30574237 ], [ 88.92061495, 27.31615713 ], [ 88.92947671, 27.32611482 ], [ 88.89703555, 27.33620444 ], [ 88.88819692, 27.36298478 ], [ 88.87445116, 27.36803132 ], [ 88.8719085, 27.37955857 ], [ 88.86608861, 27.38565394 ], [ 88.8599885, 27.38610277 ], [ 88.84709341, 27.37794274 ], [ 88.82654259, 27.39913246 ], [ 88.81665729, 27.40496069 ], [ 88.81052735, 27.42690522 ], [ 88.80230694, 27.43253333 ], [ 88.80213919, 27.44677013 ], [ 88.79082365, 27.45530411 ], [ 88.78889034, 27.47293888 ], [ 88.79301468, 27.49217802 ], [ 88.79070837, 27.49624171 ], [ 88.79648233, 27.52588641 ], [ 88.78264889, 27.53735247 ], [ 88.77468021, 27.56470448 ], [ 88.79242783, 27.57513502 ], [ 88.79616365, 27.58782189 ], [ 88.81312949, 27.60300147 ], [ 88.81614069, 27.61408514 ], [ 88.81408532, 27.6319491 ], [ 88.81761664, 27.64167344 ], [ 88.82749345, 27.6416972 ], [ 88.8337058, 27.64522928 ], [ 88.85432693, 27.66865755 ], [ 88.85328044, 27.70007118 ], [ 88.84894348, 27.70256872 ], [ 88.84639329, 27.71023475 ], [ 88.85778677, 27.71729497 ], [ 88.86150006, 27.72892158 ], [ 88.87017695, 27.73876964 ], [ 88.86917932, 27.74870445 ], [ 88.8604628, 27.76811743 ], [ 88.86537797, 27.80793028 ], [ 88.86218755, 27.81628922 ], [ 88.88096305, 27.8271666 ], [ 88.88894265, 27.83873582 ], [ 88.89004754, 27.85522693 ], [ 88.89360718, 27.8588409 ], [ 88.88875731, 27.86991993 ], [ 88.88942278, 27.89231435 ], [ 88.878294, 27.90221286 ], [ 88.86933604, 27.92324082 ], [ 88.8443747, 27.9317664 ], [ 88.84460269, 27.94713604 ], [ 88.85223292, 27.95619966 ], [ 88.84800754, 27.96500518 ], [ 88.849108, 27.99078054 ], [ 88.84288175, 28.00018468 ], [ 88.84115112, 28.01131557 ], [ 88.81364656, 28.02601038 ], [ 88.7950024, 28.04286706 ], [ 88.79066355, 28.05052609 ], [ 88.75951621, 28.07305986 ], [ 88.69430233, 28.07871187 ], [ 88.68561368, 28.0770999 ], [ 88.68129995, 28.07255784 ], [ 88.67528367, 28.07380209 ], [ 88.64626607, 28.10408157 ], [ 88.64138651, 28.12034081 ], [ 88.62987096, 28.13067909 ], [ 88.61536328, 28.12588933 ], [ 88.62506279, 28.10337751 ], [ 88.58343976, 28.08529509 ], [ 88.57552461, 28.0886569 ], [ 88.56304405, 28.08451166 ], [ 88.56034698, 28.06348544 ], [ 88.55222087, 28.05217874 ], [ 88.54747825, 28.03856003 ], [ 88.53628573, 28.03648632 ], [ 88.509722, 28.04857805 ], [ 88.49170959, 28.04523443 ], [ 88.48024309, 28.03644832 ], [ 88.47016425, 28.0194429 ], [ 88.43510295, 28.00773633 ], [ 88.42089471, 27.99659455 ], [ 88.4105519, 27.98319077 ], [ 88.39835384, 27.97767956 ], [ 88.37235327, 27.98772817 ], [ 88.34636639, 27.98757161 ], [ 88.33776265, 27.98208279 ], [ 88.3247964, 27.97929218 ], [ 88.31341152, 27.96950571 ], [ 88.28899419, 27.96733075 ], [ 88.28065814, 27.95800336 ], [ 88.26743395, 27.95587007 ], [ 88.2525002, 27.94807627 ], [ 88.24379581, 27.95367063 ], [ 88.23911113, 27.96721816 ], [ 88.23022468, 27.96355025 ], [ 88.21847565, 27.96730068 ], [ 88.21215233, 27.96613385 ], [ 88.20439679, 27.94662341 ], [ 88.19731017, 27.94319619 ], [ 88.18228113, 27.94421198 ], [ 88.16237355, 27.95727756 ], [ 88.14345598, 27.96246743 ], [ 88.13236682, 27.9497287 ], [ 88.13750777, 27.94501345 ], [ 88.13756512, 27.93778154 ], [ 88.12547832, 27.92526345 ], [ 88.12223912, 27.91708749 ], [ 88.12539045, 27.90551183 ], [ 88.13852675, 27.8854303 ], [ 88.13403126, 27.87305544 ], [ 88.14187727, 27.86963533 ], [ 88.17887064, 27.86598154 ], [ 88.20237878, 27.85030115 ], [ 88.20121504, 27.83807667 ], [ 88.17682945, 27.81916519 ], [ 88.17724276, 27.81622779 ], [ 88.18641384, 27.81288833 ], [ 88.18995603, 27.80251257 ], [ 88.19671863, 27.79693278 ], [ 88.19882442, 27.78809821 ], [ 88.1870357, 27.76815256 ], [ 88.18084563, 27.74931921 ], [ 88.16042151, 27.73550739 ], [ 88.15788257, 27.73018289 ], [ 88.15201564, 27.7039067 ], [ 88.1552193, 27.68539621 ], [ 88.15104912, 27.66864108 ], [ 88.12561217, 27.64674221 ], [ 88.1162513, 27.61387936 ], [ 88.11123558, 27.60708431 ], [ 88.08351833, 27.58674883 ], [ 88.07979765, 27.57925156 ], [ 88.08350555, 27.56163894 ], [ 88.06714189, 27.54906448 ], [ 88.06330728, 27.53775368 ], [ 88.07008882, 27.53124199 ], [ 88.04736019, 27.49328932 ], [ 88.05060735, 27.47183885 ], [ 88.06881398, 27.45074601 ], [ 88.07076938, 27.4429709 ], [ 88.07079736, 27.42567264 ], [ 88.05091351, 27.41081362 ], [ 88.04423725, 27.3827348 ], [ 88.04551516, 27.36735046 ], [ 88.06132636, 27.35324344 ], [ 88.06501696, 27.33790971 ], [ 88.06232634, 27.32906432 ], [ 88.04881593, 27.3117748 ], [ 88.04218511, 27.28954921 ], [ 88.03520524, 27.28044326 ], [ 88.03322862, 27.24764689 ], [ 88.01706175, 27.21949388 ], [ 88.01832403, 27.19462636 ], [ 88.014677, 27.17922749 ], [ 88.01827332, 27.17314821 ], [ 88.01737236, 27.16296217 ], [ 88.0027285, 27.13571315 ], [ 87.99422084, 27.12659006 ], [ 87.99135759, 27.11162859 ], [ 87.99314195, 27.10780947 ], [ 88.01293916, 27.09848892 ], [ 88.0251773, 27.0847919 ], [ 88.02409696, 27.06670101 ], [ 88.02823348, 27.05543727 ], [ 88.03764713, 27.04986029 ], [ 88.04582781, 27.03819095 ], [ 88.06912207, 27.03112268 ], [ 88.08446942, 27.03555904 ], [ 88.09302995, 27.00690732 ], [ 88.11588625, 26.9878104 ], [ 88.13486981, 26.98572827 ], [ 88.12346125, 26.94744728 ], [ 88.13880208, 26.93669889 ], [ 88.14418584, 26.92770866 ], [ 88.14427307, 26.88927674 ], [ 88.16023122, 26.87876017 ], [ 88.17648308, 26.8610065 ], [ 88.17582151, 26.85174429 ], [ 88.16887071, 26.83834306 ], [ 88.17601156, 26.82891826 ], [ 88.18481489, 26.79709581 ], [ 88.18888498, 26.7292812 ], [ 88.18105195, 26.70549428 ], [ 88.16663255, 26.68097239 ], [ 88.1672678, 26.66604539 ], [ 88.15972654, 26.6356921 ], [ 88.14046919, 26.62243085 ], [ 88.14033527, 26.61135212 ], [ 88.13207827, 26.60246854 ], [ 88.13519643, 26.59096275 ], [ 88.13258384, 26.57398817 ], [ 88.12529449, 26.57462465 ], [ 88.11515082, 26.56933381 ], [ 88.11444703, 26.55907636 ], [ 88.10659609, 26.55525047 ], [ 88.11223416, 26.53885628 ], [ 88.10528828, 26.53298906 ], [ 88.10895195, 26.52535144 ], [ 88.09970407, 26.50861799 ], [ 88.10746436, 26.48964903 ], [ 88.10842225, 26.48206378 ], [ 88.10446674, 26.47472397 ], [ 88.10880757, 26.46545704 ], [ 88.09675166, 26.4536404 ], [ 88.10342626, 26.4461411 ], [ 88.09838756, 26.43448113 ], [ 88.06133051, 26.39858323 ], [ 88.039532, 26.38483213 ], [ 88.03338497, 26.37725752 ], [ 88.031185, 26.35544852 ], [ 88.0200091, 26.35281191 ], [ 88.01023467, 26.35503158 ], [ 87.99553168, 26.36724085 ], [ 87.99242342, 26.37260969 ], [ 87.99328949, 26.39307729 ], [ 87.96742767, 26.39785714 ], [ 87.9347141, 26.41798262 ], [ 87.92941134, 26.4185096 ], [ 87.92658154, 26.4285561 ], [ 87.9177433, 26.43309866 ], [ 87.92578547, 26.44020351 ], [ 87.9267849, 26.44587342 ], [ 87.90067509, 26.44884839 ], [ 87.91137064, 26.45845435 ], [ 87.90186818, 26.47716457 ], [ 87.89139347, 26.48614952 ], [ 87.88720966, 26.4760069 ], [ 87.86521164, 26.46791247 ], [ 87.86494613, 26.46421358 ], [ 87.86021453, 26.46292698 ], [ 87.86097851, 26.45470415 ], [ 87.86484513, 26.45203644 ], [ 87.86124527, 26.44721094 ], [ 87.85339878, 26.44560173 ], [ 87.85052426, 26.43562709 ], [ 87.8295563, 26.44032171 ], [ 87.83102081, 26.44977766 ], [ 87.81605549, 26.46016612 ], [ 87.79583576, 26.46836938 ], [ 87.78921096, 26.46782442 ], [ 87.79203585, 26.46291689 ], [ 87.7843603, 26.45967453 ], [ 87.7770099, 26.45146918 ], [ 87.78003872, 26.43446635 ], [ 87.77592533, 26.42179335 ], [ 87.76731035, 26.41586108 ], [ 87.76660407, 26.40901054 ], [ 87.75406095, 26.40790607 ], [ 87.75001062, 26.41778822 ], [ 87.74029757, 26.41872541 ], [ 87.73561256, 26.40759042 ], [ 87.72456551, 26.41197325 ], [ 87.71538285, 26.42733066 ], [ 87.70036956, 26.4287801 ], [ 87.6940578, 26.43562151 ], [ 87.67912884, 26.43552646 ], [ 87.67862944, 26.41622605 ], [ 87.65151369, 26.4056271 ], [ 87.65282632, 26.39280529 ], [ 87.61421304, 26.39081784 ], [ 87.60936621, 26.3810413 ], [ 87.59034517, 26.38243143 ], [ 87.58670667, 26.39383642 ], [ 87.55530835, 26.40510704 ], [ 87.54968943, 26.41861902 ], [ 87.49382127, 26.43690943 ], [ 87.46288161, 26.4396786 ], [ 87.44405268, 26.43265531 ], [ 87.42875946, 26.42099027 ], [ 87.38873988, 26.41868685 ], [ 87.37828563, 26.40814675 ], [ 87.37015754, 26.40741573 ], [ 87.35574937, 26.38553389 ], [ 87.35458694, 26.3725467 ], [ 87.35824966, 26.36051119 ], [ 87.34116356, 26.34830953 ], [ 87.31851693, 26.36378163 ], [ 87.31361482, 26.37185834 ], [ 87.30312932, 26.36654159 ], [ 87.29050508, 26.37442556 ], [ 87.26675799, 26.37373552 ], [ 87.26708353, 26.40234047 ], [ 87.26187563, 26.41051676 ], [ 87.24629227, 26.41461982 ], [ 87.23065046, 26.41376916 ], [ 87.2181142, 26.40431452 ], [ 87.21334625, 26.40814478 ], [ 87.21280049, 26.41302344 ], [ 87.18765659, 26.41405248 ], [ 87.19086103, 26.40464031 ], [ 87.15750978, 26.40573335 ], [ 87.13022877, 26.42256217 ], [ 87.09245596, 26.45210976 ], [ 87.08223609, 26.52131495 ], [ 87.07491886, 26.54141126 ], [ 87.07237232, 26.58645632 ], [ 87.0456885, 26.58720807 ], [ 87.04604651, 26.57303516 ], [ 87.01596795, 26.53373344 ], [ 86.99970179, 26.52726573 ], [ 86.98661314, 26.52798868 ], [ 86.97781179, 26.51938979 ], [ 86.96368736, 26.52201703 ], [ 86.93424669, 26.51572318 ], [ 86.93189602, 26.48848425 ], [ 86.89638377, 26.48673876 ], [ 86.8927242, 26.48097926 ], [ 86.89676775, 26.46155614 ], [ 86.87084922, 26.45432197 ], [ 86.86182641, 26.45536724 ], [ 86.84285153, 26.43987708 ], [ 86.82331908, 26.44044504 ], [ 86.76852025, 26.45773379 ], [ 86.76301957, 26.44638825 ], [ 86.75530299, 26.44670328 ], [ 86.74707895, 26.43239474 ], [ 86.73509799, 26.42443064 ], [ 86.72980226, 26.42572215 ], [ 86.72014189, 26.43506926 ], [ 86.70282755, 26.43868514 ], [ 86.69729056, 26.4492672 ], [ 86.63186077, 26.46854545 ], [ 86.62811094, 26.47812339 ], [ 86.6141307, 26.48794058 ], [ 86.57298101, 26.49787337 ], [ 86.55592686, 26.51544637 ], [ 86.55090517, 26.5305483 ], [ 86.53832497, 26.54133489 ], [ 86.50101275, 26.542203 ], [ 86.46030969, 26.5669952 ], [ 86.39827732, 26.5855141 ], [ 86.39641387, 26.59463468 ], [ 86.3431619, 26.60589066 ], [ 86.34561566, 26.61653377 ], [ 86.31089481, 26.61978198 ], [ 86.29651367, 26.6129552 ], [ 86.2731419, 26.61643806 ], [ 86.25646339, 26.61332181 ], [ 86.23704865, 26.59747184 ], [ 86.23652206, 26.59052455 ], [ 86.22167166, 26.5898265 ], [ 86.20793605, 26.59536063 ], [ 86.20110861, 26.59446665 ], [ 86.19453235, 26.61460476 ], [ 86.1782766, 26.6139074 ], [ 86.1763773, 26.61779767 ], [ 86.14120863, 26.60448963 ], [ 86.13941546, 26.60837065 ], [ 86.14265012, 26.62163656 ], [ 86.13935669, 26.6285862 ], [ 86.12700937, 26.6281491 ], [ 86.08868708, 26.64416737 ], [ 86.07674678, 26.65030983 ], [ 86.07184145, 26.65898149 ], [ 86.03018417, 26.66640672 ], [ 86.01701949, 26.66036874 ], [ 86.0146978, 26.65603082 ], [ 85.99070418, 26.65586376 ], [ 85.97593943, 26.65947392 ], [ 85.96006781, 26.65189158 ], [ 85.9552538, 26.64656609 ], [ 85.95193211, 26.62734114 ], [ 85.94569995, 26.62319207 ], [ 85.94449373, 26.6156077 ], [ 85.92873884, 26.61614948 ], [ 85.92501564, 26.61208411 ], [ 85.91246901, 26.60873848 ], [ 85.90173288, 26.60215285 ], [ 85.89862184, 26.59537619 ], [ 85.88989014, 26.59167336 ], [ 85.88607583, 26.58318326 ], [ 85.87834758, 26.58507965 ], [ 85.85827944, 26.56954021 ], [ 85.85246222, 26.56836789 ], [ 85.84754016, 26.57205853 ], [ 85.85697564, 26.59147635 ], [ 85.85214515, 26.60834823 ], [ 85.83066305, 26.61301943 ], [ 85.83027302, 26.60255081 ], [ 85.81822468, 26.60316905 ], [ 85.80637879, 26.61344736 ], [ 85.80224703, 26.62517401 ], [ 85.76891026, 26.63171996 ], [ 85.74229607, 26.64485971 ], [ 85.73726582, 26.6503634 ], [ 85.73603791, 26.66462256 ], [ 85.728398, 26.66930103 ], [ 85.7240629, 26.68103206 ], [ 85.7272161, 26.72408676 ], [ 85.73543193, 26.73835861 ], [ 85.72989477, 26.74837069 ], [ 85.73588194, 26.77753442 ], [ 85.7359608, 26.79485881 ], [ 85.72739968, 26.80676122 ], [ 85.72637766, 26.81668114 ], [ 85.70604369, 26.83117799 ], [ 85.67805874, 26.84466977 ], [ 85.6432339, 26.85307471 ], [ 85.63715663, 26.87228847 ], [ 85.62438193, 26.87388287 ], [ 85.6094251, 26.85696374 ], [ 85.58833224, 26.84825269 ], [ 85.58487883, 26.85807797 ], [ 85.57632803, 26.85958722 ], [ 85.56732825, 26.84079166 ], [ 85.55897144, 26.84284055 ], [ 85.55497791, 26.83390054 ], [ 85.54500762, 26.83739058 ], [ 85.52256468, 26.81286042 ], [ 85.5074687, 26.8154335 ], [ 85.50104788, 26.81270053 ], [ 85.49637214, 26.79679908 ], [ 85.4801671, 26.80225624 ], [ 85.47698937, 26.79033201 ], [ 85.4587248, 26.78205243 ], [ 85.45470978, 26.78095448 ], [ 85.4375945, 26.78919473 ], [ 85.42563297, 26.78617212 ], [ 85.40943614, 26.79089482 ], [ 85.40394458, 26.78067757 ], [ 85.38798806, 26.77456466 ], [ 85.37719448, 26.76061785 ], [ 85.37218015, 26.75779921 ], [ 85.3618107, 26.76308125 ], [ 85.33679153, 26.74140503 ], [ 85.30779506, 26.75219741 ], [ 85.26445819, 26.75460543 ], [ 85.2393908, 26.7629618 ], [ 85.21338287, 26.75840887 ], [ 85.19720897, 26.77474322 ], [ 85.19425828, 26.78014511 ], [ 85.19630833, 26.78936525 ], [ 85.18459422, 26.79796416 ], [ 85.18010712, 26.80930921 ], [ 85.17926403, 26.81463182 ], [ 85.19381609, 26.83474571 ], [ 85.19562339, 26.86896507 ], [ 85.14671546, 26.87085152 ], [ 85.13436094, 26.86762203 ], [ 85.11039187, 26.87154093 ], [ 85.08729623, 26.86508752 ], [ 85.09267079, 26.85934753 ], [ 85.08717066, 26.85407501 ], [ 85.07939864, 26.85835605 ], [ 85.07912779, 26.85429856 ], [ 85.06518091, 26.84950987 ], [ 85.03406686, 26.85310478 ], [ 85.02730421, 26.85585594 ], [ 85.03289833, 26.87448965 ], [ 85.04694321, 26.87989897 ], [ 85.05700665, 26.87987882 ], [ 85.06001724, 26.88178734 ], [ 85.05879037, 26.88458206 ], [ 85.04766981, 26.89037662 ], [ 85.01081548, 26.89437157 ], [ 85.00097205, 26.90023233 ], [ 85.00679608, 26.90608138 ], [ 85.00169274, 26.9157051 ], [ 84.97146319, 26.92018772 ], [ 84.97238763, 26.92984936 ], [ 84.98125558, 26.94091965 ], [ 84.96164973, 26.96280682 ], [ 84.93206814, 26.9717081 ], [ 84.90095042, 26.97327928 ], [ 84.89040003, 26.98104908 ], [ 84.85797921, 26.992172 ], [ 84.85512263, 26.99585199 ], [ 84.85781934, 27.0084202 ], [ 84.82899628, 27.02081875 ], [ 84.8162265, 27.01936626 ], [ 84.81568708, 27.01223171 ], [ 84.79730267, 26.99664265 ], [ 84.79296147, 26.99751085 ], [ 84.79155661, 27.00769862 ], [ 84.77754651, 27.018049 ], [ 84.76883567, 27.01283171 ], [ 84.76322229, 27.00015294 ], [ 84.73426947, 27.01488329 ], [ 84.72610434, 27.01471958 ], [ 84.72221696, 27.02019379 ], [ 84.71344276, 27.02174004 ], [ 84.70157743, 27.02894253 ], [ 84.67926047, 27.03352599 ], [ 84.64616984, 27.04666988 ], [ 84.64953306, 27.05319685 ], [ 84.65051203, 27.07305578 ], [ 84.65857912, 27.08242756 ], [ 84.66969439, 27.08903227 ], [ 84.67831377, 27.10255713 ], [ 84.67467963, 27.11235342 ], [ 84.68070572, 27.11466651 ], [ 84.67848986, 27.12349637 ], [ 84.68198753, 27.12703866 ], [ 84.68899751, 27.15977457 ], [ 84.68805446, 27.16247404 ], [ 84.68090367, 27.16150052 ], [ 84.67767644, 27.17121973 ], [ 84.6859415, 27.18140188 ], [ 84.68561142, 27.20251988 ], [ 84.69144121, 27.22332078 ], [ 84.66646614, 27.27326867 ], [ 84.626174, 27.33650767 ], [ 84.61885386, 27.33986648 ], [ 84.60685398, 27.33830974 ], [ 84.5868015, 27.3426268 ], [ 84.56914439, 27.34886228 ], [ 84.52677745, 27.35177082 ], [ 84.48747315, 27.35975664 ], [ 84.47227975, 27.35453425 ], [ 84.46024632, 27.36289602 ], [ 84.42436899, 27.37116878 ], [ 84.3984358, 27.36870853 ], [ 84.37924514, 27.37517178 ], [ 84.36856289, 27.37270546 ], [ 84.34053143, 27.37535445 ], [ 84.30372073, 27.39126408 ], [ 84.29420728, 27.38456444 ], [ 84.2773606, 27.39671948 ], [ 84.27849258, 27.40909852 ], [ 84.27451512, 27.42510881 ], [ 84.26723263, 27.43241593 ], [ 84.26022877, 27.43459518 ], [ 84.25916757, 27.4443213 ], [ 84.25514571, 27.44969206 ], [ 84.2409553, 27.45176515 ], [ 84.22955468, 27.44963974 ], [ 84.22545945, 27.43984982 ], [ 84.21849069, 27.43957658 ], [ 84.21257433, 27.44933539 ], [ 84.21108498, 27.46745964 ], [ 84.18980447, 27.47007081 ], [ 84.15515343, 27.48659313 ], [ 84.14892445, 27.49661898 ], [ 84.15649442, 27.51061092 ], [ 84.1542491, 27.51861553 ], [ 84.14625519, 27.51832919 ], [ 84.12907479, 27.51079688 ], [ 84.12369016, 27.51225641 ], [ 84.11716563, 27.52092807 ], [ 84.106378, 27.51906739 ], [ 84.10189876, 27.51386226 ], [ 84.10164936, 27.49833615 ], [ 84.09779017, 27.49315148 ], [ 84.08778117, 27.48615448 ], [ 84.07443313, 27.48579625 ], [ 84.07017143, 27.48086482 ], [ 84.06323254, 27.45352946 ], [ 84.05428991, 27.44988515 ], [ 84.05349198, 27.44319585 ], [ 84.04354312, 27.4452295 ], [ 84.02994723, 27.43619722 ], [ 84.01962068, 27.43704414 ], [ 84.0009792, 27.44482022 ], [ 83.98968437, 27.44294146 ], [ 83.98381057, 27.43753817 ], [ 83.97063448, 27.44537485 ], [ 83.96230973, 27.44128703 ], [ 83.95028141, 27.44111509 ], [ 83.93598165, 27.44884362 ], [ 83.91540575, 27.43988821 ], [ 83.87434075, 27.43485802 ], [ 83.85087915, 27.44596969 ], [ 83.83492202, 27.42812737 ], [ 83.83706619, 27.42193547 ], [ 83.85727406, 27.40609782 ], [ 83.86528758, 27.39322191 ], [ 83.87917462, 27.38603792 ], [ 83.88632099, 27.37603594 ], [ 83.88445726, 27.36770336 ], [ 83.86656163, 27.34490528 ], [ 83.83952584, 27.36622481 ], [ 83.8233491, 27.37497302 ], [ 83.75186026, 27.40312391 ], [ 83.61359635, 27.46893457 ], [ 83.40210254, 27.47796045 ], [ 83.39403781, 27.47542289 ], [ 83.39532795, 27.46635215 ], [ 83.4061538, 27.45977782 ], [ 83.40677829, 27.45412152 ], [ 83.39295385, 27.43814768 ], [ 83.39096247, 27.42848074 ], [ 83.40531053, 27.41497418 ], [ 83.40585945, 27.39855219 ], [ 83.39498015, 27.38884201 ], [ 83.39114624, 27.37267924 ], [ 83.37439396, 27.3653454 ], [ 83.37364243, 27.35498455 ], [ 83.35759915, 27.33995425 ], [ 83.33844135, 27.33268138 ], [ 83.31936085, 27.33234874 ], [ 83.31183548, 27.32915664 ], [ 83.29683021, 27.3346733 ], [ 83.27866558, 27.34657782 ], [ 83.26993742, 27.36145099 ], [ 83.27241245, 27.38060881 ], [ 83.24664992, 27.40168215 ], [ 83.21591655, 27.41719987 ], [ 83.20549788, 27.43573259 ], [ 83.18416681, 27.45286248 ], [ 83.16168704, 27.45466508 ], [ 83.11222361, 27.44932501 ], [ 83.05300908, 27.44798591 ], [ 83.02302468, 27.45259248 ], [ 82.95010807, 27.47225853 ], [ 82.93918847, 27.49369389 ], [ 82.92565644, 27.50047851 ], [ 82.88328738, 27.49605646 ], [ 82.84078369, 27.50126013 ], [ 82.81826395, 27.49540577 ], [ 82.7761349, 27.50040154 ], [ 82.74171301, 27.50075452 ], [ 82.73791413, 27.51392813 ], [ 82.74949028, 27.52344405 ], [ 82.74576247, 27.52736804 ], [ 82.74115109, 27.54867326 ], [ 82.74550562, 27.55333883 ], [ 82.74761974, 27.56867841 ], [ 82.7550024, 27.58325068 ], [ 82.73783116, 27.6122421 ], [ 82.73993472, 27.62733281 ], [ 82.74415847, 27.63155468 ], [ 82.73896118, 27.63565958 ], [ 82.73892114, 27.64091535 ], [ 82.73310413, 27.64098841 ], [ 82.73306711, 27.65231217 ], [ 82.72603392, 27.65603022 ], [ 82.72032142, 27.6547689 ], [ 82.71608991, 27.66209929 ], [ 82.7197307, 27.68843494 ], [ 82.71267351, 27.69783447 ], [ 82.70887219, 27.70987406 ], [ 82.7137669, 27.72832349 ], [ 82.70395049, 27.71810646 ], [ 82.69941207, 27.72043452 ], [ 82.69073343, 27.71649441 ], [ 82.67527146, 27.71608584 ], [ 82.66116332, 27.720609 ], [ 82.65953221, 27.71452298 ], [ 82.64878787, 27.71019726 ], [ 82.63410642, 27.71176509 ], [ 82.62378492, 27.70268132 ], [ 82.60656306, 27.70316335 ], [ 82.60113492, 27.69649611 ], [ 82.58564717, 27.69720001 ], [ 82.55557181, 27.6865775 ], [ 82.54336584, 27.68518948 ], [ 82.51681124, 27.68899 ], [ 82.49598732, 27.68522723 ], [ 82.49258146, 27.68054074 ], [ 82.48606008, 27.68265512 ], [ 82.47477648, 27.67538636 ], [ 82.45857035, 27.67618099 ], [ 82.4298709, 27.68780862 ], [ 82.38772093, 27.71395524 ], [ 82.37914691, 27.73237326 ], [ 82.37142714, 27.73904764 ], [ 82.34909574, 27.75337001 ], [ 82.29495959, 27.777609 ], [ 82.26612537, 27.80443061 ], [ 82.23007517, 27.82356838 ], [ 82.22255089, 27.83386414 ], [ 82.20720978, 27.8456874 ], [ 82.18327162, 27.85238352 ], [ 82.16002022, 27.86548607 ], [ 82.15392046, 27.86444405 ], [ 82.15178803, 27.8579249 ], [ 82.12600271, 27.86568876 ], [ 82.12079126, 27.87436375 ], [ 82.10165555, 27.88543229 ], [ 82.07377155, 27.92395596 ], [ 82.05266243, 27.92196231 ], [ 81.97134055, 27.92945401 ], [ 81.95748612, 27.9076782 ], [ 81.94306108, 27.89360783 ], [ 81.93992319, 27.88438941 ], [ 81.92737034, 27.87683299 ], [ 81.92817676, 27.85873606 ], [ 81.92126816, 27.85499494 ], [ 81.91034756, 27.85442894 ], [ 81.89057846, 27.8575772 ], [ 81.83521479, 27.89727101 ], [ 81.82229846, 27.90237885 ], [ 81.81365199, 27.8997414 ], [ 81.80681437, 27.90208768 ], [ 81.70032906, 27.98877205 ], [ 81.66858151, 27.99041739 ], [ 81.63287092, 28.00272966 ], [ 81.60610859, 28.01930451 ], [ 81.58077132, 28.02822602 ], [ 81.56436951, 28.04073262 ], [ 81.48188638, 28.08117113 ], [ 81.47799332, 28.08853807 ], [ 81.48415266, 28.11400651 ], [ 81.4743293, 28.1234662 ], [ 81.4611885, 28.13031647 ], [ 81.45563242, 28.13651337 ], [ 81.45018151, 28.15649694 ], [ 81.42917115, 28.17102549 ], [ 81.41697592, 28.17375996 ], [ 81.38132537, 28.17313278 ], [ 81.37333742, 28.16527103 ], [ 81.37986593, 28.15613601 ], [ 81.37945344, 28.14528469 ], [ 81.36423444, 28.14011018 ], [ 81.31959493, 28.13538312 ], [ 81.31821305, 28.14206824 ], [ 81.3257655, 28.147426 ], [ 81.32869677, 28.15693907 ], [ 81.31937333, 28.15508905 ], [ 81.30727902, 28.16407006 ], [ 81.32339895, 28.16746158 ], [ 81.32735667, 28.17093968 ], [ 81.32066219, 28.18464949 ], [ 81.32042422, 28.2018162 ], [ 81.30336648, 28.21941947 ], [ 81.29300411, 28.22297814 ], [ 81.24042202, 28.28094397 ], [ 81.23676614, 28.28840638 ], [ 81.23788843, 28.32208349 ], [ 81.23564132, 28.33002087 ], [ 81.21493048, 28.35792661 ], [ 81.16652175, 28.36882783 ], [ 81.10334775, 28.37775237 ], [ 81.08627294, 28.38417387 ], [ 81.04377429, 28.4121651 ], [ 81.04008485, 28.41126246 ], [ 81.03713088, 28.40020631 ], [ 81.02226189, 28.41315331 ], [ 81.03694953, 28.42236729 ], [ 81.03978823, 28.4298132 ], [ 81.03014078, 28.43684012 ], [ 81.02166994, 28.43145813 ], [ 81.01656996, 28.4332983 ], [ 81.01776991, 28.4416725 ], [ 81.0138584, 28.44800554 ], [ 81.00212119, 28.44986893 ], [ 80.9921243, 28.44087074 ], [ 80.98165077, 28.44068326 ], [ 80.97909202, 28.43641865 ], [ 80.97219287, 28.43461657 ], [ 80.96633524, 28.43624875 ], [ 80.966096, 28.44120038 ], [ 80.97836987, 28.45086518 ], [ 80.96792601, 28.45092893 ], [ 80.95845919, 28.44573784 ], [ 80.9393218, 28.45104497 ], [ 80.94352939, 28.45930078 ], [ 80.94230716, 28.46620313 ], [ 80.9288791, 28.45439551 ], [ 80.92119994, 28.45525206 ], [ 80.91976826, 28.46242615 ], [ 80.91229112, 28.45656945 ], [ 80.90571854, 28.45900166 ], [ 80.90239997, 28.4609702 ], [ 80.8992372, 28.47805821 ], [ 80.90167001, 28.4834714 ], [ 80.9103416, 28.48706912 ], [ 80.90861046, 28.49496925 ], [ 80.89661198, 28.49887675 ], [ 80.89229301, 28.50453414 ], [ 80.87902562, 28.50729592 ], [ 80.86469325, 28.50486506 ], [ 80.8681199, 28.49580489 ], [ 80.86592929, 28.49218362 ], [ 80.84503398, 28.49679587 ], [ 80.8241443, 28.51582752 ], [ 80.78711117, 28.52452369 ], [ 80.78818927, 28.54056843 ], [ 80.77237396, 28.551448 ], [ 80.77136339, 28.56525476 ], [ 80.74736393, 28.572983 ], [ 80.73551925, 28.56679084 ], [ 80.72690476, 28.57259586 ], [ 80.71387064, 28.57081082 ], [ 80.70266261, 28.57535098 ], [ 80.6948901, 28.58621417 ], [ 80.69860235, 28.6018107 ], [ 80.68174982, 28.60410342 ], [ 80.68112471, 28.61902585 ], [ 80.67063115, 28.62694508 ], [ 80.66886286, 28.63982622 ], [ 80.66030671, 28.63760079 ], [ 80.64674825, 28.64156834 ], [ 80.63165978, 28.63672603 ], [ 80.61555526, 28.64219152 ], [ 80.60762883, 28.64897274 ], [ 80.59410211, 28.64605638 ], [ 80.59586591, 28.65553856 ], [ 80.58438344, 28.66119899 ], [ 80.59104194, 28.67928925 ], [ 80.56597265, 28.68948737 ], [ 80.55778413, 28.6912863 ], [ 80.5373219, 28.68611936 ], [ 80.50866831, 28.66579184 ], [ 80.50946288, 28.64207904 ], [ 80.5181515, 28.60682798 ], [ 80.52073008, 28.57968545 ], [ 80.52864663, 28.57540296 ], [ 80.53311216, 28.56860893 ], [ 80.52790293, 28.55933345 ], [ 80.52275975, 28.55755233 ], [ 80.51487301, 28.56002734 ], [ 80.48955274, 28.58376991 ], [ 80.47191403, 28.58807023 ], [ 80.4739526, 28.60141104 ], [ 80.46857141, 28.60706373 ], [ 80.46573854, 28.62017541 ], [ 80.46217488, 28.62425843 ], [ 80.44707649, 28.62922255 ], [ 80.43836672, 28.63735521 ], [ 80.42636421, 28.63850216 ], [ 80.3828925, 28.63014147 ], [ 80.36926941, 28.63516802 ], [ 80.36167941, 28.64141346 ], [ 80.36188839, 28.65157594 ], [ 80.332454, 28.66669141 ], [ 80.32424956, 28.68501536 ], [ 80.32292992, 28.69654226 ], [ 80.30038973, 28.70692254 ], [ 80.27969082, 28.70961062 ], [ 80.26223975, 28.72473158 ], [ 80.27073974, 28.74351344 ], [ 80.2621599, 28.75344598 ], [ 80.24755255, 28.75816466 ], [ 80.22425341, 28.75564959 ], [ 80.21069218, 28.75992322 ], [ 80.17526317, 28.78473081 ], [ 80.13338862, 28.82214349 ], [ 80.11903294, 28.82594648 ], [ 80.08216359, 28.82360848 ], [ 80.07034803, 28.82922592 ], [ 80.06361094, 28.845257 ], [ 80.06334141, 28.90378683 ], [ 80.06660038, 28.91871616 ], [ 80.08882815, 28.96216584 ], [ 80.10260717, 28.98136337 ], [ 80.12117229, 28.98528772 ], [ 80.12545679, 29.00247271 ], [ 80.14084509, 29.00633751 ], [ 80.14082627, 29.01040763 ], [ 80.1305476, 29.01422054 ], [ 80.13381336, 29.03006238 ], [ 80.13019875, 29.03455693 ], [ 80.14359324, 29.05605416 ], [ 80.13555588, 29.0687744 ], [ 80.14891938, 29.09966458 ], [ 80.16620056, 29.11822561 ], [ 80.18528034, 29.13185141 ], [ 80.19015739, 29.13318838 ], [ 80.20635836, 29.12825598 ], [ 80.21949502, 29.11923848 ], [ 80.24031513, 29.11880535 ], [ 80.25272488, 29.13374359 ], [ 80.273624, 29.14437255 ], [ 80.27426875, 29.14912792 ], [ 80.26341003, 29.16473039 ], [ 80.26581192, 29.17580149 ], [ 80.26402209, 29.18730082 ], [ 80.25044738, 29.20245674 ], [ 80.25414002, 29.21915168 ], [ 80.26160776, 29.21849827 ], [ 80.26471944, 29.21057582 ], [ 80.28348291, 29.20743271 ], [ 80.2917384, 29.19570662 ], [ 80.29842584, 29.19481916 ], [ 80.30225201, 29.19842259 ], [ 80.29756957, 29.23502139 ], [ 80.30423456, 29.24112994 ], [ 80.30316633, 29.25288357 ], [ 80.30794599, 29.28294656 ], [ 80.31127242, 29.29130084 ], [ 80.31938649, 29.29953098 ], [ 80.31663612, 29.32251016 ], [ 80.2968053, 29.32678073 ], [ 80.29470473, 29.34033009 ], [ 80.28541408, 29.34372286 ], [ 80.28359743, 29.35861786 ], [ 80.27533919, 29.36494426 ], [ 80.2756887, 29.3692356 ], [ 80.28111674, 29.37376092 ], [ 80.2775592, 29.39408118 ], [ 80.24891353, 29.40807034 ], [ 80.24632655, 29.44073929 ], [ 80.2470169, 29.44579446 ], [ 80.27044088, 29.45036416 ], [ 80.28047524, 29.45735866 ], [ 80.28798852, 29.44767283 ], [ 80.30292964, 29.45037958 ], [ 80.30172636, 29.4601139 ], [ 80.29204037, 29.46936907 ], [ 80.30271065, 29.48587262 ], [ 80.30668637, 29.48699166 ], [ 80.30939678, 29.48238858 ], [ 80.31599547, 29.48067217 ], [ 80.31801595, 29.49288184 ], [ 80.33448311, 29.50780028 ], [ 80.35347865, 29.51655201 ], [ 80.35777298, 29.53132427 ], [ 80.34848516, 29.53742116 ], [ 80.35142103, 29.55052917 ], [ 80.38576886, 29.57047421 ], [ 80.397563, 29.57066532 ], [ 80.40398958, 29.58648268 ], [ 80.41377683, 29.59777626 ], [ 80.41322565, 29.61540955 ], [ 80.42301669, 29.62918798 ], [ 80.42377956, 29.64070487 ], [ 80.42068072, 29.64950309 ], [ 80.39480779, 29.66871396 ], [ 80.39065476, 29.68567601 ], [ 80.37962213, 29.70644863 ], [ 80.3794775, 29.7182042 ], [ 80.37251, 29.72067856 ], [ 80.3704304, 29.72497247 ], [ 80.37039237, 29.74281524 ], [ 80.37400409, 29.74894047 ], [ 80.38718763, 29.7484837 ], [ 80.3934044, 29.75689537 ], [ 80.40216942, 29.75978488 ], [ 80.41005191, 29.78972632 ], [ 80.43260177, 29.79842303 ], [ 80.43813904, 29.80528705 ], [ 80.45407324, 29.79775998 ], [ 80.47035416, 29.80112773 ], [ 80.48977831, 29.79365552 ], [ 80.4964764, 29.7961386 ], [ 80.5011161, 29.81240846 ], [ 80.50804289, 29.82039143 ], [ 80.52543464, 29.83023498 ], [ 80.54222773, 29.84831151 ], [ 80.55465561, 29.85325298 ], [ 80.56086059, 29.86229726 ], [ 80.56240808, 29.87632708 ], [ 80.57432272, 29.89480908 ], [ 80.57251394, 29.92307133 ], [ 80.5792407, 29.93367668 ], [ 80.60034439, 29.9535536 ], [ 80.63027435, 29.96391287 ], [ 80.64664118, 29.95901671 ], [ 80.68155708, 29.96064865 ], [ 80.69244109, 29.97486829 ], [ 80.72109054, 29.99941698 ], [ 80.7352245, 29.99713447 ], [ 80.74430848, 30.00207062 ], [ 80.76145769, 30.03207982 ], [ 80.76253941, 30.04791682 ], [ 80.76926956, 30.0553415 ], [ 80.78925844, 30.06637045 ], [ 80.81111808, 30.09448132 ], [ 80.8244888, 30.10011323 ], [ 80.84148087, 30.10123343 ], [ 80.85139144, 30.11701242 ], [ 80.87477781, 30.13050437 ], [ 80.87766486, 30.14383504 ], [ 80.86790186, 30.17193734 ], [ 80.88298999, 30.18424521 ], [ 80.90282649, 30.2160385 ], [ 80.912705, 30.2184984 ], [ 80.91786272, 30.21531394 ], [ 80.92173384, 30.20738512 ], [ 80.92037277, 30.18603593 ], [ 80.92580857, 30.17979893 ], [ 80.93668088, 30.17658545 ], [ 80.95825913, 30.18441705 ], [ 80.97070625, 30.18301677 ], [ 80.98033714, 30.19087067 ], [ 80.99329192, 30.18677651 ], [ 81.02789786, 30.19769225 ], [ 81.04296036, 30.19853817 ], [ 81.04182834, 30.20997382 ], [ 81.03297439, 30.22837742 ], [ 81.03396165, 30.24736218 ], [ 81.02535076, 30.257207 ], [ 81.00844187, 30.26487605 ], [ 80.93111345, 30.28236598 ], [ 80.89789076, 30.29401138 ], [ 80.86020935, 30.30159952 ], [ 80.82570697, 30.31435658 ], [ 80.79045306, 30.3375243 ], [ 80.77121828, 30.37369169 ], [ 80.75202351, 30.39251517 ], [ 80.71436874, 30.41271138 ], [ 80.68053202, 30.43777285 ], [ 80.66364048, 30.43969383 ], [ 80.65280041, 30.44477473 ], [ 80.64334873, 30.45418692 ], [ 80.5988405, 30.48159262 ], [ 80.58101814, 30.48296437 ], [ 80.57019723, 30.46151228 ], [ 80.55874076, 30.4576899 ], [ 80.54964776, 30.45836077 ], [ 80.54105739, 30.44865864 ], [ 80.52024034, 30.46311489 ], [ 80.50433185, 30.48348068 ], [ 80.47151797, 30.48823171 ], [ 80.43817256, 30.49999273 ], [ 80.4302334, 30.5056535 ], [ 80.41521859, 30.52550813 ], [ 80.40609195, 30.52416018 ], [ 80.39597538, 30.51784198 ], [ 80.38294494, 30.52120467 ], [ 80.33026684, 30.54830489 ], [ 80.32031261, 30.56184171 ], [ 80.29270127, 30.56881652 ], [ 80.28232793, 30.56809916 ], [ 80.27524846, 30.56087314 ], [ 80.2715878, 30.5626934 ], [ 80.27170651, 30.56856044 ], [ 80.26787993, 30.56949898 ], [ 80.26248182, 30.56290482 ], [ 80.2549212, 30.55972729 ], [ 80.23044284, 30.57337176 ], [ 80.22566158, 30.57664558 ], [ 80.2206876, 30.59173571 ], [ 80.22117464, 30.59672465 ], [ 80.22663328, 30.60217273 ], [ 80.22687299, 30.60892093 ], [ 80.21433166, 30.61321911 ], [ 80.2132852, 30.61748338 ], [ 80.22260811, 30.63109085 ], [ 80.22377531, 30.63944556 ], [ 80.21525213, 30.64982802 ], [ 80.20323191, 30.65565929 ], [ 80.1953583, 30.66422582 ], [ 80.20042863, 30.67668237 ], [ 80.23466565, 30.69162986 ], [ 80.23850585, 30.70904258 ], [ 80.24580467, 30.71697093 ], [ 80.25227068, 30.73210359 ], [ 80.23886725, 30.7585112 ], [ 80.23286977, 30.76146134 ], [ 80.22777889, 30.76007089 ], [ 80.22220773, 30.75193463 ], [ 80.20547386, 30.75821868 ], [ 80.20098634, 30.76477408 ], [ 80.19988908, 30.78105356 ], [ 80.18256835, 30.80158968 ], [ 80.17234613, 30.80718173 ], [ 80.15459993, 30.80558734 ], [ 80.15335945, 30.79112904 ], [ 80.14031724, 30.78793001 ], [ 80.12809102, 30.7752567 ], [ 80.11817405, 30.77408125 ], [ 80.08907898, 30.79413629 ], [ 80.08454791, 30.8137679 ], [ 80.0654184, 30.8272627 ], [ 80.05919766, 30.83843992 ], [ 80.04287247, 30.83781937 ], [ 80.03318791, 30.8409544 ], [ 80.0116273, 30.86076711 ], [ 79.97496806, 30.88003561 ], [ 79.95680328, 30.88646106 ], [ 79.93018678, 30.88668019 ], [ 79.91272217, 30.91622314 ], [ 79.89518411, 30.91975135 ], [ 79.88991246, 30.9249164 ], [ 79.88643109, 30.94367898 ], [ 79.8702164, 30.97341978 ], [ 79.84557995, 30.9784932 ], [ 79.82023483, 30.97227681 ], [ 79.80761166, 30.97875422 ], [ 79.77559895, 30.98763835 ], [ 79.75743276, 31.00131668 ], [ 79.74779199, 30.99650884 ], [ 79.74004937, 30.98540356 ], [ 79.72000726, 30.97790639 ], [ 79.70845491, 30.97619251 ], [ 79.67777788, 30.98144886 ], [ 79.66917313, 30.98027211 ], [ 79.66502458, 30.97436994 ], [ 79.66461041, 30.96509696 ], [ 79.63090126, 30.95630893 ], [ 79.60235205, 30.93760078 ], [ 79.59086466, 30.94889516 ], [ 79.56873458, 30.95338098 ], [ 79.54626866, 30.96862344 ], [ 79.55288375, 30.98583439 ], [ 79.53456731, 30.98797913 ], [ 79.53768287, 31.00267374 ], [ 79.52009183, 31.01835826 ], [ 79.51651379, 31.03370805 ], [ 79.50260366, 31.0356337 ], [ 79.4950619, 31.03263449 ], [ 79.48113502, 31.03593678 ], [ 79.43695623, 31.03040899 ], [ 79.42828892, 31.03212721 ], [ 79.42368891, 31.06755428 ], [ 79.41702724, 31.07449573 ], [ 79.40763082, 31.07442094 ], [ 79.40500828, 31.09337989 ], [ 79.39720178, 31.11298525 ], [ 79.39242864, 31.11542749 ], [ 79.37596315, 31.11483619 ], [ 79.35720874, 31.12326134 ], [ 79.34148548, 31.12404772 ], [ 79.33667195, 31.13212877 ], [ 79.32403839, 31.13472858 ], [ 79.31499347, 31.14391844 ], [ 79.29812476, 31.17018661 ], [ 79.2975282, 31.17559595 ], [ 79.30320903, 31.18310369 ], [ 79.30388665, 31.19033436 ], [ 79.28832139, 31.22547388 ], [ 79.27831623, 31.24004388 ], [ 79.25885225, 31.24168164 ], [ 79.24942746, 31.24879712 ], [ 79.24934947, 31.263948 ], [ 79.26331528, 31.28011542 ], [ 79.26368747, 31.29140783 ], [ 79.23711951, 31.31419547 ], [ 79.23731733, 31.33211857 ], [ 79.20390038, 31.35484839 ], [ 79.18991901, 31.37223517 ], [ 79.17921759, 31.39379589 ], [ 79.16440214, 31.40604863 ], [ 79.14469669, 31.43365639 ], [ 79.09204028, 31.45321065 ], [ 79.07263034, 31.46723368 ], [ 79.06370427, 31.46534997 ], [ 79.05132369, 31.44814695 ], [ 79.04993667, 31.42295257 ], [ 79.02251648, 31.3955514 ], [ 79.01023873, 31.37419237 ], [ 79.0089982, 31.36242654 ], [ 79.00530002, 31.35674833 ], [ 78.95252619, 31.33739953 ], [ 78.94091224, 31.32666032 ], [ 78.93861927, 31.32029581 ], [ 78.94028179, 31.30157619 ], [ 78.93143539, 31.28205311 ], [ 78.93227412, 31.26285655 ], [ 78.92950217, 31.25649234 ], [ 78.92226629, 31.25406345 ], [ 78.89495302, 31.26560674 ], [ 78.88291024, 31.29629624 ], [ 78.87370402, 31.30790244 ], [ 78.855579, 31.3226481 ], [ 78.84450203, 31.32515691 ], [ 78.85566514, 31.34555637 ], [ 78.84978847, 31.36745018 ], [ 78.83231239, 31.38340895 ], [ 78.79202481, 31.39625737 ], [ 78.79208219, 31.40168966 ], [ 78.80810478, 31.41289364 ], [ 78.81296324, 31.43963474 ], [ 78.81118319, 31.44782116 ], [ 78.77690113, 31.46995502 ], [ 78.7646862, 31.48573657 ], [ 78.73231125, 31.4800047 ], [ 78.73091362, 31.50286998 ], [ 78.72242656, 31.51354652 ], [ 78.72449124, 31.51912507 ], [ 78.73296053, 31.52562377 ], [ 78.73707454, 31.53610979 ], [ 78.76587061, 31.5439877 ], [ 78.78401371, 31.56090447 ], [ 78.81320118, 31.57131111 ], [ 78.83878607, 31.59578199 ], [ 78.84709578, 31.61041815 ], [ 78.84291719, 31.62317012 ], [ 78.80279694, 31.65278379 ], [ 78.79686189, 31.66790416 ], [ 78.79577602, 31.68510556 ], [ 78.7660047, 31.67998597 ], [ 78.75049965, 31.6872659 ], [ 78.74472554, 31.69765386 ], [ 78.737633, 31.72565354 ], [ 78.72753369, 31.73659454 ], [ 78.7409078, 31.75920288 ], [ 78.71956089, 31.76577766 ], [ 78.71252435, 31.77415235 ], [ 78.70762311, 31.78874899 ], [ 78.70711662, 31.80212651 ], [ 78.71100304, 31.81260389 ], [ 78.7178451, 31.82119954 ], [ 78.73816617, 31.83274565 ], [ 78.74022455, 31.87695836 ], [ 78.74810386, 31.89364432 ], [ 78.7459631, 31.90206385 ], [ 78.76195726, 31.92052199 ], [ 78.76918333, 31.93506859 ], [ 78.78775471, 31.99534742 ], [ 78.75378289, 31.99963945 ], [ 78.74812913, 32.00321692 ], [ 78.73932417, 32.01599565 ], [ 78.70686267, 32.0413622 ], [ 78.69810926, 32.05907335 ], [ 78.67422047, 32.07699502 ], [ 78.66923717, 32.08394346 ], [ 78.66474058, 32.10284137 ], [ 78.65646924, 32.10783677 ], [ 78.6230631, 32.11322541 ], [ 78.61420326, 32.1177812 ], [ 78.60645141, 32.14132352 ], [ 78.59124437, 32.15442731 ], [ 78.59422948, 32.1608707 ], [ 78.60571577, 32.16730832 ], [ 78.61068369, 32.17823294 ], [ 78.60750166, 32.19345809 ], [ 78.61216376, 32.20731939 ], [ 78.60995765, 32.214519 ], [ 78.55650164, 32.24589104 ], [ 78.53096757, 32.24536188 ], [ 78.49990455, 32.23907215 ], [ 78.45624695, 32.2424485 ], [ 78.45793685, 32.24761114 ], [ 78.47551667, 32.2651388 ], [ 78.48327619, 32.28002149 ], [ 78.48184431, 32.31668192 ], [ 78.4779145, 32.33328433 ], [ 78.48130894, 32.34830156 ], [ 78.48524756, 32.35406526 ], [ 78.50902329, 32.36937039 ], [ 78.51498744, 32.39133646 ], [ 78.53406105, 32.40860015 ], [ 78.53617249, 32.41461385 ], [ 78.52001595, 32.42234415 ], [ 78.49553344, 32.42198777 ], [ 78.48355929, 32.44133228 ], [ 78.45555166, 32.4525903 ], [ 78.45288861, 32.45877819 ], [ 78.45480375, 32.46727797 ], [ 78.46620149, 32.48545648 ], [ 78.46256149, 32.4941543 ], [ 78.44924814, 32.50654537 ], [ 78.42670352, 32.50830714 ], [ 78.41894749, 32.51446348 ], [ 78.41660843, 32.52268086 ], [ 78.39998426, 32.5259731 ], [ 78.42800643, 32.53183328 ], [ 78.43058964, 32.54888157 ], [ 78.4366214, 32.5615739 ], [ 78.44386024, 32.56992121 ], [ 78.45984399, 32.58001313 ], [ 78.47246166, 32.583512 ], [ 78.49955275, 32.58169893 ], [ 78.51491325, 32.58950644 ], [ 78.53573563, 32.60864849 ], [ 78.57338831, 32.61761278 ], [ 78.58813759, 32.61590652 ], [ 78.5950542, 32.6103735 ], [ 78.60864985, 32.60615986 ], [ 78.61605802, 32.5960883 ], [ 78.62091929, 32.5967151 ], [ 78.63902049, 32.60972044 ], [ 78.64785419, 32.63145345 ], [ 78.66231273, 32.65402984 ], [ 78.672687, 32.65778552 ], [ 78.70368862, 32.65657974 ], [ 78.72305046, 32.66119282 ], [ 78.74226042, 32.67371558 ], [ 78.76133454, 32.69736509 ], [ 78.76912912, 32.69705017 ], [ 78.76266867, 32.65508293 ], [ 78.77922864, 32.62810911 ], [ 78.79251501, 32.61843257 ], [ 78.79710606, 32.59836804 ], [ 78.79157903, 32.58570324 ], [ 78.77641639, 32.57313999 ], [ 78.77677466, 32.5583618 ], [ 78.79040361, 32.53320853 ], [ 78.80714816, 32.48167229 ], [ 78.8203146, 32.46242924 ], [ 78.82722373, 32.43870563 ], [ 78.83442527, 32.43613202 ], [ 78.85886607, 32.44064518 ], [ 78.87529523, 32.41723346 ], [ 78.90347371, 32.39286864 ], [ 78.94995385, 32.36732223 ], [ 78.96173873, 32.36605437 ], [ 78.97900245, 32.33923907 ], [ 78.98541407, 32.33802731 ], [ 78.99379664, 32.3452163 ], [ 79.01459985, 32.37726683 ], [ 79.0337401, 32.38590843 ], [ 79.07101893, 32.39067446 ], [ 79.10892467, 32.38293094 ], [ 79.11509358, 32.38422397 ], [ 79.12086577, 32.39392068 ], [ 79.1257211, 32.41363243 ], [ 79.13864813, 32.41756156 ], [ 79.1443275, 32.42273507 ], [ 79.14655082, 32.44294042 ], [ 79.13133749, 32.46609679 ], [ 79.13742045, 32.47694738 ], [ 79.14793325, 32.48111263 ], [ 79.19513542, 32.48299861 ], [ 79.23780548, 32.50585925 ], [ 79.2508832, 32.53411935 ], [ 79.27364167, 32.532447 ], [ 79.29510177, 32.55010796 ], [ 79.31113019, 32.57177545 ], [ 79.3207456, 32.59272751 ], [ 79.33950806, 32.59201202 ], [ 79.39452994, 32.57230894 ], [ 79.39943243, 32.53706364 ], [ 79.40682035, 32.52968335 ], [ 79.42417202, 32.52717991 ], [ 79.44812866, 32.5325173 ], [ 79.46165121, 32.5529854 ], [ 79.46980971, 32.57630742 ], [ 79.49396448, 32.59027118 ], [ 79.51574063, 32.60811974 ], [ 79.56712998, 32.6732606 ], [ 79.57842541, 32.67872531 ], [ 79.62689617, 32.73753783 ], [ 79.61455046, 32.76429173 ], [ 79.6032251, 32.77696932 ], [ 79.58734154, 32.77403195 ], [ 79.58234421, 32.7811393 ], [ 79.57326022, 32.78243392 ], [ 79.56799455, 32.78681393 ], [ 79.51607003, 32.85574787 ], [ 79.48885272, 32.88134483 ], [ 79.46404399, 32.92007345 ], [ 79.42230992, 32.96153817 ], [ 79.40926576, 32.97012059 ], [ 79.38555095, 32.96796439 ], [ 79.38407307, 32.98908774 ], [ 79.36822203, 32.99089938 ], [ 79.35524649, 33.00289167 ], [ 79.33197156, 33.01206747 ], [ 79.3409709, 33.01851424 ], [ 79.38231755, 33.02772084 ], [ 79.39376306, 33.03618471 ], [ 79.3935313, 33.05410773 ], [ 79.37810847, 33.07905571 ], [ 79.37739113, 33.08473647 ], [ 79.39344123, 33.12444951 ], [ 79.43045446, 33.17671344 ], [ 79.44665714, 33.20581966 ], [ 79.45609608, 33.25039903 ], [ 79.4534309, 33.26039002 ], [ 79.44745897, 33.26478946 ], [ 79.37005458, 33.28265019 ], [ 79.33298677, 33.27343793 ], [ 79.31571509, 33.27321412 ], [ 79.24062409, 33.29780628 ], [ 79.20858155, 33.29236408 ], [ 79.17688068, 33.29452973 ], [ 79.16631794, 33.29014062 ], [ 79.14423522, 33.2926788 ], [ 79.12690386, 33.28994467 ], [ 79.09732224, 33.29459687 ], [ 79.06194178, 33.30977232 ], [ 79.01780278, 33.33548029 ], [ 78.99640419, 33.3305183 ], [ 78.98996715, 33.33285205 ], [ 78.98028729, 33.35588566 ], [ 78.97256942, 33.3604922 ], [ 78.96872508, 33.37550395 ], [ 78.95366848, 33.38112089 ], [ 78.95002332, 33.40835897 ], [ 78.94033539, 33.41233879 ], [ 78.93334789, 33.43279626 ], [ 78.93147827, 33.47386085 ], [ 78.94183055, 33.49957878 ], [ 78.94279064, 33.5093003 ], [ 78.94058998, 33.52655415 ], [ 78.92784689, 33.55975492 ], [ 78.91516215, 33.57434595 ], [ 78.918197, 33.58707004 ], [ 78.91706809, 33.62241795 ], [ 78.91447446, 33.62787119 ], [ 78.91671151, 33.63233578 ], [ 78.92235384, 33.63324662 ], [ 78.94977373, 33.62070812 ], [ 78.98991796, 33.61118729 ], [ 78.99969732, 33.61220646 ], [ 79.02010846, 33.62352032 ], [ 79.04779739, 33.62772148 ], [ 79.0653761, 33.62682297 ], [ 79.09950022, 33.61372597 ], [ 79.10656644, 33.61408538 ], [ 79.10707339, 33.61688426 ], [ 79.09046331, 33.65711325 ], [ 79.0911675, 33.68699969 ], [ 79.08629716, 33.68843685 ], [ 79.07182563, 33.67908746 ], [ 79.05396136, 33.67814083 ], [ 79.03808133, 33.68444868 ], [ 79.02898535, 33.69181362 ], [ 79.02052211, 33.7057374 ], [ 79.02622073, 33.72265106 ], [ 79.04314395, 33.73845435 ], [ 79.04297113, 33.74970605 ], [ 79.06849033, 33.75643993 ], [ 79.06759226, 33.76334746 ], [ 79.06129034, 33.76975377 ], [ 79.0602676, 33.78032018 ], [ 79.05383859, 33.77842261 ], [ 79.05082016, 33.76762965 ], [ 79.04725534, 33.76611928 ], [ 79.04076092, 33.77069826 ], [ 79.03413981, 33.78371467 ], [ 79.02454626, 33.77521643 ], [ 79.01675234, 33.77869521 ], [ 79.01253122, 33.78688254 ], [ 79.01919376, 33.79881542 ], [ 79.00646248, 33.79761318 ], [ 79.00082585, 33.80332749 ], [ 78.96170677, 33.87100812 ], [ 78.95353726, 33.88921934 ], [ 78.95268438, 33.90236734 ], [ 78.94379115, 33.90855565 ], [ 78.94935839, 33.91663583 ], [ 78.948309, 33.92071762 ], [ 78.93699195, 33.92718888 ], [ 78.92115777, 33.95725731 ], [ 78.90668763, 33.9689386 ], [ 78.90568265, 33.97620644 ], [ 78.92342879, 33.99367481 ], [ 78.94056395, 34.02400834 ], [ 78.95201995, 34.02886799 ], [ 79.02237104, 34.05090335 ], [ 79.04443052, 34.03570127 ], [ 79.06195066, 34.02869388 ], [ 79.08409548, 34.02189522 ], [ 79.11258389, 34.0197162 ], [ 79.13580883, 34.0272452 ], [ 79.14376056, 34.03519206 ], [ 79.15162795, 34.0681042 ], [ 79.16489051, 34.06660444 ], [ 79.17123552, 34.07286673 ], [ 79.17883517, 34.07208018 ], [ 79.19805403, 34.05124305 ], [ 79.24773401, 34.05129915 ], [ 79.26365877, 34.04699308 ], [ 79.27439437, 34.03940945 ], [ 79.30595575, 34.04304004 ], [ 79.35553277, 34.03694103 ], [ 79.39875825, 34.02708031 ], [ 79.41431676, 34.01486081 ], [ 79.426577, 34.01743277 ], [ 79.43789179, 34.02855441 ], [ 79.43003278, 34.04339924 ], [ 79.42032727, 34.04804109 ], [ 79.41448923, 34.05490408 ], [ 79.41442605, 34.06320317 ], [ 79.4203498, 34.07812916 ], [ 79.43256431, 34.0926636 ], [ 79.46123595, 34.101983 ], [ 79.49473994, 34.13587841 ], [ 79.48927247, 34.1488458 ], [ 79.48971219, 34.15720259 ], [ 79.49477825, 34.17997127 ], [ 79.50722638, 34.20579452 ], [ 79.5110911, 34.210496 ], [ 79.5195909, 34.21285413 ], [ 79.53710897, 34.20581543 ], [ 79.54448268, 34.20729177 ], [ 79.55007918, 34.21511324 ], [ 79.56482372, 34.21783371 ], [ 79.57238427, 34.22287319 ], [ 79.57919227, 34.22915864 ], [ 79.58574042, 34.24444719 ], [ 79.59191035, 34.28278218 ], [ 79.57573074, 34.30380415 ], [ 79.55956843, 34.33243208 ], [ 79.5621908, 34.36346029 ], [ 79.55398006, 34.38796164 ], [ 79.56073092, 34.39941491 ], [ 79.56120917, 34.4100107 ], [ 79.5418758, 34.41009078 ], [ 79.52813894, 34.41798529 ], [ 79.52730475, 34.44553798 ], [ 79.50946461, 34.46792901 ], [ 79.50851028, 34.47427971 ], [ 79.54348258, 34.47895459 ], [ 79.57088288, 34.48669403 ], [ 79.58021394, 34.48992998 ], [ 79.59325178, 34.50082391 ], [ 79.60885817, 34.49197729 ], [ 79.65240004, 34.48839827 ], [ 79.66201648, 34.47967417 ], [ 79.67300661, 34.48356811 ], [ 79.68462153, 34.47865571 ], [ 79.73339524, 34.4783279 ], [ 79.74353277, 34.48133485 ], [ 79.76748305, 34.48006339 ], [ 79.79403281, 34.48505451 ], [ 79.80435029, 34.49594265 ], [ 79.81239871, 34.49691413 ], [ 79.81454403, 34.50006577 ], [ 79.81522715, 34.52016785 ], [ 79.81029071, 34.5313081 ], [ 79.7824895, 34.54442145 ], [ 79.7750276, 34.55199673 ], [ 79.76192306, 34.55197892 ], [ 79.75846108, 34.55471612 ], [ 79.75897554, 34.56602837 ], [ 79.77101257, 34.5820763 ], [ 79.793015, 34.58963873 ], [ 79.77877079, 34.61518528 ], [ 79.77262807, 34.62045239 ], [ 79.7759115, 34.62759259 ], [ 79.8042563, 34.64297792 ], [ 79.8165425, 34.64343867 ], [ 79.82042231, 34.64697882 ], [ 79.82483838, 34.66113157 ], [ 79.86066619, 34.68875437 ], [ 79.90030269, 34.69126103 ], [ 79.9277784, 34.68721565 ], [ 79.9331357, 34.6823593 ], [ 79.94456098, 34.68106297 ], [ 80.04448531, 34.70438278 ], [ 80.06904002, 34.71477706 ], [ 80.07278597, 34.74609786 ], [ 80.06702506, 34.79064427 ], [ 80.07314952, 34.82843171 ], [ 80.08402308, 34.84879768 ], [ 80.10684619, 34.86803531 ], [ 80.12367354, 34.89342734 ], [ 80.17089088, 34.9888605 ], [ 80.17475598, 35.00232868 ], [ 80.18391569, 35.0405081 ], [ 80.18587401, 35.0632193 ], [ 80.17785936, 35.13685588 ], [ 80.18353721, 35.16673084 ], [ 80.22600159, 35.2200194 ], [ 80.23566987, 35.2766284 ], [ 80.27092413, 35.34423115 ], [ 80.2835495, 35.38787662 ], [ 80.28107723, 35.44085982 ], [ 80.29756393, 35.46079164 ], [ 80.31802139, 35.46351498 ], [ 80.32801369, 35.46965076 ], [ 80.31129902, 35.55416892 ], [ 80.29150434, 35.60741849 ], [ 80.27425816, 35.62279942 ], [ 80.23733566, 35.64193567 ], [ 80.10810237, 35.68092545 ], [ 80.08817656, 35.72517947 ], [ 80.05823522, 35.749937 ], [ 80.03823871, 35.79976218 ], [ 80.01758314, 35.82396349 ], [ 79.99917735, 35.83775288 ], [ 79.97220245, 35.8406728 ], [ 79.95586293, 35.8378012 ], [ 79.92998825, 35.827448 ], [ 79.91017392, 35.81722866 ], [ 79.87109284, 35.78302749 ], [ 79.79644175, 35.79724559 ], [ 79.73753685, 35.80200875 ], [ 79.72497017, 35.80604485 ], [ 79.71200638, 35.81948952 ], [ 79.66550613, 35.83527165 ], [ 79.55985895, 35.86176971 ], [ 79.51837404, 35.88351406 ], [ 79.42206672, 35.8965283 ], [ 79.40314108, 35.91879233 ], [ 79.39253734, 35.95490426 ], [ 79.38681725, 35.99046605 ], [ 79.3846737, 35.99428639 ], [ 79.37807231, 35.9952872 ], [ 79.34482665, 35.9885692 ], [ 79.29019962, 35.98972 ], [ 79.24182124, 35.98675202 ], [ 79.21546326, 35.97878084 ], [ 79.19803813, 35.96146927 ], [ 79.18980941, 35.94719526 ], [ 79.18811467, 35.92742762 ], [ 79.19782917, 35.8985652 ], [ 79.19404954, 35.88692435 ], [ 79.18027107, 35.87024624 ], [ 79.15702249, 35.85030579 ], [ 79.13253416, 35.83621687 ], [ 79.06375973, 35.84648168 ], [ 79.02163929, 35.84874821 ], [ 79.00382172, 35.85681485 ], [ 78.97548047, 35.88006939 ], [ 78.97039716, 35.88887176 ], [ 78.96050608, 35.89259279 ], [ 78.93991393, 35.87957659 ], [ 78.82375884, 35.85583313 ], [ 78.80445037, 35.85579975 ], [ 78.79015449, 35.85932375 ], [ 78.76877343, 35.86966955 ], [ 78.7511075, 35.86693124 ], [ 78.71885185, 35.8683363 ], [ 78.69141047, 35.85627668 ], [ 78.68096874, 35.85906104 ], [ 78.66495353, 35.85738732 ], [ 78.61951845, 35.81714811 ], [ 78.58057296, 35.80806063 ], [ 78.57485077, 35.78965862 ], [ 78.56054536, 35.79248097 ], [ 78.52126944, 35.76376932 ], [ 78.50907466, 35.77269031 ], [ 78.46474952, 35.77420016 ], [ 78.43589543, 35.784352 ], [ 78.4232214, 35.78532064 ], [ 78.41631147, 35.77932156 ], [ 78.41259029, 35.76585914 ], [ 78.39981933, 35.75629706 ], [ 78.39751048, 35.74619233 ], [ 78.38610203, 35.73550768 ], [ 78.33885785, 35.72055422 ], [ 78.30333498, 35.72127508 ], [ 78.2893555, 35.72565325 ], [ 78.27334213, 35.72195401 ], [ 78.26745405, 35.71095559 ], [ 78.27097569, 35.70307837 ], [ 78.26898997, 35.69723751 ], [ 78.27140012, 35.68824653 ], [ 78.26829877, 35.67814278 ], [ 78.27207433, 35.66889038 ], [ 78.2689825, 35.66349655 ], [ 78.25931997, 35.65842789 ], [ 78.25507333, 35.64563401 ], [ 78.23034219, 35.65186582 ], [ 78.1996629, 35.66915831 ], [ 78.19849936, 35.64858484 ], [ 78.18608081, 35.62403101 ], [ 78.17919143, 35.62229351 ], [ 78.16824347, 35.63022776 ], [ 78.16219678, 35.62938049 ], [ 78.16648425, 35.61317257 ], [ 78.15162702, 35.57816353 ], [ 78.15666514, 35.55202694 ], [ 78.14727961, 35.54962177 ], [ 78.14421458, 35.54243638 ], [ 78.1373162, 35.53886895 ], [ 78.12523415, 35.54166834 ], [ 78.11100578, 35.55188378 ], [ 78.10111429, 35.55149156 ], [ 78.0928753, 35.5562483 ], [ 78.077711, 35.54915715 ], [ 78.06790694, 35.56293782 ], [ 78.04195041, 35.58738559 ], [ 78.02434033, 35.58791385 ], [ 77.9910182, 35.58184019 ], [ 77.96512486, 35.60387242 ], [ 77.95248063, 35.60697649 ], [ 77.96600533, 35.58757785 ], [ 77.96675328, 35.57159571 ], [ 77.95841976, 35.5556583 ], [ 77.93763913, 35.53216159 ], [ 77.93123165, 35.5157527 ], [ 77.96490797, 35.49601186 ], [ 77.96509046, 35.47913486 ], [ 77.98427462, 35.46463254 ], [ 77.98614159, 35.45968335 ], [ 77.98254302, 35.45586337 ], [ 77.97185844, 35.45817839 ], [ 77.93273361, 35.48943821 ], [ 77.92204027, 35.49445111 ], [ 77.90595877, 35.46931743 ], [ 77.90128118, 35.46805378 ], [ 77.89099635, 35.47604185 ], [ 77.88707876, 35.48495824 ], [ 77.87993054, 35.48585642 ], [ 77.86890349, 35.48007881 ], [ 77.86452535, 35.48121772 ], [ 77.85467177, 35.4927474 ], [ 77.81848241, 35.51293963 ], [ 77.80831218, 35.51120338 ], [ 77.78707178, 35.49529156 ], [ 77.7728058, 35.49535081 ], [ 77.75833282, 35.50222709 ], [ 77.73359065, 35.52454827 ], [ 77.72893387, 35.52388375 ], [ 77.7244752, 35.51514532 ], [ 77.72279718, 35.49891567 ], [ 77.72649046, 35.48488111 ], [ 77.7229621, 35.47552774 ], [ 77.68667045, 35.47770066 ], [ 77.68009273, 35.47097977 ], [ 77.67235664, 35.47055119 ], [ 77.64496178, 35.48910317 ], [ 77.62788862, 35.4743166 ], [ 77.61411379, 35.46963709 ], [ 77.59379805, 35.47644177 ], [ 77.58198759, 35.47512818 ], [ 77.56883081, 35.48506939 ], [ 77.56056743, 35.48624478 ], [ 77.5399531, 35.48134096 ], [ 77.5124635, 35.48861856 ], [ 77.46491297, 35.47186871 ], [ 77.45059581, 35.46289467 ], [ 77.4396284, 35.46154317 ], [ 77.41378302, 35.47309875 ], [ 77.37917252, 35.47767726 ], [ 77.3736955, 35.48128157 ], [ 77.36628048, 35.49366765 ], [ 77.348689, 35.49369495 ], [ 77.34246408, 35.51222083 ], [ 77.33224661, 35.52457877 ], [ 77.32080352, 35.53258577 ], [ 77.32222832, 35.53680363 ], [ 77.34539457, 35.54682259 ], [ 77.37839425, 35.55034814 ], [ 77.39187679, 35.54582151 ], [ 77.40889911, 35.52823336 ], [ 77.42540966, 35.52394287 ], [ 77.43528956, 35.51738673 ], [ 77.45178278, 35.52658133 ], [ 77.4724145, 35.52111366 ], [ 77.48659672, 35.53200853 ], [ 77.48369232, 35.53638235 ], [ 77.46061315, 35.54770755 ], [ 77.46066198, 35.56322454 ], [ 77.46559891, 35.57331672 ], [ 77.45685049, 35.59360845 ], [ 77.42713686, 35.61054455 ], [ 77.43679707, 35.62221815 ], [ 77.43350773, 35.63031451 ], [ 77.43791172, 35.64108992 ], [ 77.43104467, 35.65458163 ], [ 77.42210676, 35.66162072 ], [ 77.40160532, 35.66253273 ], [ 77.38650141, 35.68976842 ], [ 77.38209044, 35.69359326 ], [ 77.37081369, 35.69519007 ], [ 77.36917107, 35.70442373 ], [ 77.35843771, 35.71772001 ], [ 77.32759901, 35.71909014 ], [ 77.31520373, 35.69912594 ], [ 77.29866862, 35.70812674 ], [ 77.28545712, 35.71106878 ], [ 77.27754629, 35.72040492 ], [ 77.26783585, 35.70908593 ], [ 77.22818653, 35.71248514 ], [ 77.22458208, 35.71497805 ], [ 77.22101771, 35.72823655 ], [ 77.20722666, 35.72646671 ], [ 77.19373, 35.73298669 ], [ 77.18023735, 35.73096316 ], [ 77.16728194, 35.73457941 ], [ 77.16313505, 35.74052116 ], [ 77.1642257, 35.76674018 ], [ 77.14354198, 35.76967851 ], [ 77.13610317, 35.78180711 ], [ 77.126998, 35.78270397 ], [ 77.11953619, 35.79641396 ], [ 77.11566796, 35.79777961 ], [ 77.08014331, 35.79756569 ], [ 77.0586579, 35.78429837 ], [ 77.02066374, 35.77464345 ], [ 77.00443305, 35.77509162 ], [ 76.96773313, 35.78315939 ], [ 76.93522436, 35.78405692 ], [ 76.90958387, 35.79143983 ], [ 76.89494293, 35.79973624 ], [ 76.85788803, 35.83116313 ], [ 76.83140469, 35.83629665 ], [ 76.81179214, 35.84480391 ], [ 76.79406917, 35.86276824 ], [ 76.78568156, 35.88994448 ], [ 76.77902688, 35.89867752 ], [ 76.75272434, 35.92111789 ], [ 76.72277073, 35.95343051 ], [ 76.72908548, 35.96286729 ], [ 76.75434077, 35.98267251 ], [ 76.75434371, 35.9900789 ], [ 76.76970192, 36.00943779 ], [ 76.78319286, 36.01570558 ], [ 76.8077633, 36.01866254 ], [ 76.79883865, 36.03842596 ], [ 76.80185287, 36.0478586 ], [ 76.7855319, 36.05255309 ], [ 76.71962765, 36.08320849 ], [ 76.70873051, 36.10741716 ], [ 76.70373605, 36.1288604 ], [ 76.66479574, 36.15806057 ], [ 76.64810472, 36.17462066 ], [ 76.64444939, 36.18402994 ], [ 76.63727977, 36.18492418 ], [ 76.60116467, 36.16554887 ], [ 76.56297324, 36.17306529 ], [ 76.54486273, 36.19275702 ], [ 76.51911407, 36.19851639 ], [ 76.50466955, 36.20722517 ], [ 76.48170678, 36.21140932 ], [ 76.45713273, 36.24049008 ], [ 76.43324623, 36.25116297 ], [ 76.43572232, 36.25769199 ], [ 76.45003657, 36.26940541 ], [ 76.43656074, 36.28843707 ], [ 76.43200397, 36.30816098 ], [ 76.4042391, 36.31949276 ], [ 76.37604606, 36.34472334 ], [ 76.35240797, 36.35987386 ], [ 76.32824017, 36.3625073 ], [ 76.29214205, 36.34909628 ], [ 76.25476113, 36.34779368 ], [ 76.2316612, 36.36049382 ], [ 76.19863562, 36.38744552 ], [ 76.1805262, 36.38736355 ], [ 76.17313488, 36.39030195 ], [ 76.1545695, 36.40559767 ], [ 76.12510362, 36.43745922 ], [ 76.07728845, 36.47427397 ], [ 76.02586648, 36.48604621 ], [ 75.99704678, 36.48433318 ], [ 75.96480389, 36.48995969 ], [ 75.92336176, 36.50244773 ], [ 75.89074438, 36.51795008 ], [ 75.84906521, 36.54432065 ], [ 75.8095561, 36.5529959 ], [ 75.76936461, 36.57333113 ], [ 75.74833318, 36.58840642 ], [ 75.67518963, 36.69603146 ], [ 75.65205712, 36.72228439 ], [ 75.64165265, 36.72981387 ], [ 75.61647857, 36.7615996 ], [ 75.59334882, 36.76545013 ], [ 75.57094123, 36.77600061 ], [ 75.51397055, 36.79206791 ], [ 75.47421086, 36.81075209 ], [ 75.45998926, 36.83056449 ], [ 75.45261844, 36.85487418 ], [ 75.4524574, 36.86651035 ], [ 75.44403916, 36.88723759 ], [ 75.43783677, 36.89145158 ], [ 75.41703911, 36.88721018 ], [ 75.41418995, 36.89189161 ], [ 75.41510959, 36.90331689 ], [ 75.40877326, 36.91668772 ], [ 75.42679308, 36.93899513 ], [ 75.42823916, 36.95061517 ], [ 75.42591982, 36.95575254 ], [ 75.41350169, 36.96750698 ], [ 75.40011858, 36.96781038 ], [ 75.38662215, 36.95940686 ], [ 75.37627798, 36.96045084 ], [ 75.35466001, 36.97780944 ], [ 75.34552073, 37.00062066 ], [ 75.34591275, 37.04379482 ], [ 75.34267238, 37.05291445 ], [ 75.31549349, 37.05394179 ], [ 75.27923881, 37.04692556 ], [ 75.26496179, 37.05192516 ], [ 75.22565147, 37.0374353 ], [ 75.20896268, 37.03680643 ], [ 75.2022882, 37.02110691 ], [ 75.18093559, 37.00051862 ], [ 75.17338248, 36.98612524 ], [ 75.15108452, 36.96709763 ], [ 75.13584433, 36.95736354 ], [ 75.09596073, 36.94278999 ], [ 75.08533452, 36.94367029 ], [ 75.06307121, 36.9598759 ], [ 75.01874123, 36.97637072 ], [ 75.01281874, 36.96598136 ], [ 74.99115059, 36.96281679 ], [ 74.9413403, 36.93472398 ], [ 74.93263189, 36.92546742 ], [ 74.92796628, 36.90886162 ], [ 74.92217079, 36.90608747 ], [ 74.9109009, 36.91244708 ], [ 74.88793069, 36.94594664 ], [ 74.86193098, 36.97648469 ], [ 74.84604631, 36.98993812 ], [ 74.84139876, 36.99949843 ], [ 74.84006412, 37.02229828 ], [ 74.83386583, 37.02489137 ], [ 74.80547102, 37.02319447 ], [ 74.77886248, 37.0297869 ], [ 74.76612819, 37.02693257 ], [ 74.75915327, 37.01475922 ], [ 74.75003272, 37.01172923 ], [ 74.72824336, 37.02598763 ], [ 74.71981125, 37.04464612 ], [ 74.71849763, 37.062756 ], [ 74.71293244, 37.07431447 ], [ 74.70869466, 37.07761508 ], [ 74.69391502, 37.07784976 ], [ 74.65926097, 37.05772973 ], [ 74.60647761, 37.05050918 ], [ 74.58184019, 37.04343982 ], [ 74.58054109, 37.0387445 ], [ 74.58944326, 37.02858007 ], [ 74.57869094, 36.94859375 ], [ 74.55446211, 36.95362461 ], [ 74.54303852, 36.97648246 ], [ 74.53220939, 36.98684656 ], [ 74.46884814, 36.9924284 ], [ 74.42990987, 36.99003316 ], [ 74.42704894, 36.9824023 ], [ 74.41615805, 36.97306057 ], [ 74.38870162, 36.96796228 ], [ 74.36833861, 36.95892274 ], [ 74.32388386, 36.92267436 ], [ 74.28347859, 36.90301561 ], [ 74.26137479, 36.88656608 ], [ 74.24410266, 36.88761251 ], [ 74.21777643, 36.89889931 ], [ 74.18045093, 36.90404319 ], [ 74.16909912, 36.90254175 ], [ 74.15684066, 36.88874411 ], [ 74.14778791, 36.84822819 ], [ 74.14272806, 36.84010153 ], [ 74.13425033, 36.83479941 ], [ 74.12095408, 36.83234625 ], [ 74.10943411, 36.83706297 ], [ 74.09268321, 36.83858701 ], [ 74.05578896, 36.8064144 ], [ 74.02600176, 36.82627934 ], [ 74.0114846, 36.82757163 ], [ 73.99991597, 36.82423605 ], [ 73.99428376, 36.82658835 ], [ 73.9713562, 36.84008645 ], [ 73.95781329, 36.85686206 ], [ 73.93779996, 36.87394948 ], [ 73.92379483, 36.8779762 ], [ 73.9184025, 36.87204987 ], [ 73.91339132, 36.87127999 ], [ 73.87877129, 36.89440204 ], [ 73.84907856, 36.89990808 ], [ 73.84216465, 36.89841546 ], [ 73.83583936, 36.88689436 ], [ 73.8180671, 36.88565022 ], [ 73.80967132, 36.89647822 ], [ 73.7933361, 36.89372334 ], [ 73.78421922, 36.90025934 ], [ 73.76765432, 36.90465756 ], [ 73.75961504, 36.90405802 ], [ 73.74536672, 36.89640006 ], [ 73.71119899, 36.91275749 ], [ 73.69360798, 36.91355483 ], [ 73.68633874, 36.9058027 ], [ 73.68143034, 36.88556771 ], [ 73.71906642, 36.85720002 ], [ 73.7245135, 36.83399445 ], [ 73.74415236, 36.83338833 ], [ 73.77820327, 36.81532611 ], [ 73.80631287, 36.81539925 ], [ 73.82090892, 36.79282883 ], [ 73.83385443, 36.78792912 ], [ 73.86219903, 36.78867416 ], [ 73.86976864, 36.78220721 ], [ 73.90006689, 36.74970076 ], [ 73.90527221, 36.73598954 ], [ 73.9052425, 36.72561449 ], [ 73.89975536, 36.72237456 ], [ 73.89716987, 36.71629455 ], [ 73.90162601, 36.7069628 ], [ 73.89756163, 36.70286194 ], [ 73.88406818, 36.69926536 ], [ 73.86625634, 36.70006284 ], [ 73.82694093, 36.71390616 ], [ 73.80906085, 36.71671309 ], [ 73.78310392, 36.70235903 ], [ 73.74843309, 36.7099831 ], [ 73.72507774, 36.71000309 ], [ 73.70880337, 36.68885003 ], [ 73.70058045, 36.68486784 ], [ 73.65494306, 36.69609637 ], [ 73.6331739, 36.69007188 ], [ 73.60746199, 36.6985148 ], [ 73.60628568, 36.71394182 ], [ 73.60022735, 36.72032946 ], [ 73.59107115, 36.71992242 ], [ 73.57910243, 36.7129728 ], [ 73.56035728, 36.71617118 ], [ 73.543922, 36.70935487 ], [ 73.52990607, 36.72072844 ], [ 73.51147487, 36.71542268 ], [ 73.48250573, 36.73388181 ], [ 73.46338208, 36.73169311 ], [ 73.45040828, 36.73679458 ], [ 73.44155038, 36.74512059 ], [ 73.40003388, 36.73174463 ], [ 73.37210419, 36.73493932 ], [ 73.36083626, 36.71545476 ], [ 73.33025124, 36.71549276 ], [ 73.31473587, 36.70642032 ], [ 73.25322354, 36.70912526 ], [ 73.24844536, 36.70298531 ], [ 73.23439778, 36.69954517 ], [ 73.21495567, 36.6999892 ], [ 73.20985512, 36.70192147 ], [ 73.20270224, 36.71564449 ], [ 73.18939822, 36.72184008 ], [ 73.18114242, 36.71202475 ], [ 73.14546513, 36.70004134 ], [ 73.12648106, 36.68662131 ], [ 73.10283513, 36.68766342 ], [ 73.08541952, 36.69972653 ], [ 73.08497491, 36.68231556 ], [ 73.09442727, 36.66710685 ], [ 73.09200925, 36.6347666 ], [ 73.09765556, 36.62458159 ], [ 73.11247233, 36.6100963 ], [ 73.09294011, 36.58659862 ], [ 73.09062417, 36.57157779 ], [ 73.07389584, 36.56152234 ], [ 73.06150484, 36.53774245 ], [ 73.02197363, 36.52491807 ], [ 73.00733425, 36.51609087 ], [ 72.99599587, 36.51490873 ], [ 72.99935272, 36.50735883 ], [ 72.99252779, 36.49688592 ], [ 72.99035775, 36.48045814 ], [ 73.00177646, 36.47960155 ], [ 73.00385548, 36.47608003 ], [ 72.99205248, 36.45810558 ], [ 72.98268267, 36.46371335 ], [ 72.96284665, 36.46749301 ], [ 72.94348954, 36.45851666 ], [ 72.93266655, 36.4584867 ], [ 72.92865851, 36.46242779 ], [ 72.92227478, 36.46295885 ], [ 72.90253533, 36.44948108 ], [ 72.87946567, 36.44333134 ], [ 72.87745053, 36.43810317 ], [ 72.89018987, 36.42473914 ], [ 72.88666094, 36.41479203 ], [ 72.89009887, 36.39783112 ], [ 72.88329914, 36.38734496 ], [ 72.87004673, 36.37915849 ], [ 72.86637918, 36.37346579 ], [ 72.85089987, 36.37266009 ], [ 72.82972722, 36.36114388 ], [ 72.82256477, 36.35358078 ], [ 72.8156661, 36.33837323 ], [ 72.79907617, 36.33035587 ], [ 72.77855061, 36.30988106 ], [ 72.75047943, 36.30513244 ], [ 72.73561422, 36.29623588 ], [ 72.72363798, 36.28407046 ], [ 72.69238578, 36.27565095 ], [ 72.68856179, 36.26860128 ], [ 72.69529258, 36.25934826 ], [ 72.69397096, 36.25009789 ], [ 72.68521952, 36.255262 ], [ 72.68186841, 36.26281916 ], [ 72.66353017, 36.26416279 ], [ 72.63670472, 36.27648317 ], [ 72.61475713, 36.27168304 ], [ 72.59523276, 36.2621971 ], [ 72.58848359, 36.25124474 ], [ 72.58543098, 36.23052082 ], [ 72.56048023, 36.21238716 ], [ 72.56028374, 36.1966455 ], [ 72.55154137, 36.18116139 ], [ 72.56267127, 36.17222894 ], [ 72.57380885, 36.15096318 ], [ 72.56610561, 36.14291334 ], [ 72.55253487, 36.13674698 ], [ 72.53660068, 36.1145187 ], [ 72.53378058, 36.10331223 ], [ 72.53542026, 36.08890614 ], [ 72.53106563, 36.07465495 ], [ 72.53494417, 36.06799445 ], [ 72.54358362, 36.06532569 ], [ 72.5500386, 36.05672891 ], [ 72.58620648, 36.05044847 ], [ 72.59326568, 36.04053962 ], [ 72.59602538, 36.02734707 ], [ 72.5835953, 36.01970343 ], [ 72.58216784, 36.00811673 ], [ 72.57324508, 35.99642872 ], [ 72.56670132, 35.99446092 ], [ 72.55611258, 35.99667417 ], [ 72.55460105, 35.97953476 ], [ 72.54840706, 35.96252566 ], [ 72.53856182, 35.96046382 ], [ 72.53113406, 35.95287188 ], [ 72.53003529, 35.92654379 ], [ 72.5337248, 35.91744113 ], [ 72.53827761, 35.91460862 ], [ 72.5504817, 35.91245663 ], [ 72.55368329, 35.90895344 ], [ 72.56945384, 35.90732707 ], [ 72.59331329, 35.87736612 ], [ 72.60158982, 35.87107659 ], [ 72.6200465, 35.87131146 ], [ 72.63407254, 35.86562118 ], [ 72.64564754, 35.86634787 ], [ 72.66040889, 35.84919002 ], [ 72.69114152, 35.832877 ], [ 72.70361569, 35.83814423 ], [ 72.72339901, 35.85392291 ], [ 72.73754943, 35.8587985 ], [ 72.74975151, 35.85638019 ], [ 72.76676204, 35.84513706 ], [ 72.77729009, 35.84402416 ], [ 72.79807009, 35.85577056 ], [ 72.7990201, 35.86749045 ], [ 72.8252761, 35.87481979 ], [ 72.83022606, 35.8873614 ], [ 72.85762305, 35.87768872 ], [ 72.90162954, 35.88166942 ], [ 72.9046658, 35.85362799 ], [ 72.91006094, 35.84882158 ], [ 72.92940957, 35.84554029 ], [ 72.95782265, 35.84771705 ], [ 72.98791957, 35.86124107 ], [ 72.999715, 35.8635237 ], [ 73.00467442, 35.86366585 ], [ 73.00679873, 35.85875592 ], [ 73.014094, 35.8553151 ], [ 73.03810914, 35.85476226 ], [ 73.05599054, 35.86373098 ], [ 73.07775494, 35.88622327 ], [ 73.10042638, 35.87823197 ], [ 73.12766462, 35.85295242 ], [ 73.15418716, 35.84167226 ], [ 73.15441617, 35.83769803 ], [ 73.14661669, 35.82937272 ], [ 73.14481489, 35.81088206 ], [ 73.13573694, 35.79381179 ], [ 73.13724185, 35.76778254 ], [ 73.13281728, 35.73846655 ], [ 73.13625426, 35.71918207 ], [ 73.18783657, 35.68636514 ], [ 73.21553142, 35.67507562 ], [ 73.27273467, 35.62975699 ], [ 73.31397217, 35.61558586 ], [ 73.36743571, 35.60548812 ], [ 73.40682764, 35.56401187 ], [ 73.4220176, 35.5697285 ], [ 73.48175398, 35.57728285 ], [ 73.50666059, 35.5654194 ], [ 73.53205412, 35.57113183 ], [ 73.54570106, 35.56579131 ], [ 73.5578554, 35.55567227 ], [ 73.5711048, 35.55482455 ], [ 73.61564474, 35.56312131 ], [ 73.62475193, 35.57095939 ], [ 73.63545837, 35.57184163 ], [ 73.672699, 35.55121915 ], [ 73.69779533, 35.54964303 ], [ 73.72079025, 35.55347405 ], [ 73.72774163, 35.54979423 ], [ 73.73505363, 35.53664793 ], [ 73.76364656, 35.52818791 ], [ 73.78490967, 35.52566291 ], [ 73.79513967, 35.46016146 ], [ 73.78489647, 35.45322099 ], [ 73.75472072, 35.44202392 ], [ 73.73890816, 35.42793214 ], [ 73.71163754, 35.38719738 ], [ 73.70044837, 35.35837628 ], [ 73.6998727, 35.32321744 ], [ 73.72708169, 35.27825643 ], [ 73.71934198, 35.25264898 ], [ 73.7163795, 35.22599118 ], [ 73.73172442, 35.21730055 ], [ 73.75607601, 35.22742662 ], [ 73.77753821, 35.24385787 ], [ 73.7964113, 35.24553785 ], [ 73.81158627, 35.24246378 ], [ 73.84680501, 35.2295987 ], [ 73.86520536, 35.21079825 ], [ 73.91727302, 35.21221452 ], [ 73.93317931, 35.20275011 ], [ 73.95920772, 35.17442298 ], [ 73.99209105, 35.18471331 ], [ 73.99978961, 35.18439635 ], [ 74.00908547, 35.16608519 ], [ 74.03907612, 35.14746896 ], [ 74.04501031, 35.14642546 ], [ 74.08040136, 35.15471175 ], [ 74.09573295, 35.14595552 ], [ 74.10203099, 35.14584295 ], [ 74.11002986, 35.15218605 ], [ 74.11420555, 35.15190084 ], [ 74.11694363, 35.14640046 ], [ 74.11078368, 35.13630378 ], [ 74.11067086, 35.1302134 ], [ 74.13422759, 35.11260307 ], [ 74.13435386, 35.10800041 ], [ 74.12996926, 35.10556253 ], [ 74.11578427, 35.10472858 ], [ 74.09325485, 35.09654404 ], [ 74.06636024, 35.04853109 ], [ 74.09773354, 35.034184 ], [ 74.10823489, 35.01950168 ], [ 74.09088088, 35.00618777 ], [ 74.08155652, 35.00415022 ], [ 74.07677899, 34.99887046 ], [ 74.06527391, 34.99867047 ], [ 74.06052318, 34.99363479 ], [ 74.06554499, 34.98877107 ], [ 74.06431812, 34.96485104 ], [ 74.07402197, 34.93998054 ], [ 74.06584081, 34.93012451 ], [ 74.04388978, 34.92185662 ], [ 74.03813517, 34.90325927 ], [ 74.04221244, 34.89452774 ], [ 74.03035152, 34.87763457 ], [ 74.01700713, 34.87581747 ], [ 73.99428039, 34.8670713 ], [ 73.97437365, 34.86534061 ], [ 73.96438512, 34.84170878 ], [ 73.95501358, 34.8354465 ], [ 73.93565459, 34.83351347 ], [ 73.92782566, 34.82073615 ], [ 73.91815315, 34.81448316 ], [ 73.90882653, 34.81632805 ], [ 73.90124933, 34.82183079 ], [ 73.88774116, 34.81729116 ], [ 73.87540567, 34.81842122 ], [ 73.86741545, 34.81148463 ], [ 73.84971074, 34.81770991 ], [ 73.84377198, 34.81581086 ], [ 73.83349748, 34.80365354 ], [ 73.82114714, 34.79596493 ], [ 73.79949196, 34.79759221 ], [ 73.78593961, 34.79394587 ], [ 73.77380436, 34.79687858 ], [ 73.75008341, 34.78715179 ], [ 73.73788648, 34.77385027 ], [ 73.73140601, 34.77145705 ], [ 73.70658303, 34.72536409 ], [ 73.69156962, 34.71671534 ], [ 73.68131844, 34.69555491 ], [ 73.6757453, 34.69001041 ], [ 73.67032599, 34.68969175 ], [ 73.66745352, 34.68465839 ], [ 73.66352621, 34.67102013 ], [ 73.66694348, 34.66613883 ], [ 73.69422344, 34.65763981 ], [ 73.69624223, 34.65405303 ], [ 73.69030371, 34.64356724 ], [ 73.66019378, 34.61043717 ], [ 73.65754981, 34.59909443 ], [ 73.66086602, 34.58900408 ], [ 73.65086471, 34.56827041 ], [ 73.63947893, 34.56619936 ], [ 73.61840789, 34.58611123 ], [ 73.59755446, 34.58999911 ], [ 73.58015818, 34.58783381 ], [ 73.55735932, 34.59344754 ], [ 73.55353913, 34.5931673 ], [ 73.53550225, 34.57767481 ], [ 73.5230134, 34.57470852 ], [ 73.51098178, 34.57556616 ], [ 73.50073396, 34.58055626 ], [ 73.4758275, 34.57415912 ], [ 73.46045045, 34.57835785 ], [ 73.4477522, 34.57423386 ], [ 73.4428593, 34.56534493 ], [ 73.44128148, 34.53841658 ], [ 73.42993284, 34.52139827 ], [ 73.43749943, 34.50445311 ], [ 73.43439676, 34.49105305 ], [ 73.42224781, 34.47069345 ], [ 73.42537599, 34.44229103 ], [ 73.42018426, 34.41776708 ], [ 73.40925203, 34.3868143 ], [ 73.39443468, 34.38151441 ], [ 73.39131662, 34.37715296 ], [ 73.40146281, 34.35837801 ], [ 73.4185631, 34.3521765 ], [ 73.42505516, 34.35346442 ], [ 73.42415689, 34.33966705 ], [ 73.43809271, 34.32955704 ], [ 73.444454, 34.30934047 ], [ 73.45358651, 34.29734527 ], [ 73.4538216, 34.27830209 ], [ 73.46168422, 34.28212256 ], [ 73.4677863, 34.29603229 ], [ 73.47484304, 34.29595078 ], [ 73.47858419, 34.29063121 ], [ 73.47933976, 34.28339517 ], [ 73.47042092, 34.26445164 ], [ 73.47003634, 34.25176579 ], [ 73.47791103, 34.23477488 ], [ 73.48953544, 34.22660606 ], [ 73.49308289, 34.22015929 ], [ 73.48815009, 34.1883929 ], [ 73.49216718, 34.15658198 ], [ 73.4890138, 34.14476786 ], [ 73.49532157, 34.13403242 ], [ 73.49278151, 34.12039766 ], [ 73.49866576, 34.10764763 ], [ 73.49748815, 34.08442962 ], [ 73.50398995, 34.07605931 ], [ 73.50830302, 34.06031138 ], [ 73.5083433, 34.04199758 ], [ 73.51495606, 34.02335039 ], [ 73.51648752, 34.00052895 ], [ 73.53704041, 33.95207048 ], [ 73.54961226, 33.93151006 ], [ 73.57903043, 33.91081836 ], [ 73.5861696, 33.89944631 ], [ 73.58990475, 33.88434555 ], [ 73.58606792, 33.87747797 ], [ 73.58567805, 33.86456747 ], [ 73.57285235, 33.84582965 ], [ 73.55838151, 33.78359767 ], [ 73.56643844, 33.76903762 ], [ 73.59129134, 33.75415468 ], [ 73.59762997, 33.7162491 ], [ 73.59113474, 33.69889546 ], [ 73.56316944, 33.67589991 ], [ 73.56188196, 33.66432527 ], [ 73.56913613, 33.64111042 ], [ 73.56137217, 33.62147064 ], [ 73.56448665, 33.61677199 ], [ 73.57829993, 33.61618363 ], [ 73.5894705, 33.60461923 ], [ 73.60375362, 33.60763073 ], [ 73.60543204, 33.60492716 ], [ 73.60092487, 33.5932778 ], [ 73.6210102, 33.57421405 ], [ 73.6189803, 33.54402739 ], [ 73.6309752, 33.53791174 ], [ 73.63312273, 33.53351444 ], [ 73.63212715, 33.52932475 ], [ 73.62509916, 33.5291809 ], [ 73.61506629, 33.52129009 ], [ 73.60728646, 33.51998246 ], [ 73.60556213, 33.51451221 ], [ 73.60952504, 33.50086715 ], [ 73.60017304, 33.50504945 ], [ 73.59655304, 33.50048234 ], [ 73.59602603, 33.4909818 ], [ 73.60046857, 33.48767012 ], [ 73.60155446, 33.47838494 ], [ 73.605952, 33.47644196 ], [ 73.61310837, 33.48020878 ], [ 73.61498805, 33.47209725 ], [ 73.62437258, 33.46570016 ], [ 73.62490716, 33.45755984 ], [ 73.61805311, 33.45197551 ], [ 73.58792022, 33.44353835 ], [ 73.58834024, 33.43580615 ], [ 73.58269291, 33.4294398 ], [ 73.5907603, 33.42633438 ], [ 73.59142439, 33.42217905 ], [ 73.58579755, 33.42072493 ], [ 73.57395335, 33.40828332 ], [ 73.57345771, 33.40142769 ], [ 73.56490795, 33.39433596 ], [ 73.55853718, 33.36844531 ], [ 73.57135455, 33.35624236 ], [ 73.56582593, 33.34251363 ], [ 73.57505994, 33.33421777 ], [ 73.58680839, 33.34101504 ], [ 73.59083483, 33.33694624 ], [ 73.59045634, 33.33235486 ], [ 73.5820625, 33.32649881 ], [ 73.5872035, 33.32027484 ], [ 73.58975646, 33.30526486 ], [ 73.604092, 33.29529518 ], [ 73.5979831, 33.28272806 ], [ 73.60562996, 33.25170612 ], [ 73.6252625, 33.23692564 ], [ 73.62542257, 33.22306948 ], [ 73.62874498, 33.21571495 ], [ 73.63140149, 33.21394912 ], [ 73.63637718, 33.22603408 ], [ 73.6409206, 33.22676982 ], [ 73.64528069, 33.21713339 ], [ 73.65768724, 33.20807854 ], [ 73.65648027, 33.19465554 ], [ 73.65920269, 33.18473327 ], [ 73.65589529, 33.17809837 ], [ 73.65644491, 33.16925173 ], [ 73.64642501, 33.16199386 ], [ 73.63761097, 33.14231461 ], [ 73.62609738, 33.14004561 ], [ 73.62517731, 33.13456315 ], [ 73.63048768, 33.1281002 ], [ 73.62562537, 33.11188535 ], [ 73.62789231, 33.08991149 ], [ 73.63283997, 33.08639202 ], [ 73.64358709, 33.0884139 ], [ 73.65258755, 33.08520684 ], [ 73.6718389, 33.08921244 ], [ 73.68855199, 33.0884444 ], [ 73.73526586, 33.06665816 ], [ 73.7385935, 33.06307473 ], [ 73.73964996, 33.04608229 ], [ 73.74335863, 33.03935442 ], [ 73.78870599, 32.99847515 ], [ 73.7902276, 32.99351852 ], [ 73.77973123, 32.97469729 ], [ 73.78645048, 32.96573841 ], [ 73.80834457, 32.97253761 ], [ 73.81576456, 32.98403012 ], [ 73.8182713, 33.00040777 ], [ 73.8226773, 33.0057064 ], [ 73.82962866, 33.00744937 ], [ 73.8428108, 33.00747199 ], [ 73.86377765, 33.00194862 ], [ 73.89652425, 33.00235702 ], [ 73.92906485, 32.98502206 ], [ 73.94160183, 32.98843589 ], [ 73.958326, 32.98695077 ], [ 73.96852878, 32.96919385 ], [ 73.99728354, 32.96016658 ], [ 73.99787397, 32.95190175 ], [ 73.98995848, 32.94254901 ], [ 73.98826018, 32.93573775 ], [ 74.01428162, 32.92984054 ], [ 74.04855945, 32.93235218 ], [ 74.05232677, 32.93069545 ], [ 74.05280369, 32.91600722 ], [ 74.05998361, 32.9093078 ], [ 74.17821704, 32.88300207 ], [ 74.18734714, 32.87319616 ], [ 74.20245703, 32.87069859 ], [ 74.20646597, 32.86167721 ], [ 74.21298463, 32.85862553 ], [ 74.21737289, 32.84527032 ], [ 74.24431809, 32.84236039 ], [ 74.26451288, 32.83019376 ], [ 74.28413849, 32.83005814 ], [ 74.30175447, 32.82330901 ], [ 74.30493772, 32.81542458 ], [ 74.30222902, 32.80469695 ], [ 74.30604206, 32.80270835 ], [ 74.30924237, 32.79253681 ], [ 74.31922219, 32.79200409 ], [ 74.33060808, 32.77654026 ], [ 74.33981156, 32.77396549 ], [ 74.35456512, 32.76331575 ], [ 74.37079464, 32.75900804 ], [ 74.38503525, 32.75832881 ], [ 74.38802728, 32.76860658 ], [ 74.39725401, 32.76635232 ], [ 74.4064944, 32.78274606 ], [ 74.41587004, 32.78404256 ], [ 74.43990935, 32.77975787 ], [ 74.45451094, 32.78442296 ], [ 74.46097781, 32.77317022 ], [ 74.47239765, 32.77228521 ], [ 74.48298136, 32.76215001 ], [ 74.50128659, 32.76038125 ], [ 74.50799728, 32.75094856 ], [ 74.50935033, 32.73871046 ], [ 74.51458198, 32.74352573 ], [ 74.52670906, 32.7404093 ], [ 74.53497099, 32.74452309 ], [ 74.54385399, 32.74331803 ], [ 74.55696783, 32.75713876 ], [ 74.56884858, 32.75435237 ], [ 74.57180669, 32.74648641 ], [ 74.57558046, 32.74503592 ], [ 74.5878294, 32.74600715 ], [ 74.59413002, 32.75224136 ], [ 74.60597339, 32.75125638 ], [ 74.61313102, 32.75546668 ], [ 74.63105735, 32.74686886 ], [ 74.63525327, 32.75077819 ], [ 74.62926479, 32.76590006 ], [ 74.63151045, 32.77433881 ], [ 74.63625713, 32.77805181 ], [ 74.64998623, 32.77689247 ], [ 74.65389673, 32.78126012 ], [ 74.65029905, 32.78735104 ], [ 74.64106971, 32.79130128 ], [ 74.63282903, 32.79981119 ], [ 74.63598826, 32.81349771 ], [ 74.65236556, 32.82711237 ], [ 74.66430282, 32.82160732 ], [ 74.67674969, 32.82928797 ], [ 74.70136123, 32.83507679 ], [ 74.70365526, 32.82897153 ], [ 74.70003507, 32.8105262 ], [ 74.68210312, 32.78188943 ], [ 74.67104, 32.7474428 ], [ 74.65886253, 32.72682166 ], [ 74.65855287, 32.71771657 ], [ 74.65038555, 32.6982811 ], [ 74.66223811, 32.67277839 ], [ 74.67897681, 32.66801088 ], [ 74.69267744, 32.65482133 ], [ 74.68321627, 32.64489479 ], [ 74.66991248, 32.64110336 ], [ 74.66365964, 32.6303045 ], [ 74.65217452, 32.62969934 ], [ 74.6493328, 32.61283155 ], [ 74.6461463, 32.61005877 ], [ 74.63703475, 32.61062057 ], [ 74.63478536, 32.60261894 ], [ 74.63979543, 32.59429156 ], [ 74.64954804, 32.59103428 ], [ 74.6472759, 32.57802267 ], [ 74.65209935, 32.55925603 ], [ 74.66822321, 32.55948256 ], [ 74.67028003, 32.55018511 ], [ 74.66027926, 32.541315 ], [ 74.66306909, 32.53599008 ], [ 74.68853101, 32.52499352 ], [ 74.68760613, 32.51747894 ], [ 74.67964517, 32.50655383 ], [ 74.6827527, 32.49514517 ], [ 74.68103933, 32.48648064 ], [ 74.6851616, 32.48198908 ], [ 74.70438789, 32.48544712 ], [ 74.70874545, 32.4816223 ], [ 74.71055836, 32.473243 ], [ 74.71595305, 32.47059316 ], [ 74.73517333, 32.47428424 ], [ 74.75187933, 32.46973414 ], [ 74.75901947, 32.47437833 ], [ 74.7683665, 32.47474118 ], [ 74.79369645, 32.46893835 ], [ 74.80103716, 32.47585316 ], [ 74.81229178, 32.47667365 ], [ 74.81737305, 32.48879556 ], [ 74.8472702, 32.48192131 ], [ 74.87650122, 32.48253851 ], [ 74.87887067, 32.48118271 ], [ 74.87826201, 32.47209475 ], [ 74.89564752, 32.46142158 ], [ 74.90290103, 32.46082061 ], [ 74.90680204, 32.46588685 ], [ 74.91111125, 32.46547736 ], [ 74.91686933, 32.45896417 ], [ 74.93607494, 32.4626361 ], [ 74.95044318, 32.44052437 ], [ 74.95418556, 32.44080196 ], [ 74.96256215, 32.44954355 ], [ 74.99152822, 32.44738866 ], [ 75.00455694, 32.45232718 ], [ 75.01771868, 32.46567802 ], [ 75.0207985, 32.48244303 ], [ 75.03059917, 32.49288339 ], [ 75.05476501, 32.47591752 ], [ 75.07355732, 32.47362726 ], [ 75.08981528, 32.46428427 ], [ 75.10602065, 32.47403607 ], [ 75.11004623, 32.47018218 ], [ 75.11221874, 32.45520687 ], [ 75.12121338, 32.44826773 ], [ 75.12327893, 32.43534068 ], [ 75.13703888, 32.42498144 ], [ 75.12916915, 32.42085065 ], [ 75.13243578, 32.40270572 ], [ 75.1515089, 32.41293036 ], [ 75.1627394, 32.41463232 ], [ 75.16723346, 32.41899561 ], [ 75.18969572, 32.4199482 ], [ 75.19916622, 32.41527085 ], [ 75.2013633, 32.41099727 ], [ 75.19194534, 32.39858246 ], [ 75.19958157, 32.39118019 ], [ 75.21664418, 32.39523178 ], [ 75.22373138, 32.38689316 ], [ 75.23232855, 32.38652587 ], [ 75.23965578, 32.3797954 ], [ 75.25500862, 32.38501845 ], [ 75.25892005, 32.3647763 ], [ 75.2870143, 32.36620465 ], [ 75.29166617, 32.359209 ], [ 75.2891075, 32.35167173 ], [ 75.30045056, 32.34610804 ], [ 75.30540345, 32.33775465 ], [ 75.31804322, 32.33448402 ], [ 75.32471251, 32.34128587 ], [ 75.33962961, 32.3423792 ], [ 75.33280666, 32.32815864 ], [ 75.3414201, 32.31871873 ], [ 75.32737129, 32.29732888 ], [ 75.35210097, 32.28680226 ], [ 75.34912565, 32.27800084 ], [ 75.3576168, 32.27593521 ], [ 75.3714494, 32.27902163 ], [ 75.38212384, 32.26925356 ], [ 75.38011458, 32.26293315 ], [ 75.37372277, 32.25910357 ], [ 75.37206068, 32.25234179 ], [ 75.37820073, 32.2351391 ], [ 75.37431489, 32.2274953 ], [ 75.36123074, 32.21851484 ], [ 75.33818977, 32.21942082 ], [ 75.32771368, 32.21410793 ], [ 75.31386169, 32.19592621 ], [ 75.31369721, 32.19232872 ], [ 75.31995282, 32.19162672 ], [ 75.32168152, 32.17465362 ], [ 75.31532117, 32.17422335 ], [ 75.30974016, 32.1697528 ], [ 75.30246917, 32.15261473 ], [ 75.29143533, 32.149965 ], [ 75.28304297, 32.14278082 ], [ 75.28141024, 32.13598475 ], [ 75.2874741, 32.1319219 ], [ 75.28717637, 32.12785538 ], [ 75.28290239, 32.11949447 ], [ 75.26651892, 32.10758989 ], [ 75.26547843, 32.10019499 ], [ 75.26247995, 32.10267807 ], [ 75.25366376, 32.10179688 ], [ 75.23965718, 32.09093637 ], [ 75.23466257, 32.09348461 ], [ 75.2336035, 32.10161652 ], [ 75.22370777, 32.10372703 ], [ 75.21927237, 32.11665293 ], [ 75.21001029, 32.11733251 ], [ 75.20833837, 32.10131954 ], [ 75.20233124, 32.09998852 ], [ 75.19980706, 32.09593881 ], [ 75.19974415, 32.0844127 ], [ 75.1862083, 32.07971933 ], [ 75.17900208, 32.06865425 ], [ 75.17291187, 32.06916905 ], [ 75.16648837, 32.08120328 ], [ 75.15895999, 32.08366158 ], [ 75.14438262, 32.08147151 ], [ 75.13082219, 32.08363295 ], [ 75.12257329, 32.07569613 ], [ 75.11197336, 32.07119231 ], [ 75.10663509, 32.06034737 ], [ 75.10032452, 32.06376851 ], [ 75.08253368, 32.05887628 ], [ 75.0722974, 32.06316816 ], [ 75.06184027, 32.05260162 ], [ 75.05125693, 32.04993453 ], [ 75.04303019, 32.04338752 ], [ 75.03959105, 32.04454633 ], [ 75.03852542, 32.05019995 ], [ 75.02446552, 32.0463789 ], [ 75.01341931, 32.03499819 ], [ 75.00672384, 32.04441815 ], [ 74.97812003, 32.04428089 ], [ 74.9810388, 32.04854263 ], [ 74.97857437, 32.0531694 ], [ 74.94029268, 32.06694076 ], [ 74.92861445, 32.06653297 ], [ 74.92120365, 32.0638364 ], [ 74.91324626, 32.0512047 ], [ 74.89363035, 32.05326076 ], [ 74.87652643, 32.04652656 ], [ 74.88194441, 32.03476213 ], [ 74.87929764, 32.02528083 ], [ 74.87372851, 32.02800599 ], [ 74.86656004, 32.0232911 ], [ 74.85453855, 32.02169631 ], [ 74.85992756, 32.01063254 ], [ 74.8419357, 32.0065727 ], [ 74.83250343, 31.99891472 ], [ 74.83397159, 31.97791313 ], [ 74.82917446, 31.97316974 ], [ 74.82319209, 31.95655892 ], [ 74.82076059, 31.95536618 ], [ 74.81543058, 31.96324229 ], [ 74.78259405, 31.9533494 ], [ 74.77346507, 31.9477425 ], [ 74.75994841, 31.95335262 ], [ 74.75974889, 31.94316529 ], [ 74.75359097, 31.94012144 ], [ 74.74778153, 31.93834168 ], [ 74.73888328, 31.94454821 ], [ 74.73522448, 31.93961446 ], [ 74.72145908, 31.93711966 ], [ 74.72307276, 31.9210739 ], [ 74.71488062, 31.91791319 ], [ 74.69859003, 31.92481091 ], [ 74.68789644, 31.92269429 ], [ 74.68311766, 31.91861631 ], [ 74.67372868, 31.91999552 ], [ 74.67282274, 31.91523989 ], [ 74.6654036, 31.91095301 ], [ 74.66461647, 31.89986091 ], [ 74.65166601, 31.89851199 ], [ 74.64030938, 31.88473824 ], [ 74.62895071, 31.88271891 ], [ 74.61623135, 31.88836242 ], [ 74.61283092, 31.88698884 ], [ 74.60965623, 31.86665071 ], [ 74.59696179, 31.85874592 ], [ 74.59408423, 31.8454133 ], [ 74.58617078, 31.84359928 ], [ 74.57826484, 31.83434054 ], [ 74.56930513, 31.82958262 ], [ 74.57377985, 31.8171652 ], [ 74.56289226, 31.80022475 ], [ 74.56843111, 31.7934315 ], [ 74.56064099, 31.78619874 ], [ 74.55748591, 31.77829782 ], [ 74.55830908, 31.76724048 ], [ 74.56546381, 31.75932366 ], [ 74.56520662, 31.75503351 ], [ 74.54225293, 31.75162116 ], [ 74.51796412, 31.74099279 ], [ 74.50860076, 31.74247313 ], [ 74.50294832, 31.73035076 ], [ 74.48603629, 31.72243451 ], [ 74.50566735, 31.70439263 ], [ 74.50717854, 31.69915733 ], [ 74.52816714, 31.68899708 ], [ 74.53607571, 31.68092263 ], [ 74.5335588, 31.66645877 ], [ 74.54164357, 31.6594568 ], [ 74.54206624, 31.64883439 ], [ 74.54718324, 31.64545994 ], [ 74.54881361, 31.63552942 ], [ 74.55394035, 31.63009329 ], [ 74.55410133, 31.61833473 ], [ 74.55781507, 31.61158795 ], [ 74.58075222, 31.60411587 ], [ 74.58265461, 31.58965866 ], [ 74.59107026, 31.58513655 ], [ 74.5934826, 31.57905735 ], [ 74.61898139, 31.57052784 ], [ 74.62047207, 31.5665575 ], [ 74.61317104, 31.56425652 ], [ 74.61332682, 31.56118678 ], [ 74.62033995, 31.55811341 ], [ 74.61684323, 31.5354707 ], [ 74.61197727, 31.52890575 ], [ 74.5953861, 31.52619401 ], [ 74.58592018, 31.52098243 ], [ 74.58540387, 31.50720907 ], [ 74.57909978, 31.50225147 ], [ 74.59254084, 31.49704087 ], [ 74.60804577, 31.5015655 ], [ 74.62203169, 31.48845846 ], [ 74.63937268, 31.48791167 ], [ 74.63364928, 31.47921046 ], [ 74.65495432, 31.46270214 ], [ 74.65365514, 31.4570563 ], [ 74.6421086, 31.44583774 ], [ 74.65645741, 31.42994981 ], [ 74.6494805, 31.42452935 ], [ 74.6519874, 31.41725446 ], [ 74.64079708, 31.41842306 ], [ 74.63125108, 31.43000402 ], [ 74.62394998, 31.42364088 ], [ 74.6176408, 31.42542851 ], [ 74.60251368, 31.42272325 ], [ 74.60264899, 31.41773045 ], [ 74.59749868, 31.41591817 ], [ 74.59752936, 31.41053392 ], [ 74.59029456, 31.39966645 ], [ 74.58796492, 31.38384835 ], [ 74.57614614, 31.37483196 ], [ 74.55353187, 31.3668989 ], [ 74.55330812, 31.35652112 ], [ 74.54814342, 31.34690562 ], [ 74.55281352, 31.33504201 ], [ 74.54135131, 31.33189025 ], [ 74.54098093, 31.32172121 ], [ 74.53035558, 31.31626825 ], [ 74.53050255, 31.31131559 ], [ 74.54233062, 31.30860992 ], [ 74.54455639, 31.30429697 ], [ 74.52350501, 31.27357418 ], [ 74.53454957, 31.24872255 ], [ 74.52358847, 31.23245857 ], [ 74.52677272, 31.21052021 ], [ 74.52048488, 31.19855207 ], [ 74.52168019, 31.18816257 ], [ 74.51460996, 31.1861131 ], [ 74.51344856, 31.18273155 ], [ 74.51675123, 31.16850783 ], [ 74.51668014, 31.13958408 ], [ 74.53529904, 31.13057488 ], [ 74.53856942, 31.12339503 ], [ 74.54844751, 31.12603522 ], [ 74.55448144, 31.1237881 ], [ 74.55844892, 31.08947396 ], [ 74.57787534, 31.08518141 ], [ 74.59477499, 31.09556489 ], [ 74.60488287, 31.08818875 ], [ 74.60855556, 31.09170789 ], [ 74.6127234, 31.10958431 ], [ 74.60875554, 31.12515061 ], [ 74.6039313, 31.12916585 ], [ 74.60718049, 31.13578533 ], [ 74.62002859, 31.13353185 ], [ 74.63735056, 31.13802302 ], [ 74.63709571, 31.12333217 ], [ 74.64338195, 31.12199891 ], [ 74.65203642, 31.13081286 ], [ 74.66333346, 31.13553367 ], [ 74.66962144, 31.13326327 ], [ 74.67119977, 31.12809934 ], [ 74.68879162, 31.13166226 ], [ 74.69427797, 31.12082949 ], [ 74.70214093, 31.11765438 ], [ 74.70294232, 31.10454561 ], [ 74.70661925, 31.09868623 ], [ 74.69638518, 31.08694142 ], [ 74.69532299, 31.07271163 ], [ 74.68433363, 31.06211009 ], [ 74.66808722, 31.05509081 ], [ 74.64556324, 31.05354204 ], [ 74.63453777, 31.0476675 ], [ 74.61461782, 31.04540047 ], [ 74.60596735, 31.04134234 ], [ 74.59968376, 31.04359252 ], [ 74.59653397, 31.05534198 ], [ 74.59180782, 31.0582827 ], [ 74.56558443, 31.05421166 ], [ 74.56483295, 31.04606051 ], [ 74.54990688, 31.0325177 ], [ 74.54759648, 31.01759428 ], [ 74.54366577, 31.0135299 ], [ 74.55036373, 30.99815241 ], [ 74.54840849, 30.99297969 ], [ 74.52614386, 30.98572095 ], [ 74.51620701, 30.97871771 ], [ 74.50673609, 30.96642497 ], [ 74.49262949, 30.97711629 ], [ 74.45967394, 30.9696656 ], [ 74.46882984, 30.96015719 ], [ 74.46085884, 30.95880895 ], [ 74.46049364, 30.95293 ], [ 74.44790759, 30.95379584 ], [ 74.44111706, 30.94815978 ], [ 74.42777219, 30.94454342 ], [ 74.42085756, 30.93569905 ], [ 74.427837, 30.93164215 ], [ 74.42886101, 30.92711691 ], [ 74.41342188, 30.92650741 ], [ 74.42811397, 30.91833193 ], [ 74.42683122, 30.91221537 ], [ 74.40796978, 30.91242062 ], [ 74.3902238, 30.89972091 ], [ 74.37229444, 30.89494559 ], [ 74.36986212, 30.88454313 ], [ 74.36418991, 30.87877217 ], [ 74.3717348, 30.87077451 ], [ 74.38554635, 30.86609512 ], [ 74.38460546, 30.86266722 ], [ 74.37127257, 30.86039828 ], [ 74.36816364, 30.85180881 ], [ 74.36267447, 30.84909199 ], [ 74.35401457, 30.85562057 ], [ 74.3438066, 30.85424347 ], [ 74.34249505, 30.8501579 ], [ 74.33468131, 30.85152306 ], [ 74.32748488, 30.84879604 ], [ 74.32291368, 30.84175875 ], [ 74.31885305, 30.82233917 ], [ 74.30655701, 30.81280588 ], [ 74.30452056, 30.80444806 ], [ 74.29694072, 30.80082371 ], [ 74.29802055, 30.7969945 ], [ 74.30796104, 30.79362553 ], [ 74.31018143, 30.79002344 ], [ 74.30853509, 30.78390949 ], [ 74.28322408, 30.77299533 ], [ 74.27170351, 30.77705253 ], [ 74.26359812, 30.77205477 ], [ 74.26572292, 30.7659538 ], [ 74.27595797, 30.75831824 ], [ 74.27756775, 30.74812579 ], [ 74.28778734, 30.74048871 ], [ 74.28701615, 30.73527303 ], [ 74.27344201, 30.73255216 ], [ 74.26251272, 30.72437324 ], [ 74.24864951, 30.72617966 ], [ 74.24084441, 30.72253017 ], [ 74.23300786, 30.72318115 ], [ 74.22316632, 30.70598548 ], [ 74.22060101, 30.69243003 ], [ 74.19933945, 30.66863976 ], [ 74.18615369, 30.66362478 ], [ 74.1769841, 30.65163289 ], [ 74.15094716, 30.63256933 ], [ 74.14053797, 30.62936911 ], [ 74.12904165, 30.63364676 ], [ 74.12007341, 30.60740382 ], [ 74.11534445, 30.60805154 ], [ 74.10903526, 30.61704713 ], [ 74.10160285, 30.61433151 ], [ 74.1007588, 30.61003427 ], [ 74.10504064, 30.60732206 ], [ 74.10315655, 30.5768372 ], [ 74.07834385, 30.55640729 ], [ 74.07863097, 30.55234721 ], [ 74.09116297, 30.55285769 ], [ 74.09286957, 30.55035839 ], [ 74.09149346, 30.54222667 ], [ 74.07802089, 30.52705474 ], [ 74.06762893, 30.5206796 ], [ 74.05614736, 30.52242393 ], [ 74.04900862, 30.54094344 ], [ 74.03550777, 30.53115486 ], [ 74.01267485, 30.53197642 ], [ 74.01088674, 30.52228686 ], [ 74.02040374, 30.51326925 ], [ 73.99441768, 30.51381209 ], [ 73.98872102, 30.51040885 ], [ 73.98489641, 30.50135219 ], [ 73.97011905, 30.48685294 ], [ 73.9712603, 30.47530797 ], [ 73.96743511, 30.46310729 ], [ 73.95938859, 30.45944144 ], [ 73.95000129, 30.46189665 ], [ 73.95120821, 30.48010297 ], [ 73.94772794, 30.48605305 ], [ 73.94092804, 30.49166886 ], [ 73.93520266, 30.48936944 ], [ 73.93484449, 30.46747111 ], [ 73.93959691, 30.4577623 ], [ 73.93950011, 30.44966579 ], [ 73.93060779, 30.43899455 ], [ 73.94281851, 30.43781686 ], [ 73.96887537, 30.44300408 ], [ 73.97270145, 30.44074876 ], [ 73.9720859, 30.43354324 ], [ 73.9648768, 30.42173729 ], [ 73.9389805, 30.40219777 ], [ 73.9246451, 30.39517432 ], [ 73.91335675, 30.38169318 ], [ 73.8853747, 30.36535003 ], [ 73.88539689, 30.36264197 ], [ 73.90711525, 30.35077408 ], [ 73.91836817, 30.33841077 ], [ 73.93521625, 30.31227989 ], [ 73.94412193, 30.30463144 ], [ 73.95706637, 30.27624127 ], [ 73.96756137, 30.26317659 ], [ 73.97350733, 30.23272836 ], [ 73.97591224, 30.19643408 ], [ 73.96749259, 30.18716767 ], [ 73.90490684, 30.15094231 ], [ 73.84696808, 30.11035571 ], [ 73.79633739, 30.06814642 ], [ 73.61998083, 30.02463029 ], [ 73.48365691, 29.97699387 ], [ 73.39971139, 29.9406887 ], [ 73.39372019, 29.92883673 ], [ 73.34823802, 29.77161908 ], [ 73.27867095, 29.55969672 ], [ 73.22874509, 29.48223084 ], [ 73.20935639, 29.44471962 ], [ 73.19823821, 29.43141107 ], [ 73.09567632, 29.25206103 ], [ 73.08482226, 29.23637399 ], [ 72.99880597, 29.14269025 ], [ 72.99162456, 29.12080777 ], [ 72.9474067, 29.03039962 ], [ 72.71639807, 28.93890968 ], [ 72.52441331, 28.83304671 ], [ 72.45093304, 28.79782498 ], [ 72.40696342, 28.78269201 ], [ 72.38886402, 28.76879906 ], [ 72.34832988, 28.72101419 ], [ 72.31161718, 28.68634952 ], [ 72.30211598, 28.67343144 ], [ 72.29375074, 28.65499607 ], [ 72.29071043, 28.63628419 ], [ 72.26394924, 28.55546715 ], [ 72.23612244, 28.48388992 ], [ 72.20520648, 28.39035808 ], [ 72.12871313, 28.30879761 ], [ 71.99908309, 28.21411261 ], [ 71.96798038, 28.17101616 ], [ 71.93503934, 28.13269416 ], [ 71.92701143, 28.11129024 ], [ 71.91390117, 28.05390246 ], [ 71.91343604, 28.03195623 ], [ 71.89865717, 27.9632136 ], [ 71.65885061, 27.87556531 ], [ 71.58698846, 27.87723762 ], [ 71.53108064, 27.87246395 ], [ 71.40975216, 27.87346818 ], [ 71.27263127, 27.85017767 ], [ 71.17305124, 27.82063704 ], [ 71.06948753, 27.77740678 ], [ 71.03289259, 27.76647932 ], [ 70.96018879, 27.73222386 ], [ 70.90529997, 27.71036997 ], [ 70.88253815, 27.70822597 ], [ 70.81724136, 27.71442398 ], [ 70.76785496, 27.72489859 ], [ 70.74458902, 27.74305138 ], [ 70.72142901, 27.78263806 ], [ 70.68744498, 27.82815021 ], [ 70.68031641, 27.87035934 ], [ 70.67701386, 27.92394907 ], [ 70.66835651, 27.93488679 ], [ 70.61915171, 27.97713976 ], [ 70.59245319, 28.00964481 ], [ 70.54750183, 28.02939041 ], [ 70.49672346, 28.03658251 ], [ 70.44238728, 28.02157486 ], [ 70.37431458, 28.01203141 ], [ 70.31026014, 27.94887901 ], [ 70.29355063, 27.93659541 ], [ 70.22488716, 27.89838598 ], [ 70.19732022, 27.86654047 ], [ 70.13468913, 27.80702387 ], [ 70.12142622, 27.78103088 ], [ 70.07506282, 27.66421033 ], [ 70.05939605, 27.63477176 ], [ 70.03560709, 27.57756355 ], [ 70.02464754, 27.5613168 ], [ 69.97780878, 27.53228568 ], [ 69.94078745, 27.50249223 ], [ 69.89716585, 27.43842312 ], [ 69.87166705, 27.4091841 ], [ 69.79038533, 27.35022087 ], [ 69.76394986, 27.32465692 ], [ 69.70509601, 27.28522747 ], [ 69.64249547, 27.22324841 ], [ 69.58968539, 27.18293792 ], [ 69.58413077, 27.17329451 ], [ 69.55176186, 27.10331997 ], [ 69.51416682, 27.00956021 ], [ 69.49888779, 26.87198109 ], [ 69.48436546, 26.80800183 ], [ 69.50555872, 26.75301465 ], [ 69.51468845, 26.7419578 ], [ 69.71090364, 26.66199725 ], [ 69.73670464, 26.64722404 ], [ 69.77608438, 26.61404149 ], [ 69.80443724, 26.59763567 ], [ 69.87936522, 26.58056156 ], [ 69.97398526, 26.58791705 ], [ 70.04846644, 26.60096463 ], [ 70.06433221, 26.60017513 ], [ 70.09860606, 26.59499565 ], [ 70.11785992, 26.58839536 ], [ 70.13911095, 26.57301795 ], [ 70.16401578, 26.56041657 ], [ 70.17329974, 26.55109909 ], [ 70.1833168, 26.48426301 ], [ 70.1776988, 26.4258819 ], [ 70.18419147, 26.3754415 ], [ 70.18353775, 26.36141786 ], [ 70.1657018, 26.30088686 ], [ 70.1657771, 26.28722156 ], [ 70.17417128, 26.25668449 ], [ 70.17401491, 26.24200362 ], [ 70.16641265, 26.21432587 ], [ 70.14746186, 26.17036363 ], [ 70.08641505, 26.08785715 ], [ 70.08581313, 26.06164411 ], [ 70.09927166, 25.93546151 ], [ 70.15623388, 25.85530046 ], [ 70.16878426, 25.83048377 ], [ 70.19408894, 25.81608288 ], [ 70.23539129, 25.77687021 ], [ 70.25164933, 25.75281037 ], [ 70.26312636, 25.71913246 ], [ 70.26673958, 25.71379197 ], [ 70.27605923, 25.70926085 ], [ 70.3662265, 25.67833462 ], [ 70.39073298, 25.6735579 ], [ 70.45106868, 25.68295342 ], [ 70.52777423, 25.68586724 ], [ 70.5574845, 25.69540146 ], [ 70.59356374, 25.71211757 ], [ 70.60894567, 25.71542801 ], [ 70.63885908, 25.71521868 ], [ 70.65798254, 25.70580544 ], [ 70.66815808, 25.68880621 ], [ 70.67311475, 25.66923324 ], [ 70.66777309, 25.53224916 ], [ 70.67945285, 25.52566024 ], [ 70.67093812, 25.45573292 ], [ 70.67101535, 25.42476708 ], [ 70.66533798, 25.39757274 ], [ 70.71437119, 25.3531571 ], [ 70.73546533, 25.328848 ], [ 70.75017846, 25.28275143 ], [ 70.75757636, 25.27269571 ], [ 70.78734075, 25.24737774 ], [ 70.8005147, 25.23129427 ], [ 70.88551907, 25.15117402 ], [ 70.9165072, 25.00157947 ], [ 70.93630904, 24.94128413 ], [ 70.94705075, 24.92109282 ], [ 70.96945502, 24.89629545 ], [ 71.01435565, 24.82752421 ], [ 71.06349633, 24.71808038 ], [ 71.0910682, 24.68930204 ], [ 71.09782073, 24.6865765 ], [ 71.07552888, 24.66742065 ], [ 71.05122077, 24.65252389 ], [ 71.01074832, 24.63673754 ], [ 70.99066599, 24.60549735 ], [ 70.98869083, 24.59101394 ], [ 70.9934206, 24.57271348 ], [ 70.98820846, 24.54758905 ], [ 71.00529588, 24.52894592 ], [ 70.99728304, 24.47280839 ], [ 70.99727634, 24.44838951 ], [ 71.02843808, 24.43619158 ], [ 71.10902057, 24.43677297 ], [ 71.12418456, 24.41945978 ], [ 71.12182775, 24.40745173 ], [ 71.11501393, 24.39861116 ], [ 71.0781309, 24.38725433 ], [ 71.06686831, 24.37812295 ], [ 71.0561228, 24.36152637 ], [ 71.03679781, 24.35327683 ], [ 71.00246852, 24.35292588 ], [ 70.98789489, 24.36670546 ], [ 70.96347799, 24.35447763 ], [ 70.94904822, 24.35251611 ], [ 70.90442155, 24.3159414 ], [ 70.88199197, 24.3047491 ], [ 70.8740097, 24.29728033 ], [ 70.87310582, 24.28746838 ], [ 70.87790412, 24.27535628 ], [ 70.90724779, 24.26330222 ], [ 70.87899226, 24.2464115 ], [ 70.85487987, 24.24453349 ], [ 70.83392048, 24.22884592 ], [ 70.78287535, 24.22121313 ], [ 70.71118498, 24.21688472 ], [ 70.64469729, 24.22459273 ], [ 70.57605195, 24.25222685 ], [ 70.57558776, 24.26178263 ], [ 70.58197046, 24.27808281 ], [ 70.57749828, 24.30384075 ], [ 70.55990841, 24.35238156 ], [ 70.58001798, 24.36638662 ], [ 70.60002677, 24.40824596 ], [ 70.57357716, 24.42168893 ], [ 70.54239665, 24.40962817 ], [ 70.46296691, 24.38742953 ], [ 70.42521106, 24.38014304 ], [ 70.37243546, 24.35369149 ], [ 70.30403966, 24.34811441 ], [ 70.24600503, 24.3245614 ], [ 70.21981855, 24.3222031 ], [ 70.1716744, 24.30614311 ], [ 70.10926263, 24.29457161 ], [ 70.06560051, 24.19807241 ], [ 70.038457, 24.17814632 ], [ 70.01647418, 24.16991287 ], [ 69.73009295, 24.17183896 ], [ 69.59502198, 24.29012155 ], [ 69.58787012, 24.29132616 ], [ 69.53989494, 24.2774237 ], [ 69.4844462, 24.26779509 ], [ 69.46740118, 24.27027556 ], [ 69.44305675, 24.28001575 ], [ 69.37507318, 24.2704007 ], [ 69.30863101, 24.28070575 ], [ 69.19276852, 24.23792894 ], [ 69.09201434, 24.27233436 ], [ 69.0399933, 24.24504837 ], [ 69.02216681, 24.22953081 ], [ 69.00519096, 24.22319059 ], [ 68.98957706, 24.22763523 ], [ 68.98208306, 24.23338016 ], [ 68.96905307, 24.27170599 ], [ 68.94317514, 24.30212047 ], [ 68.90273775, 24.27459836 ], [ 68.89479612, 24.26124885 ], [ 68.88455985, 24.2251639 ], [ 68.87839577, 24.21487932 ], [ 68.86791849, 24.21192737 ], [ 68.85878943, 24.21307705 ], [ 68.85103097, 24.22105987 ], [ 68.84203019, 24.25680014 ], [ 68.84238721, 24.28075758 ], [ 68.82753963, 24.31682918 ], [ 68.81721825, 24.31150249 ], [ 68.80582034, 24.31283286 ], [ 68.76167807, 24.29208441 ], [ 68.7691521, 24.28479365 ], [ 68.7695995, 24.27260503 ], [ 68.75255342, 23.96737088 ], [ 68.54500778, 23.96728313 ], [ 68.54773902, 23.96318627 ], [ 68.53736305, 23.94680977 ], [ 68.54374885, 23.93514061 ], [ 68.55930137, 23.93180657 ], [ 68.55874824, 23.9240284 ], [ 68.57958411, 23.9243145 ], [ 68.58847236, 23.92235756 ], [ 68.5873661, 23.94069481 ], [ 68.59596824, 23.94180489 ], [ 68.60930824, 23.93375206 ], [ 68.61429786, 23.92263985 ], [ 68.62235832, 23.92736245 ], [ 68.61763953, 23.91292382 ], [ 68.61985969, 23.90653038 ], [ 68.63819312, 23.90319634 ], [ 68.65207862, 23.91570092 ], [ 68.65820503, 23.9176426 ], [ 68.65957832, 23.92180825 ], [ 68.66237067, 23.92263985 ], [ 68.66319465, 23.91736031 ], [ 68.63625526, 23.89764214 ], [ 68.63846778, 23.89486122 ], [ 68.61347388, 23.90319634 ], [ 68.5984745, 23.8923626 ], [ 68.57291221, 23.88097191 ], [ 68.5659542, 23.86319161 ], [ 68.55735969, 23.85625267 ], [ 68.54680824, 23.83596993 ], [ 68.53430366, 23.8279171 ], [ 68.51513862, 23.82486153 ], [ 68.5229206, 23.81708336 ], [ 68.52153205, 23.81097222 ], [ 68.52597236, 23.80208016 ], [ 68.53098487, 23.80208016 ], [ 68.53347205, 23.81153298 ], [ 68.53736305, 23.81514168 ], [ 68.53098487, 23.80014229 ], [ 68.52540778, 23.80042076 ], [ 68.51790809, 23.7954197 ], [ 68.51542091, 23.78542137 ], [ 68.52625465, 23.77347374 ], [ 68.52514076, 23.75902748 ], [ 68.52903175, 23.7554226 ], [ 68.53514289, 23.75708199 ], [ 68.56458472, 23.79791451 ], [ 68.57458305, 23.82125283 ], [ 68.5881977, 23.83653069 ], [ 68.6001377, 23.83958245 ], [ 68.59874915, 23.84736061 ], [ 68.60375404, 23.85014153 ], [ 68.6001377, 23.84542275 ], [ 68.6048603, 23.83819771 ], [ 68.63736152, 23.83596993 ], [ 68.64679527, 23.83958245 ], [ 68.64848518, 23.84320259 ], [ 68.64486121, 23.84625054 ], [ 68.64985847, 23.84403038 ], [ 68.64819526, 23.84792137 ], [ 68.6554203, 23.84597206 ], [ 68.66597175, 23.85207939 ], [ 68.6654148, 23.8568058 ], [ 68.66013908, 23.85847283 ], [ 68.68374442, 23.86181069 ], [ 68.70180701, 23.8568058 ], [ 68.71624946, 23.85736275 ], [ 68.73652839, 23.86264229 ], [ 68.75430488, 23.87514305 ], [ 68.76125526, 23.87487221 ], [ 68.74597358, 23.86597252 ], [ 68.74653053, 23.86291695 ], [ 68.74903297, 23.86375237 ], [ 68.74680137, 23.85986138 ], [ 68.73986243, 23.86097145 ], [ 68.72902869, 23.85486031 ], [ 68.72569465, 23.84625054 ], [ 68.73707771, 23.84320259 ], [ 68.73486518, 23.83791542 ], [ 68.73014259, 23.83986092 ], [ 68.73291969, 23.83708001 ], [ 68.72208595, 23.83180809 ], [ 68.72764014, 23.83097267 ], [ 68.74318885, 23.84375191 ], [ 68.74263953, 23.83708001 ], [ 68.71847724, 23.82597161 ], [ 68.68736457, 23.82180977 ], [ 68.67735481, 23.81431008 ], [ 68.67791938, 23.80764199 ], [ 68.67541694, 23.81097222 ], [ 68.66625404, 23.80847359 ], [ 68.6506977, 23.79375267 ], [ 68.63318824, 23.76403237 ], [ 68.63263892, 23.75791741 ], [ 68.60347175, 23.74875069 ], [ 68.59541511, 23.73013878 ], [ 68.5798664, 23.72847176 ], [ 68.57625007, 23.72458458 ], [ 68.57763862, 23.72014046 ], [ 68.57125282, 23.72486306 ], [ 68.55847358, 23.71931267 ], [ 68.54625129, 23.69681359 ], [ 68.53569984, 23.68930626 ], [ 68.5248661, 23.69069863 ], [ 68.52735709, 23.68681145 ], [ 68.52652931, 23.67708016 ], [ 68.5173664, 23.66347313 ], [ 68.51930427, 23.66125298 ], [ 68.5201435, 23.65458489 ], [ 68.52402686, 23.65319634 ], [ 68.52985954, 23.66208458 ], [ 68.534029, 23.66125298 ], [ 68.53653144, 23.66292 ], [ 68.53901862, 23.66236306 ], [ 68.52874946, 23.65958214 ], [ 68.52319526, 23.65125084 ], [ 68.51958656, 23.65263939 ], [ 68.5173664, 23.66069222 ], [ 68.50069617, 23.65708351 ], [ 68.49680518, 23.65292168 ], [ 68.49903297, 23.64430809 ], [ 68.48874854, 23.63236046 ], [ 68.49236488, 23.62347222 ], [ 68.49208259, 23.60958672 ], [ 68.49485969, 23.60764122 ], [ 68.48652839, 23.59597206 ], [ 68.48735999, 23.5779171 ], [ 68.49236488, 23.5743084 ], [ 68.49375343, 23.54930687 ], [ 68.49597358, 23.55069542 ], [ 68.49736213, 23.54736138 ], [ 68.49458503, 23.5462513 ], [ 68.49208259, 23.54958535 ], [ 68.48401832, 23.54818917 ], [ 68.49569511, 23.52486229 ], [ 68.49458503, 23.51653099 ], [ 68.49903297, 23.51514244 ], [ 68.49180793, 23.50097084 ], [ 68.50013923, 23.49846077 ], [ 68.50264167, 23.50042153 ], [ 68.49986839, 23.50403023 ], [ 68.50375556, 23.50597191 ], [ 68.50514411, 23.50346947 ], [ 68.50152778, 23.50208092 ], [ 68.50403022, 23.49958229 ], [ 68.49903297, 23.49402809 ], [ 68.51458167, 23.49292183 ], [ 68.51291847, 23.48764229 ], [ 68.51902961, 23.48903084 ], [ 68.51291847, 23.48486138 ], [ 68.50235938, 23.49181176 ], [ 68.50042152, 23.47597313 ], [ 68.5045948, 23.47152138 ], [ 68.5115261, 23.47375298 ], [ 68.50902747, 23.46958351 ], [ 68.51208686, 23.46708489 ], [ 68.50847053, 23.46264077 ], [ 68.50486182, 23.46764183 ], [ 68.50235938, 23.46542168 ], [ 68.51040839, 23.45874977 ], [ 68.51041602, 23.45514107 ], [ 68.51319312, 23.45736122 ], [ 68.51291846, 23.4529171 ], [ 68.51542091, 23.45792199 ], [ 68.52319526, 23.4465313 ], [ 68.52485465, 23.45542336 ], [ 68.52097511, 23.45930672 ], [ 68.52124976, 23.45431328 ], [ 68.51847266, 23.45541573 ], [ 68.51735877, 23.46820259 ], [ 68.51236152, 23.46792031 ], [ 68.51236152, 23.4718113 ], [ 68.51542091, 23.46848107 ], [ 68.51597785, 23.47542 ], [ 68.52180671, 23.46736336 ], [ 68.52236366, 23.45874977 ], [ 68.5312519, 23.44791985 ], [ 68.53541755, 23.43124962 ], [ 68.54097175, 23.42569161 ], [ 68.53791618, 23.42430687 ], [ 68.53264045, 23.43347359 ], [ 68.53569984, 23.4212513 ], [ 68.55014228, 23.4231968 ], [ 68.54792213, 23.41986275 ], [ 68.54541969, 23.4212513 ], [ 68.54374885, 23.42041588 ], [ 68.55208778, 23.41514016 ], [ 68.55513953, 23.42014122 ], [ 68.56041908, 23.41930962 ], [ 68.56458472, 23.40014077 ], [ 68.56375312, 23.39375115 ], [ 68.56125068, 23.39486122 ], [ 68.56292152, 23.39097023 ], [ 68.55819892, 23.39569664 ], [ 68.55708122, 23.38958168 ], [ 68.56375312, 23.38180352 ], [ 68.56819343, 23.38126183 ], [ 68.57068824, 23.37513161 ], [ 68.58040809, 23.37624932 ], [ 68.58013725, 23.37903023 ], [ 68.57375526, 23.38652993 ], [ 68.57125282, 23.38680458 ], [ 68.57319831, 23.3840313 ], [ 68.57236671, 23.38291741 ], [ 68.56819343, 23.38820076 ], [ 68.57290839, 23.39180947 ], [ 68.57847785, 23.38597298 ], [ 68.58097266, 23.38986016 ], [ 68.58986091, 23.37569237 ], [ 68.59819984, 23.36958504 ], [ 68.59986304, 23.3615284 ], [ 68.60319709, 23.35930825 ], [ 68.60235404, 23.36181069 ], [ 68.60569953, 23.36347008 ], [ 68.6001377, 23.37736321 ], [ 68.59625434, 23.37903023 ], [ 68.6001377, 23.38458443 ], [ 68.60597419, 23.38097573 ], [ 68.60320472, 23.37708092 ], [ 68.60652732, 23.37681008 ], [ 68.60901832, 23.37042046 ], [ 68.61958503, 23.36541939 ], [ 68.61319923, 23.36514473 ], [ 68.61291312, 23.36180687 ], [ 68.61707496, 23.35736275 ], [ 68.62235831, 23.35709191 ], [ 68.62291908, 23.35041619 ], [ 68.62542152, 23.35403252 ], [ 68.6279087, 23.35125161 ], [ 68.62958717, 23.3523655 ], [ 68.63319587, 23.35208321 ], [ 68.63709068, 23.34625054 ], [ 68.63485908, 23.3393116 ], [ 68.62708473, 23.34680748 ], [ 68.62458228, 23.33902932 ], [ 68.62597083, 23.3359623 ], [ 68.63430976, 23.33402825 ], [ 68.63347053, 23.32930565 ], [ 68.63764381, 23.33125115 ], [ 68.63263892, 23.32402993 ], [ 68.63569831, 23.31653023 ], [ 68.64457511, 23.32264138 ], [ 68.65014075, 23.30430794 ], [ 68.65680885, 23.30319786 ], [ 68.65875434, 23.32292366 ], [ 68.66792487, 23.32542229 ], [ 68.66819953, 23.32291603 ], [ 68.66069984, 23.31986046 ], [ 68.65875434, 23.30347252 ], [ 68.66208839, 23.30569649 ], [ 68.66819953, 23.30291939 ], [ 68.67014503, 23.30652809 ], [ 68.67375373, 23.30375099 ], [ 68.67513847, 23.30820275 ], [ 68.67735481, 23.30513954 ], [ 68.67653083, 23.30847359 ], [ 68.68264198, 23.30680657 ], [ 68.69476965, 23.30986214 ], [ 68.68430518, 23.30041695 ], [ 68.65680885, 23.29486275 ], [ 68.63014411, 23.29569435 ], [ 68.62930488, 23.29097939 ], [ 68.64068794, 23.26653099 ], [ 68.6562519, 23.27208138 ], [ 68.67096519, 23.27264214 ], [ 68.67180824, 23.26987267 ], [ 68.66153144, 23.26792336 ], [ 68.659029, 23.26125145 ], [ 68.6479206, 23.25764275 ], [ 68.64569282, 23.25097084 ], [ 68.63930701, 23.24986077 ], [ 68.64319419, 23.24736214 ], [ 68.64042091, 23.24458123 ], [ 68.62819862, 23.24708748 ], [ 68.63069343, 23.24319649 ], [ 68.60375404, 23.24292946 ], [ 68.61902808, 23.21986199 ], [ 68.61875343, 23.22514153 ], [ 68.62097358, 23.22236061 ], [ 68.62375068, 23.22625161 ], [ 68.62403297, 23.22069741 ], [ 68.62903022, 23.22486306 ], [ 68.63986396, 23.22236061 ], [ 68.62874412, 23.21764183 ], [ 68.63069343, 23.2131939 ], [ 68.61818885, 23.21653176 ], [ 68.61818885, 23.21903038 ], [ 68.60986518, 23.21764183 ], [ 68.60902595, 23.22097206 ], [ 68.6012516, 23.21846962 ], [ 68.59903144, 23.24041939 ], [ 68.58986091, 23.23847389 ], [ 68.584589, 23.2329197 ], [ 68.58486366, 23.22236061 ], [ 68.59124946, 23.2143116 ], [ 68.62652778, 23.18569374 ], [ 68.63903236, 23.18208504 ], [ 68.64290809, 23.17346001 ], [ 68.65097236, 23.16736031 ], [ 68.65598487, 23.15514183 ], [ 68.66681098, 23.15292168 ], [ 68.67125129, 23.14680672 ], [ 68.68152808, 23.14180565 ], [ 68.65569495, 23.15347481 ], [ 68.64402961, 23.16653252 ], [ 68.64597511, 23.16736031 ], [ 68.63458442, 23.1720829 ], [ 68.63569831, 23.17569542 ], [ 68.63125037, 23.17736244 ], [ 68.63096427, 23.17346001 ], [ 68.64486121, 23.16430474 ], [ 68.65291785, 23.15458489 ], [ 68.71347236, 23.11847496 ], [ 68.74346351, 23.09625435 ], [ 68.75930976, 23.08041954 ], [ 68.78708839, 23.0723629 ], [ 68.80819892, 23.06069756 ], [ 68.81485938, 23.06319619 ], [ 68.81402778, 23.06542015 ], [ 68.81458472, 23.06736184 ], [ 68.81597327, 23.06291771 ], [ 68.81431007, 23.05932045 ], [ 68.82346915, 23.0545826 ], [ 68.81847572, 23.05708123 ], [ 68.81653022, 23.05680657 ], [ 68.8373661, 23.04263878 ], [ 68.90374946, 23.00542259 ], [ 68.90014075, 23.00847435 ], [ 68.90097236, 23.01098061 ], [ 68.9118061, 22.99930763 ], [ 68.92764472, 22.99236107 ], [ 68.94069862, 22.9809742 ], [ 68.96430396, 22.97097206 ], [ 68.97041511, 22.96375466 ], [ 69.04458808, 22.9295826 ], [ 69.0984745, 22.89736366 ], [ 69.12903022, 22.87403298 ], [ 69.16124915, 22.86042214 ], [ 69.19735908, 22.83847237 ], [ 69.2076435, 22.84014321 ], [ 69.20819282, 22.83680535 ], [ 69.22319984, 22.83596993 ], [ 69.22847175, 22.84235954 ], [ 69.23069953, 22.83458138 ], [ 69.26680946, 22.82402992 ], [ 69.30069923, 22.83236122 ], [ 69.31430625, 22.8326397 ], [ 69.33125114, 22.82875252 ], [ 69.3484745, 22.82041741 ], [ 69.35569953, 22.82875252 ], [ 69.3520832, 22.81764031 ], [ 69.36125373, 22.82264137 ], [ 69.39070319, 22.81374932 ], [ 69.41958808, 22.79931069 ], [ 69.44600424, 22.77762402 ], [ 69.45986366, 22.77930641 ], [ 69.4695835, 22.7737484 ], [ 69.49341703, 22.77836735 ], [ 69.49755926, 22.78231233 ], [ 69.4826374, 22.78569603 ], [ 69.48458289, 22.78792382 ], [ 69.53276819, 22.78586281 ], [ 69.5481536, 22.7793536 ], [ 69.55091508, 22.78083296 ], [ 69.55097389, 22.78958321 ], [ 69.55513953, 22.79236031 ], [ 69.55264472, 22.78569222 ], [ 69.56318855, 22.7737484 ], [ 69.58010792, 22.76229157 ], [ 69.60136332, 22.75767996 ], [ 69.61585746, 22.75721241 ], [ 69.61655879, 22.76212171 ], [ 69.61013984, 22.76355856 ], [ 69.60930824, 22.76708412 ], [ 69.62153053, 22.7673626 ], [ 69.6220951, 22.76486016 ], [ 69.62958335, 22.76347542 ], [ 69.64125251, 22.76653099 ], [ 69.63458442, 22.77736473 ], [ 69.63680457, 22.78819466 ], [ 69.63318443, 22.79430199 ], [ 69.63375282, 22.7954197 ], [ 69.63735389, 22.7887516 ], [ 69.63875007, 22.7737484 ], [ 69.64319419, 22.76569557 ], [ 69.65930366, 22.75652886 ], [ 69.66681098, 22.77736473 ], [ 69.66236305, 22.75680733 ], [ 69.67347144, 22.7570858 ], [ 69.69291877, 22.74291802 ], [ 69.70597266, 22.74041939 ], [ 69.70569801, 22.73041725 ], [ 69.70291709, 22.72903252 ], [ 69.70514106, 22.72791863 ], [ 69.71013831, 22.72986031 ], [ 69.70683479, 22.73069191 ], [ 69.70847129, 22.73875237 ], [ 69.71624946, 22.74125099 ], [ 69.71402549, 22.7515316 ], [ 69.72014045, 22.76236153 ], [ 69.72429847, 22.76403237 ], [ 69.73402595, 22.78097344 ], [ 69.74153327, 22.78486061 ], [ 69.74680518, 22.79375267 ], [ 69.74458503, 22.80347252 ], [ 69.75235938, 22.8195858 ], [ 69.77565342, 22.83037227 ], [ 69.80155878, 22.85062316 ], [ 69.81247322, 22.84996566 ], [ 69.81500815, 22.85207998 ], [ 69.84124946, 22.86431313 ], [ 69.85375022, 22.86819649 ], [ 69.86207771, 22.85847283 ], [ 69.85736274, 22.86959267 ], [ 69.86680793, 22.8729229 ], [ 69.88375282, 22.87097359 ], [ 69.89291572, 22.86569405 ], [ 69.90569495, 22.86625099 ], [ 69.91179847, 22.8729229 ], [ 69.91819953, 22.87291908 ], [ 69.93403053, 22.88514138 ], [ 69.93708228, 22.8931942 ], [ 69.96013831, 22.89431191 ], [ 69.99597358, 22.90292168 ], [ 70.00736427, 22.89930535 ], [ 70.01041602, 22.90208245 ], [ 70.01208686, 22.89958763 ], [ 70.01819419, 22.90153313 ], [ 70.01791572, 22.89930535 ], [ 70.02403449, 22.90153313 ], [ 70.03264045, 22.89542198 ], [ 70.04847144, 22.89930535 ], [ 70.05458259, 22.90431023 ], [ 70.08207893, 22.90596962 ], [ 70.0826435, 22.90903282 ], [ 70.10597419, 22.90903282 ], [ 70.13207816, 22.92458153 ], [ 70.13875007, 22.9323597 ], [ 70.13903236, 22.94125176 ], [ 70.11875343, 22.94514275 ], [ 70.11125373, 22.94958306 ], [ 70.10514259, 22.94096947 ], [ 70.09986304, 22.93819237 ], [ 70.0909748, 22.95264244 ], [ 70.09541129, 22.95097542 ], [ 70.0973606, 22.94292259 ], [ 70.10125159, 22.9418087 ], [ 70.11097144, 22.95264244 ], [ 70.12652778, 22.94652748 ], [ 70.11097144, 22.96013832 ], [ 70.11207771, 22.97153282 ], [ 70.12319373, 22.98208046 ], [ 70.12568855, 22.99374962 ], [ 70.14125251, 23.01257533 ], [ 70.14402961, 23.0121645 ], [ 70.14347266, 23.0090313 ], [ 70.13292121, 23.00013924 ], [ 70.12902641, 22.99208641 ], [ 70.12986182, 22.98736 ], [ 70.13402747, 22.98486138 ], [ 70.12986182, 22.97707939 ], [ 70.12236213, 22.97236061 ], [ 70.11985969, 22.96458245 ], [ 70.12319373, 22.96069527 ], [ 70.13236427, 22.96097374 ], [ 70.1415348, 22.95236016 ], [ 70.16179847, 22.94264031 ], [ 70.17347144, 22.95070076 ], [ 70.20874976, 22.95180321 ], [ 70.2251377, 22.96013832 ], [ 70.22070503, 22.9679203 ], [ 70.20068931, 22.98152733 ], [ 70.19936355, 22.99297598 ], [ 70.20623969, 22.9801426 ], [ 70.22707938, 22.96597481 ], [ 70.2298603, 22.96819878 ], [ 70.22931098, 22.97708321 ], [ 70.23764228, 22.97958565 ], [ 70.25069618, 22.9734745 ], [ 70.27929877, 22.94875145 ], [ 70.29097175, 22.94486809 ], [ 70.30735969, 22.95125008 ], [ 70.30597114, 22.94681359 ], [ 70.31014442, 22.94153023 ], [ 70.34764289, 22.93041802 ], [ 70.38067817, 22.94292259 ], [ 70.38680457, 22.94819451 ], [ 70.39347267, 22.96319389 ], [ 70.39457511, 22.99542046 ], [ 70.38263511, 22.9979229 ], [ 70.39375495, 23.00152779 ], [ 70.39624977, 23.02542305 ], [ 70.40125465, 23.03070259 ], [ 70.40236091, 23.02902031 ], [ 70.4193058, 23.04819679 ], [ 70.43792152, 23.06264305 ], [ 70.47597694, 23.0695858 ], [ 70.48458289, 23.07736397 ], [ 70.49347114, 23.07514 ], [ 70.48707771, 23.05042076 ], [ 70.471529, 23.01236153 ], [ 70.45430946, 22.98513985 ], [ 70.43763923, 22.97514153 ], [ 70.44264411, 22.97485161 ], [ 70.43042182, 22.95791817 ], [ 70.42347144, 22.93263817 ], [ 70.4126377, 22.92292214 ], [ 70.41347694, 22.91819573 ], [ 70.4095745, 22.92070198 ], [ 70.38513755, 22.90986443 ], [ 70.35373878, 22.87070274 ], [ 70.3390293, 22.84347344 ], [ 70.33735847, 22.82458306 ], [ 70.32402992, 22.81014061 ], [ 70.32375526, 22.80319405 ], [ 70.32153129, 22.80792046 ], [ 70.31846809, 22.80542183 ], [ 70.31625556, 22.79874992 ], [ 70.32097053, 22.79874993 ], [ 70.31986427, 22.79652977 ], [ 70.30930137, 22.79597283 ], [ 70.31292152, 22.78569603 ], [ 70.31069373, 22.78681374 ], [ 70.30041694, 22.77819634 ], [ 70.30681037, 22.78014183 ], [ 70.30568885, 22.77458 ], [ 70.30041694, 22.77069664 ], [ 70.30542182, 22.76680947 ], [ 70.30179405, 22.76680947 ], [ 70.30319404, 22.75763893 ], [ 70.30124854, 22.76014137 ], [ 70.29345893, 22.7487545 ], [ 70.28264045, 22.7487545 ], [ 70.2887516, 22.74596977 ], [ 70.28069114, 22.74069786 ], [ 70.27597236, 22.73125267 ], [ 70.26458167, 22.73819542 ], [ 70.26071357, 22.73096275 ], [ 70.25625037, 22.7301426 ], [ 70.25403022, 22.7337513 ], [ 70.25291633, 22.73347283 ], [ 70.25569343, 22.72903252 ], [ 70.25319862, 22.73014259 ], [ 70.25097083, 22.72458458 ], [ 70.25875282, 22.72653008 ], [ 70.25346946, 22.71986199 ], [ 70.25514411, 22.70653343 ], [ 70.24931525, 22.7048626 ], [ 70.24930763, 22.71208382 ], [ 70.24653053, 22.71153069 ], [ 70.24041938, 22.70458031 ], [ 70.24375343, 22.70681191 ], [ 70.24485969, 22.70513725 ], [ 70.23847007, 22.70181084 ], [ 70.23903083, 22.69597435 ], [ 70.25181007, 22.69625282 ], [ 70.25068855, 22.6934681 ], [ 70.25319862, 22.69292259 ], [ 70.24903297, 22.69097328 ], [ 70.25097083, 22.69014168 ], [ 70.24847602, 22.68986321 ], [ 70.24931525, 22.68514061 ], [ 70.245409, 22.67931175 ], [ 70.24180793, 22.68180657 ], [ 70.23874854, 22.67819405 ], [ 70.24485969, 22.67597389 ], [ 70.24680518, 22.67181206 ], [ 70.24069022, 22.66847038 ], [ 70.24292182, 22.66264153 ], [ 70.23486518, 22.65986061 ], [ 70.23401832, 22.65485954 ], [ 70.22902869, 22.6573658 ], [ 70.23513984, 22.64986992 ], [ 70.23069953, 22.64958382 ], [ 70.22598457, 22.63986015 ], [ 70.21930885, 22.63736153 ], [ 70.21624946, 22.64153481 ], [ 70.2179203, 22.63652611 ], [ 70.21375465, 22.6340313 ], [ 70.22014045, 22.63458443 ], [ 70.21985435, 22.62957955 ], [ 70.21541023, 22.62764168 ], [ 70.21152686, 22.62986565 ], [ 70.21152686, 22.62319374 ], [ 70.20819282, 22.62542153 ], [ 70.20847511, 22.62180519 ], [ 70.20180701, 22.61986351 ], [ 70.19958686, 22.61541939 ], [ 70.19736671, 22.61680794 ], [ 70.19846915, 22.61292076 ], [ 70.19513511, 22.61070061 ], [ 70.19875526, 22.61097145 ], [ 70.19846915, 22.60653114 ], [ 70.20236396, 22.60791969 ], [ 70.20318031, 22.60542107 ], [ 70.19429969, 22.60375023 ], [ 70.19430732, 22.58291817 ], [ 70.1882038, 22.58542061 ], [ 70.17569923, 22.56903267 ], [ 70.17124748, 22.55708122 ], [ 70.16291999, 22.55153084 ], [ 70.14736366, 22.55347252 ], [ 70.14347266, 22.54958153 ], [ 70.12180518, 22.54569435 ], [ 70.11680793, 22.54819679 ], [ 70.08569526, 22.54486275 ], [ 70.07264137, 22.55014229 ], [ 70.06458473, 22.54680824 ], [ 70.04458427, 22.55624962 ], [ 70.03901862, 22.56292153 ], [ 70.04014014, 22.55903053 ], [ 70.03347205, 22.55652809 ], [ 70.02929878, 22.54458046 ], [ 70.02347755, 22.53958321 ], [ 70.02819251, 22.54680824 ], [ 70.02680015, 22.55097389 ], [ 70.01986121, 22.54680824 ], [ 70.01040839, 22.54875374 ], [ 70.00403022, 22.5443058 ], [ 69.99875068, 22.54736137 ], [ 69.97625159, 22.54319573 ], [ 69.97569465, 22.54125023 ], [ 69.98236274, 22.54292107 ], [ 69.98569679, 22.5415287 ], [ 69.98569679, 22.53847313 ], [ 69.98291969, 22.53486443 ], [ 69.98401832, 22.54181099 ], [ 69.9734745, 22.54070091 ], [ 69.96290778, 22.53736305 ], [ 69.9540348, 22.52985954 ], [ 69.94597053, 22.52847481 ], [ 69.94736671, 22.51958275 ], [ 69.94486427, 22.51486015 ], [ 69.95181464, 22.5090313 ], [ 69.95903205, 22.50930977 ], [ 69.95541572, 22.50458336 ], [ 69.9576435, 22.50014305 ], [ 69.9573574, 22.49541664 ], [ 69.95513725, 22.50403023 ], [ 69.94069862, 22.5134716 ], [ 69.93486213, 22.51264 ], [ 69.92431068, 22.50458336 ], [ 69.91291618, 22.48903084 ], [ 69.90957832, 22.46708107 ], [ 69.91402625, 22.45625115 ], [ 69.90429878, 22.46320152 ], [ 69.90374946, 22.4679203 ], [ 69.90040778, 22.4679203 ], [ 69.88347053, 22.45792198 ], [ 69.87847327, 22.44986153 ], [ 69.87014198, 22.4465313 ], [ 69.86042213, 22.44680596 ], [ 69.8418064, 22.45597267 ], [ 69.83625221, 22.45403099 ], [ 69.84319495, 22.49486351 ], [ 69.83430671, 22.50069618 ], [ 69.84153175, 22.49292183 ], [ 69.83597755, 22.45791817 ], [ 69.83625221, 22.47430992 ], [ 69.83403205, 22.47458458 ], [ 69.8326435, 22.4509716 ], [ 69.82847785, 22.45153237 ], [ 69.82763862, 22.45819664 ], [ 69.82125282, 22.45208168 ], [ 69.80513953, 22.45874977 ], [ 69.79707908, 22.45708275 ], [ 69.80596351, 22.45736122 ], [ 69.82430457, 22.44986153 ], [ 69.8290348, 22.44486046 ], [ 69.82264137, 22.43514061 ], [ 69.82291602, 22.42735863 ], [ 69.81736182, 22.42347145 ], [ 69.81764411, 22.41819191 ], [ 69.81236457, 22.41430473 ], [ 69.81097602, 22.40847206 ], [ 69.80568885, 22.40374947 ], [ 69.79985999, 22.40431023 ], [ 69.79763984, 22.39985848 ], [ 69.79624747, 22.40374947 ], [ 69.78819465, 22.40570259 ], [ 69.78930854, 22.40875054 ], [ 69.7859745, 22.40764046 ], [ 69.77903175, 22.41263771 ], [ 69.77348136, 22.42263985 ], [ 69.76207923, 22.43208122 ], [ 69.75958442, 22.44153023 ], [ 69.75569343, 22.42624855 ], [ 69.74458503, 22.43069267 ], [ 69.74624824, 22.43375206 ], [ 69.74263953, 22.43932152 ], [ 69.73486137, 22.44375038 ], [ 69.74014472, 22.44902992 ], [ 69.74041938, 22.45903206 ], [ 69.73597144, 22.46875191 ], [ 69.72820472, 22.47375298 ], [ 69.7223606, 22.46875191 ], [ 69.7251377, 22.46458245 ], [ 69.70986366, 22.45708275 ], [ 69.70347785, 22.44708061 ], [ 69.69986152, 22.44791985 ], [ 69.70096778, 22.45736122 ], [ 69.69097327, 22.45126152 ], [ 69.68819618, 22.44430733 ], [ 69.67930793, 22.44403267 ], [ 69.67485618, 22.44208336 ], [ 69.67180442, 22.45070076 ], [ 69.67180442, 22.43930626 ], [ 69.67763709, 22.43958473 ], [ 69.68013953, 22.44320107 ], [ 69.69790839, 22.44292259 ], [ 69.70208167, 22.43375206 ], [ 69.69236182, 22.41986275 ], [ 69.69708442, 22.4109745 ], [ 69.69930457, 22.3959713 ], [ 69.66401862, 22.39375115 ], [ 69.65598487, 22.37681007 ], [ 69.6570835, 22.36375237 ], [ 69.65458869, 22.35902977 ], [ 69.64319419, 22.35597038 ], [ 69.61792182, 22.36847496 ], [ 69.61985969, 22.35708046 ], [ 69.61680412, 22.35458565 ], [ 69.61736488, 22.34625054 ], [ 69.61429786, 22.33792305 ], [ 69.60680579, 22.32569313 ], [ 69.61235999, 22.34041405 ], [ 69.60901832, 22.34930992 ], [ 69.60735511, 22.33847237 ], [ 69.6048603, 22.3512516 ], [ 69.60151862, 22.3512516 ], [ 69.6020832, 22.34707832 ], [ 69.5993061, 22.35069466 ], [ 69.59625434, 22.34792137 ], [ 69.59430885, 22.35236168 ], [ 69.58180427, 22.34625054 ], [ 69.58014106, 22.33764076 ], [ 69.57291602, 22.33319664 ], [ 69.57653236, 22.32487297 ], [ 69.57569312, 22.31903267 ], [ 69.57180976, 22.33430672 ], [ 69.57875251, 22.33819008 ], [ 69.57958411, 22.3468113 ], [ 69.59069251, 22.3540287 ], [ 69.59124946, 22.36097145 ], [ 69.58291816, 22.3615284 ], [ 69.58097266, 22.36681175 ], [ 69.57569312, 22.36847496 ], [ 69.56180763, 22.35569573 ], [ 69.55986213, 22.36681175 ], [ 69.55042457, 22.37235832 ], [ 69.55069923, 22.37542153 ], [ 69.55735969, 22.37542153 ], [ 69.55596732, 22.38847161 ], [ 69.54875373, 22.39402962 ], [ 69.55153083, 22.39375496 ], [ 69.55319404, 22.3987484 ], [ 69.55069923, 22.40486336 ], [ 69.53624915, 22.40986061 ], [ 69.53291511, 22.41903115 ], [ 69.5229206, 22.42653084 ], [ 69.50708198, 22.42374993 ], [ 69.50264167, 22.43319512 ], [ 69.49819373, 22.43569374 ], [ 69.50319862, 22.42458153 ], [ 69.51513862, 22.41681481 ], [ 69.51791572, 22.41097451 ], [ 69.51597785, 22.3951397 ], [ 69.52375221, 22.38569451 ], [ 69.51597785, 22.37458229 ], [ 69.49903297, 22.36597252 ], [ 69.49013709, 22.35569573 ], [ 69.48847388, 22.33791924 ], [ 69.46736335, 22.33014107 ], [ 69.45430946, 22.3357029 ], [ 69.44181251, 22.33041954 ], [ 69.43567847, 22.32208443 ], [ 69.41930579, 22.31569481 ], [ 69.4026432, 22.31596947 ], [ 69.39680671, 22.32097435 ], [ 69.38986396, 22.3215313 ], [ 69.38625526, 22.31847191 ], [ 69.38318824, 22.3223629 ], [ 69.36458778, 22.31652642 ], [ 69.36653327, 22.32208443 ], [ 69.33429908, 22.33041954 ], [ 69.33041572, 22.32819557 ], [ 69.33071326, 22.32431221 ], [ 69.33735847, 22.31820107 ], [ 69.33764075, 22.31180763 ], [ 69.33319282, 22.30376244 ], [ 69.32375526, 22.30347252 ], [ 69.32624625, 22.30153084 ], [ 69.32486152, 22.29541969 ], [ 69.31986045, 22.29125023 ], [ 69.31208228, 22.29182244 ], [ 69.31375312, 22.28819466 ], [ 69.30874824, 22.28653145 ], [ 69.29792213, 22.28764153 ], [ 69.29625129, 22.28347206 ], [ 69.2923603, 22.28625298 ], [ 69.29514503, 22.27986336 ], [ 69.28375434, 22.27208519 ], [ 69.24902915, 22.26708412 ], [ 69.25181007, 22.26486397 ], [ 69.25042152, 22.26097298 ], [ 69.24653052, 22.26514244 ], [ 69.24208259, 22.26486016 ], [ 69.23874854, 22.25930977 ], [ 69.2326374, 22.25791741 ], [ 69.22347449, 22.25791741 ], [ 69.20263862, 22.26653099 ], [ 69.16958808, 22.29430962 ], [ 69.15791511, 22.31291771 ], [ 69.16819953, 22.32652855 ], [ 69.16764258, 22.34514046 ], [ 69.17041968, 22.34847451 ], [ 69.17624854, 22.34763909 ], [ 69.17375373, 22.35069466 ], [ 69.17791938, 22.35625267 ], [ 69.17318916, 22.35680962 ], [ 69.17347144, 22.36264229 ], [ 69.17736243, 22.36792183 ], [ 69.18042182, 22.36680413 ], [ 69.18321036, 22.37291908 ], [ 69.18292426, 22.37625313 ], [ 69.18013953, 22.37486458 ], [ 69.17875098, 22.37792015 ], [ 69.18819236, 22.38597298 ], [ 69.19821357, 22.38764382 ], [ 69.20041846, 22.39180947 ], [ 69.19790076, 22.39763832 ], [ 69.20430946, 22.4018116 ], [ 69.20347785, 22.40431023 ], [ 69.19597053, 22.40458489 ], [ 69.19346809, 22.40875054 ], [ 69.19403266, 22.42374993 ], [ 69.18291663, 22.42097283 ], [ 69.17569923, 22.42432213 ], [ 69.16929816, 22.42014122 ], [ 69.17319678, 22.41819573 ], [ 69.16986274, 22.41430474 ], [ 69.1654148, 22.41263771 ], [ 69.16208076, 22.4151516 ], [ 69.15598106, 22.4120884 ], [ 69.14848518, 22.40263939 ], [ 69.13069343, 22.40292168 ], [ 69.12903022, 22.39792061 ], [ 69.11403083, 22.40485955 ], [ 69.10986518, 22.4101429 ], [ 69.10264014, 22.4101429 ], [ 69.09874534, 22.40819359 ], [ 69.09874534, 22.39902687 ], [ 69.09153175, 22.39458275 ], [ 69.07985877, 22.3923626 ], [ 69.06930732, 22.39569664 ], [ 69.06208228, 22.40208245 ], [ 69.06125068, 22.40736199 ], [ 69.05486488, 22.41069222 ], [ 69.04374885, 22.43263817 ], [ 69.04514503, 22.43681145 ], [ 69.05013847, 22.43681145 ], [ 69.06709479, 22.45181084 ], [ 69.07347297, 22.45208168 ], [ 69.07680701, 22.46458245 ], [ 69.0854206, 22.47236061 ], [ 69.07930946, 22.47931099 ], [ 69.06986426, 22.47736168 ], [ 69.06736182, 22.4801426 ], [ 69.05986213, 22.46736336 ], [ 69.0079174, 22.43985939 ], [ 68.99347114, 22.42041588 ], [ 68.98457908, 22.41430474 ], [ 68.95680427, 22.36652947 ], [ 68.95903205, 22.35180474 ], [ 68.95513724, 22.33513832 ], [ 68.94902991, 22.33152962 ], [ 68.94264411, 22.33292198 ], [ 68.93597602, 22.31208611 ], [ 68.94347571, 22.28513909 ], [ 68.95791816, 22.25792122 ], [ 68.95263862, 22.25125313 ], [ 68.95736884, 22.23765373 ], [ 68.9631977, 22.23736382 ], [ 68.96901893, 22.23180962 ], [ 68.98097419, 22.21180916 ], [ 69.0229206, 22.16792107 ], [ 69.05513953, 22.12846947 ], [ 69.08764075, 22.09986305 ], [ 69.10819434, 22.07347298 ], [ 69.17708015, 21.99957085 ], [ 69.19291877, 21.98374748 ], [ 69.20153236, 21.9845829 ], [ 69.19736671, 21.98069573 ], [ 69.23652839, 21.93819618 ], [ 69.32375526, 21.86097145 ], [ 69.3520832, 21.83875084 ], [ 69.37375068, 21.82819939 ], [ 69.39902686, 21.79819679 ], [ 69.43235969, 21.7673626 ], [ 69.47069358, 21.74097252 ], [ 69.56041907, 21.6554203 ], [ 69.5909748, 21.63541985 ], [ 69.58764075, 21.62096977 ], [ 69.5901432, 21.62042046 ], [ 69.58930396, 21.62597466 ], [ 69.59179877, 21.62542153 ], [ 69.59319495, 21.62930489 ], [ 69.5909748, 21.6384716 ], [ 69.6020832, 21.63736153 ], [ 69.61374854, 21.62764168 ], [ 69.67180442, 21.56624031 ], [ 69.71180915, 21.53097344 ], [ 69.77514075, 21.45985985 ], [ 69.77486228, 21.46319389 ], [ 69.77820014, 21.46291924 ], [ 69.77707862, 21.46098137 ], [ 69.78513908, 21.45375252 ], [ 69.79569434, 21.45264244 ], [ 69.80486488, 21.46402931 ], [ 69.80097007, 21.45708656 ], [ 69.80458259, 21.4548626 ], [ 69.80180549, 21.4556942 ], [ 69.79985999, 21.45208168 ], [ 69.7876377, 21.45153237 ], [ 69.77874946, 21.45874977 ], [ 69.77820014, 21.45791435 ], [ 69.99846839, 21.20736122 ], [ 70.0284748, 21.17875099 ], [ 70.03819465, 21.18347359 ], [ 70.0320835, 21.1740284 ], [ 70.09958457, 21.10458183 ], [ 70.1048603, 21.10569573 ], [ 70.13236427, 21.07986259 ], [ 70.13597297, 21.0857029 ], [ 70.14624976, 21.0806942 ], [ 70.14763831, 21.07847023 ], [ 70.14013862, 21.08208656 ], [ 70.14152717, 21.07958412 ], [ 70.13791846, 21.07792473 ], [ 70.14290046, 21.06847191 ], [ 70.22625159, 20.99902916 ], [ 70.23597144, 20.99624825 ], [ 70.23819923, 20.99903297 ], [ 70.24041938, 20.99958229 ], [ 70.23625373, 20.99570274 ], [ 70.23819923, 20.99374962 ], [ 70.24764442, 21.00042152 ], [ 70.23958778, 20.99263954 ], [ 70.25152778, 20.9790287 ], [ 70.30930137, 20.9390316 ], [ 70.3207035, 20.92736244 ], [ 70.34514045, 20.9156971 ], [ 70.34707832, 20.92152977 ], [ 70.34764289, 20.91902733 ], [ 70.35125159, 20.92069435 ], [ 70.34708595, 20.91625023 ], [ 70.35097312, 20.91041756 ], [ 70.37375068, 20.89486122 ], [ 70.37097358, 20.90263939 ], [ 70.39402961, 20.89402962 ], [ 70.40735435, 20.88236046 ], [ 70.41681098, 20.88319588 ], [ 70.41708564, 20.88708305 ], [ 70.41958427, 20.88152886 ], [ 70.41208839, 20.88097572 ], [ 70.41291999, 20.87541771 ], [ 70.42485999, 20.86319542 ], [ 70.43902778, 20.85264015 ], [ 70.44264411, 20.85431099 ], [ 70.44736671, 20.84791756 ], [ 70.45319556, 20.8484745 ], [ 70.46902656, 20.83819389 ], [ 70.47651862, 20.84042168 ], [ 70.48708534, 20.83458519 ], [ 70.48874854, 20.82819176 ], [ 70.51069831, 20.82097435 ], [ 70.54180717, 20.80153084 ], [ 70.55347633, 20.80347252 ], [ 70.56208228, 20.79263878 ], [ 70.57097053, 20.79291725 ], [ 70.5854206, 20.78153038 ], [ 70.60736274, 20.77736092 ], [ 70.61458778, 20.76986122 ], [ 70.63541602, 20.76958275 ], [ 70.64653205, 20.76292992 ], [ 70.6570835, 20.76458549 ], [ 70.65652656, 20.76014137 ], [ 70.6626377, 20.75847053 ], [ 70.66625404, 20.75235939 ], [ 70.66291618, 20.76208305 ], [ 70.67151832, 20.76097298 ], [ 70.67347144, 20.76458549 ], [ 70.67457771, 20.75736427 ], [ 70.70347785, 20.73791695 ], [ 70.73014259, 20.72847176 ], [ 70.74375343, 20.71986198 ], [ 70.75847053, 20.7226429 ], [ 70.79208564, 20.71236229 ], [ 70.80124854, 20.70236015 ], [ 70.81208228, 20.69986153 ], [ 70.82235526, 20.69096947 ], [ 70.8381977, 20.69014168 ], [ 70.83403205, 20.69931221 ], [ 70.84485816, 20.70736122 ], [ 70.87403297, 20.70486259 ], [ 70.86902808, 20.70625114 ], [ 70.86792182, 20.71264076 ], [ 70.87264442, 20.72430992 ], [ 70.86403083, 20.72986031 ], [ 70.85736274, 20.74319267 ], [ 70.86235999, 20.75208473 ], [ 70.85431098, 20.75208473 ], [ 70.8529148, 20.75403023 ], [ 70.86319541, 20.75486183 ], [ 70.86347388, 20.73986244 ], [ 70.87486457, 20.72680473 ], [ 70.88597297, 20.73347664 ], [ 70.91124915, 20.73736 ], [ 70.91570472, 20.74292183 ], [ 70.92195312, 20.7443517 ], [ 70.92671138, 20.74303314 ], [ 70.92608077, 20.73775893 ], [ 70.9322149, 20.73684168 ], [ 70.94012621, 20.73322999 ], [ 70.94746424, 20.73517916 ], [ 70.95458411, 20.73523649 ], [ 70.9631977, 20.74181938 ], [ 70.971529, 20.73847008 ], [ 70.9826374, 20.74486351 ], [ 70.99125098, 20.74597359 ], [ 70.99902915, 20.74236107 ], [ 70.98375129, 20.7262516 ], [ 70.98681068, 20.72208214 ], [ 70.99402427, 20.73236275 ], [ 71.01097297, 20.73986244 ], [ 71.04292106, 20.73542213 ], [ 71.04569434, 20.73097038 ], [ 71.06069373, 20.73624992 ], [ 71.06292152, 20.7337513 ], [ 71.07375526, 20.73541832 ], [ 71.08152961, 20.73847008 ], [ 71.07680702, 20.74402809 ], [ 71.07763862, 20.75014305 ], [ 71.08597755, 20.75625038 ], [ 71.1070616, 20.75786272 ], [ 71.12347602, 20.75403023 ], [ 71.1279087, 20.75736427 ], [ 71.15486335, 20.75930595 ], [ 71.15680885, 20.76236153 ], [ 71.15208625, 20.7618084 ], [ 71.14817619, 20.76569939 ], [ 71.15569496, 20.77847481 ], [ 71.20208167, 20.78847313 ], [ 71.20736121, 20.7934742 ], [ 71.2048664, 20.79736137 ], [ 71.20903205, 20.80208778 ], [ 71.2326374, 20.80402946 ], [ 71.2387638, 20.81153297 ], [ 71.25792121, 20.81569481 ], [ 71.28013801, 20.82819557 ], [ 71.29180717, 20.82875252 ], [ 71.29625129, 20.83542061 ], [ 71.30097389, 20.83513832 ], [ 71.32264137, 20.84625053 ], [ 71.38458442, 20.85708427 ], [ 71.38791847, 20.86041832 ], [ 71.38180351, 20.85986137 ], [ 71.38153266, 20.86486244 ], [ 71.37568855, 20.87070274 ], [ 71.3779087, 20.87402916 ], [ 71.38903236, 20.87402916 ], [ 71.39097785, 20.86930275 ], [ 71.38597297, 20.86541939 ], [ 71.38680457, 20.86347008 ], [ 71.38819312, 20.86652364 ], [ 71.40014076, 20.86541939 ], [ 71.40458869, 20.86847496 ], [ 71.41958808, 20.86903191 ], [ 71.42069434, 20.86597252 ], [ 71.43958472, 20.86930656 ], [ 71.44790839, 20.87709236 ], [ 71.44847297, 20.88153267 ], [ 71.46264076, 20.88097191 ], [ 71.4651432, 20.8848629 ], [ 71.4770832, 20.88986015 ], [ 71.48235511, 20.90625191 ], [ 71.49513816, 20.90764046 ], [ 71.48513984, 20.91069603 ], [ 71.48819923, 20.91486168 ], [ 71.49318885, 20.91792107 ], [ 71.50818824, 20.9162426 ], [ 71.51597785, 20.92236137 ], [ 71.51542091, 20.92486381 ], [ 71.51097297, 20.92374992 ], [ 71.50653266, 20.93180656 ], [ 71.51125144, 20.93847084 ], [ 71.5090351, 20.94320106 ], [ 71.51486396, 20.9481945 ], [ 71.52263831, 20.94902992 ], [ 71.534029, 20.94319725 ], [ 71.54569434, 20.95070076 ], [ 71.56514167, 20.94958305 ], [ 71.56846809, 20.95403099 ], [ 71.57958411, 20.95403099 ], [ 71.58097266, 20.95903206 ], [ 71.59263801, 20.96069527 ], [ 71.5973606, 20.96736336 ], [ 71.59986305, 20.96458244 ], [ 71.60679817, 20.96486092 ], [ 71.61181068, 20.96736336 ], [ 71.61234035, 20.97266986 ], [ 71.61687707, 20.97188087 ], [ 71.61598945, 20.96852763 ], [ 71.62791633, 20.96930504 ], [ 71.63819312, 20.97514152 ], [ 71.63597297, 20.9809742 ], [ 71.63846778, 20.98986244 ], [ 71.64653205, 20.99486351 ], [ 71.6637516, 20.99931145 ], [ 71.67958259, 20.99736214 ], [ 71.68208503, 21.0043087 ], [ 71.6965351, 21.0090313 ], [ 71.7151432, 21.02041817 ], [ 71.72736549, 21.02124977 ], [ 71.72680854, 21.01486015 ], [ 71.72930335, 21.0134716 ], [ 71.73569679, 21.02069664 ], [ 71.73874854, 21.01736259 ], [ 71.75264167, 21.02292061 ], [ 71.76069831, 21.02013969 ], [ 71.76458167, 21.02180672 ], [ 71.76513862, 21.02625465 ], [ 71.78542518, 21.03153038 ], [ 71.77820014, 21.03682137 ], [ 71.77820014, 21.03986549 ], [ 71.78708839, 21.04042244 ], [ 71.7859745, 21.03764153 ], [ 71.79125022, 21.03959084 ], [ 71.79181098, 21.03569603 ], [ 71.79875373, 21.03930473 ], [ 71.80681037, 21.03791618 ], [ 71.80430793, 21.04569435 ], [ 71.79625129, 21.05319023 ], [ 71.80208778, 21.06292152 ], [ 71.81986427, 21.07208443 ], [ 71.82375526, 21.06819725 ], [ 71.84208869, 21.07486153 ], [ 71.84263801, 21.07792473 ], [ 71.84929847, 21.07652855 ], [ 71.86068916, 21.08542061 ], [ 71.86819648, 21.08597374 ], [ 71.86958503, 21.09013939 ], [ 71.87903022, 21.08958244 ], [ 71.89930915, 21.10931206 ], [ 71.91903114, 21.11292076 ], [ 71.92624854, 21.11097145 ], [ 71.93181037, 21.11597252 ], [ 71.94014167, 21.1151371 ], [ 71.94346809, 21.12042046 ], [ 71.94542121, 21.11763954 ], [ 71.95208167, 21.11847115 ], [ 71.9540348, 21.1229229 ], [ 71.95680427, 21.12153053 ], [ 71.96013832, 21.12458611 ], [ 71.96653175, 21.12319755 ], [ 71.96486091, 21.12236214 ], [ 71.96430015, 21.12041664 ], [ 71.9706974, 21.12319756 ], [ 71.97014045, 21.12069511 ], [ 71.97680854, 21.12096977 ], [ 71.97820472, 21.12375069 ], [ 71.97458839, 21.12542152 ], [ 71.97707939, 21.12847328 ], [ 71.97403144, 21.12903023 ], [ 71.98569679, 21.13319206 ], [ 71.97847175, 21.13541984 ], [ 71.98986244, 21.14153099 ], [ 72.00373268, 21.14153099 ], [ 72.00235938, 21.13708305 ], [ 72.00708198, 21.13764 ], [ 72.00818824, 21.13264275 ], [ 72.01125526, 21.13514137 ], [ 72.00986671, 21.14569664 ], [ 72.01735877, 21.14986229 ], [ 72.01819038, 21.15431023 ], [ 72.02625465, 21.15402031 ], [ 72.0415287, 21.16264153 ], [ 72.04651832, 21.15903282 ], [ 72.05568885, 21.17403221 ], [ 72.06292152, 21.17264366 ], [ 72.06402778, 21.17736244 ], [ 72.07486152, 21.17930794 ], [ 72.08207893, 21.18653297 ], [ 72.08708381, 21.18708992 ], [ 72.08708381, 21.19042015 ], [ 72.10569953, 21.19681358 ], [ 72.11374854, 21.19652748 ], [ 72.11541938, 21.20208549 ], [ 72.11042213, 21.20541954 ], [ 72.11429023, 21.21181297 ], [ 72.10514259, 21.21542168 ], [ 72.11235999, 21.22263908 ], [ 72.10901832, 21.22514152 ], [ 72.10930824, 21.22097206 ], [ 72.10679435, 21.22097206 ], [ 72.10431098, 21.22485924 ], [ 72.09625434, 21.22291756 ], [ 72.0909748, 21.22653007 ], [ 72.08125495, 21.24847221 ], [ 72.08152961, 21.25181007 ], [ 72.08513832, 21.24931145 ], [ 72.09236335, 21.26152992 ], [ 72.09819984, 21.26402855 ], [ 72.0973606, 21.27708244 ], [ 72.09291264, 21.28736305 ], [ 72.10180854, 21.27791786 ], [ 72.10901832, 21.28292274 ], [ 72.11181068, 21.29347038 ], [ 72.10902595, 21.30153084 ], [ 72.12153053, 21.32542229 ], [ 72.16681098, 21.37652779 ], [ 72.16707801, 21.38293266 ], [ 72.17653083, 21.39652824 ], [ 72.20124626, 21.41291618 ], [ 72.20208167, 21.41736031 ], [ 72.21402931, 21.42708015 ], [ 72.23513984, 21.45652962 ], [ 72.23568916, 21.4643116 ], [ 72.24263954, 21.47374916 ], [ 72.25402641, 21.50181007 ], [ 72.2648487, 21.54014015 ], [ 72.26403236, 21.55652809 ], [ 72.26902961, 21.57375145 ], [ 72.30597114, 21.62846947 ], [ 72.30264472, 21.64402962 ], [ 72.28541755, 21.66486168 ], [ 72.28292274, 21.68403053 ], [ 72.26819801, 21.70625114 ], [ 72.24708747, 21.75124931 ], [ 72.24124717, 21.78736305 ], [ 72.21541786, 21.80208015 ], [ 72.20514106, 21.8223629 ], [ 72.19486427, 21.82708549 ], [ 72.18291664, 21.82375145 ], [ 72.18931007, 21.82819939 ], [ 72.19708442, 21.82736015 ], [ 72.20319557, 21.82486153 ], [ 72.20903205, 21.82069588 ], [ 72.21290779, 21.80792046 ], [ 72.2187519, 21.8018055 ], [ 72.24708747, 21.79097176 ], [ 72.25264167, 21.76097298 ], [ 72.25402641, 21.76042366 ], [ 72.25514411, 21.75875282 ], [ 72.25985908, 21.74931145 ], [ 72.26319694, 21.74069405 ], [ 72.26458167, 21.74041939 ], [ 72.27098274, 21.7515316 ], [ 72.26014137, 21.78431129 ], [ 72.25875282, 21.83708382 ], [ 72.25486183, 21.85680962 ], [ 72.25818824, 21.8823719 ], [ 72.25319862, 21.89736366 ], [ 72.24236488, 21.91653252 ], [ 72.23069953, 21.92680931 ], [ 72.22014045, 21.94791985 ], [ 72.21373939, 21.94875145 ], [ 72.20236396, 21.93985939 ], [ 72.19014167, 21.93708229 ], [ 72.16707801, 21.9548626 ], [ 72.15986061, 21.95736122 ], [ 72.147089, 21.9548626 ], [ 72.1609745, 21.96181297 ], [ 72.15735816, 21.96764183 ], [ 72.15598487, 21.97403145 ], [ 72.15096855, 21.97764015 ], [ 72.14653205, 21.98347282 ], [ 72.1562519, 21.97569466 ], [ 72.16401862, 21.95986366 ], [ 72.17402839, 21.95875359 ], [ 72.19069862, 21.94236183 ], [ 72.20874977, 21.95430946 ], [ 72.22097206, 21.95625115 ], [ 72.22097206, 21.96764183 ], [ 72.23014259, 21.99458122 ], [ 72.22847175, 22.00014305 ], [ 72.23097419, 22.00764275 ], [ 72.22429847, 22.00681114 ], [ 72.21373939, 21.99902916 ], [ 72.20041847, 22.00430489 ], [ 72.19708442, 22.01680946 ], [ 72.18569373, 22.0154171 ], [ 72.17986106, 22.01902962 ], [ 72.18097114, 22.03319359 ], [ 72.17236518, 22.04153252 ], [ 72.18208503, 22.0351429 ], [ 72.18596839, 22.01958275 ], [ 72.19597053, 22.02264214 ], [ 72.209589, 22.01041985 ], [ 72.21653175, 22.01180077 ], [ 72.22319984, 22.0209713 ], [ 72.2326374, 22.01764107 ], [ 72.2298603, 22.04236031 ], [ 72.23319434, 22.05375481 ], [ 72.23790931, 22.05931282 ], [ 72.25486183, 22.06569099 ], [ 72.26513862, 22.07458305 ], [ 72.27819251, 22.08041954 ], [ 72.27485847, 22.09736061 ], [ 72.26597785, 22.10152626 ], [ 72.26541709, 22.10542107 ], [ 72.26763725, 22.10680962 ], [ 72.26930427, 22.10069084 ], [ 72.27680396, 22.09819603 ], [ 72.27736091, 22.09069634 ], [ 72.2848606, 22.09264183 ], [ 72.28653144, 22.09958458 ], [ 72.30014228, 22.1087513 ], [ 72.30263328, 22.0890255 ], [ 72.29515266, 22.08069038 ], [ 72.30403327, 22.07681084 ], [ 72.30403327, 22.07208061 ], [ 72.29792213, 22.06347084 ], [ 72.29402732, 22.06319618 ], [ 72.28653144, 22.07430458 ], [ 72.24153327, 22.04958534 ], [ 72.24514198, 22.03291512 ], [ 72.25514411, 22.02792168 ], [ 72.26069831, 22.01931191 ], [ 72.25319862, 22.00125313 ], [ 72.25180625, 21.98736382 ], [ 72.25514411, 21.98236275 ], [ 72.26152992, 21.9809742 ], [ 72.2604084, 21.95958138 ], [ 72.26319312, 21.9465313 ], [ 72.26930427, 21.93458366 ], [ 72.27514076, 21.92986107 ], [ 72.2784748, 21.93208122 ], [ 72.27903175, 21.9548626 ], [ 72.27098274, 21.96764183 ], [ 72.27986335, 21.96430779 ], [ 72.30652809, 22.07736397 ], [ 72.31541633, 22.09958458 ], [ 72.31125068, 22.11153221 ], [ 72.32319831, 22.12264061 ], [ 72.32013511, 22.12875176 ], [ 72.32375526, 22.13013649 ], [ 72.31347083, 22.13708305 ], [ 72.31041908, 22.14458275 ], [ 72.31263923, 22.18069649 ], [ 72.30014228, 22.1859684 ], [ 72.2943058, 22.20236397 ], [ 72.29763984, 22.20125008 ], [ 72.29985999, 22.19264031 ], [ 72.3034687, 22.19320107 ], [ 72.31569862, 22.18514061 ], [ 72.31764411, 22.18069649 ], [ 72.31958198, 22.17180824 ], [ 72.31624412, 22.14653206 ], [ 72.32375526, 22.14708519 ], [ 72.33486366, 22.13875008 ], [ 72.33957862, 22.13875008 ], [ 72.34263801, 22.13319588 ], [ 72.3409748, 22.12486076 ], [ 72.3434925, 22.12486076 ], [ 72.3501377, 22.12680626 ], [ 72.35235786, 22.13652992 ], [ 72.35041999, 22.14653206 ], [ 72.35569953, 22.14652824 ], [ 72.35679817, 22.15014076 ], [ 72.35375404, 22.16125298 ], [ 72.34708595, 22.16319466 ], [ 72.34402656, 22.1684742 ], [ 72.35320472, 22.16457939 ], [ 72.35180854, 22.18208504 ], [ 72.35597419, 22.18180656 ], [ 72.35958289, 22.1859684 ], [ 72.35764503, 22.19292259 ], [ 72.36374854, 22.1890316 ], [ 72.35901832, 22.17264366 ], [ 72.3720951, 22.17180824 ], [ 72.37597083, 22.14986229 ], [ 72.37875556, 22.15152931 ], [ 72.37735938, 22.15847206 ], [ 72.38402748, 22.15597344 ], [ 72.38707542, 22.15986061 ], [ 72.3865261, 22.17236137 ], [ 72.38958167, 22.16681099 ], [ 72.39152717, 22.16791725 ], [ 72.38903236, 22.17542076 ], [ 72.3915348, 22.18013954 ], [ 72.3865261, 22.1890316 ], [ 72.36207771, 22.20514107 ], [ 72.36013984, 22.22514153 ], [ 72.37097358, 22.24514198 ], [ 72.36319923, 22.26041985 ], [ 72.35679817, 22.26320076 ], [ 72.35624885, 22.27124977 ], [ 72.37986183, 22.25736046 ], [ 72.38347053, 22.24570274 ], [ 72.37569618, 22.23597145 ], [ 72.37735938, 22.2262516 ], [ 72.38236427, 22.21819496 ], [ 72.39264106, 22.21319389 ], [ 72.39958381, 22.1993084 ], [ 72.4054203, 22.21375084 ], [ 72.41124916, 22.21569252 ], [ 72.41153144, 22.22708321 ], [ 72.4165287, 22.22736168 ], [ 72.4126377, 22.25403023 ], [ 72.4165287, 22.27959251 ], [ 72.4137516, 22.29763985 ], [ 72.38318824, 22.29986 ], [ 72.37625312, 22.30541802 ], [ 72.37317848, 22.31264305 ], [ 72.37291526, 22.3231945 ], [ 72.37903022, 22.33597374 ], [ 72.40430641, 22.35153008 ], [ 72.3823719, 22.37542152 ], [ 72.36097145, 22.37153053 ], [ 72.36235618, 22.37625313 ], [ 72.37623786, 22.38513756 ], [ 72.39375114, 22.38264275 ], [ 72.39902687, 22.36874962 ], [ 72.41236305, 22.35847282 ], [ 72.41208457, 22.34986305 ], [ 72.4054203, 22.3334713 ], [ 72.38903236, 22.31542015 ], [ 72.38874626, 22.31041908 ], [ 72.39736366, 22.30708504 ], [ 72.40598106, 22.31014061 ], [ 72.43514442, 22.30125237 ], [ 72.47041511, 22.24347115 ], [ 72.4706974, 22.23875237 ], [ 72.48236274, 22.24069405 ], [ 72.49292182, 22.24819374 ], [ 72.49236488, 22.23875237 ], [ 72.47764015, 22.23513985 ], [ 72.49263954, 22.23708534 ], [ 72.49125099, 22.23013878 ], [ 72.47876167, 22.22847939 ], [ 72.48513984, 22.22263908 ], [ 72.47374916, 22.20125008 ], [ 72.48597145, 22.19735909 ], [ 72.49819374, 22.21653938 ], [ 72.50403022, 22.22042275 ], [ 72.50570106, 22.22903252 ], [ 72.5240345, 22.2448597 ], [ 72.52597236, 22.26931191 ], [ 72.53264045, 22.27708244 ], [ 72.54264259, 22.28097343 ], [ 72.55347633, 22.28097344 ], [ 72.55375099, 22.27819252 ], [ 72.53735923, 22.27375221 ], [ 72.53486061, 22.26041603 ], [ 72.54097175, 22.25708199 ], [ 72.53347206, 22.25265312 ], [ 72.53375434, 22.25014305 ], [ 72.53653144, 22.2515316 ], [ 72.53763771, 22.25042153 ], [ 72.53320503, 22.24625206 ], [ 72.54181098, 22.24875069 ], [ 72.54125404, 22.24319649 ], [ 72.55735969, 22.25930977 ], [ 72.56153297, 22.25764275 ], [ 72.55958747, 22.24875069 ], [ 72.5598545, 22.24596977 ], [ 72.57068824, 22.25792122 ], [ 72.57125282, 22.25458336 ], [ 72.57459449, 22.25542259 ], [ 72.59597206, 22.27347374 ], [ 72.61042213, 22.27986336 ], [ 72.63541221, 22.28458214 ], [ 72.65625953, 22.27903175 ], [ 72.65875434, 22.26875115 ], [ 72.68792152, 22.23847008 ], [ 72.75208473, 22.23097038 ], [ 72.76319313, 22.23319435 ], [ 72.81041908, 22.26514244 ], [ 72.84374809, 22.2823658 ], [ 72.85264015, 22.28181267 ], [ 72.85957908, 22.25235939 ], [ 72.86680412, 22.24263954 ], [ 72.88347053, 22.24236107 ], [ 72.89930915, 22.24819374 ], [ 72.90957832, 22.25930977 ], [ 72.91319465, 22.27653313 ], [ 72.91597175, 22.27819633 ], [ 72.91874885, 22.27264214 ], [ 72.91958427, 22.26069069 ], [ 72.91042518, 22.24319267 ], [ 72.90097236, 22.23291588 ], [ 72.88625526, 22.23069572 ], [ 72.8779087, 22.22375298 ], [ 72.86291313, 22.22597313 ], [ 72.84930229, 22.23597145 ], [ 72.82625007, 22.24069023 ], [ 72.81736183, 22.2479229 ], [ 72.80874824, 22.24597359 ], [ 72.79292106, 22.2293148 ], [ 72.7773571, 22.19902992 ], [ 72.76236152, 22.17791939 ], [ 72.75403022, 22.17319679 ], [ 72.73681068, 22.17625236 ], [ 72.71486091, 22.18514061 ], [ 72.70014381, 22.18430519 ], [ 72.68763923, 22.19486046 ], [ 72.64848518, 22.21681023 ], [ 72.61486, 22.21764 ], [ 72.6012516, 22.21348381 ], [ 72.58208656, 22.2009716 ], [ 72.56875038, 22.18755913 ], [ 72.56375312, 22.1795826 ], [ 72.562638, 22.178473 ], [ 72.56263923, 22.17791939 ], [ 72.56207999, 22.177641 ], [ 72.56153297, 22.17625237 ], [ 72.56097602, 22.17597389 ], [ 72.56097602, 22.17541695 ], [ 72.55986213, 22.17430687 ], [ 72.55986213, 22.17375374 ], [ 72.55930519, 22.17347145 ], [ 72.55930519, 22.17291832 ], [ 72.55874824, 22.17264366 ], [ 72.55874824, 22.17207909 ], [ 72.55819511, 22.17180824 ], [ 72.55819511, 22.17123985 ], [ 72.55708503, 22.17014122 ], [ 72.55708503, 22.16958046 ], [ 72.55597114, 22.1684742 ], [ 72.55458259, 22.16570091 ], [ 72.54291725, 22.1356945 ], [ 72.52625465, 22.07681084 ], [ 72.51819419, 22.02958107 ], [ 72.50486183, 21.9809742 ], [ 72.50208473, 21.9418087 ], [ 72.50596427, 21.92514229 ], [ 72.50486183, 21.90958214 ], [ 72.50763511, 21.89791679 ], [ 72.51680946, 21.88931084 ], [ 72.51661976, 21.87948998 ], [ 72.54523231, 21.8774 ], [ 72.57952916, 21.88441032 ], [ 72.58721732, 21.90022087 ], [ 72.58589363, 21.91926765 ], [ 72.58850669, 21.92290306 ], [ 72.62552812, 21.9530068 ], [ 72.63434774, 21.95682157 ], [ 72.63675702, 21.95417411 ], [ 72.61352973, 21.93897751 ], [ 72.60835456, 21.93242073 ], [ 72.60790918, 21.92803525 ], [ 72.61437216, 21.92091726 ], [ 72.62111721, 21.91801494 ], [ 72.62313643, 21.92215417 ], [ 72.62873769, 21.90906192 ], [ 72.62151332, 21.90011773 ], [ 72.62276992, 21.88749748 ], [ 72.6167386, 21.86807721 ], [ 72.61166572, 21.86087608 ], [ 72.60157203, 21.85526848 ], [ 72.58382224, 21.83107948 ], [ 72.5711017, 21.82354747 ], [ 72.56747627, 21.81892204 ], [ 72.5670948, 21.81707954 ], [ 72.5654087, 21.81514168 ], [ 72.56514167, 21.81402779 ], [ 72.56487846, 21.8140316 ], [ 72.56485938, 21.81375313 ], [ 72.5647602, 21.81375313 ], [ 72.56442069, 21.8129406 ], [ 72.56386375, 21.81209373 ], [ 72.56344032, 21.81089973 ], [ 72.562788, 21.80984306 ], [ 72.56197547, 21.80872917 ], [ 72.56164359, 21.80779076 ], [ 72.56118965, 21.80710411 ], [ 72.55735969, 21.80264091 ], [ 72.55652599, 21.802083 ], [ 72.54763984, 21.76736259 ], [ 72.54292488, 21.76152992 ], [ 72.5443058, 21.75847435 ], [ 72.54408454, 21.75736046 ], [ 72.54414176, 21.75722313 ], [ 72.54440879, 21.75636864 ], [ 72.5443859, 21.75483513 ], [ 72.54432868, 21.75201607 ], [ 72.54417228, 21.74991417 ], [ 72.54347419, 21.74292183 ], [ 72.5404148, 21.73569298 ], [ 72.53208351, 21.73125267 ], [ 72.52179527, 21.71624947 ], [ 72.52153205, 21.70652962 ], [ 72.51791572, 21.71458244 ], [ 72.52402686, 21.68013954 ], [ 72.53235435, 21.67514229 ], [ 72.5376377, 21.66430473 ], [ 72.54736518, 21.65847206 ], [ 72.56263923, 21.65875053 ], [ 72.56541633, 21.66458321 ], [ 72.60041618, 21.68153191 ], [ 72.65597724, 21.67708397 ], [ 72.66958808, 21.68320274 ], [ 72.68125343, 21.6795826 ], [ 72.69846916, 21.68153191 ], [ 72.71124839, 21.67847252 ], [ 72.73625373, 21.68958473 ], [ 72.74514198, 21.68708611 ], [ 72.75235938, 21.67569923 ], [ 72.76180458, 21.6693058 ], [ 72.77985954, 21.66319466 ], [ 72.79818916, 21.66153145 ], [ 72.83236122, 21.67319679 ], [ 72.83513832, 21.66792107 ], [ 72.82958412, 21.66514015 ], [ 72.82625007, 21.66236305 ], [ 72.82347297, 21.66125297 ], [ 72.82235908, 21.65986061 ], [ 72.81641197, 21.65645409 ], [ 72.81917381, 21.65603065 ], [ 72.78736305, 21.64513969 ], [ 72.75208473, 21.65014076 ], [ 72.75096702, 21.6462841 ], [ 72.74995231, 21.64482307 ], [ 72.74875068, 21.64385796 ], [ 72.74875068, 21.64347267 ], [ 72.74736213, 21.64236259 ], [ 72.72319984, 21.63875008 ], [ 72.71541786, 21.64097023 ], [ 72.71041297, 21.64819908 ], [ 72.70625495, 21.65041924 ], [ 72.70540809, 21.6518116 ], [ 72.70096778, 21.6518116 ], [ 72.69236945, 21.64069176 ], [ 72.67514228, 21.62903023 ], [ 72.65791511, 21.62764168 ], [ 72.6479206, 21.6170826 ], [ 72.63513374, 21.62042046 ], [ 72.62819862, 21.61681175 ], [ 72.62069892, 21.59625053 ], [ 72.60791969, 21.58296314 ], [ 72.61262071, 21.57145731 ], [ 72.61417922, 21.5546254 ], [ 72.63069943, 21.53904031 ], [ 72.64441431, 21.53374137 ], [ 72.641609, 21.52626053 ], [ 72.6609745, 21.52736092 ], [ 72.66570472, 21.53320122 ], [ 72.68319892, 21.54292107 ], [ 72.69124412, 21.53486061 ], [ 72.70597267, 21.53208351 ], [ 72.70597267, 21.53236198 ], [ 72.70847511, 21.53347206 ], [ 72.70930671, 21.53319359 ], [ 72.71290779, 21.53542137 ], [ 72.73707771, 21.54042244 ], [ 72.74013709, 21.54986382 ], [ 72.73319435, 21.55208015 ], [ 72.73486518, 21.55624962 ], [ 72.74236488, 21.55014229 ], [ 72.74180793, 21.5434742 ], [ 72.73681068, 21.53819847 ], [ 72.70569419, 21.52791786 ], [ 72.69568824, 21.527071 ], [ 72.69264411, 21.52736092 ], [ 72.69014167, 21.52819633 ], [ 72.68653297, 21.52847481 ], [ 72.67402839, 21.52042198 ], [ 72.6713047, 21.51458168 ], [ 72.68152809, 21.51764107 ], [ 72.68208503, 21.51597023 ], [ 72.670969, 21.51125145 ], [ 72.66514015, 21.47875023 ], [ 72.65764045, 21.4695797 ], [ 72.65207862, 21.46542168 ], [ 72.65625953, 21.46486092 ], [ 72.65236091, 21.46208382 ], [ 72.64958381, 21.44764137 ], [ 72.64319801, 21.44125175 ], [ 72.6451435, 21.43375206 ], [ 72.6693058, 21.44708443 ], [ 72.68180656, 21.44875145 ], [ 72.69014167, 21.46319389 ], [ 72.69430732, 21.46624947 ], [ 72.69680976, 21.46458244 ], [ 72.69014167, 21.45763969 ], [ 72.68013954, 21.43375206 ], [ 72.66485404, 21.42736244 ] ], [ [ 89.59408243, 26.19145206 ], [ 89.59725814, 26.19573786 ], [ 89.606657, 26.19729834 ], [ 89.60809142, 26.17965829 ], [ 89.59630932, 26.18014878 ], [ 89.59408243, 26.19145206 ] ], [ [ 89.16498358, 26.27105169 ], [ 89.17702836, 26.26560568 ], [ 89.17827181, 26.25975729 ], [ 89.17376133, 26.25499856 ], [ 89.17401523, 26.24211014 ], [ 89.16771987, 26.23555716 ], [ 89.16422993, 26.23691448 ], [ 89.16123178, 26.2479867 ], [ 89.15346336, 26.2412016 ], [ 89.14768036, 26.2423059 ], [ 89.13954088, 26.26696681 ], [ 89.14394894, 26.27216109 ], [ 89.14893776, 26.27037537 ], [ 89.15209914, 26.26721257 ], [ 89.14869618, 26.25745647 ], [ 89.15423608, 26.25453202 ], [ 89.16498358, 26.27105169 ] ], [ [ 88.92723921, 26.32524712 ], [ 88.93188074, 26.33407401 ], [ 88.94557018, 26.3325208 ], [ 88.94933679, 26.32212041 ], [ 88.94419034, 26.31963182 ], [ 88.94355281, 26.31487092 ], [ 88.9483273, 26.31375865 ], [ 88.95659379, 26.31806825 ], [ 88.95987545, 26.30856618 ], [ 88.97211152, 26.29930541 ], [ 88.97155086, 26.29600563 ], [ 88.98984177, 26.29840523 ], [ 88.98637953, 26.28511972 ], [ 88.96969367, 26.2778438 ], [ 88.95338977, 26.28210731 ], [ 88.94710978, 26.29135735 ], [ 88.93306598, 26.29630929 ], [ 88.93454791, 26.3112481 ], [ 88.92723921, 26.32524712 ] ] ], [ [ [ 92.8988773, 12.91646996 ], [ 92.90115053, 12.92328933 ], [ 92.89789272, 12.92744631 ], [ 92.89488189, 12.91695849 ], [ 92.8987862, 12.90958764 ], [ 92.89604904, 12.89861854 ], [ 92.88622127, 12.89359984 ], [ 92.87313108, 12.89325202 ], [ 92.87098808, 12.88979137 ], [ 92.87559372, 12.88495742 ], [ 92.87439039, 12.88159692 ], [ 92.8587553, 12.87782012 ], [ 92.84180608, 12.87556127 ], [ 92.84014383, 12.87742995 ], [ 92.84174922, 12.89152026 ], [ 92.83101377, 12.88468761 ], [ 92.82717951, 12.88705476 ], [ 92.82375297, 12.89587308 ], [ 92.80295447, 12.89723802 ], [ 92.79112307, 12.88919135 ], [ 92.79433124, 12.88334323 ], [ 92.79377807, 12.86294525 ], [ 92.78534555, 12.86238562 ], [ 92.78184727, 12.85859965 ], [ 92.77815796, 12.86424563 ], [ 92.77410352, 12.86096934 ], [ 92.77049334, 12.86363615 ], [ 92.77014103, 12.84587721 ], [ 92.76322239, 12.85243646 ], [ 92.76011494, 12.85940457 ], [ 92.75796632, 12.84714019 ], [ 92.75351333, 12.84817517 ], [ 92.75379646, 12.84547227 ], [ 92.74412637, 12.83939263 ], [ 92.74337821, 12.82421508 ], [ 92.74011173, 12.83659768 ], [ 92.7383545, 12.81060782 ], [ 92.73175416, 12.8353257 ], [ 92.72350447, 12.8268552 ], [ 92.72028695, 12.80563461 ], [ 92.72373203, 12.79579923 ], [ 92.72087867, 12.7880992 ], [ 92.73149381, 12.75396006 ], [ 92.73058017, 12.74357878 ], [ 92.73461383, 12.73878536 ], [ 92.73860207, 12.73926982 ], [ 92.73785115, 12.73317309 ], [ 92.74602338, 12.72276888 ], [ 92.74106627, 12.72122706 ], [ 92.7394841, 12.71451579 ], [ 92.74316598, 12.69946922 ], [ 92.7299102, 12.69781175 ], [ 92.72770056, 12.69286988 ], [ 92.73621653, 12.6835222 ], [ 92.73280158, 12.67435559 ], [ 92.74491024, 12.6716547 ], [ 92.75284513, 12.67514296 ], [ 92.76762572, 12.6715266 ], [ 92.78567646, 12.69816296 ], [ 92.78908105, 12.67505272 ], [ 92.78057912, 12.65334884 ], [ 92.78135186, 12.63527978 ], [ 92.77736955, 12.63867798 ], [ 92.77913838, 12.65739062 ], [ 92.77485339, 12.66975393 ], [ 92.76279111, 12.66779995 ], [ 92.75219872, 12.67117704 ], [ 92.75127295, 12.66573549 ], [ 92.7436481, 12.66784083 ], [ 92.74151232, 12.66114706 ], [ 92.73430699, 12.65676449 ], [ 92.7325717, 12.65316012 ], [ 92.73619393, 12.63987585 ], [ 92.72815943, 12.63588711 ], [ 92.7240969, 12.62589336 ], [ 92.71963941, 12.64365971 ], [ 92.71490693, 12.6432927 ], [ 92.71014657, 12.61592463 ], [ 92.70393147, 12.60680077 ], [ 92.70233199, 12.61305456 ], [ 92.69272255, 12.6075438 ], [ 92.6864671, 12.61427297 ], [ 92.68455465, 12.60888021 ], [ 92.68610403, 12.60193689 ], [ 92.70072103, 12.6002562 ], [ 92.70751831, 12.59518781 ], [ 92.70384011, 12.58854017 ], [ 92.7069402, 12.58571164 ], [ 92.70500463, 12.5788377 ], [ 92.70893627, 12.57616406 ], [ 92.70479648, 12.56657851 ], [ 92.70861305, 12.55667706 ], [ 92.70045086, 12.54386537 ], [ 92.69991577, 12.52649766 ], [ 92.69419464, 12.5154019 ], [ 92.70116921, 12.51150872 ], [ 92.70140039, 12.5005018 ], [ 92.70877103, 12.49339125 ], [ 92.70563301, 12.4870207 ], [ 92.70401192, 12.48979502 ], [ 92.70025023, 12.46931252 ], [ 92.69743385, 12.46875126 ], [ 92.69800739, 12.46486379 ], [ 92.70067135, 12.46534538 ], [ 92.70076898, 12.45733022 ], [ 92.70407957, 12.45749565 ], [ 92.70682637, 12.45130158 ], [ 92.70418852, 12.44753901 ], [ 92.70255822, 12.45130248 ], [ 92.70126985, 12.44955395 ], [ 92.70202174, 12.43757209 ], [ 92.69744391, 12.42581749 ], [ 92.69819141, 12.37756793 ], [ 92.70279102, 12.37852955 ], [ 92.7058715, 12.37106887 ], [ 92.69958592, 12.36701581 ], [ 92.69890102, 12.32782018 ], [ 92.70175029, 12.32586174 ], [ 92.70517629, 12.33074916 ], [ 92.70838346, 12.32886561 ], [ 92.70611239, 12.32414437 ], [ 92.70983339, 12.31028343 ], [ 92.71511804, 12.31261017 ], [ 92.71955812, 12.30038533 ], [ 92.7345907, 12.30324898 ], [ 92.75483722, 12.29600756 ], [ 92.76371484, 12.31280314 ], [ 92.76534438, 12.30236025 ], [ 92.77145556, 12.3196355 ], [ 92.77941424, 12.31330018 ], [ 92.79098885, 12.31184428 ], [ 92.7948773, 12.30605237 ], [ 92.80204578, 12.31289392 ], [ 92.80976745, 12.31492619 ], [ 92.83211401, 12.30253556 ], [ 92.83826919, 12.30689171 ], [ 92.84809076, 12.30822354 ], [ 92.8530875, 12.31368108 ], [ 92.86860148, 12.31396002 ], [ 92.87277321, 12.31829704 ], [ 92.87797072, 12.31375976 ], [ 92.88527502, 12.32360984 ], [ 92.8951762, 12.32020411 ], [ 92.8983168, 12.32590516 ], [ 92.88791149, 12.32570618 ], [ 92.88752403, 12.33195026 ], [ 92.87409751, 12.32906714 ], [ 92.86783081, 12.33156115 ], [ 92.87342663, 12.32979069 ], [ 92.88373761, 12.33319656 ], [ 92.8790814, 12.33368423 ], [ 92.88161117, 12.34491695 ], [ 92.88767439, 12.34439819 ], [ 92.8935808, 12.33597576 ], [ 92.89612559, 12.33650597 ], [ 92.89034639, 12.34993405 ], [ 92.8858565, 12.35104773 ], [ 92.88387318, 12.35614929 ], [ 92.87841555, 12.35783933 ], [ 92.87319263, 12.35290754 ], [ 92.86902652, 12.36166123 ], [ 92.85870666, 12.36362242 ], [ 92.85705986, 12.36727531 ], [ 92.86010225, 12.37123133 ], [ 92.85096404, 12.37948213 ], [ 92.84553521, 12.3900791 ], [ 92.83594288, 12.39724343 ], [ 92.84105907, 12.40331034 ], [ 92.84058357, 12.40745883 ], [ 92.82654306, 12.40934722 ], [ 92.83458192, 12.41044635 ], [ 92.83279501, 12.41752358 ], [ 92.82826976, 12.41893258 ], [ 92.82869375, 12.426112 ], [ 92.83086907, 12.42766309 ], [ 92.81062187, 12.43378891 ], [ 92.80760036, 12.43734043 ], [ 92.83753645, 12.43002011 ], [ 92.84628768, 12.4235373 ], [ 92.85791453, 12.42299456 ], [ 92.86486084, 12.42654878 ], [ 92.87521652, 12.41340341 ], [ 92.88608976, 12.42441694 ], [ 92.89565052, 12.41560428 ], [ 92.89930134, 12.41639936 ], [ 92.89014951, 12.43227602 ], [ 92.87643865, 12.44271257 ], [ 92.87309978, 12.4408643 ], [ 92.86625886, 12.44464166 ], [ 92.8539806, 12.45430542 ], [ 92.85618842, 12.4567784 ], [ 92.8691049, 12.44606168 ], [ 92.87721264, 12.44679744 ], [ 92.89230518, 12.43644478 ], [ 92.90992555, 12.42049804 ], [ 92.90695289, 12.40669468 ], [ 92.91479295, 12.40630931 ], [ 92.92073138, 12.42620656 ], [ 92.91912514, 12.42963837 ], [ 92.9238693, 12.4354638 ], [ 92.91511349, 12.44381742 ], [ 92.92352524, 12.44267514 ], [ 92.93189406, 12.44920533 ], [ 92.94114206, 12.4493807 ], [ 92.94589091, 12.45735524 ], [ 92.94340687, 12.46107357 ], [ 92.95720606, 12.46708221 ], [ 92.95867378, 12.47311006 ], [ 92.95099624, 12.47616419 ], [ 92.94536986, 12.47312831 ], [ 92.94342808, 12.46758483 ], [ 92.92275989, 12.46516564 ], [ 92.93478511, 12.46919744 ], [ 92.93031489, 12.48005919 ], [ 92.94096573, 12.48507701 ], [ 92.94657899, 12.49953979 ], [ 92.95919452, 12.48694138 ], [ 92.96358384, 12.48773641 ], [ 92.96375991, 12.49305593 ], [ 92.96823209, 12.49702767 ], [ 92.96561555, 12.51013534 ], [ 92.97362788, 12.5295398 ], [ 92.97552318, 12.54294007 ], [ 92.95708868, 12.59334903 ], [ 92.95861814, 12.61948071 ], [ 92.94877455, 12.62880544 ], [ 92.9575168, 12.62530687 ], [ 92.95723475, 12.64183044 ], [ 92.96487679, 12.67562578 ], [ 92.96314741, 12.68461286 ], [ 92.96580389, 12.69348209 ], [ 92.96232987, 12.6958493 ], [ 92.96468469, 12.70459472 ], [ 92.97239907, 12.71240728 ], [ 92.97647872, 12.70841054 ], [ 92.9800994, 12.71014306 ], [ 92.97694646, 12.71799361 ], [ 92.96781248, 12.71971286 ], [ 92.96506576, 12.72380968 ], [ 92.96412793, 12.7300571 ], [ 92.96854479, 12.74003955 ], [ 92.96202049, 12.74714536 ], [ 92.96200992, 12.7533071 ], [ 92.95192825, 12.757294 ], [ 92.94907056, 12.76186897 ], [ 92.94974018, 12.77034712 ], [ 92.93907562, 12.76685247 ], [ 92.93390895, 12.77366277 ], [ 92.93382388, 12.78136819 ], [ 92.94885827, 12.792623 ], [ 92.95389911, 12.80739763 ], [ 92.94409871, 12.82578075 ], [ 92.94795007, 12.83678046 ], [ 92.94032404, 12.8366481 ], [ 92.93849811, 12.84783372 ], [ 92.94141701, 12.85537388 ], [ 92.93621658, 12.85414933 ], [ 92.92929841, 12.85916365 ], [ 92.92815751, 12.88397355 ], [ 92.91972741, 12.88804629 ], [ 92.90947274, 12.88291238 ], [ 92.90445767, 12.8862484 ], [ 92.90984839, 12.89606837 ], [ 92.90936897, 12.90308167 ], [ 92.92214513, 12.91304262 ], [ 92.9113082, 12.90878094 ], [ 92.90613036, 12.914899 ], [ 92.8988773, 12.91646996 ] ] ], [ [ [ 93.0445996, 13.52879148 ], [ 93.02684368, 13.57908394 ], [ 93.02300026, 13.57154689 ], [ 93.01991763, 13.57388785 ], [ 93.01632694, 13.57070367 ], [ 93.01489711, 13.54383729 ], [ 93.00955755, 13.54246734 ], [ 93.00216498, 13.56074929 ], [ 92.99458779, 13.56421231 ], [ 92.99310559, 13.57103509 ], [ 92.98820003, 13.57333075 ], [ 92.98531041, 13.55496059 ], [ 92.98088811, 13.55308406 ], [ 92.99194667, 13.53679536 ], [ 92.99001999, 13.52723403 ], [ 92.97521956, 13.52749648 ], [ 92.97389257, 13.53603516 ], [ 92.96742084, 13.53909584 ], [ 92.96835928, 13.54135697 ], [ 92.95415435, 13.54361681 ], [ 92.94714758, 13.53717409 ], [ 92.93156106, 13.53918253 ], [ 92.91494828, 13.53385739 ], [ 92.91407709, 13.52983964 ], [ 92.91662792, 13.52976506 ], [ 92.91405355, 13.52605543 ], [ 92.917316, 13.52216178 ], [ 92.92763891, 13.52159034 ], [ 92.92748868, 13.51476585 ], [ 92.92286865, 13.51265408 ], [ 92.92973764, 13.50186106 ], [ 92.92164079, 13.49407779 ], [ 92.91892173, 13.50083353 ], [ 92.90452755, 13.49733048 ], [ 92.90417358, 13.48485128 ], [ 92.89881952, 13.4765767 ], [ 92.88710673, 13.47804874 ], [ 92.87661369, 13.47545279 ], [ 92.87619585, 13.47082465 ], [ 92.87205009, 13.47201433 ], [ 92.8711051, 13.46483766 ], [ 92.87621199, 13.46042576 ], [ 92.87431921, 13.44778825 ], [ 92.87611108, 13.44455569 ], [ 92.88080411, 13.44514611 ], [ 92.88389551, 13.42955871 ], [ 92.87724908, 13.42756499 ], [ 92.875101, 13.42326741 ], [ 92.87011878, 13.42489779 ], [ 92.86861788, 13.41670635 ], [ 92.87336166, 13.41460769 ], [ 92.87423634, 13.41035314 ], [ 92.87234964, 13.41253694 ], [ 92.86958554, 13.40933756 ], [ 92.86808253, 13.40254997 ], [ 92.86461874, 13.40145282 ], [ 92.85940763, 13.40845294 ], [ 92.84914158, 13.41161768 ], [ 92.84532635, 13.40918284 ], [ 92.84219564, 13.39954579 ], [ 92.84360021, 13.39334769 ], [ 92.85133207, 13.39066928 ], [ 92.85234511, 13.38743161 ], [ 92.85947841, 13.3855796 ], [ 92.86630423, 13.39043776 ], [ 92.86676635, 13.38157659 ], [ 92.8545838, 13.37817979 ], [ 92.85159598, 13.36944485 ], [ 92.84479523, 13.37693592 ], [ 92.83971153, 13.37544141 ], [ 92.83358962, 13.35289858 ], [ 92.83633996, 13.34714313 ], [ 92.83468349, 13.33765899 ], [ 92.826714, 13.32770732 ], [ 92.82724804, 13.31960123 ], [ 92.83155633, 13.31510431 ], [ 92.82167919, 13.31055454 ], [ 92.83375372, 13.30498839 ], [ 92.83915639, 13.30651804 ], [ 92.84182363, 13.30090687 ], [ 92.83547326, 13.29478393 ], [ 92.83874063, 13.28741893 ], [ 92.83417003, 13.28447845 ], [ 92.82404717, 13.28844766 ], [ 92.82570026, 13.28227926 ], [ 92.82203292, 13.27914367 ], [ 92.82785007, 13.26889517 ], [ 92.8344546, 13.26914438 ], [ 92.83857203, 13.25999136 ], [ 92.85126709, 13.262623 ], [ 92.85477722, 13.25613518 ], [ 92.84989888, 13.2420645 ], [ 92.85387072, 13.23631606 ], [ 92.85045936, 13.2394094 ], [ 92.84370609, 13.23579126 ], [ 92.83710519, 13.24344022 ], [ 92.83185754, 13.24285281 ], [ 92.82773106, 13.23712546 ], [ 92.82594635, 13.22397883 ], [ 92.82935377, 13.22323534 ], [ 92.82383839, 13.21696082 ], [ 92.83246237, 13.21425096 ], [ 92.82056413, 13.20122377 ], [ 92.81866393, 13.19481899 ], [ 92.82316905, 13.19509105 ], [ 92.82447211, 13.19147877 ], [ 92.81896033, 13.18433176 ], [ 92.83535192, 13.17358317 ], [ 92.83373409, 13.17048337 ], [ 92.82783924, 13.17416525 ], [ 92.81800881, 13.17207177 ], [ 92.81529358, 13.17479127 ], [ 92.81606712, 13.16965086 ], [ 92.80966841, 13.15295493 ], [ 92.81404644, 13.15296239 ], [ 92.82180688, 13.14606306 ], [ 92.83086599, 13.14913323 ], [ 92.83358782, 13.14475441 ], [ 92.84286189, 13.14653993 ], [ 92.84775411, 13.14055052 ], [ 92.83940392, 13.13655741 ], [ 92.84027682, 13.13397091 ], [ 92.84378376, 13.13530447 ], [ 92.84244205, 13.12723219 ], [ 92.83507103, 13.13052339 ], [ 92.83535697, 13.12575667 ], [ 92.83139873, 13.12432011 ], [ 92.82995504, 13.13230646 ], [ 92.82586669, 13.12897607 ], [ 92.82388835, 13.13380323 ], [ 92.81892058, 13.12753438 ], [ 92.80975001, 13.12666758 ], [ 92.81591906, 13.11550926 ], [ 92.82547308, 13.11539578 ], [ 92.82065672, 13.10809402 ], [ 92.82214816, 13.10291212 ], [ 92.81962387, 13.10271219 ], [ 92.82231084, 13.09573615 ], [ 92.8132295, 13.10402944 ], [ 92.80747078, 13.09952486 ], [ 92.80509684, 13.08697876 ], [ 92.80934074, 13.08331965 ], [ 92.80690341, 13.07953186 ], [ 92.812026, 13.08004285 ], [ 92.80998699, 13.07417982 ], [ 92.80289425, 13.07718113 ], [ 92.79975488, 13.08251994 ], [ 92.80210743, 13.08780197 ], [ 92.79692792, 13.08980196 ], [ 92.79796403, 13.07403804 ], [ 92.79306069, 13.05822963 ], [ 92.79670834, 13.05108829 ], [ 92.79426651, 13.04464528 ], [ 92.79649742, 13.04018847 ], [ 92.79240968, 13.0344947 ], [ 92.79522602, 13.03057584 ], [ 92.79350246, 13.02567733 ], [ 92.78781817, 13.01964016 ], [ 92.79213864, 13.01188411 ], [ 92.79967817, 13.00975206 ], [ 92.80589592, 13.01255499 ], [ 92.80635129, 13.00656271 ], [ 92.81145079, 13.00953386 ], [ 92.81530943, 13.00722485 ], [ 92.81676006, 13.01175612 ], [ 92.82543882, 13.01347304 ], [ 92.81671048, 12.99866947 ], [ 92.80848492, 12.99788322 ], [ 92.80856147, 12.99386527 ], [ 92.81860293, 12.99030176 ], [ 92.81847118, 12.9861522 ], [ 92.80594125, 12.98327078 ], [ 92.80009273, 12.99167145 ], [ 92.79485739, 12.98730374 ], [ 92.79327449, 12.97943507 ], [ 92.79840872, 12.9701774 ], [ 92.79705237, 12.96402276 ], [ 92.79397506, 12.9675747 ], [ 92.79218786, 12.96605092 ], [ 92.7925254, 12.95232873 ], [ 92.80103771, 12.94880217 ], [ 92.79906969, 12.94273759 ], [ 92.80172736, 12.94000713 ], [ 92.7994734, 12.93058185 ], [ 92.79377905, 12.93115084 ], [ 92.79441862, 12.91403393 ], [ 92.80245889, 12.89933466 ], [ 92.8246332, 12.89660476 ], [ 92.82962817, 12.88646538 ], [ 92.84221083, 12.8922208 ], [ 92.84203464, 12.87652008 ], [ 92.87346591, 12.88347256 ], [ 92.86956239, 12.8901186 ], [ 92.87576736, 12.90864903 ], [ 92.86858, 12.90795753 ], [ 92.86605032, 12.9014359 ], [ 92.85836754, 12.90334984 ], [ 92.85656388, 12.91001004 ], [ 92.85955894, 12.91238036 ], [ 92.85315423, 12.91513675 ], [ 92.85457267, 12.92895924 ], [ 92.8579178, 12.93152061 ], [ 92.85450296, 12.93976965 ], [ 92.85916585, 12.93490319 ], [ 92.86867857, 12.93435747 ], [ 92.87707896, 12.94433612 ], [ 92.87187752, 12.95021194 ], [ 92.87741664, 12.95807896 ], [ 92.87503367, 12.96501257 ], [ 92.88138524, 12.96866578 ], [ 92.87873723, 12.97318426 ], [ 92.88307329, 12.97762483 ], [ 92.88125989, 12.98217821 ], [ 92.88749841, 12.98250452 ], [ 92.89697119, 12.99564522 ], [ 92.89970399, 12.99446348 ], [ 92.89819272, 12.9866463 ], [ 92.90733394, 12.98591212 ], [ 92.9058208, 12.97431912 ], [ 92.90995534, 12.96268963 ], [ 92.90804594, 12.95127172 ], [ 92.91252846, 12.94679921 ], [ 92.91859873, 12.96015426 ], [ 92.9219095, 12.96165123 ], [ 92.9276444, 12.95797033 ], [ 92.93162206, 12.96311217 ], [ 92.93006438, 12.96643816 ], [ 92.93492901, 12.96686264 ], [ 92.93850784, 12.97172212 ], [ 92.93737464, 12.98103257 ], [ 92.93061522, 12.98032187 ], [ 92.93327904, 12.98917766 ], [ 92.91865333, 12.98654147 ], [ 92.91518642, 13.00111359 ], [ 92.91169823, 12.9980357 ], [ 92.9083823, 13.0000071 ], [ 92.90558247, 13.01730206 ], [ 92.90154588, 13.02208233 ], [ 92.90947507, 13.03354802 ], [ 92.91614464, 13.05454746 ], [ 92.89818123, 13.05825558 ], [ 92.88772115, 13.04493793 ], [ 92.89732909, 13.05913252 ], [ 92.91103018, 13.06125828 ], [ 92.91312255, 13.07048108 ], [ 92.90424173, 13.07990892 ], [ 92.91333869, 13.07623292 ], [ 92.92353126, 13.05657652 ], [ 92.92609343, 13.06189439 ], [ 92.93512366, 13.0618156 ], [ 92.93616648, 13.08715013 ], [ 92.93847256, 13.06976649 ], [ 92.94336098, 13.0643281 ], [ 92.94113061, 13.0571689 ], [ 92.9441459, 13.05493717 ], [ 92.93589737, 13.05202569 ], [ 92.93470002, 13.04271633 ], [ 92.94092594, 13.03509421 ], [ 92.95119565, 13.02934477 ], [ 92.95488027, 13.01859218 ], [ 92.97160092, 13.01319704 ], [ 92.97583994, 13.01501493 ], [ 92.9692067, 13.01662656 ], [ 92.96525687, 13.03654516 ], [ 92.97072866, 13.02977063 ], [ 92.98097573, 13.02793985 ], [ 92.98243071, 13.02459297 ], [ 92.99011201, 13.02686095 ], [ 92.99036247, 13.03230234 ], [ 92.9954819, 13.03540468 ], [ 93.0029165, 13.02863138 ], [ 93.00786307, 13.03399348 ], [ 93.01228935, 13.04797712 ], [ 93.01962974, 13.05066248 ], [ 93.02662101, 13.06196944 ], [ 93.02960399, 13.06825023 ], [ 93.02592908, 13.07176288 ], [ 93.02677839, 13.07686991 ], [ 93.03462954, 13.08256884 ], [ 93.03040604, 13.12676392 ], [ 93.03705665, 13.13991189 ], [ 93.03345267, 13.15882718 ], [ 93.03668822, 13.17088401 ], [ 93.03181212, 13.17866486 ], [ 93.03658095, 13.19608035 ], [ 93.04511251, 13.21023413 ], [ 93.0421116, 13.22270434 ], [ 93.05560374, 13.2325926 ], [ 93.05669572, 13.25645043 ], [ 93.06421007, 13.26390609 ], [ 93.06565653, 13.272278 ], [ 93.0450154, 13.25878515 ], [ 93.04028127, 13.27034077 ], [ 93.04702143, 13.27803973 ], [ 93.04633459, 13.28180606 ], [ 93.03275134, 13.27568412 ], [ 93.02582284, 13.28237479 ], [ 93.01984592, 13.27650987 ], [ 93.01181222, 13.27683731 ], [ 93.01026841, 13.28244432 ], [ 93.01665171, 13.2893975 ], [ 93.01076725, 13.29667519 ], [ 93.01939379, 13.29266171 ], [ 93.02240765, 13.29411897 ], [ 93.02132381, 13.29812902 ], [ 93.01880136, 13.29659892 ], [ 93.01187466, 13.3004431 ], [ 93.01383738, 13.30362584 ], [ 93.01118246, 13.30906439 ], [ 93.0063964, 13.30864131 ], [ 93.00903388, 13.32094891 ], [ 93.00129097, 13.31385055 ], [ 92.99581929, 13.30014592 ], [ 92.98759075, 13.29977359 ], [ 92.99604053, 13.29161882 ], [ 92.99189872, 13.29249858 ], [ 92.98594586, 13.29893995 ], [ 92.98769547, 13.30112559 ], [ 92.99491584, 13.30102894 ], [ 92.99833731, 13.31476211 ], [ 92.9862415, 13.3170364 ], [ 92.97748919, 13.32426533 ], [ 92.96390081, 13.32444935 ], [ 92.96201315, 13.3280988 ], [ 92.95938228, 13.32581059 ], [ 92.95286147, 13.33252475 ], [ 92.95012545, 13.34353645 ], [ 92.95072055, 13.3462158 ], [ 92.95517844, 13.34443637 ], [ 92.96019585, 13.35761103 ], [ 92.97054231, 13.36042289 ], [ 92.9713328, 13.34834456 ], [ 92.97572119, 13.35042592 ], [ 92.97962684, 13.33528257 ], [ 92.98709452, 13.32914577 ], [ 92.98927892, 13.34215671 ], [ 93.00302981, 13.35405699 ], [ 93.03220863, 13.34530394 ], [ 93.03474289, 13.35048293 ], [ 93.0409841, 13.35221376 ], [ 93.04029983, 13.35760631 ], [ 93.03480277, 13.36155319 ], [ 93.04170096, 13.36769445 ], [ 93.03921077, 13.36108893 ], [ 93.04612291, 13.34597565 ], [ 93.04119543, 13.33800447 ], [ 93.040074, 13.3221139 ], [ 93.04843421, 13.32169548 ], [ 93.05552012, 13.32913775 ], [ 93.0606041, 13.32877283 ], [ 93.06059249, 13.31727334 ], [ 93.06522151, 13.30427775 ], [ 93.07008751, 13.30740427 ], [ 93.07513208, 13.32861888 ], [ 93.09004733, 13.33601214 ], [ 93.08775908, 13.34355009 ], [ 93.07841518, 13.34120413 ], [ 93.07835706, 13.34832752 ], [ 93.07102966, 13.34764651 ], [ 93.06175452, 13.36189227 ], [ 93.05551004, 13.38213272 ], [ 93.04897124, 13.37383581 ], [ 93.02549908, 13.37298415 ], [ 93.04471936, 13.37783607 ], [ 93.04849242, 13.37487535 ], [ 93.05198421, 13.39160112 ], [ 93.05442847, 13.38959477 ], [ 93.05651401, 13.39386474 ], [ 93.06328264, 13.39202577 ], [ 93.06881571, 13.39694338 ], [ 93.07040214, 13.40626473 ], [ 93.06454301, 13.40466907 ], [ 93.05993084, 13.39805272 ], [ 93.06170845, 13.42115738 ], [ 93.04696187, 13.40514608 ], [ 93.0424705, 13.41559026 ], [ 93.0364753, 13.41708975 ], [ 93.04096572, 13.42781297 ], [ 93.03402998, 13.42561308 ], [ 93.01624098, 13.43250405 ], [ 93.03249494, 13.43302556 ], [ 93.03450242, 13.4357844 ], [ 93.03285889, 13.45654241 ], [ 93.02874916, 13.46147756 ], [ 93.01600261, 13.46464689 ], [ 93.02369742, 13.46803663 ], [ 93.03322251, 13.46570524 ], [ 93.03771169, 13.48076169 ], [ 93.03476028, 13.48380089 ], [ 93.03958917, 13.48651531 ], [ 93.03952889, 13.49877954 ], [ 93.04315026, 13.50459301 ], [ 93.0445996, 13.52879148 ] ] ], [ [ [ 92.69951169, 12.23939227 ], [ 92.68812489, 12.23312077 ], [ 92.68481065, 12.20841008 ], [ 92.68382266, 12.21350218 ], [ 92.68028058, 12.21438398 ], [ 92.67887046, 12.20457618 ], [ 92.67708978, 12.20368337 ], [ 92.67786515, 12.21674993 ], [ 92.67409576, 12.21822391 ], [ 92.65734014, 12.18815634 ], [ 92.6589196, 12.18468927 ], [ 92.65479395, 12.18163075 ], [ 92.66588727, 12.2173669 ], [ 92.66157225, 12.21575238 ], [ 92.64428911, 12.17663541 ], [ 92.63140505, 12.12358995 ], [ 92.63571806, 12.11957801 ], [ 92.63022496, 12.1188556 ], [ 92.63205582, 12.11346546 ], [ 92.62951396, 12.11647287 ], [ 92.62258414, 12.09610663 ], [ 92.61912947, 12.06641369 ], [ 92.62478563, 12.06214597 ], [ 92.6216841, 12.05064929 ], [ 92.6271148, 12.04472888 ], [ 92.62005155, 12.04147015 ], [ 92.6219648, 12.02834636 ], [ 92.61625133, 12.02480394 ], [ 92.61498709, 12.01054236 ], [ 92.61209242, 12.00909937 ], [ 92.61288507, 11.99640992 ], [ 92.61730698, 11.99187131 ], [ 92.61198354, 11.98333858 ], [ 92.6129942, 11.95884088 ], [ 92.60895993, 11.95705347 ], [ 92.6081771, 11.9486298 ], [ 92.61123184, 11.94021487 ], [ 92.60575261, 11.92377846 ], [ 92.60581535, 11.91844391 ], [ 92.60930058, 11.91882232 ], [ 92.6120939, 11.91477824 ], [ 92.61076609, 11.87120848 ], [ 92.60328045, 11.86612842 ], [ 92.6062836, 11.85793562 ], [ 92.60039635, 11.86631199 ], [ 92.60212966, 11.89682502 ], [ 92.59414787, 11.8997456 ], [ 92.59227178, 11.88731833 ], [ 92.58728183, 11.88715847 ], [ 92.58041869, 11.92488014 ], [ 92.57180561, 11.92910749 ], [ 92.56250603, 11.94686707 ], [ 92.55779861, 11.94039715 ], [ 92.56071765, 11.93661739 ], [ 92.55546136, 11.92580347 ], [ 92.54312649, 11.92399456 ], [ 92.54126607, 11.91721818 ], [ 92.53439488, 11.91264467 ], [ 92.53779345, 11.9044867 ], [ 92.53559741, 11.90033199 ], [ 92.52627927, 11.89622495 ], [ 92.52507449, 11.87134754 ], [ 92.51360064, 11.84869516 ], [ 92.51882628, 11.84148733 ], [ 92.51772732, 11.83376396 ], [ 92.52150649, 11.82680903 ], [ 92.5273172, 11.82902196 ], [ 92.5363544, 11.83909979 ], [ 92.54166012, 11.83602571 ], [ 92.54228625, 11.82848239 ], [ 92.54668722, 11.83547655 ], [ 92.54050216, 11.82030923 ], [ 92.54902808, 11.81710738 ], [ 92.55416509, 11.79322509 ], [ 92.55232581, 11.78449615 ], [ 92.556095, 11.77339142 ], [ 92.55927244, 11.773288 ], [ 92.55171836, 11.75700618 ], [ 92.55418099, 11.74202687 ], [ 92.5520187, 11.71981218 ], [ 92.56215726, 11.69401517 ], [ 92.56554421, 11.69241174 ], [ 92.57282025, 11.69907891 ], [ 92.57521623, 11.71663976 ], [ 92.58669319, 11.71389305 ], [ 92.58897949, 11.72466045 ], [ 92.58813337, 11.71687865 ], [ 92.59752839, 11.7101762 ], [ 92.5928833, 11.70329338 ], [ 92.59970422, 11.69083829 ], [ 92.59778198, 11.67743971 ], [ 92.59121699, 11.66874326 ], [ 92.60118702, 11.65644778 ], [ 92.59939621, 11.65075701 ], [ 92.60615947, 11.64336278 ], [ 92.60794713, 11.63408645 ], [ 92.61245311, 11.63574505 ], [ 92.62588586, 11.62851318 ], [ 92.63189821, 11.62876694 ], [ 92.63164029, 11.65195803 ], [ 92.63802374, 11.64602557 ], [ 92.63466534, 11.63507092 ], [ 92.6376169, 11.63442888 ], [ 92.64241643, 11.63945896 ], [ 92.64454571, 11.63674046 ], [ 92.64427073, 11.62486617 ], [ 92.63575992, 11.61577155 ], [ 92.63002465, 11.6177969 ], [ 92.62771304, 11.62647953 ], [ 92.62478187, 11.61800787 ], [ 92.61800916, 11.62175342 ], [ 92.60861602, 11.62097322 ], [ 92.60565599, 11.60898184 ], [ 92.60896154, 11.60132411 ], [ 92.60717419, 11.59418483 ], [ 92.61095211, 11.59350783 ], [ 92.61918502, 11.58344902 ], [ 92.62025782, 11.5741895 ], [ 92.61763482, 11.5626435 ], [ 92.62096247, 11.56150227 ], [ 92.62875379, 11.57220728 ], [ 92.63185417, 11.57193606 ], [ 92.63306827, 11.58032822 ], [ 92.64705139, 11.57246823 ], [ 92.64230493, 11.56071422 ], [ 92.65089856, 11.55151283 ], [ 92.6440933, 11.54149023 ], [ 92.64599118, 11.52361867 ], [ 92.66669295, 11.50421078 ], [ 92.67461743, 11.50500455 ], [ 92.67858539, 11.51188476 ], [ 92.68521537, 11.5120459 ], [ 92.69356665, 11.50607872 ], [ 92.69963118, 11.50720168 ], [ 92.70484875, 11.49276109 ], [ 92.70971113, 11.49077117 ], [ 92.70694454, 11.48550491 ], [ 92.71172234, 11.47763638 ], [ 92.71195617, 11.48860368 ], [ 92.71703952, 11.49447032 ], [ 92.7177012, 11.50284604 ], [ 92.72744546, 11.51659949 ], [ 92.72350782, 11.52989704 ], [ 92.73496406, 11.55287674 ], [ 92.7301548, 11.55961491 ], [ 92.7396174, 11.57052186 ], [ 92.73793318, 11.580069 ], [ 92.74149963, 11.57844526 ], [ 92.74482747, 11.58908455 ], [ 92.74099004, 11.5928912 ], [ 92.7489338, 11.60126517 ], [ 92.75393284, 11.61359394 ], [ 92.75207288, 11.63471096 ], [ 92.74611093, 11.64086137 ], [ 92.74783055, 11.64468675 ], [ 92.75265049, 11.64457538 ], [ 92.75703178, 11.64909296 ], [ 92.75787435, 11.65646447 ], [ 92.75448708, 11.65770533 ], [ 92.75685403, 11.6649065 ], [ 92.74835351, 11.66895202 ], [ 92.74808441, 11.67690456 ], [ 92.737115, 11.67809832 ], [ 92.73441671, 11.67311314 ], [ 92.73140826, 11.67382915 ], [ 92.73093577, 11.68014056 ], [ 92.72413995, 11.68267679 ], [ 92.72652961, 11.68885925 ], [ 92.72236159, 11.68954828 ], [ 92.72356149, 11.68456381 ], [ 92.72158555, 11.68679685 ], [ 92.71572331, 11.67857265 ], [ 92.71852876, 11.67051118 ], [ 92.71638139, 11.66515385 ], [ 92.72929549, 11.66202419 ], [ 92.73008165, 11.65934893 ], [ 92.72053262, 11.65350149 ], [ 92.7106768, 11.65263985 ], [ 92.71158635, 11.64391486 ], [ 92.7074576, 11.64387045 ], [ 92.70200763, 11.65480319 ], [ 92.69471724, 11.6534895 ], [ 92.70034629, 11.64730363 ], [ 92.70088494, 11.64153073 ], [ 92.69296299, 11.63779277 ], [ 92.69559869, 11.62162783 ], [ 92.6896313, 11.62982964 ], [ 92.6905843, 11.6368715 ], [ 92.68771185, 11.6410459 ], [ 92.68602387, 11.62960261 ], [ 92.68210113, 11.63813823 ], [ 92.68066719, 11.62992208 ], [ 92.67450169, 11.62469573 ], [ 92.67452927, 11.63031322 ], [ 92.66824813, 11.63512853 ], [ 92.66525638, 11.6535778 ], [ 92.68345131, 11.65101087 ], [ 92.68693811, 11.65585771 ], [ 92.68388067, 11.65940837 ], [ 92.68646004, 11.66387185 ], [ 92.6922023, 11.66485129 ], [ 92.6934214, 11.66910698 ], [ 92.69811273, 11.66601361 ], [ 92.70930299, 11.6705673 ], [ 92.70115333, 11.67464212 ], [ 92.70422832, 11.68321228 ], [ 92.70154233, 11.69277873 ], [ 92.70732124, 11.69966313 ], [ 92.69582298, 11.70076864 ], [ 92.70561325, 11.70268489 ], [ 92.70183607, 11.70787518 ], [ 92.70854245, 11.70302044 ], [ 92.71173056, 11.69517241 ], [ 92.71438372, 11.70430441 ], [ 92.71808002, 11.70623469 ], [ 92.72205728, 11.69798565 ], [ 92.72831304, 11.69505459 ], [ 92.7319435, 11.69865488 ], [ 92.73934266, 11.69067443 ], [ 92.74528305, 11.69222495 ], [ 92.74290077, 11.71334082 ], [ 92.74624753, 11.71433673 ], [ 92.75542191, 11.70217017 ], [ 92.75778306, 11.70819676 ], [ 92.75475159, 11.71820159 ], [ 92.76107758, 11.74574142 ], [ 92.76582407, 11.7521119 ], [ 92.76460853, 11.76701122 ], [ 92.76888693, 11.77372093 ], [ 92.76696603, 11.77932142 ], [ 92.77128745, 11.78973001 ], [ 92.76928839, 11.79965415 ], [ 92.77835092, 11.8294861 ], [ 92.77609645, 11.83376558 ], [ 92.78141137, 11.84386691 ], [ 92.78060691, 11.85100287 ], [ 92.78613922, 11.85465468 ], [ 92.78367348, 11.85987562 ], [ 92.78851803, 11.88446851 ], [ 92.77906659, 11.89248288 ], [ 92.78062206, 11.89727045 ], [ 92.78823998, 11.90033551 ], [ 92.78345678, 11.90516761 ], [ 92.78823632, 11.91903541 ], [ 92.78744267, 11.92596407 ], [ 92.78269719, 11.93017547 ], [ 92.7856123, 11.934871 ], [ 92.78382153, 11.93687553 ], [ 92.76415438, 11.94038971 ], [ 92.753083, 11.93165297 ], [ 92.7462957, 11.93224589 ], [ 92.7330539, 11.90510723 ], [ 92.73206752, 11.85744983 ], [ 92.7192625, 11.8267065 ], [ 92.70994301, 11.81478251 ], [ 92.69876772, 11.81311606 ], [ 92.68058947, 11.79935212 ], [ 92.68301077, 11.80515888 ], [ 92.68963746, 11.80670067 ], [ 92.69346986, 11.81240589 ], [ 92.67818356, 11.82019247 ], [ 92.69625397, 11.81334937 ], [ 92.6935305, 11.81730464 ], [ 92.70084346, 11.81446257 ], [ 92.70717611, 11.81648222 ], [ 92.71554053, 11.82803826 ], [ 92.72468579, 11.85090649 ], [ 92.72721183, 11.86434642 ], [ 92.72321012, 11.87780851 ], [ 92.72619128, 11.89133004 ], [ 92.72321841, 11.8918443 ], [ 92.72712449, 11.90016474 ], [ 92.7223146, 11.90320325 ], [ 92.72566271, 11.90935055 ], [ 92.72566681, 11.92701647 ], [ 92.72160444, 11.93449442 ], [ 92.71448014, 11.93324583 ], [ 92.71874471, 11.93913007 ], [ 92.71669822, 11.94575089 ], [ 92.71881997, 11.94927311 ], [ 92.71577415, 11.95177498 ], [ 92.71933507, 11.95803215 ], [ 92.71816453, 11.96373765 ], [ 92.7232034, 11.96266175 ], [ 92.72564034, 11.9676319 ], [ 92.73305574, 11.96904277 ], [ 92.73032443, 11.97599927 ], [ 92.72391878, 11.97604347 ], [ 92.72341469, 11.98114671 ], [ 92.72751758, 11.98261874 ], [ 92.73135533, 11.99355473 ], [ 92.72842489, 11.99515868 ], [ 92.73887534, 11.99753589 ], [ 92.73824717, 11.98791584 ], [ 92.73308615, 11.98304077 ], [ 92.734161, 11.9775596 ], [ 92.74563064, 11.98351276 ], [ 92.74879596, 11.97811013 ], [ 92.75494694, 11.98225682 ], [ 92.75755791, 11.98896099 ], [ 92.75302648, 11.99299518 ], [ 92.74330212, 11.98861744 ], [ 92.74319561, 11.99475538 ], [ 92.76892589, 11.99921725 ], [ 92.76591457, 12.00360982 ], [ 92.76677457, 12.01171441 ], [ 92.76122634, 12.01018895 ], [ 92.75833073, 12.00305389 ], [ 92.75297091, 12.00257658 ], [ 92.74759824, 12.00904197 ], [ 92.75110932, 12.01217347 ], [ 92.74691813, 12.01699412 ], [ 92.74000618, 12.01280842 ], [ 92.73625518, 12.01596419 ], [ 92.74058297, 12.01947159 ], [ 92.73343294, 12.02052515 ], [ 92.73392087, 12.0238571 ], [ 92.74005914, 12.02506605 ], [ 92.74174308, 12.02935458 ], [ 92.73514287, 12.03106416 ], [ 92.73750962, 12.03617737 ], [ 92.74106891, 12.03401308 ], [ 92.7383739, 12.04160595 ], [ 92.74169955, 12.042398 ], [ 92.74029631, 12.04044921 ], [ 92.7447091, 12.03448659 ], [ 92.74828713, 12.03737592 ], [ 92.74993222, 12.03193315 ], [ 92.75296932, 12.03452108 ], [ 92.75376123, 12.02774809 ], [ 92.76230898, 12.02126944 ], [ 92.76494196, 12.02658876 ], [ 92.77888021, 12.02487222 ], [ 92.77510606, 12.03053614 ], [ 92.77586723, 12.04097977 ], [ 92.78346263, 12.04649445 ], [ 92.7795385, 12.05081075 ], [ 92.77270105, 12.04671952 ], [ 92.76577975, 12.04710058 ], [ 92.76582867, 12.05162941 ], [ 92.76132348, 12.05113499 ], [ 92.76057381, 12.0556437 ], [ 92.75049674, 12.05566325 ], [ 92.7577046, 12.06230281 ], [ 92.75683767, 12.06729554 ], [ 92.74182565, 12.07451873 ], [ 92.74188868, 12.07234409 ], [ 92.73988447, 12.07056217 ], [ 92.73925701, 12.07061042 ], [ 92.74128454, 12.0733309 ], [ 92.73808667, 12.07903025 ], [ 92.73510958, 12.07418397 ], [ 92.73765813, 12.08004207 ], [ 92.7356793, 12.10436582 ], [ 92.75559259, 12.15300739 ], [ 92.75410021, 12.15912978 ], [ 92.75788156, 12.16412549 ], [ 92.7579075, 12.17731416 ], [ 92.75210149, 12.18098372 ], [ 92.74839288, 12.17729704 ], [ 92.73655851, 12.1825606 ], [ 92.72313522, 12.17855897 ], [ 92.72059193, 12.18245634 ], [ 92.71134558, 12.16137137 ], [ 92.71317359, 12.17611942 ], [ 92.70388403, 12.16429574 ], [ 92.70548399, 12.17988309 ], [ 92.7128932, 12.19071516 ], [ 92.70632488, 12.19843263 ], [ 92.71049235, 12.21093779 ], [ 92.70646411, 12.228638 ], [ 92.69951169, 12.23939227 ] ] ], [ [ [ 93.84843691, 7.23347839 ], [ 93.8477811, 7.24486728 ], [ 93.84542771, 7.24068359 ], [ 93.83788338, 7.24253558 ], [ 93.83779541, 7.23935374 ], [ 93.82119021, 7.23744895 ], [ 93.81187536, 7.23159901 ], [ 93.80609075, 7.2325272 ], [ 93.80583264, 7.2271684 ], [ 93.80985942, 7.22875446 ], [ 93.8122105, 7.22033192 ], [ 93.80717914, 7.22000315 ], [ 93.80692421, 7.21724016 ], [ 93.81354338, 7.21329645 ], [ 93.80842764, 7.21246536 ], [ 93.80901118, 7.20970136 ], [ 93.80380179, 7.21201461 ], [ 93.80471322, 7.20305372 ], [ 93.80169486, 7.20314111 ], [ 93.8018663, 7.20623915 ], [ 93.79943324, 7.20498603 ], [ 93.79315442, 7.21311596 ], [ 93.7869467, 7.21061121 ], [ 93.78544325, 7.21555342 ], [ 93.77075958, 7.20669431 ], [ 93.76489254, 7.20871064 ], [ 93.76674316, 7.21398396 ], [ 93.76037114, 7.21440981 ], [ 93.75157242, 7.20692093 ], [ 93.75567909, 7.20524167 ], [ 93.75617474, 7.19854217 ], [ 93.74795656, 7.19737886 ], [ 93.75290724, 7.20080667 ], [ 93.75114923, 7.2033207 ], [ 93.72889633, 7.18446594 ], [ 93.71950806, 7.18665282 ], [ 93.71423115, 7.19184992 ], [ 93.70246333, 7.18838081 ], [ 93.69274586, 7.19210554 ], [ 93.68645489, 7.18943197 ], [ 93.68418574, 7.18382369 ], [ 93.674033, 7.17562686 ], [ 93.6751312, 7.16174219 ], [ 93.67881399, 7.15512348 ], [ 93.67645322, 7.14080646 ], [ 93.67292301, 7.13767225 ], [ 93.66832018, 7.13980905 ], [ 93.66419781, 7.12993038 ], [ 93.65613062, 7.12598626 ], [ 93.65888505, 7.11233448 ], [ 93.66332773, 7.11191185 ], [ 93.66752406, 7.1171836 ], [ 93.67475143, 7.11359313 ], [ 93.66617016, 7.10320052 ], [ 93.65963189, 7.10370877 ], [ 93.65780441, 7.09878667 ], [ 93.66030779, 7.085805 ], [ 93.66969468, 7.08395438 ], [ 93.66255541, 7.0681342 ], [ 93.66867262, 7.06603529 ], [ 93.66471246, 7.04301073 ], [ 93.67283756, 7.03714177 ], [ 93.66930971, 7.02877108 ], [ 93.67424993, 7.02332363 ], [ 93.6702232, 7.01930781 ], [ 93.67074581, 7.01256353 ], [ 93.6641799, 7.00951576 ], [ 93.66350585, 7.00549689 ], [ 93.67398061, 7.00356158 ], [ 93.6778474, 7.01611886 ], [ 93.68187224, 7.01804116 ], [ 93.6941067, 7.01551759 ], [ 93.70147761, 7.01065374 ], [ 93.70658129, 7.00152134 ], [ 93.70497948, 6.99180925 ], [ 93.71872609, 6.99372175 ], [ 93.72844064, 6.98651051 ], [ 93.73346111, 6.97871776 ], [ 93.73186006, 6.97017811 ], [ 93.73603996, 6.96012527 ], [ 93.74333459, 6.96371845 ], [ 93.7467686, 6.96187262 ], [ 93.74734412, 6.95132104 ], [ 93.75238034, 6.94611981 ], [ 93.75228026, 6.93075401 ], [ 93.74262791, 6.92888417 ], [ 93.74279038, 6.92394346 ], [ 93.75324846, 6.90835724 ], [ 93.76289404, 6.91697196 ], [ 93.76574244, 6.91638272 ], [ 93.76708954, 6.91310413 ], [ 93.76397406, 6.9083458 ], [ 93.76882761, 6.90239515 ], [ 93.76647606, 6.89745717 ], [ 93.78155229, 6.8918302 ], [ 93.77534663, 6.88714774 ], [ 93.77961332, 6.88119765 ], [ 93.77206749, 6.87676784 ], [ 93.77591612, 6.87165562 ], [ 93.77356431, 6.86638271 ], [ 93.77933741, 6.85900744 ], [ 93.79064523, 6.85623149 ], [ 93.79131267, 6.85371861 ], [ 93.78577817, 6.84945419 ], [ 93.79524803, 6.85153698 ], [ 93.78853625, 6.84342199 ], [ 93.78743296, 6.83077881 ], [ 93.79438175, 6.82641665 ], [ 93.80291279, 6.81384629 ], [ 93.81112873, 6.81886107 ], [ 93.81598585, 6.81718065 ], [ 93.81597888, 6.8112353 ], [ 93.80860194, 6.80722447 ], [ 93.80875924, 6.7983481 ], [ 93.81252419, 6.79415686 ], [ 93.80790789, 6.78654207 ], [ 93.81351184, 6.7789992 ], [ 93.80621729, 6.77331345 ], [ 93.80512025, 6.76628072 ], [ 93.81951808, 6.75747163 ], [ 93.82839554, 6.75595389 ], [ 93.83551758, 6.7575364 ], [ 93.83905108, 6.77017648 ], [ 93.84576222, 6.7780396 ], [ 93.84887773, 6.79101502 ], [ 93.84579105, 6.80148596 ], [ 93.85184618, 6.81517727 ], [ 93.86926656, 6.81619416 ], [ 93.87955407, 6.80320169 ], [ 93.88213989, 6.79465719 ], [ 93.88733872, 6.79841852 ], [ 93.88893936, 6.80519907 ], [ 93.89622879, 6.80602675 ], [ 93.90277491, 6.81472652 ], [ 93.9014422, 6.82042238 ], [ 93.91042783, 6.83615254 ], [ 93.90582662, 6.84101552 ], [ 93.8961934, 6.84211712 ], [ 93.89377018, 6.84689333 ], [ 93.89312654, 6.86673967 ], [ 93.90126262, 6.87334383 ], [ 93.90202617, 6.88029288 ], [ 93.89684682, 6.89168801 ], [ 93.90037393, 6.89754474 ], [ 93.89694629, 6.90324344 ], [ 93.90105844, 6.90792706 ], [ 93.91169937, 6.90749373 ], [ 93.9164845, 6.9139347 ], [ 93.90955621, 6.92996013 ], [ 93.91617799, 6.93436662 ], [ 93.91526352, 6.9395595 ], [ 93.92349335, 6.95202447 ], [ 93.93037052, 6.9559502 ], [ 93.94251566, 6.95199704 ], [ 93.94562237, 6.95617924 ], [ 93.92905478, 6.97336901 ], [ 93.92765109, 6.98794095 ], [ 93.9153419, 6.99515973 ], [ 93.91374219, 7.00018945 ], [ 93.91654441, 7.00612319 ], [ 93.92484965, 7.01180533 ], [ 93.93079769, 7.01012205 ], [ 93.93346714, 7.0015772 ], [ 93.9435961, 6.99360756 ], [ 93.94795329, 7.00231371 ], [ 93.94570191, 7.01002065 ], [ 93.93891979, 7.01438485 ], [ 93.94101837, 7.01664261 ], [ 93.92929976, 7.02687539 ], [ 93.91664244, 7.02572127 ], [ 93.91264011, 7.04029688 ], [ 93.91583403, 7.04657248 ], [ 93.91442145, 7.05519921 ], [ 93.906302, 7.06291434 ], [ 93.90188143, 7.07849531 ], [ 93.8872243, 7.08705663 ], [ 93.8856575, 7.10589925 ], [ 93.89104532, 7.1223877 ], [ 93.88476843, 7.12993253 ], [ 93.88823582, 7.15178267 ], [ 93.88405688, 7.16108305 ], [ 93.8858257, 7.16702581 ], [ 93.8800526, 7.17557476 ], [ 93.88350182, 7.18409414 ], [ 93.8804138, 7.19433096 ], [ 93.88260672, 7.20370627 ], [ 93.87749321, 7.20446693 ], [ 93.87833639, 7.20789892 ], [ 93.86862277, 7.21712305 ], [ 93.85327529, 7.21463152 ], [ 93.84682342, 7.21798942 ], [ 93.84272761, 7.22779183 ], [ 93.84843691, 7.23347839 ] ] ], [ [ [ 92.51401019, 10.8973925 ], [ 92.5067591, 10.88967307 ], [ 92.49297573, 10.88943298 ], [ 92.47884147, 10.87054002 ], [ 92.47059644, 10.87044399 ], [ 92.46895737, 10.86660308 ], [ 92.45710949, 10.86152274 ], [ 92.460609, 10.85010947 ], [ 92.45751261, 10.838864 ], [ 92.44691892, 10.83638777 ], [ 92.43345808, 10.82142601 ], [ 92.42708365, 10.82322875 ], [ 92.42697354, 10.81400027 ], [ 92.4198312, 10.79678662 ], [ 92.40852308, 10.78421535 ], [ 92.39535806, 10.77788754 ], [ 92.38572815, 10.78415477 ], [ 92.38492197, 10.79109893 ], [ 92.3770197, 10.78297207 ], [ 92.37739358, 10.77075076 ], [ 92.38181963, 10.76255912 ], [ 92.37815961, 10.73986209 ], [ 92.38289569, 10.72170916 ], [ 92.38058209, 10.70834949 ], [ 92.38258483, 10.66786653 ], [ 92.39436607, 10.66632112 ], [ 92.40183608, 10.65838844 ], [ 92.41663476, 10.63180637 ], [ 92.42085644, 10.61563489 ], [ 92.42023612, 10.61066803 ], [ 92.41365831, 10.6060138 ], [ 92.41018514, 10.58308293 ], [ 92.39550145, 10.56310636 ], [ 92.39428748, 10.55302219 ], [ 92.38223492, 10.54012495 ], [ 92.38623714, 10.53168501 ], [ 92.40189894, 10.53140133 ], [ 92.40979328, 10.53591115 ], [ 92.41911231, 10.54789747 ], [ 92.43307501, 10.54838523 ], [ 92.45727563, 10.53929363 ], [ 92.48201225, 10.51788837 ], [ 92.49923565, 10.51088283 ], [ 92.51323135, 10.5118435 ], [ 92.53089481, 10.51797789 ], [ 92.54549013, 10.55196587 ], [ 92.55333561, 10.55692356 ], [ 92.5682463, 10.5762153 ], [ 92.5688711, 10.5802296 ], [ 92.56232602, 10.58677573 ], [ 92.54451126, 10.59218823 ], [ 92.54021718, 10.60115845 ], [ 92.53992792, 10.61465413 ], [ 92.55388908, 10.63942417 ], [ 92.56696551, 10.65081917 ], [ 92.58180705, 10.65764723 ], [ 92.5781788, 10.65891843 ], [ 92.57544508, 10.66795209 ], [ 92.57806929, 10.67416541 ], [ 92.58505579, 10.67934635 ], [ 92.59370719, 10.6768067 ], [ 92.59704648, 10.68032458 ], [ 92.59742746, 10.70374796 ], [ 92.58933074, 10.71910351 ], [ 92.58767728, 10.73314346 ], [ 92.58222727, 10.74368947 ], [ 92.58709335, 10.78762739 ], [ 92.57706091, 10.79382496 ], [ 92.57247627, 10.80234128 ], [ 92.56311253, 10.80415127 ], [ 92.56536608, 10.80588661 ], [ 92.56034847, 10.8149313 ], [ 92.56303157, 10.82857643 ], [ 92.55619605, 10.8447109 ], [ 92.55823426, 10.86297174 ], [ 92.53463559, 10.8842672 ], [ 92.53023438, 10.88428742 ], [ 92.5304799, 10.87698467 ], [ 92.52666997, 10.89164337 ], [ 92.52068817, 10.89724889 ], [ 92.51401019, 10.8973925 ] ] ], [ [ [ 92.83484156, 12.30012482 ], [ 92.80994833, 12.31356537 ], [ 92.80298521, 12.3118856 ], [ 92.79568849, 12.30411144 ], [ 92.78460074, 12.31135293 ], [ 92.77703617, 12.31016225 ], [ 92.77143679, 12.31314522 ], [ 92.76730761, 12.29716069 ], [ 92.77549648, 12.30158618 ], [ 92.77756146, 12.29527161 ], [ 92.77456414, 12.29308702 ], [ 92.78182736, 12.28510839 ], [ 92.77648401, 12.27810695 ], [ 92.77463355, 12.28014694 ], [ 92.76478222, 12.26423819 ], [ 92.75077369, 12.27475422 ], [ 92.74211767, 12.24572477 ], [ 92.74733821, 12.24514695 ], [ 92.74774639, 12.23526377 ], [ 92.75065888, 12.23299603 ], [ 92.76051983, 12.23635949 ], [ 92.75946227, 12.23252662 ], [ 92.76218978, 12.23194405 ], [ 92.76937022, 12.23867371 ], [ 92.7707599, 12.23121846 ], [ 92.76399991, 12.21065402 ], [ 92.76946624, 12.1996972 ], [ 92.76517438, 12.17565917 ], [ 92.73946318, 12.09924815 ], [ 92.74189619, 12.07787925 ], [ 92.74792484, 12.07477826 ], [ 92.75675963, 12.07552791 ], [ 92.76488388, 12.06371893 ], [ 92.78181756, 12.08093775 ], [ 92.78975037, 12.08286755 ], [ 92.79264632, 12.08061204 ], [ 92.79109306, 12.08675726 ], [ 92.79529387, 12.09585305 ], [ 92.78775304, 12.10265726 ], [ 92.79903631, 12.10904791 ], [ 92.80923206, 12.10550776 ], [ 92.81271671, 12.10795838 ], [ 92.80998345, 12.12178498 ], [ 92.80407309, 12.12503506 ], [ 92.80259007, 12.13024457 ], [ 92.80501881, 12.13385439 ], [ 92.81085405, 12.12994899 ], [ 92.81503534, 12.13303057 ], [ 92.81387541, 12.13628889 ], [ 92.81992833, 12.14804544 ], [ 92.82582106, 12.15367018 ], [ 92.81893624, 12.1578335 ], [ 92.82261939, 12.16572163 ], [ 92.82532189, 12.16767319 ], [ 92.82881786, 12.16352928 ], [ 92.83061982, 12.16703914 ], [ 92.83616643, 12.16791193 ], [ 92.8393888, 12.1620139 ], [ 92.85079256, 12.15746146 ], [ 92.84827548, 12.16197756 ], [ 92.85065053, 12.168526 ], [ 92.85506567, 12.17068108 ], [ 92.85066235, 12.17741733 ], [ 92.85533963, 12.18915564 ], [ 92.85340228, 12.19196844 ], [ 92.84653727, 12.18986867 ], [ 92.84845282, 12.19430759 ], [ 92.8460604, 12.1968064 ], [ 92.84578308, 12.19988544 ], [ 92.84694084, 12.19801009 ], [ 92.85423765, 12.20426927 ], [ 92.86295466, 12.20102151 ], [ 92.86265868, 12.19736578 ], [ 92.87076842, 12.19720416 ], [ 92.87521815, 12.19306097 ], [ 92.8820904, 12.19808394 ], [ 92.8814834, 12.20129389 ], [ 92.8743058, 12.20492703 ], [ 92.8727114, 12.2257825 ], [ 92.86215795, 12.23743675 ], [ 92.85916769, 12.24513417 ], [ 92.86548612, 12.25222593 ], [ 92.87659334, 12.25080691 ], [ 92.88818372, 12.25912096 ], [ 92.88644472, 12.26366026 ], [ 92.88927847, 12.2666306 ], [ 92.88578638, 12.26758921 ], [ 92.88280349, 12.26353476 ], [ 92.87961933, 12.27778122 ], [ 92.88706604, 12.28675655 ], [ 92.88203862, 12.28988648 ], [ 92.87440674, 12.28757921 ], [ 92.87249149, 12.29212099 ], [ 92.86897609, 12.29032155 ], [ 92.87408494, 12.30195296 ], [ 92.86589761, 12.30144762 ], [ 92.86656899, 12.30611647 ], [ 92.85524263, 12.30513713 ], [ 92.8488692, 12.30112363 ], [ 92.847171, 12.30435598 ], [ 92.83916654, 12.3041269 ], [ 92.83484156, 12.30012482 ] ] ], [ [ [ 68.36125199, 23.804311 ], [ 68.35041699, 23.800689 ], [ 68.34874699, 23.781528 ], [ 68.33486199, 23.758751 ], [ 68.33791399, 23.752082 ], [ 68.34319199, 23.752362 ], [ 68.34097299, 23.744859 ], [ 68.35180799, 23.743749 ], [ 68.34708499, 23.740973 ], [ 68.35013699, 23.73208 ], [ 68.34486299, 23.740973 ], [ 68.33957799, 23.74292 ], [ 68.33790499, 23.72958 ], [ 68.33040599, 23.72236 ], [ 68.33402999, 23.715431 ], [ 68.33402999, 23.710971 ], [ 68.32958099, 23.72375 ], [ 68.31846599, 23.7182 ], [ 68.31346799, 23.712083 ], [ 68.30985999, 23.697916 ], [ 68.29736399, 23.684032 ], [ 68.30152999, 23.67958 ], [ 68.30541999, 23.681805 ], [ 68.30625199, 23.681249 ], [ 68.30432199, 23.679029 ], [ 68.29235899, 23.678473 ], [ 68.28208199, 23.670694 ], [ 68.28015199, 23.66264 ], [ 68.27430799, 23.66042 ], [ 68.26957599, 23.64958 ], [ 68.23819699, 23.647921 ], [ 68.23124599, 23.642916 ], [ 68.25930899, 23.645961 ], [ 68.28041799, 23.652089 ], [ 68.28986299, 23.648194 ], [ 68.30652599, 23.649022 ], [ 68.31041599, 23.652089 ], [ 68.31181299, 23.650141 ], [ 68.29957699, 23.64736 ], [ 68.27986199, 23.649026 ], [ 68.25818699, 23.644862 ], [ 68.26013799, 23.63986 ], [ 68.25595799, 23.64514 ], [ 68.23374799, 23.64125 ], [ 68.22735499, 23.64236 ], [ 68.22319799, 23.647082 ], [ 68.21013599, 23.640418 ], [ 68.21152399, 23.643472 ], [ 68.20735799, 23.641806 ], [ 68.20486499, 23.644582 ], [ 68.20791699, 23.646804 ], [ 68.20458199, 23.647641 ], [ 68.18624899, 23.624309 ], [ 68.18736299, 23.610972 ], [ 68.19402999, 23.60681 ], [ 68.19708199, 23.597085 ], [ 68.20347699, 23.594585 ], [ 68.20541399, 23.602083 ], [ 68.21457599, 23.60069 ], [ 68.21652899, 23.606251 ], [ 68.22096899, 23.603751 ], [ 68.22598299, 23.60681 ], [ 68.22791399, 23.604305 ], [ 68.22374699, 23.603751 ], [ 68.22569399, 23.597917 ], [ 68.22013999, 23.592362 ], [ 68.22125199, 23.58986 ], [ 68.23319199, 23.587079 ], [ 68.23680899, 23.595695 ], [ 68.23847299, 23.59236 ], [ 68.24318599, 23.59375 ], [ 68.24485699, 23.590416 ], [ 68.25013799, 23.590694 ], [ 68.25624799, 23.595695 ], [ 68.24874999, 23.59375 ], [ 68.23986099, 23.599861 ], [ 68.24208099, 23.606251 ], [ 68.25569199, 23.600417 ], [ 68.26403099, 23.602359 ], [ 68.26957599, 23.60985 ], [ 68.26708299, 23.620141 ], [ 68.27709299, 23.632642 ], [ 68.28819199, 23.628749 ], [ 68.30680799, 23.630702 ], [ 68.31375099, 23.62236 ], [ 68.30458199, 23.630141 ], [ 68.28652899, 23.627359 ], [ 68.27791599, 23.631251 ], [ 68.27291999, 23.617921 ], [ 68.27791599, 23.609862 ], [ 68.28124999, 23.61403 ], [ 68.28569899, 23.610972 ], [ 68.28819199, 23.605971 ], [ 68.28514099, 23.60792 ], [ 68.28124999, 23.606251 ], [ 68.29264099, 23.600139 ], [ 68.28319599, 23.600695 ], [ 68.28013599, 23.58875 ], [ 68.27902999, 23.597085 ], [ 68.27597199, 23.597085 ], [ 68.27430799, 23.591811 ], [ 68.28069399, 23.582362 ], [ 68.29486099, 23.578751 ], [ 68.30069799, 23.584306 ], [ 68.30763999, 23.584028 ], [ 68.29958299, 23.587918 ], [ 68.30432199, 23.596531 ], [ 68.30652599, 23.58653 ], [ 68.31014299, 23.584862 ], [ 68.30847199, 23.582915 ], [ 68.31485799, 23.583196 ], [ 68.31709399, 23.58514 ], [ 68.31458199, 23.58986 ], [ 68.33040599, 23.58903 ], [ 68.34680299, 23.59819 ], [ 68.35124899, 23.604861 ], [ 68.34792399, 23.615981 ], [ 68.35320199, 23.616811 ], [ 68.35320199, 23.621531 ], [ 68.35652999, 23.621529 ], [ 68.35874999, 23.627639 ], [ 68.36680699, 23.63098 ], [ 68.37458099, 23.63931 ], [ 68.37569499, 23.650695 ], [ 68.38402499, 23.665696 ], [ 68.38957999, 23.685973 ], [ 68.38597199, 23.66764 ], [ 68.37680699, 23.651531 ], [ 68.37541899, 23.643189 ], [ 68.38207899, 23.644582 ], [ 68.39041799, 23.654307 ], [ 68.41845599, 23.724299 ], [ 68.41541999, 23.74792 ], [ 68.41735799, 23.760417 ], [ 68.41124699, 23.759861 ], [ 68.40458799, 23.75236 ], [ 68.39985599, 23.75014 ], [ 68.39930699, 23.750972 ], [ 68.41152999, 23.761529 ], [ 68.41819899, 23.762639 ], [ 68.42459199, 23.77708 ], [ 68.42624599, 23.794861 ], [ 68.42430899, 23.797083 ], [ 68.41430599, 23.794583 ], [ 68.40597599, 23.786807 ], [ 68.39791899, 23.78486 ], [ 68.37708299, 23.791805 ], [ 68.36125199, 23.804311 ] ] ], [ [ [ 88.15338901, 21.836329 ], [ 88.13429301, 21.877172 ], [ 88.12195601, 21.865671 ], [ 88.07285401, 21.780181 ], [ 88.06138501, 21.734441 ], [ 88.04422801, 21.717694 ], [ 88.03666601, 21.675001 ], [ 88.04166401, 21.649167 ], [ 88.07055601, 21.63389 ], [ 88.08249701, 21.635 ], [ 88.08999501, 21.629167 ], [ 88.10917001, 21.625833 ], [ 88.14221901, 21.632499 ], [ 88.14250201, 21.63722 ], [ 88.15472501, 21.649999 ], [ 88.15528101, 21.681389 ], [ 88.14671401, 21.67847 ], [ 88.14340201, 21.679552 ], [ 88.15481601, 21.685086 ], [ 88.15611301, 21.705001 ], [ 88.17066301, 21.742402 ], [ 88.17050101, 21.772311 ], [ 88.16364301, 21.799549 ], [ 88.16583301, 21.80722 ], [ 88.17250001, 21.811952 ], [ 88.15338901, 21.836329 ] ] ], [ [ [ 68.35846699, 23.97500411 ], [ 68.34623699, 23.96042 ], [ 68.34597099, 23.93264 ], [ 68.33819699, 23.920417 ], [ 68.32485899, 23.914304 ], [ 68.29209199, 23.921809 ], [ 68.28346999, 23.920419 ], [ 68.27708399, 23.914862 ], [ 68.27847199, 23.902361 ], [ 68.26125299, 23.88653 ], [ 68.25901699, 23.875142 ], [ 68.27874799, 23.870141 ], [ 68.29319699, 23.875142 ], [ 68.30235899, 23.86708 ], [ 68.30959299, 23.87903 ], [ 68.31764299, 23.88042 ], [ 68.31124799, 23.87764 ], [ 68.30513799, 23.865695 ], [ 68.29763699, 23.867917 ], [ 68.29319699, 23.872922 ], [ 68.28041799, 23.867917 ], [ 68.25791899, 23.870702 ], [ 68.25653099, 23.862638 ], [ 68.24874999, 23.85403 ], [ 68.24958099, 23.848749 ], [ 68.25791899, 23.845422 ], [ 68.26347299, 23.837916 ], [ 68.27680099, 23.835694 ], [ 68.28318699, 23.841821 ], [ 68.28735999, 23.839307 ], [ 68.28289799, 23.840139 ], [ 68.27735999, 23.834304 ], [ 68.26096999, 23.83736 ], [ 68.26207799, 23.82625 ], [ 68.26040699, 23.824859 ], [ 68.25707999, 23.844583 ], [ 68.24958099, 23.846532 ], [ 68.24540599, 23.853759 ], [ 68.23457999, 23.83597 ], [ 68.21291199, 23.834584 ], [ 68.20929799, 23.81097 ], [ 68.21791699, 23.78125 ], [ 68.22429699, 23.773469 ], [ 68.23124599, 23.775689 ], [ 68.23263599, 23.782084 ], [ 68.23430699, 23.77486 ], [ 68.22458599, 23.771806 ], [ 68.22598299, 23.762639 ], [ 68.21958099, 23.75486 ], [ 68.21375299, 23.755416 ], [ 68.21290599, 23.762639 ], [ 68.21180699, 23.763482 ], [ 68.19264199, 23.73097 ], [ 68.20764099, 23.706807 ], [ 68.21986399, 23.699582 ], [ 68.22930899, 23.702921 ], [ 68.22680599, 23.69014 ], [ 68.23847299, 23.680971 ], [ 68.25595799, 23.67958 ], [ 68.26680699, 23.691806 ], [ 68.26486299, 23.700701 ], [ 68.25514299, 23.711251 ], [ 68.25402799, 23.71875 ], [ 68.26152899, 23.726531 ], [ 68.26125299, 23.739032 ], [ 68.26597499, 23.74625 ], [ 68.26207799, 23.760139 ], [ 68.26985899, 23.781811 ], [ 68.26568599, 23.792922 ], [ 68.27041699, 23.78569 ], [ 68.27430799, 23.797362 ], [ 68.29569299, 23.804311 ], [ 68.29569299, 23.810973 ], [ 68.28902399, 23.814583 ], [ 68.28875099, 23.817361 ], [ 68.30374999, 23.824584 ], [ 68.31458199, 23.82403 ], [ 68.32096899, 23.807082 ], [ 68.33763799, 23.819305 ], [ 68.33624999, 23.83876 ], [ 68.34874699, 23.865141 ], [ 68.34735899, 23.880972 ], [ 68.34236099, 23.889863 ], [ 68.34652699, 23.90403 ], [ 68.35791799, 23.912082 ], [ 68.37654099, 23.91486 ], [ 68.37541899, 23.916531 ], [ 68.37625099, 23.920419 ], [ 68.37875399, 23.919861 ], [ 68.37625099, 23.919031 ], [ 68.37708299, 23.91514 ], [ 68.38708399, 23.914304 ], [ 68.41152999, 23.92598 ], [ 68.41874799, 23.934028 ], [ 68.43402999, 23.965972 ], [ 68.40121492, 23.96493646 ], [ 68.37518095, 23.96745588 ], [ 68.35846699, 23.97500411 ] ] ], [ [ [ 88.85083001, 22.36278 ], [ 88.83611401, 22.358336 ], [ 88.81833601, 22.358892 ], [ 88.80416901, 22.329721 ], [ 88.81194301, 22.320555 ], [ 88.81223301, 22.315832 ], [ 88.80502401, 22.295609 ], [ 88.80652601, 22.28575 ], [ 88.81545301, 22.282972 ], [ 88.81664301, 22.271679 ], [ 88.82055601, 22.265279 ], [ 88.82730001, 22.265452 ], [ 88.82956801, 22.253721 ], [ 88.82842201, 22.241906 ], [ 88.81855101, 22.230939 ], [ 88.81082201, 22.227292 ], [ 88.80053601, 22.226251 ], [ 88.80576201, 22.220592 ], [ 88.80615901, 22.210023 ], [ 88.81636701, 22.205843 ], [ 88.82013001, 22.196162 ], [ 88.82546301, 22.1984 ], [ 88.82461501, 22.204337 ], [ 88.82824601, 22.209722 ], [ 88.83480101, 22.20885 ], [ 88.83718001, 22.20608 ], [ 88.83960101, 22.19481 ], [ 88.84426801, 22.190318 ], [ 88.84831201, 22.191551 ], [ 88.85037201, 22.20247 ], [ 88.85447001, 22.206213 ], [ 88.86004701, 22.205182 ], [ 88.86554001, 22.198087 ], [ 88.88194201, 22.20056 ], [ 88.88443801, 22.205278 ], [ 88.88227701, 22.2116 ], [ 88.84946501, 22.209789 ], [ 88.84195001, 22.21174 ], [ 88.83943201, 22.215527 ], [ 88.84172001, 22.221262 ], [ 88.85353101, 22.233849 ], [ 88.85835301, 22.244443 ], [ 88.87583901, 22.252803 ], [ 88.85894801, 22.24359 ], [ 88.85440101, 22.232892 ], [ 88.84168201, 22.21898 ], [ 88.84101101, 22.214263 ], [ 88.85889401, 22.210862 ], [ 88.88350601, 22.212271 ], [ 88.88608601, 22.206823 ], [ 88.88343801, 22.200052 ], [ 88.86907901, 22.197329 ], [ 88.86618001, 22.194147 ], [ 88.87227001, 22.171369 ], [ 88.88575801, 22.16754 ], [ 88.88958001, 22.174403 ], [ 88.89822501, 22.177908 ], [ 88.91860901, 22.16535 ], [ 88.92114401, 22.175191 ], [ 88.90448801, 22.197242 ], [ 88.91273601, 22.20872 ], [ 88.91388701, 22.216109 ], [ 88.90033701, 22.222853 ], [ 88.88565701, 22.236213 ], [ 88.88564401, 22.241206 ], [ 88.89343201, 22.251531 ], [ 88.88723701, 22.264909 ], [ 88.88040901, 22.26753 ], [ 88.87616701, 22.27368 ], [ 88.86744701, 22.269862 ], [ 88.86486001, 22.270151 ], [ 88.86284601, 22.27244 ], [ 88.86254901, 22.276029 ], [ 88.85780401, 22.277682 ], [ 88.85202001, 22.282883 ], [ 88.84935101, 22.28859 ], [ 88.84332901, 22.28972 ], [ 88.84996801, 22.289308 ], [ 88.85309501, 22.283181 ], [ 88.86315101, 22.276399 ], [ 88.86509701, 22.27081 ], [ 88.87677101, 22.274493 ], [ 88.88123401, 22.268144 ], [ 88.88761101, 22.265933 ], [ 88.89547801, 22.25239 ], [ 88.88698601, 22.241373 ], [ 88.88704801, 22.236299 ], [ 88.90178001, 22.224076 ], [ 88.91387101, 22.219903 ], [ 88.91896901, 22.233033 ], [ 88.93155701, 22.22698 ], [ 88.95407901, 22.225241 ], [ 88.95095001, 22.243331 ], [ 88.93889601, 22.248609 ], [ 88.93033501, 22.259412 ], [ 88.93692901, 22.299112 ], [ 88.91611601, 22.309446 ], [ 88.91111101, 22.305829 ], [ 88.91166001, 22.311953 ], [ 88.90473801, 22.319369 ], [ 88.90025301, 22.33169 ], [ 88.88276801, 22.350001 ], [ 88.86971901, 22.358071 ], [ 88.86444101, 22.356672 ], [ 88.85083001, 22.36278 ] ] ], [ [ [ 74.10130978, 11.20431472 ], [ 74.11130417, 11.20950876 ], [ 74.11882824, 11.21854372 ], [ 74.12276998, 11.23921689 ], [ 74.11271236, 11.26675435 ], [ 74.08997329, 11.29779273 ], [ 74.06188044, 11.32330287 ], [ 74.01207806, 11.34853634 ], [ 73.99142561, 11.35209364 ], [ 73.97270141, 11.34365414 ], [ 73.96366424, 11.32845293 ], [ 73.96505674, 11.30595903 ], [ 73.97823905, 11.27990122 ], [ 74.00068618, 11.25023445 ], [ 74.05565278, 11.21124267 ], [ 74.08207718, 11.20295049 ], [ 74.10130978, 11.20431472 ] ] ], [ [ [ 88.95868801, 22.190284 ], [ 88.94264301, 22.190284 ], [ 88.94573301, 22.182851 ], [ 88.93776801, 22.180201 ], [ 88.93266201, 22.174512 ], [ 88.92555101, 22.175563 ], [ 88.92594801, 22.167121 ], [ 88.91971701, 22.161111 ], [ 88.91256701, 22.16171 ], [ 88.89636901, 22.171449 ], [ 88.89393501, 22.169699 ], [ 88.89476001, 22.162752 ], [ 88.90611301, 22.150522 ], [ 88.90883601, 22.134741 ], [ 88.91316901, 22.13003 ], [ 88.92719201, 22.12364 ], [ 88.93831701, 22.12689 ], [ 88.92941201, 22.136371 ], [ 88.93052701, 22.13896 ], [ 88.93647801, 22.142812 ], [ 88.93060201, 22.136979 ], [ 88.94034501, 22.127977 ], [ 88.93093901, 22.122644 ], [ 88.92324701, 22.122942 ], [ 88.93078701, 22.107934 ], [ 88.93071801, 22.0981 ], [ 88.92053301, 22.08587 ], [ 88.90836201, 22.078321 ], [ 88.90143601, 22.065282 ], [ 88.90802001, 22.056353 ], [ 88.91101701, 22.044818 ], [ 88.90782901, 22.034803 ], [ 88.91607701, 22.010629 ], [ 88.91272001, 21.99436 ], [ 88.93147301, 21.942077 ], [ 88.93588301, 21.936491 ], [ 88.94550301, 21.92922 ], [ 88.96610201, 21.92293 ], [ 88.97046001, 21.928671 ], [ 88.96250101, 21.935 ], [ 88.97498401, 21.939727 ], [ 88.97638801, 21.946111 ], [ 88.97618901, 21.938954 ], [ 88.96467501, 21.934802 ], [ 88.97197101, 21.928653 ], [ 88.96883501, 21.921138 ], [ 88.99470501, 21.905845 ], [ 89.01257301, 21.901994 ], [ 89.01550201, 21.90342 ], [ 89.02134801, 21.92166 ], [ 89.01159601, 21.933947 ], [ 88.99459101, 21.941972 ], [ 88.99093501, 21.951934 ], [ 88.99527701, 21.960832 ], [ 89.01101701, 21.97336 ], [ 89.01352601, 21.979106 ], [ 89.00837801, 21.981661 ], [ 88.99223401, 21.970003 ], [ 88.98722001, 21.975284 ], [ 88.98751001, 21.983842 ], [ 88.97249701, 21.987792 ], [ 88.97096301, 21.992774 ], [ 88.97569201, 22.00432 ], [ 88.96727101, 22.011091 ], [ 88.96518801, 22.017411 ], [ 88.96221801, 22.017222 ], [ 88.96720901, 22.019629 ], [ 88.97709601, 22.038393 ], [ 88.96146401, 22.048998 ], [ 88.96013701, 22.052009 ], [ 88.96363801, 22.056991 ], [ 88.94065801, 22.06223 ], [ 88.93485901, 22.05514 ], [ 88.93527901, 22.025835 ], [ 88.94610701, 22.000001 ], [ 88.93110601, 22.000001 ], [ 88.92394201, 22.024203 ], [ 88.92169301, 22.052382 ], [ 88.92504801, 22.065259 ], [ 88.93666901, 22.0725 ], [ 88.95697801, 22.073658 ], [ 88.96611101, 22.077779 ], [ 88.96302001, 22.091303 ], [ 88.95555901, 22.096392 ], [ 88.95522401, 22.100905 ], [ 88.95054701, 22.104169 ], [ 88.95597801, 22.101771 ], [ 88.95725201, 22.096693 ], [ 88.96330301, 22.0925 ], [ 88.96827601, 22.082269 ], [ 88.98333001, 22.11889 ], [ 88.98546501, 22.137868 ], [ 88.98144501, 22.132216 ], [ 88.97826301, 22.131468 ], [ 88.96868201, 22.14226 ], [ 88.96755101, 22.150073 ], [ 88.96909401, 22.155493 ], [ 88.96280601, 22.158941 ], [ 88.95728401, 22.156881 ], [ 88.95275101, 22.158469 ], [ 88.96319601, 22.16014 ], [ 88.97003101, 22.156302 ], [ 88.96978001, 22.142894 ], [ 88.98047601, 22.132861 ], [ 88.98525301, 22.14063 ], [ 88.98486401, 22.148482 ], [ 88.96940701, 22.165072 ], [ 88.95868801, 22.190284 ] ] ], [ [ [ 93.39687478, 8.01810238 ], [ 93.37940318, 8.02480718 ], [ 93.3708334, 8.02213021 ], [ 93.35814447, 8.00873584 ], [ 93.35117186, 8.00840266 ], [ 93.34747747, 8.01635855 ], [ 93.34377998, 8.01141894 ], [ 93.3363137, 8.0115606 ], [ 93.32929719, 8.00477914 ], [ 93.32319161, 7.99100477 ], [ 93.32438131, 7.97541095 ], [ 93.3161559, 7.97034585 ], [ 93.31102533, 7.96207246 ], [ 93.31224681, 7.95113751 ], [ 93.31962307, 7.94067357 ], [ 93.31954276, 7.93233484 ], [ 93.33125873, 7.92446597 ], [ 93.3335098, 7.9358723 ], [ 93.33832315, 7.93610731 ], [ 93.34329326, 7.93170085 ], [ 93.34807772, 7.93971436 ], [ 93.35733671, 7.94185649 ], [ 93.34489606, 7.9310442 ], [ 93.34657851, 7.92731439 ], [ 93.35172322, 7.93253436 ], [ 93.34283012, 7.91895027 ], [ 93.34666818, 7.91082043 ], [ 93.34540385, 7.9025344 ], [ 93.34976898, 7.89970135 ], [ 93.35176603, 7.89262079 ], [ 93.35781408, 7.88947257 ], [ 93.37921976, 7.88348778 ], [ 93.39239143, 7.89309041 ], [ 93.3972864, 7.90237147 ], [ 93.42478508, 7.90731692 ], [ 93.44367738, 7.89782919 ], [ 93.45219211, 7.8847664 ], [ 93.4528191, 7.87619137 ], [ 93.46157482, 7.87304035 ], [ 93.47092929, 7.88345893 ], [ 93.47491876, 7.89313286 ], [ 93.46609342, 7.9146923 ], [ 93.46286858, 7.93443938 ], [ 93.43607853, 7.9563993 ], [ 93.43206995, 7.96639283 ], [ 93.41750768, 7.95900426 ], [ 93.40875108, 7.9654584 ], [ 93.39754645, 7.96786189 ], [ 93.39675935, 7.9735262 ], [ 93.40236265, 7.97474352 ], [ 93.40441724, 7.9822948 ], [ 93.4033362, 7.99884058 ], [ 93.40905142, 8.00637473 ], [ 93.39687478, 8.01810238 ] ] ], [ [ [ 88.93158001, 22.55758 ], [ 88.92002001, 22.56542 ], [ 88.89476701, 22.558469 ], [ 88.90186201, 22.546442 ], [ 88.90422801, 22.526263 ], [ 88.90695101, 22.522292 ], [ 88.90860801, 22.525556 ], [ 88.91027901, 22.523612 ], [ 88.90638601, 22.51917 ], [ 88.91055201, 22.520002 ], [ 88.91444301, 22.511111 ], [ 88.91306401, 22.50805 ], [ 88.90583001, 22.50805 ], [ 88.90972101, 22.505557 ], [ 88.90560901, 22.493368 ], [ 88.89673601, 22.485849 ], [ 88.89881901, 22.476844 ], [ 88.89472201, 22.466112 ], [ 88.90191701, 22.458989 ], [ 88.90422801, 22.445321 ], [ 88.92054001, 22.426692 ], [ 88.91855701, 22.42201 ], [ 88.90777601, 22.415832 ], [ 88.92582001, 22.406232 ], [ 88.92771901, 22.397172 ], [ 88.92167001, 22.391946 ], [ 88.93000001, 22.39139 ], [ 88.92222601, 22.383889 ], [ 88.92305801, 22.389166 ], [ 88.91529101, 22.391873 ], [ 88.90165001, 22.385783 ], [ 88.89643101, 22.37983 ], [ 88.90733401, 22.335791 ], [ 88.92867401, 22.313311 ], [ 88.94194801, 22.309881 ], [ 88.94602301, 22.316892 ], [ 88.94468701, 22.327643 ], [ 88.95078401, 22.344041 ], [ 88.94898301, 22.358292 ], [ 88.95347501, 22.365531 ], [ 88.94473901, 22.37042 ], [ 88.94493101, 22.38043 ], [ 88.93882701, 22.385642 ], [ 88.93415101, 22.395862 ], [ 88.94024701, 22.401391 ], [ 88.93944501, 22.419011 ], [ 88.94660201, 22.420572 ], [ 88.94020901, 22.4185 ], [ 88.94196401, 22.400281 ], [ 88.93527901, 22.39583 ], [ 88.93944501, 22.386668 ], [ 88.94666301, 22.381392 ], [ 88.94555801, 22.371388 ], [ 88.95777801, 22.364722 ], [ 88.96444701, 22.373889 ], [ 88.96472101, 22.389722 ], [ 88.97027501, 22.393893 ], [ 88.96360801, 22.403613 ], [ 88.96416501, 22.409167 ], [ 88.98166601, 22.416941 ], [ 88.99861101, 22.430293 ], [ 88.99028101, 22.43778 ], [ 88.98805201, 22.445554 ], [ 88.99527701, 22.466943 ], [ 88.97833201, 22.482501 ], [ 88.97138901, 22.498892 ], [ 88.96109701, 22.546554 ], [ 88.95658201, 22.551171 ], [ 88.93158001, 22.55758 ] ] ], [ [ [ 88.69991201, 22.208232 ], [ 88.68388301, 22.207243 ], [ 88.68562201, 22.19866 ], [ 88.68083201, 22.187501 ], [ 88.65286201, 22.163392 ], [ 88.65017701, 22.146631 ], [ 88.63647501, 22.119779 ], [ 88.63418701, 22.106211 ], [ 88.65352501, 22.078107 ], [ 88.66160501, 22.05217 ], [ 88.66377201, 22.023761 ], [ 88.67806901, 22.021881 ], [ 88.70372801, 22.00672 ], [ 88.71444701, 22.010834 ], [ 88.72104701, 22.0053 ], [ 88.73352101, 22.01087 ], [ 88.73967701, 22.017696 ], [ 88.73574001, 22.031615 ], [ 88.72941601, 22.03832 ], [ 88.70226201, 22.04921 ], [ 88.69111701, 22.057052 ], [ 88.68425001, 22.066896 ], [ 88.68305101, 22.080831 ], [ 88.69155901, 22.092429 ], [ 88.72289301, 22.112832 ], [ 88.72759901, 22.123542 ], [ 88.73805201, 22.134541 ], [ 88.75444801, 22.145234 ], [ 88.76638801, 22.14611 ], [ 88.78917001, 22.169448 ], [ 88.78156201, 22.175784 ], [ 88.76889701, 22.180019 ], [ 88.76497701, 22.1922 ], [ 88.74047901, 22.197201 ], [ 88.73189601, 22.19399 ], [ 88.71930801, 22.197579 ], [ 88.69991201, 22.208232 ] ] ], [ [ [ 93.71289577, 7.44426341 ], [ 93.70509741, 7.4425004 ], [ 93.70986315, 7.42355019 ], [ 93.7037121, 7.40241075 ], [ 93.70913995, 7.40015107 ], [ 93.70875767, 7.39440883 ], [ 93.69558439, 7.39313412 ], [ 93.69445242, 7.39018342 ], [ 93.68439595, 7.38729517 ], [ 93.6815379, 7.37838877 ], [ 93.67432891, 7.37318971 ], [ 93.66353055, 7.38135764 ], [ 93.64970203, 7.36832843 ], [ 93.64132006, 7.37364917 ], [ 93.6328773, 7.37102665 ], [ 93.63163043, 7.35889828 ], [ 93.63654367, 7.32111033 ], [ 93.62121373, 7.30926211 ], [ 93.62991604, 7.30243874 ], [ 93.63495485, 7.28611873 ], [ 93.63124052, 7.27957411 ], [ 93.6343545, 7.27543887 ], [ 93.6297233, 7.26503074 ], [ 93.63622371, 7.26137567 ], [ 93.63927963, 7.25241013 ], [ 93.6471729, 7.24386973 ], [ 93.65410737, 7.24531272 ], [ 93.66879183, 7.25818026 ], [ 93.67170388, 7.26858955 ], [ 93.6797724, 7.27518339 ], [ 93.67864973, 7.28157117 ], [ 93.69898424, 7.29872579 ], [ 93.69972386, 7.30280346 ], [ 93.72420376, 7.30819953 ], [ 93.73621128, 7.32729307 ], [ 93.73923796, 7.34231722 ], [ 93.75704909, 7.3579152 ], [ 93.75647657, 7.37449962 ], [ 93.72301072, 7.39986822 ], [ 93.72035426, 7.42976485 ], [ 93.71289577, 7.44426341 ] ] ], [ [ [ 88.27200201, 21.754406 ], [ 88.21710901, 21.761929 ], [ 88.21450001, 21.754761 ], [ 88.21093801, 21.726439 ], [ 88.22000901, 21.708379 ], [ 88.22038201, 21.70003 ], [ 88.21555301, 21.694722 ], [ 88.19777801, 21.689168 ], [ 88.20506201, 21.675571 ], [ 88.22633301, 21.675055 ], [ 88.23333001, 21.668056 ], [ 88.23145201, 21.657187 ], [ 88.23683101, 21.6449 ], [ 88.23473401, 21.635378 ], [ 88.21639201, 21.616388 ], [ 88.23306301, 21.60806 ], [ 88.24277501, 21.596667 ], [ 88.24527701, 21.5825 ], [ 88.24054801, 21.573611 ], [ 88.24833601, 21.563888 ], [ 88.26889101, 21.55778 ], [ 88.28583501, 21.561666 ], [ 88.28861301, 21.567223 ], [ 88.29166501, 21.563054 ], [ 88.30053701, 21.571952 ], [ 88.30610701, 21.583329 ], [ 88.30222401, 21.589171 ], [ 88.28861301, 21.597779 ], [ 88.28639301, 21.603889 ], [ 88.28971801, 21.61028 ], [ 88.28833001, 21.623059 ], [ 88.29860701, 21.64722 ], [ 88.29389101, 21.648611 ], [ 88.29972101, 21.649445 ], [ 88.31138601, 21.671113 ], [ 88.31028101, 21.676389 ], [ 88.28415701, 21.707221 ], [ 88.27665601, 21.725561 ], [ 88.26207001, 21.730174 ], [ 88.27200201, 21.754406 ] ] ], [ [ [ 93.5195859, 8.23225309 ], [ 93.49425914, 8.22272451 ], [ 93.49092878, 8.19954633 ], [ 93.47602343, 8.18397911 ], [ 93.45949344, 8.17963516 ], [ 93.45375029, 8.16804795 ], [ 93.45658044, 8.14449911 ], [ 93.46268526, 8.14381418 ], [ 93.46552505, 8.13956471 ], [ 93.45886451, 8.13294735 ], [ 93.46112658, 8.1199671 ], [ 93.46846111, 8.11879525 ], [ 93.46465375, 8.1161134 ], [ 93.46614015, 8.10877965 ], [ 93.47823419, 8.09104692 ], [ 93.48186832, 8.09644662 ], [ 93.48991659, 8.09088289 ], [ 93.48093855, 8.08688063 ], [ 93.48553959, 8.0520438 ], [ 93.49242855, 8.0516211 ], [ 93.49453409, 8.06024467 ], [ 93.49137379, 8.06350616 ], [ 93.51269075, 8.07438481 ], [ 93.51432977, 8.08436476 ], [ 93.52016934, 8.08200095 ], [ 93.52353863, 8.08414892 ], [ 93.52400855, 8.07869442 ], [ 93.53084975, 8.07916178 ], [ 93.52474246, 8.07455085 ], [ 93.52563212, 8.06731297 ], [ 93.53163178, 8.06861999 ], [ 93.52973466, 8.06458309 ], [ 93.52420886, 8.06359039 ], [ 93.52562233, 8.0528384 ], [ 93.51835714, 8.04707435 ], [ 93.51388577, 8.04886036 ], [ 93.51568084, 8.05814182 ], [ 93.51201453, 8.06806318 ], [ 93.50905042, 8.05756917 ], [ 93.50394585, 8.05662867 ], [ 93.50973048, 8.05131246 ], [ 93.5064112, 8.04445978 ], [ 93.50877454, 8.03743077 ], [ 93.50427233, 8.04797142 ], [ 93.4999361, 8.03937667 ], [ 93.49007301, 8.04630524 ], [ 93.48578725, 8.04446553 ], [ 93.48661078, 8.01578539 ], [ 93.49256638, 8.0007094 ], [ 93.50146913, 7.99794078 ], [ 93.5018912, 8.00128997 ], [ 93.50550229, 7.99952929 ], [ 93.50886897, 8.00986862 ], [ 93.50534526, 8.01715586 ], [ 93.51164566, 8.0169007 ], [ 93.50639794, 8.02332475 ], [ 93.50829894, 8.03417952 ], [ 93.52071863, 8.03752796 ], [ 93.52608263, 8.03322398 ], [ 93.53051352, 8.04942622 ], [ 93.53708929, 8.04727146 ], [ 93.5416516, 8.03840068 ], [ 93.54971474, 8.03571534 ], [ 93.54955204, 8.0429586 ], [ 93.5447728, 8.04904912 ], [ 93.54861538, 8.05103921 ], [ 93.55246673, 8.06477672 ], [ 93.54780121, 8.08890437 ], [ 93.53359871, 8.09720062 ], [ 93.5199894, 8.12783715 ], [ 93.50316089, 8.14793403 ], [ 93.51179915, 8.15831244 ], [ 93.51070053, 8.16859216 ], [ 93.52180918, 8.17288525 ], [ 93.53339669, 8.18415271 ], [ 93.5326568, 8.17990528 ], [ 93.52428289, 8.17272625 ], [ 93.53434131, 8.18016632 ], [ 93.53774116, 8.19084713 ], [ 93.54521453, 8.20063565 ], [ 93.54346729, 8.22475264 ], [ 93.52988145, 8.23196355 ], [ 93.5195859, 8.23225309 ] ] ], [ [ [ 88.81305801, 22.019166 ], [ 88.80139101, 22.029723 ], [ 88.78028201, 22.016112 ], [ 88.76172701, 22.014907 ], [ 88.76162701, 22.007761 ], [ 88.77249801, 22.012219 ], [ 88.76148301, 22.006335 ], [ 88.76000201, 21.99611 ], [ 88.75360901, 21.988058 ], [ 88.76304701, 21.986112 ], [ 88.77111001, 21.991115 ], [ 88.77666501, 21.990834 ], [ 88.78468301, 21.9844 ], [ 88.78984001, 21.985278 ], [ 88.78174501, 21.978285 ], [ 88.78224901, 21.974254 ], [ 88.80029201, 21.970454 ], [ 88.78196801, 21.972704 ], [ 88.77999201, 21.977602 ], [ 88.78325601, 21.982449 ], [ 88.77444501, 21.989722 ], [ 88.76444201, 21.984441 ], [ 88.75332601, 21.98528 ], [ 88.74972501, 21.981946 ], [ 88.75694301, 21.972501 ], [ 88.75250401, 21.956112 ], [ 88.77555901, 21.94333 ], [ 88.78722401, 21.954999 ], [ 88.79055801, 21.941669 ], [ 88.82483601, 21.93985 ], [ 88.84110901, 21.924689 ], [ 88.85658301, 21.91906 ], [ 88.86803501, 21.922004 ], [ 88.89456201, 21.921943 ], [ 88.90727301, 21.929537 ], [ 88.90783801, 21.964781 ], [ 88.90239801, 21.987101 ], [ 88.90249601, 22.01167 ], [ 88.87526701, 22.012219 ], [ 88.86638701, 22.024447 ], [ 88.84833401, 22.0175 ], [ 88.82611001, 22.021669 ], [ 88.81305801, 22.019166 ] ] ], [ [ [ 71.83980389, 11.84534846 ], [ 71.83067636, 11.89300567 ], [ 71.80847949, 11.93997492 ], [ 71.79485365, 11.98652721 ], [ 71.78391513, 12.00382462 ], [ 71.77335382, 12.00350784 ], [ 71.73445445, 11.96109202 ], [ 71.73147924, 11.95443917 ], [ 71.73763841, 11.94036948 ], [ 71.75176041, 11.92790078 ], [ 71.7610248, 11.87232071 ], [ 71.77668874, 11.84067837 ], [ 71.78789832, 11.83295077 ], [ 71.81488516, 11.831286 ], [ 71.84192039, 11.82160015 ], [ 71.84517822, 11.82406404 ], [ 71.84545734, 11.83311002 ], [ 71.83980389, 11.84534846 ] ] ], [ [ [ 88.98285601, 22.371341 ], [ 88.98886801, 22.391559 ], [ 88.97107701, 22.40832 ], [ 88.96736201, 22.40769 ], [ 88.97416801, 22.395003 ], [ 88.96782001, 22.388582 ], [ 88.96462301, 22.367441 ], [ 88.95391101, 22.359728 ], [ 88.95668001, 22.349901 ], [ 88.95140801, 22.325111 ], [ 88.95330001, 22.279439 ], [ 88.94721901, 22.25556 ], [ 88.96170101, 22.242186 ], [ 88.96782701, 22.216052 ], [ 88.97252001, 22.209711 ], [ 88.98628101, 22.205602 ], [ 88.99999901, 22.211947 ], [ 89.01972301, 22.205554 ], [ 89.02720501, 22.187711 ], [ 89.02295001, 22.166262 ], [ 89.03519401, 22.152867 ], [ 89.05500901, 22.143046 ], [ 89.06218801, 22.12843 ], [ 89.09075201, 22.146039 ], [ 89.09626101, 22.155012 ], [ 89.09200401, 22.157492 ], [ 89.07686601, 22.144763 ], [ 89.06864201, 22.147361 ], [ 89.06083601, 22.16731 ], [ 89.06197401, 22.176402 ], [ 89.06912301, 22.189933 ], [ 89.06690101, 22.198315 ], [ 89.03704901, 22.226713 ], [ 89.03239501, 22.257299 ], [ 89.01454901, 22.251599 ], [ 89.01143601, 22.258252 ], [ 89.01723059, 22.2688276 ], [ 88.99388901, 22.286112 ], [ 88.99396401, 22.293098 ], [ 88.99999901, 22.298055 ], [ 89.02346622, 22.29695309 ], [ 89.00142458, 22.32188314 ], [ 88.99006701, 22.321143 ], [ 88.98361201, 22.325338 ], [ 88.98768501, 22.349641 ], [ 88.98527601, 22.356948 ], [ 88.98857901, 22.363874 ], [ 88.98285601, 22.371341 ] ] ], [ [ [ 92.81349511, 9.22127515 ], [ 92.77824461, 9.25635794 ], [ 92.77462079, 9.2561857 ], [ 92.77876834, 9.24279454 ], [ 92.77396928, 9.2392716 ], [ 92.77574926, 9.23165462 ], [ 92.76633269, 9.21539867 ], [ 92.74661788, 9.21227369 ], [ 92.74290335, 9.21695728 ], [ 92.73666868, 9.21602743 ], [ 92.72705624, 9.21986511 ], [ 92.72209186, 9.21475043 ], [ 92.71967774, 9.14575328 ], [ 92.72622243, 9.13820379 ], [ 92.72623375, 9.130451 ], [ 92.73326516, 9.12319279 ], [ 92.75568796, 9.12671275 ], [ 92.7635887, 9.12507593 ], [ 92.76918359, 9.12866104 ], [ 92.78436723, 9.11861009 ], [ 92.79889585, 9.11901605 ], [ 92.81263712, 9.12542898 ], [ 92.8126311, 9.13037146 ], [ 92.81711149, 9.13473784 ], [ 92.82968725, 9.13795069 ], [ 92.82879365, 9.15151726 ], [ 92.83180262, 9.16363468 ], [ 92.82492363, 9.17945779 ], [ 92.82631002, 9.18998817 ], [ 92.82014043, 9.21081676 ], [ 92.81349511, 9.22127515 ] ] ], [ [ [ 92.63906671, 11.51177241 ], [ 92.6365307, 11.51740937 ], [ 92.63212879, 11.51477172 ], [ 92.62716523, 11.50295955 ], [ 92.62076293, 11.49786542 ], [ 92.61149611, 11.45963342 ], [ 92.62052803, 11.44196228 ], [ 92.6242949, 11.44156599 ], [ 92.62359158, 11.43470882 ], [ 92.62043917, 11.4357956 ], [ 92.61965545, 11.43106796 ], [ 92.62360276, 11.43092479 ], [ 92.62476279, 11.42680784 ], [ 92.62452097, 11.40856055 ], [ 92.61572619, 11.40083356 ], [ 92.58716901, 11.40090642 ], [ 92.59279685, 11.38011029 ], [ 92.5815045, 11.36777719 ], [ 92.58864948, 11.3550337 ], [ 92.59822921, 11.34776934 ], [ 92.62918449, 11.35012748 ], [ 92.63821141, 11.34718764 ], [ 92.65218714, 11.35784828 ], [ 92.66407193, 11.35427232 ], [ 92.66695156, 11.36161663 ], [ 92.68613299, 11.36769833 ], [ 92.69202764, 11.37533951 ], [ 92.69023364, 11.38161487 ], [ 92.69359947, 11.387314 ], [ 92.68952643, 11.3874737 ], [ 92.6890953, 11.39098899 ], [ 92.67772134, 11.39305999 ], [ 92.67475244, 11.39959736 ], [ 92.66489362, 11.39483128 ], [ 92.66016569, 11.4065774 ], [ 92.64864298, 11.40713811 ], [ 92.67131137, 11.41590204 ], [ 92.67444177, 11.4205126 ], [ 92.67205219, 11.42720522 ], [ 92.6841873, 11.42714517 ], [ 92.68106207, 11.43119361 ], [ 92.6857147, 11.43620662 ], [ 92.67587632, 11.46199094 ], [ 92.67708739, 11.47129367 ], [ 92.67152128, 11.47690394 ], [ 92.66910656, 11.48987856 ], [ 92.65516364, 11.4916448 ], [ 92.65567023, 11.49445109 ], [ 92.64445794, 11.50130213 ], [ 92.64533197, 11.51199421 ], [ 92.63906671, 11.51177241 ] ] ], [ [ [ 92.69382877, 12.99272704 ], [ 92.68437765, 12.98772821 ], [ 92.67304015, 12.9647192 ], [ 92.66949327, 12.96304588 ], [ 92.6674935, 12.95090111 ], [ 92.67096691, 12.94814995 ], [ 92.67631792, 12.95028509 ], [ 92.67724649, 12.94649766 ], [ 92.67985522, 12.94816353 ], [ 92.67968387, 12.94260526 ], [ 92.67053029, 12.92298811 ], [ 92.67068024, 12.90580949 ], [ 92.66538897, 12.90301876 ], [ 92.66512403, 12.88216611 ], [ 92.64806168, 12.86169227 ], [ 92.65100442, 12.84614409 ], [ 92.66098332, 12.82837464 ], [ 92.66126102, 12.81899997 ], [ 92.66571344, 12.8117273 ], [ 92.66468612, 12.79878816 ], [ 92.65906631, 12.79592447 ], [ 92.6676388, 12.7904697 ], [ 92.66821654, 12.78269959 ], [ 92.67522456, 12.80758038 ], [ 92.68275639, 12.80896914 ], [ 92.68928413, 12.81728397 ], [ 92.68477994, 12.8298499 ], [ 92.67672635, 12.82469156 ], [ 92.67843789, 12.8322382 ], [ 92.6762228, 12.83591461 ], [ 92.67989556, 12.8382324 ], [ 92.69227332, 12.83501081 ], [ 92.70173019, 12.84160496 ], [ 92.70307304, 12.85182018 ], [ 92.71320687, 12.86103967 ], [ 92.71961609, 12.87433406 ], [ 92.71846707, 12.87844606 ], [ 92.7133177, 12.87811075 ], [ 92.71135686, 12.88333986 ], [ 92.71835169, 12.88082781 ], [ 92.72150809, 12.8889826 ], [ 92.72267791, 12.90537815 ], [ 92.72007059, 12.92056699 ], [ 92.7164234, 12.92279718 ], [ 92.72105532, 12.92468331 ], [ 92.72141338, 12.94684358 ], [ 92.71479763, 12.94329322 ], [ 92.72023937, 12.9626127 ], [ 92.72031533, 12.97888961 ], [ 92.70939927, 12.98951378 ], [ 92.70749213, 12.98647823 ], [ 92.69382877, 12.99272704 ] ] ], [ [ [ 88.91500101, 21.92796 ], [ 88.90497501, 21.919579 ], [ 88.89006801, 21.914656 ], [ 88.87548101, 21.917499 ], [ 88.85686501, 21.910707 ], [ 88.84913001, 21.911785 ], [ 88.81961701, 21.928199 ], [ 88.82360801, 21.915557 ], [ 88.83944801, 21.90639 ], [ 88.85416401, 21.889445 ], [ 88.85415801, 21.869721 ], [ 88.86111301, 21.864999 ], [ 88.85721601, 21.85861 ], [ 88.87805201, 21.85389 ], [ 88.88249901, 21.829722 ], [ 88.88027901, 21.821109 ], [ 88.88804601, 21.812221 ], [ 88.91361301, 21.827222 ], [ 88.92305801, 21.824439 ], [ 88.92278201, 21.835559 ], [ 88.92639201, 21.838333 ], [ 88.93222001, 21.83833 ], [ 88.93332801, 21.845831 ], [ 88.93916201, 21.85 ], [ 88.92639201, 21.850829 ], [ 88.92167001, 21.85389 ], [ 88.91444301, 21.861389 ], [ 88.91388701, 21.879168 ], [ 88.90777601, 21.878056 ], [ 88.90693801, 21.87889 ], [ 88.91500101, 21.880832 ], [ 88.91777701, 21.860557 ], [ 88.92694201, 21.85221 ], [ 88.93916201, 21.853612 ], [ 88.94721901, 21.840562 ], [ 88.95276701, 21.85139 ], [ 88.95028001, 21.864167 ], [ 88.95694701, 21.869723 ], [ 88.95166801, 21.874719 ], [ 88.94944801, 21.884171 ], [ 88.94277901, 21.882778 ], [ 88.94333601, 21.884722 ], [ 88.94944801, 21.886671 ], [ 88.95194201, 21.877219 ], [ 88.95888601, 21.869723 ], [ 88.95194201, 21.864167 ], [ 88.95555901, 21.85389 ], [ 88.96444701, 21.863059 ], [ 88.97667001, 21.867501 ], [ 88.96611101, 21.890279 ], [ 88.97389201, 21.897779 ], [ 88.93444901, 21.915276 ], [ 88.91500101, 21.92796 ] ] ], [ [ [ 89.01554801, 22.053472 ], [ 89.01568701, 22.062932 ], [ 89.00833201, 22.050821 ], [ 89.00170201, 22.059352 ], [ 88.99452901, 22.054566 ], [ 88.98493201, 22.054949 ], [ 88.98550401, 22.045916 ], [ 88.96807801, 22.015542 ], [ 88.97915701, 22.004721 ], [ 88.97447301, 21.993642 ], [ 88.98262101, 21.993745 ], [ 88.99440001, 22.006034 ], [ 88.99935901, 22.007105 ], [ 88.98306301, 21.992799 ], [ 88.97556301, 21.991393 ], [ 88.98969301, 21.98567 ], [ 88.99244001, 21.973631 ], [ 89.00624901, 21.988997 ], [ 89.01979101, 21.99722 ], [ 89.02832901, 21.997423 ], [ 89.03250201, 22.002082 ], [ 89.02980101, 21.996532 ], [ 89.01879101, 21.994991 ], [ 89.00544001, 21.98649 ], [ 89.01526701, 21.983842 ], [ 89.01806601, 21.975534 ], [ 89.00312901, 21.959512 ], [ 88.99955001, 21.949484 ], [ 89.03079301, 21.926305 ], [ 89.04942201, 21.929708 ], [ 89.04146601, 21.93263 ], [ 89.04103801, 21.951045 ], [ 89.04216801, 21.934043 ], [ 89.05152801, 21.930102 ], [ 89.05976101, 21.931971 ], [ 89.06358301, 21.935091 ], [ 89.07026701, 21.954375 ], [ 89.07214301, 21.966714 ], [ 89.06965701, 21.974871 ], [ 89.06944201, 21.984731 ], [ 89.07235701, 21.969271 ], [ 89.07772901, 21.981492 ], [ 89.07357701, 22.00416 ], [ 89.04805701, 22.034721 ], [ 89.04081001, 22.048872 ], [ 89.02620701, 22.051924 ], [ 89.01917401, 22.049723 ], [ 89.01554801, 22.053472 ] ] ], [ [ [ 88.33113001, 21.860687 ], [ 88.31852001, 21.85902 ], [ 88.31166201, 21.853938 ], [ 88.31535401, 21.84466 ], [ 88.30702101, 21.82969 ], [ 88.27424501, 21.818671 ], [ 88.26279501, 21.81107 ], [ 88.25977301, 21.804207 ], [ 88.26419901, 21.793949 ], [ 88.28598001, 21.789069 ], [ 88.29601301, 21.77405 ], [ 88.29924701, 21.78362 ], [ 88.30973101, 21.783889 ], [ 88.30837301, 21.788629 ], [ 88.31034901, 21.793486 ], [ 88.30747901, 21.796631 ], [ 88.29695901, 21.799811 ], [ 88.29389101, 21.802781 ], [ 88.31085901, 21.795635 ], [ 88.31111201, 21.783057 ], [ 88.30030001, 21.782359 ], [ 88.29834001, 21.777152 ], [ 88.30969901, 21.733766 ], [ 88.30623701, 21.71541 ], [ 88.31710001, 21.70891 ], [ 88.33222901, 21.710439 ], [ 88.34500101, 21.721666 ], [ 88.34027901, 21.740476 ], [ 88.34293401, 21.759589 ], [ 88.35706401, 21.766946 ], [ 88.37695201, 21.7675 ], [ 88.37996701, 21.787269 ], [ 88.36081601, 21.796832 ], [ 88.36055801, 21.806701 ], [ 88.35037301, 21.826401 ], [ 88.35272301, 21.854243 ], [ 88.33113001, 21.860687 ] ] ], [ [ [ 92.998472, 12.03371255 ], [ 92.97456392, 12.04294059 ], [ 92.974571, 12.03599218 ], [ 92.96981154, 12.03280624 ], [ 92.96308207, 12.0428453 ], [ 92.96487248, 12.03874507 ], [ 92.95129229, 12.01353241 ], [ 92.93990481, 12.00640417 ], [ 92.93216669, 12.00597691 ], [ 92.92537315, 11.9979324 ], [ 92.93457173, 11.98538553 ], [ 92.94792128, 11.98598625 ], [ 92.96000049, 11.98181321 ], [ 92.97380859, 11.94942894 ], [ 92.98469477, 11.94600706 ], [ 92.99081104, 11.95153805 ], [ 93.00220677, 11.94861825 ], [ 92.99490185, 11.94116094 ], [ 93.01575565, 11.91325954 ], [ 93.02572152, 11.88940831 ], [ 93.03507732, 11.88255078 ], [ 93.04502108, 11.88448366 ], [ 93.05334296, 11.89612627 ], [ 93.05333724, 11.90407939 ], [ 93.04678431, 11.91386964 ], [ 93.04643653, 11.92425029 ], [ 93.0368968, 11.94739094 ], [ 93.0276258, 11.95182075 ], [ 93.02540346, 11.96605081 ], [ 93.00675108, 12.00102872 ], [ 93.00979849, 12.01681186 ], [ 92.998472, 12.03371255 ] ] ], [ [ [ 93.12786837, 8.35541538 ], [ 93.11349197, 8.34709352 ], [ 93.1062451, 8.34921928 ], [ 93.09551818, 8.33946689 ], [ 93.09476095, 8.32358209 ], [ 93.08565173, 8.30665705 ], [ 93.08442725, 8.28295421 ], [ 93.08718569, 8.27102645 ], [ 93.1004507, 8.25314719 ], [ 93.104438, 8.24220454 ], [ 93.1162982, 8.23241257 ], [ 93.1207785, 8.22405966 ], [ 93.15911569, 8.2068777 ], [ 93.16214438, 8.20215422 ], [ 93.17271185, 8.20201342 ], [ 93.18879285, 8.19412975 ], [ 93.20079009, 8.19621794 ], [ 93.20324148, 8.21681491 ], [ 93.19390939, 8.22503389 ], [ 93.15322323, 8.24350568 ], [ 93.13135738, 8.26628369 ], [ 93.12619402, 8.27598486 ], [ 93.12655851, 8.28589652 ], [ 93.13282027, 8.30155622 ], [ 93.1323284, 8.31389399 ], [ 93.14094308, 8.32999188 ], [ 93.14299895, 8.34312606 ], [ 93.14251844, 8.34729014 ], [ 93.13177654, 8.34852043 ], [ 93.12786837, 8.35541538 ] ] ], [ [ [ 79.32715131, 9.29651 ], [ 79.33362892, 9.30298758 ], [ 79.33324199, 9.31293904 ], [ 79.31681944, 9.32491621 ], [ 79.28986402, 9.31628162 ], [ 79.27980974, 9.29906221 ], [ 79.27070878, 9.29348884 ], [ 79.22419372, 9.29333136 ], [ 79.20868098, 9.28828387 ], [ 79.20555829, 9.27801268 ], [ 79.21455639, 9.27363273 ], [ 79.21983428, 9.25830246 ], [ 79.26240175, 9.26111127 ], [ 79.32597388, 9.2343103 ], [ 79.38828377, 9.19048972 ], [ 79.41727054, 9.17575344 ], [ 79.42430215, 9.16678996 ], [ 79.42595649, 9.17251469 ], [ 79.41657463, 9.18374099 ], [ 79.35453494, 9.23050063 ], [ 79.33619393, 9.24901523 ], [ 79.3160093, 9.27858832 ], [ 79.32300709, 9.28599283 ], [ 79.32715131, 9.29651 ] ] ], [ [ [ 72.26489489, 10.01130362 ], [ 72.30566393, 10.03390269 ], [ 72.32030946, 10.05258637 ], [ 72.3342926, 10.0787682 ], [ 72.34210513, 10.1013534 ], [ 72.32958349, 10.13905797 ], [ 72.32292753, 10.13691017 ], [ 72.31346158, 10.12140501 ], [ 72.30088443, 10.1104198 ], [ 72.27632523, 10.09306289 ], [ 72.26926294, 10.07730681 ], [ 72.25782401, 10.07029249 ], [ 72.24356855, 10.05420483 ], [ 72.23480945, 10.02208684 ], [ 72.23586198, 10.01479388 ], [ 72.24441893, 10.00633078 ], [ 72.25170962, 10.01042567 ], [ 72.26489489, 10.01130362 ] ] ], [ [ [ 88.44091801, 21.906174 ], [ 88.43333301, 21.900834 ], [ 88.41900701, 21.902402 ], [ 88.41884701, 21.889299 ], [ 88.39998701, 21.872499 ], [ 88.40071901, 21.856791 ], [ 88.39251601, 21.832601 ], [ 88.40053701, 21.81249 ], [ 88.40152801, 21.798031 ], [ 88.41826601, 21.811612 ], [ 88.42402501, 21.812401 ], [ 88.42691801, 21.81032 ], [ 88.43062601, 21.80049 ], [ 88.44489301, 21.80188 ], [ 88.46145601, 21.78981 ], [ 88.46435501, 21.795041 ], [ 88.44969101, 21.804444 ], [ 88.44806601, 21.815282 ], [ 88.45218601, 21.82054 ], [ 88.46694101, 21.826942 ], [ 88.47675301, 21.8372 ], [ 88.48847201, 21.837829 ], [ 88.49015001, 21.856381 ], [ 88.48210901, 21.88782 ], [ 88.45958001, 21.893989 ], [ 88.45201801, 21.904849 ], [ 88.44091801, 21.906174 ] ] ], [ [ [ 88.84069901, 22.19122 ], [ 88.83547301, 22.206735 ], [ 88.82845301, 22.208323 ], [ 88.82676701, 22.198359 ], [ 88.84050801, 22.174941 ], [ 88.83796001, 22.166681 ], [ 88.82959101, 22.165291 ], [ 88.80919701, 22.17941 ], [ 88.79078601, 22.160101 ], [ 88.78141001, 22.154882 ], [ 88.77553601, 22.14567 ], [ 88.74777901, 22.133891 ], [ 88.73455101, 22.104009 ], [ 88.70292801, 22.078841 ], [ 88.70471901, 22.065 ], [ 88.71584401, 22.058253 ], [ 88.73916601, 22.056991 ], [ 88.74070001, 22.065934 ], [ 88.74958901, 22.081056 ], [ 88.76956301, 22.09229 ], [ 88.77194201, 22.106391 ], [ 88.77764201, 22.111221 ], [ 88.79464701, 22.114161 ], [ 88.79811101, 22.124503 ], [ 88.80461101, 22.130541 ], [ 88.82106001, 22.126696 ], [ 88.82927601, 22.134404 ], [ 88.85588701, 22.144453 ], [ 88.84561101, 22.148202 ], [ 88.85138601, 22.155702 ], [ 88.84336801, 22.167682 ], [ 88.85079101, 22.173564 ], [ 88.86779801, 22.170303 ], [ 88.86384601, 22.197611 ], [ 88.85961101, 22.2041 ], [ 88.85480501, 22.205214 ], [ 88.84914301, 22.190799 ], [ 88.84516901, 22.189149 ], [ 88.84069901, 22.19122 ] ] ], [ [ [ 88.99819901, 22.199327 ], [ 88.97268601, 22.193438 ], [ 88.97642401, 22.169557 ], [ 88.99076001, 22.154134 ], [ 88.99694101, 22.138028 ], [ 88.99610901, 22.12694 ], [ 88.98036901, 22.079283 ], [ 88.97428201, 22.069578 ], [ 88.96235701, 22.06048 ], [ 88.96604301, 22.055972 ], [ 88.96311801, 22.049675 ], [ 88.97791201, 22.039922 ], [ 88.98438301, 22.046092 ], [ 88.98345301, 22.054532 ], [ 88.98529001, 22.056982 ], [ 88.99424701, 22.056182 ], [ 89.00170901, 22.060264 ], [ 89.00799501, 22.052471 ], [ 89.01472501, 22.064444 ], [ 89.01802101, 22.060858 ], [ 89.01741001, 22.051977 ], [ 89.02604801, 22.052932 ], [ 89.02893801, 22.059562 ], [ 89.02774801, 22.077448 ], [ 89.02138501, 22.077779 ], [ 89.02337701, 22.078786 ], [ 89.02880101, 22.077131 ], [ 89.02996801, 22.059122 ], [ 89.02767301, 22.053522 ], [ 89.03822301, 22.053392 ], [ 89.03111201, 22.093332 ], [ 89.03553101, 22.109295 ], [ 89.01824801, 22.111307 ], [ 89.01464701, 22.114008 ], [ 89.03013001, 22.122942 ], [ 89.02970101, 22.119521 ], [ 89.01629801, 22.114193 ], [ 89.03526201, 22.110471 ], [ 89.05047501, 22.130632 ], [ 89.02221601, 22.148612 ], [ 89.01444201, 22.164443 ], [ 89.01368801, 22.195182 ], [ 88.99819901, 22.199327 ] ] ], [ [ [ 88.90035301, 22.546328 ], [ 88.89489001, 22.554189 ], [ 88.89055501, 22.547778 ], [ 88.88833501, 22.553892 ], [ 88.87000201, 22.530561 ], [ 88.86805801, 22.534167 ], [ 88.87182501, 22.541414 ], [ 88.86895801, 22.540473 ], [ 88.86730101, 22.534511 ], [ 88.86785101, 22.522292 ], [ 88.86000101, 22.518892 ], [ 88.85666701, 22.509974 ], [ 88.84361201, 22.506799 ], [ 88.84570401, 22.5017 ], [ 88.86023801, 22.500258 ], [ 88.86213701, 22.492942 ], [ 88.86773701, 22.487868 ], [ 88.85839001, 22.48184 ], [ 88.86044301, 22.468511 ], [ 88.85675801, 22.455482 ], [ 88.86104501, 22.445483 ], [ 88.85478201, 22.437921 ], [ 88.85612401, 22.422781 ], [ 88.86189301, 22.412839 ], [ 88.87039901, 22.41107 ], [ 88.88218601, 22.403636 ], [ 88.87660201, 22.386918 ], [ 88.88639101, 22.372498 ], [ 88.88576501, 22.376494 ], [ 88.88979401, 22.376222 ], [ 88.88964801, 22.371666 ], [ 88.89805601, 22.366666 ], [ 88.89639201, 22.373611 ], [ 88.89389001, 22.371671 ], [ 88.88804601, 22.378333 ], [ 88.89444801, 22.377784 ], [ 88.89779601, 22.386251 ], [ 88.91670201, 22.395112 ], [ 88.92167001, 22.401391 ], [ 88.90277801, 22.414724 ], [ 88.90801301, 22.434156 ], [ 88.89232601, 22.465353 ], [ 88.89662201, 22.474932 ], [ 88.89277701, 22.486113 ], [ 88.90528801, 22.498393 ], [ 88.90333401, 22.500002 ], [ 88.90000201, 22.496946 ], [ 88.89499701, 22.50083 ], [ 88.89833201, 22.508611 ], [ 88.90334401, 22.504442 ], [ 88.90577801, 22.521134 ], [ 88.90235201, 22.52686 ], [ 88.90035301, 22.546328 ] ] ], [ [ [ 88.71639301, 21.90639 ], [ 88.71250201, 21.886944 ], [ 88.69832601, 21.860001 ], [ 88.69694501, 21.848612 ], [ 88.70305501, 21.8575 ], [ 88.71749801, 21.855556 ], [ 88.71138801, 21.853329 ], [ 88.70333101, 21.856112 ], [ 88.69666201, 21.838055 ], [ 88.70249901, 21.82417 ], [ 88.70444601, 21.829444 ], [ 88.71527801, 21.826944 ], [ 88.71971801, 21.834445 ], [ 88.72805801, 21.837499 ], [ 88.72027701, 21.833335 ], [ 88.71666601, 21.82611 ], [ 88.70500201, 21.82778 ], [ 88.70361401, 21.819441 ], [ 88.70749701, 21.811389 ], [ 88.71833001, 21.808059 ], [ 88.72583101, 21.794446 ], [ 88.73583201, 21.79806 ], [ 88.74194401, 21.808889 ], [ 88.75166301, 21.815282 ], [ 88.75250401, 21.789441 ], [ 88.75776601, 21.781111 ], [ 88.77500101, 21.809999 ], [ 88.77388901, 21.816102 ], [ 88.77722101, 21.82167 ], [ 88.76388601, 21.828612 ], [ 88.76860801, 21.8525 ], [ 88.78056401, 21.85944 ], [ 88.77500101, 21.864999 ], [ 88.77139301, 21.876399 ], [ 88.75611101, 21.880278 ], [ 88.75666701, 21.885 ], [ 88.74861101, 21.88944 ], [ 88.74833701, 21.896111 ], [ 88.72667001, 21.899165 ], [ 88.71639301, 21.90639 ] ] ], [ [ [ 72.17878137, 11.49134833 ], [ 72.19146964, 11.49348548 ], [ 72.1970694, 11.49920096 ], [ 72.19200475, 11.51939431 ], [ 72.19011898, 11.55165451 ], [ 72.19533431, 11.58833722 ], [ 72.19056879, 11.59992265 ], [ 72.17436004, 11.60674632 ], [ 72.16632048, 11.60176392 ], [ 72.15139776, 11.57946582 ], [ 72.13755037, 11.5541412 ], [ 72.1373926, 11.54312999 ], [ 72.1387403, 11.52375345 ], [ 72.14859998, 11.50125103 ], [ 72.16135588, 11.49321807 ], [ 72.17878137, 11.49134833 ] ] ], [ [ [ 88.83167201, 21.766109 ], [ 88.80889201, 21.748332 ], [ 88.79762401, 21.747031 ], [ 88.79083201, 21.749171 ], [ 88.78666801, 21.740556 ], [ 88.79333401, 21.736665 ], [ 88.78051901, 21.731061 ], [ 88.78159401, 21.716 ], [ 88.76251101, 21.70137 ], [ 88.76998901, 21.699937 ], [ 88.78722401, 21.711946 ], [ 88.80356501, 21.71662 ], [ 88.81500201, 21.710001 ], [ 88.81944201, 21.701945 ], [ 88.81749801, 21.69139 ], [ 88.82277601, 21.665 ], [ 88.80889801, 21.63879 ], [ 88.81598701, 21.62896 ], [ 88.84583201, 21.620001 ], [ 88.84143801, 21.62914 ], [ 88.84218501, 21.643334 ], [ 88.82861301, 21.650555 ], [ 88.84278001, 21.645281 ], [ 88.84420001, 21.626995 ], [ 88.84834301, 21.630002 ], [ 88.85156201, 21.626681 ], [ 88.85995601, 21.637226 ], [ 88.85681001, 21.651492 ], [ 88.84222401, 21.681111 ], [ 88.83916501, 21.706943 ], [ 88.84583201, 21.731389 ], [ 88.85179901, 21.741609 ], [ 88.86222101, 21.750281 ], [ 88.86528001, 21.758611 ], [ 88.86163301, 21.761619 ], [ 88.83167201, 21.766109 ] ] ], [ [ [ 88.71162501, 21.806356 ], [ 88.71055601, 21.782223 ], [ 88.69499901, 21.74389 ], [ 88.70633701, 21.714031 ], [ 88.71111201, 21.69018 ], [ 88.74804801, 21.658331 ], [ 88.75611101, 21.662801 ], [ 88.75499701, 21.66564 ], [ 88.73077401, 21.682032 ], [ 88.72929301, 21.686757 ], [ 88.74122001, 21.690759 ], [ 88.74550701, 21.683662 ], [ 88.75778201, 21.683664 ], [ 88.76275701, 21.692931 ], [ 88.75694301, 21.700281 ], [ 88.75861401, 21.709723 ], [ 88.74626101, 21.706191 ], [ 88.74230201, 21.710172 ], [ 88.74183701, 21.716107 ], [ 88.73586401, 21.719291 ], [ 88.74156101, 21.71827 ], [ 88.74388801, 21.709721 ], [ 88.74957301, 21.7072 ], [ 88.77382701, 21.718001 ], [ 88.77610901, 21.72361 ], [ 88.75277001, 21.731578 ], [ 88.75222801, 21.74861 ], [ 88.75926101, 21.759219 ], [ 88.75026801, 21.763331 ], [ 88.74582601, 21.77167 ], [ 88.73609101, 21.77433 ], [ 88.73326801, 21.778699 ], [ 88.72805801, 21.777778 ], [ 88.72701401, 21.792144 ], [ 88.72177201, 21.795041 ], [ 88.71736201, 21.806382 ], [ 88.71162501, 21.806356 ] ] ], [ [ [ 89.06092101, 21.72147 ], [ 89.02409401, 21.716743 ], [ 89.02201801, 21.710086 ], [ 89.01076601, 21.707912 ], [ 89.00979501, 21.704871 ], [ 89.02200201, 21.700381 ], [ 89.02472601, 21.694861 ], [ 89.02641201, 21.68791 ], [ 89.02090401, 21.662358 ], [ 89.02908301, 21.658969 ], [ 89.03304201, 21.654675 ], [ 89.02640501, 21.658133 ], [ 89.02848901, 21.635319 ], [ 89.03253901, 21.633751 ], [ 89.03518701, 21.638949 ], [ 89.03762801, 21.640561 ], [ 89.03475901, 21.633101 ], [ 89.05159001, 21.61753 ], [ 89.06233101, 21.61841 ], [ 89.08168801, 21.627367 ], [ 89.08277101, 21.633502 ], [ 89.08541901, 21.630211 ], [ 89.09285801, 21.63693 ], [ 89.09518501, 21.646585 ], [ 89.09197201, 21.666532 ], [ 89.07402101, 21.688612 ], [ 89.06504101, 21.689004 ], [ 89.07051101, 21.695634 ], [ 89.07058001, 21.701753 ], [ 89.06092101, 21.72147 ] ] ], [ [ [ 68.44291599, 23.96486 ], [ 68.44902899, 23.959584 ], [ 68.44152799, 23.96264 ], [ 68.42819299, 23.93653 ], [ 68.44180399, 23.93625 ], [ 68.44876199, 23.94014 ], [ 68.46291299, 23.932084 ], [ 68.45569499, 23.928751 ], [ 68.45403399, 23.92208 ], [ 68.45124799, 23.919861 ], [ 68.45263599, 23.91597 ], [ 68.45485599, 23.916811 ], [ 68.45430699, 23.912082 ], [ 68.45819099, 23.914584 ], [ 68.45762599, 23.909579 ], [ 68.45291899, 23.907918 ], [ 68.45041699, 23.893473 ], [ 68.45318599, 23.879859 ], [ 68.44541799, 23.876252 ], [ 68.44430599, 23.870139 ], [ 68.43985699, 23.866529 ], [ 68.42819299, 23.861811 ], [ 68.43235699, 23.852084 ], [ 68.44402999, 23.848471 ], [ 68.46376099, 23.860421 ], [ 68.47235799, 23.86208 ], [ 68.47957599, 23.889031 ], [ 68.46736199, 23.894583 ], [ 68.48041499, 23.890416 ], [ 68.48793099, 23.901532 ], [ 68.50458499, 23.908472 ], [ 68.51097099, 23.916811 ], [ 68.50986599, 23.923195 ], [ 68.51319099, 23.919849 ], [ 68.51847199, 23.924305 ], [ 68.51847199, 23.935694 ], [ 68.50569199, 23.941804 ], [ 68.51625199, 23.937916 ], [ 68.51902799, 23.93903 ], [ 68.49957999, 23.948749 ], [ 68.49569599, 23.959579 ], [ 68.49764299, 23.96747087 ], [ 68.44374799, 23.96828746 ], [ 68.44291599, 23.96486 ] ] ], [ [ [ 68.39319699, 23.877083 ], [ 68.38764199, 23.874032 ], [ 68.37790599, 23.87431 ], [ 68.37374899, 23.86014 ], [ 68.37708299, 23.857916 ], [ 68.35791799, 23.850139 ], [ 68.35513999, 23.845693 ], [ 68.34430699, 23.839309 ], [ 68.34291899, 23.83125 ], [ 68.34791499, 23.824584 ], [ 68.34735899, 23.819583 ], [ 68.32514199, 23.79792 ], [ 68.33013999, 23.787361 ], [ 68.33846999, 23.800972 ], [ 68.35513999, 23.810973 ], [ 68.36958299, 23.809585 ], [ 68.37596899, 23.80375 ], [ 68.37875399, 23.795415 ], [ 68.40152699, 23.790417 ], [ 68.39013599, 23.809585 ], [ 68.38931299, 23.83042 ], [ 68.37958599, 23.838195 ], [ 68.38986199, 23.832082 ], [ 68.39180899, 23.809028 ], [ 68.40541699, 23.793191 ], [ 68.41596999, 23.802079 ], [ 68.40651599, 23.811809 ], [ 68.40680799, 23.815695 ], [ 68.41152999, 23.820973 ], [ 68.40791299, 23.814309 ], [ 68.41014199, 23.809031 ], [ 68.41792299, 23.80514 ], [ 68.42652899, 23.810421 ], [ 68.42791699, 23.818751 ], [ 68.43930799, 23.839031 ], [ 68.42874899, 23.845971 ], [ 68.42458299, 23.855418 ], [ 68.42459199, 23.86486 ], [ 68.42069199, 23.868473 ], [ 68.39319699, 23.877083 ] ] ], [ [ [ 88.81681201, 22.263262 ], [ 88.81388701, 22.283079 ], [ 88.80703001, 22.283004 ], [ 88.80162101, 22.277258 ], [ 88.79482901, 22.275877 ], [ 88.79156601, 22.258437 ], [ 88.77316401, 22.250498 ], [ 88.76943301, 22.240931 ], [ 88.76204601, 22.241416 ], [ 88.75218901, 22.23039 ], [ 88.74724601, 22.19863 ], [ 88.76744101, 22.194211 ], [ 88.77106501, 22.184741 ], [ 88.78847501, 22.17861 ], [ 88.79415201, 22.170571 ], [ 88.80114001, 22.179663 ], [ 88.80961601, 22.183339 ], [ 88.83405301, 22.166852 ], [ 88.83805801, 22.17528 ], [ 88.82749801, 22.194986 ], [ 88.81822901, 22.19559 ], [ 88.81498801, 22.205419 ], [ 88.80554101, 22.208353 ], [ 88.80438101, 22.220571 ], [ 88.79846901, 22.225973 ], [ 88.81425401, 22.229879 ], [ 88.82567501, 22.241441 ], [ 88.82624701, 22.264593 ], [ 88.81681201, 22.263262 ] ] ], [ [ [ 68.48929599, 23.82986 ], [ 68.47513599, 23.820693 ], [ 68.45764099, 23.817361 ], [ 68.45430699, 23.813473 ], [ 68.45540599, 23.80736 ], [ 68.44790699, 23.806531 ], [ 68.44957799, 23.790711 ], [ 68.45458299, 23.785973 ], [ 68.45652699, 23.774028 ], [ 68.43708099, 23.743196 ], [ 68.43736199, 23.739312 ], [ 68.45874699, 23.743474 ], [ 68.47680699, 23.740691 ], [ 68.47846999, 23.74764 ], [ 68.47070299, 23.75236 ], [ 68.46402799, 23.766251 ], [ 68.46541599, 23.77542 ], [ 68.46541599, 23.767639 ], [ 68.47152599, 23.755141 ], [ 68.48346599, 23.75264 ], [ 68.48819799, 23.748472 ], [ 68.48763899, 23.737081 ], [ 68.49485699, 23.737361 ], [ 68.50736299, 23.74847 ], [ 68.50290699, 23.754311 ], [ 68.49236399, 23.757351 ], [ 68.48958599, 23.759583 ], [ 68.50430199, 23.755141 ], [ 68.51013899, 23.75097 ], [ 68.51680799, 23.75458 ], [ 68.52236199, 23.77542 ], [ 68.51569299, 23.779306 ], [ 68.51264199, 23.787361 ], [ 68.49847399, 23.794583 ], [ 68.51235899, 23.788749 ], [ 68.51513699, 23.795693 ], [ 68.52291799, 23.80236 ], [ 68.51902799, 23.81097 ], [ 68.51985999, 23.817922 ], [ 68.51431199, 23.818471 ], [ 68.50346999, 23.82903 ], [ 68.48929599, 23.82986 ] ] ], [ [ [ 88.97667701, 21.893212 ], [ 88.96930601, 21.89019 ], [ 88.97912701, 21.867442 ], [ 88.96540001, 21.859278 ], [ 88.95028001, 21.837638 ], [ 88.95654301, 21.826948 ], [ 88.97020001, 21.827655 ], [ 88.97786701, 21.823512 ], [ 88.97984301, 21.818399 ], [ 88.97663801, 21.805089 ], [ 88.96829901, 21.79946 ], [ 88.95392701, 21.803296 ], [ 88.94278601, 21.786501 ], [ 88.95941901, 21.782751 ], [ 88.97094001, 21.775062 ], [ 88.98527601, 21.787777 ], [ 88.99188301, 21.800793 ], [ 88.99415601, 21.814172 ], [ 89.01426701, 21.814919 ], [ 89.00907001, 21.822978 ], [ 89.01744201, 21.815933 ], [ 89.02999101, 21.834529 ], [ 89.02746501, 21.846269 ], [ 89.01342101, 21.84917 ], [ 89.00677501, 21.853473 ], [ 89.00291401, 21.864247 ], [ 88.99666501, 21.870277 ], [ 88.99199701, 21.866831 ], [ 88.98924201, 21.868123 ], [ 88.99813101, 21.871059 ], [ 89.00283001, 21.867458 ], [ 89.00934601, 21.853202 ], [ 89.02475801, 21.849216 ], [ 89.03058501, 21.855207 ], [ 89.02849501, 21.866291 ], [ 89.00911801, 21.879681 ], [ 88.97667701, 21.893212 ] ] ], [ [ [ 72.07968728, 11.13556942 ], [ 72.10205587, 11.21092819 ], [ 72.10288623, 11.22001618 ], [ 72.10013979, 11.22206841 ], [ 72.08278389, 11.20197415 ], [ 72.06711434, 11.1928546 ], [ 72.02824036, 11.18740567 ], [ 72.00419433, 11.19523602 ], [ 72.000944, 11.19394114 ], [ 72.02547776, 11.16073086 ], [ 72.04312384, 11.12817745 ], [ 72.05457516, 11.12138032 ], [ 72.06934811, 11.12532988 ], [ 72.07968728, 11.13556942 ] ] ], [ [ [ 93.0763479, 12.21003568 ], [ 93.06622714, 12.21033887 ], [ 93.05599026, 12.19110434 ], [ 93.03677754, 12.13331359 ], [ 93.03995247, 12.12696232 ], [ 93.04629783, 12.12755874 ], [ 93.04932671, 12.12020185 ], [ 93.05553024, 12.12324386 ], [ 93.05009474, 12.11450301 ], [ 93.06595435, 12.09776025 ], [ 93.06927093, 12.0871465 ], [ 93.07449166, 12.08379909 ], [ 93.07837311, 12.08470966 ], [ 93.07982902, 12.08898488 ], [ 93.08543433, 12.08937994 ], [ 93.09042484, 12.09837038 ], [ 93.09353521, 12.11240146 ], [ 93.09019207, 12.11521794 ], [ 93.09308732, 12.1164409 ], [ 93.09314753, 12.12232823 ], [ 93.08821385, 12.1237659 ], [ 93.08773296, 12.12959028 ], [ 93.09504539, 12.14243376 ], [ 93.09425593, 12.14834798 ], [ 93.08466138, 12.15608124 ], [ 93.09050573, 12.17637698 ], [ 93.08677835, 12.18154182 ], [ 93.08772643, 12.19284718 ], [ 93.07759722, 12.20264269 ], [ 93.0763479, 12.21003568 ] ] ], [ [ [ 93.54503282, 8.02776817 ], [ 93.55229854, 8.00752603 ], [ 93.55129372, 7.99600708 ], [ 93.54266036, 8.0073019 ], [ 93.54298161, 8.01508963 ], [ 93.53674789, 8.01654933 ], [ 93.53572164, 8.0232207 ], [ 93.53179401, 8.0249934 ], [ 93.52848279, 8.01930955 ], [ 93.53218069, 8.00631972 ], [ 93.52771856, 8.00523863 ], [ 93.52662742, 7.99999575 ], [ 93.51965386, 7.99371688 ], [ 93.51355723, 7.99892564 ], [ 93.50700466, 7.99715431 ], [ 93.50812423, 7.98491016 ], [ 93.52214665, 7.9706168 ], [ 93.53674471, 7.96250923 ], [ 93.53969215, 7.95637857 ], [ 93.57735493, 7.92940248 ], [ 93.58102434, 7.9391124 ], [ 93.57923315, 7.94712303 ], [ 93.58190881, 7.96271893 ], [ 93.57953633, 7.96550855 ], [ 93.58269264, 7.97145762 ], [ 93.57982945, 7.97952611 ], [ 93.58281368, 7.9839138 ], [ 93.57948753, 7.98772194 ], [ 93.58242086, 7.99216668 ], [ 93.56348419, 8.02481943 ], [ 93.54503282, 8.02776817 ] ] ], [ [ [ 88.88138601, 21.744439 ], [ 88.87249801, 21.720556 ], [ 88.87305401, 21.694444 ], [ 88.88277401, 21.681943 ], [ 88.88777901, 21.658055 ], [ 88.90459501, 21.64957 ], [ 88.92082901, 21.632221 ], [ 88.93611101, 21.667222 ], [ 88.94194801, 21.689722 ], [ 88.94027701, 21.695278 ], [ 88.93611101, 21.701669 ], [ 88.91944101, 21.71084 ], [ 88.91221601, 21.727501 ], [ 88.90528101, 21.729723 ], [ 88.88555901, 21.74417 ], [ 88.88138601, 21.744439 ] ] ], [ [ [ 88.14138701, 22.026391 ], [ 88.09388801, 22.01139 ], [ 88.07332601, 21.995281 ], [ 88.05197201, 21.94756 ], [ 88.04746201, 21.931271 ], [ 88.04722501, 21.911671 ], [ 88.05665601, 21.913061 ], [ 88.07027401, 21.920555 ], [ 88.07138801, 21.925001 ], [ 88.08139201, 21.93167 ], [ 88.08750201, 21.93278 ], [ 88.09179601, 21.945521 ], [ 88.14472201, 22.0239 ], [ 88.14138701, 22.026391 ] ] ], [ [ [ 88.87815001, 22.168012 ], [ 88.85054701, 22.169952 ], [ 88.84806101, 22.16643 ], [ 88.86023801, 22.148382 ], [ 88.85991701, 22.141889 ], [ 88.83218401, 22.130543 ], [ 88.83069601, 22.127081 ], [ 88.84586401, 22.121962 ], [ 88.85289001, 22.102396 ], [ 88.87225401, 22.087805 ], [ 88.88225501, 22.08563 ], [ 88.89496501, 22.091223 ], [ 88.89518001, 22.096422 ], [ 88.89031101, 22.098982 ], [ 88.88951101, 22.101518 ], [ 88.89221901, 22.114448 ], [ 88.89052601, 22.101042 ], [ 88.89597301, 22.097236 ], [ 88.89644701, 22.090795 ], [ 88.90808901, 22.087023 ], [ 88.91662601, 22.090895 ], [ 88.92278201, 22.100003 ], [ 88.92302601, 22.10813 ], [ 88.90611301, 22.129793 ], [ 88.89994101, 22.148092 ], [ 88.88608601, 22.16483 ], [ 88.87815001, 22.168012 ] ] ], [ [ [ 68.45068999, 23.938194 ], [ 68.44097199, 23.934579 ], [ 68.42736099, 23.933472 ], [ 68.42013599, 23.920973 ], [ 68.40513699, 23.912362 ], [ 68.38625399, 23.90625 ], [ 68.36374599, 23.905971 ], [ 68.35291299, 23.900693 ], [ 68.35041699, 23.891251 ], [ 68.35320199, 23.883739 ], [ 68.35569799, 23.88458 ], [ 68.35430999, 23.888201 ], [ 68.35846699, 23.894029 ], [ 68.36736299, 23.893195 ], [ 68.36763799, 23.890694 ], [ 68.35847399, 23.893195 ], [ 68.35597199, 23.890141 ], [ 68.35652999, 23.863201 ], [ 68.34986099, 23.846251 ], [ 68.37236099, 23.859571 ], [ 68.37291699, 23.868749 ], [ 68.37735699, 23.87653 ], [ 68.38848099, 23.875971 ], [ 68.39346999, 23.88042 ], [ 68.41707499, 23.872361 ], [ 68.41792299, 23.87681 ], [ 68.40846899, 23.88514 ], [ 68.42236299, 23.894861 ], [ 68.42930499, 23.895971 ], [ 68.41069799, 23.885421 ], [ 68.42069199, 23.877083 ], [ 68.41958699, 23.870971 ], [ 68.42597299, 23.86458 ], [ 68.44209299, 23.870422 ], [ 68.44374799, 23.878471 ], [ 68.45207999, 23.88181 ], [ 68.44680899, 23.898751 ], [ 68.45097299, 23.900139 ], [ 68.45041699, 23.904583 ], [ 68.44513799, 23.90542 ], [ 68.44291599, 23.908189 ], [ 68.45041699, 23.90542 ], [ 68.45153099, 23.913472 ], [ 68.44486199, 23.91264 ], [ 68.44430599, 23.913194 ], [ 68.45180499, 23.915972 ], [ 68.44902899, 23.919585 ], [ 68.44513799, 23.91736 ], [ 68.44402999, 23.919309 ], [ 68.45096599, 23.921249 ], [ 68.45456699, 23.92931 ], [ 68.45874699, 23.930691 ], [ 68.45068999, 23.938194 ] ] ], [ [ [ 68.30374999, 23.822639 ], [ 68.29013899, 23.816805 ], [ 68.29708099, 23.812085 ], [ 68.29819499, 23.80375 ], [ 68.27348299, 23.792641 ], [ 68.26430499, 23.759861 ], [ 68.26457999, 23.754031 ], [ 68.26930299, 23.749311 ], [ 68.26347299, 23.738471 ], [ 68.26541899, 23.726802 ], [ 68.25736199, 23.715974 ], [ 68.27403199, 23.70125 ], [ 68.27208799, 23.707639 ], [ 68.28318699, 23.709861 ], [ 68.29458499, 23.723189 ], [ 68.28485799, 23.732085 ], [ 68.28541599, 23.735695 ], [ 68.29319699, 23.740417 ], [ 68.28763599, 23.746528 ], [ 68.28569899, 23.754584 ], [ 68.29458499, 23.741252 ], [ 68.28624799, 23.733749 ], [ 68.29125299, 23.727641 ], [ 68.29651599, 23.725972 ], [ 68.32430299, 23.734309 ], [ 68.31540699, 23.764581 ], [ 68.31375099, 23.786807 ], [ 68.32236599, 23.804862 ], [ 68.31819299, 23.80764 ], [ 68.31263799, 23.821529 ], [ 68.30374999, 23.822639 ] ] ], [ [ [ 71.90091103, 12.28531903 ], [ 71.90681636, 12.28928673 ], [ 71.91983713, 12.31637565 ], [ 71.92580352, 12.34584441 ], [ 71.92662601, 12.37387459 ], [ 71.92041776, 12.38780863 ], [ 71.89667756, 12.4031515 ], [ 71.8819812, 12.39710998 ], [ 71.87954436, 12.38943545 ], [ 71.88297135, 12.33725452 ], [ 71.89104171, 12.31580912 ], [ 71.8892828, 12.29537833 ], [ 71.89222167, 12.28734484 ], [ 71.90091103, 12.28531903 ] ] ], [ [ [ 88.85221801, 21.864169 ], [ 88.83721901, 21.843055 ], [ 88.84139201, 21.807501 ], [ 88.83499901, 21.781667 ], [ 88.86444101, 21.779171 ], [ 88.86332601, 21.77722 ], [ 88.87626701, 21.767215 ], [ 88.88027901, 21.748056 ], [ 88.91333101, 21.727779 ], [ 88.92138701, 21.74361 ], [ 88.91610701, 21.74778 ], [ 88.89833201, 21.746944 ], [ 88.89138701, 21.75361 ], [ 88.89138701, 21.763611 ], [ 88.89805601, 21.77861 ], [ 88.88223201, 21.797219 ], [ 88.87972301, 21.807776 ], [ 88.88333001, 21.813891 ], [ 88.87889101, 21.819721 ], [ 88.88027901, 21.830281 ], [ 88.87500001, 21.845555 ], [ 88.87722001, 21.85167 ], [ 88.85806201, 21.855271 ], [ 88.85527901, 21.858061 ], [ 88.85749901, 21.864167 ], [ 88.85221801, 21.864169 ] ] ], [ [ [ 88.53861301, 21.809169 ], [ 88.51566301, 21.78963 ], [ 88.50417301, 21.770829 ], [ 88.50444701, 21.762501 ], [ 88.52111001, 21.77139 ], [ 88.53528601, 21.792021 ], [ 88.52548101, 21.77366 ], [ 88.50438801, 21.75741 ], [ 88.50437901, 21.750762 ], [ 88.51944801, 21.719166 ], [ 88.52653401, 21.719189 ], [ 88.53435601, 21.73323 ], [ 88.54171801, 21.737679 ], [ 88.55403901, 21.736355 ], [ 88.56054801, 21.729999 ], [ 88.57250201, 21.735555 ], [ 88.57250201, 21.745 ], [ 88.56249201, 21.760281 ], [ 88.56194301, 21.77 ], [ 88.56472101, 21.779444 ], [ 88.57250201, 21.785831 ], [ 88.56999901, 21.793055 ], [ 88.55273501, 21.808437 ], [ 88.53861301, 21.809169 ] ] ], [ [ [ 92.21563511, 11.59437491 ], [ 92.21533971, 11.58878485 ], [ 92.20779902, 11.5854599 ], [ 92.2152109, 11.57335269 ], [ 92.20766915, 11.54962795 ], [ 92.21459656, 11.52974773 ], [ 92.21770558, 11.5302583 ], [ 92.21905242, 11.52636312 ], [ 92.21855703, 11.52919955 ], [ 92.22350859, 11.53053925 ], [ 92.23478755, 11.52593582 ], [ 92.25057471, 11.52635617 ], [ 92.26099886, 11.5180063 ], [ 92.26989215, 11.52309683 ], [ 92.27461301, 11.53583156 ], [ 92.26877013, 11.55593214 ], [ 92.27030193, 11.58484268 ], [ 92.26327397, 11.58959681 ], [ 92.24284718, 11.59231746 ], [ 92.22885715, 11.58775511 ], [ 92.21563511, 11.59437491 ] ] ], [ [ [ 88.67550701, 22.018551 ], [ 88.65293901, 22.01913 ], [ 88.64666701, 22.006389 ], [ 88.63485701, 21.995951 ], [ 88.62834101, 21.967501 ], [ 88.62864601, 21.958031 ], [ 88.63346201, 21.95156 ], [ 88.65722701, 21.95412 ], [ 88.67815401, 21.942868 ], [ 88.68805601, 21.952777 ], [ 88.67147801, 21.950913 ], [ 88.66889101, 21.951681 ], [ 88.66832801, 21.95389 ], [ 88.67272201, 21.952207 ], [ 88.69232101, 21.956672 ], [ 88.69381801, 21.965999 ], [ 88.68482201, 21.97406 ], [ 88.69139801, 21.983878 ], [ 88.68666801, 21.99111 ], [ 88.69287201, 21.984052 ], [ 88.68644001, 21.973501 ], [ 88.69308401, 21.9698 ], [ 88.71578201, 22.000641 ], [ 88.70049401, 22.00396 ], [ 88.69146801, 22.01167 ], [ 88.67550701, 22.018551 ] ] ], [ [ [ 88.41120101, 21.732652 ], [ 88.40177201, 21.737825 ], [ 88.39972801, 21.743471 ], [ 88.40085601, 21.750821 ], [ 88.39499601, 21.755001 ], [ 88.39161601, 21.740061 ], [ 88.38674101, 21.73385 ], [ 88.36863801, 21.727341 ], [ 88.37127001, 21.723644 ], [ 88.39514901, 21.72493 ], [ 88.40387801, 21.715191 ], [ 88.39903901, 21.69879 ], [ 88.37972401, 21.680831 ], [ 88.38114101, 21.66208 ], [ 88.38778001, 21.64694 ], [ 88.38339301, 21.63028 ], [ 88.39055601, 21.62194 ], [ 88.38736801, 21.611481 ], [ 88.39861301, 21.595557 ], [ 88.40748601, 21.599514 ], [ 88.40721901, 21.615554 ], [ 88.41332901, 21.622779 ], [ 88.41639001, 21.619445 ], [ 88.42472101, 21.61944 ], [ 88.43193901, 21.62736 ], [ 88.42553001, 21.638772 ], [ 88.41473301, 21.648852 ], [ 88.41116401, 21.658662 ], [ 88.41330701, 21.691066 ], [ 88.42856501, 21.702011 ], [ 88.42170701, 21.719113 ], [ 88.41120101, 21.732652 ] ] ], [ [ [ 88.54656301, 21.736141 ], [ 88.53596501, 21.733139 ], [ 88.52921201, 21.719779 ], [ 88.52009501, 21.716611 ], [ 88.51721901, 21.711401 ], [ 88.52743401, 21.691768 ], [ 88.53333301, 21.668601 ], [ 88.52809101, 21.65935 ], [ 88.52957901, 21.652652 ], [ 88.53778801, 21.642391 ], [ 88.54859201, 21.636401 ], [ 88.55190301, 21.637131 ], [ 88.55364901, 21.650101 ], [ 88.56916801, 21.669444 ], [ 88.56505601, 21.702941 ], [ 88.56030201, 21.705471 ], [ 88.55278101, 21.702779 ], [ 88.56272201, 21.706364 ], [ 88.56719201, 21.701961 ], [ 88.56727601, 21.69315 ], [ 88.57420401, 21.694027 ], [ 88.56978501, 21.699422 ], [ 88.56829901, 21.70976 ], [ 88.55896801, 21.71262 ], [ 88.55264401, 21.723011 ], [ 88.54648601, 21.723754 ], [ 88.54534101, 21.720328 ], [ 88.54301401, 21.723913 ], [ 88.55280301, 21.724041 ], [ 88.55983001, 21.71327 ], [ 88.56993801, 21.710621 ], [ 88.57064001, 21.7007 ], [ 88.57819301, 21.692015 ], [ 88.58024601, 21.68468 ], [ 88.59069901, 21.690629 ], [ 88.58606701, 21.699429 ], [ 88.58743901, 21.709279 ], [ 88.57533301, 21.720912 ], [ 88.57110501, 21.732221 ], [ 88.56004401, 21.72936 ], [ 88.55458801, 21.734839 ], [ 88.54656301, 21.736141 ] ] ], [ [ [ 73.04895433, 8.32740878 ], [ 73.00674936, 8.29779489 ], [ 73.00760429, 8.27543686 ], [ 73.01620585, 8.26576299 ], [ 73.04715965, 8.26055276 ], [ 73.06979846, 8.28302422 ], [ 73.0684394, 8.29832184 ], [ 73.07856796, 8.31850125 ], [ 73.08469031, 8.32242995 ], [ 73.08496005, 8.32796343 ], [ 73.04895433, 8.32740878 ] ] ], [ [ [ 68.53541499, 23.945973 ], [ 68.52541399, 23.94014 ], [ 68.53763699, 23.917638 ], [ 68.53180699, 23.923471 ], [ 68.52874799, 23.91514 ], [ 68.51402999, 23.904583 ], [ 68.52569599, 23.892641 ], [ 68.51208499, 23.903195 ], [ 68.48596899, 23.889869 ], [ 68.49096699, 23.866251 ], [ 68.49708599, 23.867083 ], [ 68.49903099, 23.873473 ], [ 68.50208199, 23.87542 ], [ 68.50041899, 23.866529 ], [ 68.50986599, 23.863472 ], [ 68.51708099, 23.856528 ], [ 68.52208599, 23.85625 ], [ 68.53263899, 23.876252 ], [ 68.53679599, 23.87542 ], [ 68.53708799, 23.867361 ], [ 68.54680599, 23.872917 ], [ 68.56458299, 23.893751 ], [ 68.56708599, 23.903474 ], [ 68.57958199, 23.91375 ], [ 68.58875299, 23.916811 ], [ 68.58790499, 23.921529 ], [ 68.58264099, 23.922919 ], [ 68.55847299, 23.923195 ], [ 68.55819699, 23.930974 ], [ 68.54235899, 23.93375 ], [ 68.53541499, 23.945973 ] ] ], [ [ [ 88.54360901, 21.63417 ], [ 88.52437601, 21.653201 ], [ 88.52028701, 21.64353 ], [ 88.52083601, 21.628889 ], [ 88.52417101, 21.626111 ], [ 88.51526601, 21.615281 ], [ 88.51555501, 21.61111 ], [ 88.51167401, 21.609439 ], [ 88.51027701, 21.601389 ], [ 88.53693401, 21.588398 ], [ 88.55532201, 21.599716 ], [ 88.55666401, 21.604446 ], [ 88.55635901, 21.599112 ], [ 88.53704801, 21.586557 ], [ 88.54236501, 21.57762 ], [ 88.54360901, 21.566669 ], [ 88.55000201, 21.56361 ], [ 88.55832601, 21.569169 ], [ 88.56639201, 21.568889 ], [ 88.57554701, 21.574172 ], [ 88.58635001, 21.587853 ], [ 88.58638901, 21.60695 ], [ 88.57166301, 21.623059 ], [ 88.55750301, 21.63167 ], [ 88.54360901, 21.63417 ] ] ], [ [ [ 88.62166501, 21.897779 ], [ 88.60527801, 21.879439 ], [ 88.59471901, 21.854444 ], [ 88.60639301, 21.84639 ], [ 88.60972701, 21.836389 ], [ 88.62110901, 21.831391 ], [ 88.62027701, 21.824168 ], [ 88.61194701, 21.81667 ], [ 88.62317601, 21.792012 ], [ 88.63889301, 21.784718 ], [ 88.64305901, 21.788891 ], [ 88.64231901, 21.806924 ], [ 88.64938401, 21.833357 ], [ 88.64888701, 21.853612 ], [ 88.65351801, 21.867709 ], [ 88.64128901, 21.871911 ], [ 88.63333201, 21.869723 ], [ 88.63178901, 21.872132 ], [ 88.63461301, 21.87801 ], [ 88.62805101, 21.88361 ], [ 88.62695301, 21.893891 ], [ 88.62166501, 21.897779 ] ] ], [ [ [ 88.98528301, 21.705562 ], [ 88.97316001, 21.697389 ], [ 88.96701101, 21.700418 ], [ 88.95084301, 21.700721 ], [ 88.95444401, 21.679445 ], [ 88.95825201, 21.675769 ], [ 88.96325701, 21.66299 ], [ 88.96421001, 21.645349 ], [ 88.96839901, 21.641698 ], [ 88.98289501, 21.645912 ], [ 88.99236201, 21.644141 ], [ 88.99803301, 21.622209 ], [ 88.99999901, 21.601672 ], [ 89.02876201, 21.604822 ], [ 89.03749101, 21.61813 ], [ 89.03575901, 21.62465 ], [ 89.02681801, 21.628769 ], [ 89.02234001, 21.636096 ], [ 89.02361401, 21.652731 ], [ 89.01825801, 21.655202 ], [ 89.01072701, 21.650619 ], [ 88.99430201, 21.648982 ], [ 88.98833501, 21.652178 ], [ 88.98734301, 21.664831 ], [ 88.99388901, 21.673059 ], [ 88.99250101, 21.686665 ], [ 88.98944001, 21.701667 ], [ 88.98528301, 21.705562 ] ] ], [ [ [ 88.72110801, 21.930549 ], [ 88.71666601, 21.917779 ], [ 88.71888601, 21.909166 ], [ 88.72915601, 21.899721 ], [ 88.74083701, 21.900555 ], [ 88.74888701, 21.897223 ], [ 88.75055701, 21.888891 ], [ 88.75749901, 21.886391 ], [ 88.75833101, 21.880002 ], [ 88.77194201, 21.87806 ], [ 88.77610901, 21.869721 ], [ 88.78639201, 21.87861 ], [ 88.79083201, 21.87917 ], [ 88.79360101, 21.874161 ], [ 88.78722401, 21.866945 ], [ 88.78972001, 21.864718 ], [ 88.79666901, 21.87667 ], [ 88.80805301, 21.884444 ], [ 88.80860901, 21.895282 ], [ 88.81416301, 21.90278 ], [ 88.79944701, 21.919721 ], [ 88.78694101, 21.917499 ], [ 88.77500101, 21.92445 ], [ 88.75583601, 21.926946 ], [ 88.73805201, 21.917779 ], [ 88.73221701, 21.919721 ], [ 88.72444101, 21.93139 ], [ 88.72110801, 21.930549 ] ] ], [ [ [ 93.02791153, 12.16688798 ], [ 93.02088571, 12.15734644 ], [ 93.00724295, 12.14706337 ], [ 93.00168939, 12.13379004 ], [ 93.00522299, 12.11510296 ], [ 93.00314989, 12.11134128 ], [ 93.00044751, 12.11049437 ], [ 93.00023353, 12.10795342 ], [ 93.00646274, 12.1082859 ], [ 93.00863843, 12.10409887 ], [ 93.00777809, 12.07562679 ], [ 93.0113123, 12.0721356 ], [ 93.02523679, 12.07049038 ], [ 93.03438074, 12.06161046 ], [ 93.04109153, 12.04643988 ], [ 93.0452995, 12.04573462 ], [ 93.05315015, 12.06026209 ], [ 93.05048267, 12.07380116 ], [ 93.05407992, 12.07598334 ], [ 93.03413374, 12.10033038 ], [ 93.03079334, 12.11577139 ], [ 93.03554832, 12.12490228 ], [ 93.0251232, 12.1418678 ], [ 93.02880421, 12.14405038 ], [ 93.02791153, 12.16688798 ] ] ], [ [ [ 88.30207801, 21.706754 ], [ 88.30065101, 21.702428 ], [ 88.31130201, 21.689371 ], [ 88.31579601, 21.677592 ], [ 88.31606301, 21.66131 ], [ 88.30575601, 21.62906 ], [ 88.30805201, 21.61111 ], [ 88.31527601, 21.608056 ], [ 88.32528001, 21.6175 ], [ 88.33838701, 21.621792 ], [ 88.34999901, 21.643334 ], [ 88.35806901, 21.647501 ], [ 88.35111101, 21.65362 ], [ 88.34638901, 21.653331 ], [ 88.35111101, 21.678055 ], [ 88.33860801, 21.69722 ], [ 88.32861401, 21.705281 ], [ 88.30207801, 21.706754 ] ] ], [ [ [ 88.45391901, 21.790956 ], [ 88.44876801, 21.797871 ], [ 88.44555001, 21.797611 ], [ 88.43879001, 21.780349 ], [ 88.42336201, 21.767725 ], [ 88.42694901, 21.752327 ], [ 88.42344601, 21.741784 ], [ 88.42968701, 21.726429 ], [ 88.42645301, 21.71706 ], [ 88.43313501, 21.704481 ], [ 88.44148401, 21.70984 ], [ 88.45591701, 21.711419 ], [ 88.45694701, 21.726388 ], [ 88.46193701, 21.72722 ], [ 88.46721701, 21.737221 ], [ 88.46639201, 21.7475 ], [ 88.47499801, 21.791389 ], [ 88.46939801, 21.79401 ], [ 88.46270001, 21.788762 ], [ 88.45391901, 21.790956 ] ] ], [ [ [ 88.45047701, 21.7094 ], [ 88.43467801, 21.704461 ], [ 88.42904601, 21.696172 ], [ 88.41959501, 21.689829 ], [ 88.41855501, 21.68257 ], [ 88.42064801, 21.65135 ], [ 88.43750001, 21.633479 ], [ 88.44223101, 21.615 ], [ 88.45388901, 21.624169 ], [ 88.45249901, 21.626667 ], [ 88.45999901, 21.645001 ], [ 88.45861101, 21.64944 ], [ 88.46438701, 21.65772 ], [ 88.46555301, 21.675833 ], [ 88.46611001, 21.6675 ], [ 88.47068801, 21.672991 ], [ 88.45718501, 21.705493 ], [ 88.45047701, 21.7094 ] ] ], [ [ [ 70.92636741, 20.73712832 ], [ 70.92000396, 20.73947879 ], [ 70.91764259, 20.73541832 ], [ 70.88236045, 20.72875023 ], [ 70.87375068, 20.71875191 ], [ 70.87347602, 20.70986366 ], [ 70.89375495, 20.70763969 ], [ 70.89930915, 20.69875145 ], [ 70.91014289, 20.70181084 ], [ 70.91401862, 20.69902992 ], [ 70.91819953, 20.70208168 ], [ 70.91625404, 20.70819664 ], [ 70.92347144, 20.71153068 ], [ 70.93458747, 20.71097374 ], [ 70.95181464, 20.70375252 ], [ 70.97014045, 20.70708656 ], [ 70.9770832, 20.70153236 ], [ 70.97931098, 20.70597267 ], [ 70.99764442, 20.71402931 ], [ 70.96763419, 20.72847176 ], [ 70.96264075, 20.72514152 ], [ 70.96541404, 20.72208214 ], [ 70.9623661, 20.72180748 ], [ 70.96124839, 20.72597313 ], [ 70.96375465, 20.73291969 ], [ 70.96013831, 20.73624992 ], [ 70.95625495, 20.73458672 ], [ 70.93783308, 20.73271404 ], [ 70.93210024, 20.73644038 ], [ 70.92636741, 20.73712832 ] ] ], [ [ [ 88.77194201, 21.653062 ], [ 88.76539701, 21.65455 ], [ 88.74871801, 21.645759 ], [ 88.73558101, 21.644636 ], [ 88.72956901, 21.63995 ], [ 88.73610701, 21.62362 ], [ 88.73607601, 21.612409 ], [ 88.75824001, 21.600038 ], [ 88.75805801, 21.597218 ], [ 88.74894801, 21.589189 ], [ 88.74861101, 21.580556 ], [ 88.75194501, 21.576665 ], [ 88.76361001, 21.575833 ], [ 88.78778001, 21.580556 ], [ 88.79805701, 21.591666 ], [ 88.79425001, 21.59978 ], [ 88.78221901, 21.596111 ], [ 88.79083201, 21.601943 ], [ 88.77388901, 21.61972 ], [ 88.77054501, 21.634719 ], [ 88.77555901, 21.646669 ], [ 88.77194201, 21.653062 ] ] ], [ [ [ 88.83139101, 21.60528 ], [ 88.83194701, 21.59 ], [ 88.82833001, 21.576943 ], [ 88.83222301, 21.566111 ], [ 88.83583101, 21.565001 ], [ 88.83583101, 21.56 ], [ 88.84278001, 21.553888 ], [ 88.85388901, 21.550002 ], [ 88.87526701, 21.548892 ], [ 88.89528001, 21.55028 ], [ 88.90361001, 21.555834 ], [ 88.90334401, 21.56139 ], [ 88.89360701, 21.578334 ], [ 88.88416201, 21.583056 ], [ 88.87611501, 21.592223 ], [ 88.84639001, 21.599445 ], [ 88.83472301, 21.607222 ], [ 88.83139101, 21.60528 ] ] ], [ [ [ 88.78917001, 21.87861 ], [ 88.77694701, 21.866952 ], [ 88.78221201, 21.85972 ], [ 88.77139301, 21.853329 ], [ 88.76583201, 21.82889 ], [ 88.78415601, 21.82611 ], [ 88.78972001, 21.82139 ], [ 88.79444201, 21.812501 ], [ 88.79556301, 21.801671 ], [ 88.78888801, 21.795829 ], [ 88.79499801, 21.791389 ], [ 88.81083601, 21.808333 ], [ 88.82110501, 21.825 ], [ 88.81861201, 21.840831 ], [ 88.82250301, 21.84917 ], [ 88.81888601, 21.851668 ], [ 88.82360801, 21.85028 ], [ 88.82112101, 21.839732 ], [ 88.82972101, 21.86222 ], [ 88.82499601, 21.864999 ], [ 88.82166401, 21.871111 ], [ 88.80694501, 21.866672 ], [ 88.80139101, 21.868062 ], [ 88.79888801, 21.870833 ], [ 88.80082801, 21.877219 ], [ 88.80055201, 21.87778 ], [ 88.78861201, 21.86333 ], [ 88.78610901, 21.868331 ], [ 88.79218301, 21.875882 ], [ 88.78917001, 21.87861 ] ] ], [ [ [ 88.20275801, 21.721662 ], [ 88.18833101, 21.708062 ], [ 88.18138901, 21.686109 ], [ 88.19469401, 21.632698 ], [ 88.20777901, 21.604165 ], [ 88.21194501, 21.601667 ], [ 88.21166901, 21.62083 ], [ 88.23043801, 21.639079 ], [ 88.23166601, 21.64361 ], [ 88.22632601, 21.670212 ], [ 88.20413901, 21.67253 ], [ 88.19555601, 21.681943 ], [ 88.19416801, 21.68861 ], [ 88.19833401, 21.694444 ], [ 88.21659001, 21.700541 ], [ 88.21415801, 21.708892 ], [ 88.20275801, 21.721662 ] ] ], [ [ [ 68.48541999, 23.47542 ], [ 68.47013799, 23.478196 ], [ 68.45707599, 23.47875 ], [ 68.46124899, 23.47625 ], [ 68.46013699, 23.468471 ], [ 68.45625299, 23.470971 ], [ 68.45735899, 23.467639 ], [ 68.45458299, 23.470693 ], [ 68.44513799, 23.467919 ], [ 68.44486199, 23.461804 ], [ 68.45318599, 23.463751 ], [ 68.45263599, 23.46097 ], [ 68.44319199, 23.454306 ], [ 68.43708099, 23.45375 ], [ 68.43541799, 23.449028 ], [ 68.43263899, 23.45014 ], [ 68.43624999, 23.443471 ], [ 68.43485899, 23.440417 ], [ 68.42930499, 23.440139 ], [ 68.42485799, 23.44764 ], [ 68.42292099, 23.444305 ], [ 68.41708399, 23.445974 ], [ 68.41208599, 23.443471 ], [ 68.41265099, 23.432082 ], [ 68.41985999, 23.429311 ], [ 68.42125099, 23.420142 ], [ 68.42125099, 23.42542 ], [ 68.42903099, 23.431531 ], [ 68.42624599, 23.434311 ], [ 68.42013599, 23.433472 ], [ 68.41819899, 23.439861 ], [ 68.42847499, 23.437361 ], [ 68.43041899, 23.43125 ], [ 68.43013699, 23.434311 ], [ 68.43819399, 23.435417 ], [ 68.44013999, 23.444861 ], [ 68.44402999, 23.444581 ], [ 68.44876199, 23.45014 ], [ 68.45764099, 23.451806 ], [ 68.46763499, 23.45875 ], [ 68.46680399, 23.455694 ], [ 68.47041399, 23.45403 ], [ 68.47263999, 23.459304 ], [ 68.47458699, 23.459863 ], [ 68.47070299, 23.453189 ], [ 68.46180799, 23.453479 ], [ 68.46041999, 23.444027 ], [ 68.46763499, 23.442083 ], [ 68.45874699, 23.434031 ], [ 68.46208099, 23.432921 ], [ 68.46457699, 23.421249 ], [ 68.45819099, 23.417917 ], [ 68.46652999, 23.411809 ], [ 68.46347099, 23.407085 ], [ 68.48458099, 23.40319 ], [ 68.49041799, 23.444583 ], [ 68.49485699, 23.455972 ], [ 68.48680999, 23.467359 ], [ 68.48541999, 23.47542 ] ] ], [ [ [ 73.64593625, 10.05336896 ], [ 73.64938613, 10.05786238 ], [ 73.64939014, 10.07979799 ], [ 73.65463893, 10.10994025 ], [ 73.66592918, 10.13800951 ], [ 73.66024649, 10.15504767 ], [ 73.62000134, 10.10186993 ], [ 73.62151028, 10.07512641 ], [ 73.64018792, 10.05491677 ], [ 73.64593625, 10.05336896 ] ] ], [ [ [ 88.80320701, 22.085676 ], [ 88.79818701, 22.09907 ], [ 88.79889801, 22.108362 ], [ 88.78375301, 22.106943 ], [ 88.77833501, 22.102056 ], [ 88.77154601, 22.085097 ], [ 88.75697301, 22.078257 ], [ 88.74842801, 22.057422 ], [ 88.76371701, 22.05333 ], [ 88.77194201, 22.054723 ], [ 88.78124301, 22.048362 ], [ 88.78721701, 22.072222 ], [ 88.78742901, 22.062602 ], [ 88.79415201, 22.055662 ], [ 88.79939201, 22.05752 ], [ 88.80521301, 22.065736 ], [ 88.81344501, 22.062009 ], [ 88.82876601, 22.0715 ], [ 88.83377701, 22.065073 ], [ 88.83621201, 22.06634 ], [ 88.82778101, 22.086034 ], [ 88.81501801, 22.080584 ], [ 88.80696101, 22.082285 ], [ 88.80320701, 22.085676 ] ] ], [ [ [ 68.55625099, 23.312642 ], [ 68.55319199, 23.296811 ], [ 68.55958499, 23.287084 ], [ 68.56595499, 23.28681 ], [ 68.56819099, 23.282083 ], [ 68.56652899, 23.280417 ], [ 68.56513899, 23.283751 ], [ 68.56430699, 23.278471 ], [ 68.55819699, 23.277639 ], [ 68.55625099, 23.274031 ], [ 68.54624999, 23.277917 ], [ 68.54541799, 23.282083 ], [ 68.54791999, 23.282642 ], [ 68.54096899, 23.285142 ], [ 68.53791699, 23.274585 ], [ 68.54096899, 23.265694 ], [ 68.54569099, 23.26542 ], [ 68.55874599, 23.253469 ], [ 68.56819099, 23.250973 ], [ 68.57402799, 23.245141 ], [ 68.57569199, 23.248751 ], [ 68.57290599, 23.251251 ], [ 68.58429799, 23.253749 ], [ 68.57763599, 23.257642 ], [ 68.57180799, 23.257081 ], [ 68.57236399, 23.260974 ], [ 68.59847199, 23.268194 ], [ 68.59986199, 23.272916 ], [ 68.60236399, 23.268194 ], [ 68.60708699, 23.269028 ], [ 68.60624799, 23.273473 ], [ 68.61486099, 23.271531 ], [ 68.61013799, 23.285418 ], [ 68.61208299, 23.292084 ], [ 68.60735999, 23.29486 ], [ 68.61207599, 23.296531 ], [ 68.59569599, 23.299582 ], [ 68.58207799, 23.310142 ], [ 68.58819499, 23.295416 ], [ 68.58486299, 23.299863 ], [ 68.57235699, 23.303751 ], [ 68.57153199, 23.30097 ], [ 68.57514899, 23.29514 ], [ 68.57402799, 23.294306 ], [ 68.57041999, 23.300421 ], [ 68.56402699, 23.300701 ], [ 68.55930199, 23.312642 ], [ 68.55625099, 23.312642 ] ] ], [ [ [ 88.7986746, 26.21029917 ], [ 88.80291579, 26.21325364 ], [ 88.80264698, 26.21777597 ], [ 88.79612158, 26.22882652 ], [ 88.78028048, 26.23849783 ], [ 88.76825292, 26.23416481 ], [ 88.76526648, 26.22873341 ], [ 88.76580648, 26.21968436 ], [ 88.77008506, 26.21608895 ], [ 88.76960102, 26.20908362 ], [ 88.78039086, 26.20139337 ], [ 88.78165585, 26.19464435 ], [ 88.77618613, 26.18557835 ], [ 88.77720537, 26.17652959 ], [ 88.76269045, 26.17196296 ], [ 88.7642437, 26.16316534 ], [ 88.77788894, 26.16270198 ], [ 88.77802514, 26.15935301 ], [ 88.76927096, 26.15231961 ], [ 88.76275334, 26.15185645 ], [ 88.76225798, 26.14822958 ], [ 88.76954892, 26.14236755 ], [ 88.77110841, 26.13130636 ], [ 88.78887414, 26.13066985 ], [ 88.78960809, 26.14061114 ], [ 88.79396724, 26.1444948 ], [ 88.78798357, 26.17137383 ], [ 88.80223002, 26.19246152 ], [ 88.80354969, 26.20353526 ], [ 88.7986746, 26.21029917 ] ] ], [ [ [ 88.74973201, 21.978889 ], [ 88.72544101, 21.978848 ], [ 88.72282501, 21.967236 ], [ 88.72223701, 21.94297 ], [ 88.73332901, 21.924721 ], [ 88.74091401, 21.921979 ], [ 88.74890201, 21.928311 ], [ 88.76168201, 21.930811 ], [ 88.77569601, 21.927989 ], [ 88.79032101, 21.92032 ], [ 88.80472501, 21.932222 ], [ 88.80313201, 21.939159 ], [ 88.78811701, 21.941459 ], [ 88.78645401, 21.95265 ], [ 88.77584201, 21.94145 ], [ 88.75119801, 21.954459 ], [ 88.74949701, 21.959031 ], [ 88.75472301, 21.974721 ], [ 88.74973201, 21.978889 ] ] ], [ [ [ 88.92224901, 21.761303 ], [ 88.92719901, 21.75436 ], [ 88.93110601, 21.736392 ], [ 88.92278201, 21.719708 ], [ 88.95024101, 21.70233 ], [ 88.96694301, 21.701945 ], [ 88.97305301, 21.69861 ], [ 88.98387901, 21.706391 ], [ 88.97222101, 21.715556 ], [ 88.96944501, 21.722778 ], [ 88.97721901, 21.734172 ], [ 88.98697601, 21.740321 ], [ 88.98712201, 21.745071 ], [ 88.96889601, 21.739199 ], [ 88.96528601, 21.742481 ], [ 88.96259201, 21.753041 ], [ 88.93389101, 21.76195 ], [ 88.92224901, 21.761303 ] ] ], [ [ [ 88.42011201, 21.810985 ], [ 88.38265901, 21.7791 ], [ 88.39408201, 21.764436 ], [ 88.39643901, 21.755853 ], [ 88.40194701, 21.75194 ], [ 88.40299101, 21.738769 ], [ 88.41258201, 21.733151 ], [ 88.42276001, 21.71982 ], [ 88.42506501, 21.728558 ], [ 88.42084601, 21.744081 ], [ 88.42530201, 21.75271 ], [ 88.42086001, 21.767231 ], [ 88.43749301, 21.784 ], [ 88.44268701, 21.799651 ], [ 88.42963401, 21.799587 ], [ 88.42513301, 21.810484 ], [ 88.42011201, 21.810985 ] ] ], [ [ [ 70.00208199, 22.592084 ], [ 69.99291999, 22.584583 ], [ 69.96485899, 22.57765 ], [ 69.95680199, 22.560693 ], [ 69.95791699, 22.54958 ], [ 69.96375399, 22.545416 ], [ 69.99263699, 22.548195 ], [ 69.99874999, 22.553195 ], [ 70.00791899, 22.554029 ], [ 70.02708399, 22.567916 ], [ 70.02819199, 22.575141 ], [ 70.02236199, 22.588752 ], [ 70.00903299, 22.593201 ], [ 70.00208199, 22.592084 ] ] ], [ [ [ 88.56349901, 21.897504 ], [ 88.54557901, 21.904626 ], [ 88.54116201, 21.902561 ], [ 88.54886701, 21.892209 ], [ 88.55026201, 21.880959 ], [ 88.54050501, 21.8704 ], [ 88.54250401, 21.855561 ], [ 88.53055701, 21.849168 ], [ 88.53391201, 21.83377 ], [ 88.54277701, 21.829171 ], [ 88.55103201, 21.817292 ], [ 88.55444401, 21.82389 ], [ 88.55000201, 21.831671 ], [ 88.55502301, 21.82735 ], [ 88.56413301, 21.833259 ], [ 88.57273901, 21.85836 ], [ 88.57622601, 21.884282 ], [ 88.57103601, 21.90095 ], [ 88.56349901, 21.897504 ] ] ], [ [ [ 88.49771201, 21.599755 ], [ 88.49333201, 21.598333 ], [ 88.48610701, 21.588332 ], [ 88.48113101, 21.567421 ], [ 88.48170601, 21.554726 ], [ 88.49389001, 21.550277 ], [ 88.49763501, 21.545179 ], [ 88.50417301, 21.544452 ], [ 88.50534701, 21.550911 ], [ 88.50969801, 21.55794 ], [ 88.50389101, 21.56111 ], [ 88.50277601, 21.563054 ], [ 88.50305201, 21.565281 ], [ 88.51167401, 21.558061 ], [ 88.50666901, 21.550555 ], [ 88.50611101, 21.541111 ], [ 88.51555501, 21.539445 ], [ 88.53138601, 21.542499 ], [ 88.52889301, 21.555 ], [ 88.53444701, 21.566111 ], [ 88.53166901, 21.563613 ], [ 88.53028101, 21.568059 ], [ 88.53388901, 21.57806 ], [ 88.52861001, 21.58417 ], [ 88.50333501, 21.593611 ], [ 88.49771201, 21.599755 ] ] ], [ [ [ 88.78360701, 21.740556 ], [ 88.78890101, 21.748489 ], [ 88.78333301, 21.757223 ], [ 88.78221901, 21.766946 ], [ 88.79583001, 21.787221 ], [ 88.78726301, 21.795797 ], [ 88.79376301, 21.800602 ], [ 88.79355501, 21.809741 ], [ 88.78630101, 21.822901 ], [ 88.78210501, 21.825194 ], [ 88.77616101, 21.816191 ], [ 88.77632001, 21.807906 ], [ 88.76637201, 21.78679 ], [ 88.74975501, 21.769649 ], [ 88.75997201, 21.766059 ], [ 88.76438901, 21.7605 ], [ 88.75473001, 21.744968 ], [ 88.75666101, 21.73341 ], [ 88.77666501, 21.730846 ], [ 88.78694101, 21.736941 ], [ 88.78360701, 21.740556 ] ] ], [ [ [ 92.98961288, 12.10881192 ], [ 92.9754124, 12.10601922 ], [ 92.97375343, 12.1038652 ], [ 92.97773997, 12.10414159 ], [ 92.97358888, 12.10233931 ], [ 92.96932386, 12.1036428 ], [ 92.97029007, 12.10634105 ], [ 92.96629994, 12.10944295 ], [ 92.95987852, 12.10766538 ], [ 92.96351849, 12.09543607 ], [ 92.96091771, 12.09390765 ], [ 92.96603852, 12.09481202 ], [ 92.96551774, 12.08985286 ], [ 92.9703606, 12.09176494 ], [ 92.97154043, 12.0881731 ], [ 92.96084653, 12.08284602 ], [ 92.96054631, 12.07884066 ], [ 92.96479292, 12.06843737 ], [ 92.9730182, 12.06498552 ], [ 92.9759508, 12.06667763 ], [ 92.97330066, 12.05948226 ], [ 92.97637173, 12.06106552 ], [ 92.98046914, 12.05092596 ], [ 92.99448857, 12.0443469 ], [ 93.00090672, 12.05149817 ], [ 93.00150554, 12.06253307 ], [ 92.99777161, 12.06602312 ], [ 93.00053198, 12.06759983 ], [ 93.00012598, 12.08448773 ], [ 93.00576196, 12.10038057 ], [ 93.00406925, 12.10460209 ], [ 92.98961288, 12.10881192 ] ] ], [ [ [ 88.83135201, 22.124613 ], [ 88.80635701, 22.12523 ], [ 88.79869001, 22.110929 ], [ 88.80163501, 22.106623 ], [ 88.79982701, 22.098822 ], [ 88.80590101, 22.084753 ], [ 88.81466001, 22.082002 ], [ 88.82525601, 22.08729 ], [ 88.82118301, 22.092021 ], [ 88.81920701, 22.104422 ], [ 88.82212001, 22.092662 ], [ 88.83187901, 22.084021 ], [ 88.83809001, 22.073079 ], [ 88.85118101, 22.079363 ], [ 88.86750001, 22.082503 ], [ 88.83844701, 22.090193 ], [ 88.84371901, 22.098093 ], [ 88.84136201, 22.09017 ], [ 88.86794201, 22.08502 ], [ 88.84924401, 22.103971 ], [ 88.84572701, 22.119421 ], [ 88.83135201, 22.124613 ] ] ], [ [ [ 69.62763999, 22.45949305 ], [ 69.61875199, 22.45681 ], [ 69.61291499, 22.450695 ], [ 69.59348299, 22.445422 ], [ 69.58819499, 22.43708 ], [ 69.59596899, 22.424583 ], [ 69.63652899, 22.40653 ], [ 69.64180699, 22.41515 ], [ 69.65597499, 22.424583 ], [ 69.65708199, 22.428194 ], [ 69.64485899, 22.434028 ], [ 69.64847599, 22.438194 ], [ 69.64319499, 22.4507 ], [ 69.62763999, 22.45949305 ] ] ], [ [ [ 88.80583301, 21.706391 ], [ 88.79361001, 21.703889 ], [ 88.77416901, 21.69389 ], [ 88.76471701, 21.693061 ], [ 88.75833101, 21.682501 ], [ 88.74500301, 21.682221 ], [ 88.74111201, 21.689444 ], [ 88.73055301, 21.684721 ], [ 88.74916901, 21.673335 ], [ 88.75944601, 21.663056 ], [ 88.77054501, 21.665561 ], [ 88.78472101, 21.66 ], [ 88.79416601, 21.664444 ], [ 88.78722401, 21.659165 ], [ 88.79694401, 21.655277 ], [ 88.80722101, 21.66583 ], [ 88.80999701, 21.704167 ], [ 88.80583301, 21.706391 ] ] ], [ [ [ 88.95527601, 21.824439 ], [ 88.93944501, 21.847221 ], [ 88.93527901, 21.84556 ], [ 88.93277601, 21.836945 ], [ 88.92444601, 21.835833 ], [ 88.92639201, 21.82389 ], [ 88.93499801, 21.824444 ], [ 88.93888901, 21.816667 ], [ 88.93416701, 21.813611 ], [ 88.93305201, 21.808611 ], [ 88.92861201, 21.805835 ], [ 88.92778001, 21.79778 ], [ 88.91971701, 21.791932 ], [ 88.92444601, 21.787501 ], [ 88.91972401, 21.775278 ], [ 88.92138701, 21.77111 ], [ 88.91278101, 21.761111 ], [ 88.91416901, 21.755559 ], [ 88.92138701, 21.766112 ], [ 88.94750201, 21.763892 ], [ 88.96055701, 21.772778 ], [ 88.95861001, 21.776112 ], [ 88.94042301, 21.782366 ], [ 88.94027701, 21.793055 ], [ 88.94806001, 21.80472 ], [ 88.95417101, 21.808059 ], [ 88.97000101, 21.802778 ], [ 88.97667001, 21.820834 ], [ 88.95527601, 21.824439 ] ] ], [ [ [ 92.72926715, 12.24187507 ], [ 92.72199105, 12.23293042 ], [ 92.72478287, 12.22129721 ], [ 92.72224401, 12.21796088 ], [ 92.72421324, 12.20806955 ], [ 92.72080995, 12.19058015 ], [ 92.72468402, 12.18824505 ], [ 92.73096357, 12.19250273 ], [ 92.73313658, 12.18474726 ], [ 92.74683623, 12.18052678 ], [ 92.75064088, 12.18342343 ], [ 92.76353924, 12.18169138 ], [ 92.76841541, 12.20106231 ], [ 92.76310398, 12.2084759 ], [ 92.76259573, 12.22971125 ], [ 92.74726206, 12.2309281 ], [ 92.74555234, 12.22712414 ], [ 92.73992076, 12.23640482 ], [ 92.73781598, 12.22790933 ], [ 92.74459774, 12.22305386 ], [ 92.74482892, 12.2188817 ], [ 92.74331054, 12.21507234 ], [ 92.74408179, 12.2204176 ], [ 92.73894055, 12.22362904 ], [ 92.73286332, 12.21055091 ], [ 92.73030541, 12.2260793 ], [ 92.7350405, 12.23917743 ], [ 92.72926715, 12.24187507 ] ] ], [ [ [ 89.01158201, 21.780228 ], [ 88.98707701, 21.787314 ], [ 88.97401501, 21.773765 ], [ 88.96676701, 21.772185 ], [ 88.96257801, 21.765578 ], [ 88.95111201, 21.757779 ], [ 88.96534101, 21.752651 ], [ 88.96871101, 21.740706 ], [ 88.98387901, 21.748061 ], [ 88.98787701, 21.746648 ], [ 88.98866301, 21.739849 ], [ 88.97667001, 21.728611 ], [ 88.99416301, 21.723334 ], [ 89.00483801, 21.716132 ], [ 89.01486201, 21.71879 ], [ 89.01523501, 21.72738 ], [ 89.00139701, 21.74595 ], [ 88.99666501, 21.768329 ], [ 88.99804601, 21.77167 ], [ 89.01158201, 21.780228 ] ] ], [ [ [ 88.37100101, 21.76324 ], [ 88.35206601, 21.763996 ], [ 88.34278801, 21.75439 ], [ 88.34889101, 21.725554 ], [ 88.33750901, 21.710245 ], [ 88.35194301, 21.690556 ], [ 88.36165701, 21.68639 ], [ 88.36554701, 21.687219 ], [ 88.36694401, 21.693332 ], [ 88.38833601, 21.702499 ], [ 88.39805701, 21.713609 ], [ 88.39250301, 21.71806 ], [ 88.37275601, 21.71783 ], [ 88.36528101, 21.72222 ], [ 88.36432601, 21.72983 ], [ 88.35968801, 21.7345 ], [ 88.35981101, 21.746201 ], [ 88.37100101, 21.76324 ] ] ], [ [ [ 88.91361301, 21.825834 ], [ 88.88305701, 21.808057 ], [ 88.88361301, 21.802222 ], [ 88.89583601, 21.788062 ], [ 88.90389301, 21.794722 ], [ 88.90693801, 21.79417 ], [ 88.89805601, 21.786667 ], [ 88.90083401, 21.776951 ], [ 88.89472201, 21.755279 ], [ 88.90194601, 21.751391 ], [ 88.91278101, 21.755279 ], [ 88.91139101, 21.761672 ], [ 88.91944101, 21.77 ], [ 88.91805301, 21.775 ], [ 88.92333201, 21.788055 ], [ 88.91777701, 21.791665 ], [ 88.92666601, 21.798329 ], [ 88.92778001, 21.806388 ], [ 88.93332801, 21.814441 ], [ 88.93723201, 21.81667 ], [ 88.93499801, 21.8225 ], [ 88.91361301, 21.825834 ] ] ], [ [ [ 88.87050601, 22.079556 ], [ 88.85147001, 22.07828 ], [ 88.84101101, 22.071538 ], [ 88.83602901, 22.072833 ], [ 88.83736501, 22.066611 ], [ 88.83438101, 22.06389 ], [ 88.82856101, 22.070166 ], [ 88.82000001, 22.064172 ], [ 88.82182301, 22.059352 ], [ 88.83251901, 22.051683 ], [ 88.83783001, 22.052022 ], [ 88.84085201, 22.058361 ], [ 88.84555201, 22.06167 ], [ 88.84129401, 22.055329 ], [ 88.84500201, 22.053611 ], [ 88.83371801, 22.050085 ], [ 88.83171901, 22.044654 ], [ 88.83421301, 22.029482 ], [ 88.83850001, 22.0239 ], [ 88.84754101, 22.021972 ], [ 88.85962701, 22.02604 ], [ 88.85072301, 22.039031 ], [ 88.85214301, 22.043801 ], [ 88.89060301, 22.04833 ], [ 88.88295701, 22.057212 ], [ 88.87016401, 22.063051 ], [ 88.87050601, 22.079556 ] ] ], [ [ [ 88.99452901, 21.720898 ], [ 88.97667001, 21.727223 ], [ 88.97055801, 21.72111 ], [ 88.99250101, 21.701391 ], [ 88.99581901, 21.672501 ], [ 88.98978401, 21.664601 ], [ 88.99040201, 21.653358 ], [ 89.00776001, 21.652221 ], [ 89.01783801, 21.661187 ], [ 89.02416301, 21.687732 ], [ 89.01965201, 21.699351 ], [ 89.00916401, 21.701669 ], [ 89.00778901, 21.70713 ], [ 89.02052301, 21.71355 ], [ 89.01509901, 21.7177 ], [ 88.99972601, 21.715278 ], [ 88.99452901, 21.720898 ] ] ], [ [ [ 81.3937476, 16.3338049 ], [ 81.39175656, 16.33643709 ], [ 81.3802403, 16.33250565 ], [ 81.36430448, 16.33270122 ], [ 81.35185964, 16.32329197 ], [ 81.3117549, 16.30765779 ], [ 81.33045388, 16.32015159 ], [ 81.29966075, 16.31725646 ], [ 81.28633767, 16.31190181 ], [ 81.27704385, 16.3163895 ], [ 81.26775202, 16.31126278 ], [ 81.27041927, 16.3025601 ], [ 81.28040639, 16.29214901 ], [ 81.27045882, 16.28602586 ], [ 81.27133911, 16.27925086 ], [ 81.27536215, 16.27830213 ], [ 81.326924, 16.30651336 ], [ 81.37029315, 16.32458647 ], [ 81.38974391, 16.32954877 ], [ 81.3937476, 16.3338049 ] ] ], [ [ [ 88.72606601, 21.63729 ], [ 88.72083301, 21.638334 ], [ 88.71277601, 21.624718 ], [ 88.70720601, 21.594221 ], [ 88.71444701, 21.578334 ], [ 88.73583201, 21.571672 ], [ 88.74694901, 21.577499 ], [ 88.74813901, 21.590951 ], [ 88.75718701, 21.59898 ], [ 88.73587001, 21.610679 ], [ 88.73377101, 21.625359 ], [ 88.72860701, 21.63802 ], [ 88.72606601, 21.63729 ] ] ], [ [ [ 88.80665601, 21.749171 ], [ 88.83027701, 21.766665 ], [ 88.82073201, 21.787032 ], [ 88.83099501, 21.808389 ], [ 88.82167101, 21.822901 ], [ 88.81111101, 21.80611 ], [ 88.79722701, 21.790555 ], [ 88.79663001, 21.78153 ], [ 88.78389601, 21.765521 ], [ 88.79083201, 21.750009 ], [ 88.80665601, 21.749171 ] ] ], [ [ [ 88.60167001, 21.789723 ], [ 88.59259001, 21.785197 ], [ 88.58922601, 21.779841 ], [ 88.58625001, 21.756598 ], [ 88.60240901, 21.7475 ], [ 88.61650701, 21.74441 ], [ 88.62305501, 21.736665 ], [ 88.61944501, 21.725554 ], [ 88.59884601, 21.715522 ], [ 88.60916901, 21.708062 ], [ 88.62361201, 21.724171 ], [ 88.63083601, 21.74306 ], [ 88.62333601, 21.773332 ], [ 88.61679001, 21.786391 ], [ 88.61165501, 21.790001 ], [ 88.60167001, 21.789723 ] ] ], [ [ [ 88.92520001, 22.22703 ], [ 88.91879401, 22.230809 ], [ 88.91667201, 22.208262 ], [ 88.90813401, 22.195788 ], [ 88.92334801, 22.179631 ], [ 88.93180101, 22.177024 ], [ 88.93596701, 22.18194 ], [ 88.94458701, 22.184328 ], [ 88.94140501, 22.192189 ], [ 88.95783301, 22.19174 ], [ 88.96158701, 22.19721 ], [ 88.95418701, 22.221604 ], [ 88.92520001, 22.22703 ] ] ], [ [ [ 88.96547701, 21.641792 ], [ 88.96202001, 21.648679 ], [ 88.96161601, 21.664193 ], [ 88.95520801, 21.677091 ], [ 88.93972101, 21.646667 ], [ 88.94238301, 21.639749 ], [ 88.95861001, 21.622499 ], [ 88.95591601, 21.617567 ], [ 88.97571501, 21.613191 ], [ 88.98777901, 21.613056 ], [ 88.99250101, 21.616666 ], [ 88.99513301, 21.6264 ], [ 88.99138701, 21.643569 ], [ 88.98133101, 21.644319 ], [ 88.96948201, 21.640292 ], [ 88.96547701, 21.641792 ] ] ], [ [ [ 88.57744501, 21.69051 ], [ 88.56752901, 21.690469 ], [ 88.57080901, 21.666 ], [ 88.55477301, 21.64743 ], [ 88.55452601, 21.638111 ], [ 88.57299901, 21.63105 ], [ 88.59111101, 21.618335 ], [ 88.60222001, 21.620557 ], [ 88.60571401, 21.624402 ], [ 88.59916801, 21.635 ], [ 88.59916801, 21.64111 ], [ 88.59377301, 21.653552 ], [ 88.58583001, 21.658055 ], [ 88.57744501, 21.69051 ] ] ], [ [ [ 72.67207999, 21.154583 ], [ 72.66486399, 21.148473 ], [ 72.66570299, 21.13986 ], [ 72.67292099, 21.122641 ], [ 72.67569699, 21.105142 ], [ 72.68902499, 21.08986 ], [ 72.69875299, 21.108191 ], [ 72.69680899, 21.11875 ], [ 72.71041999, 21.140694 ], [ 72.70263599, 21.146531 ], [ 72.67874899, 21.155139 ], [ 72.67207999, 21.154583 ] ] ], [ [ [ 93.59052981, 8.10032314 ], [ 93.57918291, 8.12492856 ], [ 93.56223228, 8.11917311 ], [ 93.56901274, 8.10846932 ], [ 93.57395885, 8.10757388 ], [ 93.57068303, 8.09110911 ], [ 93.58204128, 8.08082106 ], [ 93.58345571, 8.07305822 ], [ 93.57487847, 8.07306512 ], [ 93.57203212, 8.06698388 ], [ 93.58081115, 8.05643567 ], [ 93.58259454, 8.04951164 ], [ 93.58594131, 8.04908232 ], [ 93.59390689, 8.0386115 ], [ 93.60038078, 8.0444675 ], [ 93.60069553, 8.04996857 ], [ 93.59087057, 8.06744063 ], [ 93.59052981, 8.10032314 ] ] ], [ [ [ 69.91874699, 22.553195 ], [ 69.90735599, 22.551531 ], [ 69.91152899, 22.549311 ], [ 69.91014099, 22.546531 ], [ 69.90680699, 22.545972 ], [ 69.90486099, 22.549311 ], [ 69.90040499, 22.546248 ], [ 69.89819399, 22.528749 ], [ 69.90125299, 22.527639 ], [ 69.89514199, 22.522921 ], [ 69.86569099, 22.531249 ], [ 69.86235699, 22.527081 ], [ 69.87041399, 22.522083 ], [ 69.88430099, 22.51986 ], [ 69.89652999, 22.511806 ], [ 69.90069699, 22.514311 ], [ 69.91569599, 22.511806 ], [ 69.93125099, 22.520141 ], [ 69.94152699, 22.517916 ], [ 69.94431299, 22.522921 ], [ 69.94208599, 22.528749 ], [ 69.93708099, 22.53181 ], [ 69.93681399, 22.52681 ], [ 69.93514399, 22.525141 ], [ 69.93597299, 22.533193 ], [ 69.92957999, 22.5307 ], [ 69.93430299, 22.53403 ], [ 69.93180899, 22.545419 ], [ 69.91874699, 22.553195 ] ] ], [ [ [ 68.48486299, 23.592638 ], [ 68.48042399, 23.596809 ], [ 68.48097299, 23.591531 ], [ 68.47957599, 23.58986 ], [ 68.47652399, 23.590694 ], [ 68.47347199, 23.593201 ], [ 68.46847399, 23.592082 ], [ 68.46236399, 23.581527 ], [ 68.46485899, 23.579032 ], [ 68.46958199, 23.582915 ], [ 68.47291599, 23.578193 ], [ 68.45569499, 23.572361 ], [ 68.45318599, 23.56125 ], [ 68.44819699, 23.565694 ], [ 68.44208599, 23.563472 ], [ 68.44125399, 23.558472 ], [ 68.43763699, 23.55986 ], [ 68.43541799, 23.557084 ], [ 68.43541799, 23.546807 ], [ 68.43013699, 23.542921 ], [ 68.43041899, 23.507651 ], [ 68.43263899, 23.507651 ], [ 68.43345499, 23.523202 ], [ 68.43818699, 23.523751 ], [ 68.44596799, 23.540141 ], [ 68.46069999, 23.548749 ], [ 68.46180799, 23.55403 ], [ 68.46347099, 23.550693 ], [ 68.46819399, 23.552917 ], [ 68.47125199, 23.5557 ], [ 68.46874999, 23.5582 ], [ 68.47402799, 23.558196 ], [ 68.47347199, 23.562921 ], [ 68.48124599, 23.56125 ], [ 68.47985799, 23.56793 ], [ 68.48541999, 23.575139 ], [ 68.48486299, 23.592638 ] ] ], [ [ [ 88.60277601, 21.844999 ], [ 88.59055301, 21.851944 ], [ 88.58292401, 21.842773 ], [ 88.57604101, 21.817034 ], [ 88.58945401, 21.798325 ], [ 88.61416701, 21.79806 ], [ 88.61277901, 21.80833 ], [ 88.60722501, 21.815833 ], [ 88.61805001, 21.829244 ], [ 88.60582701, 21.83472 ], [ 88.60277601, 21.844999 ] ] ], [ [ [ 88.67898231, 26.25421057 ], [ 88.67282626, 26.25349753 ], [ 88.67111652, 26.24739918 ], [ 88.68202626, 26.24335031 ], [ 88.68031328, 26.2316071 ], [ 88.68710511, 26.21474994 ], [ 88.69368926, 26.20928174 ], [ 88.71172355, 26.20436314 ], [ 88.71226012, 26.19848511 ], [ 88.70799813, 26.19392114 ], [ 88.70832729, 26.18174104 ], [ 88.71959922, 26.17636911 ], [ 88.71943533, 26.18357677 ], [ 88.72958878, 26.18519322 ], [ 88.73207541, 26.18837216 ], [ 88.73157116, 26.19448359 ], [ 88.7227763, 26.19785595 ], [ 88.72350915, 26.20688434 ], [ 88.71936944, 26.2116228 ], [ 88.72191357, 26.23266055 ], [ 88.71816395, 26.23535398 ], [ 88.71226394, 26.23285404 ], [ 88.71067074, 26.22267106 ], [ 88.69989281, 26.22465491 ], [ 88.68978427, 26.24701516 ], [ 88.67898231, 26.25421057 ] ] ], [ [ [ 93.61409741, 8.57531244 ], [ 93.6111796, 8.54447808 ], [ 93.62250481, 8.52560412 ], [ 93.62124036, 8.52133524 ], [ 93.62633753, 8.51067711 ], [ 93.62429107, 8.49797885 ], [ 93.62907975, 8.48875169 ], [ 93.6277052, 8.48485711 ], [ 93.61935742, 8.48054414 ], [ 93.62341609, 8.46299499 ], [ 93.61843575, 8.45539343 ], [ 93.62081655, 8.44832569 ], [ 93.61755587, 8.44352073 ], [ 93.62103894, 8.43963561 ], [ 93.61854891, 8.43485716 ], [ 93.62293682, 8.42323126 ], [ 93.62819146, 8.43940424 ], [ 93.62258584, 8.4491164 ], [ 93.62693683, 8.46773342 ], [ 93.63304191, 8.47113916 ], [ 93.63935934, 8.46576228 ], [ 93.64239061, 8.46826848 ], [ 93.63834625, 8.49162598 ], [ 93.63534097, 8.49316972 ], [ 93.63691585, 8.49829667 ], [ 93.63178417, 8.505649 ], [ 93.63739341, 8.51150266 ], [ 93.63346667, 8.51737812 ], [ 93.6357688, 8.52253614 ], [ 93.62222082, 8.53169928 ], [ 93.61853292, 8.54612962 ], [ 93.6202892, 8.56466796 ], [ 93.61409741, 8.57531244 ] ] ], [ [ [ 93.01453107, 13.67567803 ], [ 93.01338175, 13.67199108 ], [ 93.0089602, 13.67375025 ], [ 93.00553794, 13.66682326 ], [ 93.00383403, 13.6707098 ], [ 92.99780703, 13.66700343 ], [ 92.98230317, 13.66531047 ], [ 92.98108454, 13.65805308 ], [ 92.97691989, 13.6549553 ], [ 92.9817263, 13.65259003 ], [ 92.98600884, 13.64273674 ], [ 93.00135801, 13.64963287 ], [ 93.01517733, 13.64414975 ], [ 93.01757296, 13.63367647 ], [ 93.025693, 13.62717944 ], [ 93.03096711, 13.6293523 ], [ 93.03183512, 13.63367494 ], [ 93.02457774, 13.64995858 ], [ 93.02461053, 13.6621292 ], [ 93.01875968, 13.67471357 ], [ 93.01453107, 13.67567803 ] ] ], [ [ [ 89.01502101, 21.76412 ], [ 88.99973301, 21.763892 ], [ 89.00157201, 21.750021 ], [ 89.01637301, 21.732442 ], [ 89.01741001, 21.71778 ], [ 89.03061701, 21.720761 ], [ 89.02951901, 21.724424 ], [ 89.03382901, 21.721347 ], [ 89.05928001, 21.725919 ], [ 89.04194701, 21.739446 ], [ 89.03683501, 21.739956 ], [ 89.03833701, 21.741973 ], [ 89.02541401, 21.75697 ], [ 89.02260601, 21.75754 ], [ 89.01502101, 21.76412 ] ] ], [ [ [ 88.63999901, 21.921681 ], [ 88.62345201, 21.90087 ], [ 88.62796001, 21.89617 ], [ 88.63006601, 21.88317 ], [ 88.63633801, 21.878131 ], [ 88.63361501, 21.871389 ], [ 88.64190601, 21.87363 ], [ 88.65139001, 21.871941 ], [ 88.66750301, 21.912776 ], [ 88.63999901, 21.921681 ] ] ], [ [ [ 88.80853401, 22.062602 ], [ 88.80448801, 22.064131 ], [ 88.80072101, 22.05641 ], [ 88.79447201, 22.054242 ], [ 88.78757501, 22.05963 ], [ 88.78015901, 22.037832 ], [ 88.78849801, 22.035793 ], [ 88.79435801, 22.03094 ], [ 88.80584701, 22.033281 ], [ 88.81314901, 22.02514 ], [ 88.83220701, 22.027171 ], [ 88.83142801, 22.050242 ], [ 88.81839801, 22.061294 ], [ 88.80853401, 22.062602 ] ] ], [ [ [ 92.95615335, 12.1472074 ], [ 92.95656987, 12.13772656 ], [ 92.9664884, 12.11961596 ], [ 92.97564015, 12.11842021 ], [ 92.97660487, 12.11362601 ], [ 92.98181021, 12.11142708 ], [ 92.99624469, 12.11331773 ], [ 93.00069, 12.11839308 ], [ 92.99242049, 12.13630063 ], [ 92.99215432, 12.14408285 ], [ 92.98303006, 12.14897833 ], [ 92.97787193, 12.14733417 ], [ 92.96373275, 12.15075519 ], [ 92.95615335, 12.1472074 ] ] ], [ [ [ 92.96062443, 12.41920797 ], [ 92.95539749, 12.43557666 ], [ 92.95296269, 12.43017567 ], [ 92.94912352, 12.42924589 ], [ 92.9478762, 12.41490286 ], [ 92.9436044, 12.42078935 ], [ 92.93718351, 12.42140281 ], [ 92.93071747, 12.41620067 ], [ 92.92605929, 12.40478959 ], [ 92.92446774, 12.39119889 ], [ 92.92780365, 12.38720198 ], [ 92.91888068, 12.37678462 ], [ 92.91732059, 12.36899079 ], [ 92.93092642, 12.35850491 ], [ 92.9374417, 12.37748532 ], [ 92.9423468, 12.38245851 ], [ 92.94428869, 12.40424611 ], [ 92.95247896, 12.40865935 ], [ 92.96062443, 12.41920797 ] ] ], [ [ [ 93.10065997, 12.25986055 ], [ 93.09955569, 12.2494484 ], [ 93.09305912, 12.23865569 ], [ 93.08848937, 12.23730441 ], [ 93.08456184, 12.23894159 ], [ 93.08626042, 12.24705003 ], [ 93.08359142, 12.25845546 ], [ 93.07810081, 12.26173949 ], [ 93.07253109, 12.25970667 ], [ 93.06288655, 12.2310394 ], [ 93.06491881, 12.22796383 ], [ 93.08311867, 12.22269935 ], [ 93.09273465, 12.22523046 ], [ 93.0922848, 12.21235544 ], [ 93.10064927, 12.20439984 ], [ 93.10360188, 12.22108838 ], [ 93.1006905, 12.23244998 ], [ 93.10542007, 12.23933679 ], [ 93.10628973, 12.25558672 ], [ 93.10570947, 12.26025374 ], [ 93.10065997, 12.25986055 ] ] ], [ [ [ 93.03647052, 11.83626641 ], [ 93.01306631, 11.85000277 ], [ 93.01528871, 11.82860145 ], [ 93.02026165, 11.83085639 ], [ 93.03001228, 11.8266473 ], [ 93.04885105, 11.8132985 ], [ 93.06166043, 11.81769507 ], [ 93.06220634, 11.82299495 ], [ 93.0715409, 11.83462574 ], [ 93.06954031, 11.84197543 ], [ 93.0633774, 11.84479215 ], [ 93.04810655, 11.8425593 ], [ 93.03647052, 11.83626641 ] ] ], [ [ [ 88.30216201, 21.723578 ], [ 88.30583201, 21.733178 ], [ 88.30288701, 21.755559 ], [ 88.29850001, 21.767741 ], [ 88.28890901, 21.778485 ], [ 88.28579801, 21.754342 ], [ 88.27722201, 21.738611 ], [ 88.27803101, 21.728171 ], [ 88.29728001, 21.7056 ], [ 88.30218501, 21.709778 ], [ 88.30216201, 21.723578 ] ] ], [ [ [ 88.70089001, 21.691249 ], [ 88.69638901, 21.713334 ], [ 88.69416901, 21.69944 ], [ 88.68704201, 21.683331 ], [ 88.70131601, 21.665691 ], [ 88.70972401, 21.663056 ], [ 88.70805401, 21.660556 ], [ 88.72315301, 21.638329 ], [ 88.73597801, 21.64547 ], [ 88.75137301, 21.64872 ], [ 88.70779401, 21.68081 ], [ 88.70089001, 21.691249 ] ] ], [ [ [ 92.93377076, 12.31040499 ], [ 92.92955208, 12.30484897 ], [ 92.93048157, 12.28566035 ], [ 92.92791885, 12.28087169 ], [ 92.92334283, 12.28473503 ], [ 92.91952262, 12.28227842 ], [ 92.91943138, 12.28878979 ], [ 92.91366297, 12.29327814 ], [ 92.90463282, 12.29179568 ], [ 92.90172889, 12.28786877 ], [ 92.9041523, 12.27787304 ], [ 92.900614, 12.27192921 ], [ 92.90460444, 12.27106244 ], [ 92.90751016, 12.27541948 ], [ 92.91426997, 12.2734175 ], [ 92.91234393, 12.26303489 ], [ 92.91704742, 12.26778122 ], [ 92.91633234, 12.26363915 ], [ 92.92089994, 12.2663419 ], [ 92.9230421, 12.25901562 ], [ 92.91896252, 12.23885047 ], [ 92.92318776, 12.2306812 ], [ 92.92895718, 12.23923691 ], [ 92.92660895, 12.250161 ], [ 92.92850135, 12.25591279 ], [ 92.94230353, 12.27568448 ], [ 92.94129974, 12.28121404 ], [ 92.93342224, 12.28907878 ], [ 92.93634648, 12.2996531 ], [ 92.93377076, 12.31040499 ] ] ], [ [ [ 92.70726378, 12.82930795 ], [ 92.70569411, 12.81694401 ], [ 92.70108613, 12.81369955 ], [ 92.70127333, 12.80736636 ], [ 92.6982584, 12.80562344 ], [ 92.70031655, 12.80055406 ], [ 92.69632418, 12.80156725 ], [ 92.69467236, 12.79533235 ], [ 92.70955557, 12.77358772 ], [ 92.7129756, 12.73734622 ], [ 92.70904005, 12.72841665 ], [ 92.71118979, 12.72882966 ], [ 92.71186621, 12.7205905 ], [ 92.71835533, 12.71924153 ], [ 92.71881347, 12.75167028 ], [ 92.7233171, 12.74239203 ], [ 92.72490826, 12.7542747 ], [ 92.71216287, 12.77725316 ], [ 92.71541046, 12.82826145 ], [ 92.70726378, 12.82930795 ] ] ], [ [ [ 88.48976901, 21.834682 ], [ 88.47712701, 21.83444 ], [ 88.47055801, 21.824719 ], [ 88.45106501, 21.815781 ], [ 88.44948601, 21.812004 ], [ 88.45314101, 21.805661 ], [ 88.46005201, 21.800599 ], [ 88.48583301, 21.79861 ], [ 88.50026701, 21.812501 ], [ 88.49778001, 21.8225 ], [ 88.48976901, 21.834682 ] ] ], [ [ [ 93.00632819, 12.99707593 ], [ 92.99404133, 12.99153925 ], [ 92.98592984, 12.99345647 ], [ 92.98815832, 12.98483658 ], [ 92.97943883, 12.98019106 ], [ 92.97970319, 12.97538224 ], [ 92.97233903, 12.96979844 ], [ 92.96490925, 12.97820464 ], [ 92.96927181, 12.9823786 ], [ 92.96141727, 12.99002619 ], [ 92.9594474, 12.98892484 ], [ 92.95246225, 12.9801237 ], [ 92.96077015, 12.97428031 ], [ 92.96290998, 12.96910597 ], [ 92.96017053, 12.96523694 ], [ 92.95398366, 12.96818633 ], [ 92.95387418, 12.96272832 ], [ 92.9594086, 12.95576059 ], [ 92.97247113, 12.9552063 ], [ 92.97375601, 12.94649019 ], [ 92.96045897, 12.94973534 ], [ 92.95208372, 12.94093263 ], [ 92.96877345, 12.94432444 ], [ 92.97267194, 12.94037045 ], [ 92.96994464, 12.93701912 ], [ 92.98119006, 12.932929 ], [ 92.98291702, 12.93694901 ], [ 92.98000334, 12.94807948 ], [ 92.988188, 12.95645886 ], [ 92.98041694, 12.96030161 ], [ 92.98023938, 12.9666634 ], [ 92.99268965, 12.9856624 ], [ 93.00121389, 12.98945346 ], [ 93.00632819, 12.99707593 ] ] ], [ [ [ 88.90135801, 22.018321 ], [ 88.90303801, 22.050103 ], [ 88.88691801, 22.057784 ], [ 88.89204401, 22.049337 ], [ 88.88964101, 22.045579 ], [ 88.85195101, 22.041684 ], [ 88.86399001, 22.028673 ], [ 88.87088001, 22.027501 ], [ 88.87539001, 22.016153 ], [ 88.87908201, 22.014521 ], [ 88.90135801, 22.018321 ] ] ], [ [ [ 92.54822448, 11.60030085 ], [ 92.53624896, 11.60567678 ], [ 92.53245911, 11.59563632 ], [ 92.53543188, 11.58229149 ], [ 92.53238033, 11.57262563 ], [ 92.53584825, 11.56504956 ], [ 92.53034679, 11.55467645 ], [ 92.53850047, 11.56277924 ], [ 92.55412731, 11.56239339 ], [ 92.55711801, 11.56912752 ], [ 92.5656822, 11.57365512 ], [ 92.56247126, 11.58552355 ], [ 92.56953035, 11.58840592 ], [ 92.56671802, 11.59294042 ], [ 92.55606678, 11.59123756 ], [ 92.55078369, 11.59403761 ], [ 92.54668265, 11.59145211 ], [ 92.54512665, 11.59514221 ], [ 92.54822448, 11.60030085 ] ] ], [ [ [ 86.79509832, 20.39625895 ], [ 86.81160717, 20.44540249 ], [ 86.80992846, 20.47074077 ], [ 86.80626458, 20.48311301 ], [ 86.80015637, 20.4910854 ], [ 86.79550004, 20.48926492 ], [ 86.79410395, 20.4800346 ], [ 86.80069131, 20.46864361 ], [ 86.80009705, 20.44351724 ], [ 86.78813952, 20.41512251 ], [ 86.79009069, 20.3964752 ], [ 86.79509832, 20.39625895 ] ] ], [ [ [ 88.58222201, 21.777781 ], [ 88.56900101, 21.769179 ], [ 88.58355801, 21.748412 ], [ 88.57972001, 21.725839 ], [ 88.59279501, 21.71871 ], [ 88.61692001, 21.728011 ], [ 88.62019301, 21.737846 ], [ 88.58674701, 21.75258 ], [ 88.58362601, 21.759381 ], [ 88.58499801, 21.775 ], [ 88.58222201, 21.777781 ] ] ], [ [ [ 88.86166301, 22.399725 ], [ 88.86222101, 22.410555 ], [ 88.85533801, 22.387641 ], [ 88.86083301, 22.370832 ], [ 88.87737301, 22.361071 ], [ 88.89861201, 22.336673 ], [ 88.90320701, 22.345397 ], [ 88.89943701, 22.357499 ], [ 88.89472201, 22.356111 ], [ 88.89778201, 22.364173 ], [ 88.88375001, 22.371992 ], [ 88.87484801, 22.386832 ], [ 88.88057701, 22.403212 ], [ 88.87861701, 22.404174 ], [ 88.87916601, 22.400279 ], [ 88.87527401, 22.398059 ], [ 88.87222201, 22.400281 ], [ 88.87416801, 22.388612 ], [ 88.86833101, 22.390002 ], [ 88.86554601, 22.38556 ], [ 88.86666801, 22.396944 ], [ 88.86166301, 22.399725 ] ] ], [ [ [ 88.78083101, 22.50028 ], [ 88.78055501, 22.494168 ], [ 88.79148101, 22.482722 ], [ 88.80068901, 22.461401 ], [ 88.80515401, 22.442992 ], [ 88.81923001, 22.432253 ], [ 88.83483001, 22.433803 ], [ 88.82168701, 22.434789 ], [ 88.82730001, 22.446769 ], [ 88.82446301, 22.44969 ], [ 88.81492701, 22.450392 ], [ 88.81234701, 22.45418 ], [ 88.80983701, 22.481193 ], [ 88.79841701, 22.487519 ], [ 88.79208301, 22.498614 ], [ 88.78083101, 22.50028 ] ] ], [ [ [ 92.88900467, 12.4024206 ], [ 92.88815662, 12.40817869 ], [ 92.88140653, 12.39826037 ], [ 92.87329626, 12.40589289 ], [ 92.8658032, 12.40363799 ], [ 92.85353853, 12.40878669 ], [ 92.84593845, 12.40614996 ], [ 92.84329699, 12.40091616 ], [ 92.84457683, 12.39513771 ], [ 92.86046133, 12.38891476 ], [ 92.86239165, 12.37991875 ], [ 92.86816691, 12.3780213 ], [ 92.8730684, 12.38457078 ], [ 92.87909998, 12.38421913 ], [ 92.88275433, 12.37408193 ], [ 92.88552639, 12.37872268 ], [ 92.88325207, 12.38782428 ], [ 92.89028996, 12.39194137 ], [ 92.89389475, 12.39846947 ], [ 92.88900467, 12.4024206 ] ] ], [ [ [ 92.7057341, 12.29962853 ], [ 92.70203254, 12.28948773 ], [ 92.70327784, 12.27998177 ], [ 92.69992761, 12.27568957 ], [ 92.70364714, 12.27150359 ], [ 92.70058365, 12.26578066 ], [ 92.70412036, 12.24556549 ], [ 92.71075636, 12.2301494 ], [ 92.72384603, 12.29509529 ], [ 92.7057341, 12.29962853 ] ] ], [ [ [ 92.90549717, 12.25231189 ], [ 92.89510805, 12.25589836 ], [ 92.88719799, 12.25153489 ], [ 92.88372677, 12.23805234 ], [ 92.88270172, 12.24072982 ], [ 92.88142943, 12.23754698 ], [ 92.87963939, 12.23947 ], [ 92.87809493, 12.24834158 ], [ 92.87128937, 12.24573715 ], [ 92.86951274, 12.23820045 ], [ 92.87454655, 12.22958484 ], [ 92.87814853, 12.21000065 ], [ 92.88349312, 12.22231379 ], [ 92.8809378, 12.22381722 ], [ 92.89130722, 12.23404406 ], [ 92.90008019, 12.22911623 ], [ 92.90858624, 12.23297778 ], [ 92.91234484, 12.22218328 ], [ 92.91420454, 12.23223127 ], [ 92.90549717, 12.25231189 ] ] ], [ [ [ 68.58096299, 23.37125 ], [ 68.56791699, 23.37207 ], [ 68.57402799, 23.360969 ], [ 68.57652999, 23.363471 ], [ 68.57930899, 23.360139 ], [ 68.57847699, 23.351528 ], [ 68.58403099, 23.353473 ], [ 68.59097299, 23.34153 ], [ 68.60735999, 23.331809 ], [ 68.59680999, 23.346808 ], [ 68.59986199, 23.345694 ], [ 68.61180899, 23.335702 ], [ 68.61068799, 23.332639 ], [ 68.61653099, 23.334029 ], [ 68.61653099, 23.328195 ], [ 68.61902699, 23.329027 ], [ 68.62040799, 23.336812 ], [ 68.61486099, 23.34986 ], [ 68.61736299, 23.34847 ], [ 68.61846899, 23.352921 ], [ 68.61068799, 23.357641 ], [ 68.60874999, 23.364312 ], [ 68.60679699, 23.363751 ], [ 68.61069499, 23.351804 ], [ 68.60375199, 23.357641 ], [ 68.59485699, 23.359029 ], [ 68.59792199, 23.364032 ], [ 68.58957599, 23.37403 ], [ 68.58791499, 23.368474 ], [ 68.58625099, 23.373472 ], [ 68.58096299, 23.37125 ] ] ], [ [ [ 88.81471901, 21.899999 ], [ 88.80999701, 21.893055 ], [ 88.80916501, 21.88333 ], [ 88.80249901, 21.878329 ], [ 88.80027901, 21.870555 ], [ 88.80639601, 21.867781 ], [ 88.82138101, 21.872499 ], [ 88.82666901, 21.86555 ], [ 88.83083301, 21.865279 ], [ 88.83944801, 21.8775 ], [ 88.84083601, 21.886944 ], [ 88.83082601, 21.897511 ], [ 88.81471901, 21.899999 ] ] ], [ [ [ 93.22599734, 8.26055954 ], [ 93.22019807, 8.24984094 ], [ 93.22410851, 8.2382851 ], [ 93.23906607, 8.222065 ], [ 93.24809045, 8.22508296 ], [ 93.25121496, 8.23016407 ], [ 93.24932399, 8.24096828 ], [ 93.23810178, 8.26265348 ], [ 93.23454631, 8.26449458 ], [ 93.22599734, 8.26055954 ] ] ], [ [ [ 72.63654325, 10.5815779 ], [ 72.61533041, 10.55252871 ], [ 72.61745449, 10.53899146 ], [ 72.63787332, 10.5554364 ], [ 72.6517558, 10.56238611 ], [ 72.65005938, 10.57564183 ], [ 72.6422831, 10.58143558 ], [ 72.63654325, 10.5815779 ] ] ], [ [ [ 69.13291999, 22.477083 ], [ 69.09348399, 22.461531 ], [ 69.09236299, 22.448471 ], [ 69.09596999, 22.441251 ], [ 69.08513499, 22.43264 ], [ 69.08486199, 22.42096 ], [ 69.09179699, 22.42903 ], [ 69.10375099, 22.43264 ], [ 69.10846699, 22.43736 ], [ 69.10819299, 22.460701 ], [ 69.11096899, 22.464031 ], [ 69.12319199, 22.46847 ], [ 69.12652699, 22.465416 ], [ 69.13458399, 22.465973 ], [ 69.13735899, 22.46236 ], [ 69.14680399, 22.463194 ], [ 69.15040499, 22.468751 ], [ 69.14848399, 22.474029 ], [ 69.14319599, 22.477361 ], [ 69.13291999, 22.477083 ] ] ], [ [ [ 68.24375099, 23.879306 ], [ 68.21569799, 23.866529 ], [ 68.21375299, 23.861811 ], [ 68.21597299, 23.84763 ], [ 68.23346799, 23.842359 ], [ 68.23902899, 23.85292 ], [ 68.25180799, 23.86236 ], [ 68.25485999, 23.875142 ], [ 68.25125199, 23.879584 ], [ 68.24375099, 23.879306 ] ] ], [ [ [ 70.44902699, 23.05125 ], [ 70.41457999, 23.01931 ], [ 70.41041599, 22.999584 ], [ 70.41375099, 22.98985 ], [ 70.42291999, 22.99736 ], [ 70.43430399, 23.013749 ], [ 70.44902699, 23.05125 ] ] ], [ [ [ 89.01654801, 21.811232 ], [ 88.99485801, 21.812326 ], [ 88.99002101, 21.790751 ], [ 89.01271901, 21.780545 ], [ 89.01055201, 21.776126 ], [ 88.99894601, 21.77041 ], [ 88.99881001, 21.766941 ], [ 89.01454301, 21.765799 ], [ 89.02330101, 21.758971 ], [ 89.01389301, 21.78973 ], [ 89.01654801, 21.811232 ] ] ], [ [ [ 88.77526101, 22.050044 ], [ 88.75363901, 22.053289 ], [ 88.75142801, 22.050333 ], [ 88.75932301, 22.035312 ], [ 88.76167201, 22.021391 ], [ 88.77805301, 22.01972 ], [ 88.79104601, 22.029372 ], [ 88.79041201, 22.032991 ], [ 88.77890701, 22.037183 ], [ 88.77995301, 22.045572 ], [ 88.77526101, 22.050044 ] ] ], [ [ [ 93.86696476, 12.29529807 ], [ 93.84976387, 12.28961952 ], [ 93.84705171, 12.28250015 ], [ 93.84915179, 12.27976144 ], [ 93.84635477, 12.27231083 ], [ 93.85585901, 12.26541325 ], [ 93.87229338, 12.26819342 ], [ 93.87626467, 12.27315549 ], [ 93.87754584, 12.28052638 ], [ 93.87427847, 12.28832193 ], [ 93.86696476, 12.29529807 ] ] ], [ [ [ 94.25983992, 13.43571829 ], [ 94.2756538, 13.44972255 ], [ 94.27344978, 13.45611954 ], [ 94.27576452, 13.46858455 ], [ 94.25972397, 13.46677738 ], [ 94.25295396, 13.46158214 ], [ 94.24638978, 13.44278077 ], [ 94.25198868, 13.43579668 ], [ 94.25983992, 13.43571829 ] ] ], [ [ [ 69.32041999, 22.526541 ], [ 69.31625299, 22.524583 ], [ 69.31569699, 22.51986 ], [ 69.33513599, 22.507359 ], [ 69.35013499, 22.504027 ], [ 69.36374599, 22.512362 ], [ 69.35124999, 22.526541 ], [ 69.33096999, 22.524305 ], [ 69.32041999, 22.526541 ] ] ], [ [ [ 88.38211001, 21.766606 ], [ 88.37281801, 21.763609 ], [ 88.36151801, 21.74766 ], [ 88.36239501, 21.732326 ], [ 88.38669501, 21.740679 ], [ 88.39005301, 21.76025 ], [ 88.38211001, 21.766606 ] ] ], [ [ [ 68.45291899, 23.623751 ], [ 68.43653199, 23.619304 ], [ 68.43459299, 23.61625 ], [ 68.43680599, 23.607083 ], [ 68.44097199, 23.603471 ], [ 68.43846899, 23.589311 ], [ 68.44040699, 23.58653 ], [ 68.44568699, 23.58847 ], [ 68.44819699, 23.599861 ], [ 68.45182099, 23.602922 ], [ 68.45874699, 23.604312 ], [ 68.46652999, 23.60098 ], [ 68.46597399, 23.621531 ], [ 68.45291899, 23.623751 ] ] ], [ [ [ 92.92828302, 13.02327504 ], [ 92.92192525, 13.02867446 ], [ 92.92247065, 13.0218463 ], [ 92.91550937, 13.01470257 ], [ 92.92086228, 13.0005247 ], [ 92.93186472, 13.00047674 ], [ 92.93652215, 12.99574002 ], [ 92.94191421, 12.99551905 ], [ 92.94449154, 12.99765408 ], [ 92.93914308, 13.00938782 ], [ 92.94276862, 13.01907341 ], [ 92.93790983, 13.02192234 ], [ 92.93996424, 13.02510855 ], [ 92.92828302, 13.02327504 ] ] ], [ [ [ 73.66231897, 10.81693863 ], [ 73.65846425, 10.81327686 ], [ 73.6593659, 10.80586714 ], [ 73.66934173, 10.80027913 ], [ 73.68084237, 10.80128089 ], [ 73.70387562, 10.81148188 ], [ 73.6997573, 10.81646833 ], [ 73.66231897, 10.81693863 ] ] ], [ [ [ 88.75448601, 21.778656 ], [ 88.74944301, 21.80028 ], [ 88.75011501, 21.81416 ], [ 88.73773201, 21.79806 ], [ 88.72750101, 21.793609 ], [ 88.72833301, 21.779723 ], [ 88.73443701, 21.77944 ], [ 88.73607601, 21.77518 ], [ 88.74610801, 21.772222 ], [ 88.75448601, 21.778656 ] ] ], [ [ [ 88.89393501, 22.07503 ], [ 88.90444201, 22.086583 ], [ 88.89721701, 22.089152 ], [ 88.88140001, 22.083942 ], [ 88.87020901, 22.0869 ], [ 88.87222201, 22.079073 ], [ 88.87096401, 22.064357 ], [ 88.88268301, 22.059473 ], [ 88.89090601, 22.060357 ], [ 88.89393501, 22.07503 ] ] ], [ [ [ 72.72263999, 21.665971 ], [ 72.71013699, 21.659031 ], [ 72.71624699, 21.650972 ], [ 72.71679699, 21.64459 ], [ 72.72347199, 21.643193 ], [ 72.73596899, 21.647084 ], [ 72.73792199, 21.643752 ], [ 72.74540699, 21.646249 ], [ 72.75096799, 21.652916 ], [ 72.74597199, 21.658751 ], [ 72.72985799, 21.66097 ], [ 72.72263999, 21.665971 ] ] ], [ [ [ 86.87993219, 20.78171017 ], [ 86.89515247, 20.77649057 ], [ 86.92969662, 20.77427153 ], [ 86.95258107, 20.77482434 ], [ 86.95497778, 20.77720181 ], [ 86.95287729, 20.78046506 ], [ 86.9395809, 20.78424539 ], [ 86.91111884, 20.78258517 ], [ 86.88968206, 20.78672047 ], [ 86.88090853, 20.78504501 ], [ 86.87993219, 20.78171017 ] ] ], [ [ [ 89.59262617, 25.96088033 ], [ 89.5889157, 25.95544189 ], [ 89.5760611, 25.95130414 ], [ 89.58439732, 25.94801041 ], [ 89.58520263, 25.9339935 ], [ 89.59302719, 25.93880953 ], [ 89.59885253, 25.93578039 ], [ 89.60324701, 25.94298404 ], [ 89.6126472, 25.9433904 ], [ 89.61553512, 25.94974607 ], [ 89.5992139, 25.96334224 ], [ 89.59262617, 25.96088033 ] ] ], [ [ [ 93.03952384, 8.46661017 ], [ 93.03548164, 8.45384141 ], [ 93.0393224, 8.44510847 ], [ 93.04448646, 8.44161013 ], [ 93.05879415, 8.44124625 ], [ 93.05626144, 8.46086285 ], [ 93.04424554, 8.47121006 ], [ 93.03952384, 8.46661017 ] ] ], [ [ [ 68.50319699, 23.340971 ], [ 68.50319699, 23.332081 ], [ 68.50653099, 23.335419 ], [ 68.50707999, 23.331527 ], [ 68.50235799, 23.32375 ], [ 68.51930299, 23.317084 ], [ 68.53763699, 23.31847 ], [ 68.53402699, 23.320418 ], [ 68.53679599, 23.32236 ], [ 68.52625299, 23.329027 ], [ 68.52764099, 23.337083 ], [ 68.52180399, 23.336805 ], [ 68.51930299, 23.34153 ], [ 68.51374899, 23.339305 ], [ 68.50319699, 23.340971 ] ] ], [ [ [ 69.30208599, 22.474029 ], [ 69.29291499, 22.45875 ], [ 69.30124799, 22.452918 ], [ 69.32041999, 22.450969 ], [ 69.32680599, 22.457082 ], [ 69.32791799, 22.463472 ], [ 69.32458599, 22.469583 ], [ 69.31874899, 22.472361 ], [ 69.30486199, 22.471809 ], [ 69.30430599, 22.469583 ], [ 69.30208599, 22.474029 ] ] ], [ [ [ 88.60633801, 21.679978 ], [ 88.58779001, 21.701441 ], [ 88.59166701, 21.69 ], [ 88.58039001, 21.682994 ], [ 88.58854701, 21.657331 ], [ 88.60444601, 21.671113 ], [ 88.60333201, 21.677221 ], [ 88.60633801, 21.679978 ] ] ], [ [ [ 86.38936764, 19.96351234 ], [ 86.39360298, 19.97693325 ], [ 86.41036736, 19.98685531 ], [ 86.42665851, 20.00204281 ], [ 86.42633787, 20.01042016 ], [ 86.38434741, 19.97864825 ], [ 86.37945036, 19.97140122 ], [ 86.38050741, 19.96797485 ], [ 86.38936764, 19.96351234 ] ] ], [ [ [ 72.17002651, 10.80873652 ], [ 72.20449777, 10.86612771 ], [ 72.20655074, 10.87782131 ], [ 72.20126426, 10.87759301 ], [ 72.19509172, 10.87035608 ], [ 72.18867943, 10.84874499 ], [ 72.17787967, 10.82713847 ], [ 72.16859849, 10.81414278 ], [ 72.16263701, 10.81175227 ], [ 72.17002651, 10.80873652 ] ] ], [ [ [ 92.74973613, 11.96794652 ], [ 92.74831219, 11.96246911 ], [ 92.73929257, 11.96175137 ], [ 92.73642796, 11.95231821 ], [ 92.74187084, 11.95149096 ], [ 92.74570807, 11.94538673 ], [ 92.761344, 11.94960007 ], [ 92.76720133, 11.95471678 ], [ 92.76556611, 11.96584799 ], [ 92.74973613, 11.96794652 ] ] ], [ [ [ 88.13374301, 21.927632 ], [ 88.12416901, 21.92556 ], [ 88.11611201, 21.918319 ], [ 88.11749301, 21.91222 ], [ 88.12944701, 21.898889 ], [ 88.14462401, 21.91526 ], [ 88.13374301, 21.927632 ] ] ], [ [ [ 88.17833701, 21.600555 ], [ 88.16944101, 21.599452 ], [ 88.16777801, 21.591666 ], [ 88.17140101, 21.585561 ], [ 88.17360801, 21.568611 ], [ 88.18026701, 21.560561 ], [ 88.18666901, 21.56 ], [ 88.18888901, 21.564444 ], [ 88.18583701, 21.568057 ], [ 88.18611101, 21.57917 ], [ 88.18888901, 21.581939 ], [ 88.17944401, 21.58889 ], [ 88.17833701, 21.600555 ] ] ], [ [ [ 68.48124599, 23.626527 ], [ 68.47957599, 23.620141 ], [ 68.47347199, 23.620141 ], [ 68.46956599, 23.61625 ], [ 68.46819399, 23.59264 ], [ 68.47347199, 23.594031 ], [ 68.47985799, 23.59097 ], [ 68.47791199, 23.600139 ], [ 68.47875999, 23.606532 ], [ 68.48263399, 23.607361 ], [ 68.49097399, 23.604305 ], [ 68.49041799, 23.624309 ], [ 68.48319299, 23.621531 ], [ 68.48708299, 23.627361 ], [ 68.48124599, 23.626527 ] ] ], [ [ [ 92.60287854, 11.9666382 ], [ 92.59477635, 11.97699971 ], [ 92.58865692, 11.9759808 ], [ 92.5963927, 11.96023506 ], [ 92.59568956, 11.93767906 ], [ 92.59873681, 11.92786475 ], [ 92.60931063, 11.94139899 ], [ 92.60287854, 11.9666382 ] ] ], [ [ [ 88.50000001, 21.91222 ], [ 88.48278101, 21.907222 ], [ 88.47693601, 21.898331 ], [ 88.49028001, 21.889445 ], [ 88.49888601, 21.896111 ], [ 88.50916201, 21.91083 ], [ 88.50000001, 21.91222 ] ] ], [ [ [ 92.84203629, 13.44232406 ], [ 92.82173836, 13.43598695 ], [ 92.82212887, 13.4214572 ], [ 92.83172531, 13.41854855 ], [ 92.8423097, 13.42623047 ], [ 92.84604865, 13.43156547 ], [ 92.84203629, 13.44232406 ] ] ], [ [ [ 92.70524683, 11.28951243 ], [ 92.69324807, 11.28092556 ], [ 92.69728037, 11.26186787 ], [ 92.68823435, 11.24242826 ], [ 92.69293636, 11.24360538 ], [ 92.69534905, 11.25363099 ], [ 92.70585743, 11.26381136 ], [ 92.70524683, 11.28951243 ] ] ], [ [ [ 92.59570745, 11.53323899 ], [ 92.59740987, 11.56186674 ], [ 92.59347735, 11.56763735 ], [ 92.59258641, 11.57786058 ], [ 92.58865501, 11.5716043 ], [ 92.58935758, 11.56164389 ], [ 92.58454444, 11.55058258 ], [ 92.58670431, 11.54234949 ], [ 92.58405601, 11.54170774 ], [ 92.58364695, 11.53517707 ], [ 92.5871988, 11.5409615 ], [ 92.58818088, 11.53380331 ], [ 92.59257836, 11.53668594 ], [ 92.59570745, 11.53323899 ] ] ], [ [ [ 72.78991707, 11.2585774 ], [ 72.77954712, 11.24036963 ], [ 72.76237312, 11.18072759 ], [ 72.77809395, 11.21410705 ], [ 72.79106319, 11.25317566 ], [ 72.78991707, 11.2585774 ] ] ], [ [ [ 88.66114007, 26.26498012 ], [ 88.65936173, 26.27344702 ], [ 88.65199654, 26.27525165 ], [ 88.64636596, 26.28495933 ], [ 88.64129956, 26.28457632 ], [ 88.6441914, 26.27000244 ], [ 88.63858343, 26.26330873 ], [ 88.64590638, 26.25339222 ], [ 88.66114007, 26.26498012 ] ] ], [ [ [ 92.61020379, 11.58886575 ], [ 92.60119316, 11.58585384 ], [ 92.60069027, 11.56807095 ], [ 92.60595055, 11.5710181 ], [ 92.61493005, 11.56225992 ], [ 92.61916077, 11.57759539 ], [ 92.61743077, 11.58312373 ], [ 92.61020379, 11.58886575 ] ] ], [ [ [ 92.61019692, 11.55840239 ], [ 92.60753264, 11.56328258 ], [ 92.60934978, 11.55345673 ], [ 92.60175911, 11.55432474 ], [ 92.6104727, 11.53139487 ], [ 92.61777505, 11.53704717 ], [ 92.62036537, 11.55638557 ], [ 92.61893342, 11.55988351 ], [ 92.61607311, 11.55656858 ], [ 92.61290329, 11.5607552 ], [ 92.61019692, 11.55840239 ] ] ], [ [ [ 92.72762443, 12.86543078 ], [ 92.71990088, 12.86487392 ], [ 92.72015934, 12.86002927 ], [ 92.7172912, 12.85956331 ], [ 92.70740089, 12.83746255 ], [ 92.70958743, 12.83371455 ], [ 92.71643712, 12.8328759 ], [ 92.71928392, 12.83679976 ], [ 92.73006034, 12.86148369 ], [ 92.72762443, 12.86543078 ] ] ], [ [ [ 72.35430899, 21.612361 ], [ 72.34652599, 21.609583 ], [ 72.34541399, 21.602351 ], [ 72.34874799, 21.599582 ], [ 72.35207999, 21.585695 ], [ 72.35874899, 21.579861 ], [ 72.36513499, 21.587917 ], [ 72.36514199, 21.59764 ], [ 72.35652899, 21.605138 ], [ 72.35430899, 21.612361 ] ] ], [ [ [ 92.80063344, 12.89766291 ], [ 92.79138938, 12.91684496 ], [ 92.78953711, 12.91261311 ], [ 92.77407996, 12.910208 ], [ 92.77499238, 12.90496571 ], [ 92.78030885, 12.90197877 ], [ 92.78873744, 12.90539894 ], [ 92.78902212, 12.90158565 ], [ 92.78247208, 12.89598955 ], [ 92.79292062, 12.89204703 ], [ 92.80063344, 12.89766291 ] ] ], [ [ [ 68.55401699, 23.39903 ], [ 68.53708799, 23.404862 ], [ 68.53930699, 23.40125 ], [ 68.53542399, 23.40153 ], [ 68.53597299, 23.396806 ], [ 68.52929699, 23.39431 ], [ 68.52819899, 23.390691 ], [ 68.53347099, 23.389581 ], [ 68.53291199, 23.3932 ], [ 68.54125199, 23.40125 ], [ 68.54429599, 23.39736 ], [ 68.53930699, 23.393471 ], [ 68.54374699, 23.3882 ], [ 68.54263999, 23.39514 ], [ 68.54624999, 23.396806 ], [ 68.55403099, 23.377082 ], [ 68.56069299, 23.375421 ], [ 68.55513799, 23.369028 ], [ 68.55013999, 23.37125 ], [ 68.54957499, 23.365971 ], [ 68.55291799, 23.36653 ], [ 68.55264299, 23.360691 ], [ 68.55569399, 23.360417 ], [ 68.56735899, 23.375972 ], [ 68.55625099, 23.379028 ], [ 68.55403099, 23.383195 ], [ 68.55735799, 23.38126 ], [ 68.55930199, 23.382921 ], [ 68.55319199, 23.391527 ], [ 68.55401699, 23.39903 ] ] ], [ [ [ 73.00944417, 11.46700156 ], [ 73.01321663, 11.4717393 ], [ 73.01091193, 11.48784073 ], [ 73.00552443, 11.49632284 ], [ 73.00068583, 11.49744101 ], [ 72.99725029, 11.4918148 ], [ 73.00029987, 11.47791218 ], [ 73.00944417, 11.46700156 ] ] ], [ [ [ 68.58486299, 23.31821 ], [ 68.58291599, 23.31514 ], [ 68.59430799, 23.309583 ], [ 68.59374899, 23.305417 ], [ 68.59847199, 23.305419 ], [ 68.59847199, 23.30208 ], [ 68.61596599, 23.29736 ], [ 68.61875099, 23.299311 ], [ 68.61013799, 23.310693 ], [ 68.60930699, 23.316806 ], [ 68.60513999, 23.314862 ], [ 68.60819199, 23.311532 ], [ 68.60791899, 23.309861 ], [ 68.60180599, 23.31514 ], [ 68.58486299, 23.31821 ] ] ], [ [ [ 78.90456571, 9.18060281 ], [ 78.90509895, 9.17676122 ], [ 78.91856965, 9.1756303 ], [ 78.94005483, 9.18398622 ], [ 78.93722672, 9.18870597 ], [ 78.9128718, 9.1853451 ], [ 78.90456571, 9.18060281 ] ] ], [ [ [ 72.71891531, 11.69522865 ], [ 72.71736118, 11.70348695 ], [ 72.70793565, 11.7003168 ], [ 72.70274783, 11.69414687 ], [ 72.70709449, 11.69382108 ], [ 72.70046826, 11.68932253 ], [ 72.70052753, 11.68368934 ], [ 72.70911009, 11.67922946 ], [ 72.71891531, 11.69522865 ] ] ], [ [ [ 92.87416156, 12.93457398 ], [ 92.87027114, 12.93202184 ], [ 92.8597511, 12.93275271 ], [ 92.85899931, 12.92686828 ], [ 92.86528135, 12.91669157 ], [ 92.8735618, 12.91661582 ], [ 92.87493372, 12.92706727 ], [ 92.88071698, 12.92084095 ], [ 92.8861731, 12.92396589 ], [ 92.88441948, 12.92945162 ], [ 92.87774855, 12.93049592 ], [ 92.87416156, 12.93457398 ] ] ], [ [ [ 88.28617201, 21.786849 ], [ 88.26362701, 21.79236 ], [ 88.27339301, 21.776452 ], [ 88.28333201, 21.769444 ], [ 88.28797201, 21.780623 ], [ 88.28617201, 21.786849 ] ] ], [ [ [ 92.71575226, 13.09834261 ], [ 92.71144283, 13.09531696 ], [ 92.70491505, 13.0947335 ], [ 92.70040285, 13.09827866 ], [ 92.69609502, 13.09535681 ], [ 92.69989499, 13.07279983 ], [ 92.70269017, 13.07053151 ], [ 92.70643948, 13.07155874 ], [ 92.70349571, 13.07962511 ], [ 92.70797402, 13.08689054 ], [ 92.72034263, 13.09605285 ], [ 92.71575226, 13.09834261 ] ] ], [ [ [ 70.48263499, 23.064861 ], [ 70.46319699, 23.055141 ], [ 70.45986199, 23.046528 ], [ 70.45874799, 23.049862 ], [ 70.45652799, 23.04792 ], [ 70.44625099, 23.025138 ], [ 70.45180499, 23.026528 ], [ 70.45958599, 23.044321 ], [ 70.46069399, 23.042642 ], [ 70.48097199, 23.060139 ], [ 70.48263499, 23.064861 ] ] ], [ [ [ 72.72191055, 11.11153221 ], [ 72.73313077, 11.12464115 ], [ 72.73515557, 11.13526867 ], [ 72.72905428, 11.13509851 ], [ 72.71892195, 11.12608717 ], [ 72.71691421, 11.11747625 ], [ 72.72191055, 11.11153221 ] ] ], [ [ [ 72.27291899, 21.748471 ], [ 72.26763799, 21.736531 ], [ 72.28763599, 21.707362 ], [ 72.28069299, 21.727359 ], [ 72.28263999, 21.734582 ], [ 72.27291899, 21.748471 ] ] ], [ [ [ 92.76421446, 12.2891115 ], [ 92.76607682, 12.29287787 ], [ 92.76240184, 12.29423781 ], [ 92.75301699, 12.27802308 ], [ 92.76463814, 12.26549733 ], [ 92.76807632, 12.28497546 ], [ 92.76421446, 12.2891115 ] ] ], [ [ [ 68.50319699, 23.455416 ], [ 68.50680499, 23.450416 ], [ 68.50290699, 23.44792 ], [ 68.50569199, 23.437085 ], [ 68.50290699, 23.429311 ], [ 68.51152699, 23.430416 ], [ 68.50985599, 23.438751 ], [ 68.51513699, 23.436809 ], [ 68.51569299, 23.433472 ], [ 68.51819599, 23.436251 ], [ 68.51708099, 23.442083 ], [ 68.52097399, 23.43708 ], [ 68.52124799, 23.441541 ], [ 68.51346699, 23.44792 ], [ 68.52291799, 23.443202 ], [ 68.52596999, 23.436527 ], [ 68.52596999, 23.442083 ], [ 68.51902799, 23.44903 ], [ 68.50681399, 23.456542 ], [ 68.50319699, 23.455416 ] ] ], [ [ [ 92.74764265, 12.28823706 ], [ 92.74163003, 12.27935239 ], [ 92.73961407, 12.28253983 ], [ 92.73954847, 12.27107972 ], [ 92.73448929, 12.24790066 ], [ 92.74293031, 12.25548597 ], [ 92.75040803, 12.28729506 ], [ 92.74764265, 12.28823706 ] ] ], [ [ [ 68.45430699, 23.599307 ], [ 68.45263599, 23.588472 ], [ 68.45707599, 23.58764 ], [ 68.45625299, 23.58375 ], [ 68.45291899, 23.577641 ], [ 68.44708199, 23.580974 ], [ 68.44430599, 23.578193 ], [ 68.45124799, 23.573195 ], [ 68.46208099, 23.576812 ], [ 68.46152499, 23.583471 ], [ 68.46763499, 23.591806 ], [ 68.46485899, 23.599029 ], [ 68.45430699, 23.599307 ] ] ], [ [ [ 68.48152899, 23.553474 ], [ 68.47041399, 23.553474 ], [ 68.46956599, 23.548469 ], [ 68.45735899, 23.542641 ], [ 68.45902899, 23.540141 ], [ 68.45347499, 23.536811 ], [ 68.45902899, 23.536811 ], [ 68.46180799, 23.53375 ], [ 68.45762599, 23.53403 ], [ 68.45319299, 23.528749 ], [ 68.45958799, 23.530969 ], [ 68.46956599, 23.53875 ], [ 68.47625099, 23.539304 ], [ 68.48152899, 23.553474 ] ] ], [ [ [ 93.0629389, 13.65449154 ], [ 93.05617505, 13.65393748 ], [ 93.04310332, 13.63756781 ], [ 93.04668432, 13.62114724 ], [ 93.05469669, 13.63631638 ], [ 93.05516343, 13.64387641 ], [ 93.06642136, 13.64971012 ], [ 93.0629389, 13.65449154 ] ] ], [ [ [ 92.92919488, 12.22329173 ], [ 92.92521276, 12.20855331 ], [ 92.93168583, 12.20420771 ], [ 92.93280182, 12.19608868 ], [ 92.9356884, 12.2018683 ], [ 92.93423057, 12.21124266 ], [ 92.93906872, 12.21309286 ], [ 92.9410318, 12.21871357 ], [ 92.93872747, 12.22420032 ], [ 92.92919488, 12.22329173 ] ] ], [ [ [ 87.88404973, 21.74450448 ], [ 87.89935185, 21.7607117 ], [ 87.90418683, 21.77153003 ], [ 87.90075435, 21.77214334 ], [ 87.88295192, 21.75672609 ], [ 87.87896032, 21.74446418 ], [ 87.88404973, 21.74450448 ] ] ], [ [ [ 79.08729069, 9.19283158 ], [ 79.08835428, 9.19785402 ], [ 79.0710834, 9.20616177 ], [ 79.06229267, 9.20235825 ], [ 79.06234993, 9.19917776 ], [ 79.08117105, 9.19182106 ], [ 79.08729069, 9.19283158 ] ] ], [ [ [ 92.89950143, 13.60119457 ], [ 92.88693534, 13.59263897 ], [ 92.88207529, 13.58136346 ], [ 92.88500551, 13.57461929 ], [ 92.89257467, 13.58738195 ], [ 92.90368536, 13.59668894 ], [ 92.89950143, 13.60119457 ] ] ], [ [ [ 68.46736199, 23.739861 ], [ 68.45707599, 23.733749 ], [ 68.45929599, 23.724862 ], [ 68.46708599, 23.728472 ], [ 68.48763899, 23.729031 ], [ 68.46736199, 23.739861 ] ] ], [ [ [ 69.94180299, 22.550421 ], [ 69.93846899, 22.545694 ], [ 69.93875099, 22.538481 ], [ 69.95319399, 22.536806 ], [ 69.95735799, 22.545694 ], [ 69.95207999, 22.551251 ], [ 69.94180299, 22.550421 ] ] ], [ [ [ 70.43430399, 23.048469 ], [ 70.41902899, 23.035973 ], [ 70.41457999, 23.022638 ], [ 70.43041999, 23.035417 ], [ 70.44152899, 23.049584 ], [ 70.43430399, 23.048469 ] ] ], [ [ [ 86.80740819, 20.3694603 ], [ 86.81156176, 20.38058665 ], [ 86.80813743, 20.39795724 ], [ 86.80080066, 20.39035401 ], [ 86.80411217, 20.37029173 ], [ 86.80740819, 20.3694603 ] ] ], [ [ [ 92.55976639, 11.53984234 ], [ 92.55266872, 11.5386712 ], [ 92.55271315, 11.5312076 ], [ 92.56178805, 11.51754614 ], [ 92.56640026, 11.51772332 ], [ 92.56892495, 11.52770654 ], [ 92.56137158, 11.53220289 ], [ 92.55976639, 11.53984234 ] ] ], [ [ [ 92.67326639, 12.54169658 ], [ 92.6686856, 12.53243952 ], [ 92.67868383, 12.52237447 ], [ 92.68459543, 12.53962969 ], [ 92.67326639, 12.54169658 ] ] ], [ [ [ 88.62180683, 26.40435698 ], [ 88.63017659, 26.41252933 ], [ 88.61736427, 26.41720325 ], [ 88.60958891, 26.41536033 ], [ 88.60662048, 26.40766828 ], [ 88.62180683, 26.40435698 ] ] ], [ [ [ 72.59597099, 21.638751 ], [ 72.58790499, 21.630701 ], [ 72.58985799, 21.622079 ], [ 72.59902199, 21.617361 ], [ 72.60263699, 21.62042 ], [ 72.60151599, 21.626811 ], [ 72.61152599, 21.635695 ], [ 72.59596199, 21.630141 ], [ 72.59375099, 21.634583 ], [ 72.59597099, 21.638751 ] ] ], [ [ [ 74.45830493, 14.27504974 ], [ 74.46117682, 14.27085933 ], [ 74.48202391, 14.2653102 ], [ 74.47891131, 14.27597097 ], [ 74.45830493, 14.27504974 ] ] ], [ [ [ 93.02530322, 13.32629783 ], [ 93.01767204, 13.32929329 ], [ 93.01622386, 13.32410206 ], [ 93.01487108, 13.30869852 ], [ 93.01871838, 13.30761384 ], [ 93.02154493, 13.30125458 ], [ 93.02406254, 13.30518381 ], [ 93.02197623, 13.32232792 ], [ 93.02530322, 13.32629783 ] ] ], [ [ [ 88.74430101, 21.983072 ], [ 88.75723301, 21.993601 ], [ 88.75871201, 22.007064 ], [ 88.74145401, 21.988772 ], [ 88.74430101, 21.983072 ] ] ], [ [ [ 88.63166801, 21.649169 ], [ 88.63944201, 21.668056 ], [ 88.64039501, 21.678574 ], [ 88.63277401, 21.671388 ], [ 88.62750201, 21.65806 ], [ 88.62750201, 21.652501 ], [ 88.63166801, 21.649169 ] ] ], [ [ [ 72.37069599, 22.235139 ], [ 72.36347099, 22.223473 ], [ 72.36347099, 22.214028 ], [ 72.36541799, 22.208469 ], [ 72.37652599, 22.203751 ], [ 72.36818699, 22.224029 ], [ 72.37069599, 22.2268 ], [ 72.37069599, 22.235139 ] ] ], [ [ [ 92.72096785, 11.33202789 ], [ 92.71142837, 11.30926869 ], [ 92.69814884, 11.31018383 ], [ 92.70925302, 11.30184434 ], [ 92.71738979, 11.31633514 ], [ 92.72136019, 11.31479973 ], [ 92.7238089, 11.31758163 ], [ 92.72419228, 11.33204041 ], [ 92.72096785, 11.33202789 ] ] ], [ [ [ 78.5765608, 9.09920656 ], [ 78.58393373, 9.10519336 ], [ 78.5819991, 9.11199534 ], [ 78.57283641, 9.10865673 ], [ 78.56735675, 9.10241616 ], [ 78.56721874, 9.09923071 ], [ 78.5765608, 9.09920656 ] ] ], [ [ [ 74.39236344, 14.46292441 ], [ 74.40231849, 14.46327622 ], [ 74.40192767, 14.4716531 ], [ 74.3975968, 14.4762525 ], [ 74.39179807, 14.47698562 ], [ 74.39236344, 14.46292441 ] ] ], [ [ [ 68.46652999, 23.497642 ], [ 68.46376099, 23.496532 ], [ 68.46485899, 23.489031 ], [ 68.46124899, 23.490419 ], [ 68.45874699, 23.487363 ], [ 68.45958799, 23.479584 ], [ 68.47125199, 23.480418 ], [ 68.47291599, 23.490973 ], [ 68.46652999, 23.497642 ] ] ], [ [ [ 88.16110901, 21.935832 ], [ 88.15972101, 21.928609 ], [ 88.16526801, 21.916111 ], [ 88.16972401, 21.921389 ], [ 88.17140101, 21.932219 ], [ 88.16414701, 21.936951 ], [ 88.16110901, 21.935832 ] ] ], [ [ [ 93.71975948, 7.20706764 ], [ 93.72119139, 7.21334646 ], [ 93.70921811, 7.23035735 ], [ 93.70737024, 7.22726092 ], [ 93.71280137, 7.20833079 ], [ 93.71975948, 7.20706764 ] ] ], [ [ [ 74.68802387, 13.65284172 ], [ 74.69127756, 13.6566596 ], [ 74.69040913, 13.66075913 ], [ 74.67765702, 13.6667628 ], [ 74.67904023, 13.65385845 ], [ 74.68802387, 13.65284172 ] ] ], [ [ [ 93.11637153, 12.14824573 ], [ 93.10949013, 12.14090542 ], [ 93.11525856, 12.13017331 ], [ 93.12367443, 12.1403112 ], [ 93.12036044, 12.14857693 ], [ 93.11637153, 12.14824573 ] ] ], [ [ [ 87.07599996, 20.7748616 ], [ 87.07921841, 20.78578639 ], [ 87.07629408, 20.79428939 ], [ 87.07213423, 20.79269006 ], [ 87.06927645, 20.78456851 ], [ 87.07123031, 20.77576849 ], [ 87.07599996, 20.7748616 ] ] ], [ [ [ 88.69288601, 22.078077 ], [ 88.72313701, 22.101106 ], [ 88.69203101, 22.085519 ], [ 88.69288601, 22.078077 ] ] ], [ [ [ 68.48124599, 23.500693 ], [ 68.47819499, 23.498193 ], [ 68.48236099, 23.495419 ], [ 68.48152899, 23.491529 ], [ 68.47374799, 23.496251 ], [ 68.47292299, 23.494029 ], [ 68.47485999, 23.486522 ], [ 68.48430699, 23.490695 ], [ 68.48458099, 23.48514 ], [ 68.47625099, 23.48625 ], [ 68.47374799, 23.481811 ], [ 68.47957599, 23.47792 ], [ 68.48680999, 23.48597 ], [ 68.48513699, 23.488751 ], [ 68.48568599, 23.495419 ], [ 68.48124599, 23.500693 ] ] ], [ [ [ 92.95647564, 12.09566295 ], [ 92.95762317, 12.10218707 ], [ 92.94805561, 12.11631706 ], [ 92.95135798, 12.08458002 ], [ 92.95088038, 12.0908459 ], [ 92.95647564, 12.09566295 ] ] ], [ [ [ 69.33374799, 22.387921 ], [ 69.33013999, 22.383194 ], [ 69.32485899, 22.38375 ], [ 69.32263999, 22.380972 ], [ 69.33207699, 22.37264 ], [ 69.33347199, 22.377082 ], [ 69.34041699, 22.380972 ], [ 69.33957599, 22.386811 ], [ 69.33374799, 22.387921 ] ] ], [ [ [ 68.21652899, 23.779311 ], [ 68.21485899, 23.758195 ], [ 68.21763699, 23.755694 ], [ 68.22402999, 23.764031 ], [ 68.22070299, 23.77625 ], [ 68.21652899, 23.779311 ] ] ], [ [ [ 88.51833401, 21.854444 ], [ 88.51750901, 21.84889 ], [ 88.52083601, 21.84917 ], [ 88.52222401, 21.845833 ], [ 88.51583101, 21.839445 ], [ 88.52417101, 21.835001 ], [ 88.52777801, 21.839721 ], [ 88.52583201, 21.849719 ], [ 88.51833401, 21.854444 ] ] ], [ [ [ 70.45513999, 22.995701 ], [ 70.43569199, 22.983749 ], [ 70.43263999, 22.978751 ], [ 70.43875099, 22.978195 ], [ 70.45096699, 22.985969 ], [ 70.45458099, 22.99014 ], [ 70.45513999, 22.995701 ] ] ], [ [ [ 68.49874799, 23.489311 ], [ 68.48708299, 23.485694 ], [ 68.48208499, 23.47792 ], [ 68.48513699, 23.47653 ], [ 68.48707699, 23.473471 ], [ 68.49597199, 23.47736 ], [ 68.49874799, 23.489311 ] ] ], [ [ [ 69.64402961, 22.7645855 ], [ 69.63097572, 22.76125145 ], [ 69.63958167, 22.7612629 ], [ 69.64624976, 22.75847435 ], [ 69.647089, 22.75513268 ], [ 69.66208839, 22.75069618 ], [ 69.66708564, 22.75180626 ], [ 69.65429877, 22.75625038 ], [ 69.64402961, 22.7645855 ] ] ], [ [ [ 86.9953787, 20.84755992 ], [ 86.99751979, 20.85571665 ], [ 86.99411061, 20.86481421 ], [ 86.98891345, 20.86233525 ], [ 86.98751164, 20.85787163 ], [ 86.99059376, 20.84823463 ], [ 86.9953787, 20.84755992 ] ] ], [ [ [ 92.83822937, 12.42471066 ], [ 92.83008516, 12.42634467 ], [ 92.82948948, 12.42173353 ], [ 92.83626645, 12.41594826 ], [ 92.84685447, 12.41533853 ], [ 92.83822937, 12.42471066 ] ] ], [ [ [ 86.43224808, 20.02323724 ], [ 86.4347379, 20.03133934 ], [ 86.4334235, 20.03838664 ], [ 86.42604088, 20.03108214 ], [ 86.42401244, 20.02183755 ], [ 86.43224808, 20.02323724 ] ] ], [ [ [ 68.34958499, 23.80042 ], [ 68.34153099, 23.788473 ], [ 68.34041599, 23.777082 ], [ 68.34458299, 23.77764 ], [ 68.34764099, 23.782641 ], [ 68.34958499, 23.80042 ] ] ], [ [ [ 72.35485899, 21.9432 ], [ 72.34792299, 21.92819 ], [ 72.35263899, 21.925416 ], [ 72.35430899, 21.929309 ], [ 72.35624699, 21.92514 ], [ 72.36041999, 21.924584 ], [ 72.35679599, 21.93931 ], [ 72.35485899, 21.9432 ] ] ], [ [ [ 87.07450837, 20.74685684 ], [ 87.07248539, 20.73134491 ], [ 87.07677221, 20.73068409 ], [ 87.08022029, 20.7343866 ], [ 87.07941332, 20.74438011 ], [ 87.07450837, 20.74685684 ] ] ], [ [ [ 88.16777801, 21.80722 ], [ 88.16555801, 21.795834 ], [ 88.17028001, 21.790555 ], [ 88.17414801, 21.80139 ], [ 88.17111201, 21.808611 ], [ 88.16777801, 21.80722 ] ] ], [ [ [ 92.71755079, 12.78798043 ], [ 92.71711244, 12.78281362 ], [ 92.71455337, 12.77885844 ], [ 92.71944735, 12.77784678 ], [ 92.71755195, 12.77174771 ], [ 92.72489791, 12.76179582 ], [ 92.71755079, 12.78798043 ] ] ], [ [ [ 93.68927236, 7.39598276 ], [ 93.69626357, 7.39980428 ], [ 93.68865514, 7.40935679 ], [ 93.68387063, 7.40574279 ], [ 93.68927236, 7.39598276 ] ] ], [ [ [ 86.99594226, 20.79224298 ], [ 87.00157585, 20.80496742 ], [ 86.99567677, 20.80723473 ], [ 86.9904789, 20.8024744 ], [ 86.99050576, 20.79649155 ], [ 86.99594226, 20.79224298 ] ] ], [ [ [ 69.94847199, 22.605971 ], [ 69.94875199, 22.599028 ], [ 69.95319399, 22.595416 ], [ 69.96375399, 22.599028 ], [ 69.94847199, 22.605971 ] ] ], [ [ [ 68.60513999, 23.809585 ], [ 68.59347599, 23.803472 ], [ 68.59708399, 23.795693 ], [ 68.60151599, 23.795971 ], [ 68.60791899, 23.805692 ], [ 68.60513999, 23.809585 ] ] ], [ [ [ 92.2289439, 10.98210488 ], [ 92.21508562, 10.97897545 ], [ 92.21792403, 10.97349929 ], [ 92.22722959, 10.97626705 ], [ 92.2289439, 10.98210488 ] ] ], [ [ [ 92.91676514, 12.35506406 ], [ 92.90970374, 12.349523 ], [ 92.91067304, 12.33789095 ], [ 92.91856616, 12.35144522 ], [ 92.91676514, 12.35506406 ] ] ], [ [ [ 92.75569932, 12.89152665 ], [ 92.75782795, 12.90810357 ], [ 92.75416824, 12.91381852 ], [ 92.75521108, 12.89873847 ], [ 92.75351151, 12.89332342 ], [ 92.74941431, 12.897077 ], [ 92.75010077, 12.89074094 ], [ 92.75569932, 12.89152665 ] ] ], [ [ [ 92.72901464, 11.94914885 ], [ 92.733609, 11.95968219 ], [ 92.72291666, 11.95274484 ], [ 92.72626307, 11.95225699 ], [ 92.72599454, 11.94170847 ], [ 92.73195177, 11.94463783 ], [ 92.72901464, 11.94914885 ] ] ], [ [ [ 69.45404099, 22.357641 ], [ 69.43736199, 22.354306 ], [ 69.44985899, 22.350694 ], [ 69.45847399, 22.352638 ], [ 69.45404099, 22.357641 ] ] ], [ [ [ 86.79067967, 20.35865335 ], [ 86.79722206, 20.36556335 ], [ 86.79611476, 20.3735856 ], [ 86.78889874, 20.36687179 ], [ 86.78783016, 20.3592409 ], [ 86.79067967, 20.35865335 ] ] ], [ [ [ 92.79192203, 12.89114389 ], [ 92.78189551, 12.89192344 ], [ 92.78165151, 12.88547742 ], [ 92.78520493, 12.88220348 ], [ 92.78956374, 12.88327817 ], [ 92.7908084, 12.88954452 ], [ 92.79192203, 12.89114389 ] ] ], [ [ [ 79.46710929, 9.12510971 ], [ 79.46697043, 9.13326969 ], [ 79.45724456, 9.1310727 ], [ 79.45686332, 9.12631599 ], [ 79.46710929, 9.12510971 ] ] ], [ [ [ 79.13346347, 9.21024659 ], [ 79.134732, 9.21548017 ], [ 79.12689695, 9.21875162 ], [ 79.12215985, 9.21705036 ], [ 79.12222521, 9.21343217 ], [ 79.13346347, 9.21024659 ] ] ], [ [ [ 78.96262579, 9.18258404 ], [ 78.97334962, 9.18324465 ], [ 78.97279403, 9.1882382 ], [ 78.96885224, 9.19088364 ], [ 78.96209683, 9.18575637 ], [ 78.96262579, 9.18258404 ] ] ], [ [ [ 93.54521202, 7.51124125 ], [ 93.54978855, 7.51792493 ], [ 93.54285612, 7.52453773 ], [ 93.54139081, 7.51407585 ], [ 93.54521202, 7.51124125 ] ] ], [ [ [ 92.62044149, 10.92990584 ], [ 92.60973794, 10.93841051 ], [ 92.60618134, 10.93635672 ], [ 92.61381983, 10.92838739 ], [ 92.62044149, 10.92990584 ] ] ], [ [ [ 78.49537027, 9.08155371 ], [ 78.49492346, 9.09325822 ], [ 78.48808214, 9.09312294 ], [ 78.48867853, 9.08653832 ], [ 78.49537027, 9.08155371 ] ] ], [ [ [ 92.66248579, 10.99275345 ], [ 92.65923219, 10.98631235 ], [ 92.66362777, 10.98273716 ], [ 92.66944871, 10.98801496 ], [ 92.66680623, 10.992469 ], [ 92.66248579, 10.99275345 ] ] ], [ [ [ 92.86680946, 12.23593094 ], [ 92.86992286, 12.2490001 ], [ 92.86505273, 12.25099084 ], [ 92.86152732, 12.2432414 ], [ 92.86680946, 12.23593094 ] ] ], [ [ [ 80.31928228, 13.41393228 ], [ 80.32068131, 13.42303506 ], [ 80.31730594, 13.42558143 ], [ 80.31343489, 13.42405749 ], [ 80.31368291, 13.41499185 ], [ 80.31928228, 13.41393228 ] ] ], [ [ [ 78.81807823, 9.16444539 ], [ 78.82431054, 9.16184352 ], [ 78.82912817, 9.1709962 ], [ 78.8200499, 9.16902604 ], [ 78.81807823, 9.16444539 ] ] ], [ [ [ 72.60041699, 21.387082 ], [ 72.58930199, 21.372922 ], [ 72.59180399, 21.371805 ], [ 72.58763799, 21.367361 ], [ 72.59986099, 21.377915 ], [ 72.60041699, 21.387082 ] ] ], [ [ [ 79.43690059, 9.14662992 ], [ 79.43905923, 9.15436678 ], [ 79.42938406, 9.15324357 ], [ 79.43051253, 9.14802376 ], [ 79.43690059, 9.14662992 ] ] ], [ [ [ 80.30144043, 13.42071455 ], [ 80.30389452, 13.41094168 ], [ 80.30929933, 13.40990784 ], [ 80.30764576, 13.42019817 ], [ 80.30144043, 13.42071455 ] ] ], [ [ [ 72.28885213, 10.946068 ], [ 72.2852624, 10.93526922 ], [ 72.29090105, 10.93372883 ], [ 72.29387138, 10.93564689 ], [ 72.29088634, 10.94299454 ], [ 72.29545607, 10.94476128 ], [ 72.28885213, 10.946068 ] ] ], [ [ [ 72.62819799, 21.41736 ], [ 72.61708899, 21.40514 ], [ 72.61263999, 21.395695 ], [ 72.62180199, 21.403193 ], [ 72.62819799, 21.41736 ] ] ], [ [ [ 72.64541599, 21.07431 ], [ 72.64930699, 21.066804 ], [ 72.65791299, 21.065694 ], [ 72.65402899, 21.07431 ], [ 72.64541599, 21.07431 ] ] ], [ [ [ 92.86894916, 12.41998631 ], [ 92.85908688, 12.41719854 ], [ 92.85993156, 12.41415077 ], [ 92.86960355, 12.41439742 ], [ 92.86894916, 12.41998631 ] ] ], [ [ [ 79.47707658, 9.11431127 ], [ 79.48114094, 9.11901651 ], [ 79.47955883, 9.12362967 ], [ 79.47245757, 9.12041922 ], [ 79.47175077, 9.11731052 ], [ 79.47707658, 9.11431127 ] ] ], [ [ [ 68.52374999, 23.405141 ], [ 68.52041599, 23.39403 ], [ 68.52735799, 23.386249 ], [ 68.52513799, 23.395415 ], [ 68.52735799, 23.39903 ], [ 68.52430599, 23.399028 ], [ 68.52374999, 23.405141 ] ] ], [ [ [ 92.60315729, 11.53795916 ], [ 92.60067879, 11.52995123 ], [ 92.60192377, 11.52416806 ], [ 92.60622693, 11.52177968 ], [ 92.60650346, 11.53336905 ], [ 92.60315729, 11.53795916 ] ] ], [ [ [ 92.77238788, 12.93136002 ], [ 92.76940602, 12.92289712 ], [ 92.77271599, 12.91768283 ], [ 92.77606005, 12.92882851 ], [ 92.77238788, 12.93136002 ] ] ], [ [ [ 78.21685387, 8.83071516 ], [ 78.21810705, 8.83543139 ], [ 78.21031026, 8.83828401 ], [ 78.20943086, 8.83169356 ], [ 78.21685387, 8.83071516 ] ] ], [ [ [ 68.60375199, 23.229032 ], [ 68.60597199, 23.222361 ], [ 68.61374599, 23.221805 ], [ 68.60957999, 23.230971 ], [ 68.60375199, 23.229032 ] ] ], [ [ [ 88.63471301, 22.04861 ], [ 88.63222401, 22.061668 ], [ 88.62861001, 22.06195 ], [ 88.62944801, 22.052501 ], [ 88.63471301, 22.04861 ] ] ], [ [ [ 92.76612494, 12.85486416 ], [ 92.76554985, 12.87292324 ], [ 92.7610292, 12.86787735 ], [ 92.76313559, 12.85542008 ], [ 92.76612494, 12.85486416 ] ] ], [ [ [ 78.25494763, 8.94452223 ], [ 78.26000485, 8.94903523 ], [ 78.25668543, 8.95337396 ], [ 78.25285334, 8.95240583 ], [ 78.25102911, 8.94708285 ], [ 78.25494763, 8.94452223 ] ] ], [ [ [ 92.60077421, 11.91906278 ], [ 92.59510567, 11.91527426 ], [ 92.59562796, 11.9055951 ], [ 92.59936315, 11.90769655 ], [ 92.60077421, 11.91906278 ] ] ], [ [ [ 74.74290466, 13.63968303 ], [ 74.74488856, 13.642073 ], [ 74.74245346, 13.64329391 ], [ 74.72877128, 13.64271203 ], [ 74.73093661, 13.64005144 ], [ 74.74290466, 13.63968303 ] ] ], [ [ [ 73.45926686, 16.04304134 ], [ 73.46058726, 16.03513261 ], [ 73.46587049, 16.03307331 ], [ 73.46489759, 16.04379235 ], [ 73.45926686, 16.04304134 ] ] ], [ [ [ 88.45245301, 21.906338 ], [ 88.45647301, 21.913815 ], [ 88.44226101, 21.908769 ], [ 88.44567901, 21.90613 ], [ 88.45245301, 21.906338 ] ] ], [ [ [ 88.19694601, 21.757779 ], [ 88.20221801, 21.761391 ], [ 88.19999801, 21.76917 ], [ 88.19388501, 21.763331 ], [ 88.19694601, 21.757779 ] ] ], [ [ [ 88.11194601, 21.888891 ], [ 88.10527901, 21.897511 ], [ 88.11277701, 21.910554 ], [ 88.10444701, 21.897779 ], [ 88.10500301, 21.888889 ], [ 88.10930001, 21.883881 ], [ 88.11194601, 21.888891 ] ] ], [ [ [ 69.48819799, 22.389861 ], [ 69.48263499, 22.398749 ], [ 69.48042399, 22.388471 ], [ 69.48819799, 22.389861 ] ] ], [ [ [ 88.72894201, 22.113219 ], [ 88.73551901, 22.123619 ], [ 88.73627401, 22.128777 ], [ 88.72985101, 22.12345 ], [ 88.72894201, 22.113219 ] ] ], [ [ [ 92.81391659, 13.41899697 ], [ 92.81201114, 13.40622022 ], [ 92.81449847, 13.4034931 ], [ 92.81868148, 13.41621348 ], [ 92.81391659, 13.41899697 ] ] ], [ [ [ 68.53180699, 23.872361 ], [ 68.52430599, 23.86014 ], [ 68.52402599, 23.858472 ], [ 68.53485899, 23.86486 ], [ 68.53430199, 23.871805 ], [ 68.53180699, 23.872361 ] ] ], [ [ [ 78.18800581, 8.72809287 ], [ 78.19439669, 8.72999231 ], [ 78.19298516, 8.73613636 ], [ 78.18662352, 8.73247276 ], [ 78.18800581, 8.72809287 ] ] ], [ [ [ 72.73535385, 19.45266026 ], [ 72.73430584, 19.46202958 ], [ 72.72957635, 19.46429284 ], [ 72.73064847, 19.45515461 ], [ 72.73535385, 19.45266026 ] ] ], [ [ [ 78.23328798, 8.86077923 ], [ 78.23408748, 8.86670066 ], [ 78.23220448, 8.86938109 ], [ 78.2281384, 8.8681444 ], [ 78.2284603, 8.85952641 ], [ 78.23328798, 8.86077923 ] ] ], [ [ [ 93.7712519, 7.3977148 ], [ 93.76765147, 7.40332931 ], [ 93.76286448, 7.39847816 ], [ 93.76940236, 7.39420005 ], [ 93.7712519, 7.3977148 ] ] ], [ [ [ 78.70958153, 9.17378643 ], [ 78.71197025, 9.18003098 ], [ 78.70588482, 9.18197769 ], [ 78.70398397, 9.17643829 ], [ 78.70958153, 9.17378643 ] ] ], [ [ [ 74.1952139, 14.87108995 ], [ 74.19813837, 14.87670188 ], [ 74.18804011, 14.875372 ], [ 74.18656908, 14.87255647 ], [ 74.1952139, 14.87108995 ] ] ], [ [ [ 72.67597389, 21.44680977 ], [ 72.6654148, 21.44320107 ], [ 72.6637516, 21.43958473 ], [ 72.67041969, 21.43902779 ], [ 72.67597389, 21.44320107 ], [ 72.67597389, 21.44680977 ] ] ], [ [ [ 74.10038463, 14.83842632 ], [ 74.09810902, 14.84520391 ], [ 74.09162295, 14.84435846 ], [ 74.0915985, 14.84074458 ], [ 74.10038463, 14.83842632 ] ] ], [ [ [ 78.53938136, 9.10142559 ], [ 78.54031961, 9.10640219 ], [ 78.53674895, 9.1105559 ], [ 78.53370046, 9.10085152 ], [ 78.53938136, 9.10142559 ] ] ], [ [ [ 87.09503973, 20.7574544 ], [ 87.09424255, 20.76496347 ], [ 87.08784824, 20.76276826 ], [ 87.08729765, 20.75714657 ], [ 87.09503973, 20.7574544 ] ] ], [ [ [ 93.08416208, 11.78978291 ], [ 93.08011303, 11.7873765 ], [ 93.07836088, 11.7798268 ], [ 93.08320788, 11.78055089 ], [ 93.08616485, 11.78656268 ], [ 93.08416208, 11.78978291 ] ] ], [ [ [ 74.67504329, 13.37635475 ], [ 74.67372849, 13.38226231 ], [ 74.66836101, 13.38571985 ], [ 74.66839469, 13.37825868 ], [ 74.67504329, 13.37635475 ] ] ], [ [ [ 92.87417001, 13.5058263 ], [ 92.87018741, 13.51318575 ], [ 92.86676692, 13.50843811 ], [ 92.87094659, 13.50217069 ], [ 92.87417001, 13.5058263 ] ] ], [ [ [ 87.05814802, 20.73335714 ], [ 87.06084975, 20.73867698 ], [ 87.0530577, 20.73970517 ], [ 87.0526048, 20.73340668 ], [ 87.05814802, 20.73335714 ] ] ], [ [ [ 74.40161978, 14.31124126 ], [ 74.40044703, 14.31808992 ], [ 74.39531282, 14.31773836 ], [ 74.39402869, 14.31290743 ], [ 74.40161978, 14.31124126 ] ] ], [ [ [ 78.76222633, 9.15634934 ], [ 78.76166111, 9.16134147 ], [ 78.75573742, 9.16143467 ], [ 78.75539015, 9.15552622 ], [ 78.76222633, 9.15634934 ] ] ], [ [ [ 72.32723087, 10.94907315 ], [ 72.31685624, 10.94811079 ], [ 72.31553134, 10.94180754 ], [ 72.32062882, 10.9438216 ], [ 72.32723087, 10.94907315 ] ] ], [ [ [ 93.64639817, 7.47666789 ], [ 93.644457, 7.47073018 ], [ 93.65141084, 7.46986519 ], [ 93.65385307, 7.47480058 ], [ 93.64639817, 7.47666789 ] ] ], [ [ [ 72.67207999, 21.11514 ], [ 72.67041899, 21.1018 ], [ 72.67624599, 21.09708 ], [ 72.67207999, 21.11514 ] ] ], [ [ [ 92.75722966, 12.18153445 ], [ 92.75936282, 12.17775469 ], [ 92.7591813, 12.1665287 ], [ 92.7637695, 12.17886987 ], [ 92.75722966, 12.18153445 ] ] ], [ [ [ 78.70539462, 9.15579493 ], [ 78.7062652, 9.16269481 ], [ 78.70072284, 9.16258833 ], [ 78.6992772, 9.15911345 ], [ 78.70539462, 9.15579493 ] ] ], [ [ [ 93.07094456, 13.41302459 ], [ 93.07054645, 13.42334417 ], [ 93.07249299, 13.43119838 ], [ 93.06718043, 13.42224961 ], [ 93.07094456, 13.41302459 ] ] ], [ [ [ 79.20689999, 9.24276295 ], [ 79.21621341, 9.24507185 ], [ 79.21868946, 9.24758382 ], [ 79.21523313, 9.24915883 ], [ 79.20695742, 9.24571473 ], [ 79.20689999, 9.24276295 ] ] ], [ [ [ 93.09089739, 13.41953132 ], [ 93.08711998, 13.41520289 ], [ 93.08938627, 13.40999228 ], [ 93.09555848, 13.41604213 ], [ 93.09089739, 13.41953132 ] ] ], [ [ [ 79.48286545, 9.11108819 ], [ 79.49102489, 9.11281794 ], [ 79.4904791, 9.11781195 ], [ 79.4826867, 9.11449695 ], [ 79.48286545, 9.11108819 ] ] ], [ [ [ 68.25514299, 23.59014 ], [ 68.24485699, 23.587079 ], [ 68.25068699, 23.58736 ], [ 68.24958099, 23.583191 ], [ 68.25235699, 23.582081 ], [ 68.25791899, 23.58514 ], [ 68.25514299, 23.59014 ] ] ], [ [ [ 74.08748281, 14.78966289 ], [ 74.08642167, 14.79504725 ], [ 74.08275922, 14.79615028 ], [ 74.07978281, 14.79042548 ], [ 74.08452249, 14.78752165 ], [ 74.08748281, 14.78966289 ] ] ], [ [ [ 70.45902999, 23.057641 ], [ 70.44959199, 23.05264 ], [ 70.45735999, 23.055141 ], [ 70.45096699, 23.04931 ], [ 70.44958599, 23.043193 ], [ 70.46041799, 23.055141 ], [ 70.45902999, 23.057641 ] ] ], [ [ [ 70.01597499, 22.557361 ], [ 70.01347299, 22.552639 ], [ 70.02513999, 22.555973 ], [ 70.02347599, 22.558471 ], [ 70.01597499, 22.557361 ] ] ], [ [ [ 68.47402799, 23.721241 ], [ 68.47263999, 23.714581 ], [ 68.48236099, 23.720418 ], [ 68.47791199, 23.72236 ], [ 68.47402799, 23.721241 ] ] ], [ [ [ 68.49513999, 23.47403 ], [ 68.49764299, 23.469861 ], [ 68.50013799, 23.45514 ], [ 68.50235799, 23.458194 ], [ 68.49931299, 23.47542 ], [ 68.49513999, 23.47403 ] ] ], [ [ [ 68.63346799, 23.312081 ], [ 68.63346799, 23.307639 ], [ 68.63652899, 23.306805 ], [ 68.63791699, 23.310693 ], [ 68.64624699, 23.307359 ], [ 68.64263899, 23.31403 ], [ 68.64069299, 23.311527 ], [ 68.63346799, 23.312081 ] ] ], [ [ [ 80.3189883, 13.39096186 ], [ 80.32231689, 13.39752101 ], [ 80.31809407, 13.40279372 ], [ 80.3189883, 13.39096186 ] ] ], [ [ [ 68.41458199, 23.409861 ], [ 68.41680799, 23.40125 ], [ 68.42236299, 23.400138 ], [ 68.42402599, 23.40153 ], [ 68.42236299, 23.405141 ], [ 68.42151699, 23.40125 ], [ 68.41902799, 23.402916 ], [ 68.42014299, 23.406811 ], [ 68.41792299, 23.40543 ], [ 68.41458199, 23.409861 ] ] ], [ [ [ 79.18745473, 9.23101471 ], [ 79.1905108, 9.23646386 ], [ 79.18678418, 9.23891172 ], [ 79.18397568, 9.23418498 ], [ 79.18745473, 9.23101471 ] ] ], [ [ [ 79.18069997, 9.24060022 ], [ 79.18429944, 9.2453384 ], [ 79.18214552, 9.24781312 ], [ 79.17695758, 9.24376666 ], [ 79.18069997, 9.24060022 ] ] ], [ [ [ 92.91761544, 13.51552106 ], [ 92.91486025, 13.51276313 ], [ 92.91453409, 13.50684511 ], [ 92.92210582, 13.51299087 ], [ 92.91761544, 13.51552106 ] ] ], [ [ [ 79.19642588, 9.22973751 ], [ 79.20188754, 9.23307018 ], [ 79.19996876, 9.23734802 ], [ 79.19581037, 9.23439768 ], [ 79.19642588, 9.22973751 ] ] ], [ [ [ 78.73293647, 9.14965416 ], [ 78.73444684, 9.15424726 ], [ 78.72741396, 9.15409056 ], [ 78.72702245, 9.15046266 ], [ 78.73293647, 9.14965416 ] ] ], [ [ [ 74.05096247, 14.81503935 ], [ 74.05681164, 14.81212483 ], [ 74.05829998, 14.81570747 ], [ 74.05540534, 14.82003496 ], [ 74.05096247, 14.81503935 ] ] ], [ [ [ 74.08670746, 14.83095022 ], [ 74.09255626, 14.82804095 ], [ 74.0940461, 14.83161429 ], [ 74.09115186, 14.83595176 ], [ 74.08670746, 14.83095022 ] ] ], [ [ [ 74.08959481, 14.871494 ], [ 74.09544528, 14.8685843 ], [ 74.09693797, 14.87215804 ], [ 74.09404336, 14.87648698 ], [ 74.08959481, 14.871494 ] ] ], [ [ [ 92.76677794, 12.92862427 ], [ 92.7624786, 12.93524905 ], [ 92.76088089, 12.93125416 ], [ 92.76329706, 12.92595064 ], [ 92.76677794, 12.92862427 ] ] ], [ [ [ 88.93489525, 26.3769198 ], [ 88.9349624, 26.37228471 ], [ 88.94196816, 26.37028016 ], [ 88.93897806, 26.37771844 ], [ 88.93489525, 26.3769198 ] ] ], [ [ [ 74.48482205, 14.01089214 ], [ 74.48324934, 14.01545665 ], [ 74.47608214, 14.0148278 ], [ 74.47673564, 14.01142355 ], [ 74.48482205, 14.01089214 ] ] ], [ [ [ 68.48208499, 23.60642 ], [ 68.47902699, 23.604041 ], [ 68.48014099, 23.59819 ], [ 68.48652699, 23.603195 ], [ 68.48208499, 23.60642 ] ] ], [ [ [ 74.47428568, 14.084902 ], [ 74.47489101, 14.08901895 ], [ 74.46902021, 14.09016693 ], [ 74.46897463, 14.0852236 ], [ 74.47428568, 14.084902 ] ] ], [ [ [ 74.48963309, 14.02378655 ], [ 74.48773742, 14.0298457 ], [ 74.48409113, 14.02905407 ], [ 74.48487498, 14.02355697 ], [ 74.48963309, 14.02378655 ] ] ], [ [ [ 88.18138901, 21.785831 ], [ 88.18527901, 21.790555 ], [ 88.18083201, 21.795834 ], [ 88.17888601, 21.791111 ], [ 88.18138901, 21.785831 ] ] ], [ [ [ 70.01264099, 22.552361 ], [ 70.00068699, 22.552361 ], [ 69.99597099, 22.548751 ], [ 70.01264099, 22.552361 ] ] ], [ [ [ 88.19560401, 21.724479 ], [ 88.19999801, 21.728889 ], [ 88.20137901, 21.73667 ], [ 88.19587001, 21.730069 ], [ 88.19560401, 21.724479 ] ] ], [ [ [ 74.1115533, 14.75977192 ], [ 74.11349866, 14.75202805 ], [ 74.11917906, 14.75344098 ], [ 74.1115533, 14.75977192 ] ] ], [ [ [ 92.72274785, 12.73669867 ], [ 92.72617684, 12.727916 ], [ 92.72796959, 12.72691502 ], [ 92.72804014, 12.73411416 ], [ 92.72274785, 12.73669867 ] ] ], [ [ [ 74.32497629, 14.01789758 ], [ 74.32854163, 14.01475834 ], [ 74.33222832, 14.01516462 ], [ 74.32612397, 14.02235176 ], [ 74.32497629, 14.01789758 ] ] ], [ [ [ 92.6762547, 11.18474327 ], [ 92.67519061, 11.18980517 ], [ 92.67363925, 11.1862337 ], [ 92.6777334, 11.17794059 ], [ 92.68103722, 11.18137644 ], [ 92.6762547, 11.18474327 ] ] ], [ [ [ 68.53514099, 23.387639 ], [ 68.53069199, 23.384861 ], [ 68.53041899, 23.382917 ], [ 68.53291199, 23.371806 ], [ 68.53542399, 23.37125 ], [ 68.53679599, 23.374311 ], [ 68.53375299, 23.37486 ], [ 68.53680499, 23.377362 ], [ 68.53263899, 23.376806 ], [ 68.53208299, 23.380695 ], [ 68.53514099, 23.387639 ] ] ], [ [ [ 72.70096599, 21.121251 ], [ 72.69763799, 21.116811 ], [ 72.69957799, 21.11236 ], [ 72.70318599, 21.11458 ], [ 72.70096599, 21.121251 ] ] ], [ [ [ 70.02458099, 22.551812 ], [ 70.01597499, 22.551531 ], [ 70.01152899, 22.549583 ], [ 70.01985899, 22.547917 ], [ 70.02458099, 22.551812 ] ] ], [ [ [ 88.58274901, 21.86555 ], [ 88.58580101, 21.873992 ], [ 88.58468601, 21.87659 ], [ 88.58113801, 21.872529 ], [ 88.58274901, 21.86555 ] ] ], [ [ [ 92.90809158, 13.53721548 ], [ 92.9055296, 13.53568485 ], [ 92.90603856, 13.53061335 ], [ 92.91207483, 13.53392113 ], [ 92.90809158, 13.53721548 ] ] ], [ [ [ 86.99051853, 20.77651795 ], [ 86.99159998, 20.78345966 ], [ 86.98590815, 20.7830508 ], [ 86.99051853, 20.77651795 ] ] ], [ [ [ 93.65633698, 8.39033857 ], [ 93.64550085, 8.39430151 ], [ 93.64454241, 8.39470032 ], [ 93.64786762, 8.39066548 ], [ 93.65633698, 8.39033857 ] ] ], [ [ [ 92.56147279, 11.3975111 ], [ 92.55758417, 11.39629168 ], [ 92.55598905, 11.39123809 ], [ 92.56241141, 11.39417457 ], [ 92.56147279, 11.3975111 ] ] ], [ [ [ 92.73135689, 11.14908054 ], [ 92.72775311, 11.14597214 ], [ 92.73073351, 11.14254513 ], [ 92.73463805, 11.14565402 ], [ 92.73135689, 11.14908054 ] ] ], [ [ [ 92.76143107, 11.67023029 ], [ 92.76599791, 11.6815397 ], [ 92.75980542, 11.67700852 ], [ 92.76143107, 11.67023029 ] ] ], [ [ [ 93.09726056, 13.43744881 ], [ 93.09817886, 13.43166516 ], [ 93.10356008, 13.43017883 ], [ 93.10270542, 13.43462596 ], [ 93.09726056, 13.43744881 ] ] ], [ [ [ 93.02984672, 12.27809249 ], [ 93.02801668, 12.27994367 ], [ 93.02209241, 12.27468053 ], [ 93.02655348, 12.27383961 ], [ 93.02984672, 12.27809249 ] ] ], [ [ [ 68.50068799, 23.45264 ], [ 68.49597199, 23.448474 ], [ 68.49680399, 23.444027 ], [ 68.50235799, 23.449581 ], [ 68.50068799, 23.45264 ] ] ], [ [ [ 88.02138401, 21.571389 ], [ 88.01583001, 21.58167 ], [ 88.01667101, 21.572209 ], [ 88.02054501, 21.566669 ], [ 88.02138401, 21.571389 ] ] ], [ [ [ 92.6929061, 11.66190152 ], [ 92.70038361, 11.66007417 ], [ 92.70165132, 11.66325777 ], [ 92.69791187, 11.66450635 ], [ 92.6929061, 11.66190152 ] ] ], [ [ [ 68.47625099, 23.52764 ], [ 68.46874999, 23.524583 ], [ 68.47152599, 23.52069 ], [ 68.47625099, 23.52764 ] ] ], [ [ [ 73.38700625, 16.61593822 ], [ 73.38844476, 16.62007146 ], [ 73.38406521, 16.62125964 ], [ 73.38240949, 16.61739795 ], [ 73.38700625, 16.61593822 ] ] ], [ [ [ 78.69552874, 9.15234566 ], [ 78.69475273, 9.14596691 ], [ 78.69886197, 9.14627694 ], [ 78.69878362, 9.15035582 ], [ 78.69552874, 9.15234566 ] ] ], [ [ [ 93.01843427, 13.33674399 ], [ 93.02073511, 13.34436351 ], [ 93.01885292, 13.34595225 ], [ 93.01629149, 13.34268529 ], [ 93.01843427, 13.33674399 ] ] ], [ [ [ 92.91734155, 13.04023263 ], [ 92.91900382, 13.04273391 ], [ 92.91669195, 13.04766979 ], [ 92.91440282, 13.04247123 ], [ 92.91734155, 13.04023263 ] ] ], [ [ [ 92.90416697, 12.42102448 ], [ 92.90383721, 12.42476289 ], [ 92.89976551, 12.42608461 ], [ 92.89917414, 12.42127215 ], [ 92.90416697, 12.42102448 ] ] ], [ [ [ 92.76481758, 12.91780665 ], [ 92.76658072, 12.92543527 ], [ 92.76249564, 12.9197685 ], [ 92.76481758, 12.91780665 ] ] ], [ [ [ 69.40513499, 22.53264 ], [ 69.40180299, 22.526251 ], [ 69.40430599, 22.524305 ], [ 69.40651599, 22.527919 ], [ 69.40513499, 22.53264 ] ] ], [ [ [ 71.70513343, 20.99765205 ], [ 71.69568824, 20.99653053 ], [ 71.70358848, 20.99513817 ], [ 71.70513343, 20.99765205 ] ] ], [ [ [ 93.00217885, 12.11113803 ], [ 93.00214146, 12.11791185 ], [ 92.99806504, 12.11357107 ], [ 93.00217885, 12.11113803 ] ] ], [ [ [ 88.91678601, 22.428702 ], [ 88.91200201, 22.425582 ], [ 88.91163701, 22.42338 ], [ 88.91860901, 22.424722 ], [ 88.91678601, 22.428702 ] ] ], [ [ [ 74.68516395, 13.34519632 ], [ 74.6848727, 13.34860563 ], [ 74.68050387, 13.34915399 ], [ 74.68197052, 13.3442187 ], [ 74.68516395, 13.34519632 ] ] ], [ [ [ 74.69694072, 13.32782367 ], [ 74.69665913, 13.3312309 ], [ 74.6922909, 13.33177959 ], [ 74.69375729, 13.32683539 ], [ 74.69694072, 13.32782367 ] ] ], [ [ [ 74.69119634, 13.3365085 ], [ 74.69090537, 13.33991547 ], [ 74.6865372, 13.34045495 ], [ 74.68800315, 13.33552878 ], [ 74.69119634, 13.3365085 ] ] ], [ [ [ 87.98832801, 22.218611 ], [ 87.99194201, 22.212779 ], [ 87.99666701, 22.212779 ], [ 87.99388901, 22.215562 ], [ 87.98832801, 22.218611 ] ] ], [ [ [ 92.68166471, 12.21510726 ], [ 92.68323505, 12.22357349 ], [ 92.68225376, 12.22440475 ], [ 92.67975037, 12.21898326 ], [ 92.68166471, 12.21510726 ] ] ], [ [ [ 93.07086212, 13.30012218 ], [ 93.0772729, 13.29937324 ], [ 93.07872441, 13.30146694 ], [ 93.07410786, 13.30305425 ], [ 93.07086212, 13.30012218 ] ] ], [ [ [ 68.52152999, 23.945416 ], [ 68.52569599, 23.94953 ], [ 68.51457899, 23.949583 ], [ 68.52152999, 23.945416 ] ] ], [ [ [ 68.46791799, 23.524032 ], [ 68.46319599, 23.518751 ], [ 68.46430099, 23.515417 ], [ 68.46680399, 23.519583 ], [ 68.47041399, 23.518751 ], [ 68.46791799, 23.524032 ] ] ], [ [ [ 72.60958199, 21.629031 ], [ 72.60514899, 21.619581 ], [ 72.60736199, 21.61903 ], [ 72.60958199, 21.629031 ] ] ], [ [ [ 87.90805901, 22.431672 ], [ 87.91416901, 22.428611 ], [ 87.91831901, 22.430001 ], [ 87.91111001, 22.43306 ], [ 87.90805901, 22.431672 ] ] ], [ [ [ 68.48680999, 23.745972 ], [ 68.48124599, 23.737641 ], [ 68.48236099, 23.735971 ], [ 68.48680999, 23.745972 ] ] ], [ [ [ 92.56778718, 11.95033463 ], [ 92.56362736, 11.94775538 ], [ 92.56902117, 11.94490931 ], [ 92.56778718, 11.95033463 ] ] ], [ [ [ 92.72944999, 12.18472367 ], [ 92.73143329, 12.18740112 ], [ 92.73040299, 12.18986979 ], [ 92.72513646, 12.18607155 ], [ 92.72944999, 12.18472367 ] ] ], [ [ [ 68.57791799, 23.384029 ], [ 68.58569199, 23.375972 ], [ 68.58735599, 23.37625 ], [ 68.58125299, 23.384583 ], [ 68.57791799, 23.384029 ] ] ], [ [ [ 68.62847199, 23.32125 ], [ 68.62568699, 23.312081 ], [ 68.62790699, 23.311532 ], [ 68.62958599, 23.318472 ], [ 68.62847199, 23.32125 ] ] ], [ [ [ 68.52124799, 23.342638 ], [ 68.53069199, 23.33931 ], [ 68.53263899, 23.340971 ], [ 68.52903099, 23.34375 ], [ 68.52124799, 23.342638 ] ] ], [ [ [ 68.62847199, 23.34875 ], [ 68.63096499, 23.34986 ], [ 68.63069199, 23.34431 ], [ 68.63514099, 23.342916 ], [ 68.63152999, 23.351804 ], [ 68.62847199, 23.34875 ] ] ], [ [ [ 68.57375399, 23.359861 ], [ 68.56957899, 23.358749 ], [ 68.57569199, 23.35236 ], [ 68.57375399, 23.357361 ], [ 68.57375399, 23.359861 ] ] ], [ [ [ 88.85694001, 22.472502 ], [ 88.85806201, 22.468331 ], [ 88.85611101, 22.458891 ], [ 88.85916901, 22.46667 ], [ 88.85694001, 22.472502 ] ] ], [ [ [ 92.91465086, 13.06635599 ], [ 92.91326911, 13.06148073 ], [ 92.91730431, 13.05806136 ], [ 92.91712012, 13.06183696 ], [ 92.91465086, 13.06635599 ] ] ], [ [ [ 69.95847299, 22.54264 ], [ 69.95403299, 22.53653 ], [ 69.95403299, 22.535972 ], [ 69.96347099, 22.541811 ], [ 69.95847299, 22.54264 ] ] ], [ [ [ 88.17888601, 21.825834 ], [ 88.18083201, 21.821668 ], [ 88.18555501, 21.819165 ], [ 88.18138901, 21.82667 ], [ 88.17888601, 21.825834 ] ] ], [ [ [ 93.05542022, 13.56634344 ], [ 93.05195622, 13.56448943 ], [ 93.0537152, 13.56031986 ], [ 93.05640345, 13.56282008 ], [ 93.05542022, 13.56634344 ] ] ], [ [ [ 88.50101501, 21.781831 ], [ 88.50611101, 21.784718 ], [ 88.50638601, 21.788333 ], [ 88.50101501, 21.781831 ] ] ], [ [ [ 92.76925153, 12.28876726 ], [ 92.77190943, 12.29344751 ], [ 92.77092774, 12.29532608 ], [ 92.76640209, 12.28980845 ], [ 92.76925153, 12.28876726 ] ] ], [ [ [ 92.69702457, 12.25059927 ], [ 92.69554923, 12.2470809 ], [ 92.699633, 12.24396431 ], [ 92.69964901, 12.24901611 ], [ 92.69702457, 12.25059927 ] ] ], [ [ [ 92.73790865, 12.29280499 ], [ 92.73524969, 12.28813575 ], [ 92.73603379, 12.28125746 ], [ 92.73790865, 12.29280499 ] ] ], [ [ [ 92.77096889, 12.01678548 ], [ 92.77454679, 12.01327559 ], [ 92.77658161, 12.01679505 ], [ 92.7747082, 12.01821501 ], [ 92.77096889, 12.01678548 ] ] ], [ [ [ 93.07283721, 12.31594765 ], [ 93.0672954, 12.31871348 ], [ 93.06261288, 12.31579779 ], [ 93.07283721, 12.31594765 ] ] ], [ [ [ 88.93078701, 22.563672 ], [ 88.93070901, 22.560873 ], [ 88.93416701, 22.558059 ], [ 88.93222001, 22.561671 ], [ 88.93609701, 22.561202 ], [ 88.93596701, 22.563433 ], [ 88.93078701, 22.563672 ] ] ], [ [ [ 69.19457899, 22.367639 ], [ 69.19457899, 22.374584 ], [ 69.18985699, 22.369305 ], [ 69.19457899, 22.367639 ] ] ], [ [ [ 68.40652499, 23.456911 ], [ 68.40125299, 23.45514 ], [ 68.40125299, 23.45375 ], [ 68.40624899, 23.45236 ], [ 68.40652499, 23.456911 ] ] ], [ [ [ 87.93805701, 22.396669 ], [ 87.93723401, 22.403611 ], [ 87.93333401, 22.409721 ], [ 87.93277801, 22.408889 ], [ 87.93805701, 22.396669 ] ] ], [ [ [ 72.53101386, 10.77983024 ], [ 72.53765523, 10.7814788 ], [ 72.53731332, 10.78310311 ], [ 72.53101386, 10.77983024 ] ] ], [ [ [ 68.48680999, 23.495139 ], [ 68.48596899, 23.489031 ], [ 68.48763899, 23.486522 ], [ 68.48958599, 23.493749 ], [ 68.48763899, 23.492361 ], [ 68.48680999, 23.495139 ] ] ], [ [ [ 92.57419816, 11.56243558 ], [ 92.57673361, 11.56829193 ], [ 92.57669262, 11.57089711 ], [ 92.5727544, 11.56526602 ], [ 92.57419816, 11.56243558 ] ] ], [ [ [ 68.53624699, 23.385419 ], [ 68.53542399, 23.380701 ], [ 68.54291499, 23.380138 ], [ 68.53652899, 23.382361 ], [ 68.53624699, 23.385419 ] ] ], [ [ [ 92.93515323, 12.91391732 ], [ 92.93668532, 12.91710015 ], [ 92.93173334, 12.9190195 ], [ 92.93165054, 12.91701035 ], [ 92.93515323, 12.91391732 ] ] ], [ [ [ 72.39097599, 22.21181 ], [ 72.38819099, 22.214582 ], [ 72.38263699, 22.215694 ], [ 72.38764199, 22.210137 ], [ 72.39097599, 22.21181 ] ] ], [ [ [ 71.70652961, 20.99847221 ], [ 71.70819282, 20.99653053 ], [ 71.71402931, 20.99774361 ], [ 71.7104206, 20.99958229 ], [ 71.70652961, 20.99847221 ] ] ], [ [ [ 70.24736213, 22.69125176 ], [ 70.24180793, 22.68958473 ], [ 70.24431037, 22.68847466 ], [ 70.24263953, 22.68681145 ], [ 70.24736213, 22.68819237 ], [ 70.24736213, 22.69125176 ] ] ], [ [ [ 68.47347199, 23.537082 ], [ 68.47207799, 23.530969 ], [ 68.47570099, 23.530969 ], [ 68.47347199, 23.537082 ] ] ], [ [ [ 93.63213005, 7.4764658 ], [ 93.63578911, 7.47925344 ], [ 93.63062693, 7.47940104 ], [ 93.63213005, 7.4764658 ] ] ], [ [ [ 80.31651724, 13.44015278 ], [ 80.32041051, 13.4400535 ], [ 80.31958394, 13.44319058 ], [ 80.31651724, 13.44015278 ] ] ], [ [ [ 92.62791562, 11.54222223 ], [ 92.62943263, 11.54430303 ], [ 92.62869287, 11.54942475 ], [ 92.62683552, 11.54473272 ], [ 92.62791562, 11.54222223 ] ] ], [ [ [ 70.47013899, 23.060973 ], [ 70.46124999, 23.057921 ], [ 70.46041799, 23.05571 ], [ 70.47013899, 23.060973 ] ] ], [ [ [ 92.73891884, 12.10699456 ], [ 92.74243858, 12.11182445 ], [ 92.7431515, 12.11515181 ], [ 92.74002523, 12.11187362 ], [ 92.73891884, 12.10699456 ] ] ], [ [ [ 92.73911632, 12.27570347 ], [ 92.73470862, 12.27007078 ], [ 92.73541108, 12.26895705 ], [ 92.73911632, 12.27570347 ] ] ], [ [ [ 92.61556741, 11.51026658 ], [ 92.61030685, 11.50767737 ], [ 92.60953396, 11.50444392 ], [ 92.61039269, 11.50421496 ], [ 92.61556741, 11.51026658 ] ] ], [ [ [ 92.58445979, 11.98174283 ], [ 92.58198033, 11.98020375 ], [ 92.58257821, 11.97668298 ], [ 92.58489173, 11.97722717 ], [ 92.58445979, 11.98174283 ] ] ], [ [ [ 68.39847499, 23.427084 ], [ 68.39791899, 23.422362 ], [ 68.40071099, 23.422081 ], [ 68.40097099, 23.426811 ], [ 68.39847499, 23.427084 ] ] ], [ [ [ 92.55136659, 11.39611003 ], [ 92.54616417, 11.39594352 ], [ 92.54741674, 11.39401391 ], [ 92.55136659, 11.39611003 ] ] ], [ [ [ 72.473198, 22.20792 ], [ 72.467917, 22.205419 ], [ 72.467917, 22.202361 ], [ 72.472359, 22.20319 ], [ 72.473198, 22.20792 ] ] ], [ [ [ 72.63541299, 21.412916 ], [ 72.63513099, 21.417641 ], [ 72.63152999, 21.411806 ], [ 72.63541299, 21.412916 ] ] ], [ [ [ 92.7259602, 12.83237777 ], [ 92.7278133, 12.83550454 ], [ 92.72738981, 12.8385449 ], [ 92.72481208, 12.8342002 ], [ 92.7259602, 12.83237777 ] ] ], [ [ [ 68.39848399, 23.420142 ], [ 68.39986299, 23.416529 ], [ 68.40180299, 23.415971 ], [ 68.40235899, 23.41931 ], [ 68.39848399, 23.420142 ] ] ], [ [ [ 88.86611201, 22.410833 ], [ 88.87194801, 22.405277 ], [ 88.87444401, 22.405555 ], [ 88.86889001, 22.410555 ], [ 88.86611201, 22.410833 ] ] ], [ [ [ 92.96813125, 13.33336687 ], [ 92.96800833, 13.33574573 ], [ 92.96995898, 13.33874564 ], [ 92.96542293, 13.33598987 ], [ 92.96813125, 13.33336687 ] ] ], [ [ [ 68.69930299, 23.8532 ], [ 68.69486299, 23.84931 ], [ 68.70069099, 23.851806 ], [ 68.69930299, 23.8532 ] ] ], [ [ [ 72.58374799, 21.365141 ], [ 72.57958099, 21.364311 ], [ 72.57874899, 21.36014 ], [ 72.58374799, 21.365141 ] ] ], [ [ [ 70.04596699, 22.57125 ], [ 70.04207599, 22.56736 ], [ 70.04374699, 22.567084 ], [ 70.04596699, 22.57125 ] ] ], [ [ [ 70.24624599, 22.714581 ], [ 70.24402599, 22.720139 ], [ 70.24318699, 22.720139 ], [ 70.24346999, 22.712361 ], [ 70.24624599, 22.714581 ] ] ], [ [ [ 92.94954006, 13.02411776 ], [ 92.94508727, 13.02530513 ], [ 92.94916851, 13.02087087 ], [ 92.94954006, 13.02411776 ] ] ], [ [ [ 92.87871964, 12.29794459 ], [ 92.87661744, 12.29548972 ], [ 92.87725717, 12.2937197 ], [ 92.88074478, 12.2960947 ], [ 92.87871964, 12.29794459 ] ] ], [ [ [ 88.56055501, 21.828332 ], [ 88.55577801, 21.82577 ], [ 88.55722701, 21.823774 ], [ 88.56055501, 21.828332 ] ] ], [ [ [ 70.21708599, 22.64597 ], [ 70.21680399, 22.642084 ], [ 70.22041399, 22.64014 ], [ 70.22096999, 22.643472 ], [ 70.21708599, 22.64597 ] ] ], [ [ [ 92.79531846, 13.16758435 ], [ 92.79707825, 13.17027753 ], [ 92.79445832, 13.17115451 ], [ 92.79324792, 13.1696347 ], [ 92.79531846, 13.16758435 ] ] ], [ [ [ 68.70263699, 23.850415 ], [ 68.70513999, 23.848471 ], [ 68.71069399, 23.84931 ], [ 68.70707699, 23.851249 ], [ 68.70263699, 23.850415 ] ] ], [ [ [ 72.59569499, 21.640693 ], [ 72.59874699, 21.637083 ], [ 72.60263699, 21.639861 ], [ 72.60263699, 21.641251 ], [ 72.59569499, 21.640693 ] ] ], [ [ [ 68.63402599, 23.314028 ], [ 68.63152999, 23.31764 ], [ 68.63069199, 23.312361 ], [ 68.63402599, 23.314028 ] ] ], [ [ [ 68.54985799, 23.414861 ], [ 68.54152699, 23.40625 ], [ 68.54152699, 23.40543 ], [ 68.54791999, 23.410417 ], [ 68.54985799, 23.414861 ] ] ], [ [ [ 88.02944101, 22.062499 ], [ 88.02805301, 22.059441 ], [ 88.03138701, 22.059441 ], [ 88.02944101, 22.062499 ] ] ], [ [ [ 72.21152599, 22.004304 ], [ 72.21346999, 22.001252 ], [ 72.21624799, 22.00264 ], [ 72.21263799, 22.002916 ], [ 72.21402899, 22.005421 ], [ 72.21152599, 22.004304 ] ] ], [ [ [ 93.06018866, 13.22439186 ], [ 93.05821519, 13.22374576 ], [ 93.06117846, 13.22073968 ], [ 93.06018866, 13.22439186 ] ] ], [ [ [ 72.10291399, 21.274311 ], [ 72.10041799, 21.26903 ], [ 72.09902999, 21.26541 ], [ 72.10320299, 21.27042 ], [ 72.10291399, 21.274311 ] ] ], [ [ [ 92.87434232, 13.53662962 ], [ 92.87776207, 13.53814143 ], [ 92.87519208, 13.54031394 ], [ 92.87434232, 13.53662962 ] ] ], [ [ [ 68.46902599, 23.40375 ], [ 68.46290599, 23.40375 ], [ 68.46041999, 23.405141 ], [ 68.46208099, 23.40236 ], [ 68.46902599, 23.40375 ] ] ], [ [ [ 93.09940596, 12.13660964 ], [ 93.09598311, 12.13494315 ], [ 93.09713867, 12.1334113 ], [ 93.09940596, 12.13660964 ] ] ], [ [ [ 69.08930199, 22.49043 ], [ 69.08513499, 22.48819 ], [ 69.08402999, 22.485138 ], [ 69.08930199, 22.49043 ] ] ], [ [ [ 88.88999901, 21.65447 ], [ 88.89277701, 21.649445 ], [ 88.89444801, 21.649721 ], [ 88.88999901, 21.65447 ] ] ], [ [ [ 88.42546801, 21.903801 ], [ 88.42194501, 21.905834 ], [ 88.42070001, 21.903878 ], [ 88.42546801, 21.903801 ] ] ], [ [ [ 92.90161631, 12.26253 ], [ 92.89945149, 12.25944078 ], [ 92.90067865, 12.25842067 ], [ 92.90161631, 12.26253 ] ] ], [ [ [ 68.22235899, 23.585418 ], [ 68.22513499, 23.58375 ], [ 68.22819599, 23.584306 ], [ 68.22569399, 23.585972 ], [ 68.22235899, 23.585418 ] ] ], [ [ [ 68.50514299, 23.377362 ], [ 68.50180899, 23.382085 ], [ 68.50264099, 23.37847 ], [ 68.50514299, 23.377362 ] ] ], [ [ [ 68.47651699, 23.355421 ], [ 68.47096999, 23.35597 ], [ 68.47625099, 23.35347 ], [ 68.47651699, 23.355421 ] ] ], [ [ [ 92.89915198, 12.41135967 ], [ 92.89745426, 12.40832964 ], [ 92.89864032, 12.40737837 ], [ 92.89915198, 12.41135967 ] ] ], [ [ [ 72.54408315, 21.75736 ], [ 72.54291499, 21.750693 ], [ 72.54402899, 21.74899478 ], [ 72.54408315, 21.75736 ] ] ], [ [ [ 69.95513799, 22.535972 ], [ 69.95236899, 22.53264 ], [ 69.95764099, 22.53542 ], [ 69.95513799, 22.535972 ] ] ], [ [ [ 87.92481901, 22.42684 ], [ 87.91921301, 22.42911 ], [ 87.92568101, 22.42483 ], [ 87.92481901, 22.42684 ] ] ], [ [ [ 93.0072725, 13.55545084 ], [ 93.00679042, 13.559155 ], [ 93.00563256, 13.56102568 ], [ 93.00491791, 13.55825626 ], [ 93.0072725, 13.55545084 ] ] ], [ [ [ 68.62847199, 23.324863 ], [ 68.62513699, 23.324306 ], [ 68.62902799, 23.32153 ], [ 68.62847199, 23.324863 ] ] ], [ [ [ 68.21624699, 23.59120496 ], [ 68.21514099, 23.587079 ], [ 68.21710099, 23.58625 ], [ 68.21763699, 23.587084 ], [ 68.21624699, 23.59120496 ] ] ], [ [ [ 93.063922, 13.38539686 ], [ 93.06062514, 13.38557458 ], [ 93.06130147, 13.3830038 ], [ 93.06225972, 13.38300451 ], [ 93.063922, 13.38539686 ] ] ], [ [ [ 70.45152999, 23.060695 ], [ 70.44596899, 23.058195 ], [ 70.45236199, 23.060421 ], [ 70.45152999, 23.060695 ] ] ], [ [ [ 92.72871257, 13.0906864 ], [ 92.73130706, 13.09447184 ], [ 92.73072525, 13.09542234 ], [ 92.72851863, 13.0931915 ], [ 92.72871257, 13.0906864 ] ] ], [ [ [ 68.56375099, 23.344862 ], [ 68.56124899, 23.34181 ], [ 68.56513899, 23.34264 ], [ 68.56375099, 23.344862 ] ] ], [ [ [ 69.94374999, 22.532361 ], [ 69.94624999, 22.529583 ], [ 69.94763999, 22.530971 ], [ 69.94374999, 22.532361 ] ] ], [ [ [ 93.0785239, 13.36406583 ], [ 93.07389227, 13.3646881 ], [ 93.07756654, 13.36291852 ], [ 93.0785239, 13.36406583 ] ] ], [ [ [ 68.55790699, 23.409309 ], [ 68.55152799, 23.405141 ], [ 68.55124599, 23.404306 ], [ 68.55542099, 23.405141 ], [ 68.55790699, 23.409309 ] ] ], [ [ [ 70.24096699, 22.684311 ], [ 70.23930299, 22.681804 ], [ 70.24375199, 22.684311 ], [ 70.24096699, 22.684311 ] ] ], [ [ [ 68.64097499, 23.31821 ], [ 68.64319499, 23.31542 ], [ 68.64375299, 23.31792 ], [ 68.64097499, 23.31821 ] ] ], [ [ [ 69.18263899, 22.36681 ], [ 69.18402899, 22.364312 ], [ 69.18541699, 22.36404 ], [ 69.18569099, 22.367083 ], [ 69.18263899, 22.36681 ] ] ], [ [ [ 92.93166434, 13.05149609 ], [ 92.93419079, 13.05129837 ], [ 92.93318461, 13.0533335 ], [ 92.93166434, 13.05149609 ] ] ], [ [ [ 69.63652992, 22.77986336 ], [ 69.63625526, 22.7756939 ], [ 69.63764381, 22.77569008 ], [ 69.63652992, 22.77986336 ] ] ], [ [ [ 92.75705747, 12.87872985 ], [ 92.75699889, 12.87617201 ], [ 92.76045124, 12.87744695 ], [ 92.76038616, 12.87821623 ], [ 92.75705747, 12.87872985 ] ] ], [ [ [ 92.88116201, 12.24625287 ], [ 92.88183922, 12.24893263 ], [ 92.8802198, 12.25052101 ], [ 92.87962737, 12.24809251 ], [ 92.88116201, 12.24625287 ] ] ], [ [ [ 68.51457899, 23.432921 ], [ 68.51625199, 23.42986 ], [ 68.51708099, 23.432641 ], [ 68.51457899, 23.432921 ] ] ], [ [ [ 92.76558073, 12.29696461 ], [ 92.76409519, 12.29898714 ], [ 92.76338779, 12.29675578 ], [ 92.76558073, 12.29696461 ] ] ], [ [ [ 72.58347399, 21.629031 ], [ 72.58402299, 21.62597 ], [ 72.58458599, 21.629031 ], [ 72.58347399, 21.629031 ] ] ], [ [ [ 92.98959908, 12.99961021 ], [ 92.98663905, 13.00005094 ], [ 92.98703227, 12.99827646 ], [ 92.98959908, 12.99961021 ] ] ], [ [ [ 93.8395532, 7.28762862 ], [ 93.84307713, 7.28896378 ], [ 93.84307834, 7.28988487 ], [ 93.8395532, 7.28762862 ] ] ], [ [ [ 72.33205706, 10.94900712 ], [ 72.33360461, 10.95165184 ], [ 72.32832404, 10.95032529 ], [ 72.33205706, 10.94900712 ] ] ], [ [ [ 69.27819899, 22.417922 ], [ 69.27958699, 22.41515 ], [ 69.28098399, 22.416531 ], [ 69.27819899, 22.417922 ] ] ], [ [ [ 68.55097199, 23.339583 ], [ 68.54541799, 23.34042 ], [ 68.54513499, 23.338752 ], [ 68.55097199, 23.339583 ] ] ], [ [ [ 68.54207699, 23.34153 ], [ 68.54152699, 23.337081 ], [ 68.54458599, 23.338471 ], [ 68.54207699, 23.34153 ] ] ], [ [ [ 92.70094252, 12.63907047 ], [ 92.70339173, 12.6403118 ], [ 92.70217552, 12.641284 ], [ 92.70094252, 12.63907047 ] ] ], [ [ [ 92.89286767, 12.93762972 ], [ 92.88951415, 12.9350786 ], [ 92.89313737, 12.93683979 ], [ 92.89286767, 12.93762972 ] ] ], [ [ [ 70.04097099, 22.56653 ], [ 70.03847499, 22.564584 ], [ 70.04041199, 22.564306 ], [ 70.04097099, 22.56653 ] ] ], [ [ [ 92.56757445, 11.57000735 ], [ 92.56472646, 11.56884654 ], [ 92.56578409, 11.56758068 ], [ 92.56757445, 11.57000735 ] ] ], [ [ [ 68.47597499, 23.402916 ], [ 68.46956599, 23.405141 ], [ 68.47291599, 23.403194 ], [ 68.47597499, 23.402916 ] ] ], [ [ [ 70.18013699, 22.581529 ], [ 70.18319799, 22.580971 ], [ 70.18319799, 22.582639 ], [ 70.18125099, 22.583749 ], [ 70.18013699, 22.581529 ] ] ], [ [ [ 68.65846999, 23.27125 ], [ 68.65735499, 23.26847 ], [ 68.66013999, 23.267916 ], [ 68.65846999, 23.27125 ] ] ], [ [ [ 88.28279201, 21.76528 ], [ 88.28194401, 21.768612 ], [ 88.27916801, 21.769722 ], [ 88.28056301, 21.767219 ], [ 88.28279201, 21.76528 ] ] ], [ [ [ 92.89530265, 12.39357252 ], [ 92.89738232, 12.39455782 ], [ 92.89565474, 12.39528805 ], [ 92.89530265, 12.39357252 ] ] ], [ [ [ 92.72304647, 11.14292881 ], [ 92.72581883, 11.14371994 ], [ 92.72401331, 11.14421652 ], [ 92.72304647, 11.14292881 ] ] ], [ [ [ 69.20014299, 22.387641 ], [ 69.19985999, 22.384028 ], [ 69.20236299, 22.387641 ], [ 69.20014299, 22.387641 ] ] ], [ [ [ 92.5796188, 11.5835896 ], [ 92.57703523, 11.58468211 ], [ 92.57830096, 11.5821925 ], [ 92.5796188, 11.5835896 ] ] ], [ [ [ 92.90166285, 12.94183392 ], [ 92.90210923, 12.93899779 ], [ 92.90321756, 12.93866997 ], [ 92.90166285, 12.94183392 ] ] ], [ [ [ 92.84581785, 12.14800673 ], [ 92.84666428, 12.15093797 ], [ 92.84623822, 12.15135592 ], [ 92.84385839, 12.14967815 ], [ 92.84581785, 12.14800673 ] ] ], [ [ [ 93.03721263, 13.34055254 ], [ 93.03875257, 13.34282597 ], [ 93.03845216, 13.34398378 ], [ 93.03640252, 13.34253082 ], [ 93.03721263, 13.34055254 ] ] ], [ [ [ 92.74175816, 11.96630817 ], [ 92.74464777, 11.9669831 ], [ 92.74396648, 11.96756788 ], [ 92.74175816, 11.96630817 ] ] ], [ [ [ 92.91108174, 12.3332793 ], [ 92.91300606, 12.33353039 ], [ 92.91152983, 12.33548576 ], [ 92.91108174, 12.3332793 ] ] ], [ [ [ 92.75243454, 12.29242893 ], [ 92.75484952, 12.29334008 ], [ 92.75500971, 12.29453251 ], [ 92.75294164, 12.29470367 ], [ 92.75243454, 12.29242893 ] ] ], [ [ [ 88.53649201, 21.853717 ], [ 88.54079501, 21.855062 ], [ 88.54161701, 21.85738 ], [ 88.53649201, 21.853717 ] ] ], [ [ [ 68.55374799, 23.34181 ], [ 68.55542099, 23.339021 ], [ 68.55680899, 23.34181 ], [ 68.55374799, 23.34181 ] ] ], [ [ [ 68.59764199, 23.26014 ], [ 68.59374899, 23.262084 ], [ 68.59458099, 23.259581 ], [ 68.59764199, 23.26014 ] ] ], [ [ [ 68.55652599, 23.40375 ], [ 68.55291799, 23.40208 ], [ 68.55680899, 23.40264 ], [ 68.55652599, 23.40375 ] ] ], [ [ [ 68.46319599, 23.409031 ], [ 68.46235699, 23.40543 ], [ 68.46457699, 23.405141 ], [ 68.46319599, 23.406811 ], [ 68.46319599, 23.409031 ] ] ], [ [ [ 69.27791599, 22.420141 ], [ 69.27513799, 22.419031 ], [ 69.27958699, 22.419861 ], [ 69.27791599, 22.420141 ] ] ], [ [ [ 72.58708199, 21.339861 ], [ 72.58735599, 21.336251 ], [ 72.58819699, 21.339861 ], [ 72.58708199, 21.339861 ] ] ], [ [ [ 72.334221, 10.95495899 ], [ 72.33614699, 10.95628523 ], [ 72.33478697, 10.9579167 ], [ 72.334221, 10.95495899 ] ] ], [ [ [ 92.90612288, 12.34082975 ], [ 92.90479841, 12.33842685 ], [ 92.9063063, 12.33848047 ], [ 92.90612288, 12.34082975 ] ] ], [ [ [ 68.50208199, 23.443471 ], [ 68.49930599, 23.441805 ], [ 68.50096799, 23.439029 ], [ 68.50208199, 23.443471 ] ] ], [ [ [ 70.19040699, 22.59986 ], [ 70.18930799, 22.59764 ], [ 70.19180399, 22.598194 ], [ 70.19040699, 22.59986 ] ] ], [ [ [ 68.62930399, 23.28903 ], [ 68.62791299, 23.286527 ], [ 68.62902799, 23.285418 ], [ 68.62930399, 23.28903 ] ] ], [ [ [ 68.45791699, 23.411249 ], [ 68.46013699, 23.411809 ], [ 68.46291299, 23.410973 ], [ 68.46069299, 23.412639 ], [ 68.45791699, 23.411249 ] ] ], [ [ [ 68.44846999, 23.732641 ], [ 68.44875299, 23.730416 ], [ 68.45068999, 23.731251 ], [ 68.44846999, 23.732641 ] ] ], [ [ [ 69.31041699, 22.306251 ], [ 69.31041699, 22.303194 ], [ 69.31207999, 22.30347 ], [ 69.31041699, 22.306251 ] ] ], [ [ [ 68.59401799, 23.812361 ], [ 68.59541299, 23.810138 ], [ 68.59652699, 23.812641 ], [ 68.59401799, 23.812361 ] ] ], [ [ [ 92.72920237, 12.85601088 ], [ 92.73168851, 12.85574385 ], [ 92.73167757, 12.85671759 ], [ 92.72920237, 12.85601088 ] ] ], [ [ [ 72.33547546, 10.95383115 ], [ 72.33247413, 10.95264573 ], [ 72.33464419, 10.95158366 ], [ 72.33547546, 10.95383115 ] ] ], [ [ [ 69.14124999, 22.457362 ], [ 69.14263999, 22.452918 ], [ 69.14208199, 22.45764 ], [ 69.14124999, 22.457362 ] ] ], [ [ [ 92.77845586, 12.86511564 ], [ 92.77627119, 12.86670249 ], [ 92.77601111, 12.86553232 ], [ 92.77845586, 12.86511564 ] ] ], [ [ [ 70.23569499, 22.684583 ], [ 70.23513699, 22.682361 ], [ 70.23847099, 22.682361 ], [ 70.23569499, 22.684583 ] ] ], [ [ [ 93.08054365, 13.36844533 ], [ 93.08328519, 13.36836897 ], [ 93.08192685, 13.36967109 ], [ 93.08054365, 13.36844533 ] ] ], [ [ [ 88.73339101, 22.043601 ], [ 88.73093401, 22.043599 ], [ 88.73398601, 22.042261 ], [ 88.73339101, 22.043601 ] ] ], [ [ [ 92.91030184, 13.00409785 ], [ 92.91266893, 13.00361006 ], [ 92.91089218, 13.00503575 ], [ 92.91030184, 13.00409785 ] ] ], [ [ [ 88.13601801, 21.89447 ], [ 88.13780901, 21.89615 ], [ 88.13859601, 21.898099 ], [ 88.13601801, 21.89447 ] ] ], [ [ [ 69.21318899, 22.38486 ], [ 69.21347099, 22.38236 ], [ 69.21514199, 22.38319 ], [ 69.21318899, 22.38486 ] ] ], [ [ [ 92.89166961, 12.89884309 ], [ 92.89388566, 12.89838359 ], [ 92.89277577, 12.89993126 ], [ 92.89166961, 12.89884309 ] ] ], [ [ [ 68.59708399, 23.360971 ], [ 68.59930299, 23.359307 ], [ 68.59958599, 23.360139 ], [ 68.59708399, 23.360971 ] ] ], [ [ [ 68.49874799, 23.436251 ], [ 68.49819199, 23.434304 ], [ 68.50096799, 23.435973 ], [ 68.49874799, 23.436251 ] ] ], [ [ [ 72.56475928, 21.813752 ], [ 72.56153099, 21.80931 ], [ 72.56014299, 21.80612672 ], [ 72.56164273, 21.80779149 ], [ 72.56197304, 21.80872822 ], [ 72.56343836, 21.81089708 ], [ 72.56386348, 21.81209417 ], [ 72.56441801, 21.81293969 ], [ 72.56475928, 21.813752 ] ] ], [ [ [ 68.53902499, 23.377082 ], [ 68.53930699, 23.37486 ], [ 68.54096899, 23.377362 ], [ 68.53902499, 23.377082 ] ] ], [ [ [ 92.86321536, 12.91382075 ], [ 92.86475024, 12.91457641 ], [ 92.8636401, 12.91507703 ], [ 92.86321536, 12.91382075 ] ] ], [ [ [ 92.86496042, 13.41202127 ], [ 92.86611329, 13.41350488 ], [ 92.86464012, 13.41303468 ], [ 92.86496042, 13.41202127 ] ] ], [ [ [ 68.50680499, 23.490417 ], [ 68.50736299, 23.492361 ], [ 68.50596599, 23.49265 ], [ 68.50680499, 23.490417 ] ] ], [ [ [ 93.6089576, 8.58015962 ], [ 93.60694647, 8.58150414 ], [ 93.60835971, 8.57930175 ], [ 93.6089576, 8.58015962 ] ] ], [ [ [ 92.71742259, 12.77679193 ], [ 92.71599375, 12.77543689 ], [ 92.71745315, 12.77509517 ], [ 92.71742259, 12.77679193 ] ] ], [ [ [ 72.68013699, 21.095417 ], [ 72.67930499, 21.098751 ], [ 72.67846599, 21.098751 ], [ 72.68013699, 21.095417 ] ] ], [ [ [ 93.01440627, 13.33907754 ], [ 93.01486036, 13.33735798 ], [ 93.01581691, 13.33892249 ], [ 93.01440627, 13.33907754 ] ] ], [ [ [ 68.43096899, 23.406811 ], [ 68.43125099, 23.40486 ], [ 68.43235699, 23.40486 ], [ 68.43096899, 23.406811 ] ] ], [ [ [ 92.71680388, 12.80129465 ], [ 92.71552727, 12.79995273 ], [ 92.71680916, 12.7987834 ], [ 92.71680388, 12.80129465 ] ] ], [ [ [ 68.48319299, 23.548749 ], [ 68.48152899, 23.548749 ], [ 68.48208499, 23.547083 ], [ 68.48319299, 23.548749 ] ] ], [ [ [ 72.61707999, 21.638471 ], [ 72.61429499, 21.636529 ], [ 72.61458699, 21.635417 ], [ 72.61707999, 21.638471 ] ] ], [ [ [ 68.50458499, 23.384583 ], [ 68.50459399, 23.382921 ], [ 68.50486099, 23.38097 ], [ 68.50458499, 23.384583 ] ] ], [ [ [ 72.7509648, 21.64628463 ], [ 72.74986199, 21.646528 ], [ 72.74903099, 21.64408375 ], [ 72.7509648, 21.64628463 ] ] ], [ [ [ 68.51152699, 23.492361 ], [ 68.50930699, 23.49265 ], [ 68.51125399, 23.49069 ], [ 68.51152699, 23.492361 ] ] ], [ [ [ 68.40125299, 23.42292 ], [ 68.40264099, 23.420691 ], [ 68.40208499, 23.423196 ], [ 68.40125299, 23.42292 ] ] ], [ [ [ 70.45347599, 23.053194 ], [ 70.45014199, 23.050972 ], [ 70.45014199, 23.050138 ], [ 70.45347599, 23.053194 ] ] ], [ [ [ 92.71528267, 12.79459487 ], [ 92.71647396, 12.79593662 ], [ 92.71578791, 12.79769312 ], [ 92.71528267, 12.79459487 ] ] ], [ [ [ 68.43736199, 23.50042 ], [ 68.43846899, 23.49846 ], [ 68.43959099, 23.498751 ], [ 68.43736199, 23.50042 ] ] ], [ [ [ 93.00715091, 13.33639861 ], [ 93.00932567, 13.33654492 ], [ 93.00932498, 13.33724855 ], [ 93.00715091, 13.33639861 ] ] ], [ [ [ 92.96975164, 12.06503675 ], [ 92.97144121, 12.0641121 ], [ 92.97135718, 12.0650656 ], [ 92.96975164, 12.06503675 ] ] ], [ [ [ 93.01618074, 13.28520656 ], [ 93.01504313, 13.28364353 ], [ 93.0165942, 13.28464211 ], [ 93.01618074, 13.28520656 ] ] ], [ [ [ 93.63530249, 8.39701696 ], [ 93.63458223, 8.39587718 ], [ 93.63551421, 8.39563756 ], [ 93.63530249, 8.39701696 ] ] ], [ [ [ 92.71628929, 12.80263295 ], [ 92.71756504, 12.80439342 ], [ 92.71645566, 12.8046423 ], [ 92.71628929, 12.80263295 ] ] ], [ [ [ 68.40985899, 23.407921 ], [ 68.40875199, 23.409309 ], [ 68.40985899, 23.405701 ], [ 68.40985899, 23.407921 ] ] ], [ [ [ 92.76798949, 12.91794929 ], [ 92.76750444, 12.91639255 ], [ 92.76816673, 12.91641087 ], [ 92.76798949, 12.91794929 ] ] ], [ [ [ 92.88776961, 12.92934225 ], [ 92.8873535, 12.92794646 ], [ 92.88832614, 12.92857346 ], [ 92.88776961, 12.92934225 ] ] ], [ [ [ 92.72562165, 12.75249057 ], [ 92.72676413, 12.75361654 ], [ 92.72596583, 12.75381927 ], [ 92.72562165, 12.75249057 ] ] ], [ [ [ 72.61068699, 21.631811 ], [ 72.61041999, 21.629584 ], [ 72.61180799, 21.632085 ], [ 72.61068699, 21.631811 ] ] ], [ [ [ 92.76480684, 12.85423788 ], [ 92.76442836, 12.85267758 ], [ 92.76519081, 12.85294412 ], [ 92.76480684, 12.85423788 ] ] ], [ [ [ 72.25598099, 21.75667839 ], [ 72.25736199, 21.753749 ], [ 72.25833983, 21.75125059 ], [ 72.25823246, 21.75232145 ], [ 72.25598099, 21.75667839 ] ] ], [ [ [ 92.7570109, 12.91271276 ], [ 92.75844792, 12.91316427 ], [ 92.7581846, 12.9141255 ], [ 92.7570109, 12.91271276 ] ] ], [ [ [ 92.88844301, 12.41331475 ], [ 92.88984242, 12.41390947 ], [ 92.88874308, 12.41441617 ], [ 92.88844301, 12.41331475 ] ] ], [ [ [ 68.50041899, 23.43125 ], [ 68.50124999, 23.43014 ], [ 68.50208199, 23.432372 ], [ 68.50041899, 23.43125 ] ] ], [ [ [ 72.61958199, 21.639583 ], [ 72.61763799, 21.638459 ], [ 72.62014799, 21.639031 ], [ 72.61958199, 21.639583 ] ] ], [ [ [ 88.68896601, 22.081111 ], [ 88.69036101, 22.081072 ], [ 88.68899501, 22.081904 ], [ 88.68896601, 22.081111 ] ] ], [ [ [ 68.63124799, 23.320981 ], [ 68.63236199, 23.31875 ], [ 68.63181299, 23.32125 ], [ 68.63124799, 23.320981 ] ] ], [ [ [ 92.59426692, 11.59011028 ], [ 92.59325424, 11.58933996 ], [ 92.5946678, 11.58931801 ], [ 92.59426692, 11.59011028 ] ] ], [ [ [ 92.89167695, 12.93295765 ], [ 92.8920143, 12.9318056 ], [ 92.89244951, 12.93266235 ], [ 92.89167695, 12.93295765 ] ] ], [ [ [ 93.64115915, 8.39404062 ], [ 93.64283662, 8.39353501 ], [ 93.64307668, 8.39387957 ], [ 93.64115915, 8.39404062 ] ] ], [ [ [ 92.71667207, 12.77400656 ], [ 92.7178609, 12.77387639 ], [ 92.71737317, 12.77459126 ], [ 92.71667207, 12.77400656 ] ] ], [ [ [ 92.715789, 12.78288661 ], [ 92.71676021, 12.78349837 ], [ 92.71589522, 12.78376175 ], [ 92.715789, 12.78288661 ] ] ], [ [ [ 92.90929354, 13.00723003 ], [ 92.91029124, 13.00770827 ], [ 92.90944614, 13.00795818 ], [ 92.90929354, 13.00723003 ] ] ], [ [ [ 72.26041399, 21.74620772 ], [ 72.26069599, 21.745141 ], [ 72.26150701, 21.74403916 ], [ 72.26041399, 21.74620772 ] ] ], [ [ [ 69.81583641, 22.85208102 ], [ 69.81680399, 22.852083 ], [ 69.81709299, 22.85256522 ], [ 69.81583641, 22.85208102 ] ] ], [ [ [ 72.69436358, 21.52720133 ], [ 72.69568699, 21.527361 ], [ 72.69378071, 21.52736101 ], [ 72.69436358, 21.52720133 ] ] ], [ [ [ 72.25541799, 21.757084 ], [ 72.25591346, 21.75680907 ], [ 72.25541799, 21.75776783 ], [ 72.25541799, 21.757084 ] ] ], [ [ [ 72.25430299, 21.759311 ], [ 72.2547762, 21.759042 ], [ 72.25430299, 21.75999209 ], [ 72.25430299, 21.759311 ] ] ], [ [ [ 72.69291599, 21.46113441 ], [ 72.69333503, 21.46181 ], [ 72.69291599, 21.46181 ], [ 72.69291599, 21.46113441 ] ] ], [ [ [ 72.67097499, 21.51486 ], [ 72.67130359, 21.5145802 ], [ 72.67139588, 21.51513418 ], [ 72.67097499, 21.51486 ] ] ], [ [ [ 72.26152799, 21.743471 ], [ 72.26179241, 21.74347292 ], [ 72.26152799, 21.74399753 ], [ 72.26152799, 21.743471 ] ] ], [ [ [ 72.82125199, 21.65931104 ], [ 72.82163611, 21.659589 ], [ 72.82125199, 21.659589 ], [ 72.82125199, 21.65931104 ] ] ], [ [ [ 72.65791511, 21.47065163 ], [ 72.65819358, 21.47097206 ], [ 72.65791511, 21.47097206 ], [ 72.65791511, 21.47065163 ] ] ], [ [ [ 72.70614326, 21.532361 ], [ 72.70652699, 21.532361 ], [ 72.70652699, 21.53258167 ], [ 72.70614326, 21.532361 ] ] ], [ [ [ 72.24930499, 21.774027 ], [ 72.24949407, 21.774027 ], [ 72.24930916, 21.7744133 ], [ 72.24930499, 21.774027 ] ] ], [ [ [ 69.8208544, 22.85403 ], [ 69.82125099, 22.85403 ], [ 69.82125099, 22.85421092 ], [ 69.8208544, 22.85403 ] ] ], [ [ [ 72.24958099, 21.773471 ], [ 72.2497484, 21.773471 ], [ 72.24958099, 21.77383698 ], [ 72.24958099, 21.773471 ] ] ], [ [ [ 72.82096899, 21.65910625 ], [ 72.82124918, 21.659309 ], [ 72.82096899, 21.659309 ], [ 72.82096899, 21.65910625 ] ] ], [ [ [ 72.55596999, 21.80033572 ], [ 72.55612215, 21.80069192 ], [ 72.55596999, 21.800693 ], [ 72.55596999, 21.80033572 ] ] ], [ [ [ 72.68514199, 21.540696 ], [ 72.68540932, 21.54069987 ], [ 72.68514199, 21.54089124 ], [ 72.68514199, 21.540696 ] ] ], [ [ [ 72.74874799, 21.64385621 ], [ 72.74896414, 21.64403 ], [ 72.74874799, 21.64403 ], [ 72.74874799, 21.64385621 ] ] ], [ [ [ 72.81986199, 21.65863315 ], [ 72.82014289, 21.658751 ], [ 72.81986199, 21.658751 ], [ 72.81986199, 21.65863315 ] ] ], [ [ [ 72.26180399, 21.743195 ], [ 72.26193248, 21.743195 ], [ 72.26180399, 21.74344993 ], [ 72.26180399, 21.743195 ] ] ], [ [ [ 72.547653, 21.76961838 ], [ 72.5477484, 21.769861 ], [ 72.54763699, 21.769861 ], [ 72.547653, 21.76961838 ] ] ], [ [ [ 72.82180099, 21.65970832 ], [ 72.82201061, 21.65986 ], [ 72.82180099, 21.65986 ], [ 72.82180099, 21.65970832 ] ] ], [ [ [ 72.55735799, 21.802949 ], [ 72.5574873, 21.803193 ], [ 72.55735799, 21.803193 ], [ 72.55735799, 21.802949 ] ] ], [ [ [ 72.57291499, 22.19189949 ], [ 72.57306686, 22.19208185 ], [ 72.572915, 22.192084 ], [ 72.57291499, 22.19189949 ] ] ], [ [ [ 72.56709399, 22.1849308 ], [ 72.56722267, 22.18514 ], [ 72.567094, 22.18514 ], [ 72.56709399, 22.1849308 ] ] ], [ [ [ 69.82267172, 22.854859 ], [ 69.82290799, 22.854859 ], [ 69.82290799, 22.85496678 ], [ 69.82267172, 22.854859 ] ] ], [ [ [ 72.56440646, 22.18091884 ], [ 72.564309, 22.180973 ], [ 72.56430899, 22.18078698 ], [ 72.56440646, 22.18091884 ] ] ], [ [ [ 72.56153099, 22.17664826 ], [ 72.56167585, 22.17680831 ], [ 72.561531, 22.176812 ], [ 72.56153099, 22.17664826 ] ] ], [ [ [ 72.67457599, 21.52108553 ], [ 72.67466523, 21.521262 ], [ 72.67457599, 21.521262 ], [ 72.67457599, 21.52108553 ] ] ], [ [ [ 72.567643, 22.18582335 ], [ 72.56773443, 22.185972 ], [ 72.56764299, 22.185972 ], [ 72.567643, 22.18582335 ] ] ], [ [ [ 72.24903199, 21.774861 ], [ 72.24909386, 21.774861 ], [ 72.24903199, 21.77498964 ], [ 72.24903199, 21.774861 ] ] ], [ [ [ 72.25485899, 21.75875 ], [ 72.25492164, 21.75875 ], [ 72.25485899, 21.75887578 ], [ 72.25485899, 21.75875 ] ] ], [ [ [ 72.25514199, 21.758189 ], [ 72.25520052, 21.75819006 ], [ 72.25514199, 21.75830757 ], [ 72.25514199, 21.758189 ] ] ], [ [ [ 72.563751, 22.18004663 ], [ 72.56382514, 22.180139 ], [ 72.563751, 22.180139 ], [ 72.563751, 22.18004663 ] ] ], [ [ [ 72.56874899, 22.1875597 ], [ 72.5688285, 22.187642 ], [ 72.56874899, 22.187642 ], [ 72.56874899, 22.1875597 ] ] ], [ [ [ 72.568193, 22.1867087 ], [ 72.56825563, 22.18680911 ], [ 72.568193, 22.18681 ], [ 72.568193, 22.1867087 ] ] ], [ [ [ 72.55902799, 21.80505477 ], [ 72.55910231, 21.805139 ], [ 72.55902799, 21.805139 ], [ 72.55902799, 21.80505477 ] ] ], [ [ [ 72.55930399, 21.80535617 ], [ 72.55937755, 21.8054187 ], [ 72.55930399, 21.80542 ], [ 72.55930399, 21.80535617 ] ] ], [ [ [ 72.573471, 22.19256714 ], [ 72.57353167, 22.19264 ], [ 72.57347099, 22.19264 ], [ 72.573471, 22.19256714 ] ] ], [ [ [ 72.569305, 22.18813522 ], [ 72.56936178, 22.188194 ], [ 72.569305, 22.188194 ], [ 72.569305, 22.18813522 ] ] ], [ [ [ 72.567361, 22.18536488 ], [ 72.56739475, 22.18541976 ], [ 72.56736099, 22.18542 ], [ 72.567361, 22.18536488 ] ] ], [ [ [ 72.67430899, 21.52064323 ], [ 72.67434107, 21.52069376 ], [ 72.67430899, 21.520694 ], [ 72.67430899, 21.52064323 ] ] ], [ [ [ 72.65569496, 21.41514015 ], [ 72.65569496, 21.41510963 ], [ 72.6557331, 21.41514015 ], [ 72.65569496, 21.41514015 ] ] ], [ [ [ 72.56485799, 21.81398696 ], [ 72.56487602, 21.81402987 ], [ 72.56485799, 21.81403 ], [ 72.56485799, 21.81398696 ] ] ], [ [ [ 72.55763999, 21.80344108 ], [ 72.55766391, 21.80347282 ], [ 72.55763999, 21.803473 ], [ 72.55763999, 21.80344108 ] ] ], [ [ [ 72.566246, 22.18373262 ], [ 72.5662881, 22.183749 ], [ 72.566246, 22.183749 ], [ 72.566246, 22.18373262 ] ] ], [ [ [ 72.70566679, 21.65153 ], [ 72.70569499, 21.65151433 ], [ 72.70569499, 21.65153 ], [ 72.70566679, 21.65153 ] ] ], [ [ [ 72.55458199, 21.7976122 ], [ 72.554596, 21.797639 ], [ 72.55458199, 21.797639 ], [ 72.55458199, 21.7976122 ] ] ], [ [ [ 72.26319199, 21.74069 ], [ 72.26319498, 21.74069005 ], [ 72.26319199, 21.74069598 ], [ 72.26319199, 21.74069 ] ] ] ] } }
]
}
