{
"type": "FeatureCollection",
"name": "Litholog",
"crs": { "type": "name", "properties": { "name": "urn:ogc:def:crs:OGC:1.3:CRS84" } },
"features": [
{ "type": "Feature", "properties": { "GmlID": "LITHOLOG.633", "objectid": 633, "Lithology_Code": "L01511", "CGWB_Well_Serial_No": 329.0, "Temporal_water_level": 1.39, "Year_of_observation": 1997.0, "Distance_of_Observation_Well": 3.972831, "Basin": "01", "State": "PB", "District": "Mansa", "Block": "Sardulgarh", "Location": "Singha-Ii/ Sardulgarh", "Latitude": 29.566667, "Longitude": 75.266667, "Well_Type": "01", "Year_of_Drill": "NA", "Depth_of_Drill__m_": 85.0, "Depth_of_Construction__mbgl_": "84.83", "Depth_of_Bedrock__mbgl_": "NA", "Major_Lithology": "Alluvium, Indus, Ghaggar", "Static_Water_Level__mbgl_": 25.03, "Discharge__lps_": "912", "Draw_Down__m_": "12.67", "Transmissivity__m2_day_": "43", "Storage_coefficient": "0.00038", "Specific_Capacity__lpm_m_DD_": "NA", "Electrical_Conductivity__Micro_Seimens__cm_": "1930", "Chloride__mg_l_": "201", "Zones_Tapped__mbgl_": "NA", "Nitrate__mg_l_": "NA", "Fluoride__mg_l_": "NA", "Iron__mg_l_": "NA" }, "geometry": { "type": "Point", "coordinates": [ 75.266667, 29.566667 ] } },
{ "type": "Feature", "properties": { "GmlID": "LITHOLOG.634", "objectid": 634, "Lithology_Code": "L01512", "CGWB_Well_Serial_No": 330.0, "Temporal_water_level": 5.22, "Year_of_observation": 1999.0, "Distance_of_Observation_Well": 0.0, "Basin": "01", "State": "PB", "District": "Mansa", "Block": "Bhikhi", "Location": "Mansa 13M Bhikhi/ Bhikhi", "Latitude": 30.066667, "Longitude": 75.5375, "Well_Type": "01", "Year_of_Drill": "NA", "Depth_of_Drill__m_": 275.0, "Depth_of_Construction__mbgl_": "90.00", "Depth_of_Bedrock__mbgl_": "NA", "Major_Lithology": "Alluvium, Indus, Ghaggar", "Static_Water_Level__mbgl_": 20.05, "Discharge__lps_": "3000", "Draw_Down__m_": "7.82", "Transmissivity__m2_day_": "1590", "Storage_coefficient": "0.00135", "Specific_Capacity__lpm_m_DD_": "NA", "Electrical_Conductivity__Micro_Seimens__cm_": "1220", "Chloride__mg_l_": "46", "Zones_Tapped__mbgl_": "NA", "Nitrate__mg_l_": "NA", "Fluoride__mg_l_": "NA", "Iron__mg_l_": "NA" }, "geometry": { "type": "Point", "coordinates": [ 75.5375, 30.066667 ] } },
{ "type": "Feature", "properties": { "GmlID": "LITHOLOG.635", "objectid": 635, "Lithology_Code": "L01514", "CGWB_Well_Serial_No": 332.0, "Temporal_water_level": 3.66, "Year_of_observation": 2000.0, "Distance_of_Observation_Well": 7.038365, "Basin": "01", "State": "PB", "District": "Mansa", "Block": "Budhlada", "Location": "Rampur Mandir/ Budladhar", "Latitude": 29.861111, "Longitude": 75.55, "Well_Type": "01", "Year_of_Drill": "NA", "Depth_of_Drill__m_": 281.9, "Depth_of_Construction__mbgl_": "NA", "Depth_of_Bedrock__mbgl_": "NA", "Major_Lithology": "Alluvium, Indus, Ghaggar", "Static_Water_Level__mbgl_": null, "Discharge__lps_": "NA", "Draw_Down__m_": "NA", "Transmissivity__m2_day_": "NA", "Storage_coefficient": "NA", "Specific_Capacity__lpm_m_DD_": "NA", "Electrical_Conductivity__Micro_Seimens__cm_": "NA", "Chloride__mg_l_": "NA", "Zones_Tapped__mbgl_": "NA", "Nitrate__mg_l_": "NA", "Fluoride__mg_l_": "NA", "Iron__mg_l_": "NA" }, "geometry": { "type": "Point", "coordinates": [ 75.55, 29.861111 ] } },
{ "type": "Feature", "properties": { "GmlID": "LITHOLOG.636", "objectid": 636, "Lithology_Code": "L01515", "CGWB_Well_Serial_No": 333.0, "Temporal_water_level": null, "Year_of_observation": null, "Distance_of_Observation_Well": 1.858101, "Basin": "01", "State": "PB", "District": "Mansa", "Block": "Sardulgarh", "Location": "Bhundar/ Sardulgarh", "Latitude": 29.695833, "Longitude": 75.222778, "Well_Type": "02", "Year_of_Drill": "NA", "Depth_of_Drill__m_": 304.3, "Depth_of_Construction__mbgl_": "133.00", "Depth_of_Bedrock__mbgl_": "NA", "Major_Lithology": "Alluvium, Indus, Ghaggar", "Static_Water_Level__mbgl_": 7.05, "Discharge__lps_": "1268", "Draw_Down__m_": "5.85", "Transmissivity__m2_day_": "458", "Storage_coefficient": "0.000564", "Specific_Capacity__lpm_m_DD_": "NA", "Electrical_Conductivity__Micro_Seimens__cm_": "387", "Chloride__mg_l_": "11", "Zones_Tapped__mbgl_": "NA", "Nitrate__mg_l_": "NA", "Fluoride__mg_l_": "NA", "Iron__mg_l_": "NA" }, "geometry": { "type": "Point", "coordinates": [ 75.222778, 29.695833 ] } },
{ "type": "Feature", "properties": { "GmlID": "LITHOLOG.637", "objectid": 637, "Lithology_Code": "L01516", "CGWB_Well_Serial_No": 334.0, "Temporal_water_level": null, "Year_of_observation": null, "Distance_of_Observation_Well": 6.708645, "Basin": "01", "State": "PB", "District": "Mansa", "Block": "Sardulgarh", "Location": "Lohgarh/ Sardulgarh", "Latitude": 29.685, "Longitude": 75.342222, "Well_Type": "02", "Year_of_Drill": "NA", "Depth_of_Drill__m_": 336.0, "Depth_of_Construction__mbgl_": "141.00", "Depth_of_Bedrock__mbgl_": "NA", "Major_Lithology": "Alluvium, Indus, Ghaggar", "Static_Water_Level__mbgl_": 8.8, "Discharge__lps_": "1893", "Draw_Down__m_": "9.425", "Transmissivity__m2_day_": "207", "Storage_coefficient": "0.000166", "Specific_Capacity__lpm_m_DD_": "NA", "Electrical_Conductivity__Micro_Seimens__cm_": "748", "Chloride__mg_l_": "11", "Zones_Tapped__mbgl_": "NA", "Nitrate__mg_l_": "NA", "Fluoride__mg_l_": "NA", "Iron__mg_l_": "NA" }, "geometry": { "type": "Point", "coordinates": [ 75.342222, 29.685 ] } },
{ "type": "Feature", "properties": { "GmlID": "LITHOLOG.638", "objectid": 638, "Lithology_Code": "L01517", "CGWB_Well_Serial_No": 335.0, "Temporal_water_level": 5.61, "Year_of_observation": 2005.0, "Distance_of_Observation_Well": 5.295062, "Basin": "01", "State": "PB", "District": "Mansa", "Block": "Sardulgarh", "Location": "Jatana Kalan/ Sardulgarh", "Latitude": 29.762778, "Longitude": 75.245833, "Well_Type": "01", "Year_of_Drill": "NA", "Depth_of_Drill__m_": 380.6, "Depth_of_Construction__mbgl_": "NA", "Depth_of_Bedrock__mbgl_": "NA", "Major_Lithology": "Alluvium, Indus, Ghaggar", "Static_Water_Level__mbgl_": null, "Discharge__lps_": "NA", "Draw_Down__m_": "NA", "Transmissivity__m2_day_": "NA", "Storage_coefficient": "NA", "Specific_Capacity__lpm_m_DD_": "NA", "Electrical_Conductivity__Micro_Seimens__cm_": "4280", "Chloride__mg_l_": "NA", "Zones_Tapped__mbgl_": "NA", "Nitrate__mg_l_": "NA", "Fluoride__mg_l_": "NA", "Iron__mg_l_": "NA" }, "geometry": { "type": "Point", "coordinates": [ 75.245833, 29.762778 ] } },
{ "type": "Feature", "properties": { "GmlID": "LITHOLOG.639", "objectid": 639, "Lithology_Code": "L01519", "CGWB_Well_Serial_No": 337.0, "Temporal_water_level": 3.9, "Year_of_observation": 2005.0, "Distance_of_Observation_Well": 7.479132, "Basin": "01", "State": "PB", "District": "Mansa", "Block": "Jhunir", "Location": "Hironkalan/ Bhikhi", "Latitude": 29.906944, "Longitude": 75.255556, "Well_Type": "02", "Year_of_Drill": "NA", "Depth_of_Drill__m_": 250.0, "Depth_of_Construction__mbgl_": "158.00", "Depth_of_Bedrock__mbgl_": "NA", "Major_Lithology": "Alluvium, Indus, Ghaggar", "Static_Water_Level__mbgl_": 11.85, "Discharge__lps_": "1132", "Draw_Down__m_": "5.38", "Transmissivity__m2_day_": "515", "Storage_coefficient": "0.0004", "Specific_Capacity__lpm_m_DD_": "NA", "Electrical_Conductivity__Micro_Seimens__cm_": "1425", "Chloride__mg_l_": "98", "Zones_Tapped__mbgl_": "NA", "Nitrate__mg_l_": "NA", "Fluoride__mg_l_": "NA", "Iron__mg_l_": "NA" }, "geometry": { "type": "Point", "coordinates": [ 75.255556, 29.906944 ] } },
{ "type": "Feature", "properties": { "GmlID": "LITHOLOG.640", "objectid": 640, "Lithology_Code": "L01520", "CGWB_Well_Serial_No": 338.0, "Temporal_water_level": 5.22, "Year_of_observation": 1999.0, "Distance_of_Observation_Well": 5.855342, "Basin": "01", "State": "PB", "District": "Mansa", "Block": "Bhikhi", "Location": "Khiwa Khurd/ Bhikh", "Latitude": 30.106111, "Longitude": 75.579167, "Well_Type": "01", "Year_of_Drill": "NA", "Depth_of_Drill__m_": 350.0, "Depth_of_Construction__mbgl_": "109.00", "Depth_of_Bedrock__mbgl_": "NA", "Major_Lithology": "Alluvium, Indus, Ghaggar", "Static_Water_Level__mbgl_": 6.13, "Discharge__lps_": "1817", "Draw_Down__m_": "6.07", "Transmissivity__m2_day_": "1089", "Storage_coefficient": "NA", "Specific_Capacity__lpm_m_DD_": "NA", "Electrical_Conductivity__Micro_Seimens__cm_": "662", "Chloride__mg_l_": "18", "Zones_Tapped__mbgl_": "NA", "Nitrate__mg_l_": "NA", "Fluoride__mg_l_": "NA", "Iron__mg_l_": "NA" }, "geometry": { "type": "Point", "coordinates": [ 75.579167, 30.106111 ] } },
{ "type": "Feature", "properties": { "GmlID": "LITHOLOG.641", "objectid": 641, "Lithology_Code": "L01521", "CGWB_Well_Serial_No": 339.0, "Temporal_water_level": 9.87, "Year_of_observation": 2005.0, "Distance_of_Observation_Well": 2.450281, "Basin": "01", "State": "PB", "District": "Mansa", "Block": "Bhikhi", "Location": "Aklia/ Bhikhi", "Latitude": 30.189444, "Longitude": 75.395, "Well_Type": "02", "Year_of_Drill": "NA", "Depth_of_Drill__m_": 248.0, "Depth_of_Construction__mbgl_": "220.00", "Depth_of_Bedrock__mbgl_": "NA", "Major_Lithology": "Alluvium, Indus, Ghaggar", "Static_Water_Level__mbgl_": 11.02, "Discharge__lps_": "1116", "Draw_Down__m_": "15.41", "Transmissivity__m2_day_": "146", "Storage_coefficient": "0.000049", "Specific_Capacity__lpm_m_DD_": "NA", "Electrical_Conductivity__Micro_Seimens__cm_": "1023", "Chloride__mg_l_": "65", "Zones_Tapped__mbgl_": "NA", "Nitrate__mg_l_": "NA", "Fluoride__mg_l_": "NA", "Iron__mg_l_": "NA" }, "geometry": { "type": "Point", "coordinates": [ 75.395, 30.189444 ] } },
{ "type": "Feature", "properties": { "GmlID": "LITHOLOG.642", "objectid": 642, "Lithology_Code": "L01523", "CGWB_Well_Serial_No": 341.0, "Temporal_water_level": 9.65, "Year_of_observation": 2004.0, "Distance_of_Observation_Well": 1.018367, "Basin": "01", "State": "PB", "District": "Mansa", "Block": "Budhlada", "Location": "Borewal/ Bhikhi", "Latitude": 29.999555, "Longitude": 75.544304, "Well_Type": "02", "Year_of_Drill": "NA", "Depth_of_Drill__m_": 252.0, "Depth_of_Construction__mbgl_": "8.00", "Depth_of_Bedrock__mbgl_": "NA", "Major_Lithology": "Alluvium, Indus, Ghaggar", "Static_Water_Level__mbgl_": 7.72, "Discharge__lps_": "1173", "Draw_Down__m_": "5.28", "Transmissivity__m2_day_": "838", "Storage_coefficient": "0.000056", "Specific_Capacity__lpm_m_DD_": "NA", "Electrical_Conductivity__Micro_Seimens__cm_": "875", "Chloride__mg_l_": "36", "Zones_Tapped__mbgl_": "NA", "Nitrate__mg_l_": "NA", "Fluoride__mg_l_": "NA", "Iron__mg_l_": "NA" }, "geometry": { "type": "Point", "coordinates": [ 75.544304, 29.999555 ] } },
{ "type": "Feature", "properties": { "GmlID": "LITHOLOG.643", "objectid": 643, "Lithology_Code": "L01524", "CGWB_Well_Serial_No": 342.0, "Temporal_water_level": 11.44, "Year_of_observation": 2005.0, "Distance_of_Observation_Well": 5.13784, "Basin": "01", "State": "PB", "District": "Mansa", "Block": "Bhikhi", "Location": "Khiwa Miansingwala/ Bhikhi", "Latitude": 30.033333, "Longitude": 75.616667, "Well_Type": "02", "Year_of_Drill": "NA", "Depth_of_Drill__m_": 250.0, "Depth_of_Construction__mbgl_": "98.00", "Depth_of_Bedrock__mbgl_": "NA", "Major_Lithology": "Alluvium, Indus, Ghaggar", "Static_Water_Level__mbgl_": 11.51, "Discharge__lps_": "1132", "Draw_Down__m_": "8.32", "Transmissivity__m2_day_": "343", "Storage_coefficient": "0.00061", "Specific_Capacity__lpm_m_DD_": "NA", "Electrical_Conductivity__Micro_Seimens__cm_": "628", "Chloride__mg_l_": "22", "Zones_Tapped__mbgl_": "NA", "Nitrate__mg_l_": "NA", "Fluoride__mg_l_": "NA", "Iron__mg_l_": "NA" }, "geometry": { "type": "Point", "coordinates": [ 75.616667, 30.033333 ] } },
{ "type": "Feature", "properties": { "GmlID": "LITHOLOG.644", "objectid": 644, "Lithology_Code": "L01525", "CGWB_Well_Serial_No": 343.0, "Temporal_water_level": 7.15, "Year_of_observation": 1999.0, "Distance_of_Observation_Well": 3.393571, "Basin": "01", "State": "PB", "District": "Moga", "Block": "Dharamkot (Kot Isa K", "Location": "Juner", "Latitude": 30.904444, "Longitude": 75.141111, "Well_Type": "01", "Year_of_Drill": "NA", "Depth_of_Drill__m_": 350.0, "Depth_of_Construction__mbgl_": "217.00", "Depth_of_Bedrock__mbgl_": "NA", "Major_Lithology": "Alluvium, Indus, Satluj", "Static_Water_Level__mbgl_": 27.62, "Discharge__lps_": "2877", "Draw_Down__m_": "5.36", "Transmissivity__m2_day_": "1895", "Storage_coefficient": "0.00021", "Specific_Capacity__lpm_m_DD_": "NA", "Electrical_Conductivity__Micro_Seimens__cm_": "520", "Chloride__mg_l_": "15", "Zones_Tapped__mbgl_": "NA", "Nitrate__mg_l_": "NA", "Fluoride__mg_l_": "NA", "Iron__mg_l_": "NA" }, "geometry": { "type": "Point", "coordinates": [ 75.141111, 30.904444 ] } },
{ "type": "Feature", "properties": { "GmlID": "LITHOLOG.645", "objectid": 645, "Lithology_Code": "L01526", "CGWB_Well_Serial_No": 344.0, "Temporal_water_level": 23.0, "Year_of_observation": 2002.0, "Distance_of_Observation_Well": 3.256773, "Basin": "01", "State": "PB", "District": "Moga", "Block": "Moga Ii", "Location": "Sosan", "Latitude": 30.81096, "Longitude": 75.012236, "Well_Type": "01", "Year_of_Drill": "NA", "Depth_of_Drill__m_": 350.3, "Depth_of_Construction__mbgl_": "247.00", "Depth_of_Bedrock__mbgl_": "NA", "Major_Lithology": "Alluvium, Indus, Satluj", "Static_Water_Level__mbgl_": 21.08, "Discharge__lps_": "1750", "Draw_Down__m_": "8.02", "Transmissivity__m2_day_": "682", "Storage_coefficient": "0.00935", "Specific_Capacity__lpm_m_DD_": "NA", "Electrical_Conductivity__Micro_Seimens__cm_": "725", "Chloride__mg_l_": "33", "Zones_Tapped__mbgl_": "NA", "Nitrate__mg_l_": "NA", "Fluoride__mg_l_": "NA", "Iron__mg_l_": "NA" }, "geometry": { "type": "Point", "coordinates": [ 75.012236, 30.81096 ] } },
{ "type": "Feature", "properties": { "GmlID": "LITHOLOG.646", "objectid": 646, "Lithology_Code": "L01527", "CGWB_Well_Serial_No": 345.0, "Temporal_water_level": 3.28, "Year_of_observation": 2004.0, "Distance_of_Observation_Well": 2.735583, "Basin": "01", "State": "PB", "District": "Sahibzada Ajit Singh Nagar", "Block": "Kharar", "Location": "Sohana/ Kharar", "Latitude": 30.683333, "Longitude": 76.7, "Well_Type": "02", "Year_of_Drill": "NA", "Depth_of_Drill__m_": 307.54, "Depth_of_Construction__mbgl_": "183.00", "Depth_of_Bedrock__mbgl_": "NA", "Major_Lithology": "Alluvium", "Static_Water_Level__mbgl_": 9.69, "Discharge__lps_": "1984", "Draw_Down__m_": "8.01", "Transmissivity__m2_day_": "687", "Storage_coefficient": "0.0024", "Specific_Capacity__lpm_m_DD_": "NA", "Electrical_Conductivity__Micro_Seimens__cm_": "641", "Chloride__mg_l_": "15", "Zones_Tapped__mbgl_": "NA", "Nitrate__mg_l_": "NA", "Fluoride__mg_l_": "NA", "Iron__mg_l_": "NA" }, "geometry": { "type": "Point", "coordinates": [ 76.7, 30.683333 ] } },
{ "type": "Feature", "properties": { "GmlID": "LITHOLOG.647", "objectid": 647, "Lithology_Code": "L01528", "CGWB_Well_Serial_No": 346.0, "Temporal_water_level": 12.35, "Year_of_observation": 2004.0, "Distance_of_Observation_Well": 0.924062, "Basin": "01", "State": "PB", "District": "Sahibzada Ajit Singh Nagar", "Block": "Kharar", "Location": "Rukhi Pukhta/ Kharar", "Latitude": 30.772222, "Longitude": 76.608333, "Well_Type": "02", "Year_of_Drill": "NA", "Depth_of_Drill__m_": 307.54, "Depth_of_Construction__mbgl_": "186.00", "Depth_of_Bedrock__mbgl_": "NA", "Major_Lithology": "Alluvium", "Static_Water_Level__mbgl_": 20.35, "Discharge__lps_": "1722", "Draw_Down__m_": "7.6", "Transmissivity__m2_day_": "395", "Storage_coefficient": "0.00169", "Specific_Capacity__lpm_m_DD_": "NA", "Electrical_Conductivity__Micro_Seimens__cm_": "732", "Chloride__mg_l_": "1", "Zones_Tapped__mbgl_": "NA", "Nitrate__mg_l_": "NA", "Fluoride__mg_l_": "NA", "Iron__mg_l_": "NA" }, "geometry": { "type": "Point", "coordinates": [ 76.608333, 30.772222 ] } },
{ "type": "Feature", "properties": { "GmlID": "LITHOLOG.648", "objectid": 648, "Lithology_Code": "L01529", "CGWB_Well_Serial_No": 347.0, "Temporal_water_level": 13.95, "Year_of_observation": 2001.0, "Distance_of_Observation_Well": 4.272338, "Basin": "01", "State": "PB", "District": "Sahibzada Ajit Singh Nagar", "Block": "Sialba Majri", "Location": "Sultanpur/Majri", "Latitude": 30.854167, "Longitude": 76.7125, "Well_Type": "02", "Year_of_Drill": "NA", "Depth_of_Drill__m_": 310.28, "Depth_of_Construction__mbgl_": "106.39", "Depth_of_Bedrock__mbgl_": "NA", "Major_Lithology": "Alluvium", "Static_Water_Level__mbgl_": 22.05, "Discharge__lps_": "1533", "Draw_Down__m_": "4.75", "Transmissivity__m2_day_": "725", "Storage_coefficient": "0.0012", "Specific_Capacity__lpm_m_DD_": "NA", "Electrical_Conductivity__Micro_Seimens__cm_": "667", "Chloride__mg_l_": "15", "Zones_Tapped__mbgl_": "NA", "Nitrate__mg_l_": "NA", "Fluoride__mg_l_": "NA", "Iron__mg_l_": "NA" }, "geometry": { "type": "Point", "coordinates": [ 76.7125, 30.854167 ] } },
{ "type": "Feature", "properties": { "GmlID": "LITHOLOG.649", "objectid": 649, "Lithology_Code": "L01530", "CGWB_Well_Serial_No": 348.0, "Temporal_water_level": 8.83, "Year_of_observation": 2004.0, "Distance_of_Observation_Well": 2.099822, "Basin": "01", "State": "PB", "District": "Sahibzada Ajit Singh Nagar", "Block": "Sialba Majri", "Location": "Jhingra Kalan/ Majri", "Latitude": 30.829167, "Longitude": 76.605556, "Well_Type": "01", "Year_of_Drill": "NA", "Depth_of_Drill__m_": 460.24, "Depth_of_Construction__mbgl_": "304.95", "Depth_of_Bedrock__mbgl_": "NA", "Major_Lithology": "Alluvium", "Static_Water_Level__mbgl_": 25.95, "Discharge__lps_": "1440", "Draw_Down__m_": "12.4", "Transmissivity__m2_day_": "292", "Storage_coefficient": "NA", "Specific_Capacity__lpm_m_DD_": "NA", "Electrical_Conductivity__Micro_Seimens__cm_": "503", "Chloride__mg_l_": "20", "Zones_Tapped__mbgl_": "NA", "Nitrate__mg_l_": "NA", "Fluoride__mg_l_": "NA", "Iron__mg_l_": "NA" }, "geometry": { "type": "Point", "coordinates": [ 76.605556, 30.829167 ] } },
{ "type": "Feature", "properties": { "GmlID": "LITHOLOG.650", "objectid": 650, "Lithology_Code": "L01531", "CGWB_Well_Serial_No": 349.0, "Temporal_water_level": 21.98, "Year_of_observation": 2005.0, "Distance_of_Observation_Well": 5.146181, "Basin": "01", "State": "PB", "District": "Sahibzada Ajit Singh Nagar", "Block": "Chandigarh", "Location": "Sangriwala/ Majri", "Latitude": 30.79357, "Longitude": 76.765685, "Well_Type": "01", "Year_of_Drill": "NA", "Depth_of_Drill__m_": 275.8, "Depth_of_Construction__mbgl_": "195.00", "Depth_of_Bedrock__mbgl_": "NA", "Major_Lithology": "Alluvium", "Static_Water_Level__mbgl_": 37.33, "Discharge__lps_": "1077", "Draw_Down__m_": "5.55", "Transmissivity__m2_day_": "770", "Storage_coefficient": "NA", "Specific_Capacity__lpm_m_DD_": "NA", "Electrical_Conductivity__Micro_Seimens__cm_": "542", "Chloride__mg_l_": "53", "Zones_Tapped__mbgl_": "NA", "Nitrate__mg_l_": "NA", "Fluoride__mg_l_": "NA", "Iron__mg_l_": "NA" }, "geometry": { "type": "Point", "coordinates": [ 76.765685, 30.79357 ] } },
{ "type": "Feature", "properties": { "GmlID": "LITHOLOG.651", "objectid": 651, "Lithology_Code": "L01532", "CGWB_Well_Serial_No": 350.0, "Temporal_water_level": 13.95, "Year_of_observation": 2001.0, "Distance_of_Observation_Well": 2.086183, "Basin": "01", "State": "PB", "District": "Sahibzada Ajit Singh Nagar", "Block": "Sialba Majri", "Location": "Khizrabad/ Majri", "Latitude": 30.866667, "Longitude": 76.661111, "Well_Type": "01", "Year_of_Drill": "NA", "Depth_of_Drill__m_": 301.0, "Depth_of_Construction__mbgl_": "90.00", "Depth_of_Bedrock__mbgl_": "NA", "Major_Lithology": "Alluvium", "Static_Water_Level__mbgl_": 7.22, "Discharge__lps_": "870", "Draw_Down__m_": "21.65", "Transmissivity__m2_day_": "55", "Storage_coefficient": "NA", "Specific_Capacity__lpm_m_DD_": "NA", "Electrical_Conductivity__Micro_Seimens__cm_": "672", "Chloride__mg_l_": "7.1", "Zones_Tapped__mbgl_": "NA", "Nitrate__mg_l_": "NA", "Fluoride__mg_l_": "NA", "Iron__mg_l_": "NA" }, "geometry": { "type": "Point", "coordinates": [ 76.661111, 30.866667 ] } },
{ "type": "Feature", "properties": { "GmlID": "LITHOLOG.652", "objectid": 652, "Lithology_Code": "L01533", "CGWB_Well_Serial_No": 351.0, "Temporal_water_level": 13.95, "Year_of_observation": 2001.0, "Distance_of_Observation_Well": 2.405048, "Basin": "01", "State": "PB", "District": "Sahibzada Ajit Singh Nagar", "Block": "Sialba Majri", "Location": "Dulwan Khadri/ Majri", "Latitude": 30.875, "Longitude": 76.702778, "Well_Type": "01", "Year_of_Drill": "NA", "Depth_of_Drill__m_": 300.93, "Depth_of_Construction__mbgl_": "160.00", "Depth_of_Bedrock__mbgl_": "NA", "Major_Lithology": "Alluvium", "Static_Water_Level__mbgl_": null, "Discharge__lps_": "NA", "Draw_Down__m_": "NA", "Transmissivity__m2_day_": "NA", "Storage_coefficient": "NA", "Specific_Capacity__lpm_m_DD_": "NA", "Electrical_Conductivity__Micro_Seimens__cm_": "NA", "Chloride__mg_l_": "NA", "Zones_Tapped__mbgl_": "NA", "Nitrate__mg_l_": "NA", "Fluoride__mg_l_": "NA", "Iron__mg_l_": "NA" }, "geometry": { "type": "Point", "coordinates": [ 76.702778, 30.875 ] } },
{ "type": "Feature", "properties": { "GmlID": "LITHOLOG.653", "objectid": 653, "Lithology_Code": "L01534", "CGWB_Well_Serial_No": 352.0, "Temporal_water_level": 11.93, "Year_of_observation": 2005.0, "Distance_of_Observation_Well": 2.542722, "Basin": "01", "State": "PB", "District": "Sahibzada Ajit Singh Nagar", "Block": "Kharar", "Location": "Satamajra/ Kharar", "Latitude": 30.722222, "Longitude": 76.656944, "Well_Type": "01", "Year_of_Drill": "NA", "Depth_of_Drill__m_": 452.0, "Depth_of_Construction__mbgl_": "352.00", "Depth_of_Bedrock__mbgl_": "NA", "Major_Lithology": "Alluvium", "Static_Water_Level__mbgl_": null, "Discharge__lps_": "NA", "Draw_Down__m_": "NA", "Transmissivity__m2_day_": "NA", "Storage_coefficient": "NA", "Specific_Capacity__lpm_m_DD_": "NA", "Electrical_Conductivity__Micro_Seimens__cm_": "NA", "Chloride__mg_l_": "NA", "Zones_Tapped__mbgl_": "NA", "Nitrate__mg_l_": "NA", "Fluoride__mg_l_": "NA", "Iron__mg_l_": "NA" }, "geometry": { "type": "Point", "coordinates": [ 76.656944, 30.722222 ] } },
{ "type": "Feature", "properties": { "GmlID": "LITHOLOG.654", "objectid": 654, "Lithology_Code": "L01535", "CGWB_Well_Serial_No": 353.0, "Temporal_water_level": 5.95, "Year_of_observation": 2005.0, "Distance_of_Observation_Well": 3.385304, "Basin": "01", "State": "PB", "District": "Sahibzada Ajit Singh Nagar", "Block": "Rajpura", "Location": "Bhabat/ Kharar", "Latitude": 30.644444, "Longitude": 76.786111, "Well_Type": "02", "Year_of_Drill": "NA", "Depth_of_Drill__m_": 449.7, "Depth_of_Construction__mbgl_": "336.00", "Depth_of_Bedrock__mbgl_": "NA", "Major_Lithology": "Alluvium", "Static_Water_Level__mbgl_": 12.16, "Discharge__lps_": "2407", "Draw_Down__m_": "11.36", "Transmissivity__m2_day_": "862", "Storage_coefficient": "0.00073", "Specific_Capacity__lpm_m_DD_": "NA", "Electrical_Conductivity__Micro_Seimens__cm_": "579", "Chloride__mg_l_": "6.4", "Zones_Tapped__mbgl_": "NA", "Nitrate__mg_l_": "NA", "Fluoride__mg_l_": "NA", "Iron__mg_l_": "NA" }, "geometry": { "type": "Point", "coordinates": [ 76.786111, 30.644444 ] } },
{ "type": "Feature", "properties": { "GmlID": "LITHOLOG.655", "objectid": 655, "Lithology_Code": "L01536", "CGWB_Well_Serial_No": 354.0, "Temporal_water_level": 1.82, "Year_of_observation": 2004.0, "Distance_of_Observation_Well": 2.312236, "Basin": "01", "State": "PB", "District": "Sahibzada Ajit Singh Nagar", "Block": "Dera Bassi", "Location": "Jaulikalan/ Dera Bassi", "Latitude": 30.486111, "Longitude": 76.872222, "Well_Type": "01", "Year_of_Drill": "NA", "Depth_of_Drill__m_": 562.97, "Depth_of_Construction__mbgl_": "NA", "Depth_of_Bedrock__mbgl_": "NA", "Major_Lithology": "Alluvium", "Static_Water_Level__mbgl_": 47.15, "Discharge__lps_": "NA", "Draw_Down__m_": "NA", "Transmissivity__m2_day_": "NA", "Storage_coefficient": "NA", "Specific_Capacity__lpm_m_DD_": "NA", "Electrical_Conductivity__Micro_Seimens__cm_": "NA", "Chloride__mg_l_": "NA", "Zones_Tapped__mbgl_": "NA", "Nitrate__mg_l_": "NA", "Fluoride__mg_l_": "NA", "Iron__mg_l_": "NA" }, "geometry": { "type": "Point", "coordinates": [ 76.872222, 30.486111 ] } },
{ "type": "Feature", "properties": { "GmlID": "LITHOLOG.656", "objectid": 656, "Lithology_Code": "L01537", "CGWB_Well_Serial_No": 355.0, "Temporal_water_level": 1.82, "Year_of_observation": 2004.0, "Distance_of_Observation_Well": 4.741996, "Basin": "01", "State": "PB", "District": "Sahibzada Ajit Singh Nagar", "Block": "Dera Bassi", "Location": "Dhappar/ Dera Bassi", "Latitude": 30.516667, "Longitude": 76.806667, "Well_Type": "01", "Year_of_Drill": "NA", "Depth_of_Drill__m_": 308.3, "Depth_of_Construction__mbgl_": "212.41", "Depth_of_Bedrock__mbgl_": "NA", "Major_Lithology": "Alluvium", "Static_Water_Level__mbgl_": 33.0, "Discharge__lps_": "2680", "Draw_Down__m_": "20.940001", "Transmissivity__m2_day_": "154", "Storage_coefficient": "NA", "Specific_Capacity__lpm_m_DD_": "NA", "Electrical_Conductivity__Micro_Seimens__cm_": "627", "Chloride__mg_l_": "10", "Zones_Tapped__mbgl_": "NA", "Nitrate__mg_l_": "NA", "Fluoride__mg_l_": "NA", "Iron__mg_l_": "NA" }, "geometry": { "type": "Point", "coordinates": [ 76.806667, 30.516667 ] } },
{ "type": "Feature", "properties": { "GmlID": "LITHOLOG.657", "objectid": 657, "Lithology_Code": "L01538", "CGWB_Well_Serial_No": 356.0, "Temporal_water_level": 2.0, "Year_of_observation": 2003.0, "Distance_of_Observation_Well": 6.873222, "Basin": "01", "State": "PB", "District": "Muktsar", "Block": "Lambi", "Location": "Kumharwala", "Latitude": 29.963889, "Longitude": 74.622222, "Well_Type": "01", "Year_of_Drill": "NA", "Depth_of_Drill__m_": 422.0, "Depth_of_Construction__mbgl_": "54.00", "Depth_of_Bedrock__mbgl_": "NA", "Major_Lithology": "Alluvium, Indus, Ghaggar", "Static_Water_Level__mbgl_": 31.67, "Discharge__lps_": "200", "Draw_Down__m_": "3.01", "Transmissivity__m2_day_": "313", "Storage_coefficient": "0.00167", "Specific_Capacity__lpm_m_DD_": "NA", "Electrical_Conductivity__Micro_Seimens__cm_": "4557", "Chloride__mg_l_": "646", "Zones_Tapped__mbgl_": "NA", "Nitrate__mg_l_": "NA", "Fluoride__mg_l_": "NA", "Iron__mg_l_": "NA" }, "geometry": { "type": "Point", "coordinates": [ 74.622222, 29.963889 ] } },
{ "type": "Feature", "properties": { "GmlID": "LITHOLOG.658", "objectid": 658, "Lithology_Code": "L01539", "CGWB_Well_Serial_No": 357.0, "Temporal_water_level": 6.46, "Year_of_observation": 2005.0, "Distance_of_Observation_Well": 7.051717, "Basin": "01", "State": "PB", "District": "Muktsar", "Block": "Gidderbaha/ (Kot Bha", "Location": "Kot-Bhai", "Latitude": 30.267222, "Longitude": 74.697222, "Well_Type": "01", "Year_of_Drill": "NA", "Depth_of_Drill__m_": 331.0, "Depth_of_Construction__mbgl_": "53.00", "Depth_of_Bedrock__mbgl_": "NA", "Major_Lithology": "Alluvium, Indus, Ghaggar", "Static_Water_Level__mbgl_": 4.95, "Discharge__lps_": "986", "Draw_Down__m_": "6.45", "Transmissivity__m2_day_": "908", "Storage_coefficient": "NA", "Specific_Capacity__lpm_m_DD_": "NA", "Electrical_Conductivity__Micro_Seimens__cm_": "315", "Chloride__mg_l_": "13", "Zones_Tapped__mbgl_": "NA", "Nitrate__mg_l_": "NA", "Fluoride__mg_l_": "NA", "Iron__mg_l_": "NA" }, "geometry": { "type": "Point", "coordinates": [ 74.697222, 30.267222 ] } },
{ "type": "Feature", "properties": { "GmlID": "LITHOLOG.659", "objectid": 659, "Lithology_Code": "L01540", "CGWB_Well_Serial_No": 358.0, "Temporal_water_level": 10.03, "Year_of_observation": 2001.0, "Distance_of_Observation_Well": 1.653834, "Basin": "01", "State": "PB", "District": "Shahid Bhagat Singh Nagar", "Block": "Balachaur", "Location": "Balewal", "Latitude": 31.04881, "Longitude": 76.39878, "Well_Type": "01", "Year_of_Drill": "NA", "Depth_of_Drill__m_": 451.0, "Depth_of_Construction__mbgl_": "374.00", "Depth_of_Bedrock__mbgl_": "NA", "Major_Lithology": "Alluvium, Indus, Ravi", "Static_Water_Level__mbgl_": 48.17, "Discharge__lps_": "708", "Draw_Down__m_": "5.9", "Transmissivity__m2_day_": "NA", "Storage_coefficient": "NA", "Specific_Capacity__lpm_m_DD_": "NA", "Electrical_Conductivity__Micro_Seimens__cm_": "517", "Chloride__mg_l_": "6", "Zones_Tapped__mbgl_": "NA", "Nitrate__mg_l_": "NA", "Fluoride__mg_l_": "NA", "Iron__mg_l_": "NA" }, "geometry": { "type": "Point", "coordinates": [ 76.39878, 31.04881 ] } },
{ "type": "Feature", "properties": { "GmlID": "LITHOLOG.660", "objectid": 660, "Lithology_Code": "L01541", "CGWB_Well_Serial_No": 359.0, "Temporal_water_level": null, "Year_of_observation": null, "Distance_of_Observation_Well": 3.50552, "Basin": "01", "State": "PB", "District": "Shahid Bhagat Singh Nagar", "Block": "Banga", "Location": "Unchipalli Banga", "Latitude": 31.188889, "Longitude": 76.066667, "Well_Type": "01", "Year_of_Drill": "NA", "Depth_of_Drill__m_": 303.58, "Depth_of_Construction__mbgl_": "185.30", "Depth_of_Bedrock__mbgl_": "NA", "Major_Lithology": "Alluvium, Indus, Ravi", "Static_Water_Level__mbgl_": 3.56, "Discharge__lps_": "3900", "Draw_Down__m_": "9.75", "Transmissivity__m2_day_": "2940", "Storage_coefficient": "0.00118", "Specific_Capacity__lpm_m_DD_": "NA", "Electrical_Conductivity__Micro_Seimens__cm_": "624", "Chloride__mg_l_": "6", "Zones_Tapped__mbgl_": "NA", "Nitrate__mg_l_": "NA", "Fluoride__mg_l_": "NA", "Iron__mg_l_": "NA" }, "geometry": { "type": "Point", "coordinates": [ 76.066667, 31.188889 ] } },
{ "type": "Feature", "properties": { "GmlID": "LITHOLOG.661", "objectid": 661, "Lithology_Code": "L01544", "CGWB_Well_Serial_No": 362.0, "Temporal_water_level": 22.33, "Year_of_observation": 2005.0, "Distance_of_Observation_Well": 0.184745, "Basin": "01", "State": "PB", "District": "Shahid Bhagat Singh Nagar", "Block": "Balachaur", "Location": "Dakhtian", "Latitude": 31.111111, "Longitude": 76.342778, "Well_Type": "01", "Year_of_Drill": "NA", "Depth_of_Drill__m_": 310.0, "Depth_of_Construction__mbgl_": "228.00", "Depth_of_Bedrock__mbgl_": "NA", "Major_Lithology": "Alluvium, Indus, Ravi", "Static_Water_Level__mbgl_": 57.3, "Discharge__lps_": "735", "Draw_Down__m_": "5.02", "Transmissivity__m2_day_": "645", "Storage_coefficient": "NA", "Specific_Capacity__lpm_m_DD_": "NA", "Electrical_Conductivity__Micro_Seimens__cm_": "407", "Chloride__mg_l_": "7", "Zones_Tapped__mbgl_": "NA", "Nitrate__mg_l_": "NA", "Fluoride__mg_l_": "NA", "Iron__mg_l_": "NA" }, "geometry": { "type": "Point", "coordinates": [ 76.342778, 31.111111 ] } },
{ "type": "Feature", "properties": { "GmlID": "LITHOLOG.662", "objectid": 662, "Lithology_Code": "L01546", "CGWB_Well_Serial_No": 364.0, "Temporal_water_level": 13.87, "Year_of_observation": 2004.0, "Distance_of_Observation_Well": 6.210569, "Basin": "01", "State": "PB", "District": "Shahid Bhagat Singh Nagar", "Block": "Nawan Shahr", "Location": "Bhanmajra", "Latitude": 31.101667, "Longitude": 76.184722, "Well_Type": "01", "Year_of_Drill": "NA", "Depth_of_Drill__m_": 450.0, "Depth_of_Construction__mbgl_": "228.60", "Depth_of_Bedrock__mbgl_": "NA", "Major_Lithology": "Alluvium, Indus, Ravi", "Static_Water_Level__mbgl_": 14.26, "Discharge__lps_": "3145", "Draw_Down__m_": "8.52", "Transmissivity__m2_day_": "1767", "Storage_coefficient": "NA", "Specific_Capacity__lpm_m_DD_": "NA", "Electrical_Conductivity__Micro_Seimens__cm_": "630", "Chloride__mg_l_": "15", "Zones_Tapped__mbgl_": "NA", "Nitrate__mg_l_": "NA", "Fluoride__mg_l_": "NA", "Iron__mg_l_": "NA" }, "geometry": { "type": "Point", "coordinates": [ 76.184722, 31.101667 ] } },
{ "type": "Feature", "properties": { "GmlID": "LITHOLOG.663", "objectid": 663, "Lithology_Code": "L01547", "CGWB_Well_Serial_No": 365.0, "Temporal_water_level": 18.46, "Year_of_observation": 2005.0, "Distance_of_Observation_Well": 5.125367, "Basin": "01", "State": "PB", "District": "Shahid Bhagat Singh Nagar", "Block": "Saroya", "Location": "Mahendpur Saroya", "Latitude": 31.135556, "Longitude": 76.268889, "Well_Type": "01", "Year_of_Drill": "NA", "Depth_of_Drill__m_": 350.0, "Depth_of_Construction__mbgl_": "214.00", "Depth_of_Bedrock__mbgl_": "NA", "Major_Lithology": "Alluvium, Indus, Ravi", "Static_Water_Level__mbgl_": 16.04, "Discharge__lps_": "1500", "Draw_Down__m_": "4.69", "Transmissivity__m2_day_": "4120", "Storage_coefficient": "0.0018", "Specific_Capacity__lpm_m_DD_": "NA", "Electrical_Conductivity__Micro_Seimens__cm_": "582", "Chloride__mg_l_": "15", "Zones_Tapped__mbgl_": "NA", "Nitrate__mg_l_": "NA", "Fluoride__mg_l_": "NA", "Iron__mg_l_": "NA" }, "geometry": { "type": "Point", "coordinates": [ 76.268889, 31.135556 ] } },
{ "type": "Feature", "properties": { "GmlID": "LITHOLOG.675", "objectid": 675, "Lithology_Code": "L01559", "CGWB_Well_Serial_No": 377.0, "Temporal_water_level": null, "Year_of_observation": null, "Distance_of_Observation_Well": 0.0, "Basin": "01", "State": "PB", "District": "Sahibzada Ajit Singh Nagar", "Block": "Rajpura", "Location": "Chhatbir/ Rajpura", "Latitude": 30.611667, "Longitude": 76.796667, "Well_Type": "01", "Year_of_Drill": "NA", "Depth_of_Drill__m_": 300.0, "Depth_of_Construction__mbgl_": "218.00", "Depth_of_Bedrock__mbgl_": "NA", "Major_Lithology": "Alluvium, Indus, Ghaggar", "Static_Water_Level__mbgl_": null, "Discharge__lps_": "NA", "Draw_Down__m_": "NA", "Transmissivity__m2_day_": "NA", "Storage_coefficient": "NA", "Specific_Capacity__lpm_m_DD_": "NA", "Electrical_Conductivity__Micro_Seimens__cm_": "573", "Chloride__mg_l_": "11", "Zones_Tapped__mbgl_": "NA", "Nitrate__mg_l_": "NA", "Fluoride__mg_l_": "NA", "Iron__mg_l_": "NA" }, "geometry": { "type": "Point", "coordinates": [ 76.796667, 30.611667 ] } },
{ "type": "Feature", "properties": { "GmlID": "LITHOLOG.676", "objectid": 676, "Lithology_Code": "L01561", "CGWB_Well_Serial_No": 379.0, "Temporal_water_level": 13.0, "Year_of_observation": 2003.0, "Distance_of_Observation_Well": 0.395268, "Basin": "01", "State": "PB", "District": "Patiala", "Block": "Patiala", "Location": "Abalwali/ Patiala", "Latitude": 30.35, "Longitude": 76.354167, "Well_Type": "01", "Year_of_Drill": "NA", "Depth_of_Drill__m_": 276.5, "Depth_of_Construction__mbgl_": "133.00", "Depth_of_Bedrock__mbgl_": "NA", "Major_Lithology": "Alluvium, Indus, Ghaggar", "Static_Water_Level__mbgl_": 2.44, "Discharge__lps_": "2400", "Draw_Down__m_": "9.85", "Transmissivity__m2_day_": "150", "Storage_coefficient": "0.00195", "Specific_Capacity__lpm_m_DD_": "NA", "Electrical_Conductivity__Micro_Seimens__cm_": "469", "Chloride__mg_l_": "8.5", "Zones_Tapped__mbgl_": "NA", "Nitrate__mg_l_": "NA", "Fluoride__mg_l_": "NA", "Iron__mg_l_": "NA" }, "geometry": { "type": "Point", "coordinates": [ 76.354167, 30.35 ] } },
{ "type": "Feature", "properties": { "GmlID": "LITHOLOG.697", "objectid": 697, "Lithology_Code": "L01586", "CGWB_Well_Serial_No": 404.0, "Temporal_water_level": 22.25, "Year_of_observation": 2004.0, "Distance_of_Observation_Well": 1.491862, "Basin": "01", "State": "PB", "District": "Rupnagar", "Block": "Ropar", "Location": "Purkkhali/ Rupnagar", "Latitude": 30.933333, "Longitude": 76.620833, "Well_Type": "01", "Year_of_Drill": "NA", "Depth_of_Drill__m_": 337.74, "Depth_of_Construction__mbgl_": "182.88", "Depth_of_Bedrock__mbgl_": "NA", "Major_Lithology": "Alluvium", "Static_Water_Level__mbgl_": 30.24, "Discharge__lps_": "748", "Draw_Down__m_": "9.7", "Transmissivity__m2_day_": "285", "Storage_coefficient": "NA", "Specific_Capacity__lpm_m_DD_": "NA", "Electrical_Conductivity__Micro_Seimens__cm_": "667", "Chloride__mg_l_": "10", "Zones_Tapped__mbgl_": "NA", "Nitrate__mg_l_": "NA", "Fluoride__mg_l_": "NA", "Iron__mg_l_": "NA" }, "geometry": { "type": "Point", "coordinates": [ 76.620833, 30.933333 ] } },
{ "type": "Feature", "properties": { "GmlID": "LITHOLOG.698", "objectid": 698, "Lithology_Code": "L01587", "CGWB_Well_Serial_No": 405.0, "Temporal_water_level": 22.25, "Year_of_observation": 2004.0, "Distance_of_Observation_Well": 3.529228, "Basin": "01", "State": "PB", "District": "Rupnagar", "Block": "Ropar", "Location": "Harnampur/ Rupnagar", "Latitude": 30.933333, "Longitude": 76.669444, "Well_Type": "02", "Year_of_Drill": "NA", "Depth_of_Drill__m_": 301.0, "Depth_of_Construction__mbgl_": "116.00", "Depth_of_Bedrock__mbgl_": "NA", "Major_Lithology": "Alluvium", "Static_Water_Level__mbgl_": 29.8, "Discharge__lps_": "833", "Draw_Down__m_": "16.74", "Transmissivity__m2_day_": "955", "Storage_coefficient": "0.0017", "Specific_Capacity__lpm_m_DD_": "NA", "Electrical_Conductivity__Micro_Seimens__cm_": "519", "Chloride__mg_l_": "71", "Zones_Tapped__mbgl_": "NA", "Nitrate__mg_l_": "NA", "Fluoride__mg_l_": "NA", "Iron__mg_l_": "NA" }, "geometry": { "type": "Point", "coordinates": [ 76.669444, 30.933333 ] } },
{ "type": "Feature", "properties": { "GmlID": "LITHOLOG.699", "objectid": 699, "Lithology_Code": "L01588", "CGWB_Well_Serial_No": 406.0, "Temporal_water_level": 4.74, "Year_of_observation": 2005.0, "Distance_of_Observation_Well": 4.522894, "Basin": "01", "State": "PB", "District": "Rupnagar", "Block": "Ropar", "Location": "Bhagowali/ Rupnagar", "Latitude": 30.959722, "Longitude": 76.585556, "Well_Type": "01", "Year_of_Drill": "NA", "Depth_of_Drill__m_": 183.5, "Depth_of_Construction__mbgl_": "164.00", "Depth_of_Bedrock__mbgl_": "NA", "Major_Lithology": "Alluvium", "Static_Water_Level__mbgl_": 21.11, "Discharge__lps_": "946", "Draw_Down__m_": "8.22", "Transmissivity__m2_day_": "1180", "Storage_coefficient": "0.000775", "Specific_Capacity__lpm_m_DD_": "NA", "Electrical_Conductivity__Micro_Seimens__cm_": "413", "Chloride__mg_l_": "7.1", "Zones_Tapped__mbgl_": "NA", "Nitrate__mg_l_": "NA", "Fluoride__mg_l_": "NA", "Iron__mg_l_": "NA" }, "geometry": { "type": "Point", "coordinates": [ 76.585556, 30.959722 ] } },
{ "type": "Feature", "properties": { "GmlID": "LITHOLOG.700", "objectid": 700, "Lithology_Code": "L01589", "CGWB_Well_Serial_No": 407.0, "Temporal_water_level": 4.0, "Year_of_observation": 2003.0, "Distance_of_Observation_Well": 1.544127, "Basin": "01", "State": "PB", "District": "Rupnagar", "Block": "Nurpur Bedi", "Location": "Abhiana Khurd/ Nurpur Bedi", "Latitude": 31.094444, "Longitude": 76.544444, "Well_Type": "01", "Year_of_Drill": "NA", "Depth_of_Drill__m_": 202.5, "Depth_of_Construction__mbgl_": "160.00", "Depth_of_Bedrock__mbgl_": "NA", "Major_Lithology": "Alluvium", "Static_Water_Level__mbgl_": 10.74, "Discharge__lps_": "1098", "Draw_Down__m_": "6.21", "Transmissivity__m2_day_": "315", "Storage_coefficient": "NA", "Specific_Capacity__lpm_m_DD_": "NA", "Electrical_Conductivity__Micro_Seimens__cm_": "758", "Chloride__mg_l_": "23", "Zones_Tapped__mbgl_": "NA", "Nitrate__mg_l_": "NA", "Fluoride__mg_l_": "NA", "Iron__mg_l_": "NA" }, "geometry": { "type": "Point", "coordinates": [ 76.544444, 31.094444 ] } },
{ "type": "Feature", "properties": { "GmlID": "LITHOLOG.701", "objectid": 701, "Lithology_Code": "L01590", "CGWB_Well_Serial_No": 408.0, "Temporal_water_level": 8.44, "Year_of_observation": 2005.0, "Distance_of_Observation_Well": 4.389467, "Basin": "01", "State": "PB", "District": "Rupnagar", "Block": "Anandpur Sahib", "Location": "Aghampur/ Anandpur Sahib", "Latitude": 31.241667, "Longitude": 76.477778, "Well_Type": "01", "Year_of_Drill": "NA", "Depth_of_Drill__m_": 50.0, "Depth_of_Construction__mbgl_": "49.10", "Depth_of_Bedrock__mbgl_": "NA", "Major_Lithology": "Alluvium", "Static_Water_Level__mbgl_": 10.3, "Discharge__lps_": "920", "Draw_Down__m_": "13.16", "Transmissivity__m2_day_": "866", "Storage_coefficient": "NA", "Specific_Capacity__lpm_m_DD_": "NA", "Electrical_Conductivity__Micro_Seimens__cm_": "462", "Chloride__mg_l_": "14", "Zones_Tapped__mbgl_": "NA", "Nitrate__mg_l_": "NA", "Fluoride__mg_l_": "NA", "Iron__mg_l_": "NA" }, "geometry": { "type": "Point", "coordinates": [ 76.477778, 31.241667 ] } },
{ "type": "Feature", "properties": { "GmlID": "LITHOLOG.702", "objectid": 702, "Lithology_Code": "L01591", "CGWB_Well_Serial_No": 409.0, "Temporal_water_level": 5.45, "Year_of_observation": 1997.0, "Distance_of_Observation_Well": 1.97946, "Basin": "01", "State": "PB", "District": "Rupnagar", "Block": "Anandpur Sahib", "Location": "Gajpur/ Anandpur Sahib", "Latitude": 31.194444, "Longitude": 76.55, "Well_Type": "01", "Year_of_Drill": "NA", "Depth_of_Drill__m_": 226.0, "Depth_of_Construction__mbgl_": "193.00", "Depth_of_Bedrock__mbgl_": "NA", "Major_Lithology": "Alluvium", "Static_Water_Level__mbgl_": null, "Discharge__lps_": "NA", "Draw_Down__m_": "NA", "Transmissivity__m2_day_": "NA", "Storage_coefficient": "NA", "Specific_Capacity__lpm_m_DD_": "NA", "Electrical_Conductivity__Micro_Seimens__cm_": "NA", "Chloride__mg_l_": "NA", "Zones_Tapped__mbgl_": "NA", "Nitrate__mg_l_": "NA", "Fluoride__mg_l_": "NA", "Iron__mg_l_": "NA" }, "geometry": { "type": "Point", "coordinates": [ 76.55, 31.194444 ] } },
{ "type": "Feature", "properties": { "GmlID": "LITHOLOG.703", "objectid": 703, "Lithology_Code": "L01592", "CGWB_Well_Serial_No": 410.0, "Temporal_water_level": 10.37, "Year_of_observation": 2005.0, "Distance_of_Observation_Well": 1.987252, "Basin": "01", "State": "PB", "District": "Rupnagar", "Block": "Nurpur Bedi", "Location": "Nurpur Khurd/ Nurpur Bedi", "Latitude": 31.155556, "Longitude": 76.458333, "Well_Type": "01", "Year_of_Drill": "NA", "Depth_of_Drill__m_": 200.3, "Depth_of_Construction__mbgl_": "156.00", "Depth_of_Bedrock__mbgl_": "NA", "Major_Lithology": "Alluvium", "Static_Water_Level__mbgl_": 20.26, "Discharge__lps_": "1143", "Draw_Down__m_": "19.4", "Transmissivity__m2_day_": "123", "Storage_coefficient": "NA", "Specific_Capacity__lpm_m_DD_": "NA", "Electrical_Conductivity__Micro_Seimens__cm_": "475", "Chloride__mg_l_": "14", "Zones_Tapped__mbgl_": "NA", "Nitrate__mg_l_": "NA", "Fluoride__mg_l_": "NA", "Iron__mg_l_": "NA" }, "geometry": { "type": "Point", "coordinates": [ 76.458333, 31.155556 ] } },
{ "type": "Feature", "properties": { "GmlID": "LITHOLOG.704", "objectid": 704, "Lithology_Code": "L01593", "CGWB_Well_Serial_No": 411.0, "Temporal_water_level": 10.37, "Year_of_observation": 2005.0, "Distance_of_Observation_Well": 4.63281, "Basin": "01", "State": "PB", "District": "Rupnagar", "Block": "Nurpur Bedi", "Location": "Tibba Nangal/ Nurpur Bedi", "Latitude": 31.125, "Longitude": 76.483333, "Well_Type": "01", "Year_of_Drill": "NA", "Depth_of_Drill__m_": null, "Depth_of_Construction__mbgl_": "NA", "Depth_of_Bedrock__mbgl_": "NA", "Major_Lithology": "Alluvium", "Static_Water_Level__mbgl_": 18.9, "Discharge__lps_": "1098", "Draw_Down__m_": "15.51", "Transmissivity__m2_day_": "123", "Storage_coefficient": "NA", "Specific_Capacity__lpm_m_DD_": "NA", "Electrical_Conductivity__Micro_Seimens__cm_": "NA", "Chloride__mg_l_": "NA", "Zones_Tapped__mbgl_": "NA", "Nitrate__mg_l_": "NA", "Fluoride__mg_l_": "NA", "Iron__mg_l_": "NA" }, "geometry": { "type": "Point", "coordinates": [ 76.483333, 31.125 ] } },
{ "type": "Feature", "properties": { "GmlID": "LITHOLOG.705", "objectid": 705, "Lithology_Code": "L01594", "CGWB_Well_Serial_No": 412.0, "Temporal_water_level": 10.8, "Year_of_observation": 2005.0, "Distance_of_Observation_Well": 1.469578, "Basin": "01", "State": "PB", "District": "Rupnagar", "Block": "Nurpur Bedi", "Location": "Jhag/ Nurpur Bedi", "Latitude": 31.2, "Longitude": 76.404444, "Well_Type": "01", "Year_of_Drill": "NA", "Depth_of_Drill__m_": 201.4, "Depth_of_Construction__mbgl_": "160.00", "Depth_of_Bedrock__mbgl_": "NA", "Major_Lithology": "Alluvium", "Static_Water_Level__mbgl_": 12.93, "Discharge__lps_": "1500", "Draw_Down__m_": "13.3", "Transmissivity__m2_day_": "140", "Storage_coefficient": "NA", "Specific_Capacity__lpm_m_DD_": "NA", "Electrical_Conductivity__Micro_Seimens__cm_": "508", "Chloride__mg_l_": "7", "Zones_Tapped__mbgl_": "NA", "Nitrate__mg_l_": "NA", "Fluoride__mg_l_": "NA", "Iron__mg_l_": "NA" }, "geometry": { "type": "Point", "coordinates": [ 76.404444, 31.2 ] } },
{ "type": "Feature", "properties": { "GmlID": "LITHOLOG.706", "objectid": 706, "Lithology_Code": "L01595", "CGWB_Well_Serial_No": 413.0, "Temporal_water_level": 10.8, "Year_of_observation": 2005.0, "Distance_of_Observation_Well": 0.913298, "Basin": "01", "State": "PB", "District": "Rupnagar", "Block": "Nurpur Bedi", "Location": "Khanpur Khui/ Nurpur Bedi", "Latitude": 31.216667, "Longitude": 76.416667, "Well_Type": "01", "Year_of_Drill": "NA", "Depth_of_Drill__m_": 201.38, "Depth_of_Construction__mbgl_": "156.00", "Depth_of_Bedrock__mbgl_": "NA", "Major_Lithology": "Alluvium", "Static_Water_Level__mbgl_": 12.24, "Discharge__lps_": "682", "Draw_Down__m_": "29.870001", "Transmissivity__m2_day_": "NA", "Storage_coefficient": "NA", "Specific_Capacity__lpm_m_DD_": "NA", "Electrical_Conductivity__Micro_Seimens__cm_": "NA", "Chloride__mg_l_": "NA", "Zones_Tapped__mbgl_": "NA", "Nitrate__mg_l_": "NA", "Fluoride__mg_l_": "NA", "Iron__mg_l_": "NA" }, "geometry": { "type": "Point", "coordinates": [ 76.416667, 31.216667 ] } },
{ "type": "Feature", "properties": { "GmlID": "LITHOLOG.707", "objectid": 707, "Lithology_Code": "L01596", "CGWB_Well_Serial_No": 414.0, "Temporal_water_level": 4.0, "Year_of_observation": 2003.0, "Distance_of_Observation_Well": 3.491728, "Basin": "01", "State": "PB", "District": "Rupnagar", "Block": "Ropar", "Location": "Bharatgarh/ Nurpur Bed", "Latitude": 31.094444, "Longitude": 76.575, "Well_Type": "01", "Year_of_Drill": "NA", "Depth_of_Drill__m_": 255.88, "Depth_of_Construction__mbgl_": "NA", "Depth_of_Bedrock__mbgl_": "NA", "Major_Lithology": "Alluvium", "Static_Water_Level__mbgl_": null, "Discharge__lps_": "NA", "Draw_Down__m_": "NA", "Transmissivity__m2_day_": "NA", "Storage_coefficient": "NA", "Specific_Capacity__lpm_m_DD_": "NA", "Electrical_Conductivity__Micro_Seimens__cm_": "NA", "Chloride__mg_l_": "NA", "Zones_Tapped__mbgl_": "NA", "Nitrate__mg_l_": "NA", "Fluoride__mg_l_": "NA", "Iron__mg_l_": "NA" }, "geometry": { "type": "Point", "coordinates": [ 76.575, 31.094444 ] } },
{ "type": "Feature", "properties": { "GmlID": "LITHOLOG.708", "objectid": 708, "Lithology_Code": "L01597", "CGWB_Well_Serial_No": 415.0, "Temporal_water_level": 9.5, "Year_of_observation": 1996.0, "Distance_of_Observation_Well": 0.63166, "Basin": "01", "State": "PB", "District": "Barnala", "Block": "Sehna", "Location": "Tajoke", "Latitude": 30.252778, "Longitude": 75.3775, "Well_Type": "01", "Year_of_Drill": "NA", "Depth_of_Drill__m_": 256.7, "Depth_of_Construction__mbgl_": "104.40", "Depth_of_Bedrock__mbgl_": "NA", "Major_Lithology": "Alluvium, Indus, Ghaggar", "Static_Water_Level__mbgl_": 4.75, "Discharge__lps_": "2500", "Draw_Down__m_": "4.91", "Transmissivity__m2_day_": "1670", "Storage_coefficient": "0.075", "Specific_Capacity__lpm_m_DD_": "NA", "Electrical_Conductivity__Micro_Seimens__cm_": "1724", "Chloride__mg_l_": "2.88", "Zones_Tapped__mbgl_": "NA", "Nitrate__mg_l_": "NA", "Fluoride__mg_l_": "NA", "Iron__mg_l_": "NA" }, "geometry": { "type": "Point", "coordinates": [ 75.3775, 30.252778 ] } },
{ "type": "Feature", "properties": { "GmlID": "LITHOLOG.709", "objectid": 709, "Lithology_Code": "L01598", "CGWB_Well_Serial_No": 416.0, "Temporal_water_level": 15.65, "Year_of_observation": 2005.0, "Distance_of_Observation_Well": 0.0, "Basin": "01", "State": "PB", "District": "Sangrur", "Block": "Maler Kotla", "Location": "Bugra", "Latitude": 30.286111, "Longitude": 75.761111, "Well_Type": "01", "Year_of_Drill": "NA", "Depth_of_Drill__m_": 246.03, "Depth_of_Construction__mbgl_": "219.00", "Depth_of_Bedrock__mbgl_": "NA", "Major_Lithology": "Alluvium, Indus, Ghaggar", "Static_Water_Level__mbgl_": 3.49, "Discharge__lps_": "3330", "Draw_Down__m_": "7.28", "Transmissivity__m2_day_": "1620", "Storage_coefficient": "0.0142", "Specific_Capacity__lpm_m_DD_": "NA", "Electrical_Conductivity__Micro_Seimens__cm_": "736", "Chloride__mg_l_": "21", "Zones_Tapped__mbgl_": "NA", "Nitrate__mg_l_": "NA", "Fluoride__mg_l_": "NA", "Iron__mg_l_": "NA" }, "geometry": { "type": "Point", "coordinates": [ 75.761111, 30.286111 ] } },
{ "type": "Feature", "properties": { "GmlID": "LITHOLOG.710", "objectid": 710, "Lithology_Code": "L01600", "CGWB_Well_Serial_No": 418.0, "Temporal_water_level": 9.55, "Year_of_observation": 1998.0, "Distance_of_Observation_Well": 7.958301, "Basin": "01", "State": "PB", "District": "Sangrur", "Block": "Andana", "Location": "Badalgarh", "Latitude": 29.881944, "Longitude": 76.0, "Well_Type": "01", "Year_of_Drill": "2000", "Depth_of_Drill__m_": 251.3, "Depth_of_Construction__mbgl_": "174.00", "Depth_of_Bedrock__mbgl_": "NA", "Major_Lithology": "Alluvium, Indus, Ghaggar", "Static_Water_Level__mbgl_": 15.95, "Discharge__lps_": "1067", "Draw_Down__m_": "13.9", "Transmissivity__m2_day_": "NA", "Storage_coefficient": "0.000239", "Specific_Capacity__lpm_m_DD_": "NA", "Electrical_Conductivity__Micro_Seimens__cm_": "668", "Chloride__mg_l_": "17", "Zones_Tapped__mbgl_": "NA", "Nitrate__mg_l_": "NA", "Fluoride__mg_l_": "NA", "Iron__mg_l_": "NA" }, "geometry": { "type": "Point", "coordinates": [ 76.0, 29.881944 ] } },
{ "type": "Feature", "properties": { "GmlID": "LITHOLOG.711", "objectid": 711, "Lithology_Code": "L01601", "CGWB_Well_Serial_No": 419.0, "Temporal_water_level": 8.61, "Year_of_observation": 2005.0, "Distance_of_Observation_Well": 5.981519, "Basin": "01", "State": "PB", "District": "Sangrur", "Block": "Lehraghaga", "Location": "Bhuntal Khurd", "Latitude": 29.886111, "Longitude": 75.894444, "Well_Type": "01", "Year_of_Drill": "2000", "Depth_of_Drill__m_": 250.6, "Depth_of_Construction__mbgl_": "117.00", "Depth_of_Bedrock__mbgl_": "NA", "Major_Lithology": "Alluvium, Indus, Ghaggar", "Static_Water_Level__mbgl_": 10.83, "Discharge__lps_": "1200", "Draw_Down__m_": "5.38", "Transmissivity__m2_day_": "1021", "Storage_coefficient": "0.000324", "Specific_Capacity__lpm_m_DD_": "NA", "Electrical_Conductivity__Micro_Seimens__cm_": "1198", "Chloride__mg_l_": "69", "Zones_Tapped__mbgl_": "NA", "Nitrate__mg_l_": "NA", "Fluoride__mg_l_": "NA", "Iron__mg_l_": "NA" }, "geometry": { "type": "Point", "coordinates": [ 75.894444, 29.886111 ] } },
{ "type": "Feature", "properties": { "GmlID": "LITHOLOG.712", "objectid": 712, "Lithology_Code": "L01602", "CGWB_Well_Serial_No": 420.0, "Temporal_water_level": 9.55, "Year_of_observation": 1998.0, "Distance_of_Observation_Well": 5.587362, "Basin": "01", "State": "PB", "District": "Sangrur", "Block": "Andana", "Location": "Hamirgarh", "Latitude": 29.845833, "Longitude": 75.9375, "Well_Type": "01", "Year_of_Drill": "2000", "Depth_of_Drill__m_": 253.25, "Depth_of_Construction__mbgl_": "102.00", "Depth_of_Bedrock__mbgl_": "NA", "Major_Lithology": "Alluvium, Indus, Ghaggar", "Static_Water_Level__mbgl_": 14.01, "Discharge__lps_": "2051", "Draw_Down__m_": "5.21", "Transmissivity__m2_day_": "1803", "Storage_coefficient": "0.00033", "Specific_Capacity__lpm_m_DD_": "NA", "Electrical_Conductivity__Micro_Seimens__cm_": "730", "Chloride__mg_l_": "29", "Zones_Tapped__mbgl_": "NA", "Nitrate__mg_l_": "NA", "Fluoride__mg_l_": "NA", "Iron__mg_l_": "NA" }, "geometry": { "type": "Point", "coordinates": [ 75.9375, 29.845833 ] } },
{ "type": "Feature", "properties": { "GmlID": "LITHOLOG.713", "objectid": 713, "Lithology_Code": "L01603", "CGWB_Well_Serial_No": 421.0, "Temporal_water_level": 10.35, "Year_of_observation": 1998.0, "Distance_of_Observation_Well": 4.943313, "Basin": "01", "State": "PB", "District": "Sangrur", "Block": "Dhuri", "Location": "Sherpur Thana", "Latitude": 30.375, "Longitude": 75.958333, "Well_Type": "01", "Year_of_Drill": "2000", "Depth_of_Drill__m_": 210.0, "Depth_of_Construction__mbgl_": "197.00", "Depth_of_Bedrock__mbgl_": "NA", "Major_Lithology": "Alluvium, Indus, Ghaggar", "Static_Water_Level__mbgl_": null, "Discharge__lps_": "NA", "Draw_Down__m_": "NA", "Transmissivity__m2_day_": "NA", "Storage_coefficient": "NA", "Specific_Capacity__lpm_m_DD_": "NA", "Electrical_Conductivity__Micro_Seimens__cm_": "NA", "Chloride__mg_l_": "NA", "Zones_Tapped__mbgl_": "NA", "Nitrate__mg_l_": "NA", "Fluoride__mg_l_": "NA", "Iron__mg_l_": "NA" }, "geometry": { "type": "Point", "coordinates": [ 75.958333, 30.375 ] } },
{ "type": "Feature", "properties": { "GmlID": "LITHOLOG.714", "objectid": 714, "Lithology_Code": "L01604", "CGWB_Well_Serial_No": 422.0, "Temporal_water_level": 9.55, "Year_of_observation": 1998.0, "Distance_of_Observation_Well": 3.495202, "Basin": "01", "State": "PB", "District": "Sangrur", "Block": "Andana", "Location": "Ubeh", "Latitude": 29.833333, "Longitude": 75.954167, "Well_Type": "01", "Year_of_Drill": "2004", "Depth_of_Drill__m_": 253.0, "Depth_of_Construction__mbgl_": "253.00", "Depth_of_Bedrock__mbgl_": "NA", "Major_Lithology": "Alluvium, Indus, Ghaggar", "Static_Water_Level__mbgl_": null, "Discharge__lps_": "NA", "Draw_Down__m_": "NA", "Transmissivity__m2_day_": "NA", "Storage_coefficient": "NA", "Specific_Capacity__lpm_m_DD_": "NA", "Electrical_Conductivity__Micro_Seimens__cm_": "NA", "Chloride__mg_l_": "NA", "Zones_Tapped__mbgl_": "NA", "Nitrate__mg_l_": "NA", "Fluoride__mg_l_": "NA", "Iron__mg_l_": "NA" }, "geometry": { "type": "Point", "coordinates": [ 75.954167, 29.833333 ] } },
{ "type": "Feature", "properties": { "GmlID": "LITHOLOG.736", "objectid": 736, "Lithology_Code": "L01627", "CGWB_Well_Serial_No": 445.0, "Temporal_water_level": 5.95, "Year_of_observation": 1997.0, "Distance_of_Observation_Well": 3.524369, "Basin": "01", "State": "PB", "District": "Tarn Taran", "Block": "Tarn Taran", "Location": "Chabal/ Gandiwind", "Latitude": 31.483333, "Longitude": 74.7875, "Well_Type": "01", "Year_of_Drill": "NA", "Depth_of_Drill__m_": 452.32, "Depth_of_Construction__mbgl_": "135.03", "Depth_of_Bedrock__mbgl_": "NA", "Major_Lithology": "Alluvium", "Static_Water_Level__mbgl_": 2.79, "Discharge__lps_": "3150", "Draw_Down__m_": "4.75", "Transmissivity__m2_day_": "2000", "Storage_coefficient": "0.0241", "Specific_Capacity__lpm_m_DD_": "NA", "Electrical_Conductivity__Micro_Seimens__cm_": "630", "Chloride__mg_l_": "7", "Zones_Tapped__mbgl_": "NA", "Nitrate__mg_l_": "NA", "Fluoride__mg_l_": "NA", "Iron__mg_l_": "NA" }, "geometry": { "type": "Point", "coordinates": [ 74.7875, 31.483333 ] } },
{ "type": "Feature", "properties": { "GmlID": "LITHOLOG.737", "objectid": 737, "Lithology_Code": "L01628", "CGWB_Well_Serial_No": 446.0, "Temporal_water_level": null, "Year_of_observation": null, "Distance_of_Observation_Well": 1.203928, "Basin": "01", "State": "PB", "District": "Tarn Taran", "Block": "Bhikhiwind", "Location": "Bhikhiwind", "Latitude": 31.341667, "Longitude": 74.691667, "Well_Type": "01", "Year_of_Drill": "NA", "Depth_of_Drill__m_": 308.76, "Depth_of_Construction__mbgl_": "280.92", "Depth_of_Bedrock__mbgl_": "NA", "Major_Lithology": "Alluvium", "Static_Water_Level__mbgl_": 3.96, "Discharge__lps_": "2750", "Draw_Down__m_": "8.674", "Transmissivity__m2_day_": "1450", "Storage_coefficient": "NA", "Specific_Capacity__lpm_m_DD_": "NA", "Electrical_Conductivity__Micro_Seimens__cm_": "355", "Chloride__mg_l_": "20", "Zones_Tapped__mbgl_": "NA", "Nitrate__mg_l_": "NA", "Fluoride__mg_l_": "NA", "Iron__mg_l_": "NA" }, "geometry": { "type": "Point", "coordinates": [ 74.691667, 31.341667 ] } },
{ "type": "Feature", "properties": { "GmlID": "LITHOLOG.738", "objectid": 738, "Lithology_Code": "L01629", "CGWB_Well_Serial_No": 447.0, "Temporal_water_level": null, "Year_of_observation": null, "Distance_of_Observation_Well": 5.593478, "Basin": "01", "State": "PB", "District": "Tarn Taran", "Block": "Patti", "Location": "Bhoparai/ Patti", "Latitude": 31.251389, "Longitude": 74.788889, "Well_Type": "02", "Year_of_Drill": "NA", "Depth_of_Drill__m_": 454.1, "Depth_of_Construction__mbgl_": "164.05", "Depth_of_Bedrock__mbgl_": "NA", "Major_Lithology": "Alluvium", "Static_Water_Level__mbgl_": 6.12, "Discharge__lps_": "3615", "Draw_Down__m_": "13.53", "Transmissivity__m2_day_": "4140", "Storage_coefficient": "0.00804", "Specific_Capacity__lpm_m_DD_": "NA", "Electrical_Conductivity__Micro_Seimens__cm_": "432", "Chloride__mg_l_": "17", "Zones_Tapped__mbgl_": "NA", "Nitrate__mg_l_": "NA", "Fluoride__mg_l_": "NA", "Iron__mg_l_": "NA" }, "geometry": { "type": "Point", "coordinates": [ 74.788889, 31.251389 ] } },
{ "type": "Feature", "properties": { "GmlID": "LITHOLOG.739", "objectid": 739, "Lithology_Code": "L01630", "CGWB_Well_Serial_No": 448.0, "Temporal_water_level": 16.73, "Year_of_observation": 2005.0, "Distance_of_Observation_Well": 5.65233, "Basin": "01", "State": "PB", "District": "Tarn Taran", "Block": "Chola Sahib", "Location": "Jamrai/ Naushera", "Latitude": 31.341667, "Longitude": 75.045833, "Well_Type": "02", "Year_of_Drill": "NA", "Depth_of_Drill__m_": 500.0, "Depth_of_Construction__mbgl_": "194.00", "Depth_of_Bedrock__mbgl_": "NA", "Major_Lithology": "Alluvium", "Static_Water_Level__mbgl_": 6.55, "Discharge__lps_": "4504", "Draw_Down__m_": "10.32", "Transmissivity__m2_day_": "7190", "Storage_coefficient": "0.028", "Specific_Capacity__lpm_m_DD_": "NA", "Electrical_Conductivity__Micro_Seimens__cm_": "523", "Chloride__mg_l_": "8", "Zones_Tapped__mbgl_": "NA", "Nitrate__mg_l_": "NA", "Fluoride__mg_l_": "NA", "Iron__mg_l_": "NA" }, "geometry": { "type": "Point", "coordinates": [ 75.045833, 31.341667 ] } },
{ "type": "Feature", "properties": { "GmlID": "LITHOLOG.740", "objectid": 740, "Lithology_Code": "L01631", "CGWB_Well_Serial_No": 449.0, "Temporal_water_level": 11.22, "Year_of_observation": 2005.0, "Distance_of_Observation_Well": 2.354539, "Basin": "01", "State": "PB", "District": "Tarn Taran", "Block": "Chola Sahib", "Location": "Jauneka/ Naushera", "Latitude": 31.1875, "Longitude": 74.951944, "Well_Type": "01", "Year_of_Drill": "NA", "Depth_of_Drill__m_": 453.0, "Depth_of_Construction__mbgl_": "209.56", "Depth_of_Bedrock__mbgl_": "NA", "Major_Lithology": "Alluvium", "Static_Water_Level__mbgl_": 10.74, "Discharge__lps_": "484.5", "Draw_Down__m_": "5.95", "Transmissivity__m2_day_": "5800", "Storage_coefficient": "0.0018", "Specific_Capacity__lpm_m_DD_": "NA", "Electrical_Conductivity__Micro_Seimens__cm_": "547", "Chloride__mg_l_": "24", "Zones_Tapped__mbgl_": "NA", "Nitrate__mg_l_": "NA", "Fluoride__mg_l_": "NA", "Iron__mg_l_": "NA" }, "geometry": { "type": "Point", "coordinates": [ 74.951944, 31.1875 ] } },
{ "type": "Feature", "properties": { "GmlID": "LITHOLOG.756", "objectid": 756, "Lithology_Code": "L01197", "CGWB_Well_Serial_No": 15.0, "Temporal_water_level": 2.91, "Year_of_observation": 2005.0, "Distance_of_Observation_Well": 1.317198, "Basin": "01", "State": "PB", "District": "Sahibzada Ajit Singh Nagar", "Block": "Dera Bassi", "Location": "Khelan Dengri (Riverbed)", "Latitude": 30.383333, "Longitude": 76.902778, "Well_Type": "01", "Year_of_Drill": "NA", "Depth_of_Drill__m_": 31.0, "Depth_of_Construction__mbgl_": "31.00", "Depth_of_Bedrock__mbgl_": "NA", "Major_Lithology": "Sand and Clay Gravel", "Static_Water_Level__mbgl_": 2.14, "Discharge__lps_": "636", "Draw_Down__m_": "7.85", "Transmissivity__m2_day_": "146", "Storage_coefficient": "0.101", "Specific_Capacity__lpm_m_DD_": "NA", "Electrical_Conductivity__Micro_Seimens__cm_": "427", "Chloride__mg_l_": "7.1", "Zones_Tapped__mbgl_": "NA", "Nitrate__mg_l_": "NA", "Fluoride__mg_l_": "NA", "Iron__mg_l_": "NA" }, "geometry": { "type": "Point", "coordinates": [ 76.902778, 30.383333 ] } },
{ "type": "Feature", "properties": { "GmlID": "LITHOLOG.759", "objectid": 759, "Lithology_Code": "L01201", "CGWB_Well_Serial_No": 19.0, "Temporal_water_level": 7.36, "Year_of_observation": 1998.0, "Distance_of_Observation_Well": 1.291544, "Basin": "01", "State": "PB", "District": "Amritsar", "Block": "Chogawan", "Location": "Kohala (Iopoke)", "Latitude": 31.691667, "Longitude": 74.652778, "Well_Type": "01", "Year_of_Drill": "NA", "Depth_of_Drill__m_": 450.0, "Depth_of_Construction__mbgl_": "150.00", "Depth_of_Bedrock__mbgl_": "NA", "Major_Lithology": "Alluvium", "Static_Water_Level__mbgl_": 1.79, "Discharge__lps_": "4510", "Draw_Down__m_": "5.72", "Transmissivity__m2_day_": "2640", "Storage_coefficient": "NA", "Specific_Capacity__lpm_m_DD_": "NA", "Electrical_Conductivity__Micro_Seimens__cm_": "537", "Chloride__mg_l_": "10", "Zones_Tapped__mbgl_": "NA", "Nitrate__mg_l_": "NA", "Fluoride__mg_l_": "NA", "Iron__mg_l_": "NA" }, "geometry": { "type": "Point", "coordinates": [ 74.652778, 31.691667 ] } },
{ "type": "Feature", "properties": { "GmlID": "LITHOLOG.760", "objectid": 760, "Lithology_Code": "L01202", "CGWB_Well_Serial_No": 20.0, "Temporal_water_level": 12.06, "Year_of_observation": 2005.0, "Distance_of_Observation_Well": 4.745148, "Basin": "01", "State": "PB", "District": "Bathinda", "Block": "Bathinda", "Location": "Kheliwala", "Latitude": 30.3, "Longitude": 74.966667, "Well_Type": "01", "Year_of_Drill": "NA", "Depth_of_Drill__m_": 545.0, "Depth_of_Construction__mbgl_": "255.68", "Depth_of_Bedrock__mbgl_": "NA", "Major_Lithology": "Alluvium , Indus, Ghaggar", "Static_Water_Level__mbgl_": 8.62, "Discharge__lps_": "1006", "Draw_Down__m_": "47", "Transmissivity__m2_day_": "71", "Storage_coefficient": "NA", "Specific_Capacity__lpm_m_DD_": "NA", "Electrical_Conductivity__Micro_Seimens__cm_": "NA", "Chloride__mg_l_": "NA", "Zones_Tapped__mbgl_": "NA", "Nitrate__mg_l_": "NA", "Fluoride__mg_l_": "NA", "Iron__mg_l_": "NA" }, "geometry": { "type": "Point", "coordinates": [ 74.966667, 30.3 ] } },
{ "type": "Feature", "properties": { "GmlID": "LITHOLOG.761", "objectid": 761, "Lithology_Code": "L01203", "CGWB_Well_Serial_No": 21.0, "Temporal_water_level": 9.56, "Year_of_observation": 2001.0, "Distance_of_Observation_Well": 0.948576, "Basin": "01", "State": "PB", "District": "Bathinda", "Block": "Bathinda", "Location": "Gulabgarh", "Latitude": 30.141667, "Longitude": 75.002778, "Well_Type": "01", "Year_of_Drill": "NA", "Depth_of_Drill__m_": 297.9, "Depth_of_Construction__mbgl_": "159.50", "Depth_of_Bedrock__mbgl_": "NA", "Major_Lithology": "Alluvium , Indus, Ghaggar", "Static_Water_Level__mbgl_": 17.08, "Discharge__lps_": "1500", "Draw_Down__m_": "3.25", "Transmissivity__m2_day_": "1300", "Storage_coefficient": "0.028", "Specific_Capacity__lpm_m_DD_": "NA", "Electrical_Conductivity__Micro_Seimens__cm_": "3023", "Chloride__mg_l_": "278", "Zones_Tapped__mbgl_": "NA", "Nitrate__mg_l_": "NA", "Fluoride__mg_l_": "NA", "Iron__mg_l_": "NA" }, "geometry": { "type": "Point", "coordinates": [ 75.002778, 30.141667 ] } },
{ "type": "Feature", "properties": { "GmlID": "LITHOLOG.762", "objectid": 762, "Lithology_Code": "L01205", "CGWB_Well_Serial_No": 23.0, "Temporal_water_level": 4.35, "Year_of_observation": 2005.0, "Distance_of_Observation_Well": 6.513807, "Basin": "01", "State": "PB", "District": "Bathinda", "Block": "Bathinda", "Location": "Bathinda Cantt", "Latitude": 30.2, "Longitude": 74.95, "Well_Type": "01", "Year_of_Drill": "NA", "Depth_of_Drill__m_": 336.4, "Depth_of_Construction__mbgl_": "157.00", "Depth_of_Bedrock__mbgl_": "NA", "Major_Lithology": "Alluvium , Indus, Ghaggar", "Static_Water_Level__mbgl_": 7.26, "Discharge__lps_": "1734", "Draw_Down__m_": "NA", "Transmissivity__m2_day_": "NA", "Storage_coefficient": "NA", "Specific_Capacity__lpm_m_DD_": "NA", "Electrical_Conductivity__Micro_Seimens__cm_": "3023", "Chloride__mg_l_": "278", "Zones_Tapped__mbgl_": "NA", "Nitrate__mg_l_": "NA", "Fluoride__mg_l_": "NA", "Iron__mg_l_": "NA" }, "geometry": { "type": "Point", "coordinates": [ 74.95, 30.2 ] } },
{ "type": "Feature", "properties": { "GmlID": "LITHOLOG.763", "objectid": 763, "Lithology_Code": "L01206", "CGWB_Well_Serial_No": 24.0, "Temporal_water_level": 7.12, "Year_of_observation": 1998.0, "Distance_of_Observation_Well": 7.935487, "Basin": "01", "State": "PB", "District": "Bathinda", "Block": "Phul", "Location": "Bhairupa", "Latitude": 30.433333, "Longitude": 75.223611, "Well_Type": "01", "Year_of_Drill": "NA", "Depth_of_Drill__m_": 250.0, "Depth_of_Construction__mbgl_": "105.00", "Depth_of_Bedrock__mbgl_": "NA", "Major_Lithology": "Alluvium , Indus, Ghaggar", "Static_Water_Level__mbgl_": 12.94, "Discharge__lps_": "NA", "Draw_Down__m_": "1.4", "Transmissivity__m2_day_": "NA", "Storage_coefficient": "NA", "Specific_Capacity__lpm_m_DD_": "NA", "Electrical_Conductivity__Micro_Seimens__cm_": "NA", "Chloride__mg_l_": "NA", "Zones_Tapped__mbgl_": "NA", "Nitrate__mg_l_": "NA", "Fluoride__mg_l_": "NA", "Iron__mg_l_": "NA" }, "geometry": { "type": "Point", "coordinates": [ 75.223611, 30.433333 ] } },
{ "type": "Feature", "properties": { "GmlID": "LITHOLOG.820", "objectid": 820, "Lithology_Code": "L01270", "CGWB_Well_Serial_No": 88.0, "Temporal_water_level": 1.96, "Year_of_observation": 2005.0, "Distance_of_Observation_Well": 0.497708, "Basin": "01", "State": "PB", "District": "Faridkot", "Block": "Faridkot", "Location": "Deepsingh Wala", "Latitude": 30.741667, "Longitude": 74.483333, "Well_Type": "01", "Year_of_Drill": "NA", "Depth_of_Drill__m_": 350.0, "Depth_of_Construction__mbgl_": "110.00", "Depth_of_Bedrock__mbgl_": "NA", "Major_Lithology": "Alluvium, Indus, Sutlej", "Static_Water_Level__mbgl_": 3.48, "Discharge__lps_": "3885", "Draw_Down__m_": "NA", "Transmissivity__m2_day_": "NA", "Storage_coefficient": "NA", "Specific_Capacity__lpm_m_DD_": "NA", "Electrical_Conductivity__Micro_Seimens__cm_": "729", "Chloride__mg_l_": "29", "Zones_Tapped__mbgl_": "NA", "Nitrate__mg_l_": "NA", "Fluoride__mg_l_": "NA", "Iron__mg_l_": "NA" }, "geometry": { "type": "Point", "coordinates": [ 74.483333, 30.741667 ] } },
{ "type": "Feature", "properties": { "GmlID": "LITHOLOG.831", "objectid": 831, "Lithology_Code": "L01283", "CGWB_Well_Serial_No": 101.0, "Temporal_water_level": 7.0, "Year_of_observation": 2003.0, "Distance_of_Observation_Well": 2.733061, "Basin": "01", "State": "PB", "District": "Fatehgarh Sahib", "Block": "Khera", "Location": "Rasulpurkhera", "Latitude": 30.633333, "Longitude": 76.566667, "Well_Type": "01", "Year_of_Drill": "NA", "Depth_of_Drill__m_": 550.47, "Depth_of_Construction__mbgl_": "205.00", "Depth_of_Bedrock__mbgl_": "205.00", "Major_Lithology": "NA", "Static_Water_Level__mbgl_": 8.58, "Discharge__lps_": "2500", "Draw_Down__m_": "8.5", "Transmissivity__m2_day_": "1780", "Storage_coefficient": "0.00126", "Specific_Capacity__lpm_m_DD_": "NA", "Electrical_Conductivity__Micro_Seimens__cm_": "NA", "Chloride__mg_l_": "NA", "Zones_Tapped__mbgl_": "NA", "Nitrate__mg_l_": "NA", "Fluoride__mg_l_": "NA", "Iron__mg_l_": "NA" }, "geometry": { "type": "Point", "coordinates": [ 76.566667, 30.633333 ] } },
{ "type": "Feature", "properties": { "GmlID": "LITHOLOG.832", "objectid": 832, "Lithology_Code": "L01284", "CGWB_Well_Serial_No": 102.0, "Temporal_water_level": 4.35, "Year_of_observation": 2004.0, "Distance_of_Observation_Well": 3.851596, "Basin": "01", "State": "PB", "District": "Firozpur", "Block": "Jalalabad", "Location": "Gandri Jalalabad", "Latitude": 30.480611, "Longitude": 74.357697, "Well_Type": "01", "Year_of_Drill": "NA", "Depth_of_Drill__m_": 314.66, "Depth_of_Construction__mbgl_": "NA", "Depth_of_Bedrock__mbgl_": "NA", "Major_Lithology": "Alluvium, Indus, Sutlej", "Static_Water_Level__mbgl_": null, "Discharge__lps_": "NA", "Draw_Down__m_": "NA", "Transmissivity__m2_day_": "NA", "Storage_coefficient": "NA", "Specific_Capacity__lpm_m_DD_": "NA", "Electrical_Conductivity__Micro_Seimens__cm_": "NA", "Chloride__mg_l_": "NA", "Zones_Tapped__mbgl_": "NA", "Nitrate__mg_l_": "NA", "Fluoride__mg_l_": "NA", "Iron__mg_l_": "NA" }, "geometry": { "type": "Point", "coordinates": [ 74.357697, 30.480611 ] } },
{ "type": "Feature", "properties": { "GmlID": "LITHOLOG.833", "objectid": 833, "Lithology_Code": "L01285", "CGWB_Well_Serial_No": 103.0, "Temporal_water_level": 0.57, "Year_of_observation": 2005.0, "Distance_of_Observation_Well": 2.6492, "Basin": "01", "State": "PB", "District": "Firozpur", "Block": "Jalalabad", "Location": "Ladhuwala Lalalabad", "Latitude": 30.5375, "Longitude": 74.358333, "Well_Type": "01", "Year_of_Drill": "NA", "Depth_of_Drill__m_": 310.52, "Depth_of_Construction__mbgl_": "NA", "Depth_of_Bedrock__mbgl_": "NA", "Major_Lithology": "Alluvium, Indus, Sutlej", "Static_Water_Level__mbgl_": 16.63, "Discharge__lps_": "NA", "Draw_Down__m_": "NA", "Transmissivity__m2_day_": "NA", "Storage_coefficient": "NA", "Specific_Capacity__lpm_m_DD_": "NA", "Electrical_Conductivity__Micro_Seimens__cm_": "5500", "Chloride__mg_l_": "NA", "Zones_Tapped__mbgl_": "NA", "Nitrate__mg_l_": "NA", "Fluoride__mg_l_": "NA", "Iron__mg_l_": "NA" }, "geometry": { "type": "Point", "coordinates": [ 74.358333, 30.5375 ] } },
{ "type": "Feature", "properties": { "GmlID": "LITHOLOG.834", "objectid": 834, "Lithology_Code": "L01286", "CGWB_Well_Serial_No": 104.0, "Temporal_water_level": 7.34, "Year_of_observation": 2004.0, "Distance_of_Observation_Well": 0.458288, "Basin": "01", "State": "PB", "District": "Firozpur", "Block": "Abohar", "Location": "Bhagu Khuian Sarovar", "Latitude": 30.029167, "Longitude": 74.238889, "Well_Type": "01", "Year_of_Drill": "NA", "Depth_of_Drill__m_": 292.0, "Depth_of_Construction__mbgl_": "NA", "Depth_of_Bedrock__mbgl_": "NA", "Major_Lithology": "Alluvium, Indus, Sutlej", "Static_Water_Level__mbgl_": null, "Discharge__lps_": "NA", "Draw_Down__m_": "NA", "Transmissivity__m2_day_": "NA", "Storage_coefficient": "NA", "Specific_Capacity__lpm_m_DD_": "NA", "Electrical_Conductivity__Micro_Seimens__cm_": "3750", "Chloride__mg_l_": "NA", "Zones_Tapped__mbgl_": "NA", "Nitrate__mg_l_": "NA", "Fluoride__mg_l_": "NA", "Iron__mg_l_": "NA" }, "geometry": { "type": "Point", "coordinates": [ 74.238889, 30.029167 ] } },
{ "type": "Feature", "properties": { "GmlID": "LITHOLOG.835", "objectid": 835, "Lithology_Code": "L01287", "CGWB_Well_Serial_No": 105.0, "Temporal_water_level": 7.54, "Year_of_observation": 1997.0, "Distance_of_Observation_Well": 5.572177, "Basin": "01", "State": "PB", "District": "Firozpur", "Block": "Fazilka", "Location": "Churanawali Fazilka", "Latitude": 30.391667, "Longitude": 74.086111, "Well_Type": "01", "Year_of_Drill": "NA", "Depth_of_Drill__m_": 453.75, "Depth_of_Construction__mbgl_": "NA", "Depth_of_Bedrock__mbgl_": "NA", "Major_Lithology": "Alluvium, Indus, Sutlej", "Static_Water_Level__mbgl_": null, "Discharge__lps_": "NA", "Draw_Down__m_": "NA", "Transmissivity__m2_day_": "NA", "Storage_coefficient": "NA", "Specific_Capacity__lpm_m_DD_": "NA", "Electrical_Conductivity__Micro_Seimens__cm_": "NA", "Chloride__mg_l_": "NA", "Zones_Tapped__mbgl_": "NA", "Nitrate__mg_l_": "NA", "Fluoride__mg_l_": "NA", "Iron__mg_l_": "NA" }, "geometry": { "type": "Point", "coordinates": [ 74.086111, 30.391667 ] } },
{ "type": "Feature", "properties": { "GmlID": "LITHOLOG.836", "objectid": 836, "Lithology_Code": "L01288", "CGWB_Well_Serial_No": 106.0, "Temporal_water_level": 2.39, "Year_of_observation": 2005.0, "Distance_of_Observation_Well": 12.414583, "Basin": "01", "State": "PB", "District": "Firozpur", "Block": "Jalalabad", "Location": "Moharsinghwala Jalalabad", "Latitude": 30.6, "Longitude": 74.172222, "Well_Type": "01", "Year_of_Drill": "NA", "Depth_of_Drill__m_": 454.23, "Depth_of_Construction__mbgl_": "168.60", "Depth_of_Bedrock__mbgl_": "NA", "Major_Lithology": "Alluvium, Indus, Sutlej", "Static_Water_Level__mbgl_": 2.51, "Discharge__lps_": "3478", "Draw_Down__m_": "6.23", "Transmissivity__m2_day_": "2450", "Storage_coefficient": "0.00138", "Specific_Capacity__lpm_m_DD_": "NA", "Electrical_Conductivity__Micro_Seimens__cm_": "1047", "Chloride__mg_l_": "75", "Zones_Tapped__mbgl_": "NA", "Nitrate__mg_l_": "NA", "Fluoride__mg_l_": "NA", "Iron__mg_l_": "NA" }, "geometry": { "type": "Point", "coordinates": [ 74.172222, 30.6 ] } },
{ "type": "Feature", "properties": { "GmlID": "LITHOLOG.837", "objectid": 837, "Lithology_Code": "L01289", "CGWB_Well_Serial_No": 107.0, "Temporal_water_level": 6.0, "Year_of_observation": 2002.0, "Distance_of_Observation_Well": 4.797137, "Basin": "01", "State": "PB", "District": "Firozpur", "Block": "Guru Har Sahai", "Location": "Mohan Ka Hithar Guruharshai", "Latitude": 30.716667, "Longitude": 74.358333, "Well_Type": "01", "Year_of_Drill": "NA", "Depth_of_Drill__m_": 417.0, "Depth_of_Construction__mbgl_": "328.55", "Depth_of_Bedrock__mbgl_": "NA", "Major_Lithology": "Alluvium, Indus, Sutlej", "Static_Water_Level__mbgl_": 4.65, "Discharge__lps_": "3010", "Draw_Down__m_": "3", "Transmissivity__m2_day_": "NA", "Storage_coefficient": "NA", "Specific_Capacity__lpm_m_DD_": "NA", "Electrical_Conductivity__Micro_Seimens__cm_": "1108", "Chloride__mg_l_": "61", "Zones_Tapped__mbgl_": "NA", "Nitrate__mg_l_": "NA", "Fluoride__mg_l_": "NA", "Iron__mg_l_": "NA" }, "geometry": { "type": "Point", "coordinates": [ 74.358333, 30.716667 ] } },
{ "type": "Feature", "properties": { "GmlID": "LITHOLOG.838", "objectid": 838, "Lithology_Code": "L01290", "CGWB_Well_Serial_No": 108.0, "Temporal_water_level": 1.96, "Year_of_observation": 2005.0, "Distance_of_Observation_Well": 13.090606, "Basin": "01", "State": "PB", "District": "Firozpur", "Block": "Mamdot", "Location": "Karman Mamdot", "Latitude": 30.858333, "Longitude": 74.485278, "Well_Type": "01", "Year_of_Drill": "NA", "Depth_of_Drill__m_": 300.0, "Depth_of_Construction__mbgl_": "199.50", "Depth_of_Bedrock__mbgl_": "NA", "Major_Lithology": "Alluvium, Indus, Sutlej", "Static_Water_Level__mbgl_": 3.11, "Discharge__lps_": "3706", "Draw_Down__m_": "4.326", "Transmissivity__m2_day_": "2660", "Storage_coefficient": "0.00064", "Specific_Capacity__lpm_m_DD_": "NA", "Electrical_Conductivity__Micro_Seimens__cm_": "622", "Chloride__mg_l_": "14", "Zones_Tapped__mbgl_": "NA", "Nitrate__mg_l_": "NA", "Fluoride__mg_l_": "NA", "Iron__mg_l_": "NA" }, "geometry": { "type": "Point", "coordinates": [ 74.485278, 30.858333 ] } },
{ "type": "Feature", "properties": { "GmlID": "LITHOLOG.839", "objectid": 839, "Lithology_Code": "L01291", "CGWB_Well_Serial_No": 109.0, "Temporal_water_level": 1.8, "Year_of_observation": 2005.0, "Distance_of_Observation_Well": 1.844719, "Basin": "01", "State": "PB", "District": "Firozpur", "Block": "Makhu", "Location": "Butewalan Makhu", "Latitude": 31.091667, "Longitude": 74.9, "Well_Type": "01", "Year_of_Drill": "NA", "Depth_of_Drill__m_": 302.0, "Depth_of_Construction__mbgl_": "225.15", "Depth_of_Bedrock__mbgl_": "NA", "Major_Lithology": "Alluvium, Indus, Sutlej", "Static_Water_Level__mbgl_": 1.75, "Discharge__lps_": "4840", "Draw_Down__m_": "15.72", "Transmissivity__m2_day_": "1210", "Storage_coefficient": "NA", "Specific_Capacity__lpm_m_DD_": "NA", "Electrical_Conductivity__Micro_Seimens__cm_": "464", "Chloride__mg_l_": "16", "Zones_Tapped__mbgl_": "NA", "Nitrate__mg_l_": "NA", "Fluoride__mg_l_": "NA", "Iron__mg_l_": "NA" }, "geometry": { "type": "Point", "coordinates": [ 74.9, 31.091667 ] } },
{ "type": "Feature", "properties": { "GmlID": "LITHOLOG.840", "objectid": 840, "Lithology_Code": "L01292", "CGWB_Well_Serial_No": 110.0, "Temporal_water_level": 5.15, "Year_of_observation": 2005.0, "Distance_of_Observation_Well": 12.762121, "Basin": "01", "State": "PB", "District": "Firozpur", "Block": "Ghall Khurd", "Location": "Sherkhanwala Galkhurd", "Latitude": 30.95, "Longitude": 74.745833, "Well_Type": "01", "Year_of_Drill": "NA", "Depth_of_Drill__m_": 454.41, "Depth_of_Construction__mbgl_": "309.60", "Depth_of_Bedrock__mbgl_": "NA", "Major_Lithology": "Alluvium, Indus, Sutlej", "Static_Water_Level__mbgl_": 1.57, "Discharge__lps_": "4840", "Draw_Down__m_": "7.99", "Transmissivity__m2_day_": "1890", "Storage_coefficient": "NA", "Specific_Capacity__lpm_m_DD_": "NA", "Electrical_Conductivity__Micro_Seimens__cm_": "640", "Chloride__mg_l_": "23", "Zones_Tapped__mbgl_": "NA", "Nitrate__mg_l_": "NA", "Fluoride__mg_l_": "NA", "Iron__mg_l_": "NA" }, "geometry": { "type": "Point", "coordinates": [ 74.745833, 30.95 ] } },
{ "type": "Feature", "properties": { "GmlID": "LITHOLOG.841", "objectid": 841, "Lithology_Code": "L01293", "CGWB_Well_Serial_No": 111.0, "Temporal_water_level": 1.8, "Year_of_observation": 2005.0, "Distance_of_Observation_Well": 15.052793, "Basin": "01", "State": "PB", "District": "Firozpur", "Block": "Ferozpur", "Location": "Usmanwala Firojpur", "Latitude": 31.05, "Longitude": 74.745833, "Well_Type": "01", "Year_of_Drill": "NA", "Depth_of_Drill__m_": 310.64, "Depth_of_Construction__mbgl_": "92.00", "Depth_of_Bedrock__mbgl_": "NA", "Major_Lithology": "Alluvium, Indus, Sutlej", "Static_Water_Level__mbgl_": 2.53, "Discharge__lps_": "3478", "Draw_Down__m_": "11.85", "Transmissivity__m2_day_": "977", "Storage_coefficient": "NA", "Specific_Capacity__lpm_m_DD_": "NA", "Electrical_Conductivity__Micro_Seimens__cm_": "633", "Chloride__mg_l_": "18", "Zones_Tapped__mbgl_": "NA", "Nitrate__mg_l_": "NA", "Fluoride__mg_l_": "NA", "Iron__mg_l_": "NA" }, "geometry": { "type": "Point", "coordinates": [ 74.745833, 31.05 ] } },
{ "type": "Feature", "properties": { "GmlID": "LITHOLOG.842", "objectid": 842, "Lithology_Code": "L01294", "CGWB_Well_Serial_No": 112.0, "Temporal_water_level": 2.54, "Year_of_observation": 2005.0, "Distance_of_Observation_Well": 3.456146, "Basin": "01", "State": "PB", "District": "Firozpur", "Block": "Abohar", "Location": "Abohar", "Latitude": 30.166667, "Longitude": 74.220833, "Well_Type": "01", "Year_of_Drill": "NA", "Depth_of_Drill__m_": 342.29, "Depth_of_Construction__mbgl_": "NA", "Depth_of_Bedrock__mbgl_": "336.20", "Major_Lithology": "Alluvium, Indus, Sutlej", "Static_Water_Level__mbgl_": null, "Discharge__lps_": "NA", "Draw_Down__m_": "NA", "Transmissivity__m2_day_": "NA", "Storage_coefficient": "NA", "Specific_Capacity__lpm_m_DD_": "NA", "Electrical_Conductivity__Micro_Seimens__cm_": "NA", "Chloride__mg_l_": "NA", "Zones_Tapped__mbgl_": "NA", "Nitrate__mg_l_": "NA", "Fluoride__mg_l_": "NA", "Iron__mg_l_": "NA" }, "geometry": { "type": "Point", "coordinates": [ 74.220833, 30.166667 ] } },
{ "type": "Feature", "properties": { "GmlID": "LITHOLOG.843", "objectid": 843, "Lithology_Code": "L01295", "CGWB_Well_Serial_No": 113.0, "Temporal_water_level": 2.39, "Year_of_observation": 2005.0, "Distance_of_Observation_Well": 7.175235, "Basin": "01", "State": "PB", "District": "Firozpur", "Block": "Jalalabad", "Location": "Gumaniwala Jalalabad", "Latitude": 30.589167, "Longitude": 74.237222, "Well_Type": "02", "Year_of_Drill": "NA", "Depth_of_Drill__m_": 325.0, "Depth_of_Construction__mbgl_": "139.00", "Depth_of_Bedrock__mbgl_": "NA", "Major_Lithology": "Alluvium, Indus, Sutlej", "Static_Water_Level__mbgl_": 14.59, "Discharge__lps_": "NA", "Draw_Down__m_": "NA", "Transmissivity__m2_day_": "NA", "Storage_coefficient": "NA", "Specific_Capacity__lpm_m_DD_": "NA", "Electrical_Conductivity__Micro_Seimens__cm_": "NA", "Chloride__mg_l_": "NA", "Zones_Tapped__mbgl_": "NA", "Nitrate__mg_l_": "NA", "Fluoride__mg_l_": "NA", "Iron__mg_l_": "NA" }, "geometry": { "type": "Point", "coordinates": [ 74.237222, 30.589167 ] } },
{ "type": "Feature", "properties": { "GmlID": "LITHOLOG.844", "objectid": 844, "Lithology_Code": "L01296", "CGWB_Well_Serial_No": 114.0, "Temporal_water_level": 2.39, "Year_of_observation": 2005.0, "Distance_of_Observation_Well": 6.971796, "Basin": "01", "State": "PB", "District": "Firozpur", "Block": "Jalalabad", "Location": "Bandiwala Jalalabad", "Latitude": 30.5425, "Longitude": 74.206389, "Well_Type": "01", "Year_of_Drill": "NA", "Depth_of_Drill__m_": 350.0, "Depth_of_Construction__mbgl_": "NA", "Depth_of_Bedrock__mbgl_": "NA", "Major_Lithology": "Alluvium, Indus, Sutlej", "Static_Water_Level__mbgl_": null, "Discharge__lps_": "NA", "Draw_Down__m_": "NA", "Transmissivity__m2_day_": "NA", "Storage_coefficient": "NA", "Specific_Capacity__lpm_m_DD_": "NA", "Electrical_Conductivity__Micro_Seimens__cm_": "NA", "Chloride__mg_l_": "NA", "Zones_Tapped__mbgl_": "NA", "Nitrate__mg_l_": "NA", "Fluoride__mg_l_": "NA", "Iron__mg_l_": "NA" }, "geometry": { "type": "Point", "coordinates": [ 74.206389, 30.5425 ] } },
{ "type": "Feature", "properties": { "GmlID": "LITHOLOG.845", "objectid": 845, "Lithology_Code": "L01297", "CGWB_Well_Serial_No": 115.0, "Temporal_water_level": 7.54, "Year_of_observation": 1997.0, "Distance_of_Observation_Well": 5.411604, "Basin": "01", "State": "PB", "District": "Firozpur", "Block": "Fazilka", "Location": "Mauzam Fazilka", "Latitude": 30.433333, "Longitude": 73.980833, "Well_Type": "02", "Year_of_Drill": "NA", "Depth_of_Drill__m_": 347.0, "Depth_of_Construction__mbgl_": "155.00", "Depth_of_Bedrock__mbgl_": "NA", "Major_Lithology": "Alluvium, Indus, Sutlej", "Static_Water_Level__mbgl_": 9.68, "Discharge__lps_": "2268", "Draw_Down__m_": "NA", "Transmissivity__m2_day_": "NA", "Storage_coefficient": "NA", "Specific_Capacity__lpm_m_DD_": "NA", "Electrical_Conductivity__Micro_Seimens__cm_": "1420", "Chloride__mg_l_": "12", "Zones_Tapped__mbgl_": "NA", "Nitrate__mg_l_": "NA", "Fluoride__mg_l_": "NA", "Iron__mg_l_": "NA" }, "geometry": { "type": "Point", "coordinates": [ 73.980833, 30.433333 ] } },
{ "type": "Feature", "properties": { "GmlID": "LITHOLOG.846", "objectid": 846, "Lithology_Code": "L01298", "CGWB_Well_Serial_No": 116.0, "Temporal_water_level": 7.54, "Year_of_observation": 1997.0, "Distance_of_Observation_Well": 5.712314, "Basin": "01", "State": "PB", "District": "Firozpur", "Block": "Fazilka", "Location": "Teh Qualandar Fazilka", "Latitude": 30.444444, "Longitude": 74.077778, "Well_Type": "01", "Year_of_Drill": "NA", "Depth_of_Drill__m_": 157.0, "Depth_of_Construction__mbgl_": "157.00", "Depth_of_Bedrock__mbgl_": "NA", "Major_Lithology": "Alluvium, Indus, Sutlej", "Static_Water_Level__mbgl_": 10.09, "Discharge__lps_": "2188", "Draw_Down__m_": "NA", "Transmissivity__m2_day_": "NA", "Storage_coefficient": "NA", "Specific_Capacity__lpm_m_DD_": "NA", "Electrical_Conductivity__Micro_Seimens__cm_": "1820", "Chloride__mg_l_": "24", "Zones_Tapped__mbgl_": "NA", "Nitrate__mg_l_": "NA", "Fluoride__mg_l_": "NA", "Iron__mg_l_": "NA" }, "geometry": { "type": "Point", "coordinates": [ 74.077778, 30.444444 ] } },
{ "type": "Feature", "properties": { "GmlID": "LITHOLOG.847", "objectid": 847, "Lithology_Code": "L01299", "CGWB_Well_Serial_No": 117.0, "Temporal_water_level": 8.4, "Year_of_observation": 2005.0, "Distance_of_Observation_Well": 2.105009, "Basin": "01", "State": "PB", "District": "Gurdaspur", "Block": "Pathankot", "Location": "Garhmal/ Pathankot", "Latitude": 32.166667, "Longitude": 75.583333, "Well_Type": "01", "Year_of_Drill": "NA", "Depth_of_Drill__m_": 97.0, "Depth_of_Construction__mbgl_": "85.50", "Depth_of_Bedrock__mbgl_": "NA", "Major_Lithology": "Alluvium, Indus, Ravi", "Static_Water_Level__mbgl_": 9.4, "Discharge__lps_": "973", "Draw_Down__m_": "13.08", "Transmissivity__m2_day_": "142", "Storage_coefficient": "NA", "Specific_Capacity__lpm_m_DD_": "NA", "Electrical_Conductivity__Micro_Seimens__cm_": "385", "Chloride__mg_l_": "71", "Zones_Tapped__mbgl_": "NA", "Nitrate__mg_l_": "NA", "Fluoride__mg_l_": "NA", "Iron__mg_l_": "NA" }, "geometry": { "type": "Point", "coordinates": [ 75.583333, 32.166667 ] } },
{ "type": "Feature", "properties": { "GmlID": "LITHOLOG.848", "objectid": 848, "Lithology_Code": "L01300", "CGWB_Well_Serial_No": 118.0, "Temporal_water_level": null, "Year_of_observation": null, "Distance_of_Observation_Well": 0.152604, "Basin": "01", "State": "PB", "District": "Gurdaspur", "Block": "Narot Jaimal Singh", "Location": "Taragarh/ N.S. Singh", "Latitude": 32.194444, "Longitude": 75.454167, "Well_Type": "02", "Year_of_Drill": "NA", "Depth_of_Drill__m_": 302.5, "Depth_of_Construction__mbgl_": "120.00", "Depth_of_Bedrock__mbgl_": "NA", "Major_Lithology": "Alluvium, Indus, Ravi", "Static_Water_Level__mbgl_": 0.29, "Discharge__lps_": "3244", "Draw_Down__m_": "11.14", "Transmissivity__m2_day_": "1300", "Storage_coefficient": "0.000403", "Specific_Capacity__lpm_m_DD_": "NA", "Electrical_Conductivity__Micro_Seimens__cm_": "420", "Chloride__mg_l_": "7.1", "Zones_Tapped__mbgl_": "NA", "Nitrate__mg_l_": "NA", "Fluoride__mg_l_": "NA", "Iron__mg_l_": "NA" }, "geometry": { "type": "Point", "coordinates": [ 75.454167, 32.194444 ] } },
{ "type": "Feature", "properties": { "GmlID": "LITHOLOG.849", "objectid": 849, "Lithology_Code": "L01302", "CGWB_Well_Serial_No": 120.0, "Temporal_water_level": 11.4, "Year_of_observation": 1996.0, "Distance_of_Observation_Well": 1.871417, "Basin": "01", "State": "PB", "District": "Gurdaspur", "Block": "Gurdaspur", "Location": "Gazikot", "Latitude": 32.026389, "Longitude": 75.475, "Well_Type": "02", "Year_of_Drill": "NA", "Depth_of_Drill__m_": 288.3, "Depth_of_Construction__mbgl_": "270.30", "Depth_of_Bedrock__mbgl_": "NA", "Major_Lithology": "Alluvium, Indus, Ravi", "Static_Water_Level__mbgl_": 2.29, "Discharge__lps_": "3705", "Draw_Down__m_": "5.2", "Transmissivity__m2_day_": "7720", "Storage_coefficient": "0.0018", "Specific_Capacity__lpm_m_DD_": "NA", "Electrical_Conductivity__Micro_Seimens__cm_": "359", "Chloride__mg_l_": "6.03", "Zones_Tapped__mbgl_": "NA", "Nitrate__mg_l_": "NA", "Fluoride__mg_l_": "NA", "Iron__mg_l_": "NA" }, "geometry": { "type": "Point", "coordinates": [ 75.475, 32.026389 ] } },
{ "type": "Feature", "properties": { "GmlID": "LITHOLOG.850", "objectid": 850, "Lithology_Code": "L01303", "CGWB_Well_Serial_No": 121.0, "Temporal_water_level": 3.96, "Year_of_observation": 2005.0, "Distance_of_Observation_Well": 0.129983, "Basin": "01", "State": "PB", "District": "Gurdaspur", "Block": "Dera Baba Nanak", "Location": "Mullo-Wali/ D.B. Nanak", "Latitude": 31.991667, "Longitude": 75.006944, "Well_Type": "02", "Year_of_Drill": "NA", "Depth_of_Drill__m_": 276.9, "Depth_of_Construction__mbgl_": "129.00", "Depth_of_Bedrock__mbgl_": "NA", "Major_Lithology": "Alluvium, Indus, Ravi", "Static_Water_Level__mbgl_": 1.96, "Discharge__lps_": "4122", "Draw_Down__m_": "15.5", "Transmissivity__m2_day_": "2780", "Storage_coefficient": "0.001", "Specific_Capacity__lpm_m_DD_": "NA", "Electrical_Conductivity__Micro_Seimens__cm_": "373", "Chloride__mg_l_": "11", "Zones_Tapped__mbgl_": "NA", "Nitrate__mg_l_": "NA", "Fluoride__mg_l_": "NA", "Iron__mg_l_": "NA" }, "geometry": { "type": "Point", "coordinates": [ 75.006944, 31.991667 ] } },
{ "type": "Feature", "properties": { "GmlID": "LITHOLOG.851", "objectid": 851, "Lithology_Code": "L01305", "CGWB_Well_Serial_No": 123.0, "Temporal_water_level": 19.35, "Year_of_observation": 2005.0, "Distance_of_Observation_Well": 0.520903, "Basin": "01", "State": "PB", "District": "Gurdaspur", "Block": "Sri Hargobindpur", "Location": "Aulakh Kalan/ F.G. Churian", "Latitude": 31.791111, "Longitude": 75.505, "Well_Type": "02", "Year_of_Drill": "NA", "Depth_of_Drill__m_": 375.3, "Depth_of_Construction__mbgl_": "335.00", "Depth_of_Bedrock__mbgl_": "NA", "Major_Lithology": "Alluvium, Indus, Ravi", "Static_Water_Level__mbgl_": 17.57, "Discharge__lps_": "4016", "Draw_Down__m_": "6", "Transmissivity__m2_day_": "4380", "Storage_coefficient": "0.00172", "Specific_Capacity__lpm_m_DD_": "NA", "Electrical_Conductivity__Micro_Seimens__cm_": "365", "Chloride__mg_l_": "7.1", "Zones_Tapped__mbgl_": "NA", "Nitrate__mg_l_": "NA", "Fluoride__mg_l_": "NA", "Iron__mg_l_": "NA" }, "geometry": { "type": "Point", "coordinates": [ 75.505, 31.791111 ] } },
{ "type": "Feature", "properties": { "GmlID": "LITHOLOG.852", "objectid": 852, "Lithology_Code": "L01306", "CGWB_Well_Serial_No": 124.0, "Temporal_water_level": null, "Year_of_observation": null, "Distance_of_Observation_Well": 0.0, "Basin": "01", "State": "PB", "District": "Gurdaspur", "Block": "Kahnuwan", "Location": "Dekoha/ Sh. H.G. Pur", "Latitude": 31.65, "Longitude": 75.383333, "Well_Type": "02", "Year_of_Drill": "NA", "Depth_of_Drill__m_": 300.0, "Depth_of_Construction__mbgl_": "206.00", "Depth_of_Bedrock__mbgl_": "NA", "Major_Lithology": "Alluvium, Indus, Ravi", "Static_Water_Level__mbgl_": 7.1, "Discharge__lps_": "3053", "Draw_Down__m_": "7", "Transmissivity__m2_day_": "1830", "Storage_coefficient": "0.00216", "Specific_Capacity__lpm_m_DD_": "NA", "Electrical_Conductivity__Micro_Seimens__cm_": "573", "Chloride__mg_l_": "8.9", "Zones_Tapped__mbgl_": "NA", "Nitrate__mg_l_": "NA", "Fluoride__mg_l_": "NA", "Iron__mg_l_": "NA" }, "geometry": { "type": "Point", "coordinates": [ 75.383333, 31.65 ] } },
{ "type": "Feature", "properties": { "GmlID": "LITHOLOG.853", "objectid": 853, "Lithology_Code": "L01307", "CGWB_Well_Serial_No": 125.0, "Temporal_water_level": null, "Year_of_observation": null, "Distance_of_Observation_Well": 0.644695, "Basin": "01", "State": "PB", "District": "Gurdaspur", "Block": "Dina Nagar", "Location": "Thathi/ Dinanagar", "Latitude": 32.138889, "Longitude": 75.339722, "Well_Type": "02", "Year_of_Drill": "NA", "Depth_of_Drill__m_": 312.0, "Depth_of_Construction__mbgl_": "299.50", "Depth_of_Bedrock__mbgl_": "NA", "Major_Lithology": "Alluvium, Indus, Ravi", "Static_Water_Level__mbgl_": null, "Discharge__lps_": "3704", "Draw_Down__m_": "9.75", "Transmissivity__m2_day_": "7461", "Storage_coefficient": "0.00299", "Specific_Capacity__lpm_m_DD_": "NA", "Electrical_Conductivity__Micro_Seimens__cm_": "323", "Chloride__mg_l_": "71", "Zones_Tapped__mbgl_": "NA", "Nitrate__mg_l_": "NA", "Fluoride__mg_l_": "NA", "Iron__mg_l_": "NA" }, "geometry": { "type": "Point", "coordinates": [ 75.339722, 32.138889 ] } },
{ "type": "Feature", "properties": { "GmlID": "LITHOLOG.854", "objectid": 854, "Lithology_Code": "L01308", "CGWB_Well_Serial_No": 126.0, "Temporal_water_level": 5.0, "Year_of_observation": 1997.0, "Distance_of_Observation_Well": 2.362551, "Basin": "01", "State": "PB", "District": "Gurdaspur", "Block": "Batala", "Location": "Batala/ Batala", "Latitude": 31.830556, "Longitude": 75.225, "Well_Type": "01", "Year_of_Drill": "NA", "Depth_of_Drill__m_": 315.7, "Depth_of_Construction__mbgl_": "32.20", "Depth_of_Bedrock__mbgl_": "NA", "Major_Lithology": "Alluvium, Indus, Ravi", "Static_Water_Level__mbgl_": null, "Discharge__lps_": "NA", "Draw_Down__m_": "NA", "Transmissivity__m2_day_": "NA", "Storage_coefficient": "NA", "Specific_Capacity__lpm_m_DD_": "NA", "Electrical_Conductivity__Micro_Seimens__cm_": "NA", "Chloride__mg_l_": "NA", "Zones_Tapped__mbgl_": "NA", "Nitrate__mg_l_": "NA", "Fluoride__mg_l_": "NA", "Iron__mg_l_": "NA" }, "geometry": { "type": "Point", "coordinates": [ 75.225, 31.830556 ] } },
{ "type": "Feature", "properties": { "GmlID": "LITHOLOG.855", "objectid": 855, "Lithology_Code": "L01309", "CGWB_Well_Serial_No": 127.0, "Temporal_water_level": 1.78, "Year_of_observation": 1998.0, "Distance_of_Observation_Well": 2.624573, "Basin": "01", "State": "PB", "District": "Gurdaspur", "Block": "Dina Nagar", "Location": "Bhadroya/ Pathankot", "Latitude": 32.115556, "Longitude": 75.565556, "Well_Type": "01", "Year_of_Drill": "NA", "Depth_of_Drill__m_": 115.0, "Depth_of_Construction__mbgl_": "100.00", "Depth_of_Bedrock__mbgl_": "NA", "Major_Lithology": "Alluvium, Indus, Beas", "Static_Water_Level__mbgl_": 0.73, "Discharge__lps_": "2105", "Draw_Down__m_": "16.25", "Transmissivity__m2_day_": "3540", "Storage_coefficient": "0.000119", "Specific_Capacity__lpm_m_DD_": "NA", "Electrical_Conductivity__Micro_Seimens__cm_": "487", "Chloride__mg_l_": "7.1", "Zones_Tapped__mbgl_": "NA", "Nitrate__mg_l_": "NA", "Fluoride__mg_l_": "NA", "Iron__mg_l_": "NA" }, "geometry": { "type": "Point", "coordinates": [ 75.565556, 32.115556 ] } },
{ "type": "Feature", "properties": { "GmlID": "LITHOLOG.907", "objectid": 907, "Lithology_Code": "L01370", "CGWB_Well_Serial_No": 188.0, "Temporal_water_level": 23.31, "Year_of_observation": 2004.0, "Distance_of_Observation_Well": 2.85054, "Basin": "01", "State": "PB", "District": "Hoshiarpur", "Block": "Mahilpur", "Location": "Nayiala", "Latitude": 31.316667, "Longitude": 76.066667, "Well_Type": "01", "Year_of_Drill": "NA", "Depth_of_Drill__m_": 154.23, "Depth_of_Construction__mbgl_": "NA", "Depth_of_Bedrock__mbgl_": "NA", "Major_Lithology": "Alluvium", "Static_Water_Level__mbgl_": 24.3, "Discharge__lps_": "3.64", "Draw_Down__m_": "NA", "Transmissivity__m2_day_": "1950", "Storage_coefficient": "NA", "Specific_Capacity__lpm_m_DD_": "NA", "Electrical_Conductivity__Micro_Seimens__cm_": "675", "Chloride__mg_l_": "7", "Zones_Tapped__mbgl_": "NA", "Nitrate__mg_l_": "NA", "Fluoride__mg_l_": "NA", "Iron__mg_l_": "NA" }, "geometry": { "type": "Point", "coordinates": [ 76.066667, 31.316667 ] } },
{ "type": "Feature", "properties": { "GmlID": "LITHOLOG.908", "objectid": 908, "Lithology_Code": "L01371", "CGWB_Well_Serial_No": 189.0, "Temporal_water_level": 2.75, "Year_of_observation": 1997.0, "Distance_of_Observation_Well": 4.092734, "Basin": "01", "State": "PB", "District": "Hoshiarpur", "Block": "Hoshiarpur-Ii", "Location": "Jian", "Latitude": 31.445833, "Longitude": 75.991667, "Well_Type": "01", "Year_of_Drill": "NA", "Depth_of_Drill__m_": 155.45, "Depth_of_Construction__mbgl_": "NA", "Depth_of_Bedrock__mbgl_": "NA", "Major_Lithology": "Alluvium", "Static_Water_Level__mbgl_": null, "Discharge__lps_": "NA", "Draw_Down__m_": "NA", "Transmissivity__m2_day_": "NA", "Storage_coefficient": "NA", "Specific_Capacity__lpm_m_DD_": "NA", "Electrical_Conductivity__Micro_Seimens__cm_": "NA", "Chloride__mg_l_": "NA", "Zones_Tapped__mbgl_": "NA", "Nitrate__mg_l_": "NA", "Fluoride__mg_l_": "NA", "Iron__mg_l_": "NA" }, "geometry": { "type": "Point", "coordinates": [ 75.991667, 31.445833 ] } },
{ "type": "Feature", "properties": { "GmlID": "LITHOLOG.909", "objectid": 909, "Lithology_Code": "L01373", "CGWB_Well_Serial_No": 191.0, "Temporal_water_level": 19.2, "Year_of_observation": 2001.0, "Distance_of_Observation_Well": 7.508057, "Basin": "01", "State": "PB", "District": "Hoshiarpur", "Block": "Bhunga", "Location": "Hariana", "Latitude": 31.65, "Longitude": 75.833333, "Well_Type": "01", "Year_of_Drill": "NA", "Depth_of_Drill__m_": 353.92, "Depth_of_Construction__mbgl_": "NA", "Depth_of_Bedrock__mbgl_": "NA", "Major_Lithology": "Alluvium", "Static_Water_Level__mbgl_": null, "Discharge__lps_": "NA", "Draw_Down__m_": "NA", "Transmissivity__m2_day_": "NA", "Storage_coefficient": "NA", "Specific_Capacity__lpm_m_DD_": "NA", "Electrical_Conductivity__Micro_Seimens__cm_": "NA", "Chloride__mg_l_": "NA", "Zones_Tapped__mbgl_": "NA", "Nitrate__mg_l_": "NA", "Fluoride__mg_l_": "NA", "Iron__mg_l_": "NA" }, "geometry": { "type": "Point", "coordinates": [ 75.833333, 31.65 ] } },
{ "type": "Feature", "properties": { "GmlID": "LITHOLOG.910", "objectid": 910, "Lithology_Code": "L01374", "CGWB_Well_Serial_No": 192.0, "Temporal_water_level": 19.2, "Year_of_observation": 2001.0, "Distance_of_Observation_Well": 5.313626, "Basin": "01", "State": "PB", "District": "Hoshiarpur", "Block": "Bhunga", "Location": "Janauri", "Latitude": 31.704167, "Longitude": 75.883333, "Well_Type": "01", "Year_of_Drill": "NA", "Depth_of_Drill__m_": 304.8, "Depth_of_Construction__mbgl_": "220.98", "Depth_of_Bedrock__mbgl_": "NA", "Major_Lithology": "Alluvium", "Static_Water_Level__mbgl_": 47.45, "Discharge__lps_": "500", "Draw_Down__m_": "10.46", "Transmissivity__m2_day_": "950", "Storage_coefficient": "0.001285", "Specific_Capacity__lpm_m_DD_": "NA", "Electrical_Conductivity__Micro_Seimens__cm_": "275", "Chloride__mg_l_": "20", "Zones_Tapped__mbgl_": "NA", "Nitrate__mg_l_": "NA", "Fluoride__mg_l_": "NA", "Iron__mg_l_": "NA" }, "geometry": { "type": "Point", "coordinates": [ 75.883333, 31.704167 ] } },
{ "type": "Feature", "properties": { "GmlID": "LITHOLOG.911", "objectid": 911, "Lithology_Code": "L01375", "CGWB_Well_Serial_No": 193.0, "Temporal_water_level": 13.0, "Year_of_observation": 2002.0, "Distance_of_Observation_Well": 3.276278, "Basin": "01", "State": "PB", "District": "Hoshiarpur", "Block": "Hoshiarpur-Ii", "Location": "Mahalanwali", "Latitude": 31.5, "Longitude": 76.016667, "Well_Type": "01", "Year_of_Drill": "NA", "Depth_of_Drill__m_": 309.3, "Depth_of_Construction__mbgl_": "162.30", "Depth_of_Bedrock__mbgl_": "NA", "Major_Lithology": "Alluvium", "Static_Water_Level__mbgl_": 25.42, "Discharge__lps_": "1200", "Draw_Down__m_": "12", "Transmissivity__m2_day_": "595", "Storage_coefficient": "0.00157", "Specific_Capacity__lpm_m_DD_": "NA", "Electrical_Conductivity__Micro_Seimens__cm_": "290", "Chloride__mg_l_": "15", "Zones_Tapped__mbgl_": "NA", "Nitrate__mg_l_": "NA", "Fluoride__mg_l_": "NA", "Iron__mg_l_": "NA" }, "geometry": { "type": "Point", "coordinates": [ 76.016667, 31.5 ] } },
{ "type": "Feature", "properties": { "GmlID": "LITHOLOG.912", "objectid": 912, "Lithology_Code": "L01376", "CGWB_Well_Serial_No": 194.0, "Temporal_water_level": 2.75, "Year_of_observation": 1997.0, "Distance_of_Observation_Well": 5.217206, "Basin": "01", "State": "PB", "District": "Hoshiarpur", "Block": "Hoshiarpur-Ii", "Location": "Pattikhas", "Latitude": 31.433333, "Longitude": 75.943056, "Well_Type": "01", "Year_of_Drill": "NA", "Depth_of_Drill__m_": 455.68, "Depth_of_Construction__mbgl_": "86.87", "Depth_of_Bedrock__mbgl_": "NA", "Major_Lithology": "Alluvium", "Static_Water_Level__mbgl_": 5.36, "Discharge__lps_": "600", "Draw_Down__m_": "11.44", "Transmissivity__m2_day_": "130", "Storage_coefficient": "NA", "Specific_Capacity__lpm_m_DD_": "NA", "Electrical_Conductivity__Micro_Seimens__cm_": "427", "Chloride__mg_l_": "20", "Zones_Tapped__mbgl_": "NA", "Nitrate__mg_l_": "NA", "Fluoride__mg_l_": "NA", "Iron__mg_l_": "NA" }, "geometry": { "type": "Point", "coordinates": [ 75.943056, 31.433333 ] } },
{ "type": "Feature", "properties": { "GmlID": "LITHOLOG.913", "objectid": 913, "Lithology_Code": "L01377", "CGWB_Well_Serial_No": 195.0, "Temporal_water_level": 6.31, "Year_of_observation": 2001.0, "Distance_of_Observation_Well": 5.222109, "Basin": "01", "State": "PB", "District": "Hoshiarpur", "Block": "Hoshiarpur-1", "Location": "Fatehgarhnigra", "Latitude": 31.523333, "Longitude": 75.865, "Well_Type": "01", "Year_of_Drill": "NA", "Depth_of_Drill__m_": 459.33, "Depth_of_Construction__mbgl_": "212.00", "Depth_of_Bedrock__mbgl_": "NA", "Major_Lithology": "Alluvium", "Static_Water_Level__mbgl_": 17.5, "Discharge__lps_": "2298", "Draw_Down__m_": "5.76", "Transmissivity__m2_day_": "NA", "Storage_coefficient": "0.00101", "Specific_Capacity__lpm_m_DD_": "NA", "Electrical_Conductivity__Micro_Seimens__cm_": "480", "Chloride__mg_l_": "20", "Zones_Tapped__mbgl_": "NA", "Nitrate__mg_l_": "NA", "Fluoride__mg_l_": "NA", "Iron__mg_l_": "NA" }, "geometry": { "type": "Point", "coordinates": [ 75.865, 31.523333 ] } },
{ "type": "Feature", "properties": { "GmlID": "LITHOLOG.914", "objectid": 914, "Lithology_Code": "L01378", "CGWB_Well_Serial_No": 196.0, "Temporal_water_level": 19.2, "Year_of_observation": 2001.0, "Distance_of_Observation_Well": 3.152372, "Basin": "01", "State": "PB", "District": "Hoshiarpur", "Block": "Bhunga", "Location": "Bhunga", "Latitude": 31.691667, "Longitude": 75.816667, "Well_Type": "01", "Year_of_Drill": "NA", "Depth_of_Drill__m_": 458.11, "Depth_of_Construction__mbgl_": "118.67", "Depth_of_Bedrock__mbgl_": "NA", "Major_Lithology": "Alluvium", "Static_Water_Level__mbgl_": 5.71, "Discharge__lps_": "2296", "Draw_Down__m_": "10.9", "Transmissivity__m2_day_": "634", "Storage_coefficient": "0.001", "Specific_Capacity__lpm_m_DD_": "NA", "Electrical_Conductivity__Micro_Seimens__cm_": "355", "Chloride__mg_l_": "15", "Zones_Tapped__mbgl_": "NA", "Nitrate__mg_l_": "NA", "Fluoride__mg_l_": "NA", "Iron__mg_l_": "NA" }, "geometry": { "type": "Point", "coordinates": [ 75.816667, 31.691667 ] } },
{ "type": "Feature", "properties": { "GmlID": "LITHOLOG.915", "objectid": 915, "Lithology_Code": "L01379", "CGWB_Well_Serial_No": 197.0, "Temporal_water_level": 19.2, "Year_of_observation": 2001.0, "Distance_of_Observation_Well": 5.172139, "Basin": "01", "State": "PB", "District": "Hoshiarpur", "Block": "Bhunga", "Location": "Raghowal", "Latitude": 31.758333, "Longitude": 75.858333, "Well_Type": "01", "Year_of_Drill": "NA", "Depth_of_Drill__m_": 126.19, "Depth_of_Construction__mbgl_": "103.63", "Depth_of_Bedrock__mbgl_": "NA", "Major_Lithology": "Alluvium", "Static_Water_Level__mbgl_": 55.64, "Discharge__lps_": "760", "Draw_Down__m_": "4.9", "Transmissivity__m2_day_": "650", "Storage_coefficient": "NA", "Specific_Capacity__lpm_m_DD_": "NA", "Electrical_Conductivity__Micro_Seimens__cm_": "356", "Chloride__mg_l_": "5", "Zones_Tapped__mbgl_": "NA", "Nitrate__mg_l_": "NA", "Fluoride__mg_l_": "NA", "Iron__mg_l_": "NA" }, "geometry": { "type": "Point", "coordinates": [ 75.858333, 31.758333 ] } },
{ "type": "Feature", "properties": { "GmlID": "LITHOLOG.916", "objectid": 916, "Lithology_Code": "L01380", "CGWB_Well_Serial_No": 198.0, "Temporal_water_level": 17.2, "Year_of_observation": 2000.0, "Distance_of_Observation_Well": 6.550888, "Basin": "01", "State": "PB", "District": "Hoshiarpur", "Block": "Tanda", "Location": "Jalalpur", "Latitude": 31.65, "Longitude": 75.525, "Well_Type": "03", "Year_of_Drill": "NA", "Depth_of_Drill__m_": 455.0, "Depth_of_Construction__mbgl_": "212.00", "Depth_of_Bedrock__mbgl_": "NA", "Major_Lithology": "Alluvium", "Static_Water_Level__mbgl_": 0.97, "Discharge__lps_": "2930", "Draw_Down__m_": "4.95", "Transmissivity__m2_day_": "1680", "Storage_coefficient": "0.00068", "Specific_Capacity__lpm_m_DD_": "NA", "Electrical_Conductivity__Micro_Seimens__cm_": "357", "Chloride__mg_l_": "15", "Zones_Tapped__mbgl_": "NA", "Nitrate__mg_l_": "NA", "Fluoride__mg_l_": "NA", "Iron__mg_l_": "NA" }, "geometry": { "type": "Point", "coordinates": [ 75.525, 31.65 ] } },
{ "type": "Feature", "properties": { "GmlID": "LITHOLOG.917", "objectid": 917, "Lithology_Code": "L01381", "CGWB_Well_Serial_No": 199.0, "Temporal_water_level": 5.54, "Year_of_observation": 2005.0, "Distance_of_Observation_Well": 1.82926, "Basin": "01", "State": "PB", "District": "Hoshiarpur", "Block": "Dasuya", "Location": "Khuddar", "Latitude": 31.783333, "Longitude": 75.666667, "Well_Type": "01", "Year_of_Drill": "NA", "Depth_of_Drill__m_": 307.93, "Depth_of_Construction__mbgl_": "166.73", "Depth_of_Bedrock__mbgl_": "NA", "Major_Lithology": "Alluvium Indus Beas", "Static_Water_Level__mbgl_": null, "Discharge__lps_": "2700", "Draw_Down__m_": "4", "Transmissivity__m2_day_": "1800", "Storage_coefficient": "NA", "Specific_Capacity__lpm_m_DD_": "NA", "Electrical_Conductivity__Micro_Seimens__cm_": "NA", "Chloride__mg_l_": "NA", "Zones_Tapped__mbgl_": "NA", "Nitrate__mg_l_": "NA", "Fluoride__mg_l_": "NA", "Iron__mg_l_": "NA" }, "geometry": { "type": "Point", "coordinates": [ 75.666667, 31.783333 ] } },
{ "type": "Feature", "properties": { "GmlID": "LITHOLOG.918", "objectid": 918, "Lithology_Code": "L01382", "CGWB_Well_Serial_No": 200.0, "Temporal_water_level": 25.0, "Year_of_observation": 2003.0, "Distance_of_Observation_Well": 2.827071, "Basin": "01", "State": "PB", "District": "Hoshiarpur", "Block": "Garhsahnkar", "Location": "Garh Shankar", "Latitude": 31.249387, "Longitude": 76.125634, "Well_Type": "01", "Year_of_Drill": "NA", "Depth_of_Drill__m_": 55.0, "Depth_of_Construction__mbgl_": "55.00", "Depth_of_Bedrock__mbgl_": "NA", "Major_Lithology": "Alluvium Indus Sutlej", "Static_Water_Level__mbgl_": 10.85, "Discharge__lps_": "NA", "Draw_Down__m_": "NA", "Transmissivity__m2_day_": "NA", "Storage_coefficient": "NA", "Specific_Capacity__lpm_m_DD_": "NA", "Electrical_Conductivity__Micro_Seimens__cm_": "629", "Chloride__mg_l_": "8.9", "Zones_Tapped__mbgl_": "NA", "Nitrate__mg_l_": "NA", "Fluoride__mg_l_": "NA", "Iron__mg_l_": "NA" }, "geometry": { "type": "Point", "coordinates": [ 76.125634, 31.249387 ] } },
{ "type": "Feature", "properties": { "GmlID": "LITHOLOG.919", "objectid": 919, "Lithology_Code": "L01383", "CGWB_Well_Serial_No": 201.0, "Temporal_water_level": 7.0, "Year_of_observation": 2003.0, "Distance_of_Observation_Well": 8.212368, "Basin": "01", "State": "PB", "District": "Hoshiarpur", "Block": "Bhunga", "Location": "Bhikhowal", "Latitude": 31.616667, "Longitude": 75.869444, "Well_Type": "01", "Year_of_Drill": "NA", "Depth_of_Drill__m_": 311.66, "Depth_of_Construction__mbgl_": "115.00", "Depth_of_Bedrock__mbgl_": "NA", "Major_Lithology": "Alluvium Indus Sutlej", "Static_Water_Level__mbgl_": 5.79, "Discharge__lps_": "2301", "Draw_Down__m_": "9.09", "Transmissivity__m2_day_": "708", "Storage_coefficient": "NA", "Specific_Capacity__lpm_m_DD_": "NA", "Electrical_Conductivity__Micro_Seimens__cm_": "346", "Chloride__mg_l_": "10", "Zones_Tapped__mbgl_": "NA", "Nitrate__mg_l_": "NA", "Fluoride__mg_l_": "NA", "Iron__mg_l_": "NA" }, "geometry": { "type": "Point", "coordinates": [ 75.869444, 31.616667 ] } },
{ "type": "Feature", "properties": { "GmlID": "LITHOLOG.920", "objectid": 920, "Lithology_Code": "L01384", "CGWB_Well_Serial_No": 202.0, "Temporal_water_level": 34.0, "Year_of_observation": 2003.0, "Distance_of_Observation_Well": 3.847903, "Basin": "01", "State": "PB", "District": "Hoshiarpur", "Block": "Mahilpur", "Location": "Helron", "Latitude": 31.347222, "Longitude": 76.119444, "Well_Type": "01", "Year_of_Drill": "NA", "Depth_of_Drill__m_": 447.8, "Depth_of_Construction__mbgl_": "412.00", "Depth_of_Bedrock__mbgl_": "NA", "Major_Lithology": "Alluvium Indus Sutlej", "Static_Water_Level__mbgl_": null, "Discharge__lps_": "NA", "Draw_Down__m_": "NA", "Transmissivity__m2_day_": "NA", "Storage_coefficient": "NA", "Specific_Capacity__lpm_m_DD_": "NA", "Electrical_Conductivity__Micro_Seimens__cm_": "459", "Chloride__mg_l_": "18", "Zones_Tapped__mbgl_": "NA", "Nitrate__mg_l_": "NA", "Fluoride__mg_l_": "NA", "Iron__mg_l_": "NA" }, "geometry": { "type": "Point", "coordinates": [ 76.119444, 31.347222 ] } },
{ "type": "Feature", "properties": { "GmlID": "LITHOLOG.921", "objectid": 921, "Lithology_Code": "L01385", "CGWB_Well_Serial_No": 203.0, "Temporal_water_level": 3.68, "Year_of_observation": 2005.0, "Distance_of_Observation_Well": 3.369045, "Basin": "01", "State": "PB", "District": "Hoshiarpur", "Block": "Bhunga", "Location": "Kapahat", "Latitude": 31.630556, "Longitude": 75.944444, "Well_Type": "01", "Year_of_Drill": "NA", "Depth_of_Drill__m_": 430.19, "Depth_of_Construction__mbgl_": "155.00", "Depth_of_Bedrock__mbgl_": "NA", "Major_Lithology": "Alluvium Indus Sutlej", "Static_Water_Level__mbgl_": 45.56, "Discharge__lps_": "1704", "Draw_Down__m_": "6.34", "Transmissivity__m2_day_": "2248", "Storage_coefficient": "NA", "Specific_Capacity__lpm_m_DD_": "NA", "Electrical_Conductivity__Micro_Seimens__cm_": "NA", "Chloride__mg_l_": "NA", "Zones_Tapped__mbgl_": "NA", "Nitrate__mg_l_": "NA", "Fluoride__mg_l_": "NA", "Iron__mg_l_": "NA" }, "geometry": { "type": "Point", "coordinates": [ 75.944444, 31.630556 ] } },
{ "type": "Feature", "properties": { "GmlID": "LITHOLOG.922", "objectid": 922, "Lithology_Code": "L01386", "CGWB_Well_Serial_No": 204.0, "Temporal_water_level": 7.68, "Year_of_observation": 2005.0, "Distance_of_Observation_Well": 4.095837, "Basin": "01", "State": "PB", "District": "Hoshiarpur", "Block": "Dasuya", "Location": "Janauri-I", "Latitude": 31.79, "Longitude": 75.72, "Well_Type": "01", "Year_of_Drill": "NA", "Depth_of_Drill__m_": 182.0, "Depth_of_Construction__mbgl_": "NA", "Depth_of_Bedrock__mbgl_": "NA", "Major_Lithology": "Alluvium Indus Sutlej", "Static_Water_Level__mbgl_": 18.86, "Discharge__lps_": "3478", "Draw_Down__m_": "8.24", "Transmissivity__m2_day_": "965", "Storage_coefficient": "0.0058", "Specific_Capacity__lpm_m_DD_": "NA", "Electrical_Conductivity__Micro_Seimens__cm_": "NA", "Chloride__mg_l_": "NA", "Zones_Tapped__mbgl_": "NA", "Nitrate__mg_l_": "NA", "Fluoride__mg_l_": "NA", "Iron__mg_l_": "NA" }, "geometry": { "type": "Point", "coordinates": [ 75.72, 31.79 ] } },
{ "type": "Feature", "properties": { "GmlID": "LITHOLOG.923", "objectid": 923, "Lithology_Code": "L01388", "CGWB_Well_Serial_No": 206.0, "Temporal_water_level": 11.37, "Year_of_observation": 2005.0, "Distance_of_Observation_Well": 4.574705, "Basin": "01", "State": "PB", "District": "Hoshiarpur", "Block": "Talwara", "Location": "Bambootar", "Latitude": 31.9, "Longitude": 75.9, "Well_Type": "01", "Year_of_Drill": "NA", "Depth_of_Drill__m_": null, "Depth_of_Construction__mbgl_": "NA", "Depth_of_Bedrock__mbgl_": "NA", "Major_Lithology": "Alluvium Indus Sutlej", "Static_Water_Level__mbgl_": null, "Discharge__lps_": "NA", "Draw_Down__m_": "NA", "Transmissivity__m2_day_": "NA", "Storage_coefficient": "NA", "Specific_Capacity__lpm_m_DD_": "NA", "Electrical_Conductivity__Micro_Seimens__cm_": "NA", "Chloride__mg_l_": "NA", "Zones_Tapped__mbgl_": "NA", "Nitrate__mg_l_": "NA", "Fluoride__mg_l_": "NA", "Iron__mg_l_": "NA" }, "geometry": { "type": "Point", "coordinates": [ 75.9, 31.9 ] } },
{ "type": "Feature", "properties": { "GmlID": "LITHOLOG.924", "objectid": 924, "Lithology_Code": "L01389", "CGWB_Well_Serial_No": 207.0, "Temporal_water_level": 11.37, "Year_of_observation": 2005.0, "Distance_of_Observation_Well": 0.780218, "Basin": "01", "State": "PB", "District": "Hoshiarpur", "Block": "Talwara", "Location": "Talwara", "Latitude": 31.941667, "Longitude": 75.891667, "Well_Type": "01", "Year_of_Drill": "NA", "Depth_of_Drill__m_": 137.0, "Depth_of_Construction__mbgl_": "116.50", "Depth_of_Bedrock__mbgl_": "NA", "Major_Lithology": "Alluvium Indus Beas", "Static_Water_Level__mbgl_": 3.4, "Discharge__lps_": "1196", "Draw_Down__m_": "23.85", "Transmissivity__m2_day_": "103", "Storage_coefficient": "NA", "Specific_Capacity__lpm_m_DD_": "NA", "Electrical_Conductivity__Micro_Seimens__cm_": "NA", "Chloride__mg_l_": "NA", "Zones_Tapped__mbgl_": "NA", "Nitrate__mg_l_": "NA", "Fluoride__mg_l_": "NA", "Iron__mg_l_": "NA" }, "geometry": { "type": "Point", "coordinates": [ 75.891667, 31.941667 ] } },
{ "type": "Feature", "properties": { "GmlID": "LITHOLOG.925", "objectid": 925, "Lithology_Code": "L01390", "CGWB_Well_Serial_No": 208.0, "Temporal_water_level": 7.75, "Year_of_observation": 2005.0, "Distance_of_Observation_Well": 7.298799, "Basin": "01", "State": "PB", "District": "Hoshiarpur", "Block": "Talwara", "Location": "Behjogan", "Latitude": 31.944444, "Longitude": 75.820833, "Well_Type": "01", "Year_of_Drill": "NA", "Depth_of_Drill__m_": 133.0, "Depth_of_Construction__mbgl_": "133.00", "Depth_of_Bedrock__mbgl_": "NA", "Major_Lithology": "Alluvium Indus Beas", "Static_Water_Level__mbgl_": 28.0, "Discharge__lps_": "1279", "Draw_Down__m_": "13.96", "Transmissivity__m2_day_": "NA", "Storage_coefficient": "NA", "Specific_Capacity__lpm_m_DD_": "NA", "Electrical_Conductivity__Micro_Seimens__cm_": "NA", "Chloride__mg_l_": "NA", "Zones_Tapped__mbgl_": "NA", "Nitrate__mg_l_": "NA", "Fluoride__mg_l_": "NA", "Iron__mg_l_": "NA" }, "geometry": { "type": "Point", "coordinates": [ 75.820833, 31.944444 ] } },
{ "type": "Feature", "properties": { "GmlID": "LITHOLOG.926", "objectid": 926, "Lithology_Code": "L01391", "CGWB_Well_Serial_No": 209.0, "Temporal_water_level": 28.32, "Year_of_observation": 2005.0, "Distance_of_Observation_Well": 7.08785, "Basin": "01", "State": "PB", "District": "Hoshiarpur", "Block": "Garhsahnkar", "Location": "Achalpur", "Latitude": 31.256944, "Longitude": 76.279167, "Well_Type": "01", "Year_of_Drill": "NA", "Depth_of_Drill__m_": 398.0, "Depth_of_Construction__mbgl_": "378.00", "Depth_of_Bedrock__mbgl_": "NA", "Major_Lithology": "Alluvium Indus Beas", "Static_Water_Level__mbgl_": 178.0, "Discharge__lps_": "NA", "Draw_Down__m_": "NA", "Transmissivity__m2_day_": "NA", "Storage_coefficient": "NA", "Specific_Capacity__lpm_m_DD_": "NA", "Electrical_Conductivity__Micro_Seimens__cm_": "NA", "Chloride__mg_l_": "NA", "Zones_Tapped__mbgl_": "NA", "Nitrate__mg_l_": "NA", "Fluoride__mg_l_": "NA", "Iron__mg_l_": "NA" }, "geometry": { "type": "Point", "coordinates": [ 76.279167, 31.256944 ] } },
{ "type": "Feature", "properties": { "GmlID": "LITHOLOG.927", "objectid": 927, "Lithology_Code": "L01392", "CGWB_Well_Serial_No": 210.0, "Temporal_water_level": 2.63, "Year_of_observation": 2005.0, "Distance_of_Observation_Well": 8.16671, "Basin": "01", "State": "PB", "District": "Hoshiarpur", "Block": "Garhsahnkar", "Location": "Malkowal", "Latitude": 31.270833, "Longitude": 76.281944, "Well_Type": "01", "Year_of_Drill": "NA", "Depth_of_Drill__m_": 401.8, "Depth_of_Construction__mbgl_": "370.00", "Depth_of_Bedrock__mbgl_": "NA", "Major_Lithology": "Alluvium Indus Beas", "Static_Water_Level__mbgl_": null, "Discharge__lps_": "NA", "Draw_Down__m_": "NA", "Transmissivity__m2_day_": "NA", "Storage_coefficient": "NA", "Specific_Capacity__lpm_m_DD_": "NA", "Electrical_Conductivity__Micro_Seimens__cm_": "NA", "Chloride__mg_l_": "NA", "Zones_Tapped__mbgl_": "NA", "Nitrate__mg_l_": "NA", "Fluoride__mg_l_": "NA", "Iron__mg_l_": "NA" }, "geometry": { "type": "Point", "coordinates": [ 76.281944, 31.270833 ] } },
{ "type": "Feature", "properties": { "GmlID": "LITHOLOG.928", "objectid": 928, "Lithology_Code": "L01393", "CGWB_Well_Serial_No": 211.0, "Temporal_water_level": 9.13, "Year_of_observation": 2005.0, "Distance_of_Observation_Well": 4.501771, "Basin": "01", "State": "PB", "District": "Hoshiarpur", "Block": "Dasuya", "Location": "Koulpur", "Latitude": 31.870833, "Longitude": 75.688889, "Well_Type": "01", "Year_of_Drill": "NA", "Depth_of_Drill__m_": 178.5, "Depth_of_Construction__mbgl_": "139.00", "Depth_of_Bedrock__mbgl_": "NA", "Major_Lithology": "Alluvium Indus Beas", "Static_Water_Level__mbgl_": 6.36, "Discharge__lps_": "3244", "Draw_Down__m_": "5.34", "Transmissivity__m2_day_": "NA", "Storage_coefficient": "NA", "Specific_Capacity__lpm_m_DD_": "NA", "Electrical_Conductivity__Micro_Seimens__cm_": "380", "Chloride__mg_l_": "10", "Zones_Tapped__mbgl_": "NA", "Nitrate__mg_l_": "NA", "Fluoride__mg_l_": "NA", "Iron__mg_l_": "NA" }, "geometry": { "type": "Point", "coordinates": [ 75.688889, 31.870833 ] } },
{ "type": "Feature", "properties": { "GmlID": "LITHOLOG.929", "objectid": 929, "Lithology_Code": "L01394", "CGWB_Well_Serial_No": 212.0, "Temporal_water_level": 7.75, "Year_of_observation": 2005.0, "Distance_of_Observation_Well": 0.83753, "Basin": "01", "State": "PB", "District": "Hoshiarpur", "Block": "Hazipur", "Location": "Hazipur", "Latitude": 31.975, "Longitude": 75.758333, "Well_Type": "01", "Year_of_Drill": "NA", "Depth_of_Drill__m_": 181.0, "Depth_of_Construction__mbgl_": "129.00", "Depth_of_Bedrock__mbgl_": "NA", "Major_Lithology": "Alluvium Indus Beas", "Static_Water_Level__mbgl_": 11.0, "Discharge__lps_": "1612", "Draw_Down__m_": "7.1", "Transmissivity__m2_day_": "NA", "Storage_coefficient": "NA", "Specific_Capacity__lpm_m_DD_": "NA", "Electrical_Conductivity__Micro_Seimens__cm_": "380", "Chloride__mg_l_": "14", "Zones_Tapped__mbgl_": "NA", "Nitrate__mg_l_": "NA", "Fluoride__mg_l_": "NA", "Iron__mg_l_": "NA" }, "geometry": { "type": "Point", "coordinates": [ 75.758333, 31.975 ] } },
{ "type": "Feature", "properties": { "GmlID": "LITHOLOG.930", "objectid": 930, "Lithology_Code": "L01396", "CGWB_Well_Serial_No": 214.0, "Temporal_water_level": 11.37, "Year_of_observation": 2005.0, "Distance_of_Observation_Well": 6.575009, "Basin": "01", "State": "PB", "District": "Hoshiarpur", "Block": "Talwara", "Location": "Behkittoo", "Latitude": 31.908333, "Longitude": 75.841667, "Well_Type": "01", "Year_of_Drill": "NA", "Depth_of_Drill__m_": 106.0, "Depth_of_Construction__mbgl_": "95.00", "Depth_of_Bedrock__mbgl_": "NA", "Major_Lithology": "Alluvium Indus Beas", "Static_Water_Level__mbgl_": 11.6, "Discharge__lps_": "1300", "Draw_Down__m_": "NA", "Transmissivity__m2_day_": "NA", "Storage_coefficient": "NA", "Specific_Capacity__lpm_m_DD_": "NA", "Electrical_Conductivity__Micro_Seimens__cm_": "195", "Chloride__mg_l_": "15", "Zones_Tapped__mbgl_": "NA", "Nitrate__mg_l_": "NA", "Fluoride__mg_l_": "NA", "Iron__mg_l_": "NA" }, "geometry": { "type": "Point", "coordinates": [ 75.841667, 31.908333 ] } },
{ "type": "Feature", "properties": { "GmlID": "LITHOLOG.931", "objectid": 931, "Lithology_Code": "L01397", "CGWB_Well_Serial_No": 215.0, "Temporal_water_level": 3.3, "Year_of_observation": 2005.0, "Distance_of_Observation_Well": 6.227949, "Basin": "01", "State": "PB", "District": "Hoshiarpur", "Block": "Dasuya", "Location": "Sansarpur", "Latitude": 31.839722, "Longitude": 75.817222, "Well_Type": "01", "Year_of_Drill": "NA", "Depth_of_Drill__m_": 405.5, "Depth_of_Construction__mbgl_": "390.00", "Depth_of_Bedrock__mbgl_": "NA", "Major_Lithology": "Alluvium Indus Beas", "Static_Water_Level__mbgl_": 16.08, "Discharge__lps_": "650", "Draw_Down__m_": "43.419998", "Transmissivity__m2_day_": "98", "Storage_coefficient": "NA", "Specific_Capacity__lpm_m_DD_": "NA", "Electrical_Conductivity__Micro_Seimens__cm_": "425", "Chloride__mg_l_": "15", "Zones_Tapped__mbgl_": "NA", "Nitrate__mg_l_": "NA", "Fluoride__mg_l_": "NA", "Iron__mg_l_": "NA" }, "geometry": { "type": "Point", "coordinates": [ 75.817222, 31.839722 ] } },
{ "type": "Feature", "properties": { "GmlID": "LITHOLOG.932", "objectid": 932, "Lithology_Code": "L01398", "CGWB_Well_Serial_No": 216.0, "Temporal_water_level": 11.37, "Year_of_observation": 2005.0, "Distance_of_Observation_Well": 3.664104, "Basin": "01", "State": "PB", "District": "Hoshiarpur", "Block": "Talwara", "Location": "Rajwal", "Latitude": 31.909167, "Longitude": 75.891111, "Well_Type": "01", "Year_of_Drill": "NA", "Depth_of_Drill__m_": 141.5, "Depth_of_Construction__mbgl_": "133.00", "Depth_of_Bedrock__mbgl_": "NA", "Major_Lithology": "Alluvium Indus Beas", "Static_Water_Level__mbgl_": 43.11, "Discharge__lps_": "1127", "Draw_Down__m_": "10.53", "Transmissivity__m2_day_": "540", "Storage_coefficient": "NA", "Specific_Capacity__lpm_m_DD_": "NA", "Electrical_Conductivity__Micro_Seimens__cm_": "375", "Chloride__mg_l_": "15", "Zones_Tapped__mbgl_": "NA", "Nitrate__mg_l_": "NA", "Fluoride__mg_l_": "NA", "Iron__mg_l_": "NA" }, "geometry": { "type": "Point", "coordinates": [ 75.891111, 31.909167 ] } },
{ "type": "Feature", "properties": { "GmlID": "LITHOLOG.933", "objectid": 933, "Lithology_Code": "L01399", "CGWB_Well_Serial_No": 217.0, "Temporal_water_level": 13.1, "Year_of_observation": 2005.0, "Distance_of_Observation_Well": 8.539038, "Basin": "01", "State": "PB", "District": "Hoshiarpur", "Block": "Talwara", "Location": "Labbar", "Latitude": 31.826944, "Longitude": 75.859722, "Well_Type": "01", "Year_of_Drill": "NA", "Depth_of_Drill__m_": 111.7, "Depth_of_Construction__mbgl_": "95.00", "Depth_of_Bedrock__mbgl_": "NA", "Major_Lithology": "Alluvium Indus Beas", "Static_Water_Level__mbgl_": 56.81, "Discharge__lps_": "800", "Draw_Down__m_": "6.64", "Transmissivity__m2_day_": "353", "Storage_coefficient": "NA", "Specific_Capacity__lpm_m_DD_": "NA", "Electrical_Conductivity__Micro_Seimens__cm_": "675", "Chloride__mg_l_": "18", "Zones_Tapped__mbgl_": "NA", "Nitrate__mg_l_": "NA", "Fluoride__mg_l_": "NA", "Iron__mg_l_": "NA" }, "geometry": { "type": "Point", "coordinates": [ 75.859722, 31.826944 ] } },
{ "type": "Feature", "properties": { "GmlID": "LITHOLOG.934", "objectid": 934, "Lithology_Code": "L01400", "CGWB_Well_Serial_No": 218.0, "Temporal_water_level": 11.38, "Year_of_observation": 2005.0, "Distance_of_Observation_Well": 8.24803, "Basin": "01", "State": "PB", "District": "Hoshiarpur", "Block": "Garhsahnkar", "Location": "Binewal", "Latitude": 31.295833, "Longitude": 76.247222, "Well_Type": "01", "Year_of_Drill": "NA", "Depth_of_Drill__m_": 375.0, "Depth_of_Construction__mbgl_": "266.00", "Depth_of_Bedrock__mbgl_": "NA", "Major_Lithology": "Alluvium Indus Beas", "Static_Water_Level__mbgl_": null, "Discharge__lps_": "NA", "Draw_Down__m_": "NA", "Transmissivity__m2_day_": "NA", "Storage_coefficient": "NA", "Specific_Capacity__lpm_m_DD_": "NA", "Electrical_Conductivity__Micro_Seimens__cm_": "NA", "Chloride__mg_l_": "NA", "Zones_Tapped__mbgl_": "NA", "Nitrate__mg_l_": "NA", "Fluoride__mg_l_": "NA", "Iron__mg_l_": "NA" }, "geometry": { "type": "Point", "coordinates": [ 76.247222, 31.295833 ] } },
{ "type": "Feature", "properties": { "GmlID": "LITHOLOG.935", "objectid": 935, "Lithology_Code": "L01401", "CGWB_Well_Serial_No": 219.0, "Temporal_water_level": 7.75, "Year_of_observation": 2005.0, "Distance_of_Observation_Well": 8.452807, "Basin": "01", "State": "PB", "District": "Hoshiarpur", "Block": "Talwara", "Location": "Bhandarian", "Latitude": 31.916667, "Longitude": 75.8125, "Well_Type": "01", "Year_of_Drill": "NA", "Depth_of_Drill__m_": 154.0, "Depth_of_Construction__mbgl_": "133.00", "Depth_of_Bedrock__mbgl_": "NA", "Major_Lithology": "Alluvium Indus Beas", "Static_Water_Level__mbgl_": 36.12, "Discharge__lps_": "1567", "Draw_Down__m_": "17.889999", "Transmissivity__m2_day_": "219", "Storage_coefficient": "NA", "Specific_Capacity__lpm_m_DD_": "NA", "Electrical_Conductivity__Micro_Seimens__cm_": "316", "Chloride__mg_l_": "18", "Zones_Tapped__mbgl_": "NA", "Nitrate__mg_l_": "NA", "Fluoride__mg_l_": "NA", "Iron__mg_l_": "NA" }, "geometry": { "type": "Point", "coordinates": [ 75.8125, 31.916667 ] } },
{ "type": "Feature", "properties": { "GmlID": "LITHOLOG.936", "objectid": 936, "Lithology_Code": "L01403", "CGWB_Well_Serial_No": 221.0, "Temporal_water_level": 17.3, "Year_of_observation": 2004.0, "Distance_of_Observation_Well": 2.680344, "Basin": "01", "State": "PB", "District": "Hoshiarpur", "Block": "Garhsahnkar", "Location": "Shahpur", "Latitude": 31.233333, "Longitude": 76.191667, "Well_Type": "01", "Year_of_Drill": "NA", "Depth_of_Drill__m_": 261.0, "Depth_of_Construction__mbgl_": "151.00", "Depth_of_Bedrock__mbgl_": "NA", "Major_Lithology": "Alluvium Indus Sutlej", "Static_Water_Level__mbgl_": 35.69, "Discharge__lps_": "950", "Draw_Down__m_": "3.28", "Transmissivity__m2_day_": "865", "Storage_coefficient": "NA", "Specific_Capacity__lpm_m_DD_": "NA", "Electrical_Conductivity__Micro_Seimens__cm_": "684", "Chloride__mg_l_": "8.9", "Zones_Tapped__mbgl_": "NA", "Nitrate__mg_l_": "NA", "Fluoride__mg_l_": "NA", "Iron__mg_l_": "NA" }, "geometry": { "type": "Point", "coordinates": [ 76.191667, 31.233333 ] } },
{ "type": "Feature", "properties": { "GmlID": "LITHOLOG.937", "objectid": 937, "Lithology_Code": "L01404", "CGWB_Well_Serial_No": 222.0, "Temporal_water_level": 23.31, "Year_of_observation": 2004.0, "Distance_of_Observation_Well": 2.559078, "Basin": "01", "State": "PB", "District": "Hoshiarpur", "Block": "Garhsahnkar", "Location": "Hajipur", "Latitude": 31.269444, "Longitude": 76.066667, "Well_Type": "01", "Year_of_Drill": "NA", "Depth_of_Drill__m_": 261.0, "Depth_of_Construction__mbgl_": "97.00", "Depth_of_Bedrock__mbgl_": "NA", "Major_Lithology": "Alluvium Indus Sutlej", "Static_Water_Level__mbgl_": 41.0, "Discharge__lps_": "700", "Draw_Down__m_": "4", "Transmissivity__m2_day_": "NA", "Storage_coefficient": "NA", "Specific_Capacity__lpm_m_DD_": "NA", "Electrical_Conductivity__Micro_Seimens__cm_": "765", "Chloride__mg_l_": "9.6", "Zones_Tapped__mbgl_": "NA", "Nitrate__mg_l_": "NA", "Fluoride__mg_l_": "NA", "Iron__mg_l_": "NA" }, "geometry": { "type": "Point", "coordinates": [ 76.066667, 31.269444 ] } },
{ "type": "Feature", "properties": { "GmlID": "LITHOLOG.949", "objectid": 949, "Lithology_Code": "L01416", "CGWB_Well_Serial_No": 234.0, "Temporal_water_level": 13.93, "Year_of_observation": 2005.0, "Distance_of_Observation_Well": 0.87375, "Basin": "01", "State": "PB", "District": "Jalandhar", "Block": "Phillaur", "Location": "Garh (Gulamgarh)/ Philaur", "Latitude": 31.034444, "Longitude": 75.8, "Well_Type": "02", "Year_of_Drill": "NA", "Depth_of_Drill__m_": 308.64, "Depth_of_Construction__mbgl_": "NA", "Depth_of_Bedrock__mbgl_": "NA", "Major_Lithology": "Alluvium", "Static_Water_Level__mbgl_": 6.41, "Discharge__lps_": "5670", "Draw_Down__m_": "4.75", "Transmissivity__m2_day_": "5750", "Storage_coefficient": "0.006", "Specific_Capacity__lpm_m_DD_": "NA", "Electrical_Conductivity__Micro_Seimens__cm_": "599", "Chloride__mg_l_": "5", "Zones_Tapped__mbgl_": "NA", "Nitrate__mg_l_": "NA", "Fluoride__mg_l_": "NA", "Iron__mg_l_": "NA" }, "geometry": { "type": "Point", "coordinates": [ 75.8, 31.034444 ] } },
{ "type": "Feature", "properties": { "GmlID": "LITHOLOG.980", "objectid": 980, "Lithology_Code": "L01447", "CGWB_Well_Serial_No": 265.0, "Temporal_water_level": 11.53, "Year_of_observation": 1998.0, "Distance_of_Observation_Well": 2.887591, "Basin": "01", "State": "PB", "District": "Ludhiana", "Block": "Ludhiana - I", "Location": "Motinagar", "Latitude": 30.879167, "Longitude": 75.868056, "Well_Type": "02", "Year_of_Drill": "NA", "Depth_of_Drill__m_": 360.0, "Depth_of_Construction__mbgl_": "281.00", "Depth_of_Bedrock__mbgl_": "NA", "Major_Lithology": "Alluvium, Indus, Sutlej", "Static_Water_Level__mbgl_": 19.8, "Discharge__lps_": "NA", "Draw_Down__m_": "NA", "Transmissivity__m2_day_": "NA", "Storage_coefficient": "NA", "Specific_Capacity__lpm_m_DD_": "NA", "Electrical_Conductivity__Micro_Seimens__cm_": "NA", "Chloride__mg_l_": "NA", "Zones_Tapped__mbgl_": "NA", "Nitrate__mg_l_": "NA", "Fluoride__mg_l_": "NA", "Iron__mg_l_": "NA" }, "geometry": { "type": "Point", "coordinates": [ 75.868056, 30.879167 ] } },
{ "type": "Feature", "properties": { "GmlID": "LITHOLOG.981", "objectid": 981, "Lithology_Code": "L01448", "CGWB_Well_Serial_No": 266.0, "Temporal_water_level": 3.99, "Year_of_observation": 2000.0, "Distance_of_Observation_Well": 4.455949, "Basin": "01", "State": "PB", "District": "Ludhiana", "Block": "Sidhwan Bet", "Location": "Bhainirayan", "Latitude": 30.947222, "Longitude": 75.508333, "Well_Type": "01", "Year_of_Drill": "NA", "Depth_of_Drill__m_": 408.0, "Depth_of_Construction__mbgl_": "184.00", "Depth_of_Bedrock__mbgl_": "NA", "Major_Lithology": "Alluvium, Indus, ", "Static_Water_Level__mbgl_": 1.17, "Discharge__lps_": "254", "Draw_Down__m_": "3", "Transmissivity__m2_day_": "1120", "Storage_coefficient": "0.00043", "Specific_Capacity__lpm_m_DD_": "NA", "Electrical_Conductivity__Micro_Seimens__cm_": "514", "Chloride__mg_l_": "8.9", "Zones_Tapped__mbgl_": "NA", "Nitrate__mg_l_": "NA", "Fluoride__mg_l_": "NA", "Iron__mg_l_": "NA" }, "geometry": { "type": "Point", "coordinates": [ 75.508333, 30.947222 ] } },
{ "type": "Feature", "properties": { "GmlID": "LITHOLOG.982", "objectid": 982, "Lithology_Code": "L01449", "CGWB_Well_Serial_No": 267.0, "Temporal_water_level": 11.7, "Year_of_observation": 2001.0, "Distance_of_Observation_Well": 1.987542, "Basin": "01", "State": "PB", "District": "Ludhiana", "Block": "Pakhowal", "Location": "Gurnamnagar", "Latitude": 30.791667, "Longitude": 75.766667, "Well_Type": "02", "Year_of_Drill": "NA", "Depth_of_Drill__m_": 373.06, "Depth_of_Construction__mbgl_": "281.00", "Depth_of_Bedrock__mbgl_": "NA", "Major_Lithology": "Alluvium, Indus, , Sutlej", "Static_Water_Level__mbgl_": 7.75, "Discharge__lps_": "1310", "Draw_Down__m_": "4.9", "Transmissivity__m2_day_": "628", "Storage_coefficient": "NA", "Specific_Capacity__lpm_m_DD_": "NA", "Electrical_Conductivity__Micro_Seimens__cm_": "585", "Chloride__mg_l_": "16", "Zones_Tapped__mbgl_": "NA", "Nitrate__mg_l_": "NA", "Fluoride__mg_l_": "NA", "Iron__mg_l_": "NA" }, "geometry": { "type": "Point", "coordinates": [ 75.766667, 30.791667 ] } },
{ "type": "Feature", "properties": { "GmlID": "LITHOLOG.983", "objectid": 983, "Lithology_Code": "L01450", "CGWB_Well_Serial_No": 268.0, "Temporal_water_level": 12.46, "Year_of_observation": 2005.0, "Distance_of_Observation_Well": 4.895861, "Basin": "01", "State": "PB", "District": "Ludhiana", "Block": "Ludhiana - I", "Location": "Dairy Complex", "Latitude": 30.830556, "Longitude": 75.969444, "Well_Type": "02", "Year_of_Drill": "NA", "Depth_of_Drill__m_": 330.0, "Depth_of_Construction__mbgl_": "280.00", "Depth_of_Bedrock__mbgl_": "NA", "Major_Lithology": "Alluvium, Indus, , Sutlej", "Static_Water_Level__mbgl_": 6.02, "Discharge__lps_": "3145", "Draw_Down__m_": "13.62", "Transmissivity__m2_day_": "NA", "Storage_coefficient": "NA", "Specific_Capacity__lpm_m_DD_": "NA", "Electrical_Conductivity__Micro_Seimens__cm_": "447", "Chloride__mg_l_": "6", "Zones_Tapped__mbgl_": "NA", "Nitrate__mg_l_": "NA", "Fluoride__mg_l_": "NA", "Iron__mg_l_": "NA" }, "geometry": { "type": "Point", "coordinates": [ 75.969444, 30.830556 ] } },
{ "type": "Feature", "properties": { "GmlID": "LITHOLOG.984", "objectid": 984, "Lithology_Code": "L01451", "CGWB_Well_Serial_No": 269.0, "Temporal_water_level": 24.2, "Year_of_observation": 2005.0, "Distance_of_Observation_Well": 6.358283, "Basin": "01", "State": "PB", "District": "Ludhiana", "Block": "Ludhiana - I", "Location": "Basant Vihar", "Latitude": 30.941667, "Longitude": 75.861111, "Well_Type": "01", "Year_of_Drill": "NA", "Depth_of_Drill__m_": 355.0, "Depth_of_Construction__mbgl_": "350.00", "Depth_of_Bedrock__mbgl_": "NA", "Major_Lithology": "Alluvium, Indus, , Sutlej", "Static_Water_Level__mbgl_": 8.87, "Discharge__lps_": "2544", "Draw_Down__m_": "9.53", "Transmissivity__m2_day_": "NA", "Storage_coefficient": "NA", "Specific_Capacity__lpm_m_DD_": "NA", "Electrical_Conductivity__Micro_Seimens__cm_": "510", "Chloride__mg_l_": "NA", "Zones_Tapped__mbgl_": "NA", "Nitrate__mg_l_": "NA", "Fluoride__mg_l_": "NA", "Iron__mg_l_": "NA" }, "geometry": { "type": "Point", "coordinates": [ 75.861111, 30.941667 ] } },
{ "type": "Feature", "properties": { "GmlID": "LITHOLOG.985", "objectid": 985, "Lithology_Code": "L01452", "CGWB_Well_Serial_No": 270.0, "Temporal_water_level": 24.2, "Year_of_observation": 2005.0, "Distance_of_Observation_Well": 2.489631, "Basin": "01", "State": "PB", "District": "Ludhiana", "Block": "Ludhiana - I", "Location": "Habbowal Kalan", "Latitude": 30.925, "Longitude": 75.805556, "Well_Type": "02", "Year_of_Drill": "NA", "Depth_of_Drill__m_": 341.0, "Depth_of_Construction__mbgl_": "338.00", "Depth_of_Bedrock__mbgl_": "NA", "Major_Lithology": "Alluvium, Indus, , Sutlej", "Static_Water_Level__mbgl_": 5.91, "Discharge__lps_": "2816", "Draw_Down__m_": "9.96", "Transmissivity__m2_day_": "8245", "Storage_coefficient": "0.000698", "Specific_Capacity__lpm_m_DD_": "NA", "Electrical_Conductivity__Micro_Seimens__cm_": "461", "Chloride__mg_l_": "9.2", "Zones_Tapped__mbgl_": "NA", "Nitrate__mg_l_": "NA", "Fluoride__mg_l_": "NA", "Iron__mg_l_": "NA" }, "geometry": { "type": "Point", "coordinates": [ 75.805556, 30.925 ] } },
{ "type": "Feature", "properties": { "GmlID": "LITHOLOG.1171", "objectid": 1171, "Lithology_Code": "L01513", "CGWB_Well_Serial_No": 331.0, "Temporal_water_level": 7.9, "Year_of_observation": 2004.0, "Distance_of_Observation_Well": 0.396776, "Basin": "01", "State": "PB", "District": "Bathinda", "Block": "Talwandi Saboo", "Location": "Lahri/ Jhunir", "Latitude": 29.883333, "Longitude": 75.1625, "Well_Type": "01", "Year_of_Drill": "NA", "Depth_of_Drill__m_": 264.0, "Depth_of_Construction__mbgl_": "NA", "Depth_of_Bedrock__mbgl_": "NA", "Major_Lithology": "Alluvium, Indus, Ghaggar", "Static_Water_Level__mbgl_": null, "Discharge__lps_": "NA", "Draw_Down__m_": "NA", "Transmissivity__m2_day_": "NA", "Storage_coefficient": "NA", "Specific_Capacity__lpm_m_DD_": "NA", "Electrical_Conductivity__Micro_Seimens__cm_": "5500", "Chloride__mg_l_": "NA", "Zones_Tapped__mbgl_": "NA", "Nitrate__mg_l_": "NA", "Fluoride__mg_l_": "NA", "Iron__mg_l_": "NA" }, "geometry": { "type": "Point", "coordinates": [ 75.1625, 29.883333 ] } },
{ "type": "Feature", "properties": { "GmlID": "LITHOLOG.5700", "objectid": 5700, "Lithology_Code": "L06575", "CGWB_Well_Serial_No": null, "Temporal_water_level": null, "Year_of_observation": null, "Distance_of_Observation_Well": null, "Basin": "01", "State": "PB", "District": "Amritsar", "Block": "Ajnala", "Location": "Urdhan (Pz) 1", "Latitude": 31.874026, "Longitude": 74.859485, "Well_Type": "03", "Year_of_Drill": "2017", "Depth_of_Drill__m_": 200.0, "Depth_of_Construction__mbgl_": "190", "Depth_of_Bedrock__mbgl_": "NA", "Major_Lithology": "Sand, Clay", "Static_Water_Level__mbgl_": null, "Discharge__lps_": "null", "Draw_Down__m_": "NA", "Transmissivity__m2_day_": "NA", "Storage_coefficient": "NA", "Specific_Capacity__lpm_m_DD_": "NA", "Electrical_Conductivity__Micro_Seimens__cm_": "NA", "Chloride__mg_l_": "NA", "Zones_Tapped__mbgl_": "125-128, 163-166, 183-186", "Nitrate__mg_l_": "NA", "Fluoride__mg_l_": "NA", "Iron__mg_l_": "NA" }, "geometry": { "type": "Point", "coordinates": [ 74.859485, 31.874026 ] } },
{ "type": "Feature", "properties": { "GmlID": "LITHOLOG.5701", "objectid": 5701, "Lithology_Code": "L06576", "CGWB_Well_Serial_No": null, "Temporal_water_level": null, "Year_of_observation": null, "Distance_of_Observation_Well": null, "Basin": "01", "State": "PB", "District": "Amritsar", "Block": "Ajnala", "Location": "Urdhan (Pz) 2", "Latitude": 31.874026, "Longitude": 74.859485, "Well_Type": "03", "Year_of_Drill": "2017", "Depth_of_Drill__m_": 252.0, "Depth_of_Construction__mbgl_": "245", "Depth_of_Bedrock__mbgl_": "NA", "Major_Lithology": "Sand, Clay", "Static_Water_Level__mbgl_": null, "Discharge__lps_": "null", "Draw_Down__m_": "NA", "Transmissivity__m2_day_": "NA", "Storage_coefficient": "NA", "Specific_Capacity__lpm_m_DD_": "NA", "Electrical_Conductivity__Micro_Seimens__cm_": "NA", "Chloride__mg_l_": "NA", "Zones_Tapped__mbgl_": "212-215, 238-241", "Nitrate__mg_l_": "NA", "Fluoride__mg_l_": "NA", "Iron__mg_l_": "NA" }, "geometry": { "type": "Point", "coordinates": [ 74.859485, 31.874026 ] } },
{ "type": "Feature", "properties": { "GmlID": "LITHOLOG.5702", "objectid": 5702, "Lithology_Code": "L06577", "CGWB_Well_Serial_No": null, "Temporal_water_level": null, "Year_of_observation": null, "Distance_of_Observation_Well": null, "Basin": "01", "State": "PB", "District": "Amritsar", "Block": "Ajnala", "Location": "Urdhan (Pz) 3", "Latitude": 31.874026, "Longitude": 74.859485, "Well_Type": "03", "Year_of_Drill": "2017", "Depth_of_Drill__m_": 302.4, "Depth_of_Construction__mbgl_": "298", "Depth_of_Bedrock__mbgl_": "NA", "Major_Lithology": "Sand, Clay", "Static_Water_Level__mbgl_": null, "Discharge__lps_": "null", "Draw_Down__m_": "NA", "Transmissivity__m2_day_": "NA", "Storage_coefficient": "NA", "Specific_Capacity__lpm_m_DD_": "NA", "Electrical_Conductivity__Micro_Seimens__cm_": "NA", "Chloride__mg_l_": "NA", "Zones_Tapped__mbgl_": "273-276, 292-295", "Nitrate__mg_l_": "NA", "Fluoride__mg_l_": "NA", "Iron__mg_l_": "NA" }, "geometry": { "type": "Point", "coordinates": [ 74.859485, 31.874026 ] } },
{ "type": "Feature", "properties": { "GmlID": "LITHOLOG.5703", "objectid": 5703, "Lithology_Code": "L06578", "CGWB_Well_Serial_No": null, "Temporal_water_level": null, "Year_of_observation": null, "Distance_of_Observation_Well": null, "Basin": "01", "State": "PB", "District": "Amritsar", "Block": "Chogawan", "Location": "Bhindi Saiyidan-I", "Latitude": 31.811, "Longitude": 74.641011, "Well_Type": "04", "Year_of_Drill": "2018", "Depth_of_Drill__m_": 305.0, "Depth_of_Construction__mbgl_": "257", "Depth_of_Bedrock__mbgl_": "NA", "Major_Lithology": "Fine To Medium Grained Sand, Silt", "Static_Water_Level__mbgl_": 15.0, "Discharge__lps_": "null", "Draw_Down__m_": "NA", "Transmissivity__m2_day_": "NA", "Storage_coefficient": "NA", "Specific_Capacity__lpm_m_DD_": "NA", "Electrical_Conductivity__Micro_Seimens__cm_": "NA", "Chloride__mg_l_": "NA", "Zones_Tapped__mbgl_": "225-228, 236-239, 248-254", "Nitrate__mg_l_": "NA", "Fluoride__mg_l_": "NA", "Iron__mg_l_": "NA" }, "geometry": { "type": "Point", "coordinates": [ 74.641011, 31.811 ] } },
{ "type": "Feature", "properties": { "GmlID": "LITHOLOG.5704", "objectid": 5704, "Lithology_Code": "L06579", "CGWB_Well_Serial_No": null, "Temporal_water_level": null, "Year_of_observation": null, "Distance_of_Observation_Well": null, "Basin": "01", "State": "PB", "District": "Amritsar", "Block": "Chogawan", "Location": "Bhindi Saiyidan-Ii", "Latitude": 31.811, "Longitude": 74.641011, "Well_Type": "04", "Year_of_Drill": "2018", "Depth_of_Drill__m_": 204.0, "Depth_of_Construction__mbgl_": "201", "Depth_of_Bedrock__mbgl_": "NA", "Major_Lithology": "NA", "Static_Water_Level__mbgl_": null, "Discharge__lps_": "null", "Draw_Down__m_": "NA", "Transmissivity__m2_day_": "NA", "Storage_coefficient": "NA", "Specific_Capacity__lpm_m_DD_": "NA", "Electrical_Conductivity__Micro_Seimens__cm_": "NA", "Chloride__mg_l_": "NA", "Zones_Tapped__mbgl_": "184-187, 192-198", "Nitrate__mg_l_": "NA", "Fluoride__mg_l_": "NA", "Iron__mg_l_": "NA" }, "geometry": { "type": "Point", "coordinates": [ 74.641011, 31.811 ] } },
{ "type": "Feature", "properties": { "GmlID": "LITHOLOG.5705", "objectid": 5705, "Lithology_Code": "L06580", "CGWB_Well_Serial_No": null, "Temporal_water_level": null, "Year_of_observation": null, "Distance_of_Observation_Well": null, "Basin": "01", "State": "PB", "District": "Amritsar", "Block": "Chogawan", "Location": "Bhindi Saiyidan-Iii", "Latitude": 31.811, "Longitude": 74.641011, "Well_Type": "04", "Year_of_Drill": "2018", "Depth_of_Drill__m_": 111.0, "Depth_of_Construction__mbgl_": "97", "Depth_of_Bedrock__mbgl_": "NA", "Major_Lithology": "NA", "Static_Water_Level__mbgl_": null, "Discharge__lps_": "null", "Draw_Down__m_": "NA", "Transmissivity__m2_day_": "NA", "Storage_coefficient": "NA", "Specific_Capacity__lpm_m_DD_": "NA", "Electrical_Conductivity__Micro_Seimens__cm_": "NA", "Chloride__mg_l_": "NA", "Zones_Tapped__mbgl_": "79-82, 85-88, 91-94", "Nitrate__mg_l_": "NA", "Fluoride__mg_l_": "NA", "Iron__mg_l_": "NA" }, "geometry": { "type": "Point", "coordinates": [ 74.641011, 31.811 ] } },
{ "type": "Feature", "properties": { "GmlID": "LITHOLOG.5706", "objectid": 5706, "Lithology_Code": "L06581", "CGWB_Well_Serial_No": null, "Temporal_water_level": null, "Year_of_observation": null, "Distance_of_Observation_Well": null, "Basin": "01", "State": "PB", "District": "Amritsar", "Block": "Verka", "Location": "Govt. Medical College Amritsar-I", "Latitude": 31.653, "Longitude": 74.884372, "Well_Type": "04", "Year_of_Drill": "2018", "Depth_of_Drill__m_": 304.0, "Depth_of_Construction__mbgl_": "293", "Depth_of_Bedrock__mbgl_": "NA", "Major_Lithology": "Sand", "Static_Water_Level__mbgl_": 36.0, "Discharge__lps_": "null", "Draw_Down__m_": "NA", "Transmissivity__m2_day_": "NA", "Storage_coefficient": "NA", "Specific_Capacity__lpm_m_DD_": "NA", "Electrical_Conductivity__Micro_Seimens__cm_": "NA", "Chloride__mg_l_": "NA", "Zones_Tapped__mbgl_": "263-266, 272-275, 287-290", "Nitrate__mg_l_": "NA", "Fluoride__mg_l_": "NA", "Iron__mg_l_": "NA" }, "geometry": { "type": "Point", "coordinates": [ 74.884372, 31.653 ] } },
{ "type": "Feature", "properties": { "GmlID": "LITHOLOG.5707", "objectid": 5707, "Lithology_Code": "L06582", "CGWB_Well_Serial_No": null, "Temporal_water_level": null, "Year_of_observation": null, "Distance_of_Observation_Well": null, "Basin": "01", "State": "PB", "District": "Amritsar", "Block": "Verka", "Location": "Govt. Medical College Amritsar-Ii", "Latitude": 31.653, "Longitude": 74.8844, "Well_Type": "04", "Year_of_Drill": "2018", "Depth_of_Drill__m_": 204.0, "Depth_of_Construction__mbgl_": "185", "Depth_of_Bedrock__mbgl_": "NA", "Major_Lithology": "NA", "Static_Water_Level__mbgl_": null, "Discharge__lps_": "null", "Draw_Down__m_": "NA", "Transmissivity__m2_day_": "NA", "Storage_coefficient": "NA", "Specific_Capacity__lpm_m_DD_": "NA", "Electrical_Conductivity__Micro_Seimens__cm_": "NA", "Chloride__mg_l_": "NA", "Zones_Tapped__mbgl_": "147-153, 176-182", "Nitrate__mg_l_": "NA", "Fluoride__mg_l_": "NA", "Iron__mg_l_": "NA" }, "geometry": { "type": "Point", "coordinates": [ 74.8844, 31.653 ] } },
{ "type": "Feature", "properties": { "GmlID": "LITHOLOG.5708", "objectid": 5708, "Lithology_Code": "L06583", "CGWB_Well_Serial_No": null, "Temporal_water_level": null, "Year_of_observation": null, "Distance_of_Observation_Well": null, "Basin": "01", "State": "PB", "District": "Amritsar", "Block": "Verka", "Location": "Govt. Medical College Amritsar-Iii", "Latitude": 31.653, "Longitude": 74.8844, "Well_Type": "04", "Year_of_Drill": "NA", "Depth_of_Drill__m_": 107.0, "Depth_of_Construction__mbgl_": "100", "Depth_of_Bedrock__mbgl_": "NA", "Major_Lithology": "NA", "Static_Water_Level__mbgl_": null, "Discharge__lps_": "null", "Draw_Down__m_": "NA", "Transmissivity__m2_day_": "NA", "Storage_coefficient": "NA", "Specific_Capacity__lpm_m_DD_": "NA", "Electrical_Conductivity__Micro_Seimens__cm_": "NA", "Chloride__mg_l_": "NA", "Zones_Tapped__mbgl_": "73-79, 94-97", "Nitrate__mg_l_": "NA", "Fluoride__mg_l_": "NA", "Iron__mg_l_": "NA" }, "geometry": { "type": "Point", "coordinates": [ 74.8844, 31.653 ] } },
{ "type": "Feature", "properties": { "GmlID": "LITHOLOG.5709", "objectid": 5709, "Lithology_Code": "L06584", "CGWB_Well_Serial_No": null, "Temporal_water_level": null, "Year_of_observation": null, "Distance_of_Observation_Well": null, "Basin": "01", "State": "PB", "District": "Barnala", "Block": "Barnala", "Location": "Dhanaula  Ow", "Latitude": 30.282118, "Longitude": 75.571336, "Well_Type": "02", "Year_of_Drill": "2012", "Depth_of_Drill__m_": 300.75, "Depth_of_Construction__mbgl_": "214", "Depth_of_Bedrock__mbgl_": "NA", "Major_Lithology": "Sand, Clay", "Static_Water_Level__mbgl_": null, "Discharge__lps_": "0", "Draw_Down__m_": "0", "Transmissivity__m2_day_": "NA", "Storage_coefficient": "NA", "Specific_Capacity__lpm_m_DD_": "NA", "Electrical_Conductivity__Micro_Seimens__cm_": "NA", "Chloride__mg_l_": "NA", "Zones_Tapped__mbgl_": "66-78, 98-104, 130-136, 160-166, 194-198, 206-210", "Nitrate__mg_l_": "NA", "Fluoride__mg_l_": "NA", "Iron__mg_l_": "NA" }, "geometry": { "type": "Point", "coordinates": [ 75.571336, 30.282118 ] } },
{ "type": "Feature", "properties": { "GmlID": "LITHOLOG.5710", "objectid": 5710, "Lithology_Code": "L06585", "CGWB_Well_Serial_No": null, "Temporal_water_level": null, "Year_of_observation": null, "Distance_of_Observation_Well": null, "Basin": "01", "State": "PB", "District": "Barnala", "Block": "Sehna", "Location": "Tapa  Ew", "Latitude": 30.301746, "Longitude": 75.370366, "Well_Type": "01", "Year_of_Drill": "2013", "Depth_of_Drill__m_": 350.0, "Depth_of_Construction__mbgl_": "220", "Depth_of_Bedrock__mbgl_": "NA", "Major_Lithology": "Sand, Clay", "Static_Water_Level__mbgl_": null, "Discharge__lps_": "0", "Draw_Down__m_": "0", "Transmissivity__m2_day_": "NA", "Storage_coefficient": "NA", "Specific_Capacity__lpm_m_DD_": "NA", "Electrical_Conductivity__Micro_Seimens__cm_": "NA", "Chloride__mg_l_": "NA", "Zones_Tapped__mbgl_": "141-147.96, 155-161, 177-181, 191-197, 210-216", "Nitrate__mg_l_": "NA", "Fluoride__mg_l_": "NA", "Iron__mg_l_": "NA" }, "geometry": { "type": "Point", "coordinates": [ 75.370366, 30.301746 ] } },
{ "type": "Feature", "properties": { "GmlID": "LITHOLOG.5711", "objectid": 5711, "Lithology_Code": "L06586", "CGWB_Well_Serial_No": null, "Temporal_water_level": null, "Year_of_observation": null, "Distance_of_Observation_Well": null, "Basin": "01", "State": "PB", "District": "Barnala", "Block": "Sehna", "Location": "Tapa  Ow", "Latitude": 30.301746, "Longitude": 75.370366, "Well_Type": "02", "Year_of_Drill": "2013", "Depth_of_Drill__m_": 234.2, "Depth_of_Construction__mbgl_": "220", "Depth_of_Bedrock__mbgl_": "NA", "Major_Lithology": "Sand, Clay", "Static_Water_Level__mbgl_": null, "Discharge__lps_": "0", "Draw_Down__m_": "0", "Transmissivity__m2_day_": "NA", "Storage_coefficient": "NA", "Specific_Capacity__lpm_m_DD_": "NA", "Electrical_Conductivity__Micro_Seimens__cm_": "NA", "Chloride__mg_l_": "NA", "Zones_Tapped__mbgl_": "141-147, 155-161.02, 177-181, 191-197, 210-216", "Nitrate__mg_l_": "NA", "Fluoride__mg_l_": "NA", "Iron__mg_l_": "NA" }, "geometry": { "type": "Point", "coordinates": [ 75.370366, 30.301746 ] } },
{ "type": "Feature", "properties": { "GmlID": "LITHOLOG.5712", "objectid": 5712, "Lithology_Code": "L06587", "CGWB_Well_Serial_No": null, "Temporal_water_level": null, "Year_of_observation": null, "Distance_of_Observation_Well": null, "Basin": "01", "State": "PB", "District": "Bathinda", "Block": "Nathana", "Location": "Kalyan Sukha  Ew 1", "Latitude": 30.375287, "Longitude": 75.115132, "Well_Type": "01", "Year_of_Drill": "2015", "Depth_of_Drill__m_": 128.0, "Depth_of_Construction__mbgl_": "114", "Depth_of_Bedrock__mbgl_": "NA", "Major_Lithology": "Sand, Clay", "Static_Water_Level__mbgl_": null, "Discharge__lps_": "null", "Draw_Down__m_": "NA", "Transmissivity__m2_day_": "NA", "Storage_coefficient": "NA", "Specific_Capacity__lpm_m_DD_": "NA", "Electrical_Conductivity__Micro_Seimens__cm_": "NA", "Chloride__mg_l_": "NA", "Zones_Tapped__mbgl_": "54-65, 100-105, 108-111", "Nitrate__mg_l_": "NA", "Fluoride__mg_l_": "NA", "Iron__mg_l_": "NA" }, "geometry": { "type": "Point", "coordinates": [ 75.115132, 30.375287 ] } },
{ "type": "Feature", "properties": { "GmlID": "LITHOLOG.5713", "objectid": 5713, "Lithology_Code": "L06588", "CGWB_Well_Serial_No": null, "Temporal_water_level": null, "Year_of_observation": null, "Distance_of_Observation_Well": null, "Basin": "01", "State": "PB", "District": "Bathinda", "Block": "Nathana", "Location": "Kalyan Sukha  Ew 2", "Latitude": 30.375287, "Longitude": 75.115132, "Well_Type": "01", "Year_of_Drill": "2015", "Depth_of_Drill__m_": 205.18, "Depth_of_Construction__mbgl_": "183.5", "Depth_of_Bedrock__mbgl_": "NA", "Major_Lithology": "Sand, Clay", "Static_Water_Level__mbgl_": null, "Discharge__lps_": "null", "Draw_Down__m_": "NA", "Transmissivity__m2_day_": "NA", "Storage_coefficient": "NA", "Specific_Capacity__lpm_m_DD_": "NA", "Electrical_Conductivity__Micro_Seimens__cm_": "NA", "Chloride__mg_l_": "NA", "Zones_Tapped__mbgl_": "128-136, 146-152, 175-179", "Nitrate__mg_l_": "NA", "Fluoride__mg_l_": "NA", "Iron__mg_l_": "NA" }, "geometry": { "type": "Point", "coordinates": [ 75.115132, 30.375287 ] } },
{ "type": "Feature", "properties": { "GmlID": "LITHOLOG.5714", "objectid": 5714, "Lithology_Code": "L06589", "CGWB_Well_Serial_No": null, "Temporal_water_level": null, "Year_of_observation": null, "Distance_of_Observation_Well": null, "Basin": "01", "State": "PB", "District": "Bathinda", "Block": "Nathana", "Location": "Kalyan Sukha  Ew 3", "Latitude": 30.375287, "Longitude": 75.115132, "Well_Type": "01", "Year_of_Drill": "2015", "Depth_of_Drill__m_": 302.4, "Depth_of_Construction__mbgl_": "277", "Depth_of_Bedrock__mbgl_": "NA", "Major_Lithology": "Sand, Clay", "Static_Water_Level__mbgl_": null, "Discharge__lps_": "null", "Draw_Down__m_": "NA", "Transmissivity__m2_day_": "NA", "Storage_coefficient": "NA", "Specific_Capacity__lpm_m_DD_": "NA", "Electrical_Conductivity__Micro_Seimens__cm_": "NA", "Chloride__mg_l_": "NA", "Zones_Tapped__mbgl_": "188-200.05, 212-230.05, 262-274.05", "Nitrate__mg_l_": "NA", "Fluoride__mg_l_": "NA", "Iron__mg_l_": "NA" }, "geometry": { "type": "Point", "coordinates": [ 75.115132, 30.375287 ] } },
{ "type": "Feature", "properties": { "GmlID": "LITHOLOG.5715", "objectid": 5715, "Lithology_Code": "L06590", "CGWB_Well_Serial_No": null, "Temporal_water_level": null, "Year_of_observation": null, "Distance_of_Observation_Well": null, "Basin": "01", "State": "PB", "District": "Bathinda", "Block": "Nathana", "Location": "Kalyan Sukha  Ow 1", "Latitude": 30.375287, "Longitude": 75.115132, "Well_Type": "02", "Year_of_Drill": "2015", "Depth_of_Drill__m_": 190.0, "Depth_of_Construction__mbgl_": "183.5", "Depth_of_Bedrock__mbgl_": "NA", "Major_Lithology": "Sand, Clay", "Static_Water_Level__mbgl_": null, "Discharge__lps_": "null", "Draw_Down__m_": "NA", "Transmissivity__m2_day_": "NA", "Storage_coefficient": "NA", "Specific_Capacity__lpm_m_DD_": "NA", "Electrical_Conductivity__Micro_Seimens__cm_": "NA", "Chloride__mg_l_": "NA", "Zones_Tapped__mbgl_": "129-132, 148-151, 176-179", "Nitrate__mg_l_": "NA", "Fluoride__mg_l_": "NA", "Iron__mg_l_": "NA" }, "geometry": { "type": "Point", "coordinates": [ 75.115132, 30.375287 ] } },
{ "type": "Feature", "properties": { "GmlID": "LITHOLOG.5716", "objectid": 5716, "Lithology_Code": "L06591", "CGWB_Well_Serial_No": null, "Temporal_water_level": null, "Year_of_observation": null, "Distance_of_Observation_Well": null, "Basin": "01", "State": "PB", "District": "Bathinda", "Block": "Nathana", "Location": "Kalyan Sukha  Ow 2", "Latitude": 30.375287, "Longitude": 75.115132, "Well_Type": "02", "Year_of_Drill": "2015", "Depth_of_Drill__m_": 283.8, "Depth_of_Construction__mbgl_": "272", "Depth_of_Bedrock__mbgl_": "NA", "Major_Lithology": "Sand, Clay", "Static_Water_Level__mbgl_": null, "Discharge__lps_": "null", "Draw_Down__m_": "NA", "Transmissivity__m2_day_": "NA", "Storage_coefficient": "NA", "Specific_Capacity__lpm_m_DD_": "NA", "Electrical_Conductivity__Micro_Seimens__cm_": "NA", "Chloride__mg_l_": "NA", "Zones_Tapped__mbgl_": "188-200, 212-230, 262-269", "Nitrate__mg_l_": "NA", "Fluoride__mg_l_": "NA", "Iron__mg_l_": "NA" }, "geometry": { "type": "Point", "coordinates": [ 75.115132, 30.375287 ] } },
{ "type": "Feature", "properties": { "GmlID": "LITHOLOG.5717", "objectid": 5717, "Lithology_Code": "L06592", "CGWB_Well_Serial_No": null, "Temporal_water_level": null, "Year_of_observation": null, "Distance_of_Observation_Well": null, "Basin": "01", "State": "PB", "District": "Bathinda", "Block": "Nathana", "Location": "Kalyan Sukha  Ow 3", "Latitude": 30.375287, "Longitude": 75.115132, "Well_Type": "02", "Year_of_Drill": "2015", "Depth_of_Drill__m_": null, "Depth_of_Construction__mbgl_": "NA", "Depth_of_Bedrock__mbgl_": "NA", "Major_Lithology": "Sand, Clay", "Static_Water_Level__mbgl_": null, "Discharge__lps_": "null", "Draw_Down__m_": "NA", "Transmissivity__m2_day_": "NA", "Storage_coefficient": "NA", "Specific_Capacity__lpm_m_DD_": "NA", "Electrical_Conductivity__Micro_Seimens__cm_": "NA", "Chloride__mg_l_": "NA", "Zones_Tapped__mbgl_": "NA", "Nitrate__mg_l_": "NA", "Fluoride__mg_l_": "NA", "Iron__mg_l_": "NA" }, "geometry": { "type": "Point", "coordinates": [ 75.115132, 30.375287 ] } },
{ "type": "Feature", "properties": { "GmlID": "LITHOLOG.5718", "objectid": 5718, "Lithology_Code": "L06593", "CGWB_Well_Serial_No": null, "Temporal_water_level": null, "Year_of_observation": null, "Distance_of_Observation_Well": null, "Basin": "01", "State": "PB", "District": "Bathinda", "Block": "Sangat", "Location": "Phullo Mithi 1", "Latitude": 30.098, "Longitude": 74.844883, "Well_Type": "04", "Year_of_Drill": "2018", "Depth_of_Drill__m_": 304.0, "Depth_of_Construction__mbgl_": "287", "Depth_of_Bedrock__mbgl_": "NA", "Major_Lithology": "Fine To Medium Grained Sand, Gravel, Kankar, Clay", "Static_Water_Level__mbgl_": 20.0, "Discharge__lps_": "null", "Draw_Down__m_": "NA", "Transmissivity__m2_day_": "NA", "Storage_coefficient": "NA", "Specific_Capacity__lpm_m_DD_": "NA", "Electrical_Conductivity__Micro_Seimens__cm_": "NA", "Chloride__mg_l_": "NA", "Zones_Tapped__mbgl_": "259-262, 281-284", "Nitrate__mg_l_": "NA", "Fluoride__mg_l_": "NA", "Iron__mg_l_": "NA" }, "geometry": { "type": "Point", "coordinates": [ 74.844883, 30.098 ] } },
{ "type": "Feature", "properties": { "GmlID": "LITHOLOG.5719", "objectid": 5719, "Lithology_Code": "L06594", "CGWB_Well_Serial_No": null, "Temporal_water_level": null, "Year_of_observation": null, "Distance_of_Observation_Well": null, "Basin": "01", "State": "PB", "District": "Bathinda", "Block": "Sangat", "Location": "Phullo Mithi 2", "Latitude": 30.098, "Longitude": 74.844883, "Well_Type": "04", "Year_of_Drill": "2018", "Depth_of_Drill__m_": 206.0, "Depth_of_Construction__mbgl_": "198", "Depth_of_Bedrock__mbgl_": "NA", "Major_Lithology": "NA", "Static_Water_Level__mbgl_": null, "Discharge__lps_": "null", "Draw_Down__m_": "NA", "Transmissivity__m2_day_": "NA", "Storage_coefficient": "NA", "Specific_Capacity__lpm_m_DD_": "NA", "Electrical_Conductivity__Micro_Seimens__cm_": "NA", "Chloride__mg_l_": "NA", "Zones_Tapped__mbgl_": "172-175, 192-195", "Nitrate__mg_l_": "NA", "Fluoride__mg_l_": "NA", "Iron__mg_l_": "NA" }, "geometry": { "type": "Point", "coordinates": [ 74.844883, 30.098 ] } },
{ "type": "Feature", "properties": { "GmlID": "LITHOLOG.5720", "objectid": 5720, "Lithology_Code": "L06595", "CGWB_Well_Serial_No": null, "Temporal_water_level": null, "Year_of_observation": null, "Distance_of_Observation_Well": null, "Basin": "01", "State": "PB", "District": "Bathinda", "Block": "Sangat", "Location": "Phullo Mithi 3", "Latitude": 30.098, "Longitude": 74.844883, "Well_Type": "04", "Year_of_Drill": "2018", "Depth_of_Drill__m_": 108.0, "Depth_of_Construction__mbgl_": "83", "Depth_of_Bedrock__mbgl_": "NA", "Major_Lithology": "NA", "Static_Water_Level__mbgl_": null, "Discharge__lps_": "null", "Draw_Down__m_": "NA", "Transmissivity__m2_day_": "NA", "Storage_coefficient": "NA", "Specific_Capacity__lpm_m_DD_": "NA", "Electrical_Conductivity__Micro_Seimens__cm_": "NA", "Chloride__mg_l_": "NA", "Zones_Tapped__mbgl_": "69-72, 77-80", "Nitrate__mg_l_": "NA", "Fluoride__mg_l_": "NA", "Iron__mg_l_": "NA" }, "geometry": { "type": "Point", "coordinates": [ 74.844883, 30.098 ] } },
{ "type": "Feature", "properties": { "GmlID": "LITHOLOG.5721", "objectid": 5721, "Lithology_Code": "L06596", "CGWB_Well_Serial_No": null, "Temporal_water_level": null, "Year_of_observation": null, "Distance_of_Observation_Well": null, "Basin": "01", "State": "PB", "District": "Bathinda", "Block": "Talwandi Saboo", "Location": "Bahman Koer Singh", "Latitude": 29.909, "Longitude": 75.127, "Well_Type": "04", "Year_of_Drill": "2018", "Depth_of_Drill__m_": 302.0, "Depth_of_Construction__mbgl_": "265", "Depth_of_Bedrock__mbgl_": "NA", "Major_Lithology": "Fine Sand, Clay Mixed with Silt and Kankar", "Static_Water_Level__mbgl_": 10.0, "Discharge__lps_": "null", "Draw_Down__m_": "NA", "Transmissivity__m2_day_": "NA", "Storage_coefficient": "NA", "Specific_Capacity__lpm_m_DD_": "NA", "Electrical_Conductivity__Micro_Seimens__cm_": "NA", "Chloride__mg_l_": "NA", "Zones_Tapped__mbgl_": "220-223, 259-262", "Nitrate__mg_l_": "NA", "Fluoride__mg_l_": "NA", "Iron__mg_l_": "NA" }, "geometry": { "type": "Point", "coordinates": [ 75.127, 29.909 ] } },
{ "type": "Feature", "properties": { "GmlID": "LITHOLOG.5722", "objectid": 5722, "Lithology_Code": "L06597", "CGWB_Well_Serial_No": null, "Temporal_water_level": null, "Year_of_observation": null, "Distance_of_Observation_Well": null, "Basin": "01", "State": "PB", "District": "Bathinda", "Block": "Talwandi Saboo", "Location": "Bahman Koer Singh-I", "Latitude": 29.909, "Longitude": 75.127, "Well_Type": "04", "Year_of_Drill": "2018", "Depth_of_Drill__m_": 189.0, "Depth_of_Construction__mbgl_": "182", "Depth_of_Bedrock__mbgl_": "NA", "Major_Lithology": "NA", "Static_Water_Level__mbgl_": null, "Discharge__lps_": "null", "Draw_Down__m_": "NA", "Transmissivity__m2_day_": "NA", "Storage_coefficient": "NA", "Specific_Capacity__lpm_m_DD_": "NA", "Electrical_Conductivity__Micro_Seimens__cm_": "NA", "Chloride__mg_l_": "NA", "Zones_Tapped__mbgl_": "148-154, 166-168, 177-179", "Nitrate__mg_l_": "NA", "Fluoride__mg_l_": "NA", "Iron__mg_l_": "NA" }, "geometry": { "type": "Point", "coordinates": [ 75.127, 29.909 ] } },
{ "type": "Feature", "properties": { "GmlID": "LITHOLOG.5723", "objectid": 5723, "Lithology_Code": "L06598", "CGWB_Well_Serial_No": null, "Temporal_water_level": null, "Year_of_observation": null, "Distance_of_Observation_Well": null, "Basin": "01", "State": "PB", "District": "Bathinda", "Block": "Talwandi Saboo", "Location": "Bahman Koer Singh-Ii", "Latitude": 29.909, "Longitude": 75.127, "Well_Type": "04", "Year_of_Drill": "2018", "Depth_of_Drill__m_": 111.0, "Depth_of_Construction__mbgl_": "109", "Depth_of_Bedrock__mbgl_": "NA", "Major_Lithology": "NA", "Static_Water_Level__mbgl_": null, "Discharge__lps_": "null", "Draw_Down__m_": "NA", "Transmissivity__m2_day_": "NA", "Storage_coefficient": "NA", "Specific_Capacity__lpm_m_DD_": "NA", "Electrical_Conductivity__Micro_Seimens__cm_": "NA", "Chloride__mg_l_": "NA", "Zones_Tapped__mbgl_": "85-88, 103-106", "Nitrate__mg_l_": "NA", "Fluoride__mg_l_": "NA", "Iron__mg_l_": "NA" }, "geometry": { "type": "Point", "coordinates": [ 75.127, 29.909 ] } },
{ "type": "Feature", "properties": { "GmlID": "LITHOLOG.5724", "objectid": 5724, "Lithology_Code": "L06599", "CGWB_Well_Serial_No": null, "Temporal_water_level": null, "Year_of_observation": null, "Distance_of_Observation_Well": null, "Basin": "01", "State": "PB", "District": "Faridkot", "Block": "Kot Kapura", "Location": "Deviwala  Ew 1", "Latitude": 30.594048, "Longitude": 74.838323, "Well_Type": "01", "Year_of_Drill": "NA", "Depth_of_Drill__m_": 185.0, "Depth_of_Construction__mbgl_": "178", "Depth_of_Bedrock__mbgl_": "NA", "Major_Lithology": "Sand, Clay", "Static_Water_Level__mbgl_": null, "Discharge__lps_": "null", "Draw_Down__m_": "NA", "Transmissivity__m2_day_": "NA", "Storage_coefficient": "NA", "Specific_Capacity__lpm_m_DD_": "NA", "Electrical_Conductivity__Micro_Seimens__cm_": "NA", "Chloride__mg_l_": "NA", "Zones_Tapped__mbgl_": "132-135, 156-159, 171-174", "Nitrate__mg_l_": "NA", "Fluoride__mg_l_": "NA", "Iron__mg_l_": "NA" }, "geometry": { "type": "Point", "coordinates": [ 74.838323, 30.594048 ] } },
{ "type": "Feature", "properties": { "GmlID": "LITHOLOG.5725", "objectid": 5725, "Lithology_Code": "L06600", "CGWB_Well_Serial_No": null, "Temporal_water_level": null, "Year_of_observation": null, "Distance_of_Observation_Well": null, "Basin": "01", "State": "PB", "District": "Faridkot", "Block": "Kot Kapura", "Location": "Deviwala  Ew 2", "Latitude": 30.594048, "Longitude": 74.838323, "Well_Type": "01", "Year_of_Drill": "NA", "Depth_of_Drill__m_": 105.0, "Depth_of_Construction__mbgl_": "102", "Depth_of_Bedrock__mbgl_": "NA", "Major_Lithology": "Sand, Clay", "Static_Water_Level__mbgl_": null, "Discharge__lps_": "null", "Draw_Down__m_": "NA", "Transmissivity__m2_day_": "NA", "Storage_coefficient": "NA", "Specific_Capacity__lpm_m_DD_": "NA", "Electrical_Conductivity__Micro_Seimens__cm_": "NA", "Chloride__mg_l_": "NA", "Zones_Tapped__mbgl_": "86-89, 92-98", "Nitrate__mg_l_": "NA", "Fluoride__mg_l_": "NA", "Iron__mg_l_": "NA" }, "geometry": { "type": "Point", "coordinates": [ 74.838323, 30.594048 ] } },
{ "type": "Feature", "properties": { "GmlID": "LITHOLOG.5726", "objectid": 5726, "Lithology_Code": "L06601", "CGWB_Well_Serial_No": null, "Temporal_water_level": null, "Year_of_observation": null, "Distance_of_Observation_Well": null, "Basin": "01", "State": "PB", "District": "Faridkot", "Block": "Kot Kapura", "Location": "Deviwala  Ew 3", "Latitude": 30.594048, "Longitude": 74.838323, "Well_Type": "01", "Year_of_Drill": "NA", "Depth_of_Drill__m_": 313.0, "Depth_of_Construction__mbgl_": "272", "Depth_of_Bedrock__mbgl_": "NA", "Major_Lithology": "Sand, Clay", "Static_Water_Level__mbgl_": null, "Discharge__lps_": "null", "Draw_Down__m_": "NA", "Transmissivity__m2_day_": "NA", "Storage_coefficient": "NA", "Specific_Capacity__lpm_m_DD_": "NA", "Electrical_Conductivity__Micro_Seimens__cm_": "NA", "Chloride__mg_l_": "NA", "Zones_Tapped__mbgl_": "203-212, 219-222, 252-258, 263-269", "Nitrate__mg_l_": "NA", "Fluoride__mg_l_": "NA", "Iron__mg_l_": "NA" }, "geometry": { "type": "Point", "coordinates": [ 74.838323, 30.594048 ] } },
{ "type": "Feature", "properties": { "GmlID": "LITHOLOG.5727", "objectid": 5727, "Lithology_Code": "L06602", "CGWB_Well_Serial_No": null, "Temporal_water_level": null, "Year_of_observation": null, "Distance_of_Observation_Well": null, "Basin": "01", "State": "PB", "District": "Faridkot", "Block": "Kot Kapura", "Location": "Deviwala  Ow 1", "Latitude": 30.594048, "Longitude": 74.838323, "Well_Type": "02", "Year_of_Drill": "NA", "Depth_of_Drill__m_": 277.0, "Depth_of_Construction__mbgl_": "272", "Depth_of_Bedrock__mbgl_": "NA", "Major_Lithology": "Sand, Clay", "Static_Water_Level__mbgl_": null, "Discharge__lps_": "null", "Draw_Down__m_": "NA", "Transmissivity__m2_day_": "NA", "Storage_coefficient": "NA", "Specific_Capacity__lpm_m_DD_": "NA", "Electrical_Conductivity__Micro_Seimens__cm_": "NA", "Chloride__mg_l_": "NA", "Zones_Tapped__mbgl_": "203-206, 219-222, 255-258, 263-269", "Nitrate__mg_l_": "NA", "Fluoride__mg_l_": "NA", "Iron__mg_l_": "NA" }, "geometry": { "type": "Point", "coordinates": [ 74.838323, 30.594048 ] } },
{ "type": "Feature", "properties": { "GmlID": "LITHOLOG.5728", "objectid": 5728, "Lithology_Code": "L06603", "CGWB_Well_Serial_No": null, "Temporal_water_level": null, "Year_of_observation": null, "Distance_of_Observation_Well": null, "Basin": "01", "State": "PB", "District": "Faridkot", "Block": "Kot Kapura", "Location": "Deviwala  Ow 2", "Latitude": 30.594048, "Longitude": 74.838323, "Well_Type": "02", "Year_of_Drill": "NA", "Depth_of_Drill__m_": null, "Depth_of_Construction__mbgl_": "NA", "Depth_of_Bedrock__mbgl_": "NA", "Major_Lithology": "Sand, Clay", "Static_Water_Level__mbgl_": null, "Discharge__lps_": "null", "Draw_Down__m_": "NA", "Transmissivity__m2_day_": "NA", "Storage_coefficient": "NA", "Specific_Capacity__lpm_m_DD_": "NA", "Electrical_Conductivity__Micro_Seimens__cm_": "NA", "Chloride__mg_l_": "NA", "Zones_Tapped__mbgl_": "NA", "Nitrate__mg_l_": "NA", "Fluoride__mg_l_": "NA", "Iron__mg_l_": "NA" }, "geometry": { "type": "Point", "coordinates": [ 74.838323, 30.594048 ] } },
{ "type": "Feature", "properties": { "GmlID": "LITHOLOG.5729", "objectid": 5729, "Lithology_Code": "L06604", "CGWB_Well_Serial_No": null, "Temporal_water_level": null, "Year_of_observation": null, "Distance_of_Observation_Well": null, "Basin": "01", "State": "PB", "District": "Faridkot", "Block": "Kot Kapura", "Location": "Deviwala  Ow 3", "Latitude": 30.594048, "Longitude": 74.838323, "Well_Type": "02", "Year_of_Drill": "NA", "Depth_of_Drill__m_": null, "Depth_of_Construction__mbgl_": "NA", "Depth_of_Bedrock__mbgl_": "NA", "Major_Lithology": "Sand, Clay", "Static_Water_Level__mbgl_": null, "Discharge__lps_": "null", "Draw_Down__m_": "NA", "Transmissivity__m2_day_": "NA", "Storage_coefficient": "NA", "Specific_Capacity__lpm_m_DD_": "NA", "Electrical_Conductivity__Micro_Seimens__cm_": "NA", "Chloride__mg_l_": "NA", "Zones_Tapped__mbgl_": "NA", "Nitrate__mg_l_": "NA", "Fluoride__mg_l_": "NA", "Iron__mg_l_": "NA" }, "geometry": { "type": "Point", "coordinates": [ 74.838323, 30.594048 ] } },
{ "type": "Feature", "properties": { "GmlID": "LITHOLOG.5730", "objectid": 5730, "Lithology_Code": "L06605", "CGWB_Well_Serial_No": null, "Temporal_water_level": null, "Year_of_observation": null, "Distance_of_Observation_Well": null, "Basin": "01", "State": "PB", "District": "Fatehgarh Sahib", "Block": "Amloh", "Location": "Baddal Thuha (Pz)", "Latitude": 30.589853, "Longitude": 76.2356, "Well_Type": "03", "Year_of_Drill": "NA", "Depth_of_Drill__m_": 102.0, "Depth_of_Construction__mbgl_": "88", "Depth_of_Bedrock__mbgl_": "NA", "Major_Lithology": "Sand, Clay", "Static_Water_Level__mbgl_": null, "Discharge__lps_": "null", "Draw_Down__m_": "NA", "Transmissivity__m2_day_": "NA", "Storage_coefficient": "NA", "Specific_Capacity__lpm_m_DD_": "NA", "Electrical_Conductivity__Micro_Seimens__cm_": "NA", "Chloride__mg_l_": "NA", "Zones_Tapped__mbgl_": "62-65, 74-77, 81-84", "Nitrate__mg_l_": "NA", "Fluoride__mg_l_": "NA", "Iron__mg_l_": "NA" }, "geometry": { "type": "Point", "coordinates": [ 76.2356, 30.589853 ] } },
{ "type": "Feature", "properties": { "GmlID": "LITHOLOG.5731", "objectid": 5731, "Lithology_Code": "L06606", "CGWB_Well_Serial_No": null, "Temporal_water_level": null, "Year_of_observation": null, "Distance_of_Observation_Well": null, "Basin": "01", "State": "PB", "District": "Fatehgarh Sahib", "Block": "Amloh", "Location": "Tibbi  Ew", "Latitude": 30.555578, "Longitude": 76.153013, "Well_Type": "01", "Year_of_Drill": "NA", "Depth_of_Drill__m_": 354.0, "Depth_of_Construction__mbgl_": "100", "Depth_of_Bedrock__mbgl_": "NA", "Major_Lithology": "Sand, Clay", "Static_Water_Level__mbgl_": null, "Discharge__lps_": "416.667", "Draw_Down__m_": "0", "Transmissivity__m2_day_": "NA", "Storage_coefficient": "NA", "Specific_Capacity__lpm_m_DD_": "NA", "Electrical_Conductivity__Micro_Seimens__cm_": "NA", "Chloride__mg_l_": "NA", "Zones_Tapped__mbgl_": "62-68, 80-88", "Nitrate__mg_l_": "NA", "Fluoride__mg_l_": "NA", "Iron__mg_l_": "NA" }, "geometry": { "type": "Point", "coordinates": [ 76.153013, 30.555578 ] } },
{ "type": "Feature", "properties": { "GmlID": "LITHOLOG.5732", "objectid": 5732, "Lithology_Code": "L06607", "CGWB_Well_Serial_No": null, "Temporal_water_level": null, "Year_of_observation": null, "Distance_of_Observation_Well": null, "Basin": "01", "State": "PB", "District": "Fatehgarh Sahib", "Block": "Amloh", "Location": "Tibbi  Ow", "Latitude": 30.555578, "Longitude": 76.153013, "Well_Type": "02", "Year_of_Drill": "NA", "Depth_of_Drill__m_": 97.8, "Depth_of_Construction__mbgl_": "92", "Depth_of_Bedrock__mbgl_": "NA", "Major_Lithology": "Sand, Clay", "Static_Water_Level__mbgl_": null, "Discharge__lps_": "0", "Draw_Down__m_": "NA", "Transmissivity__m2_day_": "NA", "Storage_coefficient": "NA", "Specific_Capacity__lpm_m_DD_": "NA", "Electrical_Conductivity__Micro_Seimens__cm_": "NA", "Chloride__mg_l_": "NA", "Zones_Tapped__mbgl_": "65-68, 84-88", "Nitrate__mg_l_": "NA", "Fluoride__mg_l_": "NA", "Iron__mg_l_": "NA" }, "geometry": { "type": "Point", "coordinates": [ 76.153013, 30.555578 ] } },
{ "type": "Feature", "properties": { "GmlID": "LITHOLOG.5733", "objectid": 5733, "Lithology_Code": "L06608", "CGWB_Well_Serial_No": null, "Temporal_water_level": null, "Year_of_observation": null, "Distance_of_Observation_Well": null, "Basin": "01", "State": "PB", "District": "Fatehgarh Sahib", "Block": "Bassi Pathana", "Location": "Inayatpur  Ew 1", "Latitude": 30.681092, "Longitude": 76.410027, "Well_Type": "01", "Year_of_Drill": "2015", "Depth_of_Drill__m_": 108.0, "Depth_of_Construction__mbgl_": "104", "Depth_of_Bedrock__mbgl_": "NA", "Major_Lithology": "Sand, Clay", "Static_Water_Level__mbgl_": null, "Discharge__lps_": "null", "Draw_Down__m_": "NA", "Transmissivity__m2_day_": "NA", "Storage_coefficient": "NA", "Specific_Capacity__lpm_m_DD_": "NA", "Electrical_Conductivity__Micro_Seimens__cm_": "NA", "Chloride__mg_l_": "NA", "Zones_Tapped__mbgl_": "54-60, 97-100", "Nitrate__mg_l_": "NA", "Fluoride__mg_l_": "NA", "Iron__mg_l_": "NA" }, "geometry": { "type": "Point", "coordinates": [ 76.410027, 30.681092 ] } },
{ "type": "Feature", "properties": { "GmlID": "LITHOLOG.5734", "objectid": 5734, "Lithology_Code": "L06609", "CGWB_Well_Serial_No": null, "Temporal_water_level": null, "Year_of_observation": null, "Distance_of_Observation_Well": null, "Basin": "01", "State": "PB", "District": "Fatehgarh Sahib", "Block": "Bassi Pathana", "Location": "Inayatpur  Ew 2", "Latitude": 30.681092, "Longitude": 76.410027, "Well_Type": "01", "Year_of_Drill": "2015", "Depth_of_Drill__m_": 302.4, "Depth_of_Construction__mbgl_": "288", "Depth_of_Bedrock__mbgl_": "NA", "Major_Lithology": "Sand, Clay", "Static_Water_Level__mbgl_": null, "Discharge__lps_": "null", "Draw_Down__m_": "NA", "Transmissivity__m2_day_": "NA", "Storage_coefficient": "NA", "Specific_Capacity__lpm_m_DD_": "NA", "Electrical_Conductivity__Micro_Seimens__cm_": "NA", "Chloride__mg_l_": "NA", "Zones_Tapped__mbgl_": "274-285", "Nitrate__mg_l_": "NA", "Fluoride__mg_l_": "NA", "Iron__mg_l_": "NA" }, "geometry": { "type": "Point", "coordinates": [ 76.410027, 30.681092 ] } },
{ "type": "Feature", "properties": { "GmlID": "LITHOLOG.5735", "objectid": 5735, "Lithology_Code": "L06610", "CGWB_Well_Serial_No": null, "Temporal_water_level": null, "Year_of_observation": null, "Distance_of_Observation_Well": null, "Basin": "01", "State": "PB", "District": "Fatehgarh Sahib", "Block": "Bassi Pathana", "Location": "Inayatpur  Ew 3", "Latitude": 30.681092, "Longitude": 76.410027, "Well_Type": "01", "Year_of_Drill": "2015", "Depth_of_Drill__m_": 201.75, "Depth_of_Construction__mbgl_": "199", "Depth_of_Bedrock__mbgl_": "NA", "Major_Lithology": "Sand, Clay", "Static_Water_Level__mbgl_": null, "Discharge__lps_": "null", "Draw_Down__m_": "NA", "Transmissivity__m2_day_": "NA", "Storage_coefficient": "NA", "Specific_Capacity__lpm_m_DD_": "NA", "Electrical_Conductivity__Micro_Seimens__cm_": "NA", "Chloride__mg_l_": "NA", "Zones_Tapped__mbgl_": "111-115, 160-164, 174-176, 191-195", "Nitrate__mg_l_": "NA", "Fluoride__mg_l_": "NA", "Iron__mg_l_": "NA" }, "geometry": { "type": "Point", "coordinates": [ 76.410027, 30.681092 ] } },
{ "type": "Feature", "properties": { "GmlID": "LITHOLOG.5736", "objectid": 5736, "Lithology_Code": "L06611", "CGWB_Well_Serial_No": null, "Temporal_water_level": null, "Year_of_observation": null, "Distance_of_Observation_Well": null, "Basin": "01", "State": "PB", "District": "Fatehgarh Sahib", "Block": "Bassi Pathana", "Location": "Inayatpur  Ow 1", "Latitude": 30.681092, "Longitude": 76.410027, "Well_Type": "02", "Year_of_Drill": "2015", "Depth_of_Drill__m_": 202.0, "Depth_of_Construction__mbgl_": "199", "Depth_of_Bedrock__mbgl_": "NA", "Major_Lithology": "Sand, Clay", "Static_Water_Level__mbgl_": null, "Discharge__lps_": "null", "Draw_Down__m_": "NA", "Transmissivity__m2_day_": "NA", "Storage_coefficient": "NA", "Specific_Capacity__lpm_m_DD_": "NA", "Electrical_Conductivity__Micro_Seimens__cm_": "NA", "Chloride__mg_l_": "NA", "Zones_Tapped__mbgl_": "112-115, 160-163, 174-176, 192-195", "Nitrate__mg_l_": "NA", "Fluoride__mg_l_": "NA", "Iron__mg_l_": "NA" }, "geometry": { "type": "Point", "coordinates": [ 76.410027, 30.681092 ] } },
{ "type": "Feature", "properties": { "GmlID": "LITHOLOG.5737", "objectid": 5737, "Lithology_Code": "L06612", "CGWB_Well_Serial_No": null, "Temporal_water_level": null, "Year_of_observation": null, "Distance_of_Observation_Well": null, "Basin": "01", "State": "PB", "District": "Fatehgarh Sahib", "Block": "Bassi Pathana", "Location": "Inayatpur  Ow 2", "Latitude": 30.681092, "Longitude": 76.410027, "Well_Type": "02", "Year_of_Drill": "2015", "Depth_of_Drill__m_": 106.0, "Depth_of_Construction__mbgl_": "105", "Depth_of_Bedrock__mbgl_": "NA", "Major_Lithology": "Sand, Clay", "Static_Water_Level__mbgl_": null, "Discharge__lps_": "null", "Draw_Down__m_": "NA", "Transmissivity__m2_day_": "NA", "Storage_coefficient": "NA", "Specific_Capacity__lpm_m_DD_": "NA", "Electrical_Conductivity__Micro_Seimens__cm_": "NA", "Chloride__mg_l_": "NA", "Zones_Tapped__mbgl_": "56-59, 97-100", "Nitrate__mg_l_": "NA", "Fluoride__mg_l_": "NA", "Iron__mg_l_": "NA" }, "geometry": { "type": "Point", "coordinates": [ 76.410027, 30.681092 ] } },
{ "type": "Feature", "properties": { "GmlID": "LITHOLOG.5738", "objectid": 5738, "Lithology_Code": "L06613", "CGWB_Well_Serial_No": null, "Temporal_water_level": null, "Year_of_observation": null, "Distance_of_Observation_Well": null, "Basin": "01", "State": "PB", "District": "Fatehgarh Sahib", "Block": "Bassi Pathana", "Location": "Inayatpur  Ow 3", "Latitude": 30.681092, "Longitude": 76.410027, "Well_Type": "02", "Year_of_Drill": "2015", "Depth_of_Drill__m_": 296.2, "Depth_of_Construction__mbgl_": "288", "Depth_of_Bedrock__mbgl_": "NA", "Major_Lithology": "Sand, Clay", "Static_Water_Level__mbgl_": null, "Discharge__lps_": "null", "Draw_Down__m_": "NA", "Transmissivity__m2_day_": "NA", "Storage_coefficient": "NA", "Specific_Capacity__lpm_m_DD_": "NA", "Electrical_Conductivity__Micro_Seimens__cm_": "NA", "Chloride__mg_l_": "NA", "Zones_Tapped__mbgl_": "274-285.05", "Nitrate__mg_l_": "NA", "Fluoride__mg_l_": "NA", "Iron__mg_l_": "NA" }, "geometry": { "type": "Point", "coordinates": [ 76.410027, 30.681092 ] } },
{ "type": "Feature", "properties": { "GmlID": "LITHOLOG.5739", "objectid": 5739, "Lithology_Code": "L06614", "CGWB_Well_Serial_No": null, "Temporal_water_level": null, "Year_of_observation": null, "Distance_of_Observation_Well": null, "Basin": "01", "State": "PB", "District": "Fatehgarh Sahib", "Block": "Bassi Pathana", "Location": "Saddo Majra  Ow", "Latitude": 30.681, "Longitude": 76.41, "Well_Type": "02", "Year_of_Drill": "2014", "Depth_of_Drill__m_": 175.0, "Depth_of_Construction__mbgl_": "172.5", "Depth_of_Bedrock__mbgl_": "NA", "Major_Lithology": "Sand, Clay", "Static_Water_Level__mbgl_": null, "Discharge__lps_": "null", "Draw_Down__m_": "NA", "Transmissivity__m2_day_": "NA", "Storage_coefficient": "NA", "Specific_Capacity__lpm_m_DD_": "NA", "Electrical_Conductivity__Micro_Seimens__cm_": "NA", "Chloride__mg_l_": "NA", "Zones_Tapped__mbgl_": "159-162, 166-169", "Nitrate__mg_l_": "NA", "Fluoride__mg_l_": "NA", "Iron__mg_l_": "NA" }, "geometry": { "type": "Point", "coordinates": [ 76.41, 30.681 ] } },
{ "type": "Feature", "properties": { "GmlID": "LITHOLOG.5740", "objectid": 5740, "Lithology_Code": "L06615", "CGWB_Well_Serial_No": null, "Temporal_water_level": null, "Year_of_observation": null, "Distance_of_Observation_Well": null, "Basin": "01", "State": "PB", "District": "Firozpur", "Block": "Abohar", "Location": "Dhaban Kokaryan-Iii ", "Latitude": 30.122, "Longitude": 74.326639, "Well_Type": "04", "Year_of_Drill": "2018", "Depth_of_Drill__m_": 304.0, "Depth_of_Construction__mbgl_": "242", "Depth_of_Bedrock__mbgl_": "NA", "Major_Lithology": "Medium to Coarse Grained Kankar, Fine Grained Sand, Silt", "Static_Water_Level__mbgl_": 4.0, "Discharge__lps_": "null", "Draw_Down__m_": "NA", "Transmissivity__m2_day_": "NA", "Storage_coefficient": "NA", "Specific_Capacity__lpm_m_DD_": "NA", "Electrical_Conductivity__Micro_Seimens__cm_": "NA", "Chloride__mg_l_": "NA", "Zones_Tapped__mbgl_": "224-227, 236-239", "Nitrate__mg_l_": "NA", "Fluoride__mg_l_": "NA", "Iron__mg_l_": "NA" }, "geometry": { "type": "Point", "coordinates": [ 74.326639, 30.122 ] } },
{ "type": "Feature", "properties": { "GmlID": "LITHOLOG.5741", "objectid": 5741, "Lithology_Code": "L06616", "CGWB_Well_Serial_No": null, "Temporal_water_level": null, "Year_of_observation": null, "Distance_of_Observation_Well": null, "Basin": "01", "State": "PB", "District": "Firozpur", "Block": "Abohar", "Location": "Dhaban Kokaryan-Iii  ", "Latitude": 30.122, "Longitude": 74.326639, "Well_Type": "04", "Year_of_Drill": "2018", "Depth_of_Drill__m_": 204.0, "Depth_of_Construction__mbgl_": "197", "Depth_of_Bedrock__mbgl_": "NA", "Major_Lithology": "NA", "Static_Water_Level__mbgl_": null, "Discharge__lps_": "null", "Draw_Down__m_": "NA", "Transmissivity__m2_day_": "NA", "Storage_coefficient": "NA", "Specific_Capacity__lpm_m_DD_": "NA", "Electrical_Conductivity__Micro_Seimens__cm_": "NA", "Chloride__mg_l_": "NA", "Zones_Tapped__mbgl_": "168-171, 174-177, 191-194", "Nitrate__mg_l_": "NA", "Fluoride__mg_l_": "NA", "Iron__mg_l_": "NA" }, "geometry": { "type": "Point", "coordinates": [ 74.326639, 30.122 ] } },
{ "type": "Feature", "properties": { "GmlID": "LITHOLOG.5742", "objectid": 5742, "Lithology_Code": "L06617", "CGWB_Well_Serial_No": null, "Temporal_water_level": null, "Year_of_observation": null, "Distance_of_Observation_Well": null, "Basin": "01", "State": "PB", "District": "Firozpur", "Block": "Abohar", "Location": "Dhaban Kokaryan-Iii", "Latitude": 30.122, "Longitude": 74.326639, "Well_Type": "04", "Year_of_Drill": "2018", "Depth_of_Drill__m_": 104.0, "Depth_of_Construction__mbgl_": "102", "Depth_of_Bedrock__mbgl_": "NA", "Major_Lithology": "NA", "Static_Water_Level__mbgl_": null, "Discharge__lps_": "null", "Draw_Down__m_": "NA", "Transmissivity__m2_day_": "NA", "Storage_coefficient": "NA", "Specific_Capacity__lpm_m_DD_": "NA", "Electrical_Conductivity__Micro_Seimens__cm_": "NA", "Chloride__mg_l_": "NA", "Zones_Tapped__mbgl_": "68-71, 96-99", "Nitrate__mg_l_": "NA", "Fluoride__mg_l_": "NA", "Iron__mg_l_": "NA" }, "geometry": { "type": "Point", "coordinates": [ 74.326639, 30.122 ] } },
{ "type": "Feature", "properties": { "GmlID": "LITHOLOG.5743", "objectid": 5743, "Lithology_Code": "L06618", "CGWB_Well_Serial_No": null, "Temporal_water_level": null, "Year_of_observation": null, "Distance_of_Observation_Well": null, "Basin": "01", "State": "PB", "District": "Firozpur", "Block": "Fazilka", "Location": "Kauranwali-I", "Latitude": 30.383, "Longitude": 74.056056, "Well_Type": "04", "Year_of_Drill": "2018", "Depth_of_Drill__m_": 307.0, "Depth_of_Construction__mbgl_": "294", "Depth_of_Bedrock__mbgl_": "NA", "Major_Lithology": "Fine Grained Sand, Kankar and Silt", "Static_Water_Level__mbgl_": 5.0, "Discharge__lps_": "null", "Draw_Down__m_": "NA", "Transmissivity__m2_day_": "NA", "Storage_coefficient": "NA", "Specific_Capacity__lpm_m_DD_": "NA", "Electrical_Conductivity__Micro_Seimens__cm_": "NA", "Chloride__mg_l_": "NA", "Zones_Tapped__mbgl_": "270-273, 285-291", "Nitrate__mg_l_": "NA", "Fluoride__mg_l_": "NA", "Iron__mg_l_": "NA" }, "geometry": { "type": "Point", "coordinates": [ 74.056056, 30.383 ] } },
{ "type": "Feature", "properties": { "GmlID": "LITHOLOG.5744", "objectid": 5744, "Lithology_Code": "L06619", "CGWB_Well_Serial_No": null, "Temporal_water_level": null, "Year_of_observation": null, "Distance_of_Observation_Well": null, "Basin": "01", "State": "PB", "District": "Firozpur", "Block": "Fazilka", "Location": "Kauranwali-Ii", "Latitude": 30.383, "Longitude": 74.056056, "Well_Type": "04", "Year_of_Drill": "2018", "Depth_of_Drill__m_": 205.0, "Depth_of_Construction__mbgl_": "198", "Depth_of_Bedrock__mbgl_": "NA", "Major_Lithology": "NA", "Static_Water_Level__mbgl_": null, "Discharge__lps_": "null", "Draw_Down__m_": "NA", "Transmissivity__m2_day_": "NA", "Storage_coefficient": "NA", "Specific_Capacity__lpm_m_DD_": "NA", "Electrical_Conductivity__Micro_Seimens__cm_": "NA", "Chloride__mg_l_": "NA", "Zones_Tapped__mbgl_": "189-195", "Nitrate__mg_l_": "NA", "Fluoride__mg_l_": "NA", "Iron__mg_l_": "NA" }, "geometry": { "type": "Point", "coordinates": [ 74.056056, 30.383 ] } },
{ "type": "Feature", "properties": { "GmlID": "LITHOLOG.5745", "objectid": 5745, "Lithology_Code": "L06620", "CGWB_Well_Serial_No": null, "Temporal_water_level": null, "Year_of_observation": null, "Distance_of_Observation_Well": null, "Basin": "01", "State": "PB", "District": "Firozpur", "Block": "Fazilka", "Location": "Kauranwali-Iii", "Latitude": 30.383, "Longitude": 74.056056, "Well_Type": "04", "Year_of_Drill": "2018", "Depth_of_Drill__m_": 103.0, "Depth_of_Construction__mbgl_": "97", "Depth_of_Bedrock__mbgl_": "NA", "Major_Lithology": "NA", "Static_Water_Level__mbgl_": null, "Discharge__lps_": "null", "Draw_Down__m_": "NA", "Transmissivity__m2_day_": "NA", "Storage_coefficient": "NA", "Specific_Capacity__lpm_m_DD_": "NA", "Electrical_Conductivity__Micro_Seimens__cm_": "NA", "Chloride__mg_l_": "NA", "Zones_Tapped__mbgl_": "75-78, 91-94", "Nitrate__mg_l_": "NA", "Fluoride__mg_l_": "NA", "Iron__mg_l_": "NA" }, "geometry": { "type": "Point", "coordinates": [ 74.056056, 30.383 ] } },
{ "type": "Feature", "properties": { "GmlID": "LITHOLOG.5746", "objectid": 5746, "Lithology_Code": "L06621", "CGWB_Well_Serial_No": null, "Temporal_water_level": null, "Year_of_observation": null, "Distance_of_Observation_Well": null, "Basin": "01", "State": "PB", "District": "Firozpur", "Block": "Ferozpur", "Location": "Jhokharihar-I", "Latitude": 30.862, "Longitude": 74.61075, "Well_Type": "04", "Year_of_Drill": "2018", "Depth_of_Drill__m_": 304.0, "Depth_of_Construction__mbgl_": "267", "Depth_of_Bedrock__mbgl_": "NA", "Major_Lithology": "Fine To Medium Grained Sand, Kankar, Clay", "Static_Water_Level__mbgl_": 18.0, "Discharge__lps_": "null", "Draw_Down__m_": "NA", "Transmissivity__m2_day_": "NA", "Storage_coefficient": "NA", "Specific_Capacity__lpm_m_DD_": "NA", "Electrical_Conductivity__Micro_Seimens__cm_": "NA", "Chloride__mg_l_": "NA", "Zones_Tapped__mbgl_": "242-245, 250-253, 261-264", "Nitrate__mg_l_": "NA", "Fluoride__mg_l_": "NA", "Iron__mg_l_": "NA" }, "geometry": { "type": "Point", "coordinates": [ 74.61075, 30.862 ] } },
{ "type": "Feature", "properties": { "GmlID": "LITHOLOG.5747", "objectid": 5747, "Lithology_Code": "L06622", "CGWB_Well_Serial_No": null, "Temporal_water_level": null, "Year_of_observation": null, "Distance_of_Observation_Well": null, "Basin": "01", "State": "PB", "District": "Firozpur", "Block": "Ferozpur", "Location": "Jhokharihar-Ii", "Latitude": 30.862, "Longitude": 74.61075, "Well_Type": "04", "Year_of_Drill": "2018", "Depth_of_Drill__m_": 204.0, "Depth_of_Construction__mbgl_": "199", "Depth_of_Bedrock__mbgl_": "NA", "Major_Lithology": "NA", "Static_Water_Level__mbgl_": null, "Discharge__lps_": "null", "Draw_Down__m_": "NA", "Transmissivity__m2_day_": "NA", "Storage_coefficient": "NA", "Specific_Capacity__lpm_m_DD_": "NA", "Electrical_Conductivity__Micro_Seimens__cm_": "NA", "Chloride__mg_l_": "NA", "Zones_Tapped__mbgl_": "175-178, 190-196", "Nitrate__mg_l_": "NA", "Fluoride__mg_l_": "NA", "Iron__mg_l_": "NA" }, "geometry": { "type": "Point", "coordinates": [ 74.61075, 30.862 ] } },
{ "type": "Feature", "properties": { "GmlID": "LITHOLOG.5748", "objectid": 5748, "Lithology_Code": "L06623", "CGWB_Well_Serial_No": null, "Temporal_water_level": null, "Year_of_observation": null, "Distance_of_Observation_Well": null, "Basin": "01", "State": "PB", "District": "Firozpur", "Block": "Ferozpur", "Location": "Jhokharihar-Iii", "Latitude": 30.862, "Longitude": 74.61075, "Well_Type": "04", "Year_of_Drill": "2018", "Depth_of_Drill__m_": 105.0, "Depth_of_Construction__mbgl_": "99", "Depth_of_Bedrock__mbgl_": "NA", "Major_Lithology": "NA", "Static_Water_Level__mbgl_": null, "Discharge__lps_": "null", "Draw_Down__m_": "NA", "Transmissivity__m2_day_": "NA", "Storage_coefficient": "NA", "Specific_Capacity__lpm_m_DD_": "NA", "Electrical_Conductivity__Micro_Seimens__cm_": "NA", "Chloride__mg_l_": "NA", "Zones_Tapped__mbgl_": "82-85, 93-96", "Nitrate__mg_l_": "NA", "Fluoride__mg_l_": "NA", "Iron__mg_l_": "NA" }, "geometry": { "type": "Point", "coordinates": [ 74.61075, 30.862 ] } },
{ "type": "Feature", "properties": { "GmlID": "LITHOLOG.5749", "objectid": 5749, "Lithology_Code": "L06624", "CGWB_Well_Serial_No": null, "Temporal_water_level": null, "Year_of_observation": null, "Distance_of_Observation_Well": null, "Basin": "01", "State": "PB", "District": "Firozpur", "Block": "Guru Har Sahai", "Location": "Sohangarh (Rattewala)-I", "Latitude": 30.597, "Longitude": 74.387917, "Well_Type": "04", "Year_of_Drill": "2018", "Depth_of_Drill__m_": 304.0, "Depth_of_Construction__mbgl_": "271", "Depth_of_Bedrock__mbgl_": "NA", "Major_Lithology": "Kankar, Fine To Medium Grained Sand, Clay", "Static_Water_Level__mbgl_": 10.0, "Discharge__lps_": "null", "Draw_Down__m_": "NA", "Transmissivity__m2_day_": "NA", "Storage_coefficient": "NA", "Specific_Capacity__lpm_m_DD_": "NA", "Electrical_Conductivity__Micro_Seimens__cm_": "NA", "Chloride__mg_l_": "NA", "Zones_Tapped__mbgl_": "241-244, 265-268", "Nitrate__mg_l_": "NA", "Fluoride__mg_l_": "NA", "Iron__mg_l_": "NA" }, "geometry": { "type": "Point", "coordinates": [ 74.387917, 30.597 ] } },
{ "type": "Feature", "properties": { "GmlID": "LITHOLOG.5750", "objectid": 5750, "Lithology_Code": "L06625", "CGWB_Well_Serial_No": null, "Temporal_water_level": null, "Year_of_observation": null, "Distance_of_Observation_Well": null, "Basin": "01", "State": "PB", "District": "Firozpur", "Block": "Guru Har Sahai", "Location": "Sohangarh (Rattewala)-Ii", "Latitude": 30.597, "Longitude": 74.387917, "Well_Type": "04", "Year_of_Drill": "2018", "Depth_of_Drill__m_": 205.0, "Depth_of_Construction__mbgl_": "186", "Depth_of_Bedrock__mbgl_": "NA", "Major_Lithology": "NA", "Static_Water_Level__mbgl_": null, "Discharge__lps_": "null", "Draw_Down__m_": "NA", "Transmissivity__m2_day_": "NA", "Storage_coefficient": "NA", "Specific_Capacity__lpm_m_DD_": "NA", "Electrical_Conductivity__Micro_Seimens__cm_": "NA", "Chloride__mg_l_": "NA", "Zones_Tapped__mbgl_": "167-170, 180-183", "Nitrate__mg_l_": "NA", "Fluoride__mg_l_": "NA", "Iron__mg_l_": "NA" }, "geometry": { "type": "Point", "coordinates": [ 74.387917, 30.597 ] } },
{ "type": "Feature", "properties": { "GmlID": "LITHOLOG.5751", "objectid": 5751, "Lithology_Code": "L06626", "CGWB_Well_Serial_No": null, "Temporal_water_level": null, "Year_of_observation": null, "Distance_of_Observation_Well": null, "Basin": "01", "State": "PB", "District": "Firozpur", "Block": "Guru Har Sahai", "Location": "Sohangarh (Rattewala)-Iii", "Latitude": 30.597, "Longitude": 74.387917, "Well_Type": "04", "Year_of_Drill": "2018", "Depth_of_Drill__m_": 101.0, "Depth_of_Construction__mbgl_": "98", "Depth_of_Bedrock__mbgl_": "NA", "Major_Lithology": "NA", "Static_Water_Level__mbgl_": null, "Discharge__lps_": "null", "Draw_Down__m_": "NA", "Transmissivity__m2_day_": "NA", "Storage_coefficient": "NA", "Specific_Capacity__lpm_m_DD_": "NA", "Electrical_Conductivity__Micro_Seimens__cm_": "NA", "Chloride__mg_l_": "NA", "Zones_Tapped__mbgl_": "74-77, 92-95", "Nitrate__mg_l_": "NA", "Fluoride__mg_l_": "NA", "Iron__mg_l_": "NA" }, "geometry": { "type": "Point", "coordinates": [ 74.387917, 30.597 ] } },
{ "type": "Feature", "properties": { "GmlID": "LITHOLOG.5752", "objectid": 5752, "Lithology_Code": "L06627", "CGWB_Well_Serial_No": null, "Temporal_water_level": null, "Year_of_observation": null, "Distance_of_Observation_Well": null, "Basin": "01", "State": "PB", "District": "Firozpur", "Block": "Makhu", "Location": "Gattah Badsha-I", "Latitude": 31.122, "Longitude": 74.901417, "Well_Type": "04", "Year_of_Drill": "2018", "Depth_of_Drill__m_": 305.0, "Depth_of_Construction__mbgl_": "272", "Depth_of_Bedrock__mbgl_": "NA", "Major_Lithology": "Coarse Grained Kankar, Fine To Medium Grined Sand, Clay", "Static_Water_Level__mbgl_": 6.0, "Discharge__lps_": "null", "Draw_Down__m_": "NA", "Transmissivity__m2_day_": "NA", "Storage_coefficient": "NA", "Specific_Capacity__lpm_m_DD_": "NA", "Electrical_Conductivity__Micro_Seimens__cm_": "NA", "Chloride__mg_l_": "NA", "Zones_Tapped__mbgl_": "249-252, 256-259, 266-269", "Nitrate__mg_l_": "NA", "Fluoride__mg_l_": "NA", "Iron__mg_l_": "NA" }, "geometry": { "type": "Point", "coordinates": [ 74.901417, 31.122 ] } },
{ "type": "Feature", "properties": { "GmlID": "LITHOLOG.5753", "objectid": 5753, "Lithology_Code": "L06628", "CGWB_Well_Serial_No": null, "Temporal_water_level": null, "Year_of_observation": null, "Distance_of_Observation_Well": null, "Basin": "01", "State": "PB", "District": "Firozpur", "Block": "Makhu", "Location": "Gattah Badsha-Ii", "Latitude": 31.122, "Longitude": 74.901417, "Well_Type": "04", "Year_of_Drill": "2018", "Depth_of_Drill__m_": 208.0, "Depth_of_Construction__mbgl_": "179", "Depth_of_Bedrock__mbgl_": "NA", "Major_Lithology": "NA", "Static_Water_Level__mbgl_": null, "Discharge__lps_": "null", "Draw_Down__m_": "NA", "Transmissivity__m2_day_": "NA", "Storage_coefficient": "NA", "Specific_Capacity__lpm_m_DD_": "NA", "Electrical_Conductivity__Micro_Seimens__cm_": "NA", "Chloride__mg_l_": "NA", "Zones_Tapped__mbgl_": "149-152, 156-159, 173-176", "Nitrate__mg_l_": "NA", "Fluoride__mg_l_": "NA", "Iron__mg_l_": "NA" }, "geometry": { "type": "Point", "coordinates": [ 74.901417, 31.122 ] } },
{ "type": "Feature", "properties": { "GmlID": "LITHOLOG.5754", "objectid": 5754, "Lithology_Code": "L06629", "CGWB_Well_Serial_No": null, "Temporal_water_level": null, "Year_of_observation": null, "Distance_of_Observation_Well": null, "Basin": "01", "State": "PB", "District": "Firozpur", "Block": "Makhu", "Location": "Gattah Badsha-Iii", "Latitude": 31.122, "Longitude": 74.901417, "Well_Type": "04", "Year_of_Drill": "2018", "Depth_of_Drill__m_": 105.0, "Depth_of_Construction__mbgl_": "101", "Depth_of_Bedrock__mbgl_": "NA", "Major_Lithology": "NA", "Static_Water_Level__mbgl_": null, "Discharge__lps_": "null", "Draw_Down__m_": "NA", "Transmissivity__m2_day_": "NA", "Storage_coefficient": "NA", "Specific_Capacity__lpm_m_DD_": "NA", "Electrical_Conductivity__Micro_Seimens__cm_": "NA", "Chloride__mg_l_": "NA", "Zones_Tapped__mbgl_": "76-79, 81-84, 95-98", "Nitrate__mg_l_": "NA", "Fluoride__mg_l_": "NA", "Iron__mg_l_": "NA" }, "geometry": { "type": "Point", "coordinates": [ 74.901417, 31.122 ] } },
{ "type": "Feature", "properties": { "GmlID": "LITHOLOG.5755", "objectid": 5755, "Lithology_Code": "L06630", "CGWB_Well_Serial_No": null, "Temporal_water_level": null, "Year_of_observation": null, "Distance_of_Observation_Well": null, "Basin": "01", "State": "PB", "District": "Gurdaspur", "Block": "Fatehgarh Churian", "Location": "Choranwali-I", "Latitude": 31.858, "Longitude": 75.147669, "Well_Type": "04", "Year_of_Drill": "2018", "Depth_of_Drill__m_": 305.0, "Depth_of_Construction__mbgl_": "271", "Depth_of_Bedrock__mbgl_": "NA", "Major_Lithology": "Sand", "Static_Water_Level__mbgl_": 4.0, "Discharge__lps_": "null", "Draw_Down__m_": "NA", "Transmissivity__m2_day_": "NA", "Storage_coefficient": "NA", "Specific_Capacity__lpm_m_DD_": "NA", "Electrical_Conductivity__Micro_Seimens__cm_": "NA", "Chloride__mg_l_": "NA", "Zones_Tapped__mbgl_": "240-243, 250-256, 265-268", "Nitrate__mg_l_": "NA", "Fluoride__mg_l_": "NA", "Iron__mg_l_": "NA" }, "geometry": { "type": "Point", "coordinates": [ 75.147669, 31.858 ] } },
{ "type": "Feature", "properties": { "GmlID": "LITHOLOG.5756", "objectid": 5756, "Lithology_Code": "L06631", "CGWB_Well_Serial_No": null, "Temporal_water_level": null, "Year_of_observation": null, "Distance_of_Observation_Well": null, "Basin": "01", "State": "PB", "District": "Gurdaspur", "Block": "Fatehgarh Churian", "Location": "Choranwali-Ii", "Latitude": 31.858, "Longitude": 75.147669, "Well_Type": "04", "Year_of_Drill": "2018", "Depth_of_Drill__m_": null, "Depth_of_Construction__mbgl_": "NA", "Depth_of_Bedrock__mbgl_": "NA", "Major_Lithology": "NA", "Static_Water_Level__mbgl_": null, "Discharge__lps_": "null", "Draw_Down__m_": "NA", "Transmissivity__m2_day_": "NA", "Storage_coefficient": "NA", "Specific_Capacity__lpm_m_DD_": "NA", "Electrical_Conductivity__Micro_Seimens__cm_": "NA", "Chloride__mg_l_": "NA", "Zones_Tapped__mbgl_": "NA", "Nitrate__mg_l_": "NA", "Fluoride__mg_l_": "NA", "Iron__mg_l_": "NA" }, "geometry": { "type": "Point", "coordinates": [ 75.147669, 31.858 ] } },
{ "type": "Feature", "properties": { "GmlID": "LITHOLOG.5757", "objectid": 5757, "Lithology_Code": "L06632", "CGWB_Well_Serial_No": null, "Temporal_water_level": null, "Year_of_observation": null, "Distance_of_Observation_Well": null, "Basin": "01", "State": "PB", "District": "Gurdaspur", "Block": "Fatehgarh Churian", "Location": "Choranwali-Iii", "Latitude": 31.858, "Longitude": 75.147669, "Well_Type": "04", "Year_of_Drill": "2018", "Depth_of_Drill__m_": null, "Depth_of_Construction__mbgl_": "NA", "Depth_of_Bedrock__mbgl_": "NA", "Major_Lithology": "NA", "Static_Water_Level__mbgl_": null, "Discharge__lps_": "null", "Draw_Down__m_": "NA", "Transmissivity__m2_day_": "NA", "Storage_coefficient": "NA", "Specific_Capacity__lpm_m_DD_": "NA", "Electrical_Conductivity__Micro_Seimens__cm_": "NA", "Chloride__mg_l_": "NA", "Zones_Tapped__mbgl_": "NA", "Nitrate__mg_l_": "NA", "Fluoride__mg_l_": "NA", "Iron__mg_l_": "NA" }, "geometry": { "type": "Point", "coordinates": [ 75.147669, 31.858 ] } },
{ "type": "Feature", "properties": { "GmlID": "LITHOLOG.5758", "objectid": 5758, "Lithology_Code": "L06633", "CGWB_Well_Serial_No": null, "Temporal_water_level": null, "Year_of_observation": null, "Distance_of_Observation_Well": null, "Basin": "01", "State": "PB", "District": "Gurdaspur", "Block": "Dina Nagar", "Location": "Ganji (Ganja)-I", "Latitude": 32.114, "Longitude": 75.352611, "Well_Type": "04", "Year_of_Drill": "2018", "Depth_of_Drill__m_": 305.0, "Depth_of_Construction__mbgl_": "285", "Depth_of_Bedrock__mbgl_": "NA", "Major_Lithology": "Fine To Medium Grained Sand, Clay", "Static_Water_Level__mbgl_": 16.0, "Discharge__lps_": "null", "Draw_Down__m_": "NA", "Transmissivity__m2_day_": "NA", "Storage_coefficient": "NA", "Specific_Capacity__lpm_m_DD_": "NA", "Electrical_Conductivity__Micro_Seimens__cm_": "NA", "Chloride__mg_l_": "NA", "Zones_Tapped__mbgl_": "239-242, 258-264, 279-282", "Nitrate__mg_l_": "NA", "Fluoride__mg_l_": "NA", "Iron__mg_l_": "NA" }, "geometry": { "type": "Point", "coordinates": [ 75.352611, 32.114 ] } },
{ "type": "Feature", "properties": { "GmlID": "LITHOLOG.5759", "objectid": 5759, "Lithology_Code": "L06634", "CGWB_Well_Serial_No": null, "Temporal_water_level": null, "Year_of_observation": null, "Distance_of_Observation_Well": null, "Basin": "01", "State": "PB", "District": "Gurdaspur", "Block": "Dina Nagar", "Location": "Ganji (Ganja)-Iii", "Latitude": 32.114, "Longitude": 75.352611, "Well_Type": "04", "Year_of_Drill": "2018", "Depth_of_Drill__m_": 100.0, "Depth_of_Construction__mbgl_": "95", "Depth_of_Bedrock__mbgl_": "NA", "Major_Lithology": "NA", "Static_Water_Level__mbgl_": null, "Discharge__lps_": "null", "Draw_Down__m_": "NA", "Transmissivity__m2_day_": "NA", "Storage_coefficient": "NA", "Specific_Capacity__lpm_m_DD_": "NA", "Electrical_Conductivity__Micro_Seimens__cm_": "NA", "Chloride__mg_l_": "NA", "Zones_Tapped__mbgl_": "74-80, 86-92", "Nitrate__mg_l_": "NA", "Fluoride__mg_l_": "NA", "Iron__mg_l_": "NA" }, "geometry": { "type": "Point", "coordinates": [ 75.352611, 32.114 ] } },
{ "type": "Feature", "properties": { "GmlID": "LITHOLOG.5760", "objectid": 5760, "Lithology_Code": "L06635", "CGWB_Well_Serial_No": null, "Temporal_water_level": null, "Year_of_observation": null, "Distance_of_Observation_Well": null, "Basin": "01", "State": "PB", "District": "Gurdaspur", "Block": "Dina Nagar", "Location": "Ganji (Ganja-Ii", "Latitude": 32.114, "Longitude": 75.352611, "Well_Type": "04", "Year_of_Drill": "2018", "Depth_of_Drill__m_": 204.0, "Depth_of_Construction__mbgl_": "193", "Depth_of_Bedrock__mbgl_": "NA", "Major_Lithology": "NA", "Static_Water_Level__mbgl_": null, "Discharge__lps_": "null", "Draw_Down__m_": "NA", "Transmissivity__m2_day_": "NA", "Storage_coefficient": "NA", "Specific_Capacity__lpm_m_DD_": "NA", "Electrical_Conductivity__Micro_Seimens__cm_": "NA", "Chloride__mg_l_": "NA", "Zones_Tapped__mbgl_": "155-161, 167-170, 187-190", "Nitrate__mg_l_": "NA", "Fluoride__mg_l_": "NA", "Iron__mg_l_": "NA" }, "geometry": { "type": "Point", "coordinates": [ 75.352611, 32.114 ] } },
{ "type": "Feature", "properties": { "GmlID": "LITHOLOG.5761", "objectid": 5761, "Lithology_Code": "L06636", "CGWB_Well_Serial_No": null, "Temporal_water_level": null, "Year_of_observation": null, "Distance_of_Observation_Well": null, "Basin": "01", "State": "PB", "District": "Gurdaspur", "Block": "Kahnuwan", "Location": "Attepur  Ew", "Latitude": 31.719232, "Longitude": 75.365266, "Well_Type": "01", "Year_of_Drill": "2012", "Depth_of_Drill__m_": 67.7, "Depth_of_Construction__mbgl_": "63", "Depth_of_Bedrock__mbgl_": "NA", "Major_Lithology": "Sand, Boulder", "Static_Water_Level__mbgl_": 3.77, "Discharge__lps_": "12.93", "Draw_Down__m_": "3.2", "Transmissivity__m2_day_": "NA", "Storage_coefficient": "NA", "Specific_Capacity__lpm_m_DD_": "NA", "Electrical_Conductivity__Micro_Seimens__cm_": "NA", "Chloride__mg_l_": "NA", "Zones_Tapped__mbgl_": "22-28, 38-47, 50-53, 56-59", "Nitrate__mg_l_": "NA", "Fluoride__mg_l_": "NA", "Iron__mg_l_": "NA" }, "geometry": { "type": "Point", "coordinates": [ 75.365266, 31.719232 ] } },
{ "type": "Feature", "properties": { "GmlID": "LITHOLOG.5762", "objectid": 5762, "Lithology_Code": "L06637", "CGWB_Well_Serial_No": null, "Temporal_water_level": null, "Year_of_observation": null, "Distance_of_Observation_Well": null, "Basin": "01", "State": "PB", "District": "Gurdaspur", "Block": "Kahnuwan", "Location": "Ghoman-I", "Latitude": 31.691, "Longitude": 75.386325, "Well_Type": "04", "Year_of_Drill": "2018", "Depth_of_Drill__m_": 305.0, "Depth_of_Construction__mbgl_": "296", "Depth_of_Bedrock__mbgl_": "NA", "Major_Lithology": "Fine To Medium Grained Sand", "Static_Water_Level__mbgl_": 16.0, "Discharge__lps_": "null", "Draw_Down__m_": "NA", "Transmissivity__m2_day_": "NA", "Storage_coefficient": "NA", "Specific_Capacity__lpm_m_DD_": "NA", "Electrical_Conductivity__Micro_Seimens__cm_": "NA", "Chloride__mg_l_": "NA", "Zones_Tapped__mbgl_": "255-261, 287-293", "Nitrate__mg_l_": "NA", "Fluoride__mg_l_": "NA", "Iron__mg_l_": "NA" }, "geometry": { "type": "Point", "coordinates": [ 75.386325, 31.691 ] } },
{ "type": "Feature", "properties": { "GmlID": "LITHOLOG.5763", "objectid": 5763, "Lithology_Code": "L06638", "CGWB_Well_Serial_No": null, "Temporal_water_level": null, "Year_of_observation": null, "Distance_of_Observation_Well": null, "Basin": "01", "State": "PB", "District": "Gurdaspur", "Block": "Kahnuwan", "Location": "Ghoman-Ii", "Latitude": 31.691, "Longitude": 75.386325, "Well_Type": "04", "Year_of_Drill": "2018", "Depth_of_Drill__m_": 204.0, "Depth_of_Construction__mbgl_": "200", "Depth_of_Bedrock__mbgl_": "NA", "Major_Lithology": "NA", "Static_Water_Level__mbgl_": null, "Discharge__lps_": "null", "Draw_Down__m_": "NA", "Transmissivity__m2_day_": "NA", "Storage_coefficient": "NA", "Specific_Capacity__lpm_m_DD_": "NA", "Electrical_Conductivity__Micro_Seimens__cm_": "NA", "Chloride__mg_l_": "NA", "Zones_Tapped__mbgl_": "177-183, 191-197", "Nitrate__mg_l_": "NA", "Fluoride__mg_l_": "NA", "Iron__mg_l_": "NA" }, "geometry": { "type": "Point", "coordinates": [ 75.386325, 31.691 ] } },
{ "type": "Feature", "properties": { "GmlID": "LITHOLOG.5764", "objectid": 5764, "Lithology_Code": "L06639", "CGWB_Well_Serial_No": null, "Temporal_water_level": null, "Year_of_observation": null, "Distance_of_Observation_Well": null, "Basin": "01", "State": "PB", "District": "Gurdaspur", "Block": "Kahnuwan", "Location": "Ghoman-Iii", "Latitude": 31.691, "Longitude": 75.386325, "Well_Type": "04", "Year_of_Drill": "2018", "Depth_of_Drill__m_": 103.0, "Depth_of_Construction__mbgl_": "102", "Depth_of_Bedrock__mbgl_": "NA", "Major_Lithology": "NA", "Static_Water_Level__mbgl_": null, "Discharge__lps_": "null", "Draw_Down__m_": "NA", "Transmissivity__m2_day_": "NA", "Storage_coefficient": "NA", "Specific_Capacity__lpm_m_DD_": "NA", "Electrical_Conductivity__Micro_Seimens__cm_": "NA", "Chloride__mg_l_": "NA", "Zones_Tapped__mbgl_": "69-75, 79-82, 96-99", "Nitrate__mg_l_": "NA", "Fluoride__mg_l_": "NA", "Iron__mg_l_": "NA" }, "geometry": { "type": "Point", "coordinates": [ 75.386325, 31.691 ] } },
{ "type": "Feature", "properties": { "GmlID": "LITHOLOG.5765", "objectid": 5765, "Lithology_Code": "L06640", "CGWB_Well_Serial_No": null, "Temporal_water_level": null, "Year_of_observation": null, "Distance_of_Observation_Well": null, "Basin": "01", "State": "PB", "District": "Gurdaspur", "Block": "Pathankot", "Location": "Itti  Ew", "Latitude": 32.284303, "Longitude": 75.590254, "Well_Type": "01", "Year_of_Drill": "2016", "Depth_of_Drill__m_": 85.0, "Depth_of_Construction__mbgl_": "75", "Depth_of_Bedrock__mbgl_": "NA", "Major_Lithology": "Sand, Clay", "Static_Water_Level__mbgl_": null, "Discharge__lps_": "null", "Draw_Down__m_": "NA", "Transmissivity__m2_day_": "NA", "Storage_coefficient": "NA", "Specific_Capacity__lpm_m_DD_": "NA", "Electrical_Conductivity__Micro_Seimens__cm_": "NA", "Chloride__mg_l_": "NA", "Zones_Tapped__mbgl_": "37-43, 46-49, 58-64, 67-71", "Nitrate__mg_l_": "NA", "Fluoride__mg_l_": "NA", "Iron__mg_l_": "NA" }, "geometry": { "type": "Point", "coordinates": [ 75.590254, 32.284303 ] } },
{ "type": "Feature", "properties": { "GmlID": "LITHOLOG.5766", "objectid": 5766, "Lithology_Code": "L06641", "CGWB_Well_Serial_No": null, "Temporal_water_level": null, "Year_of_observation": null, "Distance_of_Observation_Well": null, "Basin": "01", "State": "PB", "District": "Gurdaspur", "Block": "Pathankot", "Location": "Sarna  Ew", "Latitude": 32.261425, "Longitude": 75.584433, "Well_Type": "01", "Year_of_Drill": "2014", "Depth_of_Drill__m_": 56.7, "Depth_of_Construction__mbgl_": "48", "Depth_of_Bedrock__mbgl_": "NA", "Major_Lithology": "Sand, Clay, Boulder", "Static_Water_Level__mbgl_": 8.74, "Discharge__lps_": "3.44", "Draw_Down__m_": "25.39", "Transmissivity__m2_day_": "NA", "Storage_coefficient": "NA", "Specific_Capacity__lpm_m_DD_": "NA", "Electrical_Conductivity__Micro_Seimens__cm_": "NA", "Chloride__mg_l_": "NA", "Zones_Tapped__mbgl_": "30-34, 40-46", "Nitrate__mg_l_": "NA", "Fluoride__mg_l_": "NA", "Iron__mg_l_": "NA" }, "geometry": { "type": "Point", "coordinates": [ 75.584433, 32.261425 ] } },
{ "type": "Feature", "properties": { "GmlID": "LITHOLOG.5767", "objectid": 5767, "Lithology_Code": "L06642", "CGWB_Well_Serial_No": null, "Temporal_water_level": null, "Year_of_observation": null, "Distance_of_Observation_Well": null, "Basin": "01", "State": "PB", "District": "Gurdaspur", "Block": "Pathankot", "Location": "Uparali Badoi  Ew", "Latitude": 32.264338, "Longitude": 75.642112, "Well_Type": "01", "Year_of_Drill": "2014", "Depth_of_Drill__m_": 101.85, "Depth_of_Construction__mbgl_": "85", "Depth_of_Bedrock__mbgl_": "NA", "Major_Lithology": "Sand, Clay, Boulder", "Static_Water_Level__mbgl_": null, "Discharge__lps_": "null", "Draw_Down__m_": "NA", "Transmissivity__m2_day_": "NA", "Storage_coefficient": "NA", "Specific_Capacity__lpm_m_DD_": "NA", "Electrical_Conductivity__Micro_Seimens__cm_": "NA", "Chloride__mg_l_": "NA", "Zones_Tapped__mbgl_": "63-72, 75-81", "Nitrate__mg_l_": "NA", "Fluoride__mg_l_": "NA", "Iron__mg_l_": "NA" }, "geometry": { "type": "Point", "coordinates": [ 75.642112, 32.264338 ] } },
{ "type": "Feature", "properties": { "GmlID": "LITHOLOG.5768", "objectid": 5768, "Lithology_Code": "L06643", "CGWB_Well_Serial_No": null, "Temporal_water_level": null, "Year_of_observation": null, "Distance_of_Observation_Well": null, "Basin": "01", "State": "PB", "District": "Gurdaspur", "Block": "Sri Hargobindpur", "Location": "Harchowal (Pz) 1", "Latitude": 31.780193, "Longitude": 75.451952, "Well_Type": "03", "Year_of_Drill": "2018", "Depth_of_Drill__m_": 302.4, "Depth_of_Construction__mbgl_": "295", "Depth_of_Bedrock__mbgl_": "NA", "Major_Lithology": "Sand, Clay", "Static_Water_Level__mbgl_": null, "Discharge__lps_": "null", "Draw_Down__m_": "NA", "Transmissivity__m2_day_": "NA", "Storage_coefficient": "NA", "Specific_Capacity__lpm_m_DD_": "NA", "Electrical_Conductivity__Micro_Seimens__cm_": "NA", "Chloride__mg_l_": "NA", "Zones_Tapped__mbgl_": "260-269, 287-293", "Nitrate__mg_l_": "NA", "Fluoride__mg_l_": "NA", "Iron__mg_l_": "NA" }, "geometry": { "type": "Point", "coordinates": [ 75.451952, 31.780193 ] } },
{ "type": "Feature", "properties": { "GmlID": "LITHOLOG.5769", "objectid": 5769, "Lithology_Code": "L06644", "CGWB_Well_Serial_No": null, "Temporal_water_level": null, "Year_of_observation": null, "Distance_of_Observation_Well": null, "Basin": "01", "State": "PB", "District": "Gurdaspur", "Block": "Sri Hargobindpur", "Location": "Harchowal (Pz) 2", "Latitude": 31.780193, "Longitude": 75.451952, "Well_Type": "03", "Year_of_Drill": "2018", "Depth_of_Drill__m_": 91.6, "Depth_of_Construction__mbgl_": "86", "Depth_of_Bedrock__mbgl_": "NA", "Major_Lithology": "Sand, Clay", "Static_Water_Level__mbgl_": null, "Discharge__lps_": "null", "Draw_Down__m_": "NA", "Transmissivity__m2_day_": "NA", "Storage_coefficient": "NA", "Specific_Capacity__lpm_m_DD_": "NA", "Electrical_Conductivity__Micro_Seimens__cm_": "NA", "Chloride__mg_l_": "NA", "Zones_Tapped__mbgl_": "77-83", "Nitrate__mg_l_": "NA", "Fluoride__mg_l_": "NA", "Iron__mg_l_": "NA" }, "geometry": { "type": "Point", "coordinates": [ 75.451952, 31.780193 ] } },
{ "type": "Feature", "properties": { "GmlID": "LITHOLOG.5770", "objectid": 5770, "Lithology_Code": "L06645", "CGWB_Well_Serial_No": null, "Temporal_water_level": null, "Year_of_observation": null, "Distance_of_Observation_Well": null, "Basin": "01", "State": "PB", "District": "Gurdaspur", "Block": "Sri Hargobindpur", "Location": "Harchowal (Pz) 3", "Latitude": 31.780193, "Longitude": 75.451952, "Well_Type": "03", "Year_of_Drill": "2018", "Depth_of_Drill__m_": 202.2, "Depth_of_Construction__mbgl_": "195", "Depth_of_Bedrock__mbgl_": "NA", "Major_Lithology": "Sand, Clay", "Static_Water_Level__mbgl_": null, "Discharge__lps_": "null", "Draw_Down__m_": "NA", "Transmissivity__m2_day_": "NA", "Storage_coefficient": "NA", "Specific_Capacity__lpm_m_DD_": "NA", "Electrical_Conductivity__Micro_Seimens__cm_": "NA", "Chloride__mg_l_": "NA", "Zones_Tapped__mbgl_": "177-180, 186-192", "Nitrate__mg_l_": "NA", "Fluoride__mg_l_": "NA", "Iron__mg_l_": "NA" }, "geometry": { "type": "Point", "coordinates": [ 75.451952, 31.780193 ] } },
{ "type": "Feature", "properties": { "GmlID": "LITHOLOG.5771", "objectid": 5771, "Lithology_Code": "L06646", "CGWB_Well_Serial_No": null, "Temporal_water_level": null, "Year_of_observation": null, "Distance_of_Observation_Well": null, "Basin": "01", "State": "PB", "District": "Hoshiarpur", "Block": "Bhunga", "Location": "Baghaura  Ew", "Latitude": 31.647898, "Longitude": 75.806908, "Well_Type": "01", "Year_of_Drill": "2014", "Depth_of_Drill__m_": 354.0, "Depth_of_Construction__mbgl_": "201", "Depth_of_Bedrock__mbgl_": "NA", "Major_Lithology": "Sand, Clay", "Static_Water_Level__mbgl_": 47.56, "Discharge__lps_": "6.81667", "Draw_Down__m_": "2.2", "Transmissivity__m2_day_": "NA", "Storage_coefficient": "NA", "Specific_Capacity__lpm_m_DD_": "NA", "Electrical_Conductivity__Micro_Seimens__cm_": "NA", "Chloride__mg_l_": "NA", "Zones_Tapped__mbgl_": "159-165, 169-175, 185-197", "Nitrate__mg_l_": "NA", "Fluoride__mg_l_": "NA", "Iron__mg_l_": "NA" }, "geometry": { "type": "Point", "coordinates": [ 75.806908, 31.647898 ] } },
{ "type": "Feature", "properties": { "GmlID": "LITHOLOG.5772", "objectid": 5772, "Lithology_Code": "L06647", "CGWB_Well_Serial_No": null, "Temporal_water_level": null, "Year_of_observation": null, "Distance_of_Observation_Well": null, "Basin": "01", "State": "PB", "District": "Hoshiarpur", "Block": "Bhunga", "Location": "Baghaura  Ow", "Latitude": 31.647898, "Longitude": 75.806908, "Well_Type": "02", "Year_of_Drill": "2014", "Depth_of_Drill__m_": 211.4, "Depth_of_Construction__mbgl_": "200", "Depth_of_Bedrock__mbgl_": "NA", "Major_Lithology": "Sand, Clay", "Static_Water_Level__mbgl_": null, "Discharge__lps_": "0", "Draw_Down__m_": "0", "Transmissivity__m2_day_": "NA", "Storage_coefficient": "NA", "Specific_Capacity__lpm_m_DD_": "NA", "Electrical_Conductivity__Micro_Seimens__cm_": "NA", "Chloride__mg_l_": "NA", "Zones_Tapped__mbgl_": "160-163, 170-173, 190-196", "Nitrate__mg_l_": "NA", "Fluoride__mg_l_": "NA", "Iron__mg_l_": "NA" }, "geometry": { "type": "Point", "coordinates": [ 75.806908, 31.647898 ] } },
{ "type": "Feature", "properties": { "GmlID": "LITHOLOG.5773", "objectid": 5773, "Lithology_Code": "L06648", "CGWB_Well_Serial_No": null, "Temporal_water_level": null, "Year_of_observation": null, "Distance_of_Observation_Well": null, "Basin": "01", "State": "PB", "District": "Hoshiarpur", "Block": "Bhunga", "Location": "Bassi Ballo 1", "Latitude": 31.655, "Longitude": 75.868697, "Well_Type": "04", "Year_of_Drill": "2018", "Depth_of_Drill__m_": 307.0, "Depth_of_Construction__mbgl_": "289", "Depth_of_Bedrock__mbgl_": "NA", "Major_Lithology": "Sand", "Static_Water_Level__mbgl_": 42.0, "Discharge__lps_": "null", "Draw_Down__m_": "NA", "Transmissivity__m2_day_": "NA", "Storage_coefficient": "NA", "Specific_Capacity__lpm_m_DD_": "NA", "Electrical_Conductivity__Micro_Seimens__cm_": "NA", "Chloride__mg_l_": "NA", "Zones_Tapped__mbgl_": "252-255, 272-275, 283-286", "Nitrate__mg_l_": "NA", "Fluoride__mg_l_": "NA", "Iron__mg_l_": "NA" }, "geometry": { "type": "Point", "coordinates": [ 75.868697, 31.655 ] } },
{ "type": "Feature", "properties": { "GmlID": "LITHOLOG.5774", "objectid": 5774, "Lithology_Code": "L06649", "CGWB_Well_Serial_No": null, "Temporal_water_level": null, "Year_of_observation": null, "Distance_of_Observation_Well": null, "Basin": "01", "State": "PB", "District": "Hoshiarpur", "Block": "Bhunga", "Location": "Bassi Ballo 2", "Latitude": 31.655, "Longitude": 75.868697, "Well_Type": "04", "Year_of_Drill": "2018", "Depth_of_Drill__m_": 209.0, "Depth_of_Construction__mbgl_": "194", "Depth_of_Bedrock__mbgl_": "NA", "Major_Lithology": "NA", "Static_Water_Level__mbgl_": null, "Discharge__lps_": "null", "Draw_Down__m_": "NA", "Transmissivity__m2_day_": "NA", "Storage_coefficient": "NA", "Specific_Capacity__lpm_m_DD_": "NA", "Electrical_Conductivity__Micro_Seimens__cm_": "NA", "Chloride__mg_l_": "NA", "Zones_Tapped__mbgl_": "165-168, 173-176, 188-191", "Nitrate__mg_l_": "NA", "Fluoride__mg_l_": "NA", "Iron__mg_l_": "NA" }, "geometry": { "type": "Point", "coordinates": [ 75.868697, 31.655 ] } },
{ "type": "Feature", "properties": { "GmlID": "LITHOLOG.5775", "objectid": 5775, "Lithology_Code": "L06650", "CGWB_Well_Serial_No": null, "Temporal_water_level": null, "Year_of_observation": null, "Distance_of_Observation_Well": null, "Basin": "01", "State": "PB", "District": "Hoshiarpur", "Block": "Bhunga", "Location": "Bassi Ballo 3", "Latitude": 31.655, "Longitude": 75.868697, "Well_Type": "04", "Year_of_Drill": "2018", "Depth_of_Drill__m_": 106.0, "Depth_of_Construction__mbgl_": "95", "Depth_of_Bedrock__mbgl_": "NA", "Major_Lithology": "NA", "Static_Water_Level__mbgl_": null, "Discharge__lps_": "null", "Draw_Down__m_": "NA", "Transmissivity__m2_day_": "NA", "Storage_coefficient": "NA", "Specific_Capacity__lpm_m_DD_": "NA", "Electrical_Conductivity__Micro_Seimens__cm_": "NA", "Chloride__mg_l_": "NA", "Zones_Tapped__mbgl_": "68-70, 88-92", "Nitrate__mg_l_": "NA", "Fluoride__mg_l_": "NA", "Iron__mg_l_": "NA" }, "geometry": { "type": "Point", "coordinates": [ 75.868697, 31.655 ] } },
{ "type": "Feature", "properties": { "GmlID": "LITHOLOG.5776", "objectid": 5776, "Lithology_Code": "L06651", "CGWB_Well_Serial_No": null, "Temporal_water_level": null, "Year_of_observation": null, "Distance_of_Observation_Well": null, "Basin": "01", "State": "PB", "District": "Hoshiarpur", "Block": "Dasuya", "Location": "Jandaur-I", "Latitude": 31.848, "Longitude": 75.634106, "Well_Type": "04", "Year_of_Drill": "2018", "Depth_of_Drill__m_": 304.0, "Depth_of_Construction__mbgl_": "301", "Depth_of_Bedrock__mbgl_": "NA", "Major_Lithology": "Sand", "Static_Water_Level__mbgl_": 21.0, "Discharge__lps_": "null", "Draw_Down__m_": "NA", "Transmissivity__m2_day_": "NA", "Storage_coefficient": "NA", "Specific_Capacity__lpm_m_DD_": "NA", "Electrical_Conductivity__Micro_Seimens__cm_": "NA", "Chloride__mg_l_": "NA", "Zones_Tapped__mbgl_": "256-259, 265-268, 285-288, 295-298", "Nitrate__mg_l_": "NA", "Fluoride__mg_l_": "NA", "Iron__mg_l_": "NA" }, "geometry": { "type": "Point", "coordinates": [ 75.634106, 31.848 ] } },
{ "type": "Feature", "properties": { "GmlID": "LITHOLOG.5777", "objectid": 5777, "Lithology_Code": "L06652", "CGWB_Well_Serial_No": null, "Temporal_water_level": null, "Year_of_observation": null, "Distance_of_Observation_Well": null, "Basin": "01", "State": "PB", "District": "Hoshiarpur", "Block": "Dasuya", "Location": "Jandaur-Ii", "Latitude": 31.848, "Longitude": 75.634106, "Well_Type": "04", "Year_of_Drill": "2018", "Depth_of_Drill__m_": 206.0, "Depth_of_Construction__mbgl_": "199", "Depth_of_Bedrock__mbgl_": "NA", "Major_Lithology": "NA", "Static_Water_Level__mbgl_": null, "Discharge__lps_": "null", "Draw_Down__m_": "NA", "Transmissivity__m2_day_": "NA", "Storage_coefficient": "NA", "Specific_Capacity__lpm_m_DD_": "NA", "Electrical_Conductivity__Micro_Seimens__cm_": "NA", "Chloride__mg_l_": "NA", "Zones_Tapped__mbgl_": "174-177, 182-188, 193-196", "Nitrate__mg_l_": "NA", "Fluoride__mg_l_": "NA", "Iron__mg_l_": "NA" }, "geometry": { "type": "Point", "coordinates": [ 75.634106, 31.848 ] } },
{ "type": "Feature", "properties": { "GmlID": "LITHOLOG.5778", "objectid": 5778, "Lithology_Code": "L06653", "CGWB_Well_Serial_No": null, "Temporal_water_level": null, "Year_of_observation": null, "Distance_of_Observation_Well": null, "Basin": "01", "State": "PB", "District": "Hoshiarpur", "Block": "Dasuya", "Location": "Jandaur-Iii", "Latitude": 31.848, "Longitude": 75.634106, "Well_Type": "04", "Year_of_Drill": "2018", "Depth_of_Drill__m_": 107.0, "Depth_of_Construction__mbgl_": "93", "Depth_of_Bedrock__mbgl_": "NA", "Major_Lithology": "NA", "Static_Water_Level__mbgl_": null, "Discharge__lps_": "null", "Draw_Down__m_": "NA", "Transmissivity__m2_day_": "NA", "Storage_coefficient": "NA", "Specific_Capacity__lpm_m_DD_": "NA", "Electrical_Conductivity__Micro_Seimens__cm_": "NA", "Chloride__mg_l_": "NA", "Zones_Tapped__mbgl_": "63-66, 69-72, 84-90", "Nitrate__mg_l_": "NA", "Fluoride__mg_l_": "NA", "Iron__mg_l_": "NA" }, "geometry": { "type": "Point", "coordinates": [ 75.634106, 31.848 ] } },
{ "type": "Feature", "properties": { "GmlID": "LITHOLOG.5779", "objectid": 5779, "Lithology_Code": "L06654", "CGWB_Well_Serial_No": null, "Temporal_water_level": null, "Year_of_observation": null, "Distance_of_Observation_Well": null, "Basin": "01", "State": "PB", "District": "Hoshiarpur", "Block": "Garhsahnkar", "Location": "Kikarwali (Dol)", "Latitude": 31.239294, "Longitude": 76.258833, "Well_Type": "04", "Year_of_Drill": "2017-18", "Depth_of_Drill__m_": 68.0, "Depth_of_Construction__mbgl_": "68", "Depth_of_Bedrock__mbgl_": "68", "Major_Lithology": "NA", "Static_Water_Level__mbgl_": 3.4, "Discharge__lps_": "310.37", "Draw_Down__m_": "8.33", "Transmissivity__m2_day_": "34.14", "Storage_coefficient": "NA", "Specific_Capacity__lpm_m_DD_": "NA", "Electrical_Conductivity__Micro_Seimens__cm_": "NA", "Chloride__mg_l_": "NA", "Zones_Tapped__mbgl_": "22-30,61-66", "Nitrate__mg_l_": "NA", "Fluoride__mg_l_": "NA", "Iron__mg_l_": "NA" }, "geometry": { "type": "Point", "coordinates": [ 76.258833, 31.239294 ] } },
{ "type": "Feature", "properties": { "GmlID": "LITHOLOG.5780", "objectid": 5780, "Lithology_Code": "L06655", "CGWB_Well_Serial_No": null, "Temporal_water_level": null, "Year_of_observation": null, "Distance_of_Observation_Well": null, "Basin": "01", "State": "PB", "District": "Hoshiarpur", "Block": "Hoshiarpur-1", "Location": "Kulhewal  Ew", "Latitude": 31.589853, "Longitude": 75.781479, "Well_Type": "01", "Year_of_Drill": "2013", "Depth_of_Drill__m_": 354.0, "Depth_of_Construction__mbgl_": "229", "Depth_of_Bedrock__mbgl_": "NA", "Major_Lithology": "Sand, Clay", "Static_Water_Level__mbgl_": 27.33, "Discharge__lps_": "6.68333", "Draw_Down__m_": "1.21", "Transmissivity__m2_day_": "NA", "Storage_coefficient": "NA", "Specific_Capacity__lpm_m_DD_": "NA", "Electrical_Conductivity__Micro_Seimens__cm_": "NA", "Chloride__mg_l_": "NA", "Zones_Tapped__mbgl_": "157-167, 184-190.06,, 209-212.06, 220-225.04", "Nitrate__mg_l_": "NA", "Fluoride__mg_l_": "NA", "Iron__mg_l_": "NA" }, "geometry": { "type": "Point", "coordinates": [ 75.781479, 31.589853 ] } },
{ "type": "Feature", "properties": { "GmlID": "LITHOLOG.5781", "objectid": 5781, "Lithology_Code": "L06656", "CGWB_Well_Serial_No": null, "Temporal_water_level": null, "Year_of_observation": null, "Distance_of_Observation_Well": null, "Basin": "01", "State": "PB", "District": "Hoshiarpur", "Block": "Mahilpur", "Location": "Mehdood  Ew", "Latitude": 31.330958, "Longitude": 76.152288, "Well_Type": "01", "Year_of_Drill": "2015", "Depth_of_Drill__m_": 182.0, "Depth_of_Construction__mbgl_": "182", "Depth_of_Bedrock__mbgl_": "NA", "Major_Lithology": "Sand, Clay, Boulders", "Static_Water_Level__mbgl_": null, "Discharge__lps_": "null", "Draw_Down__m_": "NA", "Transmissivity__m2_day_": "NA", "Storage_coefficient": "NA", "Specific_Capacity__lpm_m_DD_": "NA", "Electrical_Conductivity__Micro_Seimens__cm_": "NA", "Chloride__mg_l_": "NA", "Zones_Tapped__mbgl_": "172-180", "Nitrate__mg_l_": "NA", "Fluoride__mg_l_": "NA", "Iron__mg_l_": "NA" }, "geometry": { "type": "Point", "coordinates": [ 76.152288, 31.330958 ] } },
{ "type": "Feature", "properties": { "GmlID": "LITHOLOG.5782", "objectid": 5782, "Lithology_Code": "L06657", "CGWB_Well_Serial_No": null, "Temporal_water_level": null, "Year_of_observation": null, "Distance_of_Observation_Well": null, "Basin": "01", "State": "PB", "District": "Jalandhar", "Block": "Adampur", "Location": "Jandu Singha 1", "Latitude": 31.373, "Longitude": 75.646181, "Well_Type": "04", "Year_of_Drill": "2018", "Depth_of_Drill__m_": 307.0, "Depth_of_Construction__mbgl_": "260", "Depth_of_Bedrock__mbgl_": "NA", "Major_Lithology": "Fine Grained Sand, Kankar", "Static_Water_Level__mbgl_": 33.0, "Discharge__lps_": "null", "Draw_Down__m_": "NA", "Transmissivity__m2_day_": "NA", "Storage_coefficient": "NA", "Specific_Capacity__lpm_m_DD_": "NA", "Electrical_Conductivity__Micro_Seimens__cm_": "NA", "Chloride__mg_l_": "NA", "Zones_Tapped__mbgl_": "230-233, 246-249, 254-257", "Nitrate__mg_l_": "NA", "Fluoride__mg_l_": "NA", "Iron__mg_l_": "NA" }, "geometry": { "type": "Point", "coordinates": [ 75.646181, 31.373 ] } },
{ "type": "Feature", "properties": { "GmlID": "LITHOLOG.5783", "objectid": 5783, "Lithology_Code": "L06658", "CGWB_Well_Serial_No": null, "Temporal_water_level": null, "Year_of_observation": null, "Distance_of_Observation_Well": null, "Basin": "01", "State": "PB", "District": "Jalandhar", "Block": "Adampur", "Location": "Jandu Singha 2", "Latitude": 31.373, "Longitude": 75.646181, "Well_Type": "04", "Year_of_Drill": "2018", "Depth_of_Drill__m_": 208.0, "Depth_of_Construction__mbgl_": "181", "Depth_of_Bedrock__mbgl_": "NA", "Major_Lithology": "NA", "Static_Water_Level__mbgl_": null, "Discharge__lps_": "null", "Draw_Down__m_": "NA", "Transmissivity__m2_day_": "NA", "Storage_coefficient": "NA", "Specific_Capacity__lpm_m_DD_": "NA", "Electrical_Conductivity__Micro_Seimens__cm_": "NA", "Chloride__mg_l_": "NA", "Zones_Tapped__mbgl_": "154-157, 167-170, 175-178", "Nitrate__mg_l_": "NA", "Fluoride__mg_l_": "NA", "Iron__mg_l_": "NA" }, "geometry": { "type": "Point", "coordinates": [ 75.646181, 31.373 ] } },
{ "type": "Feature", "properties": { "GmlID": "LITHOLOG.5784", "objectid": 5784, "Lithology_Code": "L06659", "CGWB_Well_Serial_No": null, "Temporal_water_level": null, "Year_of_observation": null, "Distance_of_Observation_Well": null, "Basin": "01", "State": "PB", "District": "Jalandhar", "Block": "Adampur", "Location": "Jandu Singha 3", "Latitude": 31.373, "Longitude": 75.646181, "Well_Type": "04", "Year_of_Drill": "2018", "Depth_of_Drill__m_": 106.0, "Depth_of_Construction__mbgl_": "103", "Depth_of_Bedrock__mbgl_": "NA", "Major_Lithology": "NA", "Static_Water_Level__mbgl_": null, "Discharge__lps_": "null", "Draw_Down__m_": "NA", "Transmissivity__m2_day_": "NA", "Storage_coefficient": "NA", "Specific_Capacity__lpm_m_DD_": "NA", "Electrical_Conductivity__Micro_Seimens__cm_": "NA", "Chloride__mg_l_": "NA", "Zones_Tapped__mbgl_": "78-81, 86-89, 97-100", "Nitrate__mg_l_": "NA", "Fluoride__mg_l_": "NA", "Iron__mg_l_": "NA" }, "geometry": { "type": "Point", "coordinates": [ 75.646181, 31.373 ] } },
{ "type": "Feature", "properties": { "GmlID": "LITHOLOG.5785", "objectid": 5785, "Lithology_Code": "L06660", "CGWB_Well_Serial_No": null, "Temporal_water_level": null, "Year_of_observation": null, "Distance_of_Observation_Well": null, "Basin": "01", "State": "PB", "District": "Jalandhar", "Block": "Phillaur", "Location": "Turan-I", "Latitude": 31.12, "Longitude": 75.900511, "Well_Type": "04", "Year_of_Drill": "2018", "Depth_of_Drill__m_": 305.0, "Depth_of_Construction__mbgl_": "295", "Depth_of_Bedrock__mbgl_": "NA", "Major_Lithology": "Fine To Medium Grained Sand, Clay", "Static_Water_Level__mbgl_": 22.0, "Discharge__lps_": "null", "Draw_Down__m_": "NA", "Transmissivity__m2_day_": "NA", "Storage_coefficient": "NA", "Specific_Capacity__lpm_m_DD_": "NA", "Electrical_Conductivity__Micro_Seimens__cm_": "NA", "Chloride__mg_l_": "NA", "Zones_Tapped__mbgl_": "266-269, 279-282, 289-292", "Nitrate__mg_l_": "NA", "Fluoride__mg_l_": "NA", "Iron__mg_l_": "NA" }, "geometry": { "type": "Point", "coordinates": [ 75.900511, 31.12 ] } },
{ "type": "Feature", "properties": { "GmlID": "LITHOLOG.5786", "objectid": 5786, "Lithology_Code": "L06661", "CGWB_Well_Serial_No": null, "Temporal_water_level": null, "Year_of_observation": null, "Distance_of_Observation_Well": null, "Basin": "01", "State": "PB", "District": "Jalandhar", "Block": "Phillaur", "Location": "Turan-Ii", "Latitude": 31.12, "Longitude": 75.900511, "Well_Type": "04", "Year_of_Drill": "2018", "Depth_of_Drill__m_": 208.0, "Depth_of_Construction__mbgl_": "191", "Depth_of_Bedrock__mbgl_": "NA", "Major_Lithology": "NA", "Static_Water_Level__mbgl_": null, "Discharge__lps_": "null", "Draw_Down__m_": "NA", "Transmissivity__m2_day_": "NA", "Storage_coefficient": "NA", "Specific_Capacity__lpm_m_DD_": "NA", "Electrical_Conductivity__Micro_Seimens__cm_": "NA", "Chloride__mg_l_": "NA", "Zones_Tapped__mbgl_": "136-139, 163-166, 185-188", "Nitrate__mg_l_": "NA", "Fluoride__mg_l_": "NA", "Iron__mg_l_": "NA" }, "geometry": { "type": "Point", "coordinates": [ 75.900511, 31.12 ] } },
{ "type": "Feature", "properties": { "GmlID": "LITHOLOG.5787", "objectid": 5787, "Lithology_Code": "L06662", "CGWB_Well_Serial_No": null, "Temporal_water_level": null, "Year_of_observation": null, "Distance_of_Observation_Well": null, "Basin": "01", "State": "PB", "District": "Jalandhar", "Block": "Phillaur", "Location": "Turan-Iii", "Latitude": 31.12, "Longitude": 75.900511, "Well_Type": "04", "Year_of_Drill": "2018", "Depth_of_Drill__m_": 106.0, "Depth_of_Construction__mbgl_": "98", "Depth_of_Bedrock__mbgl_": "NA", "Major_Lithology": "NA", "Static_Water_Level__mbgl_": null, "Discharge__lps_": "null", "Draw_Down__m_": "NA", "Transmissivity__m2_day_": "NA", "Storage_coefficient": "NA", "Specific_Capacity__lpm_m_DD_": "NA", "Electrical_Conductivity__Micro_Seimens__cm_": "NA", "Chloride__mg_l_": "NA", "Zones_Tapped__mbgl_": "75-81, 92-95", "Nitrate__mg_l_": "NA", "Fluoride__mg_l_": "NA", "Iron__mg_l_": "NA" }, "geometry": { "type": "Point", "coordinates": [ 75.900511, 31.12 ] } },
{ "type": "Feature", "properties": { "GmlID": "LITHOLOG.5788", "objectid": 5788, "Lithology_Code": "L06663", "CGWB_Well_Serial_No": null, "Temporal_water_level": null, "Year_of_observation": null, "Distance_of_Observation_Well": null, "Basin": "01", "State": "PB", "District": "Jalandhar", "Block": "Shahkot", "Location": "Billi Chaharmi-I", "Latitude": 31.112, "Longitude": 75.393919, "Well_Type": "04", "Year_of_Drill": "2018", "Depth_of_Drill__m_": 305.0, "Depth_of_Construction__mbgl_": "280", "Depth_of_Bedrock__mbgl_": "NA", "Major_Lithology": "Fine Grained Sand", "Static_Water_Level__mbgl_": 32.0, "Discharge__lps_": "null", "Draw_Down__m_": "NA", "Transmissivity__m2_day_": "NA", "Storage_coefficient": "NA", "Specific_Capacity__lpm_m_DD_": "NA", "Electrical_Conductivity__Micro_Seimens__cm_": "NA", "Chloride__mg_l_": "NA", "Zones_Tapped__mbgl_": "249-252, 260-263, 274-277", "Nitrate__mg_l_": "NA", "Fluoride__mg_l_": "NA", "Iron__mg_l_": "NA" }, "geometry": { "type": "Point", "coordinates": [ 75.393919, 31.112 ] } },
{ "type": "Feature", "properties": { "GmlID": "LITHOLOG.5789", "objectid": 5789, "Lithology_Code": "L06664", "CGWB_Well_Serial_No": null, "Temporal_water_level": null, "Year_of_observation": null, "Distance_of_Observation_Well": null, "Basin": "01", "State": "PB", "District": "Jalandhar", "Block": "Shahkot", "Location": "Billi Chaharmi-Ii", "Latitude": 31.112, "Longitude": 75.393919, "Well_Type": "04", "Year_of_Drill": "2018", "Depth_of_Drill__m_": 204.0, "Depth_of_Construction__mbgl_": "200", "Depth_of_Bedrock__mbgl_": "NA", "Major_Lithology": "NA", "Static_Water_Level__mbgl_": null, "Discharge__lps_": "null", "Draw_Down__m_": "NA", "Transmissivity__m2_day_": "NA", "Storage_coefficient": "NA", "Specific_Capacity__lpm_m_DD_": "NA", "Electrical_Conductivity__Micro_Seimens__cm_": "NA", "Chloride__mg_l_": "NA", "Zones_Tapped__mbgl_": "167-170, 181-184, 194-197", "Nitrate__mg_l_": "NA", "Fluoride__mg_l_": "NA", "Iron__mg_l_": "NA" }, "geometry": { "type": "Point", "coordinates": [ 75.393919, 31.112 ] } },
{ "type": "Feature", "properties": { "GmlID": "LITHOLOG.5790", "objectid": 5790, "Lithology_Code": "L06665", "CGWB_Well_Serial_No": null, "Temporal_water_level": null, "Year_of_observation": null, "Distance_of_Observation_Well": null, "Basin": "01", "State": "PB", "District": "Jalandhar", "Block": "Shahkot", "Location": "Billi Chaharmi-Iii", "Latitude": 31.112, "Longitude": 75.393919, "Well_Type": "04", "Year_of_Drill": "2018", "Depth_of_Drill__m_": 105.0, "Depth_of_Construction__mbgl_": "86", "Depth_of_Bedrock__mbgl_": "NA", "Major_Lithology": "NA", "Static_Water_Level__mbgl_": null, "Discharge__lps_": "null", "Draw_Down__m_": "NA", "Transmissivity__m2_day_": "NA", "Storage_coefficient": "NA", "Specific_Capacity__lpm_m_DD_": "NA", "Electrical_Conductivity__Micro_Seimens__cm_": "NA", "Chloride__mg_l_": "NA", "Zones_Tapped__mbgl_": "61-64, 77-83", "Nitrate__mg_l_": "NA", "Fluoride__mg_l_": "NA", "Iron__mg_l_": "NA" }, "geometry": { "type": "Point", "coordinates": [ 75.393919, 31.112 ] } },
{ "type": "Feature", "properties": { "GmlID": "LITHOLOG.5791", "objectid": 5791, "Lithology_Code": "L06666", "CGWB_Well_Serial_No": null, "Temporal_water_level": null, "Year_of_observation": null, "Distance_of_Observation_Well": null, "Basin": "01", "State": "PB", "District": "Ludhiana", "Block": "Doraha", "Location": "Maksudra (Pz)", "Latitude": 30.736708, "Longitude": 76.013453, "Well_Type": "03", "Year_of_Drill": "2013", "Depth_of_Drill__m_": 153.54, "Depth_of_Construction__mbgl_": "132", "Depth_of_Bedrock__mbgl_": "NA", "Major_Lithology": "Sand, Clay", "Static_Water_Level__mbgl_": null, "Discharge__lps_": "0", "Draw_Down__m_": "0", "Transmissivity__m2_day_": "NA", "Storage_coefficient": "NA", "Specific_Capacity__lpm_m_DD_": "NA", "Electrical_Conductivity__Micro_Seimens__cm_": "NA", "Chloride__mg_l_": "NA", "Zones_Tapped__mbgl_": "95-98 118-120 125-129", "Nitrate__mg_l_": "NA", "Fluoride__mg_l_": "NA", "Iron__mg_l_": "NA" }, "geometry": { "type": "Point", "coordinates": [ 76.013453, 30.736708 ] } },
{ "type": "Feature", "properties": { "GmlID": "LITHOLOG.5792", "objectid": 5792, "Lithology_Code": "L06667", "CGWB_Well_Serial_No": null, "Temporal_water_level": null, "Year_of_observation": null, "Distance_of_Observation_Well": null, "Basin": "01", "State": "PB", "District": "Ludhiana", "Block": "Jagraon", "Location": "Rasulpur-I", "Latitude": 30.699, "Longitude": 75.393561, "Well_Type": "04", "Year_of_Drill": "2018", "Depth_of_Drill__m_": 304.0, "Depth_of_Construction__mbgl_": "278", "Depth_of_Bedrock__mbgl_": "NA", "Major_Lithology": "Medium to Coarse Grained Sand, Kanker", "Static_Water_Level__mbgl_": 36.0, "Discharge__lps_": "null", "Draw_Down__m_": "NA", "Transmissivity__m2_day_": "NA", "Storage_coefficient": "NA", "Specific_Capacity__lpm_m_DD_": "NA", "Electrical_Conductivity__Micro_Seimens__cm_": "NA", "Chloride__mg_l_": "NA", "Zones_Tapped__mbgl_": "235-238, 264-267, 272-275", "Nitrate__mg_l_": "NA", "Fluoride__mg_l_": "NA", "Iron__mg_l_": "NA" }, "geometry": { "type": "Point", "coordinates": [ 75.393561, 30.699 ] } },
{ "type": "Feature", "properties": { "GmlID": "LITHOLOG.5793", "objectid": 5793, "Lithology_Code": "L06668", "CGWB_Well_Serial_No": null, "Temporal_water_level": null, "Year_of_observation": null, "Distance_of_Observation_Well": null, "Basin": "01", "State": "PB", "District": "Ludhiana", "Block": "Jagraon", "Location": "Rasulpur-Ii", "Latitude": 30.699, "Longitude": 75.393561, "Well_Type": "04", "Year_of_Drill": "2018", "Depth_of_Drill__m_": 204.0, "Depth_of_Construction__mbgl_": "199", "Depth_of_Bedrock__mbgl_": "NA", "Major_Lithology": "NA", "Static_Water_Level__mbgl_": null, "Discharge__lps_": "null", "Draw_Down__m_": "NA", "Transmissivity__m2_day_": "NA", "Storage_coefficient": "NA", "Specific_Capacity__lpm_m_DD_": "NA", "Electrical_Conductivity__Micro_Seimens__cm_": "NA", "Chloride__mg_l_": "NA", "Zones_Tapped__mbgl_": "171-174, 183-186, 193-196", "Nitrate__mg_l_": "NA", "Fluoride__mg_l_": "NA", "Iron__mg_l_": "NA" }, "geometry": { "type": "Point", "coordinates": [ 75.393561, 30.699 ] } },
{ "type": "Feature", "properties": { "GmlID": "LITHOLOG.5794", "objectid": 5794, "Lithology_Code": "L06669", "CGWB_Well_Serial_No": null, "Temporal_water_level": null, "Year_of_observation": null, "Distance_of_Observation_Well": null, "Basin": "01", "State": "PB", "District": "Ludhiana", "Block": "Jagraon", "Location": "Rasulpur-Iii", "Latitude": 30.699, "Longitude": 75.393561, "Well_Type": "04", "Year_of_Drill": "2018", "Depth_of_Drill__m_": 102.0, "Depth_of_Construction__mbgl_": "89", "Depth_of_Bedrock__mbgl_": "NA", "Major_Lithology": "NA", "Static_Water_Level__mbgl_": null, "Discharge__lps_": "null", "Draw_Down__m_": "NA", "Transmissivity__m2_day_": "NA", "Storage_coefficient": "NA", "Specific_Capacity__lpm_m_DD_": "NA", "Electrical_Conductivity__Micro_Seimens__cm_": "NA", "Chloride__mg_l_": "NA", "Zones_Tapped__mbgl_": "77-80, 83-86", "Nitrate__mg_l_": "NA", "Fluoride__mg_l_": "NA", "Iron__mg_l_": "NA" }, "geometry": { "type": "Point", "coordinates": [ 75.393561, 30.699 ] } },
{ "type": "Feature", "properties": { "GmlID": "LITHOLOG.5795", "objectid": 5795, "Lithology_Code": "L06670", "CGWB_Well_Serial_No": null, "Temporal_water_level": null, "Year_of_observation": null, "Distance_of_Observation_Well": null, "Basin": "01", "State": "PB", "District": "Ludhiana", "Block": "Ludhiana - I", "Location": "Mangat  Ew 1", "Latitude": 30.918175, "Longitude": 75.859822, "Well_Type": "01", "Year_of_Drill": "2018", "Depth_of_Drill__m_": 97.6, "Depth_of_Construction__mbgl_": "93", "Depth_of_Bedrock__mbgl_": "NA", "Major_Lithology": "Sand, Clay", "Static_Water_Level__mbgl_": null, "Discharge__lps_": "null", "Draw_Down__m_": "NA", "Transmissivity__m2_day_": "NA", "Storage_coefficient": "NA", "Specific_Capacity__lpm_m_DD_": "NA", "Electrical_Conductivity__Micro_Seimens__cm_": "NA", "Chloride__mg_l_": "NA", "Zones_Tapped__mbgl_": "84-90", "Nitrate__mg_l_": "NA", "Fluoride__mg_l_": "NA", "Iron__mg_l_": "NA" }, "geometry": { "type": "Point", "coordinates": [ 75.859822, 30.918175 ] } },
{ "type": "Feature", "properties": { "GmlID": "LITHOLOG.5796", "objectid": 5796, "Lithology_Code": "L06671", "CGWB_Well_Serial_No": null, "Temporal_water_level": null, "Year_of_observation": null, "Distance_of_Observation_Well": null, "Basin": "01", "State": "PB", "District": "Ludhiana", "Block": "Ludhiana - I", "Location": "Mangat  Ew 2", "Latitude": 30.918175, "Longitude": 75.859822, "Well_Type": "01", "Year_of_Drill": "2018", "Depth_of_Drill__m_": 203.85, "Depth_of_Construction__mbgl_": "195", "Depth_of_Bedrock__mbgl_": "NA", "Major_Lithology": "Sand, Clay", "Static_Water_Level__mbgl_": null, "Discharge__lps_": "null", "Draw_Down__m_": "NA", "Transmissivity__m2_day_": "NA", "Storage_coefficient": "NA", "Specific_Capacity__lpm_m_DD_": "NA", "Electrical_Conductivity__Micro_Seimens__cm_": "NA", "Chloride__mg_l_": "NA", "Zones_Tapped__mbgl_": "169-172, 179-182, 188-191", "Nitrate__mg_l_": "NA", "Fluoride__mg_l_": "NA", "Iron__mg_l_": "NA" }, "geometry": { "type": "Point", "coordinates": [ 75.859822, 30.918175 ] } },
{ "type": "Feature", "properties": { "GmlID": "LITHOLOG.5797", "objectid": 5797, "Lithology_Code": "L06672", "CGWB_Well_Serial_No": null, "Temporal_water_level": null, "Year_of_observation": null, "Distance_of_Observation_Well": null, "Basin": "01", "State": "PB", "District": "Ludhiana", "Block": "Ludhiana - I", "Location": "Mangat  Ew 3", "Latitude": 30.918175, "Longitude": 75.859822, "Well_Type": "01", "Year_of_Drill": "2018", "Depth_of_Drill__m_": 303.85, "Depth_of_Construction__mbgl_": "298", "Depth_of_Bedrock__mbgl_": "NA", "Major_Lithology": "Sand, Clay", "Static_Water_Level__mbgl_": null, "Discharge__lps_": "null", "Draw_Down__m_": "NA", "Transmissivity__m2_day_": "NA", "Storage_coefficient": "NA", "Specific_Capacity__lpm_m_DD_": "NA", "Electrical_Conductivity__Micro_Seimens__cm_": "NA", "Chloride__mg_l_": "NA", "Zones_Tapped__mbgl_": "237-240, 254-260, 291-294", "Nitrate__mg_l_": "NA", "Fluoride__mg_l_": "NA", "Iron__mg_l_": "NA" }, "geometry": { "type": "Point", "coordinates": [ 75.859822, 30.918175 ] } },
{ "type": "Feature", "properties": { "GmlID": "LITHOLOG.5798", "objectid": 5798, "Lithology_Code": "L06673", "CGWB_Well_Serial_No": null, "Temporal_water_level": null, "Year_of_observation": null, "Distance_of_Observation_Well": null, "Basin": "01", "State": "PB", "District": "Ludhiana", "Block": "Machhiwara", "Location": "Manewal-I", "Latitude": 30.938, "Longitude": 76.162144, "Well_Type": "04", "Year_of_Drill": "2018", "Depth_of_Drill__m_": 309.0, "Depth_of_Construction__mbgl_": "301", "Depth_of_Bedrock__mbgl_": "NA", "Major_Lithology": "Sand", "Static_Water_Level__mbgl_": null, "Discharge__lps_": "null", "Draw_Down__m_": "NA", "Transmissivity__m2_day_": "NA", "Storage_coefficient": "NA", "Specific_Capacity__lpm_m_DD_": "NA", "Electrical_Conductivity__Micro_Seimens__cm_": "NA", "Chloride__mg_l_": "NA", "Zones_Tapped__mbgl_": "257-260, 283-286, 295-298", "Nitrate__mg_l_": "NA", "Fluoride__mg_l_": "NA", "Iron__mg_l_": "NA" }, "geometry": { "type": "Point", "coordinates": [ 76.162144, 30.938 ] } },
{ "type": "Feature", "properties": { "GmlID": "LITHOLOG.5799", "objectid": 5799, "Lithology_Code": "L06674", "CGWB_Well_Serial_No": null, "Temporal_water_level": null, "Year_of_observation": null, "Distance_of_Observation_Well": null, "Basin": "01", "State": "PB", "District": "Ludhiana", "Block": "Machhiwara", "Location": "Manewal-Ii", "Latitude": 30.938, "Longitude": 76.162144, "Well_Type": "04", "Year_of_Drill": "2018", "Depth_of_Drill__m_": 207.0, "Depth_of_Construction__mbgl_": "191", "Depth_of_Bedrock__mbgl_": "NA", "Major_Lithology": "NA", "Static_Water_Level__mbgl_": null, "Discharge__lps_": "null", "Draw_Down__m_": "NA", "Transmissivity__m2_day_": "NA", "Storage_coefficient": "NA", "Specific_Capacity__lpm_m_DD_": "NA", "Electrical_Conductivity__Micro_Seimens__cm_": "NA", "Chloride__mg_l_": "NA", "Zones_Tapped__mbgl_": "165-168, 177-180, 185-188", "Nitrate__mg_l_": "NA", "Fluoride__mg_l_": "NA", "Iron__mg_l_": "NA" }, "geometry": { "type": "Point", "coordinates": [ 76.162144, 30.938 ] } },
{ "type": "Feature", "properties": { "GmlID": "LITHOLOG.5800", "objectid": 5800, "Lithology_Code": "L06675", "CGWB_Well_Serial_No": null, "Temporal_water_level": null, "Year_of_observation": null, "Distance_of_Observation_Well": null, "Basin": "01", "State": "PB", "District": "Ludhiana", "Block": "Machhiwara", "Location": "Manewal-Iii", "Latitude": 30.938, "Longitude": 76.162144, "Well_Type": "04", "Year_of_Drill": "2018", "Depth_of_Drill__m_": 106.0, "Depth_of_Construction__mbgl_": "103", "Depth_of_Bedrock__mbgl_": "NA", "Major_Lithology": "NA", "Static_Water_Level__mbgl_": null, "Discharge__lps_": "null", "Draw_Down__m_": "NA", "Transmissivity__m2_day_": "NA", "Storage_coefficient": "NA", "Specific_Capacity__lpm_m_DD_": "NA", "Electrical_Conductivity__Micro_Seimens__cm_": "NA", "Chloride__mg_l_": "NA", "Zones_Tapped__mbgl_": "79-82, 85-88, 97-100", "Nitrate__mg_l_": "NA", "Fluoride__mg_l_": "NA", "Iron__mg_l_": "NA" }, "geometry": { "type": "Point", "coordinates": [ 76.162144, 30.938 ] } },
{ "type": "Feature", "properties": { "GmlID": "LITHOLOG.5801", "objectid": 5801, "Lithology_Code": "L06676", "CGWB_Well_Serial_No": null, "Temporal_water_level": null, "Year_of_observation": null, "Distance_of_Observation_Well": null, "Basin": "01", "State": "PB", "District": "Ludhiana", "Block": "Sidhwan Bet", "Location": "Bassian Bet-I", "Latitude": 30.902, "Longitude": 75.624439, "Well_Type": "04", "Year_of_Drill": "2018", "Depth_of_Drill__m_": 305.0, "Depth_of_Construction__mbgl_": "292", "Depth_of_Bedrock__mbgl_": "NA", "Major_Lithology": "Fine Grained Sand, Gravel, Clay", "Static_Water_Level__mbgl_": 25.0, "Discharge__lps_": "null", "Draw_Down__m_": "NA", "Transmissivity__m2_day_": "NA", "Storage_coefficient": "NA", "Specific_Capacity__lpm_m_DD_": "NA", "Electrical_Conductivity__Micro_Seimens__cm_": "NA", "Chloride__mg_l_": "NA", "Zones_Tapped__mbgl_": "247-250, 257-260, 286-289", "Nitrate__mg_l_": "NA", "Fluoride__mg_l_": "NA", "Iron__mg_l_": "NA" }, "geometry": { "type": "Point", "coordinates": [ 75.624439, 30.902 ] } },
{ "type": "Feature", "properties": { "GmlID": "LITHOLOG.5802", "objectid": 5802, "Lithology_Code": "L06677", "CGWB_Well_Serial_No": null, "Temporal_water_level": null, "Year_of_observation": null, "Distance_of_Observation_Well": null, "Basin": "01", "State": "PB", "District": "Ludhiana", "Block": "Sidhwan Bet", "Location": "Bassian Bet-Ii", "Latitude": 30.902, "Longitude": 75.624439, "Well_Type": "04", "Year_of_Drill": "2018", "Depth_of_Drill__m_": 205.0, "Depth_of_Construction__mbgl_": "188", "Depth_of_Bedrock__mbgl_": "NA", "Major_Lithology": "NA", "Static_Water_Level__mbgl_": null, "Discharge__lps_": "null", "Draw_Down__m_": "NA", "Transmissivity__m2_day_": "NA", "Storage_coefficient": "NA", "Specific_Capacity__lpm_m_DD_": "NA", "Electrical_Conductivity__Micro_Seimens__cm_": "NA", "Chloride__mg_l_": "NA", "Zones_Tapped__mbgl_": "150-153, 166-169, 182-185", "Nitrate__mg_l_": "NA", "Fluoride__mg_l_": "NA", "Iron__mg_l_": "NA" }, "geometry": { "type": "Point", "coordinates": [ 75.624439, 30.902 ] } },
{ "type": "Feature", "properties": { "GmlID": "LITHOLOG.5803", "objectid": 5803, "Lithology_Code": "L06678", "CGWB_Well_Serial_No": null, "Temporal_water_level": null, "Year_of_observation": null, "Distance_of_Observation_Well": null, "Basin": "01", "State": "PB", "District": "Ludhiana", "Block": "Sidhwan Bet", "Location": "Bassian Bet-Iii", "Latitude": 30.902, "Longitude": 75.624439, "Well_Type": "04", "Year_of_Drill": "2018", "Depth_of_Drill__m_": 105.0, "Depth_of_Construction__mbgl_": "99", "Depth_of_Bedrock__mbgl_": "NA", "Major_Lithology": "NA", "Static_Water_Level__mbgl_": null, "Discharge__lps_": "null", "Draw_Down__m_": "NA", "Transmissivity__m2_day_": "NA", "Storage_coefficient": "NA", "Specific_Capacity__lpm_m_DD_": "NA", "Electrical_Conductivity__Micro_Seimens__cm_": "NA", "Chloride__mg_l_": "NA", "Zones_Tapped__mbgl_": "78-81, 86-89, 93-96", "Nitrate__mg_l_": "NA", "Fluoride__mg_l_": "NA", "Iron__mg_l_": "NA" }, "geometry": { "type": "Point", "coordinates": [ 75.624439, 30.902 ] } },
{ "type": "Feature", "properties": { "GmlID": "LITHOLOG.5804", "objectid": 5804, "Lithology_Code": "L06679", "CGWB_Well_Serial_No": null, "Temporal_water_level": null, "Year_of_observation": null, "Distance_of_Observation_Well": null, "Basin": "01", "State": "PB", "District": "Ludhiana", "Block": "Sudhar", "Location": "Halwara  Ew 1", "Latitude": 30.737576, "Longitude": 75.638266, "Well_Type": "01", "Year_of_Drill": "2018", "Depth_of_Drill__m_": 201.0, "Depth_of_Construction__mbgl_": "189", "Depth_of_Bedrock__mbgl_": "NA", "Major_Lithology": "Sand, Clay", "Static_Water_Level__mbgl_": null, "Discharge__lps_": "null", "Draw_Down__m_": "NA", "Transmissivity__m2_day_": "NA", "Storage_coefficient": "NA", "Specific_Capacity__lpm_m_DD_": "NA", "Electrical_Conductivity__Micro_Seimens__cm_": "NA", "Chloride__mg_l_": "NA", "Zones_Tapped__mbgl_": "172-178, 183-186", "Nitrate__mg_l_": "NA", "Fluoride__mg_l_": "NA", "Iron__mg_l_": "NA" }, "geometry": { "type": "Point", "coordinates": [ 75.638266, 30.737576 ] } },
{ "type": "Feature", "properties": { "GmlID": "LITHOLOG.5805", "objectid": 5805, "Lithology_Code": "L06680", "CGWB_Well_Serial_No": null, "Temporal_water_level": null, "Year_of_observation": null, "Distance_of_Observation_Well": null, "Basin": "01", "State": "PB", "District": "Ludhiana", "Block": "Sudhar", "Location": "Halwara  Ew 2", "Latitude": 30.737576, "Longitude": 75.638266, "Well_Type": "01", "Year_of_Drill": "2018", "Depth_of_Drill__m_": 103.0, "Depth_of_Construction__mbgl_": "98", "Depth_of_Bedrock__mbgl_": "NA", "Major_Lithology": "Sand, Clay", "Static_Water_Level__mbgl_": null, "Discharge__lps_": "null", "Draw_Down__m_": "NA", "Transmissivity__m2_day_": "NA", "Storage_coefficient": "NA", "Specific_Capacity__lpm_m_DD_": "NA", "Electrical_Conductivity__Micro_Seimens__cm_": "NA", "Chloride__mg_l_": "NA", "Zones_Tapped__mbgl_": "80-83, 92-95", "Nitrate__mg_l_": "NA", "Fluoride__mg_l_": "NA", "Iron__mg_l_": "NA" }, "geometry": { "type": "Point", "coordinates": [ 75.638266, 30.737576 ] } },
{ "type": "Feature", "properties": { "GmlID": "LITHOLOG.5806", "objectid": 5806, "Lithology_Code": "L06681", "CGWB_Well_Serial_No": null, "Temporal_water_level": null, "Year_of_observation": null, "Distance_of_Observation_Well": null, "Basin": "01", "State": "PB", "District": "Mansa", "Block": "Bhikhi", "Location": "Ralla-I", "Latitude": 30.111, "Longitude": 75.44125, "Well_Type": "04", "Year_of_Drill": "2018", "Depth_of_Drill__m_": 305.0, "Depth_of_Construction__mbgl_": "249", "Depth_of_Bedrock__mbgl_": "NA", "Major_Lithology": "Fine To Medium Grained Sand, Silt, Clay and Kanker", "Static_Water_Level__mbgl_": null, "Discharge__lps_": "null", "Draw_Down__m_": "NA", "Transmissivity__m2_day_": "NA", "Storage_coefficient": "NA", "Specific_Capacity__lpm_m_DD_": "NA", "Electrical_Conductivity__Micro_Seimens__cm_": "NA", "Chloride__mg_l_": "NA", "Zones_Tapped__mbgl_": "235-238, 243-246", "Nitrate__mg_l_": "NA", "Fluoride__mg_l_": "NA", "Iron__mg_l_": "NA" }, "geometry": { "type": "Point", "coordinates": [ 75.44125, 30.111 ] } },
{ "type": "Feature", "properties": { "GmlID": "LITHOLOG.5807", "objectid": 5807, "Lithology_Code": "L06682", "CGWB_Well_Serial_No": null, "Temporal_water_level": null, "Year_of_observation": null, "Distance_of_Observation_Well": null, "Basin": "01", "State": "PB", "District": "Mansa", "Block": "Bhikhi", "Location": "Ralla-Ii", "Latitude": 30.111, "Longitude": 75.44125, "Well_Type": "04", "Year_of_Drill": "2018", "Depth_of_Drill__m_": 204.0, "Depth_of_Construction__mbgl_": "146", "Depth_of_Bedrock__mbgl_": "NA", "Major_Lithology": "NA", "Static_Water_Level__mbgl_": 22.0, "Discharge__lps_": "null", "Draw_Down__m_": "NA", "Transmissivity__m2_day_": "NA", "Storage_coefficient": "NA", "Specific_Capacity__lpm_m_DD_": "NA", "Electrical_Conductivity__Micro_Seimens__cm_": "NA", "Chloride__mg_l_": "NA", "Zones_Tapped__mbgl_": "128-131, 140-143", "Nitrate__mg_l_": "NA", "Fluoride__mg_l_": "NA", "Iron__mg_l_": "NA" }, "geometry": { "type": "Point", "coordinates": [ 75.44125, 30.111 ] } },
{ "type": "Feature", "properties": { "GmlID": "LITHOLOG.5808", "objectid": 5808, "Lithology_Code": "L06683", "CGWB_Well_Serial_No": null, "Temporal_water_level": null, "Year_of_observation": null, "Distance_of_Observation_Well": null, "Basin": "01", "State": "PB", "District": "Mansa", "Block": "Bhikhi", "Location": "Ralla-Iii", "Latitude": 30.111, "Longitude": 75.44125, "Well_Type": "04", "Year_of_Drill": "2018", "Depth_of_Drill__m_": 102.0, "Depth_of_Construction__mbgl_": "92", "Depth_of_Bedrock__mbgl_": "NA", "Major_Lithology": "NA", "Static_Water_Level__mbgl_": null, "Discharge__lps_": "null", "Draw_Down__m_": "NA", "Transmissivity__m2_day_": "NA", "Storage_coefficient": "NA", "Specific_Capacity__lpm_m_DD_": "NA", "Electrical_Conductivity__Micro_Seimens__cm_": "NA", "Chloride__mg_l_": "NA", "Zones_Tapped__mbgl_": "68-71, 86-89", "Nitrate__mg_l_": "NA", "Fluoride__mg_l_": "NA", "Iron__mg_l_": "NA" }, "geometry": { "type": "Point", "coordinates": [ 75.44125, 30.111 ] } },
{ "type": "Feature", "properties": { "GmlID": "LITHOLOG.5809", "objectid": 5809, "Lithology_Code": "L06684", "CGWB_Well_Serial_No": null, "Temporal_water_level": null, "Year_of_observation": null, "Distance_of_Observation_Well": null, "Basin": "01", "State": "PB", "District": "Mansa", "Block": "Budhlada", "Location": "Dialpura-I", "Latitude": 29.893, "Longitude": 75.664667, "Well_Type": "04", "Year_of_Drill": "2018", "Depth_of_Drill__m_": 305.0, "Depth_of_Construction__mbgl_": "245", "Depth_of_Bedrock__mbgl_": "NA", "Major_Lithology": "Fine To Medium Grained Sand, Clay", "Static_Water_Level__mbgl_": null, "Discharge__lps_": "null", "Draw_Down__m_": "NA", "Transmissivity__m2_day_": "NA", "Storage_coefficient": "NA", "Specific_Capacity__lpm_m_DD_": "NA", "Electrical_Conductivity__Micro_Seimens__cm_": "NA", "Chloride__mg_l_": "NA", "Zones_Tapped__mbgl_": "225-231, 239-242", "Nitrate__mg_l_": "NA", "Fluoride__mg_l_": "NA", "Iron__mg_l_": "NA" }, "geometry": { "type": "Point", "coordinates": [ 75.664667, 29.893 ] } },
{ "type": "Feature", "properties": { "GmlID": "LITHOLOG.5810", "objectid": 5810, "Lithology_Code": "L06685", "CGWB_Well_Serial_No": null, "Temporal_water_level": null, "Year_of_observation": null, "Distance_of_Observation_Well": null, "Basin": "01", "State": "PB", "District": "Mansa", "Block": "Budhlada", "Location": "Dialpura-Ii", "Latitude": 29.893, "Longitude": 75.664667, "Well_Type": "04", "Year_of_Drill": "2018", "Depth_of_Drill__m_": 201.0, "Depth_of_Construction__mbgl_": "197", "Depth_of_Bedrock__mbgl_": "NA", "Major_Lithology": "NA", "Static_Water_Level__mbgl_": null, "Discharge__lps_": "null", "Draw_Down__m_": "NA", "Transmissivity__m2_day_": "NA", "Storage_coefficient": "NA", "Specific_Capacity__lpm_m_DD_": "NA", "Electrical_Conductivity__Micro_Seimens__cm_": "NA", "Chloride__mg_l_": "NA", "Zones_Tapped__mbgl_": "188-194", "Nitrate__mg_l_": "NA", "Fluoride__mg_l_": "NA", "Iron__mg_l_": "NA" }, "geometry": { "type": "Point", "coordinates": [ 75.664667, 29.893 ] } },
{ "type": "Feature", "properties": { "GmlID": "LITHOLOG.5811", "objectid": 5811, "Lithology_Code": "L06686", "CGWB_Well_Serial_No": null, "Temporal_water_level": null, "Year_of_observation": null, "Distance_of_Observation_Well": null, "Basin": "01", "State": "PB", "District": "Mansa", "Block": "Budhlada", "Location": "Dialpura-Iii", "Latitude": 29.893, "Longitude": 75.664667, "Well_Type": "04", "Year_of_Drill": "2018", "Depth_of_Drill__m_": 105.0, "Depth_of_Construction__mbgl_": "100", "Depth_of_Bedrock__mbgl_": "NA", "Major_Lithology": "NA", "Static_Water_Level__mbgl_": null, "Discharge__lps_": "null", "Draw_Down__m_": "NA", "Transmissivity__m2_day_": "NA", "Storage_coefficient": "NA", "Specific_Capacity__lpm_m_DD_": "NA", "Electrical_Conductivity__Micro_Seimens__cm_": "NA", "Chloride__mg_l_": "NA", "Zones_Tapped__mbgl_": "88-91, 94-97", "Nitrate__mg_l_": "NA", "Fluoride__mg_l_": "NA", "Iron__mg_l_": "NA" }, "geometry": { "type": "Point", "coordinates": [ 75.664667, 29.893 ] } },
{ "type": "Feature", "properties": { "GmlID": "LITHOLOG.5812", "objectid": 5812, "Lithology_Code": "L06687", "CGWB_Well_Serial_No": null, "Temporal_water_level": null, "Year_of_observation": null, "Distance_of_Observation_Well": null, "Basin": "01", "State": "PB", "District": "Moga", "Block": "Moga Ii", "Location": "Jaisinghwala-I", "Latitude": 30.728, "Longitude": 75.0715, "Well_Type": "04", "Year_of_Drill": "2018", "Depth_of_Drill__m_": 306.0, "Depth_of_Construction__mbgl_": "279", "Depth_of_Bedrock__mbgl_": "NA", "Major_Lithology": "Kankar, Fine Grained Sand", "Static_Water_Level__mbgl_": 50.0, "Discharge__lps_": "null", "Draw_Down__m_": "NA", "Transmissivity__m2_day_": "NA", "Storage_coefficient": "NA", "Specific_Capacity__lpm_m_DD_": "NA", "Electrical_Conductivity__Micro_Seimens__cm_": "NA", "Chloride__mg_l_": "NA", "Zones_Tapped__mbgl_": "204-207, 220-223, 273-276", "Nitrate__mg_l_": "NA", "Fluoride__mg_l_": "NA", "Iron__mg_l_": "NA" }, "geometry": { "type": "Point", "coordinates": [ 75.0715, 30.728 ] } },
{ "type": "Feature", "properties": { "GmlID": "LITHOLOG.5813", "objectid": 5813, "Lithology_Code": "L06688", "CGWB_Well_Serial_No": null, "Temporal_water_level": null, "Year_of_observation": null, "Distance_of_Observation_Well": null, "Basin": "01", "State": "PB", "District": "Moga", "Block": "Moga Ii", "Location": "Jaisinghwala-Ii", "Latitude": 30.728, "Longitude": 75.0715, "Well_Type": "04", "Year_of_Drill": "2018", "Depth_of_Drill__m_": 205.0, "Depth_of_Construction__mbgl_": "164", "Depth_of_Bedrock__mbgl_": "NA", "Major_Lithology": "NA", "Static_Water_Level__mbgl_": null, "Discharge__lps_": "null", "Draw_Down__m_": "NA", "Transmissivity__m2_day_": "NA", "Storage_coefficient": "NA", "Specific_Capacity__lpm_m_DD_": "NA", "Electrical_Conductivity__Micro_Seimens__cm_": "NA", "Chloride__mg_l_": "NA", "Zones_Tapped__mbgl_": "125-128, 143-146, 158-161", "Nitrate__mg_l_": "NA", "Fluoride__mg_l_": "NA", "Iron__mg_l_": "NA" }, "geometry": { "type": "Point", "coordinates": [ 75.0715, 30.728 ] } },
{ "type": "Feature", "properties": { "GmlID": "LITHOLOG.5814", "objectid": 5814, "Lithology_Code": "L06689", "CGWB_Well_Serial_No": null, "Temporal_water_level": null, "Year_of_observation": null, "Distance_of_Observation_Well": null, "Basin": "01", "State": "PB", "District": "Moga", "Block": "Moga Ii", "Location": "Jaisinghwala-Iii", "Latitude": 30.728, "Longitude": 75.0715, "Well_Type": "04", "Year_of_Drill": "2018", "Depth_of_Drill__m_": 101.0, "Depth_of_Construction__mbgl_": "92", "Depth_of_Bedrock__mbgl_": "NA", "Major_Lithology": "NA", "Static_Water_Level__mbgl_": 45.0, "Discharge__lps_": "null", "Draw_Down__m_": "NA", "Transmissivity__m2_day_": "NA", "Storage_coefficient": "NA", "Specific_Capacity__lpm_m_DD_": "NA", "Electrical_Conductivity__Micro_Seimens__cm_": "NA", "Chloride__mg_l_": "NA", "Zones_Tapped__mbgl_": "73-76, 86-89", "Nitrate__mg_l_": "NA", "Fluoride__mg_l_": "NA", "Iron__mg_l_": "NA" }, "geometry": { "type": "Point", "coordinates": [ 75.0715, 30.728 ] } },
{ "type": "Feature", "properties": { "GmlID": "LITHOLOG.5815", "objectid": 5815, "Lithology_Code": "L06690", "CGWB_Well_Serial_No": null, "Temporal_water_level": null, "Year_of_observation": null, "Distance_of_Observation_Well": null, "Basin": "01", "State": "PB", "District": "Muktsar", "Block": "Gidderbaha/ (Kot Bha", "Location": "Doda-I", "Latitude": 30.382, "Longitude": 74.643444, "Well_Type": "04", "Year_of_Drill": "2018", "Depth_of_Drill__m_": 310.0, "Depth_of_Construction__mbgl_": "243", "Depth_of_Bedrock__mbgl_": "NA", "Major_Lithology": "Kankar, Fine To Medium Grained Sand", "Static_Water_Level__mbgl_": 25.0, "Discharge__lps_": "null", "Draw_Down__m_": "NA", "Transmissivity__m2_day_": "NA", "Storage_coefficient": "NA", "Specific_Capacity__lpm_m_DD_": "NA", "Electrical_Conductivity__Micro_Seimens__cm_": "NA", "Chloride__mg_l_": "NA", "Zones_Tapped__mbgl_": "226-229, 237-240", "Nitrate__mg_l_": "NA", "Fluoride__mg_l_": "NA", "Iron__mg_l_": "NA" }, "geometry": { "type": "Point", "coordinates": [ 74.643444, 30.382 ] } },
{ "type": "Feature", "properties": { "GmlID": "LITHOLOG.5816", "objectid": 5816, "Lithology_Code": "L06691", "CGWB_Well_Serial_No": null, "Temporal_water_level": null, "Year_of_observation": null, "Distance_of_Observation_Well": null, "Basin": "01", "State": "PB", "District": "Muktsar", "Block": "Gidderbaha/ (Kot Bha", "Location": "Doda-Ii", "Latitude": 30.382, "Longitude": 74.643444, "Well_Type": "04", "Year_of_Drill": "2018", "Depth_of_Drill__m_": 209.0, "Depth_of_Construction__mbgl_": "178", "Depth_of_Bedrock__mbgl_": "NA", "Major_Lithology": "NA", "Static_Water_Level__mbgl_": null, "Discharge__lps_": "null", "Draw_Down__m_": "NA", "Transmissivity__m2_day_": "NA", "Storage_coefficient": "NA", "Specific_Capacity__lpm_m_DD_": "NA", "Electrical_Conductivity__Micro_Seimens__cm_": "NA", "Chloride__mg_l_": "NA", "Zones_Tapped__mbgl_": "144-147, 153-156, 172-175", "Nitrate__mg_l_": "NA", "Fluoride__mg_l_": "NA", "Iron__mg_l_": "NA" }, "geometry": { "type": "Point", "coordinates": [ 74.643444, 30.382 ] } },
{ "type": "Feature", "properties": { "GmlID": "LITHOLOG.5817", "objectid": 5817, "Lithology_Code": "L06692", "CGWB_Well_Serial_No": null, "Temporal_water_level": null, "Year_of_observation": null, "Distance_of_Observation_Well": null, "Basin": "01", "State": "PB", "District": "Muktsar", "Block": "Gidderbaha/ (Kot Bha", "Location": "Doda-Iii", "Latitude": 30.382, "Longitude": 74.643444, "Well_Type": "04", "Year_of_Drill": "2018", "Depth_of_Drill__m_": 108.0, "Depth_of_Construction__mbgl_": "86", "Depth_of_Bedrock__mbgl_": "NA", "Major_Lithology": "NA", "Static_Water_Level__mbgl_": 28.0, "Discharge__lps_": "null", "Draw_Down__m_": "NA", "Transmissivity__m2_day_": "NA", "Storage_coefficient": "NA", "Specific_Capacity__lpm_m_DD_": "NA", "Electrical_Conductivity__Micro_Seimens__cm_": "NA", "Chloride__mg_l_": "NA", "Zones_Tapped__mbgl_": "66-69, 77-83", "Nitrate__mg_l_": "NA", "Fluoride__mg_l_": "NA", "Iron__mg_l_": "NA" }, "geometry": { "type": "Point", "coordinates": [ 74.643444, 30.382 ] } },
{ "type": "Feature", "properties": { "GmlID": "LITHOLOG.5818", "objectid": 5818, "Lithology_Code": "L06693", "CGWB_Well_Serial_No": null, "Temporal_water_level": null, "Year_of_observation": null, "Distance_of_Observation_Well": null, "Basin": "01", "State": "PB", "District": "Muktsar", "Block": "Muktsar", "Location": "Dohak  Ew 1", "Latitude": 30.628764, "Longitude": 74.60271, "Well_Type": "01", "Year_of_Drill": "2014", "Depth_of_Drill__m_": 103.7, "Depth_of_Construction__mbgl_": "100", "Depth_of_Bedrock__mbgl_": "NA", "Major_Lithology": "Sand, Clay", "Static_Water_Level__mbgl_": null, "Discharge__lps_": "null", "Draw_Down__m_": "NA", "Transmissivity__m2_day_": "NA", "Storage_coefficient": "NA", "Specific_Capacity__lpm_m_DD_": "NA", "Electrical_Conductivity__Micro_Seimens__cm_": "NA", "Chloride__mg_l_": "NA", "Zones_Tapped__mbgl_": "80-86, 95-98", "Nitrate__mg_l_": "NA", "Fluoride__mg_l_": "NA", "Iron__mg_l_": "NA" }, "geometry": { "type": "Point", "coordinates": [ 74.60271, 30.628764 ] } },
{ "type": "Feature", "properties": { "GmlID": "LITHOLOG.5819", "objectid": 5819, "Lithology_Code": "L06694", "CGWB_Well_Serial_No": null, "Temporal_water_level": null, "Year_of_observation": null, "Distance_of_Observation_Well": null, "Basin": "01", "State": "PB", "District": "Muktsar", "Block": "Muktsar", "Location": "Dohak  Ew 2", "Latitude": 30.628764, "Longitude": 74.60271, "Well_Type": "01", "Year_of_Drill": "2014", "Depth_of_Drill__m_": 201.54, "Depth_of_Construction__mbgl_": "164", "Depth_of_Bedrock__mbgl_": "NA", "Major_Lithology": "Sand, Clay", "Static_Water_Level__mbgl_": null, "Discharge__lps_": "null", "Draw_Down__m_": "NA", "Transmissivity__m2_day_": "NA", "Storage_coefficient": "NA", "Specific_Capacity__lpm_m_DD_": "NA", "Electrical_Conductivity__Micro_Seimens__cm_": "NA", "Chloride__mg_l_": "NA", "Zones_Tapped__mbgl_": "140-143, 153-160", "Nitrate__mg_l_": "NA", "Fluoride__mg_l_": "NA", "Iron__mg_l_": "NA" }, "geometry": { "type": "Point", "coordinates": [ 74.60271, 30.628764 ] } },
{ "type": "Feature", "properties": { "GmlID": "LITHOLOG.5820", "objectid": 5820, "Lithology_Code": "L06695", "CGWB_Well_Serial_No": null, "Temporal_water_level": null, "Year_of_observation": null, "Distance_of_Observation_Well": null, "Basin": "01", "State": "PB", "District": "Muktsar", "Block": "Muktsar", "Location": "Dohak  Ow 1", "Latitude": 30.628764, "Longitude": 74.60271, "Well_Type": "02", "Year_of_Drill": "2014", "Depth_of_Drill__m_": 177.0, "Depth_of_Construction__mbgl_": "164", "Depth_of_Bedrock__mbgl_": "NA", "Major_Lithology": "Sand, Clay", "Static_Water_Level__mbgl_": null, "Discharge__lps_": "null", "Draw_Down__m_": "NA", "Transmissivity__m2_day_": "NA", "Storage_coefficient": "NA", "Specific_Capacity__lpm_m_DD_": "NA", "Electrical_Conductivity__Micro_Seimens__cm_": "NA", "Chloride__mg_l_": "NA", "Zones_Tapped__mbgl_": "140-143, 154-160", "Nitrate__mg_l_": "NA", "Fluoride__mg_l_": "NA", "Iron__mg_l_": "NA" }, "geometry": { "type": "Point", "coordinates": [ 74.60271, 30.628764 ] } },
{ "type": "Feature", "properties": { "GmlID": "LITHOLOG.5821", "objectid": 5821, "Lithology_Code": "L06696", "CGWB_Well_Serial_No": null, "Temporal_water_level": null, "Year_of_observation": null, "Distance_of_Observation_Well": null, "Basin": "01", "State": "PB", "District": "Muktsar", "Block": "Muktsar", "Location": "Dohak  Ow 2", "Latitude": 30.628764, "Longitude": 74.60271, "Well_Type": "02", "Year_of_Drill": "2014", "Depth_of_Drill__m_": 102.0, "Depth_of_Construction__mbgl_": "101", "Depth_of_Bedrock__mbgl_": "NA", "Major_Lithology": "Sand, Clay", "Static_Water_Level__mbgl_": null, "Discharge__lps_": "null", "Draw_Down__m_": "NA", "Transmissivity__m2_day_": "NA", "Storage_coefficient": "NA", "Specific_Capacity__lpm_m_DD_": "NA", "Electrical_Conductivity__Micro_Seimens__cm_": "NA", "Chloride__mg_l_": "NA", "Zones_Tapped__mbgl_": "80-86, 95-98", "Nitrate__mg_l_": "NA", "Fluoride__mg_l_": "NA", "Iron__mg_l_": "NA" }, "geometry": { "type": "Point", "coordinates": [ 74.60271, 30.628764 ] } },
{ "type": "Feature", "properties": { "GmlID": "LITHOLOG.5822", "objectid": 5822, "Lithology_Code": "L06697", "CGWB_Well_Serial_No": null, "Temporal_water_level": null, "Year_of_observation": null, "Distance_of_Observation_Well": null, "Basin": "01", "State": "PB", "District": "Patiala", "Block": "Dera Bassi", "Location": "Lalru Mandi  Ew", "Latitude": 30.477962, "Longitude": 76.798136, "Well_Type": "01", "Year_of_Drill": "2017", "Depth_of_Drill__m_": 146.6, "Depth_of_Construction__mbgl_": "107", "Depth_of_Bedrock__mbgl_": "NA", "Major_Lithology": "Sand, Clay", "Static_Water_Level__mbgl_": null, "Discharge__lps_": "null", "Draw_Down__m_": "NA", "Transmissivity__m2_day_": "NA", "Storage_coefficient": "NA", "Specific_Capacity__lpm_m_DD_": "NA", "Electrical_Conductivity__Micro_Seimens__cm_": "NA", "Chloride__mg_l_": "NA", "Zones_Tapped__mbgl_": "91-94, 99-102", "Nitrate__mg_l_": "NA", "Fluoride__mg_l_": "NA", "Iron__mg_l_": "NA" }, "geometry": { "type": "Point", "coordinates": [ 76.798136, 30.477962 ] } },
{ "type": "Feature", "properties": { "GmlID": "LITHOLOG.5823", "objectid": 5823, "Lithology_Code": "L06698", "CGWB_Well_Serial_No": null, "Temporal_water_level": null, "Year_of_observation": null, "Distance_of_Observation_Well": null, "Basin": "01", "State": "PB", "District": "Patiala", "Block": "Dera Bassi", "Location": "Lalru Mandi  Ow", "Latitude": 30.477962, "Longitude": 76.798136, "Well_Type": "02", "Year_of_Drill": "2017", "Depth_of_Drill__m_": 146.6, "Depth_of_Construction__mbgl_": "107", "Depth_of_Bedrock__mbgl_": "NA", "Major_Lithology": "Sand, Clay", "Static_Water_Level__mbgl_": null, "Discharge__lps_": "null", "Draw_Down__m_": "NA", "Transmissivity__m2_day_": "NA", "Storage_coefficient": "NA", "Specific_Capacity__lpm_m_DD_": "NA", "Electrical_Conductivity__Micro_Seimens__cm_": "NA", "Chloride__mg_l_": "NA", "Zones_Tapped__mbgl_": "91-94, 99-103", "Nitrate__mg_l_": "NA", "Fluoride__mg_l_": "NA", "Iron__mg_l_": "NA" }, "geometry": { "type": "Point", "coordinates": [ 76.798136, 30.477962 ] } },
{ "type": "Feature", "properties": { "GmlID": "LITHOLOG.5824", "objectid": 5824, "Lithology_Code": "L06699", "CGWB_Well_Serial_No": null, "Temporal_water_level": null, "Year_of_observation": null, "Distance_of_Observation_Well": null, "Basin": "01", "State": "PB", "District": "Patiala", "Block": "Ghanaur", "Location": "Lohakheri-I", "Latitude": 30.41, "Longitude": 76.585367, "Well_Type": "04", "Year_of_Drill": "2018", "Depth_of_Drill__m_": 310.0, "Depth_of_Construction__mbgl_": "262", "Depth_of_Bedrock__mbgl_": "NA", "Major_Lithology": "Fine To Medium Grained Sand, Kankar, Silt Mixed with Clay", "Static_Water_Level__mbgl_": 85.0, "Discharge__lps_": "null", "Draw_Down__m_": "NA", "Transmissivity__m2_day_": "NA", "Storage_coefficient": "NA", "Specific_Capacity__lpm_m_DD_": "NA", "Electrical_Conductivity__Micro_Seimens__cm_": "NA", "Chloride__mg_l_": "NA", "Zones_Tapped__mbgl_": "226-229, 248-251, 256-259", "Nitrate__mg_l_": "NA", "Fluoride__mg_l_": "NA", "Iron__mg_l_": "NA" }, "geometry": { "type": "Point", "coordinates": [ 76.585367, 30.41 ] } },
{ "type": "Feature", "properties": { "GmlID": "LITHOLOG.5825", "objectid": 5825, "Lithology_Code": "L06700", "CGWB_Well_Serial_No": null, "Temporal_water_level": null, "Year_of_observation": null, "Distance_of_Observation_Well": null, "Basin": "01", "State": "PB", "District": "Patiala", "Block": "Ghanaur", "Location": "Lohakheri-Ii", "Latitude": 30.41, "Longitude": 76.585367, "Well_Type": "04", "Year_of_Drill": "2018", "Depth_of_Drill__m_": 201.0, "Depth_of_Construction__mbgl_": "153", "Depth_of_Bedrock__mbgl_": "NA", "Major_Lithology": "NA", "Static_Water_Level__mbgl_": 45.0, "Discharge__lps_": "null", "Draw_Down__m_": "NA", "Transmissivity__m2_day_": "NA", "Storage_coefficient": "NA", "Specific_Capacity__lpm_m_DD_": "NA", "Electrical_Conductivity__Micro_Seimens__cm_": "NA", "Chloride__mg_l_": "NA", "Zones_Tapped__mbgl_": "135-138, 147-150", "Nitrate__mg_l_": "NA", "Fluoride__mg_l_": "NA", "Iron__mg_l_": "NA" }, "geometry": { "type": "Point", "coordinates": [ 76.585367, 30.41 ] } },
{ "type": "Feature", "properties": { "GmlID": "LITHOLOG.5826", "objectid": 5826, "Lithology_Code": "L06701", "CGWB_Well_Serial_No": null, "Temporal_water_level": null, "Year_of_observation": null, "Distance_of_Observation_Well": null, "Basin": "01", "State": "PB", "District": "Patiala", "Block": "Ghanaur", "Location": "Lohakheri-Iii", "Latitude": 30.41, "Longitude": 76.585367, "Well_Type": "04", "Year_of_Drill": "2018", "Depth_of_Drill__m_": 100.0, "Depth_of_Construction__mbgl_": "97", "Depth_of_Bedrock__mbgl_": "NA", "Major_Lithology": "NA", "Static_Water_Level__mbgl_": null, "Discharge__lps_": "null", "Draw_Down__m_": "NA", "Transmissivity__m2_day_": "NA", "Storage_coefficient": "NA", "Specific_Capacity__lpm_m_DD_": "NA", "Electrical_Conductivity__Micro_Seimens__cm_": "NA", "Chloride__mg_l_": "NA", "Zones_Tapped__mbgl_": "71-74, 91-94", "Nitrate__mg_l_": "NA", "Fluoride__mg_l_": "NA", "Iron__mg_l_": "NA" }, "geometry": { "type": "Point", "coordinates": [ 76.585367, 30.41 ] } },
{ "type": "Feature", "properties": { "GmlID": "LITHOLOG.5827", "objectid": 5827, "Lithology_Code": "L06702", "CGWB_Well_Serial_No": null, "Temporal_water_level": null, "Year_of_observation": null, "Distance_of_Observation_Well": null, "Basin": "01", "State": "PB", "District": "Patiala", "Block": "Nabha", "Location": "Ahllowal (Pz)", "Latitude": 30.435946, "Longitude": 76.287735, "Well_Type": "03", "Year_of_Drill": "2014", "Depth_of_Drill__m_": 157.3, "Depth_of_Construction__mbgl_": "152", "Depth_of_Bedrock__mbgl_": "NA", "Major_Lithology": "Sand, Clay", "Static_Water_Level__mbgl_": null, "Discharge__lps_": "0", "Draw_Down__m_": "0", "Transmissivity__m2_day_": "NA", "Storage_coefficient": "NA", "Specific_Capacity__lpm_m_DD_": "NA", "Electrical_Conductivity__Micro_Seimens__cm_": "NA", "Chloride__mg_l_": "NA", "Zones_Tapped__mbgl_": "126-132, 147-149", "Nitrate__mg_l_": "NA", "Fluoride__mg_l_": "NA", "Iron__mg_l_": "NA" }, "geometry": { "type": "Point", "coordinates": [ 76.287735, 30.435946 ] } },
{ "type": "Feature", "properties": { "GmlID": "LITHOLOG.5828", "objectid": 5828, "Lithology_Code": "L06703", "CGWB_Well_Serial_No": null, "Temporal_water_level": null, "Year_of_observation": null, "Distance_of_Observation_Well": null, "Basin": "01", "State": "PB", "District": "Patiala", "Block": "Nabha", "Location": "Dulladi-I", "Latitude": 30.383, "Longitude": 76.134167, "Well_Type": "04", "Year_of_Drill": "2018", "Depth_of_Drill__m_": 305.0, "Depth_of_Construction__mbgl_": "296", "Depth_of_Bedrock__mbgl_": "NA", "Major_Lithology": "Fine To Medium Grained Sand Mixed with Gravel, Clay", "Static_Water_Level__mbgl_": 40.0, "Discharge__lps_": "null", "Draw_Down__m_": "NA", "Transmissivity__m2_day_": "NA", "Storage_coefficient": "NA", "Specific_Capacity__lpm_m_DD_": "NA", "Electrical_Conductivity__Micro_Seimens__cm_": "NA", "Chloride__mg_l_": "NA", "Zones_Tapped__mbgl_": "269-272, 290-293", "Nitrate__mg_l_": "NA", "Fluoride__mg_l_": "NA", "Iron__mg_l_": "NA" }, "geometry": { "type": "Point", "coordinates": [ 76.134167, 30.383 ] } },
{ "type": "Feature", "properties": { "GmlID": "LITHOLOG.5829", "objectid": 5829, "Lithology_Code": "L06704", "CGWB_Well_Serial_No": null, "Temporal_water_level": null, "Year_of_observation": null, "Distance_of_Observation_Well": null, "Basin": "01", "State": "PB", "District": "Patiala", "Block": "Nabha", "Location": "Dulladi-Ii", "Latitude": 30.383, "Longitude": 76.134167, "Well_Type": "04", "Year_of_Drill": "2018", "Depth_of_Drill__m_": 205.0, "Depth_of_Construction__mbgl_": "176", "Depth_of_Bedrock__mbgl_": "NA", "Major_Lithology": "NA", "Static_Water_Level__mbgl_": null, "Discharge__lps_": "null", "Draw_Down__m_": "NA", "Transmissivity__m2_day_": "NA", "Storage_coefficient": "NA", "Specific_Capacity__lpm_m_DD_": "NA", "Electrical_Conductivity__Micro_Seimens__cm_": "NA", "Chloride__mg_l_": "NA", "Zones_Tapped__mbgl_": "139-145, 170-173", "Nitrate__mg_l_": "NA", "Fluoride__mg_l_": "NA", "Iron__mg_l_": "NA" }, "geometry": { "type": "Point", "coordinates": [ 76.134167, 30.383 ] } },
{ "type": "Feature", "properties": { "GmlID": "LITHOLOG.5830", "objectid": 5830, "Lithology_Code": "L06705", "CGWB_Well_Serial_No": null, "Temporal_water_level": null, "Year_of_observation": null, "Distance_of_Observation_Well": null, "Basin": "01", "State": "PB", "District": "Patiala", "Block": "Nabha", "Location": "Dulladi-Iii", "Latitude": 30.383, "Longitude": 76.134167, "Well_Type": "04", "Year_of_Drill": "2018", "Depth_of_Drill__m_": 106.0, "Depth_of_Construction__mbgl_": "105", "Depth_of_Bedrock__mbgl_": "NA", "Major_Lithology": "NA", "Static_Water_Level__mbgl_": null, "Discharge__lps_": "null", "Draw_Down__m_": "NA", "Transmissivity__m2_day_": "NA", "Storage_coefficient": "NA", "Specific_Capacity__lpm_m_DD_": "NA", "Electrical_Conductivity__Micro_Seimens__cm_": "NA", "Chloride__mg_l_": "NA", "Zones_Tapped__mbgl_": "83-86, 92-95, 99-102", "Nitrate__mg_l_": "NA", "Fluoride__mg_l_": "NA", "Iron__mg_l_": "NA" }, "geometry": { "type": "Point", "coordinates": [ 76.134167, 30.383 ] } },
{ "type": "Feature", "properties": { "GmlID": "LITHOLOG.5831", "objectid": 5831, "Lithology_Code": "L06706", "CGWB_Well_Serial_No": null, "Temporal_water_level": null, "Year_of_observation": null, "Distance_of_Observation_Well": null, "Basin": "01", "State": "PB", "District": "Patiala", "Block": "Nabha", "Location": "Rajgarh (Pz)", "Latitude": 30.373674, "Longitude": 76.14519, "Well_Type": "03", "Year_of_Drill": "2013", "Depth_of_Drill__m_": 176.38, "Depth_of_Construction__mbgl_": "169", "Depth_of_Bedrock__mbgl_": "NA", "Major_Lithology": "Sand, Clay", "Static_Water_Level__mbgl_": null, "Discharge__lps_": "0", "Draw_Down__m_": "0", "Transmissivity__m2_day_": "NA", "Storage_coefficient": "NA", "Specific_Capacity__lpm_m_DD_": "NA", "Electrical_Conductivity__Micro_Seimens__cm_": "NA", "Chloride__mg_l_": "NA", "Zones_Tapped__mbgl_": "125-128, 133-139, 161-164", "Nitrate__mg_l_": "NA", "Fluoride__mg_l_": "NA", "Iron__mg_l_": "NA" }, "geometry": { "type": "Point", "coordinates": [ 76.14519, 30.373674 ] } },
{ "type": "Feature", "properties": { "GmlID": "LITHOLOG.5832", "objectid": 5832, "Lithology_Code": "L06707", "CGWB_Well_Serial_No": null, "Temporal_water_level": null, "Year_of_observation": null, "Distance_of_Observation_Well": null, "Basin": "01", "State": "PB", "District": "Patiala", "Block": "Nabha", "Location": "Ramgarh (Pz)", "Latitude": 30.373674, "Longitude": 76.14519, "Well_Type": "03", "Year_of_Drill": "2013", "Depth_of_Drill__m_": 154.68, "Depth_of_Construction__mbgl_": "149", "Depth_of_Bedrock__mbgl_": "NA", "Major_Lithology": "Sand, Clay", "Static_Water_Level__mbgl_": null, "Discharge__lps_": "0", "Draw_Down__m_": "0", "Transmissivity__m2_day_": "NA", "Storage_coefficient": "NA", "Specific_Capacity__lpm_m_DD_": "NA", "Electrical_Conductivity__Micro_Seimens__cm_": "NA", "Chloride__mg_l_": "NA", "Zones_Tapped__mbgl_": "131-134, 140-146", "Nitrate__mg_l_": "NA", "Fluoride__mg_l_": "NA", "Iron__mg_l_": "NA" }, "geometry": { "type": "Point", "coordinates": [ 76.14519, 30.373674 ] } },
{ "type": "Feature", "properties": { "GmlID": "LITHOLOG.5833", "objectid": 5833, "Lithology_Code": "L06708", "CGWB_Well_Serial_No": null, "Temporal_water_level": null, "Year_of_observation": null, "Distance_of_Observation_Well": null, "Basin": "01", "State": "PB", "District": "Patiala", "Block": "Patiala", "Location": "Bhamana  Ew", "Latitude": 30.339781, "Longitude": 76.38688, "Well_Type": "01", "Year_of_Drill": "NA", "Depth_of_Drill__m_": 327.2, "Depth_of_Construction__mbgl_": "320", "Depth_of_Bedrock__mbgl_": "NA", "Major_Lithology": "Sand, Clay", "Static_Water_Level__mbgl_": null, "Discharge__lps_": "null", "Draw_Down__m_": "NA", "Transmissivity__m2_day_": "NA", "Storage_coefficient": "NA", "Specific_Capacity__lpm_m_DD_": "NA", "Electrical_Conductivity__Micro_Seimens__cm_": "NA", "Chloride__mg_l_": "NA", "Zones_Tapped__mbgl_": "269-272, 280-286, 297-306, 308-317", "Nitrate__mg_l_": "NA", "Fluoride__mg_l_": "NA", "Iron__mg_l_": "NA" }, "geometry": { "type": "Point", "coordinates": [ 76.38688, 30.339781 ] } },
{ "type": "Feature", "properties": { "GmlID": "LITHOLOG.5834", "objectid": 5834, "Lithology_Code": "L06709", "CGWB_Well_Serial_No": null, "Temporal_water_level": null, "Year_of_observation": null, "Distance_of_Observation_Well": null, "Basin": "01", "State": "PB", "District": "Patiala", "Block": "Patiala", "Location": "Chahal (Pz)", "Latitude": 30.3382, "Longitude": 76.3771, "Well_Type": "03", "Year_of_Drill": "2013", "Depth_of_Drill__m_": 156.43, "Depth_of_Construction__mbgl_": "143", "Depth_of_Bedrock__mbgl_": "NA", "Major_Lithology": "Sand, Clay", "Static_Water_Level__mbgl_": null, "Discharge__lps_": "0", "Draw_Down__m_": "0", "Transmissivity__m2_day_": "NA", "Storage_coefficient": "NA", "Specific_Capacity__lpm_m_DD_": "NA", "Electrical_Conductivity__Micro_Seimens__cm_": "NA", "Chloride__mg_l_": "NA", "Zones_Tapped__mbgl_": "103-106, 133-139", "Nitrate__mg_l_": "NA", "Fluoride__mg_l_": "NA", "Iron__mg_l_": "NA" }, "geometry": { "type": "Point", "coordinates": [ 76.3771, 30.3382 ] } },
{ "type": "Feature", "properties": { "GmlID": "LITHOLOG.5835", "objectid": 5835, "Lithology_Code": "L06710", "CGWB_Well_Serial_No": null, "Temporal_water_level": null, "Year_of_observation": null, "Distance_of_Observation_Well": null, "Basin": "01", "State": "PB", "District": "Patiala", "Block": "Patiala", "Location": "Ranbir Pura (Pz)", "Latitude": 30.325345, "Longitude": 76.323928, "Well_Type": "03", "Year_of_Drill": "2013", "Depth_of_Drill__m_": 170.18, "Depth_of_Construction__mbgl_": "145.5", "Depth_of_Bedrock__mbgl_": "NA", "Major_Lithology": "Sand, Clay", "Static_Water_Level__mbgl_": null, "Discharge__lps_": "0", "Draw_Down__m_": "0", "Transmissivity__m2_day_": "NA", "Storage_coefficient": "NA", "Specific_Capacity__lpm_m_DD_": "NA", "Electrical_Conductivity__Micro_Seimens__cm_": "NA", "Chloride__mg_l_": "NA", "Zones_Tapped__mbgl_": "116-119, 126-129, 139-142", "Nitrate__mg_l_": "NA", "Fluoride__mg_l_": "NA", "Iron__mg_l_": "NA" }, "geometry": { "type": "Point", "coordinates": [ 76.323928, 30.325345 ] } },
{ "type": "Feature", "properties": { "GmlID": "LITHOLOG.5836", "objectid": 5836, "Lithology_Code": "L06711", "CGWB_Well_Serial_No": null, "Temporal_water_level": null, "Year_of_observation": null, "Distance_of_Observation_Well": null, "Basin": "01", "State": "PB", "District": "Patiala", "Block": "Patran", "Location": "Kangthala-I", "Latitude": 29.842, "Longitude": 76.133494, "Well_Type": "04", "Year_of_Drill": "2018", "Depth_of_Drill__m_": 309.0, "Depth_of_Construction__mbgl_": "255", "Depth_of_Bedrock__mbgl_": "NA", "Major_Lithology": "Fine To Medium Grained Sand, Kankar, Gravel, Clay", "Static_Water_Level__mbgl_": 28.0, "Discharge__lps_": "null", "Draw_Down__m_": "NA", "Transmissivity__m2_day_": "NA", "Storage_coefficient": "NA", "Specific_Capacity__lpm_m_DD_": "NA", "Electrical_Conductivity__Micro_Seimens__cm_": "NA", "Chloride__mg_l_": "NA", "Zones_Tapped__mbgl_": "235-238, 249-252", "Nitrate__mg_l_": "NA", "Fluoride__mg_l_": "NA", "Iron__mg_l_": "NA" }, "geometry": { "type": "Point", "coordinates": [ 76.133494, 29.842 ] } },
{ "type": "Feature", "properties": { "GmlID": "LITHOLOG.5837", "objectid": 5837, "Lithology_Code": "L06712", "CGWB_Well_Serial_No": null, "Temporal_water_level": null, "Year_of_observation": null, "Distance_of_Observation_Well": null, "Basin": "01", "State": "PB", "District": "Patiala", "Block": "Patran", "Location": "Kangthala-Ii", "Latitude": 29.842, "Longitude": 76.133494, "Well_Type": "04", "Year_of_Drill": "2018", "Depth_of_Drill__m_": 205.0, "Depth_of_Construction__mbgl_": "199", "Depth_of_Bedrock__mbgl_": "NA", "Major_Lithology": "NA", "Static_Water_Level__mbgl_": null, "Discharge__lps_": "null", "Draw_Down__m_": "NA", "Transmissivity__m2_day_": "NA", "Storage_coefficient": "NA", "Specific_Capacity__lpm_m_DD_": "NA", "Electrical_Conductivity__Micro_Seimens__cm_": "NA", "Chloride__mg_l_": "NA", "Zones_Tapped__mbgl_": "190-196", "Nitrate__mg_l_": "NA", "Fluoride__mg_l_": "NA", "Iron__mg_l_": "NA" }, "geometry": { "type": "Point", "coordinates": [ 76.133494, 29.842 ] } },
{ "type": "Feature", "properties": { "GmlID": "LITHOLOG.5838", "objectid": 5838, "Lithology_Code": "L06713", "CGWB_Well_Serial_No": null, "Temporal_water_level": null, "Year_of_observation": null, "Distance_of_Observation_Well": null, "Basin": "01", "State": "PB", "District": "Patiala", "Block": "Patran", "Location": "Kangthala-Iii", "Latitude": 29.842, "Longitude": 76.133494, "Well_Type": "04", "Year_of_Drill": "2018", "Depth_of_Drill__m_": 103.0, "Depth_of_Construction__mbgl_": "88", "Depth_of_Bedrock__mbgl_": "NA", "Major_Lithology": "NA", "Static_Water_Level__mbgl_": null, "Discharge__lps_": "null", "Draw_Down__m_": "NA", "Transmissivity__m2_day_": "NA", "Storage_coefficient": "NA", "Specific_Capacity__lpm_m_DD_": "NA", "Electrical_Conductivity__Micro_Seimens__cm_": "NA", "Chloride__mg_l_": "NA", "Zones_Tapped__mbgl_": "79-85", "Nitrate__mg_l_": "NA", "Fluoride__mg_l_": "NA", "Iron__mg_l_": "NA" }, "geometry": { "type": "Point", "coordinates": [ 76.133494, 29.842 ] } },
{ "type": "Feature", "properties": { "GmlID": "LITHOLOG.5839", "objectid": 5839, "Lithology_Code": "L06714", "CGWB_Well_Serial_No": null, "Temporal_water_level": null, "Year_of_observation": null, "Distance_of_Observation_Well": null, "Basin": "01", "State": "PB", "District": "Patiala", "Block": "Sanaur", "Location": "Balbehra-I", "Latitude": 30.158, "Longitude": 76.358475, "Well_Type": "04", "Year_of_Drill": "2018", "Depth_of_Drill__m_": 305.0, "Depth_of_Construction__mbgl_": "300", "Depth_of_Bedrock__mbgl_": "NA", "Major_Lithology": "Sand, Clay Mixed with Sand", "Static_Water_Level__mbgl_": 38.0, "Discharge__lps_": "null", "Draw_Down__m_": "NA", "Transmissivity__m2_day_": "NA", "Storage_coefficient": "NA", "Specific_Capacity__lpm_m_DD_": "NA", "Electrical_Conductivity__Micro_Seimens__cm_": "NA", "Chloride__mg_l_": "NA", "Zones_Tapped__mbgl_": "252-255, 274-277, 294-297", "Nitrate__mg_l_": "NA", "Fluoride__mg_l_": "NA", "Iron__mg_l_": "NA" }, "geometry": { "type": "Point", "coordinates": [ 76.358475, 30.158 ] } },
{ "type": "Feature", "properties": { "GmlID": "LITHOLOG.5840", "objectid": 5840, "Lithology_Code": "L06715", "CGWB_Well_Serial_No": null, "Temporal_water_level": null, "Year_of_observation": null, "Distance_of_Observation_Well": null, "Basin": "01", "State": "PB", "District": "Patiala", "Block": "Sanaur", "Location": "Balbehra-Ii", "Latitude": 30.158, "Longitude": 76.358475, "Well_Type": "04", "Year_of_Drill": "2018", "Depth_of_Drill__m_": 204.0, "Depth_of_Construction__mbgl_": "186", "Depth_of_Bedrock__mbgl_": "NA", "Major_Lithology": "NA", "Static_Water_Level__mbgl_": null, "Discharge__lps_": "null", "Draw_Down__m_": "NA", "Transmissivity__m2_day_": "NA", "Storage_coefficient": "NA", "Specific_Capacity__lpm_m_DD_": "NA", "Electrical_Conductivity__Micro_Seimens__cm_": "NA", "Chloride__mg_l_": "NA", "Zones_Tapped__mbgl_": "165-168, 180-183", "Nitrate__mg_l_": "NA", "Fluoride__mg_l_": "NA", "Iron__mg_l_": "NA" }, "geometry": { "type": "Point", "coordinates": [ 76.358475, 30.158 ] } },
{ "type": "Feature", "properties": { "GmlID": "LITHOLOG.5841", "objectid": 5841, "Lithology_Code": "L06716", "CGWB_Well_Serial_No": null, "Temporal_water_level": null, "Year_of_observation": null, "Distance_of_Observation_Well": null, "Basin": "01", "State": "PB", "District": "Patiala", "Block": "Sanaur", "Location": "Balbehra-Iii", "Latitude": 30.158, "Longitude": 76.358475, "Well_Type": "04", "Year_of_Drill": "2018", "Depth_of_Drill__m_": 104.0, "Depth_of_Construction__mbgl_": "98", "Depth_of_Bedrock__mbgl_": "NA", "Major_Lithology": "NA", "Static_Water_Level__mbgl_": null, "Discharge__lps_": "null", "Draw_Down__m_": "NA", "Transmissivity__m2_day_": "NA", "Storage_coefficient": "NA", "Specific_Capacity__lpm_m_DD_": "NA", "Electrical_Conductivity__Micro_Seimens__cm_": "NA", "Chloride__mg_l_": "NA", "Zones_Tapped__mbgl_": "77-80, 92-95", "Nitrate__mg_l_": "NA", "Fluoride__mg_l_": "NA", "Iron__mg_l_": "NA" }, "geometry": { "type": "Point", "coordinates": [ 76.358475, 30.158 ] } },
{ "type": "Feature", "properties": { "GmlID": "LITHOLOG.5842", "objectid": 5842, "Lithology_Code": "L06717", "CGWB_Well_Serial_No": null, "Temporal_water_level": null, "Year_of_observation": null, "Distance_of_Observation_Well": null, "Basin": "01", "State": "PB", "District": "Patiala", "Block": "Sanaur", "Location": "Mardaheri  Ew", "Latitude": 30.211744, "Longitude": 76.373134, "Well_Type": "01", "Year_of_Drill": "2014", "Depth_of_Drill__m_": 354.0, "Depth_of_Construction__mbgl_": "275", "Depth_of_Bedrock__mbgl_": "NA", "Major_Lithology": "Sand, Clay", "Static_Water_Level__mbgl_": 34.87, "Discharge__lps_": "15.11", "Draw_Down__m_": "6.72", "Transmissivity__m2_day_": "NA", "Storage_coefficient": "NA", "Specific_Capacity__lpm_m_DD_": "NA", "Electrical_Conductivity__Micro_Seimens__cm_": "NA", "Chloride__mg_l_": "NA", "Zones_Tapped__mbgl_": "234-240, 252-255, 269-272", "Nitrate__mg_l_": "NA", "Fluoride__mg_l_": "NA", "Iron__mg_l_": "NA" }, "geometry": { "type": "Point", "coordinates": [ 76.373134, 30.211744 ] } },
{ "type": "Feature", "properties": { "GmlID": "LITHOLOG.5843", "objectid": 5843, "Lithology_Code": "L06718", "CGWB_Well_Serial_No": null, "Temporal_water_level": null, "Year_of_observation": null, "Distance_of_Observation_Well": null, "Basin": "01", "State": "PB", "District": "Sahibzada Ajit Singh Nagar", "Block": "Dera Bassi", "Location": "Sundran-I", "Latitude": 30.615, "Longitude": 76.89255, "Well_Type": "04", "Year_of_Drill": "2018", "Depth_of_Drill__m_": 301.0, "Depth_of_Construction__mbgl_": "294", "Depth_of_Bedrock__mbgl_": "NA", "Major_Lithology": "Sand, Gravel, Clay", "Static_Water_Level__mbgl_": 42.0, "Discharge__lps_": "null", "Draw_Down__m_": "NA", "Transmissivity__m2_day_": "NA", "Storage_coefficient": "NA", "Specific_Capacity__lpm_m_DD_": "NA", "Electrical_Conductivity__Micro_Seimens__cm_": "NA", "Chloride__mg_l_": "NA", "Zones_Tapped__mbgl_": "253-256, 272-275, 288-291", "Nitrate__mg_l_": "NA", "Fluoride__mg_l_": "NA", "Iron__mg_l_": "NA" }, "geometry": { "type": "Point", "coordinates": [ 76.89255, 30.615 ] } },
{ "type": "Feature", "properties": { "GmlID": "LITHOLOG.5844", "objectid": 5844, "Lithology_Code": "L06719", "CGWB_Well_Serial_No": null, "Temporal_water_level": null, "Year_of_observation": null, "Distance_of_Observation_Well": null, "Basin": "01", "State": "PB", "District": "Sahibzada Ajit Singh Nagar", "Block": "Dera Bassi", "Location": "Sundran-Ii", "Latitude": 30.615, "Longitude": 76.89255, "Well_Type": "04", "Year_of_Drill": "2018", "Depth_of_Drill__m_": 202.0, "Depth_of_Construction__mbgl_": "188", "Depth_of_Bedrock__mbgl_": "NA", "Major_Lithology": "NA", "Static_Water_Level__mbgl_": null, "Discharge__lps_": "null", "Draw_Down__m_": "NA", "Transmissivity__m2_day_": "NA", "Storage_coefficient": "NA", "Specific_Capacity__lpm_m_DD_": "NA", "Electrical_Conductivity__Micro_Seimens__cm_": "NA", "Chloride__mg_l_": "NA", "Zones_Tapped__mbgl_": "160-163, 169-172, 182-185", "Nitrate__mg_l_": "NA", "Fluoride__mg_l_": "NA", "Iron__mg_l_": "NA" }, "geometry": { "type": "Point", "coordinates": [ 76.89255, 30.615 ] } },
{ "type": "Feature", "properties": { "GmlID": "LITHOLOG.5845", "objectid": 5845, "Lithology_Code": "L06720", "CGWB_Well_Serial_No": null, "Temporal_water_level": null, "Year_of_observation": null, "Distance_of_Observation_Well": null, "Basin": "01", "State": "PB", "District": "Sahibzada Ajit Singh Nagar", "Block": "Dera Bassi", "Location": "Sundran-Iii", "Latitude": 30.615, "Longitude": 76.89255, "Well_Type": "04", "Year_of_Drill": "2018", "Depth_of_Drill__m_": 102.0, "Depth_of_Construction__mbgl_": "102", "Depth_of_Bedrock__mbgl_": "NA", "Major_Lithology": "NA", "Static_Water_Level__mbgl_": null, "Discharge__lps_": "null", "Draw_Down__m_": "NA", "Transmissivity__m2_day_": "NA", "Storage_coefficient": "NA", "Specific_Capacity__lpm_m_DD_": "NA", "Electrical_Conductivity__Micro_Seimens__cm_": "NA", "Chloride__mg_l_": "NA", "Zones_Tapped__mbgl_": "90-93, 96-99", "Nitrate__mg_l_": "NA", "Fluoride__mg_l_": "NA", "Iron__mg_l_": "NA" }, "geometry": { "type": "Point", "coordinates": [ 76.89255, 30.615 ] } },
{ "type": "Feature", "properties": { "GmlID": "LITHOLOG.5846", "objectid": 5846, "Lithology_Code": "L06721", "CGWB_Well_Serial_No": null, "Temporal_water_level": null, "Year_of_observation": null, "Distance_of_Observation_Well": null, "Basin": "01", "State": "PB", "District": "Sahibzada Ajit Singh Nagar", "Block": "Sialba Majri", "Location": "Akalgarh-I", "Latitude": 30.857, "Longitude": 76.612139, "Well_Type": "04", "Year_of_Drill": "2018", "Depth_of_Drill__m_": 306.0, "Depth_of_Construction__mbgl_": "264", "Depth_of_Bedrock__mbgl_": "NA", "Major_Lithology": "Sand, Clay", "Static_Water_Level__mbgl_": 76.0, "Discharge__lps_": "null", "Draw_Down__m_": "NA", "Transmissivity__m2_day_": "NA", "Storage_coefficient": "NA", "Specific_Capacity__lpm_m_DD_": "NA", "Electrical_Conductivity__Micro_Seimens__cm_": "NA", "Chloride__mg_l_": "NA", "Zones_Tapped__mbgl_": "226-228, 237-240, 258-261", "Nitrate__mg_l_": "NA", "Fluoride__mg_l_": "NA", "Iron__mg_l_": "NA" }, "geometry": { "type": "Point", "coordinates": [ 76.612139, 30.857 ] } },
{ "type": "Feature", "properties": { "GmlID": "LITHOLOG.5847", "objectid": 5847, "Lithology_Code": "L06722", "CGWB_Well_Serial_No": null, "Temporal_water_level": null, "Year_of_observation": null, "Distance_of_Observation_Well": null, "Basin": "01", "State": "PB", "District": "Sahibzada Ajit Singh Nagar", "Block": "Sialba Majri", "Location": "Akalgarh-Ii", "Latitude": 30.857, "Longitude": 76.612139, "Well_Type": "04", "Year_of_Drill": "2018", "Depth_of_Drill__m_": 204.0, "Depth_of_Construction__mbgl_": "184", "Depth_of_Bedrock__mbgl_": "NA", "Major_Lithology": "NA", "Static_Water_Level__mbgl_": null, "Discharge__lps_": "null", "Draw_Down__m_": "NA", "Transmissivity__m2_day_": "NA", "Storage_coefficient": "NA", "Specific_Capacity__lpm_m_DD_": "NA", "Electrical_Conductivity__Micro_Seimens__cm_": "NA", "Chloride__mg_l_": "NA", "Zones_Tapped__mbgl_": "166-169, 178-181", "Nitrate__mg_l_": "NA", "Fluoride__mg_l_": "NA", "Iron__mg_l_": "NA" }, "geometry": { "type": "Point", "coordinates": [ 76.612139, 30.857 ] } },
{ "type": "Feature", "properties": { "GmlID": "LITHOLOG.5848", "objectid": 5848, "Lithology_Code": "L06723", "CGWB_Well_Serial_No": null, "Temporal_water_level": null, "Year_of_observation": null, "Distance_of_Observation_Well": null, "Basin": "01", "State": "PB", "District": "Sahibzada Ajit Singh Nagar", "Block": "Sialba Majri", "Location": "Akalgarh-Iii", "Latitude": 30.857, "Longitude": 76.612139, "Well_Type": "04", "Year_of_Drill": "2018", "Depth_of_Drill__m_": 109.0, "Depth_of_Construction__mbgl_": "105", "Depth_of_Bedrock__mbgl_": "NA", "Major_Lithology": "NA", "Static_Water_Level__mbgl_": null, "Discharge__lps_": "null", "Draw_Down__m_": "NA", "Transmissivity__m2_day_": "NA", "Storage_coefficient": "NA", "Specific_Capacity__lpm_m_DD_": "NA", "Electrical_Conductivity__Micro_Seimens__cm_": "NA", "Chloride__mg_l_": "NA", "Zones_Tapped__mbgl_": "86-89, 99-102", "Nitrate__mg_l_": "NA", "Fluoride__mg_l_": "NA", "Iron__mg_l_": "NA" }, "geometry": { "type": "Point", "coordinates": [ 76.612139, 30.857 ] } },
{ "type": "Feature", "properties": { "GmlID": "LITHOLOG.5849", "objectid": 5849, "Lithology_Code": "L06724", "CGWB_Well_Serial_No": null, "Temporal_water_level": null, "Year_of_observation": null, "Distance_of_Observation_Well": null, "Basin": "01", "State": "PB", "District": "Sangrur", "Block": "Andana", "Location": "Khanouri  Ew", "Latitude": 29.837699, "Longitude": 76.1117, "Well_Type": "01", "Year_of_Drill": "2013", "Depth_of_Drill__m_": 300.5, "Depth_of_Construction__mbgl_": "293", "Depth_of_Bedrock__mbgl_": "NA", "Major_Lithology": "Sand, Clay", "Static_Water_Level__mbgl_": 37.14, "Discharge__lps_": "1.91667", "Draw_Down__m_": "11.22", "Transmissivity__m2_day_": "NA", "Storage_coefficient": "NA", "Specific_Capacity__lpm_m_DD_": "NA", "Electrical_Conductivity__Micro_Seimens__cm_": "NA", "Chloride__mg_l_": "NA", "Zones_Tapped__mbgl_": "161-166 178-184 283-287", "Nitrate__mg_l_": "NA", "Fluoride__mg_l_": "NA", "Iron__mg_l_": "NA" }, "geometry": { "type": "Point", "coordinates": [ 76.1117, 29.837699 ] } },
{ "type": "Feature", "properties": { "GmlID": "LITHOLOG.5850", "objectid": 5850, "Lithology_Code": "L06725", "CGWB_Well_Serial_No": null, "Temporal_water_level": null, "Year_of_observation": null, "Distance_of_Observation_Well": null, "Basin": "01", "State": "PB", "District": "Sangrur", "Block": "Bhiwanigarh", "Location": "Majhi  Ew", "Latitude": 30.289717, "Longitude": 76.096476, "Well_Type": "01", "Year_of_Drill": "2017", "Depth_of_Drill__m_": 200.5, "Depth_of_Construction__mbgl_": "197", "Depth_of_Bedrock__mbgl_": "NA", "Major_Lithology": "Sand, Clay", "Static_Water_Level__mbgl_": null, "Discharge__lps_": "null", "Draw_Down__m_": "NA", "Transmissivity__m2_day_": "NA", "Storage_coefficient": "NA", "Specific_Capacity__lpm_m_DD_": "NA", "Electrical_Conductivity__Micro_Seimens__cm_": "NA", "Chloride__mg_l_": "NA", "Zones_Tapped__mbgl_": "128-137 158-164 191-194", "Nitrate__mg_l_": "NA", "Fluoride__mg_l_": "NA", "Iron__mg_l_": "NA" }, "geometry": { "type": "Point", "coordinates": [ 76.096476, 30.289717 ] } },
{ "type": "Feature", "properties": { "GmlID": "LITHOLOG.5851", "objectid": 5851, "Lithology_Code": "L06726", "CGWB_Well_Serial_No": null, "Temporal_water_level": null, "Year_of_observation": null, "Distance_of_Observation_Well": null, "Basin": "01", "State": "PB", "District": "Sangrur", "Block": "Bhiwanigarh", "Location": "Majhi  Ow", "Latitude": 30.289717, "Longitude": 76.096476, "Well_Type": "02", "Year_of_Drill": "2017", "Depth_of_Drill__m_": 200.5, "Depth_of_Construction__mbgl_": "195", "Depth_of_Bedrock__mbgl_": "NA", "Major_Lithology": "Sand, Clay", "Static_Water_Level__mbgl_": null, "Discharge__lps_": "null", "Draw_Down__m_": "NA", "Transmissivity__m2_day_": "NA", "Storage_coefficient": "NA", "Specific_Capacity__lpm_m_DD_": "NA", "Electrical_Conductivity__Micro_Seimens__cm_": "NA", "Chloride__mg_l_": "NA", "Zones_Tapped__mbgl_": "128-137 158-164 191-194", "Nitrate__mg_l_": "NA", "Fluoride__mg_l_": "NA", "Iron__mg_l_": "NA" }, "geometry": { "type": "Point", "coordinates": [ 76.096476, 30.289717 ] } },
{ "type": "Feature", "properties": { "GmlID": "LITHOLOG.5852", "objectid": 5852, "Lithology_Code": "L06727", "CGWB_Well_Serial_No": null, "Temporal_water_level": null, "Year_of_observation": null, "Distance_of_Observation_Well": null, "Basin": "01", "State": "PB", "District": "Sangrur", "Block": "Dhuri", "Location": "Benara  Ew 1", "Latitude": 30.334104, "Longitude": 75.849038, "Well_Type": "01", "Year_of_Drill": "2016", "Depth_of_Drill__m_": 105.0, "Depth_of_Construction__mbgl_": "102", "Depth_of_Bedrock__mbgl_": "NA", "Major_Lithology": "Sand, Clay", "Static_Water_Level__mbgl_": 33.81, "Discharge__lps_": "null", "Draw_Down__m_": "3.37", "Transmissivity__m2_day_": "NA", "Storage_coefficient": "NA", "Specific_Capacity__lpm_m_DD_": "NA", "Electrical_Conductivity__Micro_Seimens__cm_": "NA", "Chloride__mg_l_": "NA", "Zones_Tapped__mbgl_": "72-75, 81-84, 95-98", "Nitrate__mg_l_": "NA", "Fluoride__mg_l_": "NA", "Iron__mg_l_": "NA" }, "geometry": { "type": "Point", "coordinates": [ 75.849038, 30.334104 ] } },
{ "type": "Feature", "properties": { "GmlID": "LITHOLOG.5853", "objectid": 5853, "Lithology_Code": "L06728", "CGWB_Well_Serial_No": null, "Temporal_water_level": null, "Year_of_observation": null, "Distance_of_Observation_Well": null, "Basin": "01", "State": "PB", "District": "Sangrur", "Block": "Dhuri", "Location": "Benara  Ew 2", "Latitude": 30.334104, "Longitude": 75.849038, "Well_Type": "01", "Year_of_Drill": "2016", "Depth_of_Drill__m_": 105.0, "Depth_of_Construction__mbgl_": "103", "Depth_of_Bedrock__mbgl_": "NA", "Major_Lithology": "Sand, Clay", "Static_Water_Level__mbgl_": null, "Discharge__lps_": "null", "Draw_Down__m_": "NA", "Transmissivity__m2_day_": "NA", "Storage_coefficient": "NA", "Specific_Capacity__lpm_m_DD_": "NA", "Electrical_Conductivity__Micro_Seimens__cm_": "NA", "Chloride__mg_l_": "NA", "Zones_Tapped__mbgl_": "120-132, 167-173, 179-182", "Nitrate__mg_l_": "NA", "Fluoride__mg_l_": "NA", "Iron__mg_l_": "NA" }, "geometry": { "type": "Point", "coordinates": [ 75.849038, 30.334104 ] } },
{ "type": "Feature", "properties": { "GmlID": "LITHOLOG.5854", "objectid": 5854, "Lithology_Code": "L06729", "CGWB_Well_Serial_No": null, "Temporal_water_level": null, "Year_of_observation": null, "Distance_of_Observation_Well": null, "Basin": "01", "State": "PB", "District": "Sangrur", "Block": "Dhuri", "Location": "Benara  Ow", "Latitude": 30.334104, "Longitude": 75.849038, "Well_Type": "02", "Year_of_Drill": "2016", "Depth_of_Drill__m_": 190.0, "Depth_of_Construction__mbgl_": "186", "Depth_of_Bedrock__mbgl_": "NA", "Major_Lithology": "Sand, Clay", "Static_Water_Level__mbgl_": null, "Discharge__lps_": "null", "Draw_Down__m_": "NA", "Transmissivity__m2_day_": "NA", "Storage_coefficient": "NA", "Specific_Capacity__lpm_m_DD_": "NA", "Electrical_Conductivity__Micro_Seimens__cm_": "NA", "Chloride__mg_l_": "NA", "Zones_Tapped__mbgl_": "72-75, 81-84, 95-98", "Nitrate__mg_l_": "NA", "Fluoride__mg_l_": "NA", "Iron__mg_l_": "NA" }, "geometry": { "type": "Point", "coordinates": [ 75.849038, 30.334104 ] } },
{ "type": "Feature", "properties": { "GmlID": "LITHOLOG.5855", "objectid": 5855, "Lithology_Code": "L06730", "CGWB_Well_Serial_No": null, "Temporal_water_level": null, "Year_of_observation": null, "Distance_of_Observation_Well": null, "Basin": "01", "State": "PB", "District": "Sangrur", "Block": "Dhuri", "Location": "Bhojowali (Pz)", "Latitude": 30.344886, "Longitude": 75.921646, "Well_Type": "03", "Year_of_Drill": "2012", "Depth_of_Drill__m_": 168.0, "Depth_of_Construction__mbgl_": "149", "Depth_of_Bedrock__mbgl_": "NA", "Major_Lithology": "Sand, Clay", "Static_Water_Level__mbgl_": null, "Discharge__lps_": "0", "Draw_Down__m_": "0", "Transmissivity__m2_day_": "NA", "Storage_coefficient": "NA", "Specific_Capacity__lpm_m_DD_": "NA", "Electrical_Conductivity__Micro_Seimens__cm_": "NA", "Chloride__mg_l_": "NA", "Zones_Tapped__mbgl_": "120-126 142-145", "Nitrate__mg_l_": "NA", "Fluoride__mg_l_": "NA", "Iron__mg_l_": "NA" }, "geometry": { "type": "Point", "coordinates": [ 75.921646, 30.344886 ] } },
{ "type": "Feature", "properties": { "GmlID": "LITHOLOG.5856", "objectid": 5856, "Lithology_Code": "L06731", "CGWB_Well_Serial_No": null, "Temporal_water_level": null, "Year_of_observation": null, "Distance_of_Observation_Well": null, "Basin": "01", "State": "PB", "District": "Sangrur", "Block": "Dhuri", "Location": "Dhuri  Ew", "Latitude": 30.367683, "Longitude": 75.859205, "Well_Type": "01", "Year_of_Drill": "2012", "Depth_of_Drill__m_": 354.0, "Depth_of_Construction__mbgl_": "311", "Depth_of_Bedrock__mbgl_": "NA", "Major_Lithology": "Sand, Clay", "Static_Water_Level__mbgl_": 30.4, "Discharge__lps_": "20.68", "Draw_Down__m_": "5.16", "Transmissivity__m2_day_": "NA", "Storage_coefficient": "NA", "Specific_Capacity__lpm_m_DD_": "NA", "Electrical_Conductivity__Micro_Seimens__cm_": "NA", "Chloride__mg_l_": "NA", "Zones_Tapped__mbgl_": "208-214, 235-241, 278-290, 301-307", "Nitrate__mg_l_": "NA", "Fluoride__mg_l_": "NA", "Iron__mg_l_": "NA" }, "geometry": { "type": "Point", "coordinates": [ 75.859205, 30.367683 ] } },
{ "type": "Feature", "properties": { "GmlID": "LITHOLOG.5857", "objectid": 5857, "Lithology_Code": "L06732", "CGWB_Well_Serial_No": null, "Temporal_water_level": null, "Year_of_observation": null, "Distance_of_Observation_Well": null, "Basin": "01", "State": "PB", "District": "Sangrur", "Block": "Dhuri", "Location": "Dhuri  Ow", "Latitude": 30.367683, "Longitude": 75.859205, "Well_Type": "02", "Year_of_Drill": "2012", "Depth_of_Drill__m_": 321.0, "Depth_of_Construction__mbgl_": "310", "Depth_of_Bedrock__mbgl_": "NA", "Major_Lithology": "Sand, Clay", "Static_Water_Level__mbgl_": null, "Discharge__lps_": "333.333", "Draw_Down__m_": "0", "Transmissivity__m2_day_": "NA", "Storage_coefficient": "NA", "Specific_Capacity__lpm_m_DD_": "NA", "Electrical_Conductivity__Micro_Seimens__cm_": "NA", "Chloride__mg_l_": "NA", "Zones_Tapped__mbgl_": "209-212, 237-240, 280-286, 302-305", "Nitrate__mg_l_": "NA", "Fluoride__mg_l_": "NA", "Iron__mg_l_": "NA" }, "geometry": { "type": "Point", "coordinates": [ 75.859205, 30.367683 ] } },
{ "type": "Feature", "properties": { "GmlID": "LITHOLOG.5858", "objectid": 5858, "Lithology_Code": "L06733", "CGWB_Well_Serial_No": null, "Temporal_water_level": null, "Year_of_observation": null, "Distance_of_Observation_Well": null, "Basin": "01", "State": "PB", "District": "Sangrur", "Block": "Sunam", "Location": "Baurhai Khurd-I", "Latitude": 30.626, "Longitude": 75.839861, "Well_Type": "04", "Year_of_Drill": "2018", "Depth_of_Drill__m_": 305.0, "Depth_of_Construction__mbgl_": "278", "Depth_of_Bedrock__mbgl_": "NA", "Major_Lithology": "Fine To Medium Grained Sand, Kankar, Silt", "Static_Water_Level__mbgl_": 34.0, "Discharge__lps_": "null", "Draw_Down__m_": "NA", "Transmissivity__m2_day_": "NA", "Storage_coefficient": "NA", "Specific_Capacity__lpm_m_DD_": "NA", "Electrical_Conductivity__Micro_Seimens__cm_": "NA", "Chloride__mg_l_": "NA", "Zones_Tapped__mbgl_": "236-239, 250-253, 258-261, 272-275", "Nitrate__mg_l_": "NA", "Fluoride__mg_l_": "NA", "Iron__mg_l_": "NA" }, "geometry": { "type": "Point", "coordinates": [ 75.839861, 30.626 ] } },
{ "type": "Feature", "properties": { "GmlID": "LITHOLOG.5859", "objectid": 5859, "Lithology_Code": "L06734", "CGWB_Well_Serial_No": null, "Temporal_water_level": null, "Year_of_observation": null, "Distance_of_Observation_Well": null, "Basin": "01", "State": "PB", "District": "Sangrur", "Block": "Sunam", "Location": "Baurhai Khurd-Ii", "Latitude": 30.626, "Longitude": 75.839861, "Well_Type": "04", "Year_of_Drill": "2018", "Depth_of_Drill__m_": 207.0, "Depth_of_Construction__mbgl_": "190", "Depth_of_Bedrock__mbgl_": "NA", "Major_Lithology": "NA", "Static_Water_Level__mbgl_": null, "Discharge__lps_": "null", "Draw_Down__m_": "NA", "Transmissivity__m2_day_": "NA", "Storage_coefficient": "NA", "Specific_Capacity__lpm_m_DD_": "NA", "Electrical_Conductivity__Micro_Seimens__cm_": "NA", "Chloride__mg_l_": "NA", "Zones_Tapped__mbgl_": "163-166, 174-177, 184-187", "Nitrate__mg_l_": "NA", "Fluoride__mg_l_": "NA", "Iron__mg_l_": "NA" }, "geometry": { "type": "Point", "coordinates": [ 75.839861, 30.626 ] } },
{ "type": "Feature", "properties": { "GmlID": "LITHOLOG.5860", "objectid": 5860, "Lithology_Code": "L06735", "CGWB_Well_Serial_No": null, "Temporal_water_level": null, "Year_of_observation": null, "Distance_of_Observation_Well": null, "Basin": "01", "State": "PB", "District": "Sangrur", "Block": "Sunam", "Location": "Baurhai Khurd-Iii", "Latitude": 30.626, "Longitude": 75.839861, "Well_Type": "04", "Year_of_Drill": "2018", "Depth_of_Drill__m_": 105.0, "Depth_of_Construction__mbgl_": "92", "Depth_of_Bedrock__mbgl_": "NA", "Major_Lithology": "NA", "Static_Water_Level__mbgl_": null, "Discharge__lps_": "null", "Draw_Down__m_": "NA", "Transmissivity__m2_day_": "NA", "Storage_coefficient": "NA", "Specific_Capacity__lpm_m_DD_": "NA", "Electrical_Conductivity__Micro_Seimens__cm_": "NA", "Chloride__mg_l_": "NA", "Zones_Tapped__mbgl_": "72-78, 86-89", "Nitrate__mg_l_": "NA", "Fluoride__mg_l_": "NA", "Iron__mg_l_": "NA" }, "geometry": { "type": "Point", "coordinates": [ 75.839861, 30.626 ] } },
{ "type": "Feature", "properties": { "GmlID": "LITHOLOG.5861", "objectid": 5861, "Lithology_Code": "L06736", "CGWB_Well_Serial_No": null, "Temporal_water_level": null, "Year_of_observation": null, "Distance_of_Observation_Well": null, "Basin": "01", "State": "PB", "District": "Sangrur", "Block": "Maler Kotla", "Location": "Manvi (Pz)", "Latitude": 30.245796, "Longitude": 75.842072, "Well_Type": "03", "Year_of_Drill": "2013", "Depth_of_Drill__m_": 152.0, "Depth_of_Construction__mbgl_": "148", "Depth_of_Bedrock__mbgl_": "NA", "Major_Lithology": "Sand, Clay", "Static_Water_Level__mbgl_": null, "Discharge__lps_": "0", "Draw_Down__m_": "0", "Transmissivity__m2_day_": "NA", "Storage_coefficient": "NA", "Specific_Capacity__lpm_m_DD_": "NA", "Electrical_Conductivity__Micro_Seimens__cm_": "NA", "Chloride__mg_l_": "NA", "Zones_Tapped__mbgl_": "116-122, 142-145.09", "Nitrate__mg_l_": "NA", "Fluoride__mg_l_": "NA", "Iron__mg_l_": "NA" }, "geometry": { "type": "Point", "coordinates": [ 75.842072, 30.245796 ] } },
{ "type": "Feature", "properties": { "GmlID": "LITHOLOG.5862", "objectid": 5862, "Lithology_Code": "L06737", "CGWB_Well_Serial_No": null, "Temporal_water_level": null, "Year_of_observation": null, "Distance_of_Observation_Well": null, "Basin": "01", "State": "PB", "District": "Sangrur", "Block": "Sangrur", "Location": "Ghanouri Kalan (Pz)", "Latitude": 30.418287, "Longitude": 75.780753, "Well_Type": "03", "Year_of_Drill": "2013", "Depth_of_Drill__m_": 150.06, "Depth_of_Construction__mbgl_": "150", "Depth_of_Bedrock__mbgl_": "NA", "Major_Lithology": "Sand, Clay", "Static_Water_Level__mbgl_": null, "Discharge__lps_": "0", "Draw_Down__m_": "0", "Transmissivity__m2_day_": "NA", "Storage_coefficient": "NA", "Specific_Capacity__lpm_m_DD_": "NA", "Electrical_Conductivity__Micro_Seimens__cm_": "NA", "Chloride__mg_l_": "NA", "Zones_Tapped__mbgl_": "120-126 143-146", "Nitrate__mg_l_": "NA", "Fluoride__mg_l_": "NA", "Iron__mg_l_": "NA" }, "geometry": { "type": "Point", "coordinates": [ 75.780753, 30.418287 ] } },
{ "type": "Feature", "properties": { "GmlID": "LITHOLOG.5863", "objectid": 5863, "Lithology_Code": "L06738", "CGWB_Well_Serial_No": null, "Temporal_water_level": null, "Year_of_observation": null, "Distance_of_Observation_Well": null, "Basin": "01", "State": "PB", "District": "Sangrur", "Block": "Sherpur", "Location": "Cheema  Ew", "Latitude": 30.095321, "Longitude": 75.684802, "Well_Type": "01", "Year_of_Drill": "2012", "Depth_of_Drill__m_": 354.0, "Depth_of_Construction__mbgl_": "240", "Depth_of_Bedrock__mbgl_": "NA", "Major_Lithology": "Sand, Clay", "Static_Water_Level__mbgl_": 28.75, "Discharge__lps_": "35.06", "Draw_Down__m_": "5.57", "Transmissivity__m2_day_": "NA", "Storage_coefficient": "NA", "Specific_Capacity__lpm_m_DD_": "NA", "Electrical_Conductivity__Micro_Seimens__cm_": "NA", "Chloride__mg_l_": "NA", "Zones_Tapped__mbgl_": "100-115, 127-133, 154-160, 168-174, 198-204, 230-236", "Nitrate__mg_l_": "NA", "Fluoride__mg_l_": "NA", "Iron__mg_l_": "NA" }, "geometry": { "type": "Point", "coordinates": [ 75.684802, 30.095321 ] } },
{ "type": "Feature", "properties": { "GmlID": "LITHOLOG.5864", "objectid": 5864, "Lithology_Code": "L06739", "CGWB_Well_Serial_No": null, "Temporal_water_level": null, "Year_of_observation": null, "Distance_of_Observation_Well": null, "Basin": "01", "State": "PB", "District": "Sangrur", "Block": "Sherpur", "Location": "Cheema  Ow", "Latitude": 30.095321, "Longitude": 75.684802, "Well_Type": "02", "Year_of_Drill": "2012", "Depth_of_Drill__m_": 246.6, "Depth_of_Construction__mbgl_": "240", "Depth_of_Bedrock__mbgl_": "NA", "Major_Lithology": "Sand, Clay", "Static_Water_Level__mbgl_": null, "Discharge__lps_": "0", "Draw_Down__m_": "0", "Transmissivity__m2_day_": "NA", "Storage_coefficient": "NA", "Specific_Capacity__lpm_m_DD_": "NA", "Electrical_Conductivity__Micro_Seimens__cm_": "NA", "Chloride__mg_l_": "NA", "Zones_Tapped__mbgl_": "105-111, 130-133, 157-160, 171-174, 200-203, 233-236", "Nitrate__mg_l_": "NA", "Fluoride__mg_l_": "NA", "Iron__mg_l_": "NA" }, "geometry": { "type": "Point", "coordinates": [ 75.684802, 30.095321 ] } },
{ "type": "Feature", "properties": { "GmlID": "LITHOLOG.5865", "objectid": 5865, "Lithology_Code": "L06740", "CGWB_Well_Serial_No": null, "Temporal_water_level": null, "Year_of_observation": null, "Distance_of_Observation_Well": null, "Basin": "01", "State": "PB", "District": "Sangrur", "Block": "Sherpur", "Location": "I.T.I Sunam-I", "Latitude": 30.138, "Longitude": 75.815694, "Well_Type": "04", "Year_of_Drill": "2018", "Depth_of_Drill__m_": 305.0, "Depth_of_Construction__mbgl_": "295", "Depth_of_Bedrock__mbgl_": "NA", "Major_Lithology": "Fine To Medium Grained Sand, Gravel, Kankar, Clay", "Static_Water_Level__mbgl_": null, "Discharge__lps_": "null", "Draw_Down__m_": "NA", "Transmissivity__m2_day_": "NA", "Storage_coefficient": "NA", "Specific_Capacity__lpm_m_DD_": "NA", "Electrical_Conductivity__Micro_Seimens__cm_": "NA", "Chloride__mg_l_": "NA", "Zones_Tapped__mbgl_": "271-274, 277-280, 289-292", "Nitrate__mg_l_": "NA", "Fluoride__mg_l_": "NA", "Iron__mg_l_": "NA" }, "geometry": { "type": "Point", "coordinates": [ 75.815694, 30.138 ] } },
{ "type": "Feature", "properties": { "GmlID": "LITHOLOG.5866", "objectid": 5866, "Lithology_Code": "L06741", "CGWB_Well_Serial_No": null, "Temporal_water_level": null, "Year_of_observation": null, "Distance_of_Observation_Well": null, "Basin": "01", "State": "PB", "District": "Sangrur", "Block": "Sherpur", "Location": "I.T.I Sunam-Ii", "Latitude": 30.138, "Longitude": 75.815694, "Well_Type": "04", "Year_of_Drill": "2018", "Depth_of_Drill__m_": 204.0, "Depth_of_Construction__mbgl_": "192", "Depth_of_Bedrock__mbgl_": "NA", "Major_Lithology": "NA", "Static_Water_Level__mbgl_": null, "Discharge__lps_": "null", "Draw_Down__m_": "NA", "Transmissivity__m2_day_": "NA", "Storage_coefficient": "NA", "Specific_Capacity__lpm_m_DD_": "NA", "Electrical_Conductivity__Micro_Seimens__cm_": "NA", "Chloride__mg_l_": "NA", "Zones_Tapped__mbgl_": "172-175, 179-182, 186-189", "Nitrate__mg_l_": "NA", "Fluoride__mg_l_": "NA", "Iron__mg_l_": "NA" }, "geometry": { "type": "Point", "coordinates": [ 75.815694, 30.138 ] } },
{ "type": "Feature", "properties": { "GmlID": "LITHOLOG.5867", "objectid": 5867, "Lithology_Code": "L06742", "CGWB_Well_Serial_No": null, "Temporal_water_level": null, "Year_of_observation": null, "Distance_of_Observation_Well": null, "Basin": "01", "State": "PB", "District": "Sangrur", "Block": "Sherpur", "Location": "I.T.I Sunam-Iii", "Latitude": 30.138, "Longitude": 75.815694, "Well_Type": "04", "Year_of_Drill": "2018", "Depth_of_Drill__m_": 103.0, "Depth_of_Construction__mbgl_": "97", "Depth_of_Bedrock__mbgl_": "NA", "Major_Lithology": "NA", "Static_Water_Level__mbgl_": null, "Discharge__lps_": "null", "Draw_Down__m_": "NA", "Transmissivity__m2_day_": "NA", "Storage_coefficient": "NA", "Specific_Capacity__lpm_m_DD_": "NA", "Electrical_Conductivity__Micro_Seimens__cm_": "NA", "Chloride__mg_l_": "NA", "Zones_Tapped__mbgl_": "88-94", "Nitrate__mg_l_": "NA", "Fluoride__mg_l_": "NA", "Iron__mg_l_": "NA" }, "geometry": { "type": "Point", "coordinates": [ 75.815694, 30.138 ] } },
{ "type": "Feature", "properties": { "GmlID": "LITHOLOG.5868", "objectid": 5868, "Lithology_Code": "L06743", "CGWB_Well_Serial_No": null, "Temporal_water_level": null, "Year_of_observation": null, "Distance_of_Observation_Well": null, "Basin": "01", "State": "PB", "District": "Tarn Taran", "Block": "Bhikhiwind", "Location": "Maarhi Nav Aabad-I", "Latitude": 31.332, "Longitude": 74.6663, "Well_Type": "04", "Year_of_Drill": "2018", "Depth_of_Drill__m_": 305.0, "Depth_of_Construction__mbgl_": "301", "Depth_of_Bedrock__mbgl_": "NA", "Major_Lithology": "Kankar, Fine To Medium Grained Sand, Clay", "Static_Water_Level__mbgl_": 16.0, "Discharge__lps_": "null", "Draw_Down__m_": "NA", "Transmissivity__m2_day_": "NA", "Storage_coefficient": "NA", "Specific_Capacity__lpm_m_DD_": "NA", "Electrical_Conductivity__Micro_Seimens__cm_": "NA", "Chloride__mg_l_": "NA", "Zones_Tapped__mbgl_": "246-248, 260-263, 294-298", "Nitrate__mg_l_": "NA", "Fluoride__mg_l_": "NA", "Iron__mg_l_": "NA" }, "geometry": { "type": "Point", "coordinates": [ 74.6663, 31.332 ] } },
{ "type": "Feature", "properties": { "GmlID": "LITHOLOG.5869", "objectid": 5869, "Lithology_Code": "L06744", "CGWB_Well_Serial_No": null, "Temporal_water_level": null, "Year_of_observation": null, "Distance_of_Observation_Well": null, "Basin": "01", "State": "PB", "District": "Tarn Taran", "Block": "Bhikhiwind", "Location": "Maarhi Nav Aabad-Ii", "Latitude": 31.332, "Longitude": 74.6663, "Well_Type": "04", "Year_of_Drill": "2018", "Depth_of_Drill__m_": 205.0, "Depth_of_Construction__mbgl_": "198", "Depth_of_Bedrock__mbgl_": "NA", "Major_Lithology": "NA", "Static_Water_Level__mbgl_": null, "Discharge__lps_": "null", "Draw_Down__m_": "NA", "Transmissivity__m2_day_": "NA", "Storage_coefficient": "NA", "Specific_Capacity__lpm_m_DD_": "NA", "Electrical_Conductivity__Micro_Seimens__cm_": "NA", "Chloride__mg_l_": "NA", "Zones_Tapped__mbgl_": "167-173, 189-195", "Nitrate__mg_l_": "NA", "Fluoride__mg_l_": "NA", "Iron__mg_l_": "NA" }, "geometry": { "type": "Point", "coordinates": [ 74.6663, 31.332 ] } },
{ "type": "Feature", "properties": { "GmlID": "LITHOLOG.5870", "objectid": 5870, "Lithology_Code": "L06745", "CGWB_Well_Serial_No": null, "Temporal_water_level": null, "Year_of_observation": null, "Distance_of_Observation_Well": null, "Basin": "01", "State": "PB", "District": "Tarn Taran", "Block": "Bhikhiwind", "Location": "Maarhi Nav Aabad-Iii", "Latitude": 31.332, "Longitude": 74.6663, "Well_Type": "04", "Year_of_Drill": "2018", "Depth_of_Drill__m_": 105.0, "Depth_of_Construction__mbgl_": "98", "Depth_of_Bedrock__mbgl_": "NA", "Major_Lithology": "NA", "Static_Water_Level__mbgl_": null, "Discharge__lps_": "null", "Draw_Down__m_": "NA", "Transmissivity__m2_day_": "NA", "Storage_coefficient": "NA", "Specific_Capacity__lpm_m_DD_": "NA", "Electrical_Conductivity__Micro_Seimens__cm_": "NA", "Chloride__mg_l_": "NA", "Zones_Tapped__mbgl_": "77-83, 92-95", "Nitrate__mg_l_": "NA", "Fluoride__mg_l_": "NA", "Iron__mg_l_": "NA" }, "geometry": { "type": "Point", "coordinates": [ 74.6663, 31.332 ] } },
{ "type": "Feature", "properties": { "GmlID": "LITHOLOG.5871", "objectid": 5871, "Lithology_Code": "L06746", "CGWB_Well_Serial_No": null, "Temporal_water_level": null, "Year_of_observation": null, "Distance_of_Observation_Well": null, "Basin": "01", "State": "PB", "District": "Tarn Taran", "Block": "Khadur Sahib", "Location": "Khwaspur-I", "Latitude": 31.392, "Longitude": 75.100461, "Well_Type": "04", "Year_of_Drill": "2018", "Depth_of_Drill__m_": 307.0, "Depth_of_Construction__mbgl_": "297", "Depth_of_Bedrock__mbgl_": "NA", "Major_Lithology": "Fine To Medium Grained Sand", "Static_Water_Level__mbgl_": 21.0, "Discharge__lps_": "null", "Draw_Down__m_": "NA", "Transmissivity__m2_day_": "NA", "Storage_coefficient": "NA", "Specific_Capacity__lpm_m_DD_": "NA", "Electrical_Conductivity__Micro_Seimens__cm_": "NA", "Chloride__mg_l_": "NA", "Zones_Tapped__mbgl_": "274-277, 283-286, 291-294", "Nitrate__mg_l_": "NA", "Fluoride__mg_l_": "NA", "Iron__mg_l_": "NA" }, "geometry": { "type": "Point", "coordinates": [ 75.100461, 31.392 ] } },
{ "type": "Feature", "properties": { "GmlID": "LITHOLOG.5872", "objectid": 5872, "Lithology_Code": "L06747", "CGWB_Well_Serial_No": null, "Temporal_water_level": null, "Year_of_observation": null, "Distance_of_Observation_Well": null, "Basin": "01", "State": "PB", "District": "Tarn Taran", "Block": "Khadur Sahib", "Location": "Khwaspur-Ii", "Latitude": 31.392, "Longitude": 75.100461, "Well_Type": "04", "Year_of_Drill": "2018", "Depth_of_Drill__m_": 204.0, "Depth_of_Construction__mbgl_": "191", "Depth_of_Bedrock__mbgl_": "NA", "Major_Lithology": "NA", "Static_Water_Level__mbgl_": null, "Discharge__lps_": "null", "Draw_Down__m_": "NA", "Transmissivity__m2_day_": "NA", "Storage_coefficient": "NA", "Specific_Capacity__lpm_m_DD_": "NA", "Electrical_Conductivity__Micro_Seimens__cm_": "NA", "Chloride__mg_l_": "NA", "Zones_Tapped__mbgl_": "166-169, 182-188", "Nitrate__mg_l_": "NA", "Fluoride__mg_l_": "NA", "Iron__mg_l_": "NA" }, "geometry": { "type": "Point", "coordinates": [ 75.100461, 31.392 ] } },
{ "type": "Feature", "properties": { "GmlID": "LITHOLOG.5873", "objectid": 5873, "Lithology_Code": "L06748", "CGWB_Well_Serial_No": null, "Temporal_water_level": null, "Year_of_observation": null, "Distance_of_Observation_Well": null, "Basin": "01", "State": "PB", "District": "Tarn Taran", "Block": "Khadur Sahib", "Location": "Khwaspur-Iii", "Latitude": 31.392, "Longitude": 75.100461, "Well_Type": "04", "Year_of_Drill": "2018", "Depth_of_Drill__m_": 105.0, "Depth_of_Construction__mbgl_": "101", "Depth_of_Bedrock__mbgl_": "NA", "Major_Lithology": "NA", "Static_Water_Level__mbgl_": null, "Discharge__lps_": "null", "Draw_Down__m_": "NA", "Transmissivity__m2_day_": "NA", "Storage_coefficient": "NA", "Specific_Capacity__lpm_m_DD_": "NA", "Electrical_Conductivity__Micro_Seimens__cm_": "NA", "Chloride__mg_l_": "NA", "Zones_Tapped__mbgl_": "75-81, 95-98", "Nitrate__mg_l_": "NA", "Fluoride__mg_l_": "NA", "Iron__mg_l_": "NA" }, "geometry": { "type": "Point", "coordinates": [ 75.100461, 31.392 ] } },
{ "type": "Feature", "properties": { "GmlID": "LITHOLOG.5874", "objectid": 5874, "Lithology_Code": "L06749", "CGWB_Well_Serial_No": null, "Temporal_water_level": null, "Year_of_observation": null, "Distance_of_Observation_Well": null, "Basin": "01", "State": "PB", "District": "Tarn Taran", "Block": "Patti", "Location": "Barwala (Pz) 1", "Latitude": 31.225127, "Longitude": 74.805383, "Well_Type": "03", "Year_of_Drill": "2016", "Depth_of_Drill__m_": 202.0, "Depth_of_Construction__mbgl_": "197", "Depth_of_Bedrock__mbgl_": "NA", "Major_Lithology": "Sand, Clay", "Static_Water_Level__mbgl_": null, "Discharge__lps_": "null", "Draw_Down__m_": "NA", "Transmissivity__m2_day_": "NA", "Storage_coefficient": "NA", "Specific_Capacity__lpm_m_DD_": "NA", "Electrical_Conductivity__Micro_Seimens__cm_": "NA", "Chloride__mg_l_": "NA", "Zones_Tapped__mbgl_": "153-156, 191-194", "Nitrate__mg_l_": "NA", "Fluoride__mg_l_": "NA", "Iron__mg_l_": "NA" }, "geometry": { "type": "Point", "coordinates": [ 74.805383, 31.225127 ] } },
{ "type": "Feature", "properties": { "GmlID": "LITHOLOG.5875", "objectid": 5875, "Lithology_Code": "L06750", "CGWB_Well_Serial_No": null, "Temporal_water_level": null, "Year_of_observation": null, "Distance_of_Observation_Well": null, "Basin": "01", "State": "PB", "District": "Tarn Taran", "Block": "Patti", "Location": "Barwala (Pz) 2", "Latitude": 31.225127, "Longitude": 74.805383, "Well_Type": "03", "Year_of_Drill": "2016", "Depth_of_Drill__m_": 100.0, "Depth_of_Construction__mbgl_": "93", "Depth_of_Bedrock__mbgl_": "NA", "Major_Lithology": "Sand, Clay", "Static_Water_Level__mbgl_": null, "Discharge__lps_": "null", "Draw_Down__m_": "NA", "Transmissivity__m2_day_": "NA", "Storage_coefficient": "NA", "Specific_Capacity__lpm_m_DD_": "NA", "Electrical_Conductivity__Micro_Seimens__cm_": "NA", "Chloride__mg_l_": "NA", "Zones_Tapped__mbgl_": "67-70, 87-90", "Nitrate__mg_l_": "NA", "Fluoride__mg_l_": "NA", "Iron__mg_l_": "NA" }, "geometry": { "type": "Point", "coordinates": [ 74.805383, 31.225127 ] } },
{ "type": "Feature", "properties": { "GmlID": "LITHOLOG.5876", "objectid": 5876, "Lithology_Code": "L06751", "CGWB_Well_Serial_No": null, "Temporal_water_level": null, "Year_of_observation": null, "Distance_of_Observation_Well": null, "Basin": "01", "State": "PB", "District": "Tarn Taran", "Block": "Tarn Taran", "Location": "Daburji (Pz) 1", "Latitude": 31.498308, "Longitude": 74.903704, "Well_Type": "03", "Year_of_Drill": "2017", "Depth_of_Drill__m_": 88.0, "Depth_of_Construction__mbgl_": "83", "Depth_of_Bedrock__mbgl_": "NA", "Major_Lithology": "Sand, Clay", "Static_Water_Level__mbgl_": null, "Discharge__lps_": "null", "Draw_Down__m_": "NA", "Transmissivity__m2_day_": "NA", "Storage_coefficient": "NA", "Specific_Capacity__lpm_m_DD_": "NA", "Electrical_Conductivity__Micro_Seimens__cm_": "NA", "Chloride__mg_l_": "NA", "Zones_Tapped__mbgl_": "58-61, 77-80", "Nitrate__mg_l_": "NA", "Fluoride__mg_l_": "NA", "Iron__mg_l_": "NA" }, "geometry": { "type": "Point", "coordinates": [ 74.903704, 31.498308 ] } },
{ "type": "Feature", "properties": { "GmlID": "LITHOLOG.5877", "objectid": 5877, "Lithology_Code": "L06752", "CGWB_Well_Serial_No": null, "Temporal_water_level": null, "Year_of_observation": null, "Distance_of_Observation_Well": null, "Basin": "01", "State": "PB", "District": "Tarn Taran", "Block": "Tarn Taran", "Location": "Daburji (Pz) 2", "Latitude": 31.498308, "Longitude": 74.903704, "Well_Type": "03", "Year_of_Drill": "2017", "Depth_of_Drill__m_": 201.7, "Depth_of_Construction__mbgl_": "183", "Depth_of_Bedrock__mbgl_": "NA", "Major_Lithology": "Sand, Clay", "Static_Water_Level__mbgl_": null, "Discharge__lps_": "null", "Draw_Down__m_": "NA", "Transmissivity__m2_day_": "NA", "Storage_coefficient": "NA", "Specific_Capacity__lpm_m_DD_": "NA", "Electrical_Conductivity__Micro_Seimens__cm_": "NA", "Chloride__mg_l_": "NA", "Zones_Tapped__mbgl_": "150-153, 177-180", "Nitrate__mg_l_": "NA", "Fluoride__mg_l_": "NA", "Iron__mg_l_": "NA" }, "geometry": { "type": "Point", "coordinates": [ 74.903704, 31.498308 ] } }
]
}
