{
"type": "FeatureCollection",
"name": "State Boundary",
"crs": { "type": "name", "properties": { "name": "urn:ogc:def:crs:OGC:1.3:CRS84" } },
"features": [
{ "type": "Feature", "properties": { "GmlID": "State_NWIC.7", "objectid": 7, "State": "CH", "state_code": "04", "st_area_shape_": 111751163.1449728, "st_length_shape_": 61197.068771439997 }, "geometry": { "type": "Polygon", "coordinates": [ [ [ 76.77180279, 30.79497708 ], [ 76.75177064, 30.78426624 ], [ 76.75225568, 30.78032149 ], [ 76.74375465, 30.77608862 ], [ 76.74402306, 30.76973362 ], [ 76.71057711, 30.76096139 ], [ 76.70521152, 30.75600706 ], [ 76.70833018, 30.75026213 ], [ 76.7051633, 30.74297448 ], [ 76.70746902, 30.73954635 ], [ 76.71416525, 30.74097604 ], [ 76.72125116, 30.73002041 ], [ 76.73107471, 30.7234947 ], [ 76.73000894, 30.7068817 ], [ 76.73909805, 30.70578466 ], [ 76.73930201, 30.69296636 ], [ 76.74714731, 30.69555305 ], [ 76.74774624, 30.68759817 ], [ 76.75254056, 30.68460014 ], [ 76.76427177, 30.6860865 ], [ 76.77660605, 30.67040344 ], [ 76.78974168, 30.67566714 ], [ 76.79642794, 30.66765406 ], [ 76.80018203, 30.67020724 ], [ 76.80215582, 30.66673163 ], [ 76.80865968, 30.66742748 ], [ 76.83187425, 30.68328435 ], [ 76.82514535, 30.68830165 ], [ 76.83563108, 30.70371387 ], [ 76.84721822, 30.71233774 ], [ 76.84943507, 30.7183275 ], [ 76.84356212, 30.71926884 ], [ 76.84939206, 30.7234464 ], [ 76.84826776, 30.73038265 ], [ 76.83723503, 30.73349636 ], [ 76.83148933, 30.73956512 ], [ 76.83676944, 30.74265615 ], [ 76.83343651, 30.74648415 ], [ 76.83773263, 30.75456267 ], [ 76.82651497, 30.76351107 ], [ 76.82017321, 30.76106627 ], [ 76.81498274, 30.75308775 ], [ 76.8050957, 30.76523947 ], [ 76.81792046, 30.77125567 ], [ 76.81831066, 30.77815465 ], [ 76.81057165, 30.77981171 ], [ 76.79129518, 30.76751563 ], [ 76.79014618, 30.77084917 ], [ 76.78268322, 30.77079833 ], [ 76.77933632, 30.777997 ], [ 76.78700406, 30.77968219 ], [ 76.78272347, 30.78922746 ], [ 76.77537213, 30.79070086 ], [ 76.77180279, 30.79497708 ] ] ] } },
{ "type": "Feature", "properties": { "GmlID": "State_NWIC.13", "objectid": 13, "State": "HP", "state_code": "02", "st_area_shape_": 54663204632.080109, "st_length_shape_": 1673428.72756453 }, "geometry": { "type": "Polygon", "coordinates": [ [ [ 76.79622708, 33.25529023 ], [ 76.77723664, 33.25271359 ], [ 76.77273853, 33.24949702 ], [ 76.77463152, 33.24121184 ], [ 76.7809327, 33.23717668 ], [ 76.77735877, 33.21957096 ], [ 76.77313818, 33.21766687 ], [ 76.77241721, 33.21215473 ], [ 76.76809921, 33.20997786 ], [ 76.75930929, 33.1945852 ], [ 76.75156945, 33.19070272 ], [ 76.74830181, 33.17935987 ], [ 76.73491866, 33.17764835 ], [ 76.72662491, 33.18243034 ], [ 76.71516636, 33.1814781 ], [ 76.70692009, 33.17420557 ], [ 76.67069645, 33.17197903 ], [ 76.66145259, 33.16451734 ], [ 76.64632541, 33.16229071 ], [ 76.61848735, 33.17435157 ], [ 76.61772031, 33.18756284 ], [ 76.61238144, 33.19113698 ], [ 76.60538202, 33.1904663 ], [ 76.60552403, 33.20381437 ], [ 76.60262147, 33.20625055 ], [ 76.56744142, 33.21026325 ], [ 76.55345218, 33.19901174 ], [ 76.54323229, 33.20073112 ], [ 76.52983815, 33.19660348 ], [ 76.51611842, 33.19651656 ], [ 76.48678204, 33.1794347 ], [ 76.47255945, 33.18299214 ], [ 76.46052631, 33.18004317 ], [ 76.44187872, 33.1809221 ], [ 76.42655178, 33.18831526 ], [ 76.41011326, 33.18647099 ], [ 76.38272915, 33.16603277 ], [ 76.37452451, 33.15416392 ], [ 76.36815575, 33.15391094 ], [ 76.35102136, 33.14437246 ], [ 76.33223351, 33.12808881 ], [ 76.31118789, 33.12038993 ], [ 76.30621967, 33.11312333 ], [ 76.29182572, 33.1031732 ], [ 76.29434561, 33.09949742 ], [ 76.28884142, 33.08713838 ], [ 76.28856032, 33.07761232 ], [ 76.28937549, 33.07267957 ], [ 76.29497781, 33.06869178 ], [ 76.29604641, 33.06058804 ], [ 76.29532603, 33.05753945 ], [ 76.28192092, 33.05181124 ], [ 76.27843683, 33.03779999 ], [ 76.26086632, 33.03482216 ], [ 76.25260049, 33.02955582 ], [ 76.2474568, 33.02155987 ], [ 76.22590716, 33.02370627 ], [ 76.21773352, 33.01738688 ], [ 76.20742953, 33.01667862 ], [ 76.18672534, 33.021278 ], [ 76.1820008, 33.02027508 ], [ 76.1737182, 33.00973831 ], [ 76.16615604, 33.0069968 ], [ 76.14150625, 33.01001155 ], [ 76.11232816, 33.00631419 ], [ 76.10910284, 32.99216504 ], [ 76.11156027, 32.98784305 ], [ 76.09931446, 32.96612625 ], [ 76.08738451, 32.96254759 ], [ 76.08812514, 32.95621732 ], [ 76.07332075, 32.95280799 ], [ 76.06630355, 32.94194043 ], [ 76.04384854, 32.93677883 ], [ 76.03698041, 32.92793419 ], [ 76.03808343, 32.92240064 ], [ 76.03210819, 32.9167375 ], [ 76.01400922, 32.90975705 ], [ 76.0071901, 32.90257159 ], [ 75.98578075, 32.89622018 ], [ 75.98075266, 32.88745694 ], [ 75.95395981, 32.87339032 ], [ 75.93320838, 32.89110854 ], [ 75.92455947, 32.90623366 ], [ 75.908905, 32.91389544 ], [ 75.89384452, 32.9155592 ], [ 75.87804998, 32.92505207 ], [ 75.85617177, 32.92638968 ], [ 75.85005491, 32.92990687 ], [ 75.84237046, 32.92930635 ], [ 75.82429748, 32.90862983 ], [ 75.81848594, 32.89536585 ], [ 75.80135311, 32.88566527 ], [ 75.81134186, 32.87784125 ], [ 75.81570129, 32.86162152 ], [ 75.82147981, 32.8600114 ], [ 75.82349619, 32.85392337 ], [ 75.83119418, 32.85112327 ], [ 75.83446566, 32.84624934 ], [ 75.8449463, 32.84454815 ], [ 75.85073955, 32.83627335 ], [ 75.85674256, 32.83578212 ], [ 75.87026799, 32.82139295 ], [ 75.86947429, 32.8143581 ], [ 75.88382227, 32.81221308 ], [ 75.88883032, 32.80321321 ], [ 75.89074049, 32.7827808 ], [ 75.90090149, 32.77572598 ], [ 75.90246897, 32.77021056 ], [ 75.92605604, 32.74572975 ], [ 75.92212688, 32.72971832 ], [ 75.91044871, 32.71786958 ], [ 75.90114094, 32.69860163 ], [ 75.90377376, 32.69534503 ], [ 75.90074961, 32.68764453 ], [ 75.9023973, 32.67531243 ], [ 75.89526504, 32.66621092 ], [ 75.89573879, 32.65984382 ], [ 75.88934794, 32.65322882 ], [ 75.89661056, 32.64964922 ], [ 75.90907042, 32.65932992 ], [ 75.9185441, 32.65397357 ], [ 75.91841301, 32.64461267 ], [ 75.92685418, 32.64372672 ], [ 75.93653627, 32.64817437 ], [ 75.92906779, 32.63840528 ], [ 75.93047718, 32.63188118 ], [ 75.92706043, 32.63161784 ], [ 75.92417578, 32.63681708 ], [ 75.91860632, 32.63317475 ], [ 75.91552064, 32.62773676 ], [ 75.91823445, 32.62197651 ], [ 75.91591246, 32.61297509 ], [ 75.90916406, 32.60856932 ], [ 75.90201545, 32.59279526 ], [ 75.88213395, 32.58799854 ], [ 75.88085026, 32.57073869 ], [ 75.86953925, 32.56483593 ], [ 75.87629942, 32.55511767 ], [ 75.87614996, 32.55046043 ], [ 75.85778011, 32.53790896 ], [ 75.85707032, 32.52906074 ], [ 75.84131595, 32.52360972 ], [ 75.84136072, 32.51509206 ], [ 75.83332101, 32.51333463 ], [ 75.84380161, 32.50912349 ], [ 75.84905725, 32.49819588 ], [ 75.84722536, 32.49706512 ], [ 75.85759514, 32.48390441 ], [ 75.87485736, 32.47103074 ], [ 75.87664946, 32.47240681 ], [ 75.89094568, 32.4572473 ], [ 75.9017713, 32.45275208 ], [ 75.9079085, 32.43647967 ], [ 75.92061073, 32.42912623 ], [ 75.91761167, 32.41729827 ], [ 75.91922873, 32.41209489 ], [ 75.93649423, 32.39741794 ], [ 75.93286436, 32.39147859 ], [ 75.92948178, 32.39444143 ], [ 75.92295948, 32.39135233 ], [ 75.92171037, 32.39653004 ], [ 75.91611453, 32.39703515 ], [ 75.91142063, 32.39415911 ], [ 75.89377879, 32.39325492 ], [ 75.88718618, 32.39609853 ], [ 75.87349761, 32.39553958 ], [ 75.85654814, 32.38475449 ], [ 75.84739511, 32.37385433 ], [ 75.8441703, 32.35584309 ], [ 75.83474548, 32.35703608 ], [ 75.82703257, 32.35052907 ], [ 75.8112282, 32.34855262 ], [ 75.80791768, 32.3411148 ], [ 75.81516423, 32.33036054 ], [ 75.8031968, 32.32852113 ], [ 75.79781717, 32.32462735 ], [ 75.78151603, 32.30909172 ], [ 75.77057189, 32.28868875 ], [ 75.74482468, 32.27690745 ], [ 75.7133446, 32.27263724 ], [ 75.65710869, 32.25121216 ], [ 75.6385099, 32.25202431 ], [ 75.63296891, 32.24492803 ], [ 75.61781956, 32.23660858 ], [ 75.63664423, 32.23144901 ], [ 75.63879424, 32.2219017 ], [ 75.63730685, 32.2185725 ], [ 75.62650497, 32.21550898 ], [ 75.62423451, 32.19032809 ], [ 75.6371506, 32.18716149 ], [ 75.63735471, 32.19250403 ], [ 75.65349376, 32.19719601 ], [ 75.661908, 32.19304841 ], [ 75.66311376, 32.18970228 ], [ 75.65682264, 32.18287332 ], [ 75.65889797, 32.17740297 ], [ 75.66722262, 32.17760146 ], [ 75.6639012, 32.16238383 ], [ 75.67307953, 32.15876992 ], [ 75.66128726, 32.13687768 ], [ 75.62550361, 32.11820523 ], [ 75.62773148, 32.11690678 ], [ 75.62661688, 32.10693019 ], [ 75.62036768, 32.0978799 ], [ 75.61088369, 32.09316494 ], [ 75.60085916, 32.09310822 ], [ 75.59642808, 32.08614426 ], [ 75.5981945, 32.0823019 ], [ 75.59431705, 32.07906116 ], [ 75.59484394, 32.06987231 ], [ 75.60071881, 32.06910782 ], [ 75.60164506, 32.06585752 ], [ 75.62041771, 32.07259534 ], [ 75.63135845, 32.07448029 ], [ 75.63646501, 32.07144815 ], [ 75.6581066, 32.07772848 ], [ 75.67463843, 32.07056505 ], [ 75.67827517, 32.06336062 ], [ 75.69832654, 32.0580548 ], [ 75.70798799, 32.0495131 ], [ 75.71072113, 32.04146469 ], [ 75.72352908, 32.03303598 ], [ 75.74232583, 32.03941258 ], [ 75.75079691, 32.0377525 ], [ 75.77975304, 32.0047122 ], [ 75.79963356, 31.99381865 ], [ 75.82168713, 31.98398197 ], [ 75.85102204, 31.98221053 ], [ 75.85696115, 31.97386435 ], [ 75.88300434, 31.9689527 ], [ 75.88310078, 31.9656523 ], [ 75.91038581, 31.95017897 ], [ 75.9155338, 31.93107689 ], [ 75.96117697, 31.85489594 ], [ 75.97121155, 31.82852091 ], [ 75.98647279, 31.8179659 ], [ 75.98652107, 31.81227379 ], [ 75.97854291, 31.81303971 ], [ 75.97558672, 31.81878851 ], [ 75.96734806, 31.82384756 ], [ 75.94748182, 31.81305354 ], [ 75.93666883, 31.81545539 ], [ 75.95305412, 31.78963431 ], [ 75.95309641, 31.78332303 ], [ 75.96020001, 31.78116134 ], [ 75.97513615, 31.74379797 ], [ 75.97264452, 31.73872052 ], [ 75.97852079, 31.7334225 ], [ 75.97945629, 31.72608742 ], [ 75.99294818, 31.70346696 ], [ 75.99311855, 31.69690301 ], [ 76.00010006, 31.6876035 ], [ 76.00891396, 31.65341613 ], [ 76.01840646, 31.64885153 ], [ 76.0171876, 31.64524954 ], [ 76.02101997, 31.64072643 ], [ 76.01772157, 31.63218728 ], [ 76.04611063, 31.6033517 ], [ 76.05516598, 31.60565891 ], [ 76.0578712, 31.59555183 ], [ 76.05328241, 31.59303121 ], [ 76.05751128, 31.58864244 ], [ 76.05620205, 31.58517432 ], [ 76.07202947, 31.56964416 ], [ 76.07309267, 31.56345044 ], [ 76.08162829, 31.55199294 ], [ 76.09850557, 31.53646195 ], [ 76.10662032, 31.50977329 ], [ 76.11308671, 31.4999445 ], [ 76.12082991, 31.4976037 ], [ 76.12044348, 31.48792156 ], [ 76.11703155, 31.48307196 ], [ 76.13067763, 31.47109633 ], [ 76.13102298, 31.46359695 ], [ 76.13544461, 31.45893867 ], [ 76.13312635, 31.45194773 ], [ 76.13896901, 31.44875899 ], [ 76.14574638, 31.43394227 ], [ 76.15670754, 31.43054345 ], [ 76.16255843, 31.42127062 ], [ 76.16014358, 31.41476273 ], [ 76.16862163, 31.40971554 ], [ 76.16636889, 31.40579564 ], [ 76.16855759, 31.3963098 ], [ 76.14774302, 31.37962162 ], [ 76.14687196, 31.35904321 ], [ 76.1590958, 31.34367355 ], [ 76.17880425, 31.340536 ], [ 76.18135757, 31.33371709 ], [ 76.17980394, 31.3065974 ], [ 76.19097041, 31.30005204 ], [ 76.21395149, 31.29945875 ], [ 76.23950331, 31.30852063 ], [ 76.25007767, 31.3079042 ], [ 76.26887754, 31.31306679 ], [ 76.27038798, 31.3037196 ], [ 76.27574746, 31.3006478 ], [ 76.3112235, 31.31950645 ], [ 76.32260345, 31.321674 ], [ 76.31307436, 31.32997309 ], [ 76.30757957, 31.34265176 ], [ 76.33130559, 31.34659283 ], [ 76.33409159, 31.34941239 ], [ 76.33770704, 31.34037504 ], [ 76.34395944, 31.34061318 ], [ 76.34720649, 31.34685675 ], [ 76.35444577, 31.34496435 ], [ 76.35305712, 31.3488978 ], [ 76.34706897, 31.34915401 ], [ 76.34610778, 31.35445679 ], [ 76.34242135, 31.35478525 ], [ 76.34172062, 31.37815279 ], [ 76.32965598, 31.3786283 ], [ 76.33114002, 31.40124245 ], [ 76.3422328, 31.40091072 ], [ 76.34278881, 31.39827559 ], [ 76.34334093, 31.40225962 ], [ 76.34672822, 31.40229697 ], [ 76.34849941, 31.39779594 ], [ 76.36779474, 31.40395033 ], [ 76.37230937, 31.40902985 ], [ 76.37281389, 31.42486895 ], [ 76.37026142, 31.42875881 ], [ 76.37516303, 31.43700631 ], [ 76.38995909, 31.41659365 ], [ 76.38800083, 31.40912626 ], [ 76.39674562, 31.40745516 ], [ 76.40331111, 31.39689368 ], [ 76.40378141, 31.39231234 ], [ 76.39836752, 31.3934001 ], [ 76.39266345, 31.38955051 ], [ 76.40409446, 31.37795779 ], [ 76.40794878, 31.36582776 ], [ 76.41850155, 31.35007816 ], [ 76.4240144, 31.34905551 ], [ 76.42660726, 31.34445986 ], [ 76.42513191, 31.33962233 ], [ 76.43174621, 31.32686779 ], [ 76.45462561, 31.31176922 ], [ 76.46381269, 31.30145985 ], [ 76.45855118, 31.29535301 ], [ 76.44097512, 31.28762768 ], [ 76.43968961, 31.2790902 ], [ 76.44276419, 31.27722778 ], [ 76.45929842, 31.28573808 ], [ 76.46343614, 31.29349749 ], [ 76.47951423, 31.30821803 ], [ 76.48610006, 31.30394004 ], [ 76.49206433, 31.29389322 ], [ 76.49159284, 31.28847702 ], [ 76.4972587, 31.2859944 ], [ 76.49520144, 31.28162275 ], [ 76.49733755, 31.27054476 ], [ 76.50388896, 31.2669433 ], [ 76.52132359, 31.28026173 ], [ 76.52741674, 31.27722953 ], [ 76.5304292, 31.27115714 ], [ 76.52378228, 31.25819759 ], [ 76.531407, 31.25644561 ], [ 76.53932741, 31.26110761 ], [ 76.53771476, 31.27060825 ], [ 76.54290868, 31.28247141 ], [ 76.5512694, 31.27882645 ], [ 76.55014694, 31.26988298 ], [ 76.54359896, 31.25895385 ], [ 76.54919021, 31.25281677 ], [ 76.55270486, 31.25515344 ], [ 76.5599772, 31.25281205 ], [ 76.57519527, 31.27032613 ], [ 76.58339226, 31.27614951 ], [ 76.58766502, 31.2742524 ], [ 76.59259782, 31.26506658 ], [ 76.61215822, 31.24788981 ], [ 76.61054645, 31.24409979 ], [ 76.59843079, 31.23964917 ], [ 76.5948302, 31.23469558 ], [ 76.59524567, 31.22675383 ], [ 76.58829177, 31.22171904 ], [ 76.59316159, 31.21172343 ], [ 76.61423638, 31.21793721 ], [ 76.62776363, 31.22655336 ], [ 76.64178497, 31.22273191 ], [ 76.63457143, 31.2178032 ], [ 76.64540619, 31.20911943 ], [ 76.61857775, 31.19352414 ], [ 76.61267913, 31.18351502 ], [ 76.59990023, 31.17718818 ], [ 76.60832806, 31.17747109 ], [ 76.60180724, 31.15339604 ], [ 76.61240289, 31.14822738 ], [ 76.60897327, 31.14303511 ], [ 76.61064233, 31.14070743 ], [ 76.60165151, 31.12860038 ], [ 76.60205486, 31.12388957 ], [ 76.61337882, 31.12226307 ], [ 76.61698217, 31.11617639 ], [ 76.63608159, 31.11637406 ], [ 76.6385763, 31.10799841 ], [ 76.63780757, 31.10375062 ], [ 76.62573198, 31.09148583 ], [ 76.62317639, 31.07972002 ], [ 76.61805458, 31.0782151 ], [ 76.62244629, 31.0549077 ], [ 76.61097435, 31.04588575 ], [ 76.61701537, 31.02986116 ], [ 76.6290543, 31.0235041 ], [ 76.62673349, 31.02210169 ], [ 76.62485906, 30.99878039 ], [ 76.63381277, 30.99593462 ], [ 76.63803362, 30.99029674 ], [ 76.66576341, 30.98075548 ], [ 76.67290165, 30.97419274 ], [ 76.67322861, 30.9688326 ], [ 76.70960644, 30.9697732 ], [ 76.71697714, 30.95978408 ], [ 76.72215259, 30.96115265 ], [ 76.7337391, 30.9493252 ], [ 76.73718799, 30.94952642 ], [ 76.73995229, 30.93550172 ], [ 76.74977827, 30.92746945 ], [ 76.75695442, 30.92766543 ], [ 76.76007711, 30.92271298 ], [ 76.76614661, 30.92079284 ], [ 76.77236272, 30.9064104 ], [ 76.79814841, 30.9152909 ], [ 76.82297882, 30.92829819 ], [ 76.82926928, 30.91669589 ], [ 76.82649781, 30.9131104 ], [ 76.84102824, 30.89171314 ], [ 76.85107451, 30.89000608 ], [ 76.86956668, 30.87317707 ], [ 76.87836115, 30.87579732 ], [ 76.87593511, 30.88095677 ], [ 76.89530707, 30.88705721 ], [ 76.8949391, 30.89047109 ], [ 76.90860492, 30.89421145 ], [ 76.9168603, 30.90082056 ], [ 76.91479058, 30.89163898 ], [ 76.91740167, 30.88351576 ], [ 76.92837593, 30.87147917 ], [ 76.93628529, 30.87464771 ], [ 76.94418921, 30.85511287 ], [ 76.9512389, 30.85057749 ], [ 76.94398458, 30.83771025 ], [ 76.9489396, 30.82448873 ], [ 76.94262697, 30.81748377 ], [ 76.94593029, 30.81846962 ], [ 76.95055639, 30.81376305 ], [ 76.95864978, 30.82508263 ], [ 76.96146895, 30.82058428 ], [ 76.96474894, 30.82570541 ], [ 76.9683494, 30.82544573 ], [ 76.98123993, 30.81432321 ], [ 76.99852728, 30.81185886 ], [ 77.00249028, 30.80638986 ], [ 77.01224561, 30.80989806 ], [ 77.01502878, 30.79278442 ], [ 77.01299392, 30.78872561 ], [ 77.01803565, 30.78636201 ], [ 77.01857944, 30.78007816 ], [ 77.00111972, 30.77003933 ], [ 77.01860599, 30.76531248 ], [ 77.01629888, 30.75021557 ], [ 77.02067808, 30.75197799 ], [ 77.02392536, 30.74696223 ], [ 77.02053166, 30.7400533 ], [ 77.02975679, 30.73368814 ], [ 77.04783872, 30.73802461 ], [ 77.04375339, 30.74630234 ], [ 77.04703638, 30.74804882 ], [ 77.0505189, 30.74569869 ], [ 77.04935845, 30.74932133 ], [ 77.05741645, 30.7420103 ], [ 77.06432, 30.74225593 ], [ 77.06960853, 30.73767398 ], [ 77.07931055, 30.74063439 ], [ 77.09578952, 30.73874723 ], [ 77.11403006, 30.72811511 ], [ 77.11385118, 30.71807588 ], [ 77.12430686, 30.72184434 ], [ 77.128836, 30.71080322 ], [ 77.13759867, 30.70623902 ], [ 77.14227849, 30.69951401 ], [ 77.14786558, 30.69952128 ], [ 77.15482202, 30.69265334 ], [ 77.16120698, 30.69098137 ], [ 77.16718596, 30.68395614 ], [ 77.16088132, 30.68025682 ], [ 77.16881535, 30.66978332 ], [ 77.16344077, 30.65091559 ], [ 77.16748973, 30.64245404 ], [ 77.17690529, 30.63702492 ], [ 77.17134971, 30.62770544 ], [ 77.17246956, 30.60937044 ], [ 77.16948059, 30.60498711 ], [ 77.17231468, 30.6013095 ], [ 77.16308264, 30.5953057 ], [ 77.16434156, 30.5926121 ], [ 77.15836231, 30.58996088 ], [ 77.15946443, 30.58729809 ], [ 77.1521142, 30.58447188 ], [ 77.14750771, 30.57827059 ], [ 77.13969041, 30.5794238 ], [ 77.13814768, 30.57083963 ], [ 77.12293191, 30.5628674 ], [ 77.13532011, 30.54545425 ], [ 77.14471664, 30.53907808 ], [ 77.16896734, 30.53608389 ], [ 77.19514797, 30.5231529 ], [ 77.2068187, 30.50581665 ], [ 77.20945103, 30.48901054 ], [ 77.20777771, 30.47442075 ], [ 77.21073444, 30.46477622 ], [ 77.22648003, 30.4804531 ], [ 77.24345591, 30.47563063 ], [ 77.26891575, 30.48133059 ], [ 77.27647654, 30.4748236 ], [ 77.27685356, 30.46423034 ], [ 77.29053265, 30.46290035 ], [ 77.29555675, 30.46657535 ], [ 77.29890434, 30.46046395 ], [ 77.30579487, 30.45704345 ], [ 77.30543813, 30.45354033 ], [ 77.32049668, 30.44888356 ], [ 77.32085422, 30.44583178 ], [ 77.33387573, 30.4552479 ], [ 77.35423387, 30.45820872 ], [ 77.36375452, 30.44125991 ], [ 77.36429236, 30.43272857 ], [ 77.36741145, 30.4402624 ], [ 77.38713967, 30.44004731 ], [ 77.38996291, 30.43953487 ], [ 77.3908395, 30.43002504 ], [ 77.40728104, 30.42716305 ], [ 77.39789481, 30.41619947 ], [ 77.40472286, 30.40864465 ], [ 77.40846387, 30.40879658 ], [ 77.40840589, 30.41418325 ], [ 77.41386532, 30.41697296 ], [ 77.41611127, 30.42392554 ], [ 77.43412431, 30.4311014 ], [ 77.44927556, 30.44612324 ], [ 77.45367131, 30.45608942 ], [ 77.45647965, 30.45566247 ], [ 77.46345133, 30.44781765 ], [ 77.45882732, 30.44186993 ], [ 77.45884931, 30.43285468 ], [ 77.45156838, 30.43201634 ], [ 77.44286787, 30.41741133 ], [ 77.43196538, 30.41580829 ], [ 77.4286796, 30.41063796 ], [ 77.42232269, 30.40972687 ], [ 77.42141967, 30.40325555 ], [ 77.43651348, 30.40320728 ], [ 77.44324006, 30.39539636 ], [ 77.45202192, 30.40004609 ], [ 77.46946817, 30.39991523 ], [ 77.48930612, 30.41056108 ], [ 77.49462, 30.40479583 ], [ 77.50248489, 30.40466844 ], [ 77.50541035, 30.40913994 ], [ 77.50651042, 30.42753806 ], [ 77.51850026, 30.44334207 ], [ 77.52320247, 30.44353104 ], [ 77.52932854, 30.4366359 ], [ 77.53232436, 30.42052148 ], [ 77.55172601, 30.3990049 ], [ 77.550554, 30.39504398 ], [ 77.58103369, 30.37769463 ], [ 77.58558799, 30.3795572 ], [ 77.58469494, 30.38533918 ], [ 77.57511055, 30.39926399 ], [ 77.57230921, 30.41050207 ], [ 77.58618285, 30.42163522 ], [ 77.59612056, 30.42734009 ], [ 77.62267293, 30.43471472 ], [ 77.63190955, 30.43129932 ], [ 77.64506527, 30.43260188 ], [ 77.6523676, 30.44810231 ], [ 77.67076476, 30.44424446 ], [ 77.69024063, 30.44807227 ], [ 77.72097388, 30.47305668 ], [ 77.73939848, 30.47606734 ], [ 77.78306715, 30.50063076 ], [ 77.79985893, 30.50111505 ], [ 77.81728553, 30.50633462 ], [ 77.82021464, 30.52504103 ], [ 77.82681297, 30.52780447 ], [ 77.82766805, 30.53279151 ], [ 77.81993962, 30.54687539 ], [ 77.82256898, 30.55373042 ], [ 77.81779705, 30.56111251 ], [ 77.80636877, 30.55454613 ], [ 77.79963848, 30.55771309 ], [ 77.79410228, 30.55324929 ], [ 77.78352785, 30.55989172 ], [ 77.77402367, 30.55789429 ], [ 77.75654318, 30.58574251 ], [ 77.74314952, 30.5931599 ], [ 77.74678935, 30.597516 ], [ 77.74330969, 30.60139918 ], [ 77.74609387, 30.60394667 ], [ 77.75189237, 30.60183115 ], [ 77.75563068, 30.604744 ], [ 77.7643498, 30.59597463 ], [ 77.77166853, 30.5969548 ], [ 77.76893317, 30.61456917 ], [ 77.7711057, 30.61642904 ], [ 77.78024525, 30.61289108 ], [ 77.79625552, 30.61379916 ], [ 77.79254463, 30.62096793 ], [ 77.78613042, 30.62449023 ], [ 77.78604904, 30.6299884 ], [ 77.79055642, 30.63415618 ], [ 77.78124473, 30.64659133 ], [ 77.79252322, 30.65874 ], [ 77.78959815, 30.66223434 ], [ 77.78127623, 30.65998654 ], [ 77.77250534, 30.66914868 ], [ 77.74740216, 30.6799041 ], [ 77.74693015, 30.69448728 ], [ 77.75257336, 30.69670059 ], [ 77.75039252, 30.70016785 ], [ 77.75582256, 30.70695285 ], [ 77.74566555, 30.7138732 ], [ 77.74656981, 30.71986024 ], [ 77.73652806, 30.7243079 ], [ 77.7372956, 30.7303911 ], [ 77.73356366, 30.73507496 ], [ 77.72835174, 30.73419862 ], [ 77.72152072, 30.74165095 ], [ 77.70878735, 30.73977298 ], [ 77.70504482, 30.74280143 ], [ 77.70265674, 30.74685972 ], [ 77.70895395, 30.75254159 ], [ 77.70377105, 30.76517523 ], [ 77.72135924, 30.77584685 ], [ 77.73186818, 30.79192321 ], [ 77.73293506, 30.80112941 ], [ 77.74559609, 30.81319771 ], [ 77.74846131, 30.8217779 ], [ 77.76127706, 30.82622909 ], [ 77.75768294, 30.83516626 ], [ 77.74402889, 30.84695525 ], [ 77.75718825, 30.86003805 ], [ 77.75821933, 30.87685266 ], [ 77.76320197, 30.88045555 ], [ 77.77340237, 30.87759532 ], [ 77.77922332, 30.8604243 ], [ 77.80553328, 30.85330517 ], [ 77.80360107, 30.86498523 ], [ 77.79885044, 30.86809922 ], [ 77.80137692, 30.89337862 ], [ 77.81527704, 30.90443675 ], [ 77.81589051, 30.91029227 ], [ 77.81093049, 30.91668815 ], [ 77.81329444, 30.92192358 ], [ 77.79183447, 30.92178756 ], [ 77.78264853, 30.91678944 ], [ 77.76279172, 30.9182361 ], [ 77.76393769, 30.93050425 ], [ 77.75273563, 30.93386074 ], [ 77.74900149, 30.95353546 ], [ 77.75408923, 30.96453243 ], [ 77.77237931, 30.97440381 ], [ 77.79366002, 30.968808 ], [ 77.81397583, 30.95388728 ], [ 77.82435429, 30.95055364 ], [ 77.83758954, 30.95322768 ], [ 77.8321833, 30.95964522 ], [ 77.82418096, 30.95716433 ], [ 77.81442376, 30.96177944 ], [ 77.81629157, 30.97283913 ], [ 77.82405869, 30.9805297 ], [ 77.82416878, 30.98847754 ], [ 77.83181327, 30.99404919 ], [ 77.82198689, 31.00434986 ], [ 77.82500073, 31.00985457 ], [ 77.8099212, 31.0111093 ], [ 77.80750604, 31.01626909 ], [ 77.80699984, 31.02682288 ], [ 77.81144846, 31.03168865 ], [ 77.81746029, 31.03309125 ], [ 77.82981796, 31.02881538 ], [ 77.82161237, 31.04676966 ], [ 77.81603168, 31.05003822 ], [ 77.81679009, 31.05674595 ], [ 77.81151583, 31.05904389 ], [ 77.82296938, 31.05861254 ], [ 77.82210978, 31.0552186 ], [ 77.82435863, 31.05550248 ], [ 77.83805455, 31.07270542 ], [ 77.85123114, 31.07342289 ], [ 77.86376929, 31.09414535 ], [ 77.86048872, 31.10173793 ], [ 77.86375503, 31.1084535 ], [ 77.8732304, 31.11502292 ], [ 77.88051755, 31.11484936 ], [ 77.88914436, 31.11958002 ], [ 77.88904246, 31.13304259 ], [ 77.89401054, 31.13402092 ], [ 77.90044505, 31.1422611 ], [ 77.89873199, 31.15028784 ], [ 77.90130726, 31.15188154 ], [ 77.91580776, 31.1539426 ], [ 77.92478931, 31.15048989 ], [ 77.94316018, 31.16131514 ], [ 77.95148381, 31.16136853 ], [ 77.95890014, 31.17097815 ], [ 77.96731984, 31.1734237 ], [ 77.98464356, 31.15708727 ], [ 78.00146791, 31.16190658 ], [ 78.01444896, 31.15783831 ], [ 78.02055423, 31.1516566 ], [ 78.03033885, 31.1510247 ], [ 78.02970775, 31.16416387 ], [ 78.04093229, 31.17290146 ], [ 78.04263752, 31.17856118 ], [ 78.06595311, 31.18722392 ], [ 78.10361894, 31.18543751 ], [ 78.12347618, 31.20020704 ], [ 78.12860094, 31.20083307 ], [ 78.13338054, 31.20839034 ], [ 78.1476775, 31.21064882 ], [ 78.15361306, 31.21827353 ], [ 78.15809586, 31.21896229 ], [ 78.16022432, 31.22553506 ], [ 78.18702444, 31.2271102 ], [ 78.1994778, 31.21726258 ], [ 78.21244115, 31.21962678 ], [ 78.22032247, 31.23400001 ], [ 78.24695146, 31.23046479 ], [ 78.25070549, 31.23336672 ], [ 78.24950376, 31.24010058 ], [ 78.26047185, 31.2398086 ], [ 78.27597511, 31.26147108 ], [ 78.28286582, 31.26626878 ], [ 78.29188191, 31.26000382 ], [ 78.3063265, 31.25995107 ], [ 78.31105838, 31.28316755 ], [ 78.31803054, 31.27897962 ], [ 78.33186591, 31.27766954 ], [ 78.33990511, 31.28272526 ], [ 78.35196929, 31.28066057 ], [ 78.3703154, 31.2863925 ], [ 78.38354051, 31.28253394 ], [ 78.38629723, 31.27149052 ], [ 78.39636062, 31.27506902 ], [ 78.39771486, 31.26627631 ], [ 78.40716707, 31.25626947 ], [ 78.40282944, 31.24794771 ], [ 78.40695165, 31.24224568 ], [ 78.41405307, 31.23965479 ], [ 78.42587874, 31.24430368 ], [ 78.43425159, 31.25464004 ], [ 78.44359262, 31.2444053 ], [ 78.45573838, 31.24105543 ], [ 78.47285728, 31.21850423 ], [ 78.47979919, 31.2138376 ], [ 78.48375294, 31.19899468 ], [ 78.50756482, 31.19592835 ], [ 78.5515788, 31.19997255 ], [ 78.5680736, 31.21920545 ], [ 78.57824263, 31.2253168 ], [ 78.59676594, 31.22518033 ], [ 78.60934445, 31.22931784 ], [ 78.62247773, 31.22416236 ], [ 78.62596891, 31.21792464 ], [ 78.64704172, 31.21477529 ], [ 78.64907606, 31.20222793 ], [ 78.65997368, 31.19121029 ], [ 78.65791477, 31.18517011 ], [ 78.67190418, 31.19693779 ], [ 78.68676937, 31.1978204 ], [ 78.70336719, 31.18905997 ], [ 78.76517962, 31.18581341 ], [ 78.80991689, 31.19834217 ], [ 78.81640656, 31.19442802 ], [ 78.8173859, 31.18966656 ], [ 78.81047173, 31.18031823 ], [ 78.81072724, 31.17192842 ], [ 78.82486221, 31.1635138 ], [ 78.82296174, 31.1577979 ], [ 78.83120933, 31.14065293 ], [ 78.83844182, 31.13806482 ], [ 78.84147225, 31.12976813 ], [ 78.8480108, 31.12517009 ], [ 78.86524776, 31.12006457 ], [ 78.87289054, 31.10891642 ], [ 78.88543854, 31.09877933 ], [ 78.90868743, 31.09898722 ], [ 78.91275482, 31.10771031 ], [ 78.92057306, 31.1107798 ], [ 78.9259311, 31.1094931 ], [ 78.93223561, 31.10073911 ], [ 78.95073507, 31.09803851 ], [ 78.96307946, 31.10123691 ], [ 78.9729965, 31.10813814 ], [ 78.99004633, 31.10857903 ], [ 79.0021617, 31.11247799 ], [ 79.00892181, 31.10998098 ], [ 78.99962802, 31.13470171 ], [ 78.9908443, 31.13806517 ], [ 78.98758647, 31.14334501 ], [ 78.99082812, 31.14822903 ], [ 78.98822022, 31.15427075 ], [ 78.99050276, 31.16125049 ], [ 78.9859133, 31.17388942 ], [ 78.95753594, 31.18665177 ], [ 78.95831734, 31.19042515 ], [ 78.94807799, 31.19850156 ], [ 78.94387234, 31.20659136 ], [ 78.94868638, 31.21336832 ], [ 78.94772944, 31.21683251 ], [ 78.92904519, 31.21703019 ], [ 78.92205972, 31.22536921 ], [ 78.91617236, 31.24854341 ], [ 78.88545151, 31.26940078 ], [ 78.88151753, 31.28544874 ], [ 78.89184199, 31.28852006 ], [ 78.85464742, 31.32345772 ], [ 78.86380671, 31.3464145 ], [ 78.85876762, 31.36637392 ], [ 78.84793204, 31.3792036 ], [ 78.83624479, 31.38489378 ], [ 78.79205761, 31.39552598 ], [ 78.8109332, 31.40916777 ], [ 78.81658575, 31.41928138 ], [ 78.81809894, 31.44036328 ], [ 78.81277827, 31.44973743 ], [ 78.77357379, 31.47393993 ], [ 78.76663397, 31.48642209 ], [ 78.75737239, 31.48765011 ], [ 78.74314948, 31.48039799 ], [ 78.73622461, 31.48060562 ], [ 78.73428419, 31.48498399 ], [ 78.7352248, 31.49296332 ], [ 78.72838662, 31.51476748 ], [ 78.73595317, 31.52853744 ], [ 78.74704822, 31.53860755 ], [ 78.76980908, 31.54257375 ], [ 78.79071703, 31.5610383 ], [ 78.80295198, 31.56302807 ], [ 78.81891366, 31.57224486 ], [ 78.85334151, 31.60742641 ], [ 78.85199057, 31.61687919 ], [ 78.83994243, 31.62811471 ], [ 78.80699233, 31.64710918 ], [ 78.80033528, 31.657871 ], [ 78.79821945, 31.68181489 ], [ 78.77581409, 31.67697132 ], [ 78.76270403, 31.6793803 ], [ 78.75401918, 31.68564766 ], [ 78.74485287, 31.70044123 ], [ 78.74134147, 31.72110938 ], [ 78.72839171, 31.74174344 ], [ 78.73326637, 31.74938376 ], [ 78.74069358, 31.75340944 ], [ 78.74119037, 31.75760919 ], [ 78.72015769, 31.76451487 ], [ 78.70985363, 31.78661514 ], [ 78.70991467, 31.79976174 ], [ 78.71429908, 31.80744516 ], [ 78.73202339, 31.82288839 ], [ 78.7402075, 31.83745603 ], [ 78.74584005, 31.85563777 ], [ 78.74512112, 31.87054923 ], [ 78.75276959, 31.88473856 ], [ 78.75013792, 31.90448222 ], [ 78.77069853, 31.92264737 ], [ 78.77815558, 31.9351553 ], [ 78.78855244, 31.99323155 ], [ 78.7855531, 31.9973096 ], [ 78.758105, 32.00095341 ], [ 78.71890522, 32.035724 ], [ 78.69619428, 32.06270393 ], [ 78.68342569, 32.07270679 ], [ 78.66592624, 32.10177887 ], [ 78.65660321, 32.11148387 ], [ 78.62121941, 32.11152904 ], [ 78.61766581, 32.115225 ], [ 78.61139323, 32.14248371 ], [ 78.59978981, 32.14983203 ], [ 78.59623237, 32.15776958 ], [ 78.61375779, 32.17537161 ], [ 78.6146913, 32.20880527 ], [ 78.60841496, 32.21909494 ], [ 78.58795244, 32.23610088 ], [ 78.55947839, 32.24868918 ], [ 78.49628068, 32.23746642 ], [ 78.46083985, 32.24170849 ], [ 78.47997071, 32.26894964 ], [ 78.48341139, 32.28138616 ], [ 78.48478779, 32.34913627 ], [ 78.51478948, 32.37503964 ], [ 78.53341173, 32.41037798 ], [ 78.53350546, 32.41546018 ], [ 78.52280215, 32.42229788 ], [ 78.50299794, 32.41971773 ], [ 78.49576496, 32.42202041 ], [ 78.4897536, 32.43482426 ], [ 78.4655492, 32.45466181 ], [ 78.46002691, 32.46742282 ], [ 78.46724185, 32.47784842 ], [ 78.46124809, 32.50379702 ], [ 78.44299498, 32.51040764 ], [ 78.42862704, 32.50736169 ], [ 78.40726791, 32.52610032 ], [ 78.39794747, 32.52483962 ], [ 78.39272971, 32.51456572 ], [ 78.38456772, 32.5127304 ], [ 78.36333101, 32.49955483 ], [ 78.36579202, 32.49386111 ], [ 78.36438414, 32.48477034 ], [ 78.34797941, 32.4775752 ], [ 78.35138491, 32.47000026 ], [ 78.34724345, 32.46443261 ], [ 78.32673775, 32.46511543 ], [ 78.32400134, 32.45986174 ], [ 78.32675744, 32.45410472 ], [ 78.33278838, 32.45076643 ], [ 78.32746109, 32.44346509 ], [ 78.30967624, 32.44648865 ], [ 78.29851974, 32.45556907 ], [ 78.29619086, 32.46243779 ], [ 78.28569186, 32.46308846 ], [ 78.28307095, 32.46864371 ], [ 78.28957892, 32.47542266 ], [ 78.28405044, 32.48251228 ], [ 78.2909424, 32.49004136 ], [ 78.29077517, 32.49908591 ], [ 78.30461714, 32.51286511 ], [ 78.30320152, 32.51804695 ], [ 78.30720365, 32.52514677 ], [ 78.30560647, 32.53762003 ], [ 78.31390417, 32.54938672 ], [ 78.31091165, 32.55110059 ], [ 78.31285598, 32.57367616 ], [ 78.3420345, 32.57900201 ], [ 78.34842679, 32.58834539 ], [ 78.35800998, 32.58988125 ], [ 78.37719473, 32.60134321 ], [ 78.3820044, 32.60837865 ], [ 78.38794477, 32.6097296 ], [ 78.3891228, 32.61461856 ], [ 78.40058844, 32.61681739 ], [ 78.4035118, 32.62020777 ], [ 78.39227658, 32.62577094 ], [ 78.37962119, 32.6539666 ], [ 78.38211473, 32.65717411 ], [ 78.38015277, 32.68176261 ], [ 78.3912285, 32.70953026 ], [ 78.38636277, 32.71208468 ], [ 78.38240001, 32.72830461 ], [ 78.38740507, 32.74023799 ], [ 78.38393853, 32.74931696 ], [ 78.38698383, 32.75684665 ], [ 78.36395295, 32.75341643 ], [ 78.35646975, 32.75747054 ], [ 78.3089911, 32.73620684 ], [ 78.30527, 32.73330004 ], [ 78.31463551, 32.72115452 ], [ 78.31223359, 32.70912872 ], [ 78.29162964, 32.69999513 ], [ 78.27556173, 32.69925994 ], [ 78.25302523, 32.69101766 ], [ 78.24548857, 32.67138495 ], [ 78.21800573, 32.66153694 ], [ 78.21135934, 32.66367915 ], [ 78.20031326, 32.66021959 ], [ 78.18686793, 32.67359518 ], [ 78.16890803, 32.67542124 ], [ 78.15236544, 32.66672592 ], [ 78.13779234, 32.63872875 ], [ 78.13244858, 32.63880528 ], [ 78.1155841, 32.65640104 ], [ 78.10969575, 32.65857964 ], [ 78.09317517, 32.64630982 ], [ 78.09893406, 32.63605917 ], [ 78.098595, 32.62996426 ], [ 78.0845128, 32.62485424 ], [ 78.08155438, 32.62069918 ], [ 78.0603305, 32.62526711 ], [ 78.05013151, 32.6320709 ], [ 78.05063286, 32.61208493 ], [ 78.0576603, 32.60172068 ], [ 78.05778605, 32.59564884 ], [ 78.05194414, 32.58836143 ], [ 78.03357687, 32.58344928 ], [ 77.99867937, 32.58296967 ], [ 77.97043401, 32.62247744 ], [ 77.968861, 32.63693598 ], [ 77.95514372, 32.6445863 ], [ 77.94339464, 32.65919568 ], [ 77.93649533, 32.67612272 ], [ 77.91835059, 32.6899442 ], [ 77.92457492, 32.71661624 ], [ 77.93337187, 32.72632064 ], [ 77.92599724, 32.73472427 ], [ 77.93005148, 32.73707153 ], [ 77.93256332, 32.760677 ], [ 77.92538008, 32.76884 ], [ 77.91596313, 32.77206226 ], [ 77.89734445, 32.77216936 ], [ 77.88345358, 32.78707864 ], [ 77.88549313, 32.79716827 ], [ 77.87779014, 32.81299019 ], [ 77.8641437, 32.82526879 ], [ 77.841643, 32.83676378 ], [ 77.82474614, 32.83293279 ], [ 77.81556031, 32.84277085 ], [ 77.7842864, 32.85544637 ], [ 77.77799961, 32.86181338 ], [ 77.78365726, 32.8820303 ], [ 77.78912053, 32.88974812 ], [ 77.80457261, 32.89336601 ], [ 77.80838051, 32.89754998 ], [ 77.80683464, 32.90243029 ], [ 77.77626801, 32.92447676 ], [ 77.76153559, 32.94297789 ], [ 77.75316797, 32.94499102 ], [ 77.73991338, 32.96151547 ], [ 77.72926625, 32.9689777 ], [ 77.72044852, 32.96329926 ], [ 77.71179216, 32.97501526 ], [ 77.69626007, 32.97500628 ], [ 77.68765212, 32.98351543 ], [ 77.68199132, 32.98327809 ], [ 77.68169842, 32.97378224 ], [ 77.67001695, 32.95662294 ], [ 77.65520801, 32.95338672 ], [ 77.64005181, 32.94177879 ], [ 77.62961654, 32.93866088 ], [ 77.60197347, 32.93884735 ], [ 77.59418915, 32.92500542 ], [ 77.57708609, 32.91349353 ], [ 77.56171346, 32.9091689 ], [ 77.53833705, 32.88514427 ], [ 77.51251223, 32.87647121 ], [ 77.50104736, 32.88386788 ], [ 77.46849953, 32.85764416 ], [ 77.45216052, 32.86312782 ], [ 77.4449247, 32.87893841 ], [ 77.42741521, 32.87483897 ], [ 77.41392873, 32.88312688 ], [ 77.40735691, 32.88317185 ], [ 77.39601645, 32.87635626 ], [ 77.38791942, 32.86275483 ], [ 77.37522062, 32.85500755 ], [ 77.3799055, 32.84270729 ], [ 77.37328295, 32.82264202 ], [ 77.35241932, 32.81494709 ], [ 77.33888174, 32.81597034 ], [ 77.33607307, 32.82429736 ], [ 77.32723929, 32.83051332 ], [ 77.32551557, 32.83462476 ], [ 77.3288749, 32.84199933 ], [ 77.32226485, 32.85060594 ], [ 77.30111001, 32.84903048 ], [ 77.27422013, 32.87302625 ], [ 77.26292325, 32.86327188 ], [ 77.25443637, 32.86308933 ], [ 77.25143895, 32.8705905 ], [ 77.24450335, 32.87184628 ], [ 77.23786637, 32.87932138 ], [ 77.24330107, 32.89122694 ], [ 77.23396065, 32.89357188 ], [ 77.21945482, 32.90321925 ], [ 77.20357, 32.90548768 ], [ 77.19383256, 32.91546197 ], [ 77.19321304, 32.9225702 ], [ 77.18834702, 32.92787249 ], [ 77.17884776, 32.92225517 ], [ 77.17084298, 32.90981862 ], [ 77.1563375, 32.91062542 ], [ 77.16430326, 32.91738239 ], [ 77.16212164, 32.93085651 ], [ 77.16497686, 32.93529158 ], [ 77.15988514, 32.93747792 ], [ 77.16157818, 32.95180294 ], [ 77.14923168, 32.95520324 ], [ 77.14781369, 32.9646815 ], [ 77.15100362, 32.97725848 ], [ 77.11654658, 32.98376333 ], [ 77.11126756, 32.97425636 ], [ 77.09737412, 32.97065507 ], [ 77.08708118, 32.9715504 ], [ 77.08239244, 32.9744193 ], [ 77.0807575, 32.98213407 ], [ 77.0717011, 32.98361965 ], [ 77.04801693, 32.99775178 ], [ 77.03949336, 32.99674658 ], [ 77.03212409, 32.98887444 ], [ 77.01015592, 32.98787337 ], [ 76.99304685, 33.00099941 ], [ 76.97207898, 32.99952301 ], [ 76.96136118, 33.00837726 ], [ 76.96046431, 33.01453019 ], [ 76.95149243, 33.01738561 ], [ 76.94179889, 33.02752382 ], [ 76.93383377, 33.02738258 ], [ 76.92954588, 33.03088709 ], [ 76.92635086, 33.04662848 ], [ 76.9151756, 33.06258713 ], [ 76.91232174, 33.07441497 ], [ 76.9061866, 33.07868597 ], [ 76.91031393, 33.0929753 ], [ 76.89875245, 33.09783885 ], [ 76.88999827, 33.11637348 ], [ 76.88621968, 33.12051878 ], [ 76.87160671, 33.11251363 ], [ 76.85625055, 33.11359164 ], [ 76.85038405, 33.11962157 ], [ 76.85333344, 33.12581877 ], [ 76.84416117, 33.12951888 ], [ 76.84514206, 33.13693029 ], [ 76.83126407, 33.14200357 ], [ 76.83086988, 33.14573302 ], [ 76.81926759, 33.15626531 ], [ 76.81867237, 33.16589057 ], [ 76.81421232, 33.17105332 ], [ 76.8148876, 33.17638468 ], [ 76.82367131, 33.18267668 ], [ 76.81875946, 33.19323333 ], [ 76.835806, 33.20391151 ], [ 76.83314242, 33.21136909 ], [ 76.82697439, 33.21473409 ], [ 76.83321691, 33.22812447 ], [ 76.84600829, 33.2412202 ], [ 76.84457101, 33.24568919 ], [ 76.83216258, 33.24813933 ], [ 76.82152122, 33.2348693 ], [ 76.80829713, 33.24396316 ], [ 76.80342289, 33.25330249 ], [ 76.79622708, 33.25529023 ] ] ] } },
{ "type": "Feature", "properties": { "GmlID": "State_NWIC.14", "objectid": 14, "State": "HR", "state_code": "06", "st_area_shape_": 42853052547.840538, "st_length_shape_": 2527174.9905137699 }, "geometry": { "type": "MultiPolygon", "coordinates": [ [ [ [ 76.84245622, 30.89061756 ], [ 76.82649781, 30.9131104 ], [ 76.82926928, 30.91669589 ], [ 76.82239121, 30.92859808 ], [ 76.77611996, 30.90591524 ], [ 76.78438066, 30.87791216 ], [ 76.79046251, 30.86984466 ], [ 76.80106309, 30.86618022 ], [ 76.81469553, 30.85249952 ], [ 76.81402573, 30.8431556 ], [ 76.82315723, 30.84453737 ], [ 76.82984004, 30.83912923 ], [ 76.84672381, 30.83396083 ], [ 76.8488615, 30.8141986 ], [ 76.8453521, 30.80724798 ], [ 76.85700213, 30.79479984 ], [ 76.8507817, 30.7912294 ], [ 76.85439339, 30.78731269 ], [ 76.84180503, 30.7745136 ], [ 76.83961498, 30.75697133 ], [ 76.83382937, 30.74988028 ], [ 76.83473585, 30.74222258 ], [ 76.83676944, 30.74265615 ], [ 76.83148933, 30.73956512 ], [ 76.83723503, 30.73349636 ], [ 76.8474895, 30.73146489 ], [ 76.84939206, 30.7234464 ], [ 76.84356212, 30.71926884 ], [ 76.84943507, 30.7183275 ], [ 76.84411893, 30.70825544 ], [ 76.83563108, 30.70371387 ], [ 76.82514535, 30.68830165 ], [ 76.83187425, 30.68328435 ], [ 76.82918971, 30.68101175 ], [ 76.8315276, 30.66480197 ], [ 76.84576159, 30.66868449 ], [ 76.8480764, 30.66595645 ], [ 76.84494288, 30.65907336 ], [ 76.85301601, 30.65727644 ], [ 76.87642773, 30.68055282 ], [ 76.87120552, 30.64217752 ], [ 76.87478955, 30.64090527 ], [ 76.88514627, 30.64530221 ], [ 76.89644975, 30.63588396 ], [ 76.89280193, 30.63109657 ], [ 76.89554071, 30.6289746 ], [ 76.90276268, 30.62442247 ], [ 76.91006436, 30.62620224 ], [ 76.91350571, 30.61146215 ], [ 76.92597767, 30.61012109 ], [ 76.92233777, 30.60565019 ], [ 76.92710202, 30.60363501 ], [ 76.92020807, 30.5932887 ], [ 76.90972417, 30.59194788 ], [ 76.91976639, 30.58519444 ], [ 76.91512563, 30.58223152 ], [ 76.91768764, 30.57617921 ], [ 76.90895025, 30.56481939 ], [ 76.91752895, 30.55916581 ], [ 76.91609164, 30.55364742 ], [ 76.90494009, 30.54304061 ], [ 76.88648747, 30.54988153 ], [ 76.89605774, 30.53817186 ], [ 76.91247952, 30.53400519 ], [ 76.91561857, 30.52578219 ], [ 76.93200581, 30.52224003 ], [ 76.92860592, 30.50756347 ], [ 76.93113383, 30.50092071 ], [ 76.91899905, 30.4895401 ], [ 76.91074191, 30.49431183 ], [ 76.89897276, 30.48885981 ], [ 76.89694688, 30.48114939 ], [ 76.91109333, 30.47079111 ], [ 76.91226066, 30.46580246 ], [ 76.89885078, 30.44647039 ], [ 76.89521948, 30.44604465 ], [ 76.8960501, 30.43954201 ], [ 76.89060921, 30.44104722 ], [ 76.88641987, 30.42967608 ], [ 76.89490551, 30.4273284 ], [ 76.89736342, 30.43422063 ], [ 76.90651335, 30.4357431 ], [ 76.89863054, 30.42580225 ], [ 76.90733841, 30.42505541 ], [ 76.90974856, 30.42946615 ], [ 76.91472283, 30.42509231 ], [ 76.91121015, 30.41919916 ], [ 76.9179743, 30.40651313 ], [ 76.91118987, 30.39991043 ], [ 76.91833647, 30.39800393 ], [ 76.93190177, 30.40050379 ], [ 76.93942605, 30.39478561 ], [ 76.93672969, 30.3858031 ], [ 76.92119563, 30.37470537 ], [ 76.91556118, 30.36525543 ], [ 76.89751396, 30.3593519 ], [ 76.89030208, 30.36947368 ], [ 76.89795088, 30.38215048 ], [ 76.88621988, 30.39409877 ], [ 76.88087806, 30.39388373 ], [ 76.88388102, 30.39765416 ], [ 76.88424907, 30.40432225 ], [ 76.88134155, 30.40591028 ], [ 76.88333352, 30.40867378 ], [ 76.85615033, 30.41767215 ], [ 76.85102065, 30.435309 ], [ 76.84677183, 30.43813157 ], [ 76.8378325, 30.43170346 ], [ 76.83624024, 30.42969636 ], [ 76.83928843, 30.42611858 ], [ 76.82338057, 30.41160462 ], [ 76.81121377, 30.41636712 ], [ 76.803879, 30.41258099 ], [ 76.79512078, 30.41871133 ], [ 76.78960881, 30.41501982 ], [ 76.77733134, 30.42483639 ], [ 76.78757657, 30.43351134 ], [ 76.77631547, 30.44133572 ], [ 76.76887419, 30.43088488 ], [ 76.74103731, 30.42626034 ], [ 76.73512042, 30.41928519 ], [ 76.73996866, 30.41206206 ], [ 76.73791821, 30.40834362 ], [ 76.72821139, 30.40041635 ], [ 76.72525293, 30.40224572 ], [ 76.7222477, 30.39915276 ], [ 76.71451193, 30.4024667 ], [ 76.7128831, 30.39035579 ], [ 76.71948014, 30.378817 ], [ 76.72947232, 30.38229368 ], [ 76.73117609, 30.37980184 ], [ 76.71897328, 30.36656596 ], [ 76.71987817, 30.36348888 ], [ 76.72553873, 30.36184808 ], [ 76.73753564, 30.37046621 ], [ 76.74547514, 30.36779616 ], [ 76.74879745, 30.36100154 ], [ 76.74873246, 30.35218132 ], [ 76.74582493, 30.34940025 ], [ 76.7384985, 30.34639875 ], [ 76.7326075, 30.34837518 ], [ 76.72736443, 30.34111528 ], [ 76.72897842, 30.33818473 ], [ 76.72233238, 30.33337196 ], [ 76.71636946, 30.33606952 ], [ 76.71085956, 30.32584838 ], [ 76.70003726, 30.32810148 ], [ 76.69575163, 30.32166483 ], [ 76.68857647, 30.32732225 ], [ 76.68105134, 30.31826197 ], [ 76.68597816, 30.31461619 ], [ 76.68189302, 30.31130179 ], [ 76.67697664, 30.30798779 ], [ 76.67050088, 30.3115156 ], [ 76.65002582, 30.29075499 ], [ 76.63925137, 30.28466181 ], [ 76.63540135, 30.28963756 ], [ 76.63143365, 30.27621644 ], [ 76.62341544, 30.2646019 ], [ 76.61440138, 30.27255754 ], [ 76.60857423, 30.26796097 ], [ 76.60111501, 30.27036444 ], [ 76.59289533, 30.2618008 ], [ 76.58380161, 30.2702717 ], [ 76.57512937, 30.2619294 ], [ 76.57201148, 30.26525848 ], [ 76.55661302, 30.26237217 ], [ 76.56197536, 30.24153841 ], [ 76.55564606, 30.22685827 ], [ 76.54555947, 30.22525033 ], [ 76.54804982, 30.22249766 ], [ 76.56273841, 30.22582668 ], [ 76.57187094, 30.2363276 ], [ 76.58532796, 30.24534267 ], [ 76.59185041, 30.24604547 ], [ 76.5906503, 30.25346495 ], [ 76.5961044, 30.25571343 ], [ 76.60365397, 30.24921229 ], [ 76.59623032, 30.23741818 ], [ 76.60000032, 30.23457194 ], [ 76.60355794, 30.23780929 ], [ 76.62737875, 30.2240941 ], [ 76.62331987, 30.21695675 ], [ 76.61661445, 30.21355589 ], [ 76.61577429, 30.20906097 ], [ 76.62176001, 30.20514796 ], [ 76.6388302, 30.20624868 ], [ 76.6532002, 30.20116936 ], [ 76.64980049, 30.1910762 ], [ 76.65609231, 30.18525357 ], [ 76.65077907, 30.17596028 ], [ 76.6359144, 30.16863648 ], [ 76.62874208, 30.17945447 ], [ 76.64503169, 30.18885221 ], [ 76.63627774, 30.19662977 ], [ 76.61706885, 30.20105824 ], [ 76.61416557, 30.20447952 ], [ 76.60336361, 30.19310772 ], [ 76.60466188, 30.18895547 ], [ 76.59988896, 30.18474451 ], [ 76.6224445, 30.16760689 ], [ 76.6332755, 30.16697293 ], [ 76.64217522, 30.14965671 ], [ 76.63410256, 30.14659383 ], [ 76.63184055, 30.14215229 ], [ 76.6234566, 30.14017953 ], [ 76.59936676, 30.11257268 ], [ 76.58652531, 30.11076923 ], [ 76.57427437, 30.09990967 ], [ 76.56052924, 30.09342733 ], [ 76.55663585, 30.08290055 ], [ 76.54814401, 30.08077821 ], [ 76.54619782, 30.07588155 ], [ 76.53802467, 30.07474516 ], [ 76.52984965, 30.07848244 ], [ 76.5118609, 30.07202964 ], [ 76.51374127, 30.08406295 ], [ 76.50325477, 30.09470927 ], [ 76.46253429, 30.10106901 ], [ 76.45630784, 30.11547482 ], [ 76.45994517, 30.12944628 ], [ 76.4580176, 30.13187936 ], [ 76.44051072, 30.13147821 ], [ 76.43748063, 30.13627285 ], [ 76.43964914, 30.14377682 ], [ 76.4285732, 30.15060523 ], [ 76.43650284, 30.15599695 ], [ 76.44056751, 30.16589467 ], [ 76.43043301, 30.17803907 ], [ 76.43425277, 30.18321586 ], [ 76.42272312, 30.1922929 ], [ 76.40638544, 30.19030746 ], [ 76.40296729, 30.18216098 ], [ 76.3871641, 30.17064619 ], [ 76.39346958, 30.16699072 ], [ 76.39139373, 30.16447242 ], [ 76.39501326, 30.15802304 ], [ 76.41007671, 30.14508806 ], [ 76.39112838, 30.13496421 ], [ 76.39596052, 30.12617487 ], [ 76.39483868, 30.12202851 ], [ 76.40004661, 30.11672068 ], [ 76.38886089, 30.11328794 ], [ 76.36208822, 30.12025872 ], [ 76.36084764, 30.12259644 ], [ 76.3669275, 30.12423201 ], [ 76.36142839, 30.12972332 ], [ 76.35926883, 30.13979738 ], [ 76.35047634, 30.14688598 ], [ 76.34687098, 30.14282321 ], [ 76.33393678, 30.14204002 ], [ 76.33348946, 30.13821828 ], [ 76.34203556, 30.12650028 ], [ 76.36021479, 30.12022152 ], [ 76.35440641, 30.11693086 ], [ 76.34413699, 30.10087774 ], [ 76.3315118, 30.09980372 ], [ 76.32185043, 30.09513106 ], [ 76.30754617, 30.1087753 ], [ 76.29658303, 30.11445755 ], [ 76.28532166, 30.10622656 ], [ 76.27516736, 30.11463541 ], [ 76.2677626, 30.11447148 ], [ 76.25366872, 30.12162521 ], [ 76.25568465, 30.12607885 ], [ 76.24682115, 30.1307661 ], [ 76.24273592, 30.12918363 ], [ 76.24310424, 30.132623 ], [ 76.23224673, 30.14010781 ], [ 76.23458198, 30.14501547 ], [ 76.21857374, 30.14783055 ], [ 76.21342745, 30.1528177 ], [ 76.21442423, 30.15596193 ], [ 76.20764152, 30.15660152 ], [ 76.20719253, 30.14460664 ], [ 76.21457905, 30.14048484 ], [ 76.21507086, 30.13526832 ], [ 76.22453342, 30.12712576 ], [ 76.21654904, 30.12406573 ], [ 76.22041147, 30.1154142 ], [ 76.21673087, 30.11009201 ], [ 76.2235488, 30.1119227 ], [ 76.2305597, 30.10625409 ], [ 76.23624207, 30.10649293 ], [ 76.25346742, 30.08897201 ], [ 76.22626893, 30.05937529 ], [ 76.22851307, 30.05354902 ], [ 76.22220796, 30.04926294 ], [ 76.22251251, 30.0369436 ], [ 76.21359589, 30.03177407 ], [ 76.21319845, 30.02273266 ], [ 76.23287684, 30.01598529 ], [ 76.22625799, 30.0088596 ], [ 76.20996321, 30.00516885 ], [ 76.21145177, 29.99549263 ], [ 76.20651178, 29.99349658 ], [ 76.21057339, 29.98812176 ], [ 76.20803976, 29.98610483 ], [ 76.20290627, 29.98972804 ], [ 76.20186535, 29.9871077 ], [ 76.20574412, 29.97434958 ], [ 76.1953493, 29.96590283 ], [ 76.19713765, 29.96235272 ], [ 76.19312055, 29.96224916 ], [ 76.19060825, 29.95528407 ], [ 76.19360943, 29.95183959 ], [ 76.17990584, 29.94528526 ], [ 76.17810675, 29.93346581 ], [ 76.17196972, 29.92645042 ], [ 76.18772041, 29.92062948 ], [ 76.18925308, 29.90864303 ], [ 76.18563976, 29.89249246 ], [ 76.19334044, 29.88578686 ], [ 76.19941467, 29.88839004 ], [ 76.20130008, 29.8837591 ], [ 76.20953453, 29.88582135 ], [ 76.21084412, 29.89128999 ], [ 76.21737977, 29.8840875 ], [ 76.22938466, 29.88568154 ], [ 76.24672473, 29.876009 ], [ 76.24379833, 29.85245688 ], [ 76.23243813, 29.8537532 ], [ 76.2222186, 29.84878042 ], [ 76.22055771, 29.83802586 ], [ 76.21198963, 29.84306704 ], [ 76.19780404, 29.84481169 ], [ 76.18489015, 29.8229316 ], [ 76.17372414, 29.8179596 ], [ 76.14546742, 29.81912917 ], [ 76.14159567, 29.81550804 ], [ 76.14171091, 29.81088417 ], [ 76.13320858, 29.80449776 ], [ 76.12395177, 29.79102097 ], [ 76.11965507, 29.79233393 ], [ 76.12006197, 29.80085922 ], [ 76.10508877, 29.81185533 ], [ 76.09806438, 29.81065763 ], [ 76.08951085, 29.80118182 ], [ 76.08498681, 29.80077083 ], [ 76.08245349, 29.78100772 ], [ 76.07664625, 29.77491701 ], [ 76.0725448, 29.77863448 ], [ 76.06021949, 29.76469145 ], [ 76.05680116, 29.76540111 ], [ 76.04955805, 29.74803442 ], [ 76.04325992, 29.74274915 ], [ 76.03230519, 29.7465073 ], [ 76.03066279, 29.75476932 ], [ 76.02622389, 29.75622265 ], [ 76.02392928, 29.74904106 ], [ 76.01671273, 29.74319185 ], [ 75.99493809, 29.7393266 ], [ 75.98439844, 29.72715456 ], [ 75.9549174, 29.73195637 ], [ 75.938675, 29.73071311 ], [ 75.9150741, 29.74295807 ], [ 75.91462398, 29.74796724 ], [ 75.90631259, 29.75405997 ], [ 75.90226091, 29.75154571 ], [ 75.90445803, 29.74898223 ], [ 75.89882115, 29.74628897 ], [ 75.8859482, 29.74544925 ], [ 75.88132789, 29.75117095 ], [ 75.87021174, 29.74939529 ], [ 75.86671267, 29.76657889 ], [ 75.85139649, 29.77274006 ], [ 75.85289027, 29.77808375 ], [ 75.84581717, 29.78231921 ], [ 75.84366143, 29.78987808 ], [ 75.84047783, 29.78870865 ], [ 75.83698889, 29.79429732 ], [ 75.83490853, 29.80883649 ], [ 75.8376497, 29.81310226 ], [ 75.83027672, 29.81183833 ], [ 75.82593836, 29.81532664 ], [ 75.82140296, 29.80697701 ], [ 75.81576157, 29.80416779 ], [ 75.80562103, 29.80477398 ], [ 75.78882339, 29.81112026 ], [ 75.77935094, 29.82240715 ], [ 75.75623882, 29.80506344 ], [ 75.74645895, 29.80750341 ], [ 75.73780606, 29.81406151 ], [ 75.72079032, 29.81356094 ], [ 75.71795627, 29.80304008 ], [ 75.71415238, 29.80188254 ], [ 75.71276456, 29.79256574 ], [ 75.71661571, 29.788863 ], [ 75.71010953, 29.78044989 ], [ 75.71237145, 29.77418762 ], [ 75.70464598, 29.76365614 ], [ 75.70922732, 29.75657166 ], [ 75.70642364, 29.7532292 ], [ 75.69133427, 29.75595835 ], [ 75.67725016, 29.77657873 ], [ 75.6424421, 29.77512754 ], [ 75.63526455, 29.77236731 ], [ 75.63446849, 29.75531141 ], [ 75.62896059, 29.74949358 ], [ 75.6167036, 29.74428611 ], [ 75.6050091, 29.75193258 ], [ 75.58986423, 29.74755484 ], [ 75.58005217, 29.73947354 ], [ 75.57215711, 29.74332578 ], [ 75.56972678, 29.75683665 ], [ 75.56209972, 29.77026884 ], [ 75.53794028, 29.77337694 ], [ 75.5229374, 29.75850641 ], [ 75.52324495, 29.76919447 ], [ 75.5185878, 29.77585752 ], [ 75.50308137, 29.77774884 ], [ 75.49726422, 29.78443373 ], [ 75.47957782, 29.79282662 ], [ 75.45952233, 29.8075585 ], [ 75.45285816, 29.8017782 ], [ 75.45812078, 29.79491689 ], [ 75.45395837, 29.78204878 ], [ 75.44746023, 29.78383045 ], [ 75.43834872, 29.78007587 ], [ 75.42745523, 29.77089565 ], [ 75.42140266, 29.77512769 ], [ 75.41936427, 29.77025503 ], [ 75.41378584, 29.76985906 ], [ 75.40629171, 29.76129713 ], [ 75.4047583, 29.73904057 ], [ 75.39642938, 29.73950312 ], [ 75.39545856, 29.73360695 ], [ 75.38816227, 29.72991529 ], [ 75.39344986, 29.72202176 ], [ 75.38931005, 29.71621496 ], [ 75.39218435, 29.7134127 ], [ 75.37295635, 29.71324733 ], [ 75.36985792, 29.71089934 ], [ 75.3707908, 29.70450913 ], [ 75.35905531, 29.70554821 ], [ 75.35844069, 29.69970506 ], [ 75.34571241, 29.69603304 ], [ 75.36014777, 29.66264295 ], [ 75.35825751, 29.66080181 ], [ 75.34863483, 29.66662247 ], [ 75.34103921, 29.67529241 ], [ 75.33374336, 29.67351973 ], [ 75.33183586, 29.6632183 ], [ 75.32223026, 29.6516388 ], [ 75.32346733, 29.6425023 ], [ 75.31656871, 29.63066288 ], [ 75.30728086, 29.62481733 ], [ 75.29575221, 29.62511529 ], [ 75.29489813, 29.61575454 ], [ 75.28966956, 29.60785715 ], [ 75.30343618, 29.60262758 ], [ 75.30561221, 29.59571572 ], [ 75.31984635, 29.5875173 ], [ 75.31127727, 29.58018864 ], [ 75.30941108, 29.5610194 ], [ 75.29828955, 29.55863496 ], [ 75.28114356, 29.56150386 ], [ 75.2803551, 29.55400656 ], [ 75.27324917, 29.55002868 ], [ 75.24447006, 29.54673328 ], [ 75.23540443, 29.54222351 ], [ 75.23929164, 29.55235721 ], [ 75.23321378, 29.56628368 ], [ 75.23428671, 29.57034555 ], [ 75.23024515, 29.57667051 ], [ 75.22170843, 29.58032408 ], [ 75.23536246, 29.60310955 ], [ 75.20674307, 29.62194076 ], [ 75.19696277, 29.61934252 ], [ 75.18309756, 29.62839813 ], [ 75.18219177, 29.6360029 ], [ 75.1875485, 29.65171127 ], [ 75.17463659, 29.65564248 ], [ 75.16757241, 29.6695767 ], [ 75.17722499, 29.67071465 ], [ 75.17945897, 29.67442977 ], [ 75.1839237, 29.67337859 ], [ 75.18806503, 29.68133624 ], [ 75.19946629, 29.6802845 ], [ 75.20677623, 29.68755029 ], [ 75.20758197, 29.70158873 ], [ 75.1977755, 29.70328984 ], [ 75.19687534, 29.71574641 ], [ 75.20062088, 29.72652186 ], [ 75.21031695, 29.73884864 ], [ 75.21746985, 29.73718158 ], [ 75.2263305, 29.72891847 ], [ 75.23815756, 29.73999813 ], [ 75.24133007, 29.75053227 ], [ 75.24158822, 29.75468262 ], [ 75.23659351, 29.75704991 ], [ 75.22439041, 29.78079633 ], [ 75.22628599, 29.78918555 ], [ 75.21626816, 29.78775713 ], [ 75.21472084, 29.79182705 ], [ 75.2085422, 29.79319834 ], [ 75.20966193, 29.81738685 ], [ 75.21399276, 29.82402235 ], [ 75.21028452, 29.83292283 ], [ 75.1910233, 29.84141339 ], [ 75.17588155, 29.8281376 ], [ 75.16561847, 29.82609219 ], [ 75.1590702, 29.80137532 ], [ 75.16678477, 29.78473719 ], [ 75.1509665, 29.77557237 ], [ 75.1402315, 29.78619226 ], [ 75.13497363, 29.80733982 ], [ 75.11823498, 29.80274813 ], [ 75.10055841, 29.8071299 ], [ 75.10152013, 29.82159801 ], [ 75.11887351, 29.83163562 ], [ 75.11147907, 29.84185624 ], [ 75.10313719, 29.84179684 ], [ 75.09010868, 29.85395151 ], [ 75.08973438, 29.85866718 ], [ 75.0933806, 29.85802335 ], [ 75.1068373, 29.86804596 ], [ 75.11471462, 29.87870059 ], [ 75.11033425, 29.90196228 ], [ 75.09879707, 29.9128027 ], [ 75.08877503, 29.91723527 ], [ 75.08690363, 29.9154182 ], [ 75.08049386, 29.90095599 ], [ 75.07529386, 29.89638953 ], [ 75.07445688, 29.88230285 ], [ 75.0698144, 29.87709413 ], [ 75.05610544, 29.87813795 ], [ 75.05185015, 29.88411803 ], [ 75.04695407, 29.88512523 ], [ 75.03289416, 29.87985311 ], [ 75.02250829, 29.8663024 ], [ 74.99092473, 29.86772516 ], [ 74.97710721, 29.88844037 ], [ 74.97877408, 29.89418862 ], [ 74.95372561, 29.90143351 ], [ 74.94821089, 29.90684499 ], [ 74.92674767, 29.95029301 ], [ 74.92283747, 29.95206435 ], [ 74.91288467, 29.94335968 ], [ 74.89728927, 29.93945264 ], [ 74.89544412, 29.94060766 ], [ 74.90325331, 29.95219038 ], [ 74.88797928, 29.96716916 ], [ 74.87573973, 29.95755107 ], [ 74.86470097, 29.96013978 ], [ 74.85546827, 29.95640406 ], [ 74.83846526, 29.97115909 ], [ 74.82868833, 29.97334364 ], [ 74.82102245, 29.97097271 ], [ 74.82631029, 29.97717826 ], [ 74.8243073, 29.98577596 ], [ 74.81244526, 29.99237608 ], [ 74.80599422, 29.99199399 ], [ 74.77844037, 29.97162361 ], [ 74.76082073, 29.97322593 ], [ 74.75318622, 29.96733288 ], [ 74.73907886, 29.9680257 ], [ 74.73140544, 29.96151248 ], [ 74.70666784, 29.97061566 ], [ 74.70665389, 29.97693855 ], [ 74.6936253, 29.9668918 ], [ 74.68204384, 29.94338004 ], [ 74.6697306, 29.93925289 ], [ 74.65161237, 29.92652073 ], [ 74.64670431, 29.91146397 ], [ 74.65419157, 29.90561248 ], [ 74.64683883, 29.90438895 ], [ 74.62924534, 29.90507429 ], [ 74.59669938, 29.91231092 ], [ 74.58244832, 29.92439054 ], [ 74.55898251, 29.92713443 ], [ 74.56073339, 29.92933272 ], [ 74.53175495, 29.94924055 ], [ 74.51884092, 29.92998924 ], [ 74.51546462, 29.91557512 ], [ 74.51003123, 29.90823629 ], [ 74.52201258, 29.90229221 ], [ 74.54363263, 29.90148172 ], [ 74.55122587, 29.88229802 ], [ 74.56104761, 29.86968689 ], [ 74.54584564, 29.84565956 ], [ 74.53912877, 29.84063509 ], [ 74.50790291, 29.83309202 ], [ 74.48509385, 29.81505835 ], [ 74.47365015, 29.78674033 ], [ 74.47379234, 29.76838634 ], [ 74.47725861, 29.74535714 ], [ 74.48038099, 29.74353942 ], [ 74.53396756, 29.74044112 ], [ 74.54641996, 29.75305276 ], [ 74.56247905, 29.75563077 ], [ 74.57740419, 29.75403113 ], [ 74.57593744, 29.74836068 ], [ 74.58128724, 29.75236801 ], [ 74.58727836, 29.76694846 ], [ 74.60095334, 29.7659592 ], [ 74.60323497, 29.75802078 ], [ 74.61610269, 29.75219888 ], [ 74.60954191, 29.74337851 ], [ 74.60979533, 29.72180577 ], [ 74.6001474, 29.69909727 ], [ 74.60118264, 29.69043226 ], [ 74.58545361, 29.65452758 ], [ 74.59135001, 29.63957814 ], [ 74.58920537, 29.63178599 ], [ 74.58139133, 29.62648924 ], [ 74.57495443, 29.56424763 ], [ 74.57589222, 29.56015492 ], [ 74.58989045, 29.547956 ], [ 74.61178211, 29.53854489 ], [ 74.61490726, 29.53118749 ], [ 74.62304311, 29.53102929 ], [ 74.62188005, 29.52237637 ], [ 74.60038569, 29.4999819 ], [ 74.59536641, 29.48920889 ], [ 74.59585356, 29.48044441 ], [ 74.58462143, 29.45854461 ], [ 74.57318283, 29.46514306 ], [ 74.54375416, 29.46801453 ], [ 74.53675373, 29.45960077 ], [ 74.53462785, 29.44775448 ], [ 74.53667013, 29.42454554 ], [ 74.56628281, 29.42059399 ], [ 74.57363292, 29.40651809 ], [ 74.57786243, 29.38853963 ], [ 74.5852215, 29.37856051 ], [ 74.60287926, 29.3649517 ], [ 74.60720515, 29.35539843 ], [ 74.59925937, 29.32750375 ], [ 74.65448316, 29.33297837 ], [ 74.65206133, 29.35128683 ], [ 74.65820149, 29.37200887 ], [ 74.6909479, 29.3659618 ], [ 74.71943422, 29.37002152 ], [ 74.73928782, 29.35415838 ], [ 74.76217816, 29.35441925 ], [ 74.78752651, 29.36147086 ], [ 74.82035112, 29.39724942 ], [ 74.84478795, 29.39972926 ], [ 74.85059579, 29.40362652 ], [ 74.87138454, 29.39491973 ], [ 74.87760567, 29.38362223 ], [ 74.90016349, 29.38484877 ], [ 74.9167525, 29.37135402 ], [ 74.93833795, 29.36198286 ], [ 74.93986889, 29.34006291 ], [ 74.95450401, 29.33275525 ], [ 74.96086981, 29.32029931 ], [ 74.9483849, 29.30151791 ], [ 74.9611451, 29.28062477 ], [ 74.98310303, 29.28061939 ], [ 74.99864852, 29.27073066 ], [ 75.01986703, 29.28631908 ], [ 75.05008324, 29.28612977 ], [ 75.06046054, 29.27603536 ], [ 75.06123055, 29.26409125 ], [ 75.07321814, 29.24775364 ], [ 75.07551992, 29.22973415 ], [ 75.11958559, 29.22290757 ], [ 75.12436242, 29.23991361 ], [ 75.13782069, 29.23877374 ], [ 75.16291475, 29.24413449 ], [ 75.17434039, 29.25128447 ], [ 75.1686821, 29.25885813 ], [ 75.1881052, 29.26828043 ], [ 75.19567241, 29.26347458 ], [ 75.19849726, 29.25337278 ], [ 75.21008005, 29.23474141 ], [ 75.23837532, 29.23028292 ], [ 75.24512196, 29.25037913 ], [ 75.28409002, 29.24889825 ], [ 75.28833416, 29.27339377 ], [ 75.29834374, 29.27189305 ], [ 75.30671396, 29.27467217 ], [ 75.32294102, 29.28951303 ], [ 75.33501508, 29.28692779 ], [ 75.3405898, 29.28117769 ], [ 75.33866977, 29.25191816 ], [ 75.32814929, 29.23525403 ], [ 75.34974767, 29.22385174 ], [ 75.35587266, 29.22304568 ], [ 75.35996211, 29.22723533 ], [ 75.36233396, 29.24447187 ], [ 75.37895537, 29.25690076 ], [ 75.39316416, 29.26136127 ], [ 75.40545613, 29.26058261 ], [ 75.40605607, 29.25705291 ], [ 75.41056049, 29.25564304 ], [ 75.41197536, 29.24279415 ], [ 75.40867444, 29.24193327 ], [ 75.4087292, 29.23505549 ], [ 75.40211818, 29.22721468 ], [ 75.40230668, 29.22251585 ], [ 75.3980848, 29.22358 ], [ 75.39680975, 29.21757597 ], [ 75.40855591, 29.21320666 ], [ 75.41436527, 29.18434914 ], [ 75.40943592, 29.18023948 ], [ 75.40675655, 29.16978157 ], [ 75.38127959, 29.16893037 ], [ 75.37869792, 29.14219635 ], [ 75.37114796, 29.14156823 ], [ 75.37152116, 29.13813169 ], [ 75.38443894, 29.12948301 ], [ 75.40214985, 29.12792993 ], [ 75.40576493, 29.11984406 ], [ 75.39385818, 29.11009542 ], [ 75.39209887, 29.10200814 ], [ 75.39690796, 29.09760838 ], [ 75.39095864, 29.08539751 ], [ 75.3946782, 29.07597833 ], [ 75.39124992, 29.0627673 ], [ 75.41058621, 29.06224954 ], [ 75.43143355, 29.05633011 ], [ 75.44178803, 29.05756359 ], [ 75.44318896, 29.0480631 ], [ 75.44620804, 29.0485893 ], [ 75.45191501, 29.0391894 ], [ 75.44711759, 29.03518163 ], [ 75.44784828, 29.03046703 ], [ 75.44294142, 29.02298325 ], [ 75.44569828, 29.00840523 ], [ 75.45859919, 29.01421137 ], [ 75.47259447, 29.01432363 ], [ 75.50515092, 29.01180816 ], [ 75.52180444, 29.0039086 ], [ 75.52739912, 28.97103981 ], [ 75.51001211, 28.95384075 ], [ 75.5083313, 28.94835123 ], [ 75.51153989, 28.94210428 ], [ 75.50871848, 28.9422884 ], [ 75.50556593, 28.93594332 ], [ 75.49872843, 28.93402992 ], [ 75.49331001, 28.93631362 ], [ 75.47719678, 28.9347419 ], [ 75.47337232, 28.92342433 ], [ 75.4839569, 28.90757738 ], [ 75.48729931, 28.90792694 ], [ 75.48754617, 28.90320633 ], [ 75.49655015, 28.89625955 ], [ 75.49848375, 28.84895757 ], [ 75.5053138, 28.85115219 ], [ 75.50780455, 28.83925879 ], [ 75.51529359, 28.83987876 ], [ 75.51525493, 28.83473575 ], [ 75.52022298, 28.83403927 ], [ 75.51940317, 28.81296105 ], [ 75.50891455, 28.80280189 ], [ 75.51140178, 28.79350402 ], [ 75.50638744, 28.7923154 ], [ 75.50814799, 28.78864099 ], [ 75.50344713, 28.7824442 ], [ 75.51080695, 28.78101668 ], [ 75.5140272, 28.77335712 ], [ 75.51761354, 28.77384437 ], [ 75.51653369, 28.77042466 ], [ 75.522043, 28.76793488 ], [ 75.5221954, 28.76108455 ], [ 75.53034201, 28.74747664 ], [ 75.54061322, 28.74926961 ], [ 75.53043317, 28.73829498 ], [ 75.53994513, 28.72492492 ], [ 75.53742645, 28.71805278 ], [ 75.53888384, 28.69481881 ], [ 75.54499808, 28.68314516 ], [ 75.5411875, 28.66052962 ], [ 75.54506737, 28.65947613 ], [ 75.54423045, 28.65418752 ], [ 75.54950886, 28.64149792 ], [ 75.55484306, 28.64388053 ], [ 75.56070616, 28.63595943 ], [ 75.56154744, 28.6132075 ], [ 75.58629635, 28.61320105 ], [ 75.59117179, 28.60560593 ], [ 75.62168651, 28.60210811 ], [ 75.62570262, 28.56583989 ], [ 75.63337563, 28.54463076 ], [ 75.65370246, 28.53658639 ], [ 75.66578063, 28.5360328 ], [ 75.67088229, 28.53154306 ], [ 75.67089967, 28.51736027 ], [ 75.68425299, 28.51093511 ], [ 75.69004772, 28.50000497 ], [ 75.70195985, 28.49181193 ], [ 75.70793108, 28.49374835 ], [ 75.72896146, 28.49074569 ], [ 75.73094678, 28.48619061 ], [ 75.73946324, 28.4847763 ], [ 75.73565086, 28.46888125 ], [ 75.78827797, 28.45359398 ], [ 75.79210975, 28.44462329 ], [ 75.78850472, 28.43359932 ], [ 75.7809643, 28.43294695 ], [ 75.77977231, 28.4275345 ], [ 75.76969729, 28.42281251 ], [ 75.76670002, 28.41426518 ], [ 75.77686325, 28.40045877 ], [ 75.78855101, 28.40418491 ], [ 75.78857604, 28.40123563 ], [ 75.79463557, 28.39968786 ], [ 75.79954828, 28.40718638 ], [ 75.80692339, 28.40917052 ], [ 75.80600363, 28.40588846 ], [ 75.80980048, 28.40587113 ], [ 75.81865313, 28.40995101 ], [ 75.82209176, 28.40308262 ], [ 75.83283101, 28.40539371 ], [ 75.83739551, 28.40212614 ], [ 75.83942197, 28.39449428 ], [ 75.86407185, 28.38896549 ], [ 75.86387407, 28.38529954 ], [ 75.87553027, 28.38727369 ], [ 75.89010991, 28.38308426 ], [ 75.89306535, 28.38973219 ], [ 75.89634878, 28.39011089 ], [ 75.90066803, 28.37178939 ], [ 75.91814988, 28.37203221 ], [ 75.91666275, 28.36747953 ], [ 75.92237441, 28.36644965 ], [ 75.9295476, 28.35908113 ], [ 75.92853498, 28.34314308 ], [ 75.93199412, 28.34284449 ], [ 75.93284045, 28.33684473 ], [ 75.95497602, 28.33383198 ], [ 75.95226346, 28.32923664 ], [ 75.95677659, 28.32679045 ], [ 75.95809457, 28.3137395 ], [ 75.97244304, 28.31860916 ], [ 75.97806997, 28.30935464 ], [ 75.97795129, 28.30201432 ], [ 75.98632585, 28.29306582 ], [ 76.0263181, 28.27505209 ], [ 76.01300031, 28.24614968 ], [ 76.01615101, 28.23706199 ], [ 76.02781712, 28.23260912 ], [ 76.03782214, 28.22272637 ], [ 76.05592547, 28.22016739 ], [ 76.05242756, 28.20404426 ], [ 76.04742806, 28.20271435 ], [ 76.04740206, 28.19819633 ], [ 76.07184864, 28.19434397 ], [ 76.07629844, 28.16841439 ], [ 76.09545455, 28.15085489 ], [ 76.09490331, 28.1414532 ], [ 76.08440659, 28.13694773 ], [ 76.07489235, 28.13711988 ], [ 76.06537213, 28.14154482 ], [ 76.07068307, 28.16511242 ], [ 76.03180144, 28.16788165 ], [ 76.02988848, 28.1641308 ], [ 76.02613934, 28.16464545 ], [ 76.01687456, 28.15022475 ], [ 76.00747424, 28.15307744 ], [ 76.00062124, 28.13325841 ], [ 76.00433704, 28.13200669 ], [ 75.99899242, 28.12279728 ], [ 75.97667563, 28.12477248 ], [ 75.9674206, 28.11387207 ], [ 75.96171042, 28.11482166 ], [ 75.94558978, 28.10713807 ], [ 75.93862481, 28.08796155 ], [ 75.96461106, 28.08049137 ], [ 75.97225174, 28.083292 ], [ 75.98341062, 28.08137461 ], [ 75.9883307, 28.06631949 ], [ 75.97486507, 28.05100845 ], [ 75.98442364, 28.04710981 ], [ 75.99286478, 28.04635383 ], [ 75.99888797, 28.05721947 ], [ 76.00724432, 28.05856938 ], [ 76.00987436, 28.06765385 ], [ 76.0232019, 28.08600145 ], [ 76.03536366, 28.08052528 ], [ 76.04073476, 28.07400427 ], [ 76.02536254, 28.05428271 ], [ 76.00830148, 28.05841688 ], [ 76.00778648, 28.05573637 ], [ 76.01707635, 28.05269138 ], [ 76.01632601, 28.03057549 ], [ 75.99764239, 28.03311298 ], [ 75.99462072, 28.0385378 ], [ 75.99351864, 28.03522705 ], [ 75.97694265, 28.03139063 ], [ 75.97273095, 28.02365706 ], [ 75.97124363, 28.01604973 ], [ 75.99553787, 28.00695186 ], [ 75.98995418, 27.9948335 ], [ 75.9776166, 28.0002214 ], [ 75.96674158, 28.00005614 ], [ 75.96581804, 27.98363434 ], [ 75.98592233, 27.97863972 ], [ 75.98989432, 27.98234362 ], [ 75.99998837, 27.97762362 ], [ 75.98198272, 27.96535854 ], [ 75.97786617, 27.95439855 ], [ 75.98302967, 27.95098286 ], [ 75.97273356, 27.9327572 ], [ 75.9579128, 27.93593615 ], [ 75.95176621, 27.94769278 ], [ 75.93906837, 27.94061939 ], [ 75.93230374, 27.92986345 ], [ 75.93967114, 27.92276478 ], [ 75.93450905, 27.91864103 ], [ 75.93831445, 27.9141067 ], [ 75.96806167, 27.9143909 ], [ 75.98731457, 27.90415061 ], [ 75.97531776, 27.89367265 ], [ 75.98441295, 27.88260758 ], [ 75.97762263, 27.87379479 ], [ 75.97936546, 27.86547519 ], [ 75.97248703, 27.86062081 ], [ 75.97137261, 27.8519902 ], [ 76.00464371, 27.83446494 ], [ 76.00954893, 27.84154355 ], [ 76.03624946, 27.83741659 ], [ 76.0407044, 27.84127954 ], [ 76.04808004, 27.83500733 ], [ 76.06064961, 27.8483061 ], [ 76.07489446, 27.84383488 ], [ 76.08565587, 27.84472711 ], [ 76.08784826, 27.86068069 ], [ 76.10467743, 27.8565446 ], [ 76.11427407, 27.85096365 ], [ 76.12333095, 27.85105008 ], [ 76.12779095, 27.84374496 ], [ 76.13539529, 27.83927719 ], [ 76.13226969, 27.82450034 ], [ 76.153669, 27.81974929 ], [ 76.15310858, 27.81539971 ], [ 76.16383361, 27.8119002 ], [ 76.17200246, 27.80541323 ], [ 76.1721488, 27.79966787 ], [ 76.178588, 27.79745859 ], [ 76.19226231, 27.80927705 ], [ 76.19951946, 27.82149955 ], [ 76.2093442, 27.81636205 ], [ 76.21770897, 27.81723863 ], [ 76.22517913, 27.83326848 ], [ 76.20886308, 27.84003274 ], [ 76.21216582, 27.84643342 ], [ 76.19380651, 27.85953094 ], [ 76.19423884, 27.87657552 ], [ 76.20027639, 27.87825959 ], [ 76.20149359, 27.89244606 ], [ 76.16815972, 27.90340291 ], [ 76.17021337, 27.92039274 ], [ 76.17786333, 27.93267031 ], [ 76.18238959, 27.95194249 ], [ 76.17992579, 27.9528946 ], [ 76.18120413, 27.95888981 ], [ 76.1866287, 27.96548961 ], [ 76.16352497, 27.97341992 ], [ 76.16692485, 27.98299213 ], [ 76.15778124, 27.98894178 ], [ 76.16137821, 28.00022007 ], [ 76.169549, 28.00744941 ], [ 76.17689069, 28.02157223 ], [ 76.19683182, 28.01550041 ], [ 76.20329987, 28.02804708 ], [ 76.21474038, 28.02660717 ], [ 76.21662755, 28.03548588 ], [ 76.20367529, 28.03777239 ], [ 76.20176595, 28.02937101 ], [ 76.18951616, 28.03447861 ], [ 76.17793972, 28.04562242 ], [ 76.1804055, 28.05454507 ], [ 76.18879245, 28.05329783 ], [ 76.18949385, 28.05648089 ], [ 76.19917574, 28.05574062 ], [ 76.20113044, 28.05844641 ], [ 76.20959046, 28.05587989 ], [ 76.20862267, 28.05228913 ], [ 76.21938756, 28.04931912 ], [ 76.23800149, 28.04973311 ], [ 76.24292805, 28.06437187 ], [ 76.26096151, 28.06755642 ], [ 76.28384291, 28.05699603 ], [ 76.2841803, 28.05151729 ], [ 76.29355634, 28.04921706 ], [ 76.29228298, 28.02584995 ], [ 76.29897688, 28.02273032 ], [ 76.31895872, 28.0156356 ], [ 76.32297674, 28.02155256 ], [ 76.32874611, 28.01880407 ], [ 76.34231233, 28.03059028 ], [ 76.34958425, 28.04589459 ], [ 76.35560094, 28.07072718 ], [ 76.34344547, 28.07022757 ], [ 76.33298792, 28.07686044 ], [ 76.33419019, 28.07992264 ], [ 76.32875203, 28.08776216 ], [ 76.3232293, 28.09055949 ], [ 76.31875859, 28.08883901 ], [ 76.30139567, 28.09809008 ], [ 76.30927025, 28.10821141 ], [ 76.3366338, 28.10267143 ], [ 76.35985819, 28.12492817 ], [ 76.33314253, 28.13358355 ], [ 76.32993624, 28.14275171 ], [ 76.32096737, 28.14858431 ], [ 76.3152284, 28.15038989 ], [ 76.31110476, 28.14557005 ], [ 76.29758417, 28.14915438 ], [ 76.30441789, 28.15933217 ], [ 76.28068886, 28.16579551 ], [ 76.2824348, 28.17129679 ], [ 76.28946452, 28.17033241 ], [ 76.29224118, 28.179164 ], [ 76.30530928, 28.17598647 ], [ 76.3087749, 28.17892724 ], [ 76.33081713, 28.17055302 ], [ 76.33344327, 28.17246733 ], [ 76.3452403, 28.16942817 ], [ 76.35771563, 28.16114471 ], [ 76.35425092, 28.1549781 ], [ 76.35821945, 28.1549091 ], [ 76.35660889, 28.14373991 ], [ 76.36631776, 28.13684099 ], [ 76.38072594, 28.13343133 ], [ 76.38364007, 28.13682399 ], [ 76.38972086, 28.13464066 ], [ 76.39462443, 28.13730514 ], [ 76.39973369, 28.14513193 ], [ 76.43144377, 28.14111907 ], [ 76.43630368, 28.14881946 ], [ 76.45884475, 28.14757585 ], [ 76.46505753, 28.15170882 ], [ 76.47576731, 28.14855894 ], [ 76.47204934, 28.13509758 ], [ 76.48121243, 28.12869443 ], [ 76.48221202, 28.13089429 ], [ 76.49191257, 28.12991248 ], [ 76.48709371, 28.11995242 ], [ 76.50180608, 28.11887191 ], [ 76.49931669, 28.10062807 ], [ 76.47891307, 28.10062993 ], [ 76.47614749, 28.1080848 ], [ 76.46367565, 28.10897455 ], [ 76.45704636, 28.10531398 ], [ 76.45203706, 28.09124514 ], [ 76.44783808, 28.08897854 ], [ 76.46716045, 28.07905002 ], [ 76.4788937, 28.07769638 ], [ 76.50147271, 28.06003384 ], [ 76.49685164, 28.05383839 ], [ 76.4894226, 28.05280849 ], [ 76.46150594, 28.05868779 ], [ 76.45466122, 28.04234812 ], [ 76.48007506, 28.04071276 ], [ 76.49740883, 28.04332725 ], [ 76.50256093, 28.03147035 ], [ 76.51051714, 28.03189695 ], [ 76.51045965, 28.02980594 ], [ 76.51929916, 28.03236517 ], [ 76.52925702, 28.04037565 ], [ 76.54380282, 28.03423593 ], [ 76.5392566, 28.0235233 ], [ 76.5453867, 28.0072825 ], [ 76.53692636, 28.00037783 ], [ 76.54272441, 27.99951116 ], [ 76.54107624, 27.98481441 ], [ 76.53603284, 27.97964164 ], [ 76.53806671, 27.96774583 ], [ 76.54812545, 27.96387619 ], [ 76.56046092, 27.9659311 ], [ 76.5634442, 27.97820335 ], [ 76.57927355, 27.97903798 ], [ 76.58262251, 27.99179748 ], [ 76.58876503, 27.99798898 ], [ 76.60082397, 27.99972138 ], [ 76.6049925, 28.0039657 ], [ 76.64066501, 28.00236085 ], [ 76.66814494, 28.01386594 ], [ 76.6630123, 28.02989218 ], [ 76.6543819, 28.03472037 ], [ 76.65855546, 28.04689131 ], [ 76.65190647, 28.05637009 ], [ 76.65163928, 28.06170557 ], [ 76.65719728, 28.08927149 ], [ 76.66336008, 28.09124171 ], [ 76.68735827, 28.08779257 ], [ 76.68499221, 28.0916145 ], [ 76.6981456, 28.11196746 ], [ 76.70300853, 28.10763537 ], [ 76.71574327, 28.12777318 ], [ 76.74354978, 28.12106378 ], [ 76.75311848, 28.13515264 ], [ 76.76243726, 28.14267204 ], [ 76.77635548, 28.14414198 ], [ 76.7837495, 28.15092144 ], [ 76.7948031, 28.14843169 ], [ 76.80061935, 28.16240283 ], [ 76.79501297, 28.16942993 ], [ 76.79569537, 28.18053223 ], [ 76.79247375, 28.18422281 ], [ 76.79752253, 28.19184805 ], [ 76.8003503, 28.19251821 ], [ 76.80122208, 28.18777841 ], [ 76.80608146, 28.18660853 ], [ 76.81224066, 28.19094819 ], [ 76.81301692, 28.19330945 ], [ 76.80476555, 28.19733572 ], [ 76.80839104, 28.21090649 ], [ 76.83131313, 28.20925673 ], [ 76.8382749, 28.21995817 ], [ 76.86813267, 28.21976976 ], [ 76.87489195, 28.21780733 ], [ 76.87098557, 28.20662715 ], [ 76.90675362, 28.20028461 ], [ 76.90616567, 28.19734286 ], [ 76.90197351, 28.19889763 ], [ 76.89863273, 28.19338762 ], [ 76.89229437, 28.1932404 ], [ 76.89161493, 28.19028317 ], [ 76.89245665, 28.18373451 ], [ 76.90244377, 28.18114648 ], [ 76.90664314, 28.17188351 ], [ 76.91972465, 28.16693879 ], [ 76.93197686, 28.15308308 ], [ 76.95093325, 28.14987071 ], [ 76.94822122, 28.14225738 ], [ 76.97040108, 28.13846055 ], [ 76.96193631, 28.11131055 ], [ 76.95383508, 28.06263287 ], [ 76.9395919, 28.04301839 ], [ 76.93644709, 28.0126956 ], [ 76.9307867, 27.9935813 ], [ 76.93347015, 27.98206159 ], [ 76.93786333, 27.98298862 ], [ 76.93073746, 27.9532718 ], [ 76.93151402, 27.92266257 ], [ 76.95158402, 27.91834567 ], [ 76.95045531, 27.89595962 ], [ 76.93763512, 27.8965357 ], [ 76.94229423, 27.84293307 ], [ 76.93565594, 27.82913291 ], [ 76.91500269, 27.83485204 ], [ 76.91356529, 27.83201448 ], [ 76.90999325, 27.81515297 ], [ 76.91897977, 27.80445352 ], [ 76.91149766, 27.79640177 ], [ 76.91332157, 27.78890232 ], [ 76.90614745, 27.78809645 ], [ 76.90758162, 27.78266367 ], [ 76.90225808, 27.77564866 ], [ 76.90363115, 27.76964284 ], [ 76.90082495, 27.76496888 ], [ 76.90140931, 27.74400964 ], [ 76.8995718, 27.7367411 ], [ 76.89669168, 27.73815836 ], [ 76.8922586, 27.73236105 ], [ 76.89430952, 27.71796123 ], [ 76.91105511, 27.71496381 ], [ 76.91875479, 27.70983077 ], [ 76.9244385, 27.69995643 ], [ 76.92032552, 27.69574808 ], [ 76.91612919, 27.69816338 ], [ 76.90834645, 27.69371662 ], [ 76.89430652, 27.7013816 ], [ 76.88958691, 27.70078585 ], [ 76.88906258, 27.69722021 ], [ 76.90594159, 27.68632635 ], [ 76.89832726, 27.6775992 ], [ 76.91060895, 27.66805577 ], [ 76.906421, 27.66172632 ], [ 76.9117761, 27.65800246 ], [ 76.91067481, 27.65464424 ], [ 76.91545201, 27.65262 ], [ 76.92567169, 27.66133879 ], [ 76.93266057, 27.65630082 ], [ 76.94307264, 27.67385012 ], [ 76.96538018, 27.65876429 ], [ 76.97908747, 27.65363175 ], [ 76.98216207, 27.67919528 ], [ 77.00008972, 27.73700446 ], [ 77.01154233, 27.73182343 ], [ 77.01980772, 27.74580573 ], [ 77.0338251, 27.74524938 ], [ 77.03646527, 27.74864644 ], [ 77.04499693, 27.74338827 ], [ 77.04612962, 27.73733151 ], [ 77.05030983, 27.73507326 ], [ 77.04886131, 27.73152148 ], [ 77.05962512, 27.7265185 ], [ 77.0654231, 27.73143934 ], [ 77.07280634, 27.73118047 ], [ 77.08565332, 27.73812427 ], [ 77.0783203, 27.75082609 ], [ 77.07999106, 27.75743852 ], [ 77.07592461, 27.7665407 ], [ 77.07221924, 27.7645008 ], [ 77.06958106, 27.76746105 ], [ 77.05951582, 27.76096308 ], [ 77.05584479, 27.76345497 ], [ 77.056129, 27.77123387 ], [ 77.03575912, 27.78156836 ], [ 77.03441162, 27.77818574 ], [ 77.02656866, 27.77927464 ], [ 77.0386987, 27.81098713 ], [ 77.04569759, 27.81560128 ], [ 77.04271149, 27.81915181 ], [ 77.04479023, 27.82185118 ], [ 77.05555116, 27.81878425 ], [ 77.06385097, 27.81213424 ], [ 77.07460927, 27.81442937 ], [ 77.08115294, 27.80474317 ], [ 77.1084714, 27.78634562 ], [ 77.12284413, 27.79349354 ], [ 77.13450785, 27.78690567 ], [ 77.13189412, 27.77851822 ], [ 77.13525045, 27.77598909 ], [ 77.14356882, 27.78646254 ], [ 77.15649092, 27.78539594 ], [ 77.1585459, 27.78821485 ], [ 77.16151729, 27.80335539 ], [ 77.15657895, 27.81045949 ], [ 77.159504, 27.81720424 ], [ 77.16722644, 27.81381811 ], [ 77.17984406, 27.81801424 ], [ 77.18960313, 27.80985684 ], [ 77.18540288, 27.80317648 ], [ 77.17892422, 27.80525014 ], [ 77.16909, 27.79176725 ], [ 77.17701735, 27.78633657 ], [ 77.18328878, 27.78765149 ], [ 77.19856278, 27.79969121 ], [ 77.19134379, 27.80995071 ], [ 77.20206629, 27.82462714 ], [ 77.21330726, 27.80850865 ], [ 77.21066321, 27.80195476 ], [ 77.22237224, 27.79675267 ], [ 77.22657082, 27.79944778 ], [ 77.23259158, 27.79737217 ], [ 77.23830572, 27.79263195 ], [ 77.23416883, 27.78662992 ], [ 77.24173092, 27.78441076 ], [ 77.26129103, 27.80022693 ], [ 77.26871347, 27.81492323 ], [ 77.28371052, 27.80108762 ], [ 77.29014415, 27.81047189 ], [ 77.29855925, 27.8152277 ], [ 77.29647222, 27.82525252 ], [ 77.31249717, 27.82803071 ], [ 77.32069504, 27.82537211 ], [ 77.3352905, 27.83381051 ], [ 77.33198764, 27.83749519 ], [ 77.33515135, 27.84745411 ], [ 77.34832718, 27.85558332 ], [ 77.36104826, 27.85090037 ], [ 77.37701156, 27.8587756 ], [ 77.41042749, 27.85179557 ], [ 77.4217532, 27.85437474 ], [ 77.42182565, 27.85845805 ], [ 77.41149872, 27.86682013 ], [ 77.4093271, 27.87548482 ], [ 77.41876515, 27.88948614 ], [ 77.42828495, 27.89095682 ], [ 77.44997062, 27.87125285 ], [ 77.45764012, 27.87452444 ], [ 77.47224355, 27.88369155 ], [ 77.47777635, 27.89124646 ], [ 77.48037777, 27.91510523 ], [ 77.47708721, 27.91636776 ], [ 77.4796451, 27.92170046 ], [ 77.47527952, 27.92928593 ], [ 77.49220513, 27.93849447 ], [ 77.50179754, 27.92542712 ], [ 77.50769457, 27.92600527 ], [ 77.51659073, 27.93334681 ], [ 77.52938595, 27.92552105 ], [ 77.53662792, 27.93418875 ], [ 77.54500625, 27.9535996 ], [ 77.54405996, 27.96241898 ], [ 77.51885419, 27.96239829 ], [ 77.51692569, 27.97113075 ], [ 77.51937185, 27.97517944 ], [ 77.53778948, 27.97924919 ], [ 77.54240517, 27.98927112 ], [ 77.52806192, 27.99791368 ], [ 77.52121643, 28.01425615 ], [ 77.50836791, 28.02281783 ], [ 77.5127382, 28.03193073 ], [ 77.48840696, 28.03673528 ], [ 77.48363594, 28.04048854 ], [ 77.48533866, 28.04467866 ], [ 77.49868099, 28.05237798 ], [ 77.50123678, 28.05855684 ], [ 77.4997877, 28.06334525 ], [ 77.47824331, 28.08043152 ], [ 77.47434736, 28.08675548 ], [ 77.48113572, 28.09762593 ], [ 77.48261454, 28.10722385 ], [ 77.48980275, 28.10559824 ], [ 77.4922958, 28.09507657 ], [ 77.49930145, 28.09459702 ], [ 77.49845753, 28.1089779 ], [ 77.51233468, 28.1249893 ], [ 77.5091657, 28.13019995 ], [ 77.49368057, 28.13292931 ], [ 77.49135261, 28.13657496 ], [ 77.5042811, 28.14558792 ], [ 77.50055095, 28.1546696 ], [ 77.50207953, 28.16120148 ], [ 77.51116893, 28.1668848 ], [ 77.52268411, 28.16124629 ], [ 77.5368173, 28.16565054 ], [ 77.54630078, 28.17239377 ], [ 77.54962011, 28.17987492 ], [ 77.54495424, 28.19098302 ], [ 77.53075216, 28.18593298 ], [ 77.51757169, 28.19315911 ], [ 77.51277182, 28.19118374 ], [ 77.50655519, 28.18172626 ], [ 77.50120811, 28.18171807 ], [ 77.49852249, 28.18459362 ], [ 77.49729218, 28.20596528 ], [ 77.50576751, 28.20958819 ], [ 77.51756156, 28.20455247 ], [ 77.5233041, 28.19604369 ], [ 77.53037332, 28.19874894 ], [ 77.53520502, 28.21039484 ], [ 77.52149347, 28.2202138 ], [ 77.52129046, 28.22448521 ], [ 77.55041955, 28.24235845 ], [ 77.54461992, 28.24889294 ], [ 77.51882524, 28.24248525 ], [ 77.51337468, 28.24713827 ], [ 77.5086437, 28.24659429 ], [ 77.50948627, 28.24947066 ], [ 77.50121685, 28.25213006 ], [ 77.4988163, 28.2471212 ], [ 77.4927316, 28.25193632 ], [ 77.4907989, 28.27135241 ], [ 77.50329484, 28.28005846 ], [ 77.49850029, 28.28562608 ], [ 77.50294297, 28.28911213 ], [ 77.50703244, 28.30562477 ], [ 77.48571246, 28.32165554 ], [ 77.48491127, 28.32563704 ], [ 77.47165443, 28.32823306 ], [ 77.47126572, 28.33496698 ], [ 77.49630268, 28.34916463 ], [ 77.50514721, 28.36272806 ], [ 77.50010503, 28.36575144 ], [ 77.50471507, 28.36993866 ], [ 77.49122595, 28.38515119 ], [ 77.48283974, 28.38783093 ], [ 77.47344943, 28.39700574 ], [ 77.48021649, 28.39876008 ], [ 77.4836506, 28.40810543 ], [ 77.47763153, 28.41907843 ], [ 77.46345733, 28.41524717 ], [ 77.46114709, 28.41774162 ], [ 77.46250383, 28.42438387 ], [ 77.4523628, 28.42477299 ], [ 77.44125977, 28.42875163 ], [ 77.44204412, 28.43085426 ], [ 77.43552554, 28.43097718 ], [ 77.43919476, 28.43508777 ], [ 77.43597336, 28.43773676 ], [ 77.43826811, 28.43870723 ], [ 77.43344368, 28.45493617 ], [ 77.41962798, 28.45226053 ], [ 77.40005883, 28.45566799 ], [ 77.40802732, 28.46719611 ], [ 77.3919976, 28.4720429 ], [ 77.38735533, 28.46804465 ], [ 77.38047048, 28.47029923 ], [ 77.3700638, 28.48572571 ], [ 77.37173656, 28.49846292 ], [ 77.35808613, 28.50179974 ], [ 77.35246985, 28.49962034 ], [ 77.34511628, 28.51325628 ], [ 77.33611611, 28.5052202 ], [ 77.32683292, 28.49013368 ], [ 77.31409957, 28.48363294 ], [ 77.30074699, 28.48997716 ], [ 77.30054995, 28.49417344 ], [ 77.29026466, 28.49656628 ], [ 77.24341192, 28.47888265 ], [ 77.2356032, 28.47116148 ], [ 77.23292493, 28.45805552 ], [ 77.23442251, 28.45473932 ], [ 77.24251335, 28.45617623 ], [ 77.24657674, 28.45271071 ], [ 77.24896063, 28.43295157 ], [ 77.25258978, 28.43281488 ], [ 77.24924503, 28.42414954 ], [ 77.2167174, 28.40982698 ], [ 77.19052325, 28.40723851 ], [ 77.18437685, 28.41045858 ], [ 77.17449549, 28.40462636 ], [ 77.16511989, 28.41443598 ], [ 77.16588525, 28.42559774 ], [ 77.16226273, 28.42896788 ], [ 77.14844257, 28.43727337 ], [ 77.13228716, 28.43916095 ], [ 77.12381986, 28.44541895 ], [ 77.12184975, 28.45853205 ], [ 77.11093366, 28.47124234 ], [ 77.12064244, 28.49595654 ], [ 77.09796736, 28.5057539 ], [ 77.09979679, 28.51126919 ], [ 77.07224436, 28.52025512 ], [ 77.06733585, 28.51215201 ], [ 77.04657341, 28.51664455 ], [ 77.04835321, 28.52089377 ], [ 77.0434421, 28.52471683 ], [ 77.01345048, 28.54049702 ], [ 77.00663866, 28.54135979 ], [ 77.00047452, 28.53207963 ], [ 77.01703475, 28.52095113 ], [ 77.01012827, 28.51471318 ], [ 76.99655894, 28.51976398 ], [ 76.99052069, 28.51353696 ], [ 76.97809658, 28.52133757 ], [ 76.94877994, 28.5040547 ], [ 76.92735972, 28.5104271 ], [ 76.92068254, 28.50703018 ], [ 76.90798415, 28.51375231 ], [ 76.89753125, 28.50835786 ], [ 76.89143181, 28.50088351 ], [ 76.88392967, 28.50089281 ], [ 76.87961001, 28.50476516 ], [ 76.88711463, 28.52058828 ], [ 76.87700887, 28.52441883 ], [ 76.87323518, 28.53257761 ], [ 76.8674204, 28.53532628 ], [ 76.8647299, 28.54334543 ], [ 76.84535467, 28.55037715 ], [ 76.83895957, 28.57314467 ], [ 76.83966407, 28.58254497 ], [ 76.86603269, 28.58773658 ], [ 76.88826747, 28.63193295 ], [ 76.90637569, 28.62382685 ], [ 76.91434923, 28.63232206 ], [ 76.92015398, 28.63148232 ], [ 76.93463664, 28.61830363 ], [ 76.9437519, 28.62834357 ], [ 76.94515744, 28.63304792 ], [ 76.92506529, 28.65001813 ], [ 76.93501623, 28.6675323 ], [ 76.94865528, 28.66980981 ], [ 76.95343356, 28.66738741 ], [ 76.9579968, 28.68462041 ], [ 76.96785658, 28.69948943 ], [ 76.94823862, 28.71281154 ], [ 76.95995575, 28.73261493 ], [ 76.9559578, 28.73814028 ], [ 76.95861119, 28.74294573 ], [ 76.94461617, 28.75409904 ], [ 76.95579652, 28.76737162 ], [ 76.94979144, 28.77711019 ], [ 76.95377441, 28.7910651 ], [ 76.94211115, 28.79849112 ], [ 76.95080938, 28.81830937 ], [ 76.96181632, 28.81491687 ], [ 76.96709838, 28.82806517 ], [ 76.97966601, 28.82128251 ], [ 76.98699923, 28.83386228 ], [ 76.99485404, 28.83954742 ], [ 77.02332324, 28.8394061 ], [ 77.04003589, 28.83187363 ], [ 77.05780149, 28.86779352 ], [ 77.06139674, 28.87104163 ], [ 77.07451721, 28.86754358 ], [ 77.07923059, 28.8719916 ], [ 77.07765136, 28.87722983 ], [ 77.08265966, 28.88357268 ], [ 77.08681103, 28.88102396 ], [ 77.08754063, 28.87546644 ], [ 77.09490864, 28.87136374 ], [ 77.10970815, 28.87010346 ], [ 77.12120578, 28.85828884 ], [ 77.12487691, 28.85770982 ], [ 77.13227887, 28.86334925 ], [ 77.14037297, 28.86201073 ], [ 77.14530075, 28.85355016 ], [ 77.14240758, 28.83894152 ], [ 77.15708403, 28.83673956 ], [ 77.16603951, 28.84918225 ], [ 77.17195178, 28.84999065 ], [ 77.17519393, 28.85828168 ], [ 77.20983743, 28.85793029 ], [ 77.20780308, 28.86200496 ], [ 77.18927653, 28.8681489 ], [ 77.19210274, 28.87579664 ], [ 77.18903319, 28.88022491 ], [ 77.19545266, 28.88624763 ], [ 77.20819912, 28.88814848 ], [ 77.22054609, 28.87883591 ], [ 77.22808589, 28.88123505 ], [ 77.22757104, 28.89402863 ], [ 77.23232102, 28.89759149 ], [ 77.23436292, 28.91031654 ], [ 77.23235134, 28.91977352 ], [ 77.21344385, 28.93317527 ], [ 77.20061232, 28.93431905 ], [ 77.19547023, 28.94049804 ], [ 77.19727332, 28.94652768 ], [ 77.19279123, 28.95887846 ], [ 77.1949745, 28.96716211 ], [ 77.20006937, 28.97129941 ], [ 77.20235468, 28.98724404 ], [ 77.19801964, 28.98977119 ], [ 77.19096284, 29.00595985 ], [ 77.19310392, 29.01320229 ], [ 77.18912123, 29.02771282 ], [ 77.18511378, 29.03153148 ], [ 77.17774923, 29.02967883 ], [ 77.16696059, 29.03385842 ], [ 77.17212095, 29.04654085 ], [ 77.16375707, 29.07947488 ], [ 77.14675292, 29.08059435 ], [ 77.13396567, 29.09605024 ], [ 77.13894423, 29.10803795 ], [ 77.14607471, 29.11056609 ], [ 77.14905719, 29.11782575 ], [ 77.14744043, 29.13356824 ], [ 77.13594515, 29.14205299 ], [ 77.1362, 29.14956848 ], [ 77.14288298, 29.15627789 ], [ 77.14726904, 29.17964232 ], [ 77.14023668, 29.19207201 ], [ 77.14328031, 29.1943823 ], [ 77.14218404, 29.20412199 ], [ 77.13432403, 29.21005407 ], [ 77.13142322, 29.21746484 ], [ 77.13347665, 29.22351758 ], [ 77.14998709, 29.23280093 ], [ 77.14945089, 29.25001677 ], [ 77.14015887, 29.2611484 ], [ 77.13894283, 29.26788835 ], [ 77.15065079, 29.29475522 ], [ 77.15827891, 29.30292541 ], [ 77.16055078, 29.31344955 ], [ 77.15652024, 29.32283373 ], [ 77.16115368, 29.33241104 ], [ 77.15974949, 29.33683253 ], [ 77.15173942, 29.34115597 ], [ 77.13527902, 29.33994888 ], [ 77.12959174, 29.34257697 ], [ 77.12443964, 29.35147659 ], [ 77.1289436, 29.35708068 ], [ 77.12328669, 29.37039318 ], [ 77.12701868, 29.37580997 ], [ 77.13981386, 29.37649774 ], [ 77.15739688, 29.38735924 ], [ 77.15346946, 29.39072133 ], [ 77.15089508, 29.38721911 ], [ 77.14736704, 29.38790529 ], [ 77.13335141, 29.40097171 ], [ 77.1331126, 29.41882371 ], [ 77.14434869, 29.42658465 ], [ 77.14841697, 29.43413109 ], [ 77.14451324, 29.44536283 ], [ 77.13391878, 29.44756031 ], [ 77.12320539, 29.45542226 ], [ 77.12266944, 29.46893509 ], [ 77.13075439, 29.47603857 ], [ 77.13320727, 29.48318508 ], [ 77.11301014, 29.50663538 ], [ 77.1035628, 29.50728833 ], [ 77.09637073, 29.51952942 ], [ 77.09753429, 29.52737418 ], [ 77.10248477, 29.53236855 ], [ 77.10218447, 29.53884899 ], [ 77.10835095, 29.54786069 ], [ 77.12191486, 29.55203765 ], [ 77.12683748, 29.55948102 ], [ 77.12099089, 29.56650382 ], [ 77.10500975, 29.57224026 ], [ 77.09579228, 29.58248607 ], [ 77.08395554, 29.58727466 ], [ 77.08805062, 29.59406228 ], [ 77.10202236, 29.59416252 ], [ 77.10952635, 29.59746995 ], [ 77.11302946, 29.61065979 ], [ 77.10378859, 29.61408702 ], [ 77.10158307, 29.61986045 ], [ 77.10621159, 29.6323606 ], [ 77.11477684, 29.63831129 ], [ 77.11880968, 29.63555085 ], [ 77.13152227, 29.64187042 ], [ 77.13240053, 29.64727876 ], [ 77.14101529, 29.65500048 ], [ 77.13806291, 29.66665664 ], [ 77.14655017, 29.67226231 ], [ 77.14245094, 29.68047992 ], [ 77.15655652, 29.69261735 ], [ 77.14955191, 29.70948109 ], [ 77.13423036, 29.7184629 ], [ 77.13361116, 29.72850839 ], [ 77.13907441, 29.73230145 ], [ 77.13905977, 29.73824651 ], [ 77.13549927, 29.74411531 ], [ 77.12245793, 29.75126903 ], [ 77.11981081, 29.76011005 ], [ 77.12530636, 29.76953294 ], [ 77.14662373, 29.77186763 ], [ 77.1514831, 29.78830821 ], [ 77.1642987, 29.79175565 ], [ 77.17259832, 29.80167184 ], [ 77.1724875, 29.80779741 ], [ 77.17940555, 29.81310826 ], [ 77.17824944, 29.845794 ], [ 77.18693873, 29.85786863 ], [ 77.19733547, 29.85876539 ], [ 77.20203693, 29.8689387 ], [ 77.20013765, 29.88952636 ], [ 77.18828315, 29.89419657 ], [ 77.18576345, 29.90756268 ], [ 77.18991934, 29.91325763 ], [ 77.19936414, 29.91425845 ], [ 77.21737817, 29.92337146 ], [ 77.2368243, 29.95533676 ], [ 77.24413341, 29.95998518 ], [ 77.24693041, 29.97673488 ], [ 77.26112731, 29.98206192 ], [ 77.27600847, 29.99609182 ], [ 77.27554997, 30.00639444 ], [ 77.28226065, 30.02946158 ], [ 77.27635883, 30.03760331 ], [ 77.27777518, 30.04186226 ], [ 77.2849341, 30.04244918 ], [ 77.30297155, 30.05535576 ], [ 77.33429489, 30.05379035 ], [ 77.3452149, 30.06937255 ], [ 77.36262778, 30.07642962 ], [ 77.37878827, 30.0914301 ], [ 77.38254762, 30.0925399 ], [ 77.3882674, 30.08789922 ], [ 77.3914405, 30.09080589 ], [ 77.40516272, 30.08914419 ], [ 77.42078036, 30.10161486 ], [ 77.42195809, 30.10390889 ], [ 77.40932664, 30.10506394 ], [ 77.40249775, 30.1110235 ], [ 77.40484167, 30.11395988 ], [ 77.41303484, 30.11386308 ], [ 77.42350015, 30.13092858 ], [ 77.41835336, 30.13497006 ], [ 77.42069035, 30.14799518 ], [ 77.4257967, 30.15488327 ], [ 77.42408187, 30.15714285 ], [ 77.42974866, 30.16403415 ], [ 77.43480433, 30.16404551 ], [ 77.43587422, 30.16078975 ], [ 77.44070679, 30.16503487 ], [ 77.44966663, 30.16581261 ], [ 77.45572709, 30.16285852 ], [ 77.46880512, 30.18017663 ], [ 77.47724576, 30.18243353 ], [ 77.49974763, 30.21336585 ], [ 77.50461722, 30.22524819 ], [ 77.53050771, 30.25251429 ], [ 77.5382521, 30.27857385 ], [ 77.58354879, 30.3074167 ], [ 77.58673359, 30.31489522 ], [ 77.57827922, 30.32986927 ], [ 77.5867258, 30.34102553 ], [ 77.59193565, 30.35498388 ], [ 77.60172199, 30.36163596 ], [ 77.60434681, 30.36854277 ], [ 77.59151793, 30.37265917 ], [ 77.58773215, 30.37897903 ], [ 77.58103369, 30.37769463 ], [ 77.55479805, 30.39092111 ], [ 77.54984649, 30.39589669 ], [ 77.55172601, 30.3990049 ], [ 77.53232436, 30.42052148 ], [ 77.52932854, 30.4366359 ], [ 77.52320247, 30.44353104 ], [ 77.51850026, 30.44334207 ], [ 77.50651042, 30.42753806 ], [ 77.50541035, 30.40913994 ], [ 77.50248489, 30.40466844 ], [ 77.49462, 30.40479583 ], [ 77.48930612, 30.41056108 ], [ 77.46946817, 30.39991523 ], [ 77.45202192, 30.40004609 ], [ 77.44324006, 30.39539636 ], [ 77.43651348, 30.40320728 ], [ 77.42141967, 30.40325555 ], [ 77.42232269, 30.40972687 ], [ 77.4286796, 30.41063796 ], [ 77.43196538, 30.41580829 ], [ 77.44286787, 30.41741133 ], [ 77.45156838, 30.43201634 ], [ 77.45884931, 30.43285468 ], [ 77.45882732, 30.44186993 ], [ 77.46345133, 30.44781765 ], [ 77.45647965, 30.45566247 ], [ 77.45367131, 30.45608942 ], [ 77.44927556, 30.44612324 ], [ 77.43412431, 30.4311014 ], [ 77.41611127, 30.42392554 ], [ 77.41386532, 30.41697296 ], [ 77.40840589, 30.41418325 ], [ 77.40846387, 30.40879658 ], [ 77.40472286, 30.40864465 ], [ 77.39789481, 30.41619947 ], [ 77.40728104, 30.42716305 ], [ 77.3908395, 30.43002504 ], [ 77.38996291, 30.43953487 ], [ 77.38713967, 30.44004731 ], [ 77.36741145, 30.4402624 ], [ 77.36429236, 30.43272857 ], [ 77.36375452, 30.44125991 ], [ 77.35423387, 30.45820872 ], [ 77.33387573, 30.4552479 ], [ 77.32085422, 30.44583178 ], [ 77.32049668, 30.44888356 ], [ 77.30543813, 30.45354033 ], [ 77.30579487, 30.45704345 ], [ 77.29890434, 30.46046395 ], [ 77.29555675, 30.46657535 ], [ 77.29053265, 30.46290035 ], [ 77.27685356, 30.46423034 ], [ 77.27647654, 30.4748236 ], [ 77.26891575, 30.48133059 ], [ 77.24345591, 30.47563063 ], [ 77.22648003, 30.4804531 ], [ 77.21073444, 30.46477622 ], [ 77.20777771, 30.47442075 ], [ 77.20945103, 30.48901054 ], [ 77.2068187, 30.50581665 ], [ 77.19514797, 30.5231529 ], [ 77.16896734, 30.53608389 ], [ 77.14471664, 30.53907808 ], [ 77.13532011, 30.54545425 ], [ 77.12293191, 30.5628674 ], [ 77.13814768, 30.57083963 ], [ 77.13969041, 30.5794238 ], [ 77.14750771, 30.57827059 ], [ 77.1521142, 30.58447188 ], [ 77.15946443, 30.58729809 ], [ 77.15836231, 30.58996088 ], [ 77.16434156, 30.5926121 ], [ 77.16308264, 30.5953057 ], [ 77.17231468, 30.6013095 ], [ 77.16948059, 30.60498711 ], [ 77.17246956, 30.60937044 ], [ 77.17134971, 30.62770544 ], [ 77.17690529, 30.63702492 ], [ 77.16748973, 30.64245404 ], [ 77.16344077, 30.65091559 ], [ 77.16881535, 30.66978332 ], [ 77.16088132, 30.68025682 ], [ 77.16718596, 30.68395614 ], [ 77.16120698, 30.69098137 ], [ 77.15482202, 30.69265334 ], [ 77.14786558, 30.69952128 ], [ 77.14227849, 30.69951401 ], [ 77.13759867, 30.70623902 ], [ 77.128836, 30.71080322 ], [ 77.12430686, 30.72184434 ], [ 77.11385118, 30.71807588 ], [ 77.11403006, 30.72811511 ], [ 77.09578952, 30.73874723 ], [ 77.07931055, 30.74063439 ], [ 77.06960853, 30.73767398 ], [ 77.06432, 30.74225593 ], [ 77.05741645, 30.7420103 ], [ 77.04935845, 30.74932133 ], [ 77.0505189, 30.74569869 ], [ 77.04703638, 30.74804882 ], [ 77.04375339, 30.74630234 ], [ 77.04783872, 30.73802461 ], [ 77.02975679, 30.73368814 ], [ 77.02053166, 30.7400533 ], [ 77.02392536, 30.74696223 ], [ 77.02067808, 30.75197799 ], [ 77.01629888, 30.75021557 ], [ 77.01860599, 30.76531248 ], [ 77.00111972, 30.77003933 ], [ 77.01857944, 30.78007816 ], [ 77.01803565, 30.78636201 ], [ 77.01299392, 30.78872561 ], [ 77.01502878, 30.79278442 ], [ 77.01224561, 30.80989806 ], [ 77.00249028, 30.80638986 ], [ 76.99852728, 30.81185886 ], [ 76.98123993, 30.81432321 ], [ 76.9683494, 30.82544573 ], [ 76.96474894, 30.82570541 ], [ 76.96146895, 30.82058428 ], [ 76.95864978, 30.82508263 ], [ 76.95055639, 30.81376305 ], [ 76.94593029, 30.81846962 ], [ 76.94262697, 30.81748377 ], [ 76.9489396, 30.82448873 ], [ 76.94398458, 30.83771025 ], [ 76.9512389, 30.85057749 ], [ 76.94418921, 30.85511287 ], [ 76.93628529, 30.87464771 ], [ 76.92837593, 30.87147917 ], [ 76.91740167, 30.88351576 ], [ 76.91479058, 30.89163898 ], [ 76.9168603, 30.90082056 ], [ 76.90860492, 30.89421145 ], [ 76.8949391, 30.89047109 ], [ 76.89530707, 30.88705721 ], [ 76.87593511, 30.88095677 ], [ 76.87836115, 30.87579732 ], [ 76.86956668, 30.87317707 ], [ 76.85107451, 30.89000608 ], [ 76.84245622, 30.89061756 ] ] ], [ [ [ 76.43916262, 28.11080938 ], [ 76.44073803, 28.12077605 ], [ 76.43326255, 28.13034442 ], [ 76.43360172, 28.13641262 ], [ 76.42889986, 28.13839518 ], [ 76.42181298, 28.12251638 ], [ 76.4229072, 28.11429443 ], [ 76.43047294, 28.10974031 ], [ 76.43916262, 28.11080938 ] ] ] ] } },
{ "type": "Feature", "properties": { "GmlID": "State_NWIC.16", "objectid": 16, "State": "JK", "state_code": "01", "st_area_shape_": 52769670022.853615, "st_length_shape_": 1471964.85413225 }, "geometry": { "type": "Polygon", "coordinates": [ [ [ 74.53979732, 35.07497674 ], [ 74.49944147, 35.11558626 ], [ 74.45849978, 35.12526594 ], [ 74.4399404, 35.12594326 ], [ 74.43873921, 35.13006755 ], [ 74.41528636, 35.1117362 ], [ 74.41061638, 35.10129403 ], [ 74.3995617, 35.09182243 ], [ 74.38197635, 35.06781975 ], [ 74.34751619, 35.06487069 ], [ 74.3052312, 35.06762736 ], [ 74.29270584, 35.06451696 ], [ 74.28822631, 35.04767664 ], [ 74.26517309, 35.04085719 ], [ 74.24513409, 35.05210961 ], [ 74.24140713, 35.06005922 ], [ 74.24022333, 35.07913848 ], [ 74.23522632, 35.0813879 ], [ 74.22697898, 35.07429595 ], [ 74.21993211, 35.07533508 ], [ 74.2175471, 35.08222788 ], [ 74.22022142, 35.08858512 ], [ 74.21514294, 35.09371537 ], [ 74.15610562, 35.09087732 ], [ 74.13374491, 35.10464679 ], [ 74.1191467, 35.10419819 ], [ 74.10143039, 35.09914151 ], [ 74.0819064, 35.07936751 ], [ 74.07989654, 35.06811599 ], [ 74.0729393, 35.0614455 ], [ 74.071167, 35.05849066 ], [ 74.07358243, 35.05460481 ], [ 74.06673763, 35.04627144 ], [ 74.0734199, 35.04577205 ], [ 74.07796247, 35.03865681 ], [ 74.08943337, 35.03295942 ], [ 74.0982856, 35.03208192 ], [ 74.10974404, 35.01607642 ], [ 74.09749525, 35.01048367 ], [ 74.09482408, 35.00425667 ], [ 74.0896088, 35.00177974 ], [ 74.06555424, 34.9977942 ], [ 74.05932483, 34.99267553 ], [ 74.06328939, 34.98328232 ], [ 74.06095754, 34.967735 ], [ 74.07117045, 34.93548157 ], [ 74.03720021, 34.91922787 ], [ 74.03472282, 34.9014997 ], [ 74.04196707, 34.8910301 ], [ 74.03079864, 34.88303236 ], [ 74.0299157, 34.87628113 ], [ 74.02043383, 34.8724635 ], [ 74.01503697, 34.87524756 ], [ 74.0005077, 34.87523218 ], [ 73.99909373, 34.86885083 ], [ 73.99272252, 34.8659173 ], [ 73.96743254, 34.86376394 ], [ 73.96099754, 34.83855928 ], [ 73.9513495, 34.83363876 ], [ 73.93046814, 34.83238983 ], [ 73.92576767, 34.8175616 ], [ 73.91937364, 34.81164783 ], [ 73.9049122, 34.81283586 ], [ 73.89931571, 34.81877251 ], [ 73.89499177, 34.81896993 ], [ 73.85666319, 34.80851043 ], [ 73.84314418, 34.81427755 ], [ 73.83771234, 34.8131556 ], [ 73.82177602, 34.79209879 ], [ 73.80078114, 34.79472687 ], [ 73.78372843, 34.79138911 ], [ 73.77230683, 34.79610809 ], [ 73.73710186, 34.77253518 ], [ 73.72994218, 34.77222199 ], [ 73.71184855, 34.74293749 ], [ 73.70462828, 34.72200669 ], [ 73.6845811, 34.70753244 ], [ 73.67896682, 34.69357769 ], [ 73.66827943, 34.68826889 ], [ 73.65905375, 34.67309721 ], [ 73.66351184, 34.66322284 ], [ 73.68771573, 34.65552942 ], [ 73.69499902, 34.65005472 ], [ 73.69047503, 34.64109969 ], [ 73.65375517, 34.60052805 ], [ 73.65979942, 34.5797469 ], [ 73.65026362, 34.56196425 ], [ 73.63300918, 34.56261501 ], [ 73.62518886, 34.57558195 ], [ 73.61114984, 34.58482137 ], [ 73.57227893, 34.58366831 ], [ 73.5561315, 34.58983647 ], [ 73.53217693, 34.57098408 ], [ 73.49324005, 34.57475481 ], [ 73.4702113, 34.56847612 ], [ 73.46393756, 34.57189847 ], [ 73.45383873, 34.57106412 ], [ 73.44825171, 34.5670926 ], [ 73.44348178, 34.55558428 ], [ 73.44629907, 34.53961252 ], [ 73.44086915, 34.52784904 ], [ 73.43080691, 34.52133059 ], [ 73.43726695, 34.50653972 ], [ 73.43516778, 34.4848509 ], [ 73.42194229, 34.46605101 ], [ 73.42578301, 34.45620995 ], [ 73.42773753, 34.42603762 ], [ 73.40915149, 34.37758199 ], [ 73.39912497, 34.37547858 ], [ 73.39609681, 34.37160921 ], [ 73.40786069, 34.35028058 ], [ 73.42994303, 34.34629768 ], [ 73.42507378, 34.33724599 ], [ 73.43310918, 34.32764547 ], [ 73.44451785, 34.32137519 ], [ 73.44719499, 34.31337015 ], [ 73.44555023, 34.30313014 ], [ 73.45223613, 34.30052965 ], [ 73.46040649, 34.28913595 ], [ 73.45558407, 34.28081605 ], [ 73.45670928, 34.27645406 ], [ 73.47199423, 34.28380024 ], [ 73.475503, 34.29133191 ], [ 73.48080653, 34.28944495 ], [ 73.48448299, 34.27463873 ], [ 73.47594376, 34.26774288 ], [ 73.47283366, 34.25230219 ], [ 73.48202228, 34.23086677 ], [ 73.49853775, 34.21121777 ], [ 73.49275072, 34.20155904 ], [ 73.49437996, 34.19530873 ], [ 73.49110642, 34.18533205 ], [ 73.49357081, 34.17607125 ], [ 73.49083958, 34.17082141 ], [ 73.49355443, 34.14723792 ], [ 73.49093342, 34.13966834 ], [ 73.49719225, 34.13245611 ], [ 73.49443337, 34.12467984 ], [ 73.50129469, 34.09660261 ], [ 73.49968437, 34.07469086 ], [ 73.50779651, 34.06485765 ], [ 73.51135646, 34.0326042 ], [ 73.51788852, 34.02179997 ], [ 73.51645326, 33.99883292 ], [ 73.52778242, 33.98814852 ], [ 73.53779149, 33.95634482 ], [ 73.54760861, 33.93693665 ], [ 73.557718, 33.92990053 ], [ 73.56312042, 33.92047354 ], [ 73.58443645, 33.90495627 ], [ 73.59283978, 33.89379972 ], [ 73.59325586, 33.87872777 ], [ 73.58789756, 33.87452066 ], [ 73.58716316, 33.86067416 ], [ 73.57795177, 33.84748813 ], [ 73.57470497, 33.82245055 ], [ 73.56970624, 33.81527479 ], [ 73.55992252, 33.78132942 ], [ 73.57482665, 33.76329226 ], [ 73.58395768, 33.76009499 ], [ 73.59464599, 33.751233 ], [ 73.60302154, 33.72848367 ], [ 73.60313599, 33.71508702 ], [ 73.59715034, 33.69976147 ], [ 73.5786821, 33.68358374 ], [ 73.5674587, 33.66848607 ], [ 73.5678889, 33.66007339 ], [ 73.57774325, 33.63805776 ], [ 73.56715514, 33.61773813 ], [ 73.58826992, 33.61541182 ], [ 73.59853987, 33.60017079 ], [ 73.60914531, 33.6055 ], [ 73.61190195, 33.60378035 ], [ 73.60498356, 33.58869524 ], [ 73.62194004, 33.58071822 ], [ 73.62868884, 33.5710838 ], [ 73.62441429, 33.5408697 ], [ 73.64102183, 33.53173843 ], [ 73.6417727, 33.52850686 ], [ 73.64110769, 33.52553823 ], [ 73.63029804, 33.52441821 ], [ 73.62045194, 33.51585938 ], [ 73.61144706, 33.51305906 ], [ 73.61940935, 33.49931697 ], [ 73.6186833, 33.49535042 ], [ 73.60539835, 33.50033404 ], [ 73.60206804, 33.49668409 ], [ 73.60424686, 33.48579589 ], [ 73.61094334, 33.48230137 ], [ 73.61046734, 33.47093141 ], [ 73.61437438, 33.47615276 ], [ 73.6186682, 33.47616292 ], [ 73.61995464, 33.46251708 ], [ 73.63053134, 33.46004739 ], [ 73.63189208, 33.44759447 ], [ 73.61592371, 33.44770155 ], [ 73.60936587, 33.43819709 ], [ 73.59606437, 33.4389835 ], [ 73.59594038, 33.42939476 ], [ 73.58939702, 33.42768401 ], [ 73.58670748, 33.42280798 ], [ 73.60173373, 33.42294316 ], [ 73.60316013, 33.41908251 ], [ 73.59087593, 33.41322758 ], [ 73.58850063, 33.40573664 ], [ 73.58190932, 33.40322816 ], [ 73.58096756, 33.39550957 ], [ 73.57331747, 33.39182457 ], [ 73.56517929, 33.36621448 ], [ 73.57187823, 33.35664998 ], [ 73.58146774, 33.35848755 ], [ 73.58376729, 33.35567841 ], [ 73.57055763, 33.34307596 ], [ 73.57840992, 33.32867565 ], [ 73.58306918, 33.32896145 ], [ 73.59355853, 33.34006505 ], [ 73.59802721, 33.33751981 ], [ 73.59935641, 33.32950881 ], [ 73.59015393, 33.32693279 ], [ 73.58929569, 33.32353891 ], [ 73.59420567, 33.31759135 ], [ 73.59564204, 33.30283865 ], [ 73.61417048, 33.29289416 ], [ 73.60552617, 33.28541317 ], [ 73.60651434, 33.27371342 ], [ 73.61520643, 33.2579702 ], [ 73.6131968, 33.24820992 ], [ 73.61941139, 33.24612494 ], [ 73.62178495, 33.23599233 ], [ 73.63756242, 33.23041116 ], [ 73.63780437, 33.22569994 ], [ 73.63173479, 33.22316352 ], [ 73.63451169, 33.21790577 ], [ 73.63354989, 33.20763696 ], [ 73.63951223, 33.20502143 ], [ 73.64266596, 33.21924863 ], [ 73.64762171, 33.2228231 ], [ 73.65562832, 33.21171291 ], [ 73.66418465, 33.20762586 ], [ 73.66800893, 33.2018573 ], [ 73.66263781, 33.19170623 ], [ 73.66642418, 33.18186238 ], [ 73.66190679, 33.17329903 ], [ 73.66448202, 33.16134612 ], [ 73.64989199, 33.15657595 ], [ 73.64868766, 33.13747236 ], [ 73.64402527, 33.13677663 ], [ 73.63629823, 33.14200051 ], [ 73.63120112, 33.13951637 ], [ 73.63929114, 33.1281339 ], [ 73.63132474, 33.11755229 ], [ 73.63303537, 33.09181482 ], [ 73.63989578, 33.08310282 ], [ 73.64943872, 33.08634199 ], [ 73.67284372, 33.08224249 ], [ 73.68157185, 33.08747379 ], [ 73.6997289, 33.08489005 ], [ 73.74283089, 33.06615376 ], [ 73.74986016, 33.05799944 ], [ 73.7491067, 33.03362003 ], [ 73.76442923, 33.02031808 ], [ 73.77303384, 33.01788153 ], [ 73.78434515, 33.00725815 ], [ 73.79450991, 33.00359208 ], [ 73.79831414, 32.98896184 ], [ 73.78994467, 32.97762523 ], [ 73.79043018, 32.96681193 ], [ 73.80931058, 32.96757538 ], [ 73.82597044, 32.97723945 ], [ 73.82566293, 33.00401144 ], [ 73.86943988, 33.00280289 ], [ 73.88065297, 32.9974653 ], [ 73.89874385, 33.00222794 ], [ 73.90826402, 33.00143263 ], [ 73.92498634, 32.98837535 ], [ 73.94144644, 32.98242972 ], [ 73.96464469, 32.9871237 ], [ 73.97237063, 32.96720659 ], [ 73.99834018, 32.96203084 ], [ 74.00618409, 32.95490702 ], [ 73.99870575, 32.93947968 ], [ 73.99968101, 32.93540006 ], [ 74.02446457, 32.92974863 ], [ 74.05816285, 32.93453761 ], [ 74.05968263, 32.92008723 ], [ 74.06352282, 32.91692102 ], [ 74.0634297, 32.91245431 ], [ 74.0689524, 32.90955575 ], [ 74.09046845, 32.90799365 ], [ 74.11678826, 32.89760192 ], [ 74.14425533, 32.89495281 ], [ 74.16563358, 32.88689537 ], [ 74.17880372, 32.88949594 ], [ 74.19072088, 32.88294909 ], [ 74.19425554, 32.87391888 ], [ 74.21126447, 32.87343373 ], [ 74.21415808, 32.86268051 ], [ 74.21984614, 32.86231262 ], [ 74.2197335, 32.8488204 ], [ 74.26342978, 32.8420917 ], [ 74.26772884, 32.83223167 ], [ 74.28051623, 32.83387578 ], [ 74.30339775, 32.82984051 ], [ 74.31280761, 32.8221189 ], [ 74.30827657, 32.80758626 ], [ 74.31513225, 32.80468233 ], [ 74.31448864, 32.79694521 ], [ 74.32722658, 32.79058629 ], [ 74.33367066, 32.78035243 ], [ 74.35133165, 32.77464037 ], [ 74.3550474, 32.76700123 ], [ 74.3910033, 32.7631634 ], [ 74.39423482, 32.77212066 ], [ 74.40292917, 32.76738185 ], [ 74.40759627, 32.77898473 ], [ 74.41526113, 32.7845588 ], [ 74.44446518, 32.78350788 ], [ 74.45940891, 32.78774237 ], [ 74.46458018, 32.77590005 ], [ 74.47590688, 32.77543163 ], [ 74.48607577, 32.76444633 ], [ 74.51161886, 32.76453265 ], [ 74.51524542, 32.75583741 ], [ 74.51407021, 32.75107412 ], [ 74.51005643, 32.75103188 ], [ 74.51159109, 32.74550112 ], [ 74.52704635, 32.74680659 ], [ 74.53185104, 32.74436487 ], [ 74.53588245, 32.74985704 ], [ 74.54212021, 32.74856855 ], [ 74.54334309, 32.75253977 ], [ 74.54405308, 32.74802963 ], [ 74.5482226, 32.74684821 ], [ 74.54702758, 32.75182215 ], [ 74.55425171, 32.75837586 ], [ 74.56278694, 32.76007306 ], [ 74.57622126, 32.7566086 ], [ 74.57402246, 32.75050452 ], [ 74.57684232, 32.74790143 ], [ 74.58238937, 32.75278688 ], [ 74.58991331, 32.75063938 ], [ 74.59604872, 32.75645836 ], [ 74.6190779, 32.76066866 ], [ 74.63425836, 32.7495406 ], [ 74.63804439, 32.7516563 ], [ 74.63835372, 32.75862282 ], [ 74.63035632, 32.76842937 ], [ 74.63229337, 32.77639726 ], [ 74.63966804, 32.78206139 ], [ 74.65401306, 32.78086643 ], [ 74.65835745, 32.78765435 ], [ 74.63462641, 32.80662387 ], [ 74.6405217, 32.81894448 ], [ 74.6556228, 32.83209516 ], [ 74.6678791, 32.82504457 ], [ 74.68358943, 32.83677016 ], [ 74.70477371, 32.84194786 ], [ 74.70395166, 32.816992 ], [ 74.67842105, 32.77255827 ], [ 74.67490756, 32.75599031 ], [ 74.6559134, 32.72796055 ], [ 74.66371115, 32.72395191 ], [ 74.65796756, 32.71504523 ], [ 74.65349777, 32.69668525 ], [ 74.66695457, 32.67527195 ], [ 74.68239229, 32.67226055 ], [ 74.68255268, 32.66883096 ], [ 74.69526405, 32.66543626 ], [ 74.69526869, 32.66131315 ], [ 74.68886735, 32.65191647 ], [ 74.68072093, 32.65252454 ], [ 74.67126258, 32.64521913 ], [ 74.67038369, 32.63894988 ], [ 74.66232189, 32.63507865 ], [ 74.65509975, 32.636952 ], [ 74.65494498, 32.6152058 ], [ 74.6390457, 32.61464223 ], [ 74.64184182, 32.60054735 ], [ 74.65877075, 32.59684539 ], [ 74.65711268, 32.59263487 ], [ 74.64889437, 32.5879818 ], [ 74.64983008, 32.58240599 ], [ 74.65468719, 32.5808333 ], [ 74.65253985, 32.56296429 ], [ 74.67383527, 32.56797636 ], [ 74.67449025, 32.55443251 ], [ 74.66274134, 32.55382754 ], [ 74.66288244, 32.54452165 ], [ 74.69060918, 32.53296104 ], [ 74.69073441, 32.52348033 ], [ 74.6825695, 32.50970366 ], [ 74.6856557, 32.50664466 ], [ 74.6821007, 32.49358762 ], [ 74.68787853, 32.48691366 ], [ 74.6935809, 32.48648504 ], [ 74.70109725, 32.49292682 ], [ 74.71018302, 32.49261737 ], [ 74.71367268, 32.48804474 ], [ 74.71117938, 32.47817737 ], [ 74.71449661, 32.47685969 ], [ 74.72745868, 32.4758153 ], [ 74.72834533, 32.48076816 ], [ 74.75155066, 32.47829501 ], [ 74.75462807, 32.48207729 ], [ 74.79477318, 32.47640322 ], [ 74.79953663, 32.47781232 ], [ 74.80049741, 32.48232223 ], [ 74.81281856, 32.47963686 ], [ 74.81875336, 32.49791361 ], [ 74.8355224, 32.49516011 ], [ 74.84707691, 32.48917935 ], [ 74.85863868, 32.49284757 ], [ 74.86528662, 32.48634321 ], [ 74.87074333, 32.48595717 ], [ 74.87728132, 32.492969 ], [ 74.88389504, 32.48874654 ], [ 74.87913578, 32.48198857 ], [ 74.8792516, 32.47671823 ], [ 74.90079031, 32.46737751 ], [ 74.90830921, 32.47231601 ], [ 74.91742135, 32.46426928 ], [ 74.9309964, 32.47124165 ], [ 74.93793505, 32.47129726 ], [ 74.9361968, 32.46753286 ], [ 74.94163202, 32.46284575 ], [ 74.94704173, 32.44842094 ], [ 74.9526615, 32.44749575 ], [ 74.9685789, 32.45933548 ], [ 74.98651834, 32.45044222 ], [ 75.0193016, 32.46616217 ], [ 75.01681658, 32.47946214 ], [ 75.02802275, 32.4970858 ], [ 75.05476914, 32.48163569 ], [ 75.06781816, 32.47774339 ], [ 75.06994055, 32.47972979 ], [ 75.08553853, 32.46876027 ], [ 75.09272916, 32.47016278 ], [ 75.09897607, 32.47774117 ], [ 75.10665698, 32.47406024 ], [ 75.1077685, 32.46057224 ], [ 75.11927298, 32.45421705 ], [ 75.11859759, 32.44433997 ], [ 75.12445315, 32.43461892 ], [ 75.13322686, 32.42780289 ], [ 75.12725204, 32.42550983 ], [ 75.1266324, 32.42028017 ], [ 75.13156933, 32.4145561 ], [ 75.13144233, 32.40897501 ], [ 75.15266256, 32.42108105 ], [ 75.16016013, 32.41868139 ], [ 75.16385566, 32.42263647 ], [ 75.17679077, 32.42137108 ], [ 75.18976564, 32.42580587 ], [ 75.19174624, 32.42209462 ], [ 75.19957883, 32.42041709 ], [ 75.19915657, 32.41122741 ], [ 75.19244783, 32.41012027 ], [ 75.19395485, 32.40046901 ], [ 75.20763291, 32.39479381 ], [ 75.21488191, 32.40125212 ], [ 75.24155086, 32.38518261 ], [ 75.25594392, 32.38926534 ], [ 75.25542292, 32.37687717 ], [ 75.25812934, 32.3714124 ], [ 75.2753819, 32.3750641 ], [ 75.28974831, 32.36984227 ], [ 75.28830236, 32.35448105 ], [ 75.29887332, 32.35351529 ], [ 75.30215956, 32.34428494 ], [ 75.32260955, 32.34352126 ], [ 75.32777144, 32.32611669 ], [ 75.3357118, 32.33005275 ], [ 75.33662655, 32.33730777 ], [ 75.34136122, 32.3381226 ], [ 75.33832822, 32.34120961 ], [ 75.34143043, 32.34610028 ], [ 75.34933846, 32.34500168 ], [ 75.35555996, 32.33705658 ], [ 75.36265607, 32.33615818 ], [ 75.36336425, 32.33348118 ], [ 75.37519443, 32.33784644 ], [ 75.39386823, 32.32756646 ], [ 75.39949075, 32.33066906 ], [ 75.40382475, 32.3278339 ], [ 75.41078097, 32.32894891 ], [ 75.4190299, 32.3200532 ], [ 75.43104187, 32.31595043 ], [ 75.44106539, 32.31843611 ], [ 75.44832507, 32.32647509 ], [ 75.46755374, 32.32556129 ], [ 75.46886964, 32.32839279 ], [ 75.46604233, 32.32995922 ], [ 75.47161324, 32.33376099 ], [ 75.4685806, 32.33897568 ], [ 75.47853952, 32.33897465 ], [ 75.48916651, 32.34599981 ], [ 75.49464383, 32.34111383 ], [ 75.48018233, 32.33433354 ], [ 75.48579134, 32.32421014 ], [ 75.48213566, 32.32043556 ], [ 75.51211943, 32.30794118 ], [ 75.50343539, 32.29167009 ], [ 75.50932816, 32.28375844 ], [ 75.51818156, 32.28128549 ], [ 75.5210018, 32.27701717 ], [ 75.53344782, 32.27765977 ], [ 75.54287951, 32.30786512 ], [ 75.54219927, 32.32188 ], [ 75.53711099, 32.32600454 ], [ 75.53889287, 32.3337585 ], [ 75.55093073, 32.34939068 ], [ 75.59673288, 32.37766955 ], [ 75.63109756, 32.37949275 ], [ 75.64769105, 32.38745604 ], [ 75.67407603, 32.39362438 ], [ 75.67904641, 32.38972165 ], [ 75.68701037, 32.39051 ], [ 75.70117563, 32.3995609 ], [ 75.71133082, 32.41100135 ], [ 75.7225144, 32.40545784 ], [ 75.73193302, 32.42293771 ], [ 75.72845083, 32.43250613 ], [ 75.73736601, 32.42965002 ], [ 75.74376433, 32.43204014 ], [ 75.73510165, 32.43897539 ], [ 75.72972566, 32.43890547 ], [ 75.72854607, 32.45269398 ], [ 75.75254054, 32.455308 ], [ 75.7589221, 32.46047301 ], [ 75.77091076, 32.46214348 ], [ 75.80053898, 32.48512154 ], [ 75.82056953, 32.49230222 ], [ 75.82602521, 32.50388872 ], [ 75.83325845, 32.50428606 ], [ 75.83338994, 32.51485114 ], [ 75.84136072, 32.51509206 ], [ 75.84131595, 32.52360972 ], [ 75.85707032, 32.52906074 ], [ 75.85778011, 32.53790896 ], [ 75.87614996, 32.55046043 ], [ 75.87629942, 32.55511767 ], [ 75.86916008, 32.56347057 ], [ 75.88085026, 32.57073869 ], [ 75.88213395, 32.58799854 ], [ 75.90085191, 32.59164101 ], [ 75.90916406, 32.60856932 ], [ 75.91591246, 32.61297509 ], [ 75.91823445, 32.62197651 ], [ 75.91552064, 32.62773676 ], [ 75.91860632, 32.63317475 ], [ 75.92417578, 32.63681708 ], [ 75.92706043, 32.63161784 ], [ 75.93047718, 32.63188118 ], [ 75.92906779, 32.63840528 ], [ 75.93653627, 32.64817437 ], [ 75.92685418, 32.64372672 ], [ 75.91841301, 32.64461267 ], [ 75.9185441, 32.65397357 ], [ 75.90907042, 32.65932992 ], [ 75.89661056, 32.64964922 ], [ 75.88934794, 32.65322882 ], [ 75.89573879, 32.65984382 ], [ 75.89526504, 32.66621092 ], [ 75.9023973, 32.67531243 ], [ 75.90074961, 32.68764453 ], [ 75.90377376, 32.69534503 ], [ 75.90114094, 32.69860163 ], [ 75.91044871, 32.71786958 ], [ 75.92212688, 32.72971832 ], [ 75.92605604, 32.74572975 ], [ 75.90246897, 32.77021056 ], [ 75.90090149, 32.77572598 ], [ 75.89074049, 32.7827808 ], [ 75.88883032, 32.80321321 ], [ 75.88382227, 32.81221308 ], [ 75.86947429, 32.8143581 ], [ 75.87026799, 32.82139295 ], [ 75.85674256, 32.83578212 ], [ 75.85073955, 32.83627335 ], [ 75.8449463, 32.84454815 ], [ 75.83446566, 32.84624934 ], [ 75.83119418, 32.85112327 ], [ 75.82349619, 32.85392337 ], [ 75.82147981, 32.8600114 ], [ 75.81570129, 32.86162152 ], [ 75.81134186, 32.87784125 ], [ 75.80135311, 32.88566527 ], [ 75.81848594, 32.89536585 ], [ 75.82429748, 32.90862983 ], [ 75.84237046, 32.92930635 ], [ 75.87804998, 32.92505207 ], [ 75.89384452, 32.9155592 ], [ 75.908905, 32.91389544 ], [ 75.92455947, 32.90623366 ], [ 75.93320838, 32.89110854 ], [ 75.95395981, 32.87339032 ], [ 75.98075266, 32.88745694 ], [ 75.98578075, 32.89622018 ], [ 76.0071901, 32.90257159 ], [ 76.01400922, 32.90975705 ], [ 76.03210819, 32.9167375 ], [ 76.03808343, 32.92240064 ], [ 76.03698041, 32.92793419 ], [ 76.04384854, 32.93677883 ], [ 76.06630355, 32.94194043 ], [ 76.07332075, 32.95280799 ], [ 76.08812514, 32.95621732 ], [ 76.08738451, 32.96254759 ], [ 76.09931446, 32.96612625 ], [ 76.11156027, 32.98784305 ], [ 76.10910284, 32.99216504 ], [ 76.11232816, 33.00631419 ], [ 76.14150625, 33.01001155 ], [ 76.16615604, 33.0069968 ], [ 76.1737182, 33.00973831 ], [ 76.1820008, 33.02027508 ], [ 76.18672534, 33.021278 ], [ 76.20742953, 33.01667862 ], [ 76.21773352, 33.01738688 ], [ 76.22590716, 33.02370627 ], [ 76.2474568, 33.02155987 ], [ 76.25260049, 33.02955582 ], [ 76.26086632, 33.03482216 ], [ 76.27843683, 33.03779999 ], [ 76.28192092, 33.05181124 ], [ 76.29532603, 33.05753945 ], [ 76.29604641, 33.06058804 ], [ 76.29497781, 33.06869178 ], [ 76.28937549, 33.07267957 ], [ 76.28856032, 33.07761232 ], [ 76.28884142, 33.08713838 ], [ 76.29434561, 33.09949742 ], [ 76.29182572, 33.1031732 ], [ 76.30621967, 33.11312333 ], [ 76.31118789, 33.12038993 ], [ 76.33223351, 33.12808881 ], [ 76.35102136, 33.14437246 ], [ 76.36815575, 33.15391094 ], [ 76.37452451, 33.15416392 ], [ 76.38272915, 33.16603277 ], [ 76.41011326, 33.18647099 ], [ 76.42655178, 33.18831526 ], [ 76.44187872, 33.1809221 ], [ 76.46052631, 33.18004317 ], [ 76.47255945, 33.18299214 ], [ 76.48678204, 33.1794347 ], [ 76.51611842, 33.19651656 ], [ 76.52983815, 33.19660348 ], [ 76.54323229, 33.20073112 ], [ 76.55345218, 33.19901174 ], [ 76.56744142, 33.21026325 ], [ 76.60262147, 33.20625055 ], [ 76.60552403, 33.20381437 ], [ 76.60538202, 33.1904663 ], [ 76.61238144, 33.19113698 ], [ 76.61772031, 33.18756284 ], [ 76.61848735, 33.17435157 ], [ 76.63030832, 33.16716811 ], [ 76.64953995, 33.16243499 ], [ 76.66145259, 33.16451734 ], [ 76.67069645, 33.17197903 ], [ 76.70692009, 33.17420557 ], [ 76.71516636, 33.1814781 ], [ 76.72662491, 33.18243034 ], [ 76.73491866, 33.17764835 ], [ 76.74830181, 33.17935987 ], [ 76.75156945, 33.19070272 ], [ 76.75930929, 33.1945852 ], [ 76.76809921, 33.20997786 ], [ 76.77241721, 33.21215473 ], [ 76.77313818, 33.21766687 ], [ 76.77735877, 33.21957096 ], [ 76.7809327, 33.23717668 ], [ 76.77463152, 33.24121184 ], [ 76.77069254, 33.24943657 ], [ 76.75431356, 33.24867866 ], [ 76.73705094, 33.26109562 ], [ 76.73848298, 33.26868157 ], [ 76.73250232, 33.27553937 ], [ 76.73270828, 33.28151258 ], [ 76.72772966, 33.28348233 ], [ 76.73210757, 33.29932941 ], [ 76.71774625, 33.32897319 ], [ 76.71208258, 33.33108269 ], [ 76.69595815, 33.32795526 ], [ 76.67388208, 33.339268 ], [ 76.67098868, 33.34193348 ], [ 76.67241594, 33.34915942 ], [ 76.65929092, 33.35669695 ], [ 76.65839147, 33.36468561 ], [ 76.65197855, 33.37044403 ], [ 76.65148292, 33.38342306 ], [ 76.64100048, 33.39098053 ], [ 76.6364716, 33.40184107 ], [ 76.63840685, 33.40343224 ], [ 76.63221545, 33.40927748 ], [ 76.63697876, 33.41553222 ], [ 76.62955015, 33.42389516 ], [ 76.62896476, 33.434895 ], [ 76.61644711, 33.43991672 ], [ 76.59340586, 33.42576223 ], [ 76.58184676, 33.42578585 ], [ 76.57794699, 33.4295623 ], [ 76.57999096, 33.43831315 ], [ 76.5764583, 33.45308252 ], [ 76.56926263, 33.46577429 ], [ 76.56341826, 33.46252353 ], [ 76.54963717, 33.46405323 ], [ 76.54090663, 33.47067897 ], [ 76.53476811, 33.48219274 ], [ 76.52792111, 33.4834364 ], [ 76.52279054, 33.49341982 ], [ 76.50780204, 33.49956919 ], [ 76.50669673, 33.50998421 ], [ 76.50205485, 33.51597543 ], [ 76.4918845, 33.51691029 ], [ 76.47908492, 33.52683037 ], [ 76.46995175, 33.52768522 ], [ 76.45916309, 33.53389383 ], [ 76.45848934, 33.53851958 ], [ 76.46467087, 33.54522982 ], [ 76.46240009, 33.55161258 ], [ 76.44879417, 33.56368485 ], [ 76.44338477, 33.5597886 ], [ 76.43587968, 33.54219559 ], [ 76.42640189, 33.53728397 ], [ 76.41520039, 33.53908464 ], [ 76.37992484, 33.55292404 ], [ 76.37475345, 33.56588238 ], [ 76.38072353, 33.57695605 ], [ 76.36646425, 33.58575328 ], [ 76.36004256, 33.59454323 ], [ 76.35864844, 33.6036875 ], [ 76.34692797, 33.60494318 ], [ 76.33624247, 33.61050762 ], [ 76.3221829, 33.6022665 ], [ 76.31744429, 33.60718032 ], [ 76.30651124, 33.60955503 ], [ 76.29960063, 33.59823834 ], [ 76.30182438, 33.5897579 ], [ 76.31013581, 33.57860528 ], [ 76.30978296, 33.57146672 ], [ 76.30233856, 33.56736488 ], [ 76.25964389, 33.56501784 ], [ 76.24586221, 33.54559908 ], [ 76.24122519, 33.54831056 ], [ 76.23192342, 33.54518603 ], [ 76.22502977, 33.54759453 ], [ 76.20544221, 33.56920218 ], [ 76.20648005, 33.57327675 ], [ 76.21787059, 33.57365634 ], [ 76.2252204, 33.57727949 ], [ 76.23140432, 33.58694832 ], [ 76.22421832, 33.60030698 ], [ 76.24033716, 33.60484587 ], [ 76.23890107, 33.61481885 ], [ 76.22776645, 33.62574012 ], [ 76.22937182, 33.62982522 ], [ 76.24891407, 33.6386423 ], [ 76.27047597, 33.64331026 ], [ 76.27411708, 33.65232229 ], [ 76.2800465, 33.65468463 ], [ 76.28464791, 33.66184884 ], [ 76.27351511, 33.66935272 ], [ 76.26621319, 33.67953213 ], [ 76.26960344, 33.68509559 ], [ 76.2647179, 33.68941885 ], [ 76.26311491, 33.70304482 ], [ 76.26617891, 33.7069356 ], [ 76.26323813, 33.71208317 ], [ 76.27116391, 33.73075039 ], [ 76.26578379, 33.73377729 ], [ 76.26547115, 33.74637647 ], [ 76.25001628, 33.7524577 ], [ 76.24708486, 33.75853298 ], [ 76.21257956, 33.76117697 ], [ 76.21079774, 33.7711947 ], [ 76.20036243, 33.77564176 ], [ 76.19866674, 33.78723238 ], [ 76.18473623, 33.80015488 ], [ 76.16724601, 33.79781818 ], [ 76.16137858, 33.80185009 ], [ 76.15975056, 33.80846803 ], [ 76.1659767, 33.81934783 ], [ 76.15686968, 33.82998901 ], [ 76.15997839, 33.83692114 ], [ 76.1542537, 33.84060101 ], [ 76.15540142, 33.84724516 ], [ 76.14908131, 33.85015415 ], [ 76.14255294, 33.86646436 ], [ 76.13763877, 33.86999233 ], [ 76.13667537, 33.87859998 ], [ 76.12296412, 33.88904955 ], [ 76.10725084, 33.89184771 ], [ 76.09190651, 33.90242884 ], [ 76.04776313, 33.91241648 ], [ 76.03256822, 33.91965904 ], [ 76.03389356, 33.92416771 ], [ 76.04137081, 33.9252909 ], [ 76.04947451, 33.93385619 ], [ 76.04292386, 33.95254556 ], [ 76.0265394, 33.97163272 ], [ 76.02435759, 33.9821248 ], [ 76.01802997, 33.97510106 ], [ 76.00542106, 33.97673935 ], [ 75.9781985, 33.97219044 ], [ 75.96663901, 33.95457683 ], [ 75.91745128, 33.96294538 ], [ 75.90853826, 33.96888482 ], [ 75.89319509, 33.96909093 ], [ 75.87355613, 33.9620469 ], [ 75.85248502, 33.96225237 ], [ 75.84524942, 33.954466 ], [ 75.83823881, 33.9549555 ], [ 75.8221234, 33.96557891 ], [ 75.81962521, 33.97220866 ], [ 75.82560049, 33.97781418 ], [ 75.83023541, 33.99240275 ], [ 75.84160797, 33.999569 ], [ 75.84306145, 34.00477682 ], [ 75.81826523, 34.0075087 ], [ 75.8142928, 34.01451173 ], [ 75.79983788, 34.02298267 ], [ 75.79694023, 34.03044557 ], [ 75.78671227, 34.03120046 ], [ 75.77970464, 34.03762319 ], [ 75.7691905, 34.04127935 ], [ 75.76852379, 34.05491884 ], [ 75.74999988, 34.05484756 ], [ 75.73703272, 34.05890769 ], [ 75.74254437, 34.07325927 ], [ 75.72509999, 34.0896555 ], [ 75.71880323, 34.10325084 ], [ 75.68736245, 34.11605005 ], [ 75.68563176, 34.12091005 ], [ 75.69124662, 34.12760989 ], [ 75.68315751, 34.13243261 ], [ 75.68570675, 34.14216323 ], [ 75.667948, 34.14428939 ], [ 75.67015752, 34.14998162 ], [ 75.67814071, 34.15378271 ], [ 75.68005495, 34.16245896 ], [ 75.68447732, 34.16678406 ], [ 75.68411108, 34.17801703 ], [ 75.69071959, 34.19527297 ], [ 75.68528726, 34.19955795 ], [ 75.66242119, 34.19913442 ], [ 75.64811946, 34.21200252 ], [ 75.63701282, 34.20979095 ], [ 75.62607477, 34.20130845 ], [ 75.60459866, 34.19519021 ], [ 75.5933634, 34.19769411 ], [ 75.579934, 34.21397106 ], [ 75.55533006, 34.21140852 ], [ 75.52973098, 34.22683409 ], [ 75.52312959, 34.22899692 ], [ 75.5145909, 34.22671332 ], [ 75.50289639, 34.23434698 ], [ 75.49535645, 34.23239788 ], [ 75.49589727, 34.2409723 ], [ 75.48238446, 34.25505665 ], [ 75.48216678, 34.27164877 ], [ 75.47485483, 34.27759132 ], [ 75.45917523, 34.27941516 ], [ 75.45361554, 34.28591865 ], [ 75.43949153, 34.2794904 ], [ 75.43087138, 34.28356938 ], [ 75.41922254, 34.28188844 ], [ 75.40349776, 34.28468778 ], [ 75.38891553, 34.30548323 ], [ 75.39605015, 34.31671928 ], [ 75.38467076, 34.32823719 ], [ 75.3839763, 34.33672024 ], [ 75.37601597, 34.34195376 ], [ 75.38577115, 34.34988624 ], [ 75.3805057, 34.35829743 ], [ 75.38570817, 34.36613998 ], [ 75.37338019, 34.37149972 ], [ 75.37795242, 34.38511206 ], [ 75.36697495, 34.39103008 ], [ 75.37233552, 34.41259801 ], [ 75.36511794, 34.41847531 ], [ 75.35737833, 34.41799666 ], [ 75.35380335, 34.42456331 ], [ 75.33510055, 34.42926894 ], [ 75.32753909, 34.43976843 ], [ 75.33316826, 34.44295261 ], [ 75.33049316, 34.45029862 ], [ 75.3372285, 34.4516711 ], [ 75.34016306, 34.4605559 ], [ 75.34895063, 34.46340216 ], [ 75.35323748, 34.46879372 ], [ 75.35024093, 34.48013808 ], [ 75.34291665, 34.489435 ], [ 75.34732944, 34.49556155 ], [ 75.35293113, 34.51758991 ], [ 75.35720494, 34.52129105 ], [ 75.36611948, 34.52144528 ], [ 75.36556772, 34.53809962 ], [ 75.36111196, 34.540168 ], [ 75.34416398, 34.56303035 ], [ 75.32853486, 34.5687903 ], [ 75.3198958, 34.56484288 ], [ 75.31183671, 34.57679675 ], [ 75.29955853, 34.58694012 ], [ 75.28970829, 34.58917377 ], [ 75.28637174, 34.59543202 ], [ 75.27799009, 34.594389 ], [ 75.26553105, 34.60225717 ], [ 75.25336731, 34.60412523 ], [ 75.25833507, 34.61458678 ], [ 75.25664071, 34.62151273 ], [ 75.25406845, 34.62828006 ], [ 75.24150361, 34.63777913 ], [ 75.22993127, 34.63303009 ], [ 75.2206186, 34.63383113 ], [ 75.20817151, 34.63862919 ], [ 75.20606877, 34.64366289 ], [ 75.21817934, 34.65160485 ], [ 75.21639697, 34.65269243 ], [ 75.18729908, 34.65324281 ], [ 75.1746935, 34.6608162 ], [ 75.16634011, 34.65658711 ], [ 75.15910326, 34.65954167 ], [ 75.1325935, 34.65982128 ], [ 75.11706466, 34.65211854 ], [ 75.10823379, 34.6547364 ], [ 75.09615908, 34.65109245 ], [ 75.08708788, 34.65337512 ], [ 75.05861359, 34.63638001 ], [ 75.04191062, 34.6418912 ], [ 75.02226171, 34.63735113 ], [ 75.01726578, 34.63788769 ], [ 75.01019491, 34.64570732 ], [ 75.00048136, 34.64361253 ], [ 74.99621565, 34.65302101 ], [ 74.99206212, 34.64838765 ], [ 74.9820646, 34.64714833 ], [ 74.98324729, 34.65018408 ], [ 74.97844039, 34.65421738 ], [ 74.92714945, 34.67464398 ], [ 74.86575665, 34.67479392 ], [ 74.86057487, 34.68201741 ], [ 74.85307993, 34.68524386 ], [ 74.84218085, 34.67404677 ], [ 74.73974685, 34.67976657 ], [ 74.73464999, 34.6829967 ], [ 74.7316535, 34.68112145 ], [ 74.65221537, 34.70664091 ], [ 74.60610493, 34.73776792 ], [ 74.5918041, 34.76529174 ], [ 74.56821377, 34.77768372 ], [ 74.53143434, 34.78381598 ], [ 74.52019813, 34.78305044 ], [ 74.49976322, 34.78825577 ], [ 74.48180909, 34.78254463 ], [ 74.45627702, 34.78895102 ], [ 74.43768729, 34.78366178 ], [ 74.41672337, 34.78861064 ], [ 74.3965796, 34.78427572 ], [ 74.37763458, 34.79078597 ], [ 74.35228085, 34.78524027 ], [ 74.33501681, 34.78776444 ], [ 74.33019248, 34.79113475 ], [ 74.41351964, 34.80985405 ], [ 74.42992872, 34.8223888 ], [ 74.43402642, 34.84651692 ], [ 74.45631093, 34.86067954 ], [ 74.49020219, 34.86565933 ], [ 74.50143041, 34.87170132 ], [ 74.50908384, 34.87182687 ], [ 74.52359446, 34.86422408 ], [ 74.53908459, 34.86591644 ], [ 74.55485456, 34.87896501 ], [ 74.56788326, 34.88313751 ], [ 74.57701124, 34.91391907 ], [ 74.56975002, 34.96228235 ], [ 74.57053208, 34.97563068 ], [ 74.58777799, 35.00635986 ], [ 74.58509349, 35.01812157 ], [ 74.57837422, 35.02432304 ], [ 74.56047246, 35.02602069 ], [ 74.53073035, 35.04617625 ], [ 74.53006636, 35.06013197 ], [ 74.53885421, 35.06856407 ], [ 74.53979732, 35.07497674 ] ] ] } },
{ "type": "Feature", "properties": { "GmlID": "State_NWIC.28", "objectid": 28, "State": "PB", "state_code": "03", "st_area_shape_": 49127646983.806236, "st_length_shape_": 1877625.0653759199 }, "geometry": { "type": "Polygon", "coordinates": [ [ [ 75.83874666, 32.5126949 ], [ 75.83178747, 32.51059363 ], [ 75.83325845, 32.50428606 ], [ 75.82602521, 32.50388872 ], [ 75.82056953, 32.49230222 ], [ 75.80053898, 32.48512154 ], [ 75.77681237, 32.46501854 ], [ 75.7589221, 32.46047301 ], [ 75.75254054, 32.455308 ], [ 75.72854607, 32.45269398 ], [ 75.72972566, 32.43890547 ], [ 75.73510165, 32.43897539 ], [ 75.74376433, 32.43204014 ], [ 75.73736601, 32.42965002 ], [ 75.72845083, 32.43250613 ], [ 75.73193302, 32.42293771 ], [ 75.7225144, 32.40545784 ], [ 75.71133082, 32.41100135 ], [ 75.70117563, 32.3995609 ], [ 75.68701037, 32.39051 ], [ 75.67904641, 32.38972165 ], [ 75.67407603, 32.39362438 ], [ 75.64769105, 32.38745604 ], [ 75.63109756, 32.37949275 ], [ 75.59673288, 32.37766955 ], [ 75.55980397, 32.35713287 ], [ 75.53950179, 32.33623189 ], [ 75.53711099, 32.32600454 ], [ 75.54219927, 32.32188 ], [ 75.54287951, 32.30786512 ], [ 75.53344782, 32.27765977 ], [ 75.5210018, 32.27701717 ], [ 75.51818156, 32.28128549 ], [ 75.50932816, 32.28375844 ], [ 75.50343539, 32.29167009 ], [ 75.51211943, 32.30794118 ], [ 75.48213566, 32.32043556 ], [ 75.48579134, 32.32421014 ], [ 75.48018233, 32.33433354 ], [ 75.49464383, 32.34111383 ], [ 75.48916651, 32.34599981 ], [ 75.47853952, 32.33897465 ], [ 75.4685806, 32.33897568 ], [ 75.47161324, 32.33376099 ], [ 75.46604233, 32.32995922 ], [ 75.46886964, 32.32839279 ], [ 75.46755374, 32.32556129 ], [ 75.44832507, 32.32647509 ], [ 75.44106539, 32.31843611 ], [ 75.43031781, 32.31590611 ], [ 75.4190299, 32.3200532 ], [ 75.41078097, 32.32894891 ], [ 75.40382475, 32.3278339 ], [ 75.39949075, 32.33066906 ], [ 75.39386823, 32.32756646 ], [ 75.37519443, 32.33784644 ], [ 75.36336425, 32.33348118 ], [ 75.36265607, 32.33615818 ], [ 75.35555996, 32.33705658 ], [ 75.34933846, 32.34500168 ], [ 75.34143043, 32.34610028 ], [ 75.33832822, 32.34120961 ], [ 75.34136122, 32.3381226 ], [ 75.33662655, 32.33730777 ], [ 75.3357118, 32.33005275 ], [ 75.33168235, 32.32693587 ], [ 75.33770518, 32.32184098 ], [ 75.33661329, 32.31661366 ], [ 75.33006915, 32.31255564 ], [ 75.3349897, 32.31090453 ], [ 75.32049649, 32.29738998 ], [ 75.35022629, 32.28994979 ], [ 75.34371039, 32.27855199 ], [ 75.37147503, 32.27960799 ], [ 75.38185508, 32.26895412 ], [ 75.38069466, 32.26602583 ], [ 75.37434442, 32.2658868 ], [ 75.37083819, 32.25756215 ], [ 75.37049761, 32.24246401 ], [ 75.3742213, 32.24139951 ], [ 75.37243433, 32.2260531 ], [ 75.36583678, 32.22392103 ], [ 75.3654744, 32.21993575 ], [ 75.35739091, 32.21806298 ], [ 75.33137684, 32.21957785 ], [ 75.32417804, 32.21109218 ], [ 75.31640479, 32.20803742 ], [ 75.32008133, 32.20415136 ], [ 75.31194443, 32.19937849 ], [ 75.31031641, 32.19471528 ], [ 75.31841698, 32.18745204 ], [ 75.31636544, 32.18104803 ], [ 75.32230572, 32.1795278 ], [ 75.30678226, 32.16900683 ], [ 75.2994396, 32.15341346 ], [ 75.28535461, 32.15149474 ], [ 75.27726312, 32.13697392 ], [ 75.28339027, 32.13191624 ], [ 75.27935849, 32.11784321 ], [ 75.27187167, 32.11269989 ], [ 75.26273085, 32.11185242 ], [ 75.26645466, 32.10747901 ], [ 75.26126901, 32.1014009 ], [ 75.24797741, 32.10094768 ], [ 75.24023258, 32.09106837 ], [ 75.23141719, 32.09161055 ], [ 75.22923672, 32.0932982 ], [ 75.23543221, 32.10350916 ], [ 75.2269551, 32.10677327 ], [ 75.2237038, 32.09816263 ], [ 75.21773279, 32.10340719 ], [ 75.22026327, 32.10773369 ], [ 75.21581188, 32.12103798 ], [ 75.20245773, 32.12023738 ], [ 75.20567709, 32.1025494 ], [ 75.20404798, 32.09669155 ], [ 75.19789203, 32.09860614 ], [ 75.19849736, 32.08267099 ], [ 75.18916369, 32.08218211 ], [ 75.17928261, 32.07622853 ], [ 75.17424346, 32.06746861 ], [ 75.16619866, 32.07155648 ], [ 75.1576741, 32.08175368 ], [ 75.12286864, 32.08134302 ], [ 75.1208409, 32.07536939 ], [ 75.10668546, 32.06959111 ], [ 75.10889626, 32.06474881 ], [ 75.10489529, 32.05856971 ], [ 75.09120253, 32.07181941 ], [ 75.09157646, 32.06585441 ], [ 75.08403138, 32.0600345 ], [ 75.07303655, 32.05972364 ], [ 75.06868278, 32.06717773 ], [ 75.06413929, 32.06559501 ], [ 75.06798747, 32.06239766 ], [ 75.06200812, 32.0552725 ], [ 75.05058783, 32.05276385 ], [ 75.04069347, 32.04267668 ], [ 75.03376742, 32.05070456 ], [ 75.02157267, 32.04858721 ], [ 75.01229217, 32.03576515 ], [ 75.00477932, 32.03757497 ], [ 75.00278131, 32.04355487 ], [ 75.00112014, 32.04117163 ], [ 74.98296878, 32.04032339 ], [ 74.97165757, 32.04260391 ], [ 74.97805779, 32.04799548 ], [ 74.97392446, 32.05345306 ], [ 74.94820502, 32.05935324 ], [ 74.94807482, 32.06298694 ], [ 74.92795788, 32.06645976 ], [ 74.90476832, 32.05022104 ], [ 74.89157371, 32.05506972 ], [ 74.88856309, 32.0526046 ], [ 74.87954869, 32.0537956 ], [ 74.8689278, 32.04170103 ], [ 74.87258226, 32.04168943 ], [ 74.87993403, 32.03200133 ], [ 74.8690037, 32.02211065 ], [ 74.86922166, 32.02797943 ], [ 74.86552373, 32.03042545 ], [ 74.86270336, 32.02953404 ], [ 74.8656223, 32.02322004 ], [ 74.84835503, 32.02047242 ], [ 74.85317424, 32.01354098 ], [ 74.84678384, 32.00831991 ], [ 74.83896938, 32.00844258 ], [ 74.82888874, 31.99861289 ], [ 74.83136083, 31.98085017 ], [ 74.81900932, 31.95873533 ], [ 74.80616047, 31.96284946 ], [ 74.8023767, 31.95784222 ], [ 74.78148074, 31.95570649 ], [ 74.76844796, 31.94768931 ], [ 74.75559337, 31.9557542 ], [ 74.75657155, 31.9437001 ], [ 74.74320861, 31.93958747 ], [ 74.73430031, 31.94514705 ], [ 74.7309098, 31.94100199 ], [ 74.72016504, 31.9414279 ], [ 74.71404999, 31.93230734 ], [ 74.7192382, 31.92369089 ], [ 74.70652725, 31.92117678 ], [ 74.69860402, 31.92628352 ], [ 74.67719995, 31.9261385 ], [ 74.67429617, 31.91864703 ], [ 74.66676721, 31.92267854 ], [ 74.66834565, 31.91787441 ], [ 74.66040093, 31.91354074 ], [ 74.65763544, 31.90188198 ], [ 74.65436307, 31.89960897 ], [ 74.6509293, 31.90215463 ], [ 74.636309, 31.88422179 ], [ 74.62935808, 31.88212426 ], [ 74.61583026, 31.88967018 ], [ 74.60786215, 31.89038596 ], [ 74.60735612, 31.88202642 ], [ 74.61006254, 31.87852226 ], [ 74.60663414, 31.86852782 ], [ 74.59720779, 31.86738194 ], [ 74.59062871, 31.84857974 ], [ 74.58333182, 31.85187574 ], [ 74.57212738, 31.83882123 ], [ 74.57044213, 31.82811754 ], [ 74.57306499, 31.81601205 ], [ 74.55791816, 31.80476037 ], [ 74.56711923, 31.7963998 ], [ 74.55561463, 31.79135206 ], [ 74.55140517, 31.77897494 ], [ 74.55686966, 31.77049497 ], [ 74.55489897, 31.76693232 ], [ 74.56179159, 31.76330467 ], [ 74.55940086, 31.75787562 ], [ 74.54732635, 31.75215713 ], [ 74.54743346, 31.74934699 ], [ 74.53092874, 31.74779026 ], [ 74.51386707, 31.74012298 ], [ 74.50370384, 31.74047762 ], [ 74.50300524, 31.72852387 ], [ 74.49074204, 31.72373575 ], [ 74.48660579, 31.71503089 ], [ 74.49932394, 31.70946087 ], [ 74.50342357, 31.70265427 ], [ 74.50195448, 31.69575742 ], [ 74.52411171, 31.68697739 ], [ 74.53445098, 31.67821898 ], [ 74.52876922, 31.66658626 ], [ 74.54023395, 31.66003873 ], [ 74.53730135, 31.653278 ], [ 74.54109274, 31.64674795 ], [ 74.54484777, 31.64845599 ], [ 74.54665863, 31.64566493 ], [ 74.54634502, 31.63317946 ], [ 74.55167981, 31.62361322 ], [ 74.55106149, 31.61762326 ], [ 74.55627208, 31.6113434 ], [ 74.55531664, 31.60784039 ], [ 74.57534063, 31.60387441 ], [ 74.57849885, 31.59963496 ], [ 74.57498099, 31.59750871 ], [ 74.58080438, 31.59419031 ], [ 74.5809217, 31.58725621 ], [ 74.58577575, 31.58514052 ], [ 74.58555588, 31.58146898 ], [ 74.59227968, 31.57411113 ], [ 74.6110591, 31.56713951 ], [ 74.61551188, 31.56900564 ], [ 74.60682722, 31.56303588 ], [ 74.61614952, 31.55739606 ], [ 74.61865037, 31.55161954 ], [ 74.61444922, 31.55108623 ], [ 74.61277686, 31.52720959 ], [ 74.60407287, 31.52411188 ], [ 74.59595878, 31.52603088 ], [ 74.58431084, 31.52086741 ], [ 74.58025944, 31.51148221 ], [ 74.58403584, 31.50694881 ], [ 74.58005426, 31.50714047 ], [ 74.58711007, 31.50398814 ], [ 74.58115317, 31.49898395 ], [ 74.5752649, 31.50105469 ], [ 74.58728422, 31.49629101 ], [ 74.59366311, 31.49644102 ], [ 74.59487314, 31.50152429 ], [ 74.60976764, 31.49987022 ], [ 74.61449259, 31.48912074 ], [ 74.622178, 31.48516533 ], [ 74.62244116, 31.48192707 ], [ 74.62575554, 31.48277529 ], [ 74.6250821, 31.48593835 ], [ 74.63642568, 31.48469439 ], [ 74.63142568, 31.48148001 ], [ 74.62934205, 31.48386901 ], [ 74.62754639, 31.47690179 ], [ 74.6361, 31.47759273 ], [ 74.65213787, 31.4573012 ], [ 74.65128341, 31.45199242 ], [ 74.6422244, 31.44964065 ], [ 74.63860021, 31.44439611 ], [ 74.65456499, 31.42631201 ], [ 74.64809693, 31.42363038 ], [ 74.64322138, 31.4160438 ], [ 74.633606, 31.41871923 ], [ 74.63137331, 31.42547225 ], [ 74.62243224, 31.43012244 ], [ 74.61928129, 31.42009983 ], [ 74.60893293, 31.42366008 ], [ 74.60140932, 31.41986099 ], [ 74.60259073, 31.41575673 ], [ 74.59662097, 31.41623386 ], [ 74.5872478, 31.39812182 ], [ 74.58348209, 31.37903904 ], [ 74.5516531, 31.36435211 ], [ 74.55009212, 31.3585999 ], [ 74.55295474, 31.35605094 ], [ 74.54593171, 31.340755 ], [ 74.54877364, 31.33473593 ], [ 74.54359193, 31.33507194 ], [ 74.53737045, 31.33072383 ], [ 74.53741777, 31.32675817 ], [ 74.53385811, 31.3249111 ], [ 74.53773788, 31.31935957 ], [ 74.53482671, 31.31346633 ], [ 74.52633454, 31.31197276 ], [ 74.53415456, 31.30508166 ], [ 74.54202563, 31.30378432 ], [ 74.53765078, 31.30095343 ], [ 74.53119682, 31.28434383 ], [ 74.52060281, 31.26892222 ], [ 74.53273078, 31.24969093 ], [ 74.5170559, 31.22802542 ], [ 74.52449542, 31.22029505 ], [ 74.52594432, 31.21188577 ], [ 74.52513245, 31.20368783 ], [ 74.52151589, 31.20258461 ], [ 74.51952025, 31.18385136 ], [ 74.51075794, 31.18115822 ], [ 74.51308938, 31.16418442 ], [ 74.51101491, 31.15798369 ], [ 74.51522646, 31.15212517 ], [ 74.51038884, 31.13198154 ], [ 74.54343048, 31.12100312 ], [ 74.5483551, 31.12192736 ], [ 74.55148585, 31.08641478 ], [ 74.57096001, 31.08148313 ], [ 74.57381707, 31.08575837 ], [ 74.58875678, 31.08779432 ], [ 74.58658754, 31.09119038 ], [ 74.58909365, 31.0924813 ], [ 74.59150027, 31.08878829 ], [ 74.60080968, 31.08799762 ], [ 74.59943596, 31.0930601 ], [ 74.60730693, 31.09492746 ], [ 74.61066737, 31.09929596 ], [ 74.61003828, 31.11172711 ], [ 74.59650751, 31.1275374 ], [ 74.60305053, 31.13360088 ], [ 74.63087719, 31.13271035 ], [ 74.63236292, 31.12152085 ], [ 74.63626952, 31.11826332 ], [ 74.65905978, 31.13396624 ], [ 74.66695443, 31.12431734 ], [ 74.68901289, 31.12795028 ], [ 74.68978476, 31.11844735 ], [ 74.69808361, 31.11240846 ], [ 74.6973623, 31.10267526 ], [ 74.70231879, 31.09235378 ], [ 74.69726471, 31.08474823 ], [ 74.69063907, 31.08149423 ], [ 74.69591127, 31.07424359 ], [ 74.67114765, 31.05362325 ], [ 74.61302771, 31.04478349 ], [ 74.59684832, 31.03768428 ], [ 74.59008684, 31.0499549 ], [ 74.57441559, 31.05678473 ], [ 74.57032029, 31.05306197 ], [ 74.56823381, 31.05468897 ], [ 74.56144352, 31.04865667 ], [ 74.55872809, 31.0374399 ], [ 74.54796366, 31.03244178 ], [ 74.54339135, 31.019779 ], [ 74.53967235, 31.0088367 ], [ 74.54615956, 30.99241637 ], [ 74.51616188, 30.97947674 ], [ 74.50872371, 30.96744198 ], [ 74.50339683, 30.96473284 ], [ 74.49788898, 30.96432907 ], [ 74.49189694, 30.974432 ], [ 74.48137217, 30.97075486 ], [ 74.47970152, 30.97425136 ], [ 74.45687503, 30.96429855 ], [ 74.46633474, 30.95686721 ], [ 74.45147039, 30.95589465 ], [ 74.45520313, 30.95139984 ], [ 74.44206271, 30.95173307 ], [ 74.43952763, 30.94218693 ], [ 74.416412, 30.94033617 ], [ 74.41386716, 30.92965263 ], [ 74.42872382, 30.93118448 ], [ 74.42353691, 30.92076592 ], [ 74.41033545, 30.92348943 ], [ 74.41107706, 30.91963528 ], [ 74.42441649, 30.91593142 ], [ 74.42272838, 30.90779639 ], [ 74.39729051, 30.9093881 ], [ 74.38294015, 30.89551412 ], [ 74.36590907, 30.89293557 ], [ 74.36669902, 30.8856721 ], [ 74.36076588, 30.87370377 ], [ 74.38214826, 30.86042312 ], [ 74.36452439, 30.85738089 ], [ 74.36851892, 30.85184725 ], [ 74.36336293, 30.84725494 ], [ 74.35506252, 30.84836324 ], [ 74.35406937, 30.85270409 ], [ 74.34814794, 30.85490576 ], [ 74.33876789, 30.85266983 ], [ 74.34055528, 30.84910115 ], [ 74.33238626, 30.85103357 ], [ 74.32038524, 30.84662651 ], [ 74.31982806, 30.82740369 ], [ 74.31014202, 30.81862787 ], [ 74.30147171, 30.80383752 ], [ 74.29940642, 30.80457719 ], [ 74.29487555, 30.79450699 ], [ 74.30679882, 30.78921846 ], [ 74.30196722, 30.77936881 ], [ 74.28022305, 30.77407169 ], [ 74.26482649, 30.77709196 ], [ 74.26135846, 30.77494655 ], [ 74.26077374, 30.76986158 ], [ 74.27369093, 30.75346372 ], [ 74.27447984, 30.74426522 ], [ 74.28646894, 30.73564518 ], [ 74.28151424, 30.73090477 ], [ 74.27483106, 30.73711588 ], [ 74.27120392, 30.73225608 ], [ 74.26846297, 30.73439375 ], [ 74.26700081, 30.72627614 ], [ 74.26090189, 30.72310727 ], [ 74.24843326, 30.72596586 ], [ 74.24204448, 30.72599831 ], [ 74.24523341, 30.72295152 ], [ 74.23264936, 30.72454646 ], [ 74.22346463, 30.70994472 ], [ 74.21918678, 30.69356327 ], [ 74.1933854, 30.66520432 ], [ 74.18176491, 30.66145643 ], [ 74.16936012, 30.64872866 ], [ 74.16335629, 30.64841749 ], [ 74.14782014, 30.63106057 ], [ 74.13770043, 30.62748174 ], [ 74.12738231, 30.63478192 ], [ 74.1268607, 30.62413583 ], [ 74.12126275, 30.62248202 ], [ 74.11797503, 30.60793484 ], [ 74.10507781, 30.61924036 ], [ 74.09607697, 30.6116038 ], [ 74.10226982, 30.60962558 ], [ 74.10142312, 30.60330561 ], [ 74.09531033, 30.60120109 ], [ 74.09872193, 30.59058956 ], [ 74.09656674, 30.58724252 ], [ 74.10212838, 30.57923193 ], [ 74.07342036, 30.55467685 ], [ 74.07999461, 30.54847016 ], [ 74.09091418, 30.54939715 ], [ 74.07228967, 30.52291657 ], [ 74.05731776, 30.5186881 ], [ 74.05156623, 30.52767954 ], [ 74.05001097, 30.53715998 ], [ 74.03922042, 30.54261739 ], [ 74.03796015, 30.5316516 ], [ 74.03101548, 30.52693057 ], [ 74.02384243, 30.52606931 ], [ 74.01207753, 30.53355741 ], [ 74.01108219, 30.52110032 ], [ 74.01998642, 30.51417031 ], [ 73.99268861, 30.51426373 ], [ 73.98205783, 30.50408225 ], [ 73.97594369, 30.49412021 ], [ 73.96365798, 30.48485222 ], [ 73.96970898, 30.47527824 ], [ 73.96413868, 30.4564849 ], [ 73.9501268, 30.46008413 ], [ 73.94584545, 30.46827143 ], [ 73.94771836, 30.4838956 ], [ 73.9345286, 30.49023454 ], [ 73.93174134, 30.46721477 ], [ 73.92774959, 30.46590094 ], [ 73.93754163, 30.45223129 ], [ 73.9372981, 30.44506933 ], [ 73.92625874, 30.43893028 ], [ 73.94966965, 30.43702558 ], [ 73.96010369, 30.44087039 ], [ 73.96802273, 30.44015155 ], [ 73.97381409, 30.44388942 ], [ 73.96461708, 30.42452016 ], [ 73.94865222, 30.41674587 ], [ 73.93671033, 30.40216048 ], [ 73.92221416, 30.39809157 ], [ 73.91404705, 30.38267168 ], [ 73.90078767, 30.37310315 ], [ 73.8840258, 30.36696802 ], [ 73.87977596, 30.35972202 ], [ 73.90260753, 30.34911879 ], [ 73.93086711, 30.32006847 ], [ 73.95977432, 30.2701777 ], [ 73.97388522, 30.19196638 ], [ 73.97291079, 30.17794117 ], [ 73.96818811, 30.16849267 ], [ 73.96800365, 30.14372728 ], [ 73.9707327, 30.12514376 ], [ 73.97512159, 30.12009472 ], [ 73.9676172, 30.11896535 ], [ 73.95217014, 30.10406822 ], [ 73.92988538, 30.06859559 ], [ 73.90402904, 30.05008376 ], [ 73.8937632, 30.02239107 ], [ 73.88627544, 30.01210745 ], [ 73.88624942, 29.996141 ], [ 73.89575526, 29.98130912 ], [ 73.89470854, 29.97388868 ], [ 74.10169448, 29.9671146 ], [ 74.52717257, 29.94283442 ], [ 74.53175495, 29.94924055 ], [ 74.56073339, 29.92933272 ], [ 74.55898251, 29.92713443 ], [ 74.58244832, 29.92439054 ], [ 74.59669938, 29.91231092 ], [ 74.62924534, 29.90507429 ], [ 74.64683883, 29.90438895 ], [ 74.65419157, 29.90561248 ], [ 74.64670431, 29.91146397 ], [ 74.65161237, 29.92652073 ], [ 74.6697306, 29.93925289 ], [ 74.68204384, 29.94338004 ], [ 74.6936253, 29.9668918 ], [ 74.70665389, 29.97693855 ], [ 74.70666784, 29.97061566 ], [ 74.73140544, 29.96151248 ], [ 74.73907886, 29.9680257 ], [ 74.75318622, 29.96733288 ], [ 74.76082073, 29.97322593 ], [ 74.77844037, 29.97162361 ], [ 74.80599422, 29.99199399 ], [ 74.81244526, 29.99237608 ], [ 74.8243073, 29.98577596 ], [ 74.82631029, 29.97717826 ], [ 74.82102245, 29.97097271 ], [ 74.82868833, 29.97334364 ], [ 74.83846526, 29.97115909 ], [ 74.85546827, 29.95640406 ], [ 74.86470097, 29.96013978 ], [ 74.87573973, 29.95755107 ], [ 74.88797928, 29.96716916 ], [ 74.90325331, 29.95219038 ], [ 74.89544412, 29.94060766 ], [ 74.89728927, 29.93945264 ], [ 74.91288467, 29.94335968 ], [ 74.92283747, 29.95206435 ], [ 74.92674767, 29.95029301 ], [ 74.94821089, 29.90684499 ], [ 74.95372561, 29.90143351 ], [ 74.97877408, 29.89418862 ], [ 74.97710721, 29.88844037 ], [ 74.99092473, 29.86772516 ], [ 75.02250829, 29.8663024 ], [ 75.03289416, 29.87985311 ], [ 75.04695407, 29.88512523 ], [ 75.05185015, 29.88411803 ], [ 75.05610544, 29.87813795 ], [ 75.0698144, 29.87709413 ], [ 75.07445688, 29.88230285 ], [ 75.07529386, 29.89638953 ], [ 75.08877503, 29.91723527 ], [ 75.10917206, 29.90413725 ], [ 75.11471462, 29.87870059 ], [ 75.1068373, 29.86804596 ], [ 75.0933806, 29.85802335 ], [ 75.08973438, 29.85866718 ], [ 75.09173462, 29.85175762 ], [ 75.10313719, 29.84179684 ], [ 75.11147907, 29.84185624 ], [ 75.1188251, 29.83211366 ], [ 75.10152013, 29.82159801 ], [ 75.10073032, 29.80682791 ], [ 75.11823498, 29.80274813 ], [ 75.13497363, 29.80733982 ], [ 75.14052308, 29.78562918 ], [ 75.1509665, 29.77557237 ], [ 75.15546622, 29.77693186 ], [ 75.16689178, 29.78521996 ], [ 75.1590702, 29.80137532 ], [ 75.16404695, 29.82413849 ], [ 75.17588155, 29.8281376 ], [ 75.19146869, 29.8412836 ], [ 75.21060374, 29.83254239 ], [ 75.21399276, 29.82402235 ], [ 75.20966193, 29.81738685 ], [ 75.2085422, 29.79319834 ], [ 75.21472084, 29.79182705 ], [ 75.21626816, 29.78775713 ], [ 75.22628599, 29.78918555 ], [ 75.22472883, 29.77993552 ], [ 75.23659351, 29.75704991 ], [ 75.24158822, 29.75468262 ], [ 75.23815756, 29.73999813 ], [ 75.2263305, 29.72891847 ], [ 75.21746985, 29.73718158 ], [ 75.21031695, 29.73884864 ], [ 75.20062088, 29.72652186 ], [ 75.19687534, 29.71574641 ], [ 75.1977755, 29.70328984 ], [ 75.20758197, 29.70158873 ], [ 75.20677623, 29.68755029 ], [ 75.19879044, 29.68004385 ], [ 75.18806503, 29.68133624 ], [ 75.1839237, 29.67337859 ], [ 75.16756104, 29.67033983 ], [ 75.17463659, 29.65564248 ], [ 75.1875485, 29.65171127 ], [ 75.18219177, 29.6360029 ], [ 75.18309756, 29.62839813 ], [ 75.19696277, 29.61934252 ], [ 75.20674307, 29.62194076 ], [ 75.23536246, 29.60310955 ], [ 75.22170843, 29.58032408 ], [ 75.23024515, 29.57667051 ], [ 75.23428671, 29.57034555 ], [ 75.23321378, 29.56628368 ], [ 75.23929164, 29.55235721 ], [ 75.23540443, 29.54222351 ], [ 75.24447006, 29.54673328 ], [ 75.27324917, 29.55002868 ], [ 75.2803551, 29.55400656 ], [ 75.28114356, 29.56150386 ], [ 75.29828955, 29.55863496 ], [ 75.30941108, 29.5610194 ], [ 75.31127727, 29.58018864 ], [ 75.31984635, 29.5875173 ], [ 75.30561221, 29.59571572 ], [ 75.30343618, 29.60262758 ], [ 75.28966956, 29.60785715 ], [ 75.29489813, 29.61575454 ], [ 75.29575221, 29.62511529 ], [ 75.30728086, 29.62481733 ], [ 75.31656871, 29.63066288 ], [ 75.32346733, 29.6425023 ], [ 75.32223026, 29.6516388 ], [ 75.33183586, 29.6632183 ], [ 75.33374336, 29.67351973 ], [ 75.34103921, 29.67529241 ], [ 75.34863483, 29.66662247 ], [ 75.35825751, 29.66080181 ], [ 75.36014777, 29.66264295 ], [ 75.34571241, 29.69603304 ], [ 75.35844069, 29.69970506 ], [ 75.35905531, 29.70554821 ], [ 75.3707908, 29.70450913 ], [ 75.36985792, 29.71089934 ], [ 75.37295635, 29.71324733 ], [ 75.39218435, 29.7134127 ], [ 75.38931005, 29.71621496 ], [ 75.39344986, 29.72202176 ], [ 75.38816227, 29.72991529 ], [ 75.39545856, 29.73360695 ], [ 75.39642938, 29.73950312 ], [ 75.4047583, 29.73904057 ], [ 75.40629171, 29.76129713 ], [ 75.41378584, 29.76985906 ], [ 75.41936427, 29.77025503 ], [ 75.42140266, 29.77512769 ], [ 75.42745523, 29.77089565 ], [ 75.43834872, 29.78007587 ], [ 75.44746023, 29.78383045 ], [ 75.45395837, 29.78204878 ], [ 75.45812078, 29.79491689 ], [ 75.45285816, 29.8017782 ], [ 75.45952233, 29.8075585 ], [ 75.47957782, 29.79282662 ], [ 75.49726422, 29.78443373 ], [ 75.50308137, 29.77774884 ], [ 75.5185878, 29.77585752 ], [ 75.52324495, 29.76919447 ], [ 75.5229374, 29.75850641 ], [ 75.53794028, 29.77337694 ], [ 75.56209972, 29.77026884 ], [ 75.56972678, 29.75683665 ], [ 75.57215711, 29.74332578 ], [ 75.58005217, 29.73947354 ], [ 75.58986423, 29.74755484 ], [ 75.6050091, 29.75193258 ], [ 75.6167036, 29.74428611 ], [ 75.62896059, 29.74949358 ], [ 75.63446849, 29.75531141 ], [ 75.63526455, 29.77236731 ], [ 75.6424421, 29.77512754 ], [ 75.67725016, 29.77657873 ], [ 75.69133427, 29.75595835 ], [ 75.70642364, 29.7532292 ], [ 75.70922732, 29.75657166 ], [ 75.70464598, 29.76365614 ], [ 75.71237145, 29.77418762 ], [ 75.71010953, 29.78044989 ], [ 75.71661571, 29.788863 ], [ 75.71276456, 29.79256574 ], [ 75.71415238, 29.80188254 ], [ 75.71795627, 29.80304008 ], [ 75.72079032, 29.81356094 ], [ 75.73780606, 29.81406151 ], [ 75.74645895, 29.80750341 ], [ 75.75623882, 29.80506344 ], [ 75.77935094, 29.82240715 ], [ 75.78882339, 29.81112026 ], [ 75.80562103, 29.80477398 ], [ 75.81576157, 29.80416779 ], [ 75.82140296, 29.80697701 ], [ 75.82593836, 29.81532664 ], [ 75.83027672, 29.81183833 ], [ 75.8376497, 29.81310226 ], [ 75.83490853, 29.80883649 ], [ 75.83698889, 29.79429732 ], [ 75.84047783, 29.78870865 ], [ 75.84366143, 29.78987808 ], [ 75.84581717, 29.78231921 ], [ 75.85289027, 29.77808375 ], [ 75.85139649, 29.77274006 ], [ 75.86671267, 29.76657889 ], [ 75.87021174, 29.74939529 ], [ 75.88132789, 29.75117095 ], [ 75.8859482, 29.74544925 ], [ 75.89882115, 29.74628897 ], [ 75.90445803, 29.74898223 ], [ 75.90226091, 29.75154571 ], [ 75.90631259, 29.75405997 ], [ 75.91462398, 29.74796724 ], [ 75.9150741, 29.74295807 ], [ 75.938675, 29.73071311 ], [ 75.9549174, 29.73195637 ], [ 75.98439844, 29.72715456 ], [ 75.99493809, 29.7393266 ], [ 76.01671273, 29.74319185 ], [ 76.02392928, 29.74904106 ], [ 76.02622389, 29.75622265 ], [ 76.03066279, 29.75476932 ], [ 76.03230519, 29.7465073 ], [ 76.04325992, 29.74274915 ], [ 76.04955805, 29.74803442 ], [ 76.05680116, 29.76540111 ], [ 76.06021949, 29.76469145 ], [ 76.0725448, 29.77863448 ], [ 76.07664625, 29.77491701 ], [ 76.08245349, 29.78100772 ], [ 76.08498681, 29.80077083 ], [ 76.08951085, 29.80118182 ], [ 76.09806438, 29.81065763 ], [ 76.10508877, 29.81185533 ], [ 76.12006197, 29.80085922 ], [ 76.11965507, 29.79233393 ], [ 76.12395177, 29.79102097 ], [ 76.13320858, 29.80449776 ], [ 76.14171091, 29.81088417 ], [ 76.14159567, 29.81550804 ], [ 76.14546742, 29.81912917 ], [ 76.17372414, 29.8179596 ], [ 76.18489015, 29.8229316 ], [ 76.19780404, 29.84481169 ], [ 76.21198963, 29.84306704 ], [ 76.22055771, 29.83802586 ], [ 76.2222186, 29.84878042 ], [ 76.23243813, 29.8537532 ], [ 76.24379833, 29.85245688 ], [ 76.24672473, 29.876009 ], [ 76.22938466, 29.88568154 ], [ 76.21737977, 29.8840875 ], [ 76.21084412, 29.89128999 ], [ 76.20953453, 29.88582135 ], [ 76.20130008, 29.8837591 ], [ 76.19941467, 29.88839004 ], [ 76.19334044, 29.88578686 ], [ 76.18563976, 29.89249246 ], [ 76.18925308, 29.90864303 ], [ 76.18772041, 29.92062948 ], [ 76.17196972, 29.92645042 ], [ 76.17810675, 29.93346581 ], [ 76.17990584, 29.94528526 ], [ 76.19360943, 29.95183959 ], [ 76.19060825, 29.95528407 ], [ 76.19312055, 29.96224916 ], [ 76.19713765, 29.96235272 ], [ 76.1953493, 29.96590283 ], [ 76.20574412, 29.97434958 ], [ 76.20186535, 29.9871077 ], [ 76.20290627, 29.98972804 ], [ 76.20803976, 29.98610483 ], [ 76.21057339, 29.98812176 ], [ 76.20651178, 29.99349658 ], [ 76.21145177, 29.99549263 ], [ 76.20996321, 30.00516885 ], [ 76.22625799, 30.0088596 ], [ 76.23287684, 30.01598529 ], [ 76.21319845, 30.02273266 ], [ 76.21359589, 30.03177407 ], [ 76.22251251, 30.0369436 ], [ 76.22220796, 30.04926294 ], [ 76.22851307, 30.05354902 ], [ 76.22626893, 30.05937529 ], [ 76.25346742, 30.08897201 ], [ 76.23624207, 30.10649293 ], [ 76.2305597, 30.10625409 ], [ 76.2235488, 30.1119227 ], [ 76.21673087, 30.11009201 ], [ 76.22041147, 30.1154142 ], [ 76.21654904, 30.12406573 ], [ 76.22453342, 30.12712576 ], [ 76.21507086, 30.13526832 ], [ 76.21457905, 30.14048484 ], [ 76.20719253, 30.14460664 ], [ 76.20764152, 30.15660152 ], [ 76.21442423, 30.15596193 ], [ 76.21342745, 30.1528177 ], [ 76.21857374, 30.14783055 ], [ 76.23458198, 30.14501547 ], [ 76.23224673, 30.14010781 ], [ 76.24310424, 30.132623 ], [ 76.24273592, 30.12918363 ], [ 76.24682115, 30.1307661 ], [ 76.25568465, 30.12607885 ], [ 76.25366872, 30.12162521 ], [ 76.2677626, 30.11447148 ], [ 76.27516736, 30.11463541 ], [ 76.28532166, 30.10622656 ], [ 76.29658303, 30.11445755 ], [ 76.30754617, 30.1087753 ], [ 76.32185043, 30.09513106 ], [ 76.3315118, 30.09980372 ], [ 76.34413699, 30.10087774 ], [ 76.35440641, 30.11693086 ], [ 76.36021479, 30.12022152 ], [ 76.34203556, 30.12650028 ], [ 76.33348946, 30.13821828 ], [ 76.33393678, 30.14204002 ], [ 76.34687098, 30.14282321 ], [ 76.35047634, 30.14688598 ], [ 76.35926883, 30.13979738 ], [ 76.36142839, 30.12972332 ], [ 76.3669275, 30.12423201 ], [ 76.36084764, 30.12259644 ], [ 76.36208822, 30.12025872 ], [ 76.38886089, 30.11328794 ], [ 76.40004661, 30.11672068 ], [ 76.39483868, 30.12202851 ], [ 76.39596052, 30.12617487 ], [ 76.39112838, 30.13496421 ], [ 76.41007671, 30.14508806 ], [ 76.39501326, 30.15802304 ], [ 76.39139373, 30.16447242 ], [ 76.39346958, 30.16699072 ], [ 76.3871641, 30.17064619 ], [ 76.40296729, 30.18216098 ], [ 76.40638544, 30.19030746 ], [ 76.42272312, 30.1922929 ], [ 76.43425277, 30.18321586 ], [ 76.43043301, 30.17803907 ], [ 76.44056751, 30.16589467 ], [ 76.43650284, 30.15599695 ], [ 76.4285732, 30.15060523 ], [ 76.43964914, 30.14377682 ], [ 76.43748063, 30.13627285 ], [ 76.44051072, 30.13147821 ], [ 76.4580176, 30.13187936 ], [ 76.45994517, 30.12944628 ], [ 76.45630784, 30.11547482 ], [ 76.46253429, 30.10106901 ], [ 76.50325477, 30.09470927 ], [ 76.51374127, 30.08406295 ], [ 76.5118609, 30.07202964 ], [ 76.52984965, 30.07848244 ], [ 76.53802467, 30.07474516 ], [ 76.54619782, 30.07588155 ], [ 76.54814401, 30.08077821 ], [ 76.55663585, 30.08290055 ], [ 76.56052924, 30.09342733 ], [ 76.57427437, 30.09990967 ], [ 76.58652531, 30.11076923 ], [ 76.59936676, 30.11257268 ], [ 76.6234566, 30.14017953 ], [ 76.63184055, 30.14215229 ], [ 76.63410256, 30.14659383 ], [ 76.64217522, 30.14965671 ], [ 76.6332755, 30.16697293 ], [ 76.6224445, 30.16760689 ], [ 76.59988896, 30.18474451 ], [ 76.60466188, 30.18895547 ], [ 76.60336361, 30.19310772 ], [ 76.61416557, 30.20447952 ], [ 76.61706885, 30.20105824 ], [ 76.63627774, 30.19662977 ], [ 76.64503169, 30.18885221 ], [ 76.62874208, 30.17945447 ], [ 76.6359144, 30.16863648 ], [ 76.65077907, 30.17596028 ], [ 76.65609231, 30.18525357 ], [ 76.64980049, 30.1910762 ], [ 76.6532002, 30.20116936 ], [ 76.6388302, 30.20624868 ], [ 76.62176001, 30.20514796 ], [ 76.61577429, 30.20906097 ], [ 76.61661445, 30.21355589 ], [ 76.62331987, 30.21695675 ], [ 76.62737875, 30.2240941 ], [ 76.60355794, 30.23780929 ], [ 76.60000032, 30.23457194 ], [ 76.59623032, 30.23741818 ], [ 76.60365397, 30.24921229 ], [ 76.5961044, 30.25571343 ], [ 76.5906503, 30.25346495 ], [ 76.59185041, 30.24604547 ], [ 76.58532796, 30.24534267 ], [ 76.57187094, 30.2363276 ], [ 76.56273841, 30.22582668 ], [ 76.54804982, 30.22249766 ], [ 76.54555947, 30.22525033 ], [ 76.55564606, 30.22685827 ], [ 76.56197536, 30.24153841 ], [ 76.55661302, 30.26237217 ], [ 76.57201148, 30.26525848 ], [ 76.57512937, 30.2619294 ], [ 76.58380161, 30.2702717 ], [ 76.59289533, 30.2618008 ], [ 76.60111501, 30.27036444 ], [ 76.60857423, 30.26796097 ], [ 76.61440138, 30.27255754 ], [ 76.62341544, 30.2646019 ], [ 76.63143365, 30.27621644 ], [ 76.63540135, 30.28963756 ], [ 76.63925137, 30.28466181 ], [ 76.65002582, 30.29075499 ], [ 76.67050088, 30.3115156 ], [ 76.67697664, 30.30798779 ], [ 76.68189302, 30.31130179 ], [ 76.68597816, 30.31461619 ], [ 76.68105134, 30.31826197 ], [ 76.68857647, 30.32732225 ], [ 76.69575163, 30.32166483 ], [ 76.70003726, 30.32810148 ], [ 76.71085956, 30.32584838 ], [ 76.71636946, 30.33606952 ], [ 76.72233238, 30.33337196 ], [ 76.72897842, 30.33818473 ], [ 76.72736443, 30.34111528 ], [ 76.7326075, 30.34837518 ], [ 76.7384985, 30.34639875 ], [ 76.74582493, 30.34940025 ], [ 76.74873246, 30.35218132 ], [ 76.74879745, 30.36100154 ], [ 76.74547514, 30.36779616 ], [ 76.73753564, 30.37046621 ], [ 76.72553873, 30.36184808 ], [ 76.71987817, 30.36348888 ], [ 76.71897328, 30.36656596 ], [ 76.73117609, 30.37980184 ], [ 76.72947232, 30.38229368 ], [ 76.71948014, 30.378817 ], [ 76.7128831, 30.39035579 ], [ 76.71451193, 30.4024667 ], [ 76.7222477, 30.39915276 ], [ 76.72525293, 30.40224572 ], [ 76.72821139, 30.40041635 ], [ 76.73791821, 30.40834362 ], [ 76.73996866, 30.41206206 ], [ 76.73512042, 30.41928519 ], [ 76.74103731, 30.42626034 ], [ 76.76887419, 30.43088488 ], [ 76.77631547, 30.44133572 ], [ 76.78757657, 30.43351134 ], [ 76.77733134, 30.42483639 ], [ 76.78960881, 30.41501982 ], [ 76.79512078, 30.41871133 ], [ 76.803879, 30.41258099 ], [ 76.81121377, 30.41636712 ], [ 76.82338057, 30.41160462 ], [ 76.83928843, 30.42611858 ], [ 76.83624024, 30.42969636 ], [ 76.8378325, 30.43170346 ], [ 76.84677183, 30.43813157 ], [ 76.85102065, 30.435309 ], [ 76.85615033, 30.41767215 ], [ 76.88333352, 30.40867378 ], [ 76.88134155, 30.40591028 ], [ 76.88424907, 30.40432225 ], [ 76.88388102, 30.39765416 ], [ 76.88087806, 30.39388373 ], [ 76.88621988, 30.39409877 ], [ 76.89795088, 30.38215048 ], [ 76.89030208, 30.36947368 ], [ 76.89751396, 30.3593519 ], [ 76.91556118, 30.36525543 ], [ 76.92119563, 30.37470537 ], [ 76.93672969, 30.3858031 ], [ 76.93942605, 30.39478561 ], [ 76.93190177, 30.40050379 ], [ 76.91833647, 30.39800393 ], [ 76.91118987, 30.39991043 ], [ 76.9179743, 30.40651313 ], [ 76.91121015, 30.41919916 ], [ 76.91472283, 30.42509231 ], [ 76.90974856, 30.42946615 ], [ 76.90733841, 30.42505541 ], [ 76.89863054, 30.42580225 ], [ 76.90656938, 30.43462421 ], [ 76.90651335, 30.4357431 ], [ 76.89736342, 30.43422063 ], [ 76.89490551, 30.4273284 ], [ 76.88641987, 30.42967608 ], [ 76.89060921, 30.44104722 ], [ 76.8960501, 30.43954201 ], [ 76.89521948, 30.44604465 ], [ 76.89885078, 30.44647039 ], [ 76.91226066, 30.46580246 ], [ 76.91109333, 30.47079111 ], [ 76.89694688, 30.48114939 ], [ 76.89897276, 30.48885981 ], [ 76.91074191, 30.49431183 ], [ 76.91899905, 30.4895401 ], [ 76.93113383, 30.50092071 ], [ 76.92860592, 30.50756347 ], [ 76.93200581, 30.52224003 ], [ 76.91561857, 30.52578219 ], [ 76.91247952, 30.53400519 ], [ 76.89605774, 30.53817186 ], [ 76.88648747, 30.54988153 ], [ 76.90494009, 30.54304061 ], [ 76.91609164, 30.55364742 ], [ 76.91752895, 30.55916581 ], [ 76.90895025, 30.56481939 ], [ 76.91768764, 30.57617921 ], [ 76.91512563, 30.58223152 ], [ 76.91976639, 30.58519444 ], [ 76.90972417, 30.59194788 ], [ 76.92020807, 30.5932887 ], [ 76.92710202, 30.60363501 ], [ 76.92233777, 30.60565019 ], [ 76.92597767, 30.61012109 ], [ 76.91350571, 30.61146215 ], [ 76.91006436, 30.62620224 ], [ 76.90276268, 30.62442247 ], [ 76.89554071, 30.6289746 ], [ 76.89280193, 30.63109657 ], [ 76.89644975, 30.63588396 ], [ 76.88514627, 30.64530221 ], [ 76.87478955, 30.64090527 ], [ 76.87120552, 30.64217752 ], [ 76.87642773, 30.68055282 ], [ 76.85921096, 30.6610512 ], [ 76.8498337, 30.65690507 ], [ 76.84494288, 30.65907336 ], [ 76.8480764, 30.66595645 ], [ 76.84576159, 30.66868449 ], [ 76.83254868, 30.66318253 ], [ 76.83123949, 30.67902889 ], [ 76.82730799, 30.68218816 ], [ 76.80721155, 30.66704074 ], [ 76.80215582, 30.66673163 ], [ 76.80018203, 30.67020724 ], [ 76.79642794, 30.66765406 ], [ 76.78974168, 30.67566714 ], [ 76.77660605, 30.67040344 ], [ 76.76427177, 30.6860865 ], [ 76.75254056, 30.68460014 ], [ 76.74774624, 30.68759817 ], [ 76.74714731, 30.69555305 ], [ 76.73930201, 30.69296636 ], [ 76.73909805, 30.70578466 ], [ 76.73000894, 30.7068817 ], [ 76.73107471, 30.7234947 ], [ 76.72125116, 30.73002041 ], [ 76.71416525, 30.74097604 ], [ 76.70746902, 30.73954635 ], [ 76.7051633, 30.74297448 ], [ 76.70833018, 30.75026213 ], [ 76.70521152, 30.75600706 ], [ 76.71057711, 30.76096139 ], [ 76.74402306, 30.76973362 ], [ 76.74375465, 30.77608862 ], [ 76.75225568, 30.78032149 ], [ 76.75177064, 30.78426624 ], [ 76.77152765, 30.79526218 ], [ 76.77537213, 30.79070086 ], [ 76.78272347, 30.78922746 ], [ 76.7851164, 30.78408164 ], [ 76.78700406, 30.77968219 ], [ 76.77933632, 30.777997 ], [ 76.78268322, 30.77079833 ], [ 76.79014618, 30.77084917 ], [ 76.79129518, 30.76751563 ], [ 76.81347673, 30.78009665 ], [ 76.81854707, 30.77793015 ], [ 76.81918094, 30.7730322 ], [ 76.8050957, 30.76523947 ], [ 76.81498274, 30.75308775 ], [ 76.82017321, 30.76106627 ], [ 76.82651497, 30.76351107 ], [ 76.83773263, 30.75456267 ], [ 76.84180503, 30.7745136 ], [ 76.85439339, 30.78731269 ], [ 76.8507817, 30.7912294 ], [ 76.85700213, 30.79479984 ], [ 76.8453521, 30.80724798 ], [ 76.8488615, 30.8141986 ], [ 76.84672381, 30.83396083 ], [ 76.82984004, 30.83912923 ], [ 76.82315723, 30.84453737 ], [ 76.81402573, 30.8431556 ], [ 76.81469553, 30.85249952 ], [ 76.80106309, 30.86618022 ], [ 76.79046251, 30.86984466 ], [ 76.78438066, 30.87791216 ], [ 76.77662027, 30.90525003 ], [ 76.77142485, 30.90714149 ], [ 76.76614661, 30.92079284 ], [ 76.76007711, 30.92271298 ], [ 76.75695442, 30.92766543 ], [ 76.74977827, 30.92746945 ], [ 76.73995229, 30.93550172 ], [ 76.73718799, 30.94952642 ], [ 76.7337391, 30.9493252 ], [ 76.72215259, 30.96115265 ], [ 76.71697714, 30.95978408 ], [ 76.70871636, 30.97032605 ], [ 76.67322861, 30.9688326 ], [ 76.67290165, 30.97419274 ], [ 76.66576341, 30.98075548 ], [ 76.63803362, 30.99029674 ], [ 76.63381277, 30.99593462 ], [ 76.62485906, 30.99878039 ], [ 76.62673349, 31.02210169 ], [ 76.6290543, 31.0235041 ], [ 76.61701537, 31.02986116 ], [ 76.61097435, 31.04588575 ], [ 76.62244629, 31.0549077 ], [ 76.61805458, 31.0782151 ], [ 76.62317639, 31.07972002 ], [ 76.62573198, 31.09148583 ], [ 76.63780757, 31.10375062 ], [ 76.6385763, 31.10799841 ], [ 76.63608159, 31.11637406 ], [ 76.61698217, 31.11617639 ], [ 76.61337882, 31.12226307 ], [ 76.60205486, 31.12388957 ], [ 76.60165151, 31.12860038 ], [ 76.61064233, 31.14070743 ], [ 76.60897327, 31.14303511 ], [ 76.61240289, 31.14822738 ], [ 76.60180724, 31.15339604 ], [ 76.60832806, 31.17747109 ], [ 76.59990023, 31.17718818 ], [ 76.61267913, 31.18351502 ], [ 76.61857775, 31.19352414 ], [ 76.64540619, 31.20911943 ], [ 76.63457143, 31.2178032 ], [ 76.64178497, 31.22273191 ], [ 76.62776363, 31.22655336 ], [ 76.61423638, 31.21793721 ], [ 76.59316159, 31.21172343 ], [ 76.58829177, 31.22171904 ], [ 76.59524567, 31.22675383 ], [ 76.5948302, 31.23469558 ], [ 76.59843079, 31.23964917 ], [ 76.61054645, 31.24409979 ], [ 76.61215822, 31.24788981 ], [ 76.59259782, 31.26506658 ], [ 76.58766502, 31.2742524 ], [ 76.58339226, 31.27614951 ], [ 76.57519527, 31.27032613 ], [ 76.5599772, 31.25281205 ], [ 76.55270486, 31.25515344 ], [ 76.54919021, 31.25281677 ], [ 76.54359896, 31.25895385 ], [ 76.55014694, 31.26988298 ], [ 76.5512694, 31.27882645 ], [ 76.54290868, 31.28247141 ], [ 76.53771476, 31.27060825 ], [ 76.53932741, 31.26110761 ], [ 76.531407, 31.25644561 ], [ 76.52378228, 31.25819759 ], [ 76.5304292, 31.27115714 ], [ 76.52741674, 31.27722953 ], [ 76.52132359, 31.28026173 ], [ 76.50388896, 31.2669433 ], [ 76.49733755, 31.27054476 ], [ 76.49520144, 31.28162275 ], [ 76.4972587, 31.2859944 ], [ 76.49159284, 31.28847702 ], [ 76.49206433, 31.29389322 ], [ 76.48610006, 31.30394004 ], [ 76.47951423, 31.30821803 ], [ 76.46343614, 31.29349749 ], [ 76.45929842, 31.28573808 ], [ 76.44276419, 31.27722778 ], [ 76.43968961, 31.2790902 ], [ 76.44097512, 31.28762768 ], [ 76.45855118, 31.29535301 ], [ 76.46381269, 31.30145985 ], [ 76.45462561, 31.31176922 ], [ 76.43174621, 31.32686779 ], [ 76.42513191, 31.33962233 ], [ 76.42660726, 31.34445986 ], [ 76.4240144, 31.34905551 ], [ 76.41850155, 31.35007816 ], [ 76.40794878, 31.36582776 ], [ 76.40409446, 31.37795779 ], [ 76.39266345, 31.38955051 ], [ 76.39836752, 31.3934001 ], [ 76.40378141, 31.39231234 ], [ 76.40331111, 31.39689368 ], [ 76.39674562, 31.40745516 ], [ 76.38800083, 31.40912626 ], [ 76.38995909, 31.41659365 ], [ 76.37454779, 31.43712021 ], [ 76.37026142, 31.42875881 ], [ 76.37281389, 31.42486895 ], [ 76.37230937, 31.40902985 ], [ 76.36779474, 31.40395033 ], [ 76.34849941, 31.39779594 ], [ 76.34672822, 31.40229697 ], [ 76.34334093, 31.40225962 ], [ 76.34278881, 31.39827559 ], [ 76.3422328, 31.40091072 ], [ 76.33114002, 31.40124245 ], [ 76.32965598, 31.3786283 ], [ 76.34172062, 31.37815279 ], [ 76.34242135, 31.35478525 ], [ 76.34610778, 31.35445679 ], [ 76.34706897, 31.34915401 ], [ 76.35305712, 31.3488978 ], [ 76.35444577, 31.34496435 ], [ 76.34720649, 31.34685675 ], [ 76.34395944, 31.34061318 ], [ 76.33770704, 31.34037504 ], [ 76.33409159, 31.34941239 ], [ 76.33130559, 31.34659283 ], [ 76.30757957, 31.34265176 ], [ 76.31307436, 31.32997309 ], [ 76.32260345, 31.321674 ], [ 76.3112235, 31.31950645 ], [ 76.27574746, 31.3006478 ], [ 76.27038798, 31.3037196 ], [ 76.26887754, 31.31306679 ], [ 76.25007767, 31.3079042 ], [ 76.23950331, 31.30852063 ], [ 76.21395149, 31.29945875 ], [ 76.19097041, 31.30005204 ], [ 76.17980394, 31.3065974 ], [ 76.18135757, 31.33371709 ], [ 76.17880425, 31.340536 ], [ 76.1590958, 31.34367355 ], [ 76.14687196, 31.35904321 ], [ 76.14774302, 31.37962162 ], [ 76.16855759, 31.3963098 ], [ 76.16636889, 31.40579564 ], [ 76.16862163, 31.40971554 ], [ 76.16014358, 31.41476273 ], [ 76.16255843, 31.42127062 ], [ 76.15670754, 31.43054345 ], [ 76.14574638, 31.43394227 ], [ 76.13896901, 31.44875899 ], [ 76.13312635, 31.45194773 ], [ 76.13544461, 31.45893867 ], [ 76.13102298, 31.46359695 ], [ 76.13067763, 31.47109633 ], [ 76.11703155, 31.48307196 ], [ 76.12044348, 31.48792156 ], [ 76.12082991, 31.4976037 ], [ 76.11308671, 31.4999445 ], [ 76.10662032, 31.50977329 ], [ 76.09850557, 31.53646195 ], [ 76.08162829, 31.55199294 ], [ 76.07309267, 31.56345044 ], [ 76.07202947, 31.56964416 ], [ 76.05620205, 31.58517432 ], [ 76.05751128, 31.58864244 ], [ 76.05328241, 31.59303121 ], [ 76.0578712, 31.59555183 ], [ 76.05516598, 31.60565891 ], [ 76.04611063, 31.6033517 ], [ 76.01772157, 31.63218728 ], [ 76.02101997, 31.64072643 ], [ 76.0171876, 31.64524954 ], [ 76.01840646, 31.64885153 ], [ 76.00891396, 31.65341613 ], [ 76.00010006, 31.6876035 ], [ 75.99311855, 31.69690301 ], [ 75.99294818, 31.70346696 ], [ 75.97945629, 31.72608742 ], [ 75.97852079, 31.7334225 ], [ 75.97264452, 31.73872052 ], [ 75.97513615, 31.74379797 ], [ 75.96020001, 31.78116134 ], [ 75.95309641, 31.78332303 ], [ 75.95305412, 31.78963431 ], [ 75.93666883, 31.81545539 ], [ 75.94748182, 31.81305354 ], [ 75.96734806, 31.82384756 ], [ 75.97558672, 31.81878851 ], [ 75.97854291, 31.81303971 ], [ 75.98652107, 31.81227379 ], [ 75.98647279, 31.8179659 ], [ 75.97121155, 31.82852091 ], [ 75.96117697, 31.85489594 ], [ 75.9155338, 31.93107689 ], [ 75.91038581, 31.95017897 ], [ 75.88310078, 31.9656523 ], [ 75.88300434, 31.9689527 ], [ 75.85696115, 31.97386435 ], [ 75.85102204, 31.98221053 ], [ 75.82168713, 31.98398197 ], [ 75.79963356, 31.99381865 ], [ 75.77975304, 32.0047122 ], [ 75.75079691, 32.0377525 ], [ 75.74232583, 32.03941258 ], [ 75.72352908, 32.03303598 ], [ 75.71072113, 32.04146469 ], [ 75.70798799, 32.0495131 ], [ 75.69832654, 32.0580548 ], [ 75.67827517, 32.06336062 ], [ 75.67463843, 32.07056505 ], [ 75.6581066, 32.07772848 ], [ 75.63646501, 32.07144815 ], [ 75.63135845, 32.07448029 ], [ 75.62041771, 32.07259534 ], [ 75.60164506, 32.06585752 ], [ 75.60071881, 32.06910782 ], [ 75.59484394, 32.06987231 ], [ 75.59431705, 32.07906116 ], [ 75.5981945, 32.0823019 ], [ 75.59642808, 32.08614426 ], [ 75.60085916, 32.09310822 ], [ 75.61088369, 32.09316494 ], [ 75.62036768, 32.0978799 ], [ 75.62661688, 32.10693019 ], [ 75.62773148, 32.11690678 ], [ 75.62550361, 32.11820523 ], [ 75.66128726, 32.13687768 ], [ 75.67307953, 32.15876992 ], [ 75.6639012, 32.16238383 ], [ 75.66722262, 32.17760146 ], [ 75.65889797, 32.17740297 ], [ 75.65682264, 32.18287332 ], [ 75.66311376, 32.18970228 ], [ 75.661908, 32.19304841 ], [ 75.65349376, 32.19719601 ], [ 75.63735471, 32.19250403 ], [ 75.6371506, 32.18716149 ], [ 75.62423451, 32.19032809 ], [ 75.62650497, 32.21550898 ], [ 75.63730685, 32.2185725 ], [ 75.63879424, 32.2219017 ], [ 75.63664423, 32.23144901 ], [ 75.61781956, 32.23660858 ], [ 75.63296891, 32.24492803 ], [ 75.6385099, 32.25202431 ], [ 75.65710869, 32.25121216 ], [ 75.7133446, 32.27263724 ], [ 75.74482468, 32.27690745 ], [ 75.77057189, 32.28868875 ], [ 75.78151603, 32.30909172 ], [ 75.79781717, 32.32462735 ], [ 75.8031968, 32.32852113 ], [ 75.81516423, 32.33036054 ], [ 75.80791768, 32.3411148 ], [ 75.8112282, 32.34855262 ], [ 75.82703257, 32.35052907 ], [ 75.83474548, 32.35703608 ], [ 75.8441703, 32.35584309 ], [ 75.84739511, 32.37385433 ], [ 75.85654814, 32.38475449 ], [ 75.87349761, 32.39553958 ], [ 75.88718618, 32.39609853 ], [ 75.89377879, 32.39325492 ], [ 75.91142063, 32.39415911 ], [ 75.91611453, 32.39703515 ], [ 75.92171037, 32.39653004 ], [ 75.92345837, 32.39124894 ], [ 75.92915148, 32.39443042 ], [ 75.93286436, 32.39147859 ], [ 75.93475851, 32.39338269 ], [ 75.93649423, 32.39741794 ], [ 75.91801332, 32.41443111 ], [ 75.92061073, 32.42912623 ], [ 75.9079085, 32.43647967 ], [ 75.9017713, 32.45275208 ], [ 75.89038872, 32.45764324 ], [ 75.87913377, 32.47040767 ], [ 75.85347891, 32.48768649 ], [ 75.84380161, 32.50912349 ], [ 75.83874666, 32.5126949 ] ] ] } },
{ "type": "Feature", "properties": { "GmlID": "State_NWIC.30", "objectid": 30, "State": "RJ", "state_code": "08", "st_area_shape_": 329854303258.20984, "st_length_shape_": 5376521.0051568998 }, "geometry": { "type": "MultiPolygon", "coordinates": [ [ [ [ 73.97512159, 30.12009472 ], [ 73.96800365, 30.14372728 ], [ 73.96818811, 30.16849267 ], [ 73.97379833, 30.1830088 ], [ 73.97262531, 30.19810013 ], [ 73.82781571, 30.09233395 ], [ 73.80622701, 30.0678393 ], [ 73.59700188, 30.01897728 ], [ 73.39692523, 29.9459977 ], [ 73.28209723, 29.5720319 ], [ 73.08442853, 29.23626563 ], [ 73.00438124, 29.15297862 ], [ 72.9458405, 29.02794757 ], [ 72.73308527, 28.94808789 ], [ 72.4793951, 28.81208446 ], [ 72.40389668, 28.78305266 ], [ 72.39070264, 28.77035725 ], [ 72.2992376, 28.66975406 ], [ 72.20613068, 28.39426882 ], [ 72.13224352, 28.3130984 ], [ 72.00429032, 28.21865661 ], [ 71.92736126, 28.12174008 ], [ 71.89834425, 27.96121044 ], [ 71.66643338, 27.87775641 ], [ 71.38304476, 27.87262599 ], [ 71.20553537, 27.83541748 ], [ 70.98268589, 27.74223352 ], [ 70.96319927, 27.72937754 ], [ 70.95120239, 27.72884944 ], [ 70.90611854, 27.70959275 ], [ 70.87183943, 27.70559789 ], [ 70.75930479, 27.72128194 ], [ 70.75067443, 27.73360816 ], [ 70.73976792, 27.74192185 ], [ 70.73240858, 27.76033323 ], [ 70.68437193, 27.8281858 ], [ 70.67848585, 27.87242714 ], [ 70.67739918, 27.92184619 ], [ 70.59854028, 27.99314999 ], [ 70.58946001, 28.0104397 ], [ 70.55420392, 28.0263446 ], [ 70.50574113, 28.03702657 ], [ 70.4394709, 28.02023918 ], [ 70.37219235, 28.01183215 ], [ 70.29618494, 27.93601554 ], [ 70.22701157, 27.90137058 ], [ 70.19765039, 27.86722204 ], [ 70.1323962, 27.80595556 ], [ 70.07224456, 27.66313924 ], [ 70.0258997, 27.56291994 ], [ 69.96629267, 27.52350852 ], [ 69.93389091, 27.49783076 ], [ 69.89092549, 27.43350192 ], [ 69.86248468, 27.4018075 ], [ 69.78328411, 27.34264537 ], [ 69.76013672, 27.32103481 ], [ 69.70271126, 27.28431596 ], [ 69.64266661, 27.22336186 ], [ 69.58684104, 27.18332278 ], [ 69.51331289, 27.00998351 ], [ 69.4978701, 26.8683488 ], [ 69.48442567, 26.80483529 ], [ 69.51027601, 26.74357996 ], [ 69.72249271, 26.65331065 ], [ 69.79182429, 26.59837045 ], [ 69.82311901, 26.58902899 ], [ 69.8867669, 26.5788701 ], [ 69.93466293, 26.5815342 ], [ 70.05623329, 26.60056852 ], [ 70.11719642, 26.58688058 ], [ 70.17409294, 26.55149021 ], [ 70.18462045, 26.48164452 ], [ 70.17690109, 26.42400939 ], [ 70.18536273, 26.37433446 ], [ 70.17907364, 26.34270707 ], [ 70.16350941, 26.29493085 ], [ 70.1750473, 26.25152846 ], [ 70.16826525, 26.2180901 ], [ 70.14131044, 26.15586659 ], [ 70.08338722, 26.08328899 ], [ 70.09976323, 25.93826305 ], [ 70.17444241, 25.828384 ], [ 70.19710974, 25.81548035 ], [ 70.22236467, 25.79314518 ], [ 70.24719333, 25.76166571 ], [ 70.26272521, 25.72021763 ], [ 70.26865201, 25.7136002 ], [ 70.35855852, 25.68011133 ], [ 70.38700216, 25.67383154 ], [ 70.44860035, 25.68195678 ], [ 70.53015486, 25.68348035 ], [ 70.60885175, 25.71497322 ], [ 70.6472796, 25.71259097 ], [ 70.66007425, 25.70215257 ], [ 70.67393367, 25.67584186 ], [ 70.66713812, 25.53137261 ], [ 70.67841485, 25.52552354 ], [ 70.67137935, 25.46093185 ], [ 70.67201141, 25.42028892 ], [ 70.66481386, 25.39688265 ], [ 70.73679534, 25.33255729 ], [ 70.75158097, 25.27781545 ], [ 70.88867058, 25.14817349 ], [ 70.91121948, 25.03084394 ], [ 70.93762776, 24.93855842 ], [ 70.94395981, 24.92545952 ], [ 70.99212421, 24.86344366 ], [ 71.02648014, 24.80884939 ], [ 71.06524651, 24.71758134 ], [ 71.11197656, 24.67580567 ], [ 71.28764954, 24.61590099 ], [ 71.30426563, 24.62847758 ], [ 71.30387663, 24.63448676 ], [ 71.31364052, 24.64806737 ], [ 71.34779438, 24.66107452 ], [ 71.35856316, 24.63101284 ], [ 71.37735742, 24.62599257 ], [ 71.38279347, 24.63368161 ], [ 71.39113953, 24.63127789 ], [ 71.39836054, 24.6407716 ], [ 71.42246357, 24.64778933 ], [ 71.42714968, 24.65562411 ], [ 71.44769977, 24.66837757 ], [ 71.46158956, 24.6664367 ], [ 71.47777792, 24.6796619 ], [ 71.49950481, 24.68038392 ], [ 71.50267941, 24.68286969 ], [ 71.51349749, 24.67951854 ], [ 71.52893182, 24.68524619 ], [ 71.5418373, 24.67619277 ], [ 71.57336702, 24.68404464 ], [ 71.57810079, 24.68207361 ], [ 71.58461092, 24.66999494 ], [ 71.59032131, 24.66743639 ], [ 71.60783736, 24.67708278 ], [ 71.61952899, 24.66754537 ], [ 71.62424853, 24.66984329 ], [ 71.62957343, 24.66050388 ], [ 71.63893621, 24.65929474 ], [ 71.64180826, 24.64647722 ], [ 71.65524916, 24.63926492 ], [ 71.66331381, 24.64476847 ], [ 71.67751782, 24.64633197 ], [ 71.69040729, 24.65419828 ], [ 71.69677394, 24.65433511 ], [ 71.70785817, 24.66177092 ], [ 71.73645566, 24.66035159 ], [ 71.76240405, 24.66861655 ], [ 71.77266878, 24.67586057 ], [ 71.79150395, 24.67733117 ], [ 71.80293856, 24.67164139 ], [ 71.81029119, 24.65625307 ], [ 71.80250884, 24.63111912 ], [ 71.80589502, 24.62672033 ], [ 71.81593569, 24.62037728 ], [ 71.83081622, 24.62337831 ], [ 71.8378084, 24.62129607 ], [ 71.85214073, 24.60935967 ], [ 71.85560078, 24.62206763 ], [ 71.86533083, 24.63067689 ], [ 71.85757779, 24.65119956 ], [ 71.8577338, 24.66651096 ], [ 71.87172874, 24.68176062 ], [ 71.88500476, 24.67754073 ], [ 71.8882205, 24.67213827 ], [ 71.90747462, 24.67755629 ], [ 71.91859065, 24.67210887 ], [ 71.92029619, 24.664157 ], [ 71.9116338, 24.65852815 ], [ 71.91543641, 24.64948588 ], [ 71.92549194, 24.63603199 ], [ 71.93861982, 24.63649754 ], [ 71.9398482, 24.63379998 ], [ 71.94616188, 24.64108346 ], [ 71.96422828, 24.64582657 ], [ 71.97732691, 24.65687998 ], [ 71.98819138, 24.65754641 ], [ 71.98274896, 24.67253973 ], [ 71.98376844, 24.68589584 ], [ 71.99393487, 24.69510856 ], [ 72.00106808, 24.69487584 ], [ 72.00136395, 24.68851752 ], [ 72.01245919, 24.69058268 ], [ 72.04253437, 24.70437406 ], [ 72.04848968, 24.71056131 ], [ 72.06128742, 24.712111 ], [ 72.08517662, 24.70640666 ], [ 72.09264389, 24.68190553 ], [ 72.08611781, 24.67758394 ], [ 72.08979272, 24.65868963 ], [ 72.09796011, 24.65614379 ], [ 72.10874005, 24.64665095 ], [ 72.11492503, 24.64842536 ], [ 72.11697158, 24.64336069 ], [ 72.12453227, 24.63860711 ], [ 72.12814418, 24.64170087 ], [ 72.15022993, 24.64366418 ], [ 72.16030745, 24.63525919 ], [ 72.16478588, 24.62128517 ], [ 72.17030974, 24.62317348 ], [ 72.19200195, 24.62004327 ], [ 72.19651536, 24.61485422 ], [ 72.19470847, 24.62302314 ], [ 72.21653113, 24.62689891 ], [ 72.23032677, 24.64061123 ], [ 72.25465033, 24.62488502 ], [ 72.27080597, 24.63756942 ], [ 72.27065627, 24.63051473 ], [ 72.2736351, 24.62836368 ], [ 72.28295589, 24.62575141 ], [ 72.28921596, 24.61957046 ], [ 72.29711767, 24.62478973 ], [ 72.30495085, 24.61754974 ], [ 72.31514105, 24.61994455 ], [ 72.32018278, 24.61778382 ], [ 72.33547105, 24.6332563 ], [ 72.33792943, 24.63005933 ], [ 72.3473512, 24.62851531 ], [ 72.34342378, 24.62173731 ], [ 72.34443693, 24.61084244 ], [ 72.3360874, 24.59872897 ], [ 72.31362486, 24.59394172 ], [ 72.30775913, 24.59588714 ], [ 72.30322816, 24.60569784 ], [ 72.2973659, 24.60896778 ], [ 72.28998523, 24.60370765 ], [ 72.27601976, 24.60745039 ], [ 72.26432851, 24.6044715 ], [ 72.26428121, 24.60005704 ], [ 72.25842718, 24.59829208 ], [ 72.24642766, 24.58551775 ], [ 72.26482412, 24.56028978 ], [ 72.27505067, 24.56536989 ], [ 72.28554548, 24.56527035 ], [ 72.28928714, 24.54804199 ], [ 72.29478578, 24.54679727 ], [ 72.30183421, 24.55020252 ], [ 72.32896647, 24.55240565 ], [ 72.3303816, 24.55454156 ], [ 72.32687318, 24.55813426 ], [ 72.3309892, 24.56927903 ], [ 72.34140783, 24.5631288 ], [ 72.35376803, 24.56367346 ], [ 72.3583535, 24.55095251 ], [ 72.3675512, 24.54766288 ], [ 72.37010434, 24.54373524 ], [ 72.36813399, 24.53738347 ], [ 72.37647009, 24.52465881 ], [ 72.37970771, 24.51239026 ], [ 72.38576504, 24.51192418 ], [ 72.38858293, 24.50771943 ], [ 72.4000175, 24.51446663 ], [ 72.41294454, 24.51724837 ], [ 72.41630665, 24.52116678 ], [ 72.4237611, 24.51668802 ], [ 72.44105882, 24.51532206 ], [ 72.44291367, 24.50398 ], [ 72.43019524, 24.48017012 ], [ 72.43375688, 24.46010177 ], [ 72.4513997, 24.44218724 ], [ 72.45207005, 24.43396293 ], [ 72.45839345, 24.42486375 ], [ 72.45734434, 24.41477883 ], [ 72.50032084, 24.41704671 ], [ 72.49315413, 24.45907802 ], [ 72.50439804, 24.45836695 ], [ 72.5047604, 24.47159816 ], [ 72.51444637, 24.48395597 ], [ 72.52003901, 24.50039587 ], [ 72.5334284, 24.50379739 ], [ 72.53596161, 24.51760866 ], [ 72.53892532, 24.51961508 ], [ 72.57587149, 24.47889673 ], [ 72.65627857, 24.46221939 ], [ 72.68333896, 24.46387527 ], [ 72.68821115, 24.45780539 ], [ 72.68747891, 24.45260301 ], [ 72.67974947, 24.44292808 ], [ 72.68912277, 24.41173218 ], [ 72.72431035, 24.3676168 ], [ 72.7308384, 24.36429777 ], [ 72.7713951, 24.36822518 ], [ 72.80580489, 24.36293441 ], [ 72.81475845, 24.37022631 ], [ 72.83647215, 24.36916094 ], [ 72.8497388, 24.37204201 ], [ 72.89117595, 24.35688919 ], [ 72.91070872, 24.33721102 ], [ 72.91919314, 24.34436829 ], [ 72.93768172, 24.3482529 ], [ 72.9685979, 24.36797924 ], [ 72.97509503, 24.36879719 ], [ 72.97752129, 24.37682242 ], [ 72.97434484, 24.38275245 ], [ 72.95965265, 24.39126681 ], [ 72.95428541, 24.39139658 ], [ 72.94943384, 24.39921528 ], [ 72.96668873, 24.41092067 ], [ 72.97330246, 24.42653997 ], [ 72.98096275, 24.43412838 ], [ 72.97370887, 24.44081421 ], [ 72.97454145, 24.44921886 ], [ 72.96779434, 24.45081034 ], [ 72.99111438, 24.47791407 ], [ 73.00083085, 24.48357104 ], [ 73.00663492, 24.47543812 ], [ 73.00160245, 24.46966664 ], [ 73.00329194, 24.46669898 ], [ 73.01944003, 24.46484062 ], [ 73.03171949, 24.46725213 ], [ 73.0345645, 24.46424092 ], [ 73.03640682, 24.46716231 ], [ 73.04857605, 24.46921362 ], [ 73.04790463, 24.47458237 ], [ 73.0566342, 24.47808684 ], [ 73.06005388, 24.48386587 ], [ 73.06736317, 24.48365209 ], [ 73.07238741, 24.48717006 ], [ 73.0716801, 24.49204009 ], [ 73.0870992, 24.49809522 ], [ 73.09587512, 24.49005418 ], [ 73.0911088, 24.47510232 ], [ 73.10179833, 24.47081163 ], [ 73.1032586, 24.45575928 ], [ 73.09837127, 24.44801337 ], [ 73.10280958, 24.43300698 ], [ 73.07648178, 24.39660043 ], [ 73.087475, 24.3866276 ], [ 73.10005128, 24.39034529 ], [ 73.10241297, 24.38189302 ], [ 73.10532004, 24.38258936 ], [ 73.11163359, 24.3735639 ], [ 73.12390911, 24.36761612 ], [ 73.1327963, 24.36704895 ], [ 73.15196257, 24.35439599 ], [ 73.17069372, 24.35582043 ], [ 73.18078414, 24.3666546 ], [ 73.19850426, 24.37691125 ], [ 73.20599319, 24.37505664 ], [ 73.21924298, 24.36389717 ], [ 73.20623779, 24.35126559 ], [ 73.19854331, 24.33193582 ], [ 73.18781862, 24.33403051 ], [ 73.18164406, 24.34332244 ], [ 73.17632711, 24.33787839 ], [ 73.17357088, 24.30858931 ], [ 73.16920128, 24.30030599 ], [ 73.14084742, 24.31108649 ], [ 73.13541582, 24.30843327 ], [ 73.12542623, 24.27343101 ], [ 73.10757719, 24.26433551 ], [ 73.10355346, 24.25553131 ], [ 73.09533397, 24.24934789 ], [ 73.09335928, 24.2380765 ], [ 73.08789055, 24.23382056 ], [ 73.09702354, 24.23110169 ], [ 73.09224571, 24.22340356 ], [ 73.07843795, 24.219305 ], [ 73.07925928, 24.20518304 ], [ 73.06742204, 24.19469021 ], [ 73.07655441, 24.1792014 ], [ 73.09913845, 24.15946547 ], [ 73.1038451, 24.14987745 ], [ 73.10341564, 24.14375551 ], [ 73.11026188, 24.14230236 ], [ 73.12519928, 24.12486177 ], [ 73.13744495, 24.12263125 ], [ 73.15351718, 24.11278409 ], [ 73.15717454, 24.10953174 ], [ 73.15497435, 24.10869147 ], [ 73.15890267, 24.0983251 ], [ 73.1973018, 24.08655537 ], [ 73.21391408, 24.07768556 ], [ 73.20236541, 24.05098849 ], [ 73.19319526, 24.04107733 ], [ 73.20920356, 24.03365621 ], [ 73.21072077, 24.02884674 ], [ 73.22924233, 24.02216657 ], [ 73.22972817, 24.01566585 ], [ 73.23661594, 24.0123424 ], [ 73.24292146, 24.00226213 ], [ 73.2493373, 24.00324103 ], [ 73.25235536, 24.00948235 ], [ 73.26530847, 24.02032148 ], [ 73.28241189, 24.01930194 ], [ 73.29681176, 24.04405178 ], [ 73.29984132, 24.04675178 ], [ 73.30661953, 24.04608679 ], [ 73.31623042, 24.05314602 ], [ 73.31562371, 24.05802546 ], [ 73.32521411, 24.077317 ], [ 73.32145012, 24.09712981 ], [ 73.32630608, 24.10964628 ], [ 73.33299345, 24.10869359 ], [ 73.33332264, 24.10341013 ], [ 73.33831446, 24.09884389 ], [ 73.34338171, 24.1005955 ], [ 73.34707823, 24.10679847 ], [ 73.36197602, 24.10466223 ], [ 73.3608522, 24.08128254 ], [ 73.38623285, 24.06473118 ], [ 73.40464518, 24.04110331 ], [ 73.40087363, 24.03220458 ], [ 73.40797893, 24.00809621 ], [ 73.40373108, 23.99330275 ], [ 73.39862075, 23.99005812 ], [ 73.40463952, 23.99102174 ], [ 73.41493999, 23.98578347 ], [ 73.41323476, 23.93905865 ], [ 73.42080988, 23.93082834 ], [ 73.42004903, 23.92494823 ], [ 73.40887155, 23.92148734 ], [ 73.40650158, 23.91650569 ], [ 73.39514255, 23.91901681 ], [ 73.38744472, 23.91590537 ], [ 73.37904691, 23.90491176 ], [ 73.37769404, 23.896234 ], [ 73.37099431, 23.89113908 ], [ 73.36800614, 23.87832986 ], [ 73.36110693, 23.87270266 ], [ 73.35382564, 23.85285297 ], [ 73.36769625, 23.83946564 ], [ 73.36853547, 23.83188301 ], [ 73.36506821, 23.82376344 ], [ 73.36800522, 23.8226186 ], [ 73.36789586, 23.8142343 ], [ 73.35870734, 23.79567556 ], [ 73.35187573, 23.79143069 ], [ 73.35604795, 23.78501882 ], [ 73.36325246, 23.78228934 ], [ 73.37150707, 23.77048814 ], [ 73.37075781, 23.7652611 ], [ 73.38248622, 23.76800027 ], [ 73.38622159, 23.77666059 ], [ 73.40022842, 23.78505134 ], [ 73.40449279, 23.78048675 ], [ 73.41801705, 23.77676421 ], [ 73.41641716, 23.7702856 ], [ 73.42477236, 23.76127943 ], [ 73.43113651, 23.76125144 ], [ 73.43141015, 23.75674165 ], [ 73.44772757, 23.75287473 ], [ 73.44668348, 23.74430889 ], [ 73.4502011, 23.7333498 ], [ 73.45672379, 23.73352278 ], [ 73.46090444, 23.72687092 ], [ 73.49064336, 23.70690568 ], [ 73.50734496, 23.70294446 ], [ 73.50387746, 23.65679311 ], [ 73.49660437, 23.64913845 ], [ 73.50874024, 23.64431499 ], [ 73.50565986, 23.63880517 ], [ 73.49375057, 23.63236912 ], [ 73.50378061, 23.6244327 ], [ 73.50345648, 23.6183519 ], [ 73.50624374, 23.61905351 ], [ 73.52306932, 23.60690297 ], [ 73.52482353, 23.61179142 ], [ 73.54645276, 23.62599176 ], [ 73.56856976, 23.65291207 ], [ 73.57263944, 23.65376719 ], [ 73.61546397, 23.65211902 ], [ 73.64065144, 23.62821216 ], [ 73.65564622, 23.62127148 ], [ 73.64486851, 23.60416634 ], [ 73.64335651, 23.59444293 ], [ 73.64756427, 23.57449615 ], [ 73.64414279, 23.5723648 ], [ 73.64958023, 23.56819955 ], [ 73.64722787, 23.56606248 ], [ 73.64065018, 23.56803762 ], [ 73.63660293, 23.56460764 ], [ 73.63311517, 23.55518702 ], [ 73.63512518, 23.53835866 ], [ 73.63307048, 23.52878111 ], [ 73.65045345, 23.51857717 ], [ 73.65634303, 23.50742609 ], [ 73.64964321, 23.49655318 ], [ 73.6406706, 23.49633383 ], [ 73.64031511, 23.48272048 ], [ 73.62719622, 23.44857437 ], [ 73.63587851, 23.44910796 ], [ 73.64578158, 23.44186514 ], [ 73.64743271, 23.4364573 ], [ 73.66048995, 23.44802821 ], [ 73.67386637, 23.45409516 ], [ 73.68515549, 23.45362188 ], [ 73.69210546, 23.45843343 ], [ 73.69746632, 23.45663664 ], [ 73.70684268, 23.44564421 ], [ 73.70520082, 23.43813802 ], [ 73.71162409, 23.43550855 ], [ 73.70797354, 23.43116415 ], [ 73.7104368, 23.42536654 ], [ 73.70810659, 23.42227942 ], [ 73.71120046, 23.42186774 ], [ 73.71369247, 23.41381762 ], [ 73.72078909, 23.41013816 ], [ 73.72873495, 23.42321617 ], [ 73.73497512, 23.42549421 ], [ 73.75081524, 23.44198516 ], [ 73.75642085, 23.45017705 ], [ 73.75570695, 23.45431939 ], [ 73.76767291, 23.45292558 ], [ 73.77227402, 23.43791727 ], [ 73.7765555, 23.43779236 ], [ 73.77896368, 23.43130945 ], [ 73.78626233, 23.43022883 ], [ 73.79443851, 23.43111903 ], [ 73.80342283, 23.43777496 ], [ 73.81858841, 23.43846344 ], [ 73.82869399, 23.44769805 ], [ 73.83306952, 23.43595194 ], [ 73.83022259, 23.42623796 ], [ 73.86359604, 23.38948986 ], [ 73.86176593, 23.38362797 ], [ 73.86919316, 23.38189593 ], [ 73.86774559, 23.37804796 ], [ 73.87295089, 23.37945993 ], [ 73.87433154, 23.36366917 ], [ 73.88722352, 23.35728063 ], [ 73.89264044, 23.34828108 ], [ 73.88959368, 23.33637496 ], [ 73.89196354, 23.33411092 ], [ 73.91857153, 23.33547336 ], [ 73.93562519, 23.33972351 ], [ 73.93937766, 23.3444038 ], [ 73.93800304, 23.36794959 ], [ 73.96233755, 23.380906 ], [ 73.96674913, 23.37489749 ], [ 73.97491956, 23.37220326 ], [ 73.98023776, 23.36289245 ], [ 73.9794724, 23.35538295 ], [ 73.98420118, 23.35274925 ], [ 73.98192095, 23.33785282 ], [ 74.02864153, 23.33167561 ], [ 74.02479257, 23.32106415 ], [ 74.03305352, 23.30599617 ], [ 74.04483644, 23.30877658 ], [ 74.03815388, 23.29344938 ], [ 74.07175078, 23.29886539 ], [ 74.08296704, 23.29609844 ], [ 74.09220915, 23.29805726 ], [ 74.10682438, 23.29374862 ], [ 74.11389316, 23.28439482 ], [ 74.11552419, 23.27442665 ], [ 74.13878317, 23.26605636 ], [ 74.1362705, 23.24527544 ], [ 74.13980692, 23.22972615 ], [ 74.13731532, 23.22925678 ], [ 74.14074431, 23.22302147 ], [ 74.13480382, 23.21654764 ], [ 74.136218, 23.21108862 ], [ 74.12554763, 23.20425814 ], [ 74.12280365, 23.18458231 ], [ 74.12777548, 23.17611713 ], [ 74.14736717, 23.17298302 ], [ 74.15555452, 23.15634078 ], [ 74.17276456, 23.15572693 ], [ 74.18116155, 23.15164833 ], [ 74.18541531, 23.15682874 ], [ 74.18292188, 23.16635031 ], [ 74.18858973, 23.17815565 ], [ 74.19577005, 23.18054446 ], [ 74.20291109, 23.19031334 ], [ 74.21168997, 23.18984851 ], [ 74.21899411, 23.18657123 ], [ 74.21844538, 23.18386731 ], [ 74.23365477, 23.17964118 ], [ 74.2407944, 23.18466093 ], [ 74.24167808, 23.18071508 ], [ 74.24703475, 23.18443106 ], [ 74.25288409, 23.17210111 ], [ 74.2727116, 23.1597005 ], [ 74.28003211, 23.13190733 ], [ 74.29290483, 23.11740447 ], [ 74.28314598, 23.09913557 ], [ 74.28444479, 23.09323428 ], [ 74.31449017, 23.07709659 ], [ 74.32440128, 23.06154086 ], [ 74.32912738, 23.06129102 ], [ 74.35596628, 23.07997656 ], [ 74.35637171, 23.08873592 ], [ 74.38600959, 23.11151314 ], [ 74.40635546, 23.11220753 ], [ 74.42296917, 23.10417258 ], [ 74.43221408, 23.10503898 ], [ 74.44065774, 23.09516942 ], [ 74.44092236, 23.09078623 ], [ 74.45420321, 23.08841736 ], [ 74.46410412, 23.0818129 ], [ 74.47477895, 23.08181592 ], [ 74.48937586, 23.08755528 ], [ 74.50573421, 23.08518958 ], [ 74.50922368, 23.086894 ], [ 74.50698158, 23.09154877 ], [ 74.51059832, 23.09473112 ], [ 74.52796388, 23.09762463 ], [ 74.54478166, 23.10909196 ], [ 74.54636126, 23.11409378 ], [ 74.53938181, 23.12937539 ], [ 74.57667653, 23.13430997 ], [ 74.58491598, 23.13971048 ], [ 74.59651085, 23.13794745 ], [ 74.60659845, 23.14271439 ], [ 74.6183658, 23.15053221 ], [ 74.62482074, 23.16177776 ], [ 74.6493008, 23.17529447 ], [ 74.66419328, 23.19521094 ], [ 74.67138568, 23.20012805 ], [ 74.68187652, 23.19398485 ], [ 74.70846605, 23.19426926 ], [ 74.71493968, 23.1907757 ], [ 74.72409913, 23.19637511 ], [ 74.72549349, 23.20126415 ], [ 74.74150827, 23.20842338 ], [ 74.74432318, 23.21195815 ], [ 74.74040727, 23.21770134 ], [ 74.7486274, 23.22356219 ], [ 74.74743737, 23.22660977 ], [ 74.74262885, 23.2215742 ], [ 74.72640227, 23.21506397 ], [ 74.71658541, 23.21736015 ], [ 74.70204302, 23.21453498 ], [ 74.69189199, 23.21916967 ], [ 74.69139272, 23.22571027 ], [ 74.70401848, 23.22911141 ], [ 74.71507587, 23.23679423 ], [ 74.71297106, 23.25049799 ], [ 74.69834822, 23.25746068 ], [ 74.70066406, 23.26578905 ], [ 74.69359326, 23.265367 ], [ 74.68011124, 23.27083891 ], [ 74.67246044, 23.26923036 ], [ 74.65361465, 23.25567635 ], [ 74.63883938, 23.25548655 ], [ 74.62691609, 23.2588178 ], [ 74.62484053, 23.27373696 ], [ 74.61607268, 23.27956775 ], [ 74.61017732, 23.28182679 ], [ 74.60285162, 23.27711189 ], [ 74.58895607, 23.27902746 ], [ 74.5851086, 23.27697709 ], [ 74.57337997, 23.28979886 ], [ 74.57435559, 23.29521127 ], [ 74.56844482, 23.29200539 ], [ 74.56902343, 23.28805516 ], [ 74.56298719, 23.27866177 ], [ 74.54664461, 23.27710569 ], [ 74.53927207, 23.29989928 ], [ 74.53431506, 23.30065417 ], [ 74.52782859, 23.31088133 ], [ 74.53110301, 23.3131403 ], [ 74.529866, 23.32075112 ], [ 74.52313513, 23.32113838 ], [ 74.51504541, 23.31581037 ], [ 74.51412553, 23.32831108 ], [ 74.53511588, 23.33083177 ], [ 74.53968145, 23.33482289 ], [ 74.53978914, 23.36195956 ], [ 74.54584249, 23.36499953 ], [ 74.55764755, 23.3626412 ], [ 74.55909918, 23.37129537 ], [ 74.5688319, 23.37631734 ], [ 74.56648575, 23.38613333 ], [ 74.57310729, 23.39641962 ], [ 74.57000947, 23.41247414 ], [ 74.5723605, 23.42067773 ], [ 74.57502084, 23.42338516 ], [ 74.58351896, 23.42271771 ], [ 74.58712058, 23.42658383 ], [ 74.59497788, 23.42540657 ], [ 74.59914567, 23.42890968 ], [ 74.59907363, 23.43681561 ], [ 74.61005163, 23.45181937 ], [ 74.60475179, 23.45801364 ], [ 74.61299689, 23.46227951 ], [ 74.61617264, 23.45995832 ], [ 74.63229765, 23.46170167 ], [ 74.63307848, 23.46985827 ], [ 74.63881428, 23.46390108 ], [ 74.65190086, 23.46250096 ], [ 74.65995626, 23.46842742 ], [ 74.66661023, 23.47855888 ], [ 74.66590083, 23.48285366 ], [ 74.67869815, 23.48349157 ], [ 74.68223298, 23.48802972 ], [ 74.68023041, 23.49498609 ], [ 74.68684871, 23.49492053 ], [ 74.70087494, 23.50429186 ], [ 74.7183954, 23.50384222 ], [ 74.72169885, 23.49763946 ], [ 74.72720694, 23.4954469 ], [ 74.73602084, 23.51105991 ], [ 74.73336632, 23.52173642 ], [ 74.76171713, 23.52129737 ], [ 74.77274782, 23.54401425 ], [ 74.79407425, 23.55096939 ], [ 74.80291847, 23.53253773 ], [ 74.8106995, 23.54114203 ], [ 74.82219017, 23.54100917 ], [ 74.82923059, 23.55063951 ], [ 74.84725647, 23.55216917 ], [ 74.85340385, 23.57071589 ], [ 74.85695274, 23.57420822 ], [ 74.87324699, 23.57710434 ], [ 74.86996247, 23.59196741 ], [ 74.88007514, 23.59532161 ], [ 74.88212731, 23.60614727 ], [ 74.89367628, 23.60936833 ], [ 74.90162449, 23.61763305 ], [ 74.90329901, 23.62519495 ], [ 74.91487681, 23.61815686 ], [ 74.92428975, 23.6200911 ], [ 74.92723464, 23.62516036 ], [ 74.93648075, 23.62867288 ], [ 74.93611431, 23.63977511 ], [ 74.92798953, 23.64222122 ], [ 74.9217276, 23.66649414 ], [ 74.90797812, 23.67128573 ], [ 74.90716997, 23.67470837 ], [ 74.90390706, 23.67488549 ], [ 74.90441672, 23.68017738 ], [ 74.89965046, 23.6823052 ], [ 74.92143645, 23.6948132 ], [ 74.91830298, 23.70620646 ], [ 74.92016363, 23.71932171 ], [ 74.92444716, 23.71855804 ], [ 74.92875156, 23.72829617 ], [ 74.93625316, 23.72964897 ], [ 74.92988873, 23.74024751 ], [ 74.93009864, 23.75003458 ], [ 74.92438655, 23.7563542 ], [ 74.93416209, 23.75803913 ], [ 74.94037244, 23.76473119 ], [ 74.92428577, 23.79661619 ], [ 74.90366552, 23.79436134 ], [ 74.90615661, 23.81553291 ], [ 74.91139637, 23.82598567 ], [ 74.9087835, 23.83567425 ], [ 74.91376035, 23.84251071 ], [ 74.90364377, 23.85273252 ], [ 74.90247393, 23.87321734 ], [ 74.90822495, 23.88202369 ], [ 74.91100863, 23.90811581 ], [ 74.92074043, 23.91940694 ], [ 74.91604748, 23.93098406 ], [ 74.92802375, 23.93927858 ], [ 74.93108418, 23.95756042 ], [ 74.94600054, 23.96210459 ], [ 74.95888401, 23.97202219 ], [ 74.96263356, 23.97903121 ], [ 74.96533673, 24.00674467 ], [ 74.98225032, 24.02605083 ], [ 74.97835831, 24.03663934 ], [ 74.97396496, 24.03977463 ], [ 74.96063578, 24.03924654 ], [ 74.96012905, 24.04600998 ], [ 74.93928484, 24.05387952 ], [ 74.93780765, 24.06251878 ], [ 74.94039683, 24.06987016 ], [ 74.92069231, 24.07768845 ], [ 74.91795688, 24.09789393 ], [ 74.90334592, 24.10931282 ], [ 74.90804365, 24.12110672 ], [ 74.90107307, 24.1258882 ], [ 74.90173252, 24.13895893 ], [ 74.89595036, 24.15775833 ], [ 74.87951789, 24.17371318 ], [ 74.88503979, 24.18300456 ], [ 74.89417924, 24.19031842 ], [ 74.89848908, 24.19009847 ], [ 74.90784084, 24.20337087 ], [ 74.90991435, 24.20994987 ], [ 74.89796896, 24.21430749 ], [ 74.89682303, 24.22717641 ], [ 74.88663757, 24.22975564 ], [ 74.86770239, 24.24307828 ], [ 74.85029834, 24.23650715 ], [ 74.81125728, 24.24427409 ], [ 74.77479959, 24.23870649 ], [ 74.75429718, 24.24216485 ], [ 74.74707093, 24.25350888 ], [ 74.74912698, 24.25865789 ], [ 74.77374506, 24.27804731 ], [ 74.78129117, 24.28916518 ], [ 74.78044354, 24.30592736 ], [ 74.78356547, 24.31467459 ], [ 74.77883558, 24.32385451 ], [ 74.78088713, 24.33855916 ], [ 74.80186592, 24.35881266 ], [ 74.80104607, 24.36436705 ], [ 74.80837726, 24.37704962 ], [ 74.80723111, 24.38082658 ], [ 74.81148713, 24.38261072 ], [ 74.82143265, 24.37951538 ], [ 74.82521801, 24.40006872 ], [ 74.84095993, 24.40904866 ], [ 74.84878332, 24.42154813 ], [ 74.85514697, 24.42432516 ], [ 74.85420398, 24.4445599 ], [ 74.84176275, 24.44122201 ], [ 74.83429992, 24.44312243 ], [ 74.8300686, 24.43513717 ], [ 74.81375097, 24.43679171 ], [ 74.8191304, 24.45302403 ], [ 74.8220416, 24.45317988 ], [ 74.81508745, 24.4686994 ], [ 74.80627645, 24.46731933 ], [ 74.78698872, 24.47215924 ], [ 74.7766805, 24.46036023 ], [ 74.76487819, 24.46676283 ], [ 74.74441623, 24.46859017 ], [ 74.7436805, 24.47400834 ], [ 74.73167155, 24.48079507 ], [ 74.72743464, 24.48882643 ], [ 74.7087017, 24.48647392 ], [ 74.71663612, 24.50675788 ], [ 74.72464621, 24.51318057 ], [ 74.74462798, 24.5134772 ], [ 74.74419619, 24.53231221 ], [ 74.75575191, 24.53463885 ], [ 74.75369344, 24.55386511 ], [ 74.74355532, 24.57153145 ], [ 74.75272317, 24.57520321 ], [ 74.75272621, 24.57950517 ], [ 74.75832442, 24.57704818 ], [ 74.76707515, 24.57847206 ], [ 74.78649451, 24.58587674 ], [ 74.77966465, 24.61549526 ], [ 74.79128416, 24.62064626 ], [ 74.79138007, 24.63140438 ], [ 74.80281882, 24.63404942 ], [ 74.80631743, 24.64856777 ], [ 74.81362027, 24.6496013 ], [ 74.81422407, 24.66597726 ], [ 74.79029547, 24.66509384 ], [ 74.79012244, 24.65997125 ], [ 74.78351636, 24.65753836 ], [ 74.77174253, 24.66150808 ], [ 74.77763322, 24.68181823 ], [ 74.7836654, 24.69161413 ], [ 74.78367626, 24.70195051 ], [ 74.7872138, 24.70379101 ], [ 74.77929511, 24.73120116 ], [ 74.78387555, 24.72781361 ], [ 74.80401975, 24.73524791 ], [ 74.79923733, 24.76463487 ], [ 74.79987847, 24.77920284 ], [ 74.80901166, 24.78070842 ], [ 74.8176054, 24.74546099 ], [ 74.82994971, 24.72797503 ], [ 74.82983387, 24.72070803 ], [ 74.83619918, 24.70647641 ], [ 74.84336681, 24.698574 ], [ 74.84769371, 24.69934106 ], [ 74.84966697, 24.68861835 ], [ 74.8545385, 24.68867775 ], [ 74.85269014, 24.68527948 ], [ 74.86006756, 24.68330228 ], [ 74.85817644, 24.67553365 ], [ 74.86482729, 24.67136525 ], [ 74.86834882, 24.65919372 ], [ 74.87502208, 24.65329403 ], [ 74.87158871, 24.65278074 ], [ 74.8729082, 24.64657664 ], [ 74.87596692, 24.64329489 ], [ 74.87763828, 24.64651377 ], [ 74.88018514, 24.64502412 ], [ 74.888817, 24.63368743 ], [ 74.89366269, 24.63819252 ], [ 74.89125151, 24.64316329 ], [ 74.89448129, 24.64427492 ], [ 74.90162192, 24.63298343 ], [ 74.90193142, 24.63899806 ], [ 74.90517054, 24.64113962 ], [ 74.91364396, 24.63684683 ], [ 74.92909735, 24.63568441 ], [ 74.9406656, 24.64090256 ], [ 74.94320389, 24.63783867 ], [ 74.94214452, 24.64746072 ], [ 74.94713759, 24.64583828 ], [ 74.94892596, 24.64984034 ], [ 74.95093855, 24.64762989 ], [ 74.95775194, 24.66155066 ], [ 74.96135308, 24.65649764 ], [ 74.95988821, 24.6661691 ], [ 74.96405129, 24.67112669 ], [ 74.96005168, 24.67876003 ], [ 74.97573281, 24.67906465 ], [ 75.00160771, 24.68636927 ], [ 74.99996376, 24.69229502 ], [ 74.99227006, 24.69341526 ], [ 74.99235225, 24.73169439 ], [ 75.01619071, 24.73195541 ], [ 75.00698812, 24.77158565 ], [ 75.0009447, 24.77469539 ], [ 74.98447281, 24.76843176 ], [ 74.98150575, 24.7636627 ], [ 74.9724668, 24.76352489 ], [ 74.96912613, 24.77031792 ], [ 74.94884607, 24.77184591 ], [ 74.93517291, 24.77839804 ], [ 74.93051722, 24.7787082 ], [ 74.92190594, 24.77084215 ], [ 74.91459988, 24.76908212 ], [ 74.91052124, 24.77012878 ], [ 74.90697265, 24.78162046 ], [ 74.89502044, 24.78274268 ], [ 74.88009147, 24.7901812 ], [ 74.87982185, 24.79737171 ], [ 74.86088321, 24.79860553 ], [ 74.86096845, 24.77907212 ], [ 74.84930171, 24.7759842 ], [ 74.83973452, 24.78940779 ], [ 74.83802445, 24.79735958 ], [ 74.86101466, 24.80459309 ], [ 74.85912524, 24.8384592 ], [ 74.8505699, 24.8510883 ], [ 74.84065192, 24.88524526 ], [ 74.83137892, 24.88630293 ], [ 74.82576225, 24.90076982 ], [ 74.82653692, 24.933858 ], [ 74.83408347, 24.94375136 ], [ 74.83362256, 24.95967036 ], [ 74.84319737, 24.96893927 ], [ 74.85915233, 24.96273699 ], [ 74.8697823, 24.92492206 ], [ 74.87970464, 24.92997279 ], [ 74.88188978, 24.93740749 ], [ 74.88834272, 24.93744402 ], [ 74.89204395, 24.92977925 ], [ 74.90282362, 24.92992224 ], [ 74.90784146, 24.91813487 ], [ 74.91334253, 24.91612661 ], [ 74.91311201, 24.90850332 ], [ 74.9163781, 24.90713284 ], [ 74.91057014, 24.89400489 ], [ 74.92398009, 24.87796665 ], [ 74.9272779, 24.87980354 ], [ 74.93200594, 24.87541381 ], [ 74.932457, 24.8812336 ], [ 74.95314715, 24.88057252 ], [ 74.94823938, 24.86464288 ], [ 74.95851554, 24.85813841 ], [ 74.96831215, 24.85612141 ], [ 74.98148519, 24.85847009 ], [ 74.98545589, 24.85342345 ], [ 74.99396866, 24.85313786 ], [ 75.00865177, 24.8565035 ], [ 75.03402069, 24.84465238 ], [ 75.05182043, 24.85322172 ], [ 75.05990213, 24.86360566 ], [ 75.05524375, 24.87181098 ], [ 75.06287691, 24.87153358 ], [ 75.06573036, 24.86820593 ], [ 75.07663838, 24.88067243 ], [ 75.08787539, 24.87923932 ], [ 75.08742226, 24.87088008 ], [ 75.11677674, 24.8779466 ], [ 75.1191726, 24.88245205 ], [ 75.11450834, 24.89331187 ], [ 75.11729257, 24.89553398 ], [ 75.11344047, 24.90066221 ], [ 75.11949112, 24.91005981 ], [ 75.11658915, 24.91100788 ], [ 75.11834439, 24.92560357 ], [ 75.11409646, 24.93644108 ], [ 75.11364538, 24.96682623 ], [ 75.12958821, 24.96931442 ], [ 75.14146824, 24.97835527 ], [ 75.129487, 24.98005679 ], [ 75.13217138, 24.98361245 ], [ 75.13944606, 24.98581527 ], [ 75.1418345, 24.98992987 ], [ 75.1518675, 24.98924094 ], [ 75.15921625, 25.00156576 ], [ 75.16639248, 25.00289827 ], [ 75.16638399, 25.01041165 ], [ 75.16173041, 25.01820996 ], [ 75.1522623, 25.02085969 ], [ 75.15522168, 25.03724618 ], [ 75.16542422, 25.03992587 ], [ 75.16579651, 25.04761908 ], [ 75.16995941, 25.04897879 ], [ 75.19250712, 25.03353221 ], [ 75.19821874, 25.03308947 ], [ 75.20566558, 25.03898766 ], [ 75.22589531, 25.03363573 ], [ 75.23009689, 25.03705013 ], [ 75.2502852, 25.03557007 ], [ 75.25235221, 25.03902146 ], [ 75.26755096, 25.0425892 ], [ 75.28344274, 25.03803991 ], [ 75.30014899, 25.0419459 ], [ 75.33431882, 25.04110873 ], [ 75.34993761, 25.03359037 ], [ 75.34893665, 25.02989854 ], [ 75.34452361, 25.02957727 ], [ 75.35135699, 25.01959041 ], [ 75.33832997, 25.01870086 ], [ 75.32110248, 25.01059665 ], [ 75.31189705, 24.99584929 ], [ 75.31405859, 24.97908013 ], [ 75.32777042, 24.97063502 ], [ 75.32972167, 24.96094544 ], [ 75.33696448, 24.95547004 ], [ 75.33546705, 24.94374841 ], [ 75.32097822, 24.91278735 ], [ 75.3183734, 24.89405378 ], [ 75.31430999, 24.8859518 ], [ 75.31271385, 24.88513784 ], [ 75.31524733, 24.89443013 ], [ 75.31163173, 24.90758258 ], [ 75.30856955, 24.91661559 ], [ 75.30090853, 24.92363559 ], [ 75.30499151, 24.92849178 ], [ 75.29006531, 24.93765927 ], [ 75.28667156, 24.94766324 ], [ 75.28881894, 24.95145551 ], [ 75.28187045, 24.95315575 ], [ 75.28517969, 24.96573285 ], [ 75.27296712, 24.96227202 ], [ 75.26103702, 24.96345591 ], [ 75.25781233, 24.95325425 ], [ 75.26660067, 24.95080914 ], [ 75.27278041, 24.93603233 ], [ 75.27944331, 24.93451113 ], [ 75.27731165, 24.92496102 ], [ 75.28783817, 24.92358904 ], [ 75.2942661, 24.90896212 ], [ 75.28443521, 24.90801336 ], [ 75.27729716, 24.89920985 ], [ 75.27253701, 24.90419678 ], [ 75.26693791, 24.89901854 ], [ 75.26331035, 24.89115009 ], [ 75.26341161, 24.8748562 ], [ 75.27434085, 24.8747823 ], [ 75.28108302, 24.86838013 ], [ 75.29007897, 24.86624511 ], [ 75.29460467, 24.85762497 ], [ 75.30923059, 24.85600586 ], [ 75.31818727, 24.86047776 ], [ 75.32256351, 24.873146 ], [ 75.32661686, 24.87480802 ], [ 75.35051173, 24.87365198 ], [ 75.37360968, 24.86774372 ], [ 75.40175692, 24.88269848 ], [ 75.42036194, 24.88628455 ], [ 75.42577565, 24.88429358 ], [ 75.42545643, 24.86829856 ], [ 75.41998416, 24.8635677 ], [ 75.41803511, 24.85352957 ], [ 75.40489273, 24.8456957 ], [ 75.34636601, 24.82197071 ], [ 75.32865892, 24.81902008 ], [ 75.31648033, 24.8032251 ], [ 75.31103657, 24.80098782 ], [ 75.29781647, 24.80710794 ], [ 75.2905505, 24.83341538 ], [ 75.27837979, 24.84007427 ], [ 75.2497892, 24.84554794 ], [ 75.24042377, 24.84575786 ], [ 75.23693262, 24.84220962 ], [ 75.22432225, 24.84393089 ], [ 75.22526129, 24.8341823 ], [ 75.24907567, 24.83006676 ], [ 75.25407583, 24.82421556 ], [ 75.25233897, 24.81309913 ], [ 75.24405177, 24.80469228 ], [ 75.23210976, 24.8026975 ], [ 75.21874818, 24.80514568 ], [ 75.2156135, 24.80252689 ], [ 75.207348, 24.79210275 ], [ 75.20500201, 24.78540196 ], [ 75.20751362, 24.78174675 ], [ 75.20168953, 24.77134017 ], [ 75.19279734, 24.77368116 ], [ 75.19044635, 24.75397462 ], [ 75.1844155, 24.74844662 ], [ 75.18791819, 24.74357961 ], [ 75.19752706, 24.74330491 ], [ 75.20804929, 24.71934244 ], [ 75.21949364, 24.70262108 ], [ 75.22448472, 24.71515525 ], [ 75.22829232, 24.71758422 ], [ 75.25020277, 24.71344372 ], [ 75.26474391, 24.71757211 ], [ 75.28457942, 24.70890576 ], [ 75.34918687, 24.70089293 ], [ 75.37097496, 24.69238983 ], [ 75.45541902, 24.68070186 ], [ 75.48990568, 24.68705012 ], [ 75.50898003, 24.70121237 ], [ 75.53387085, 24.71232292 ], [ 75.54974336, 24.70299082 ], [ 75.56443336, 24.70809063 ], [ 75.57553545, 24.70804182 ], [ 75.57512547, 24.71244438 ], [ 75.58298557, 24.71329104 ], [ 75.599027, 24.69778955 ], [ 75.61081922, 24.68103064 ], [ 75.64601866, 24.68517705 ], [ 75.6577142, 24.69346168 ], [ 75.6832328, 24.72419637 ], [ 75.7568801, 24.76156641 ], [ 75.76978991, 24.75843004 ], [ 75.78471486, 24.76171664 ], [ 75.80214759, 24.75646312 ], [ 75.83616041, 24.72786914 ], [ 75.83810205, 24.71812266 ], [ 75.83392712, 24.6890998 ], [ 75.82516036, 24.66759047 ], [ 75.83880996, 24.66876148 ], [ 75.84822831, 24.66322473 ], [ 75.84904371, 24.6475593 ], [ 75.84130431, 24.63798798 ], [ 75.84670627, 24.63098741 ], [ 75.84299029, 24.62812478 ], [ 75.8450091, 24.62715392 ], [ 75.83749505, 24.6207741 ], [ 75.82835066, 24.620324 ], [ 75.82514719, 24.61303867 ], [ 75.83283023, 24.60509788 ], [ 75.83672387, 24.60614722 ], [ 75.83279649, 24.59551347 ], [ 75.83544272, 24.59494847 ], [ 75.84163732, 24.60701556 ], [ 75.84922008, 24.61087429 ], [ 75.87151974, 24.60653008 ], [ 75.8723803, 24.59002569 ], [ 75.87858112, 24.58341772 ], [ 75.91458956, 24.57234855 ], [ 75.9122266, 24.56135849 ], [ 75.90610449, 24.56271504 ], [ 75.90385015, 24.54846784 ], [ 75.91617173, 24.5426661 ], [ 75.92333438, 24.535084 ], [ 75.92061274, 24.52147695 ], [ 75.9079335, 24.51268778 ], [ 75.90152261, 24.51852624 ], [ 75.89069213, 24.51861866 ], [ 75.88806546, 24.50783336 ], [ 75.90312216, 24.50446361 ], [ 75.90388625, 24.49701757 ], [ 75.91159575, 24.49181908 ], [ 75.90541392, 24.47265462 ], [ 75.90912666, 24.4551291 ], [ 75.90262206, 24.45372988 ], [ 75.90032154, 24.44226678 ], [ 75.87581693, 24.43043766 ], [ 75.87517544, 24.42647136 ], [ 75.83881634, 24.41421005 ], [ 75.82768895, 24.42167072 ], [ 75.82482078, 24.42730833 ], [ 75.8097612, 24.43398335 ], [ 75.81435791, 24.45057368 ], [ 75.81378143, 24.46185051 ], [ 75.8022529, 24.46875331 ], [ 75.7893691, 24.47160118 ], [ 75.78529003, 24.46777593 ], [ 75.78565631, 24.45288111 ], [ 75.78082595, 24.44952387 ], [ 75.77338639, 24.44973337 ], [ 75.77409233, 24.44199183 ], [ 75.76677186, 24.4344118 ], [ 75.74754907, 24.42427054 ], [ 75.75585022, 24.42057988 ], [ 75.75529031, 24.40661787 ], [ 75.74278616, 24.39773182 ], [ 75.73147438, 24.39870175 ], [ 75.7279349, 24.39637563 ], [ 75.72775103, 24.39051565 ], [ 75.72946252, 24.37778201 ], [ 75.73786776, 24.38233781 ], [ 75.74004201, 24.37695982 ], [ 75.73752675, 24.35355587 ], [ 75.74317192, 24.35159916 ], [ 75.74317755, 24.34018373 ], [ 75.73822451, 24.334817 ], [ 75.73983815, 24.33214788 ], [ 75.755897, 24.32124825 ], [ 75.76642132, 24.298126 ], [ 75.78565458, 24.29657605 ], [ 75.8019393, 24.30246705 ], [ 75.80352936, 24.29843044 ], [ 75.80646412, 24.29976841 ], [ 75.81079751, 24.29588828 ], [ 75.80891625, 24.29415411 ], [ 75.81362905, 24.28994851 ], [ 75.81178844, 24.28547856 ], [ 75.81833761, 24.28056451 ], [ 75.81169328, 24.27514659 ], [ 75.81418144, 24.2691824 ], [ 75.81158367, 24.25783397 ], [ 75.81918064, 24.25692574 ], [ 75.8131421, 24.25044539 ], [ 75.81440753, 24.24435832 ], [ 75.81805043, 24.23869832 ], [ 75.83019048, 24.23357407 ], [ 75.81784041, 24.22926447 ], [ 75.81535791, 24.22557905 ], [ 75.80940331, 24.22949421 ], [ 75.80760295, 24.21791603 ], [ 75.79553061, 24.21471733 ], [ 75.79260449, 24.21006493 ], [ 75.77643887, 24.20838613 ], [ 75.77118658, 24.18924767 ], [ 75.77399212, 24.18078981 ], [ 75.7638501, 24.17450097 ], [ 75.75926714, 24.15610082 ], [ 75.75102007, 24.14357121 ], [ 75.75674876, 24.13923808 ], [ 75.76430081, 24.12124596 ], [ 75.77033276, 24.11545242 ], [ 75.77701828, 24.11908475 ], [ 75.7826163, 24.11594281 ], [ 75.78413439, 24.1070578 ], [ 75.7906704, 24.10532067 ], [ 75.78775026, 24.09860347 ], [ 75.79292367, 24.09189107 ], [ 75.80563442, 24.09956948 ], [ 75.81675418, 24.08553412 ], [ 75.83493609, 24.09176985 ], [ 75.83675812, 24.05701749 ], [ 75.78283559, 24.04334033 ], [ 75.78060316, 24.04002237 ], [ 75.78305483, 24.02180858 ], [ 75.77525214, 24.01706101 ], [ 75.77656499, 24.01293237 ], [ 75.77344435, 24.00766825 ], [ 75.76266168, 24.00989791 ], [ 75.76855154, 24.00043599 ], [ 75.76537317, 23.99272001 ], [ 75.74228079, 23.99271372 ], [ 75.74116292, 23.97697023 ], [ 75.73064987, 23.97677189 ], [ 75.72951666, 23.97030137 ], [ 75.71750735, 23.96692605 ], [ 75.70172648, 23.96670547 ], [ 75.69875571, 23.98798569 ], [ 75.68694407, 23.98885704 ], [ 75.68770512, 24.00538119 ], [ 75.67820958, 24.00736612 ], [ 75.67455336, 24.01739231 ], [ 75.67073699, 24.01808002 ], [ 75.65095447, 24.006361 ], [ 75.65120507, 24.00306081 ], [ 75.64043395, 24.00089893 ], [ 75.64002085, 23.99808301 ], [ 75.63079375, 23.99529869 ], [ 75.61590418, 23.99684581 ], [ 75.60716368, 23.99264554 ], [ 75.60396921, 23.99554612 ], [ 75.59808519, 23.99421558 ], [ 75.59591209, 23.99010591 ], [ 75.59531985, 23.99451087 ], [ 75.58821978, 23.99075416 ], [ 75.58172201, 23.99127388 ], [ 75.57954631, 23.9983787 ], [ 75.57567961, 23.99419073 ], [ 75.57630444, 23.99706962 ], [ 75.56739656, 24.00677382 ], [ 75.53939874, 24.0090044 ], [ 75.52109647, 24.02459859 ], [ 75.50359337, 24.00483696 ], [ 75.473799, 23.98190952 ], [ 75.46891194, 23.97443278 ], [ 75.46552863, 23.94814436 ], [ 75.46014412, 23.93236492 ], [ 75.45941019, 23.9206007 ], [ 75.46219405, 23.91462006 ], [ 75.49149256, 23.90698392 ], [ 75.49989307, 23.89975901 ], [ 75.50506282, 23.88783257 ], [ 75.52288485, 23.88415509 ], [ 75.53153887, 23.87605537 ], [ 75.54603141, 23.87014902 ], [ 75.55285085, 23.86162251 ], [ 75.5643152, 23.8564813 ], [ 75.56612162, 23.84411587 ], [ 75.57653528, 23.84243207 ], [ 75.57947734, 23.83490435 ], [ 75.57475115, 23.82858196 ], [ 75.56682638, 23.83318979 ], [ 75.56152233, 23.83220156 ], [ 75.55920874, 23.81851483 ], [ 75.56633635, 23.80955681 ], [ 75.58079144, 23.81227543 ], [ 75.58904007, 23.80968147 ], [ 75.58352853, 23.79480828 ], [ 75.60793801, 23.79711484 ], [ 75.614739, 23.80100361 ], [ 75.6205712, 23.80089543 ], [ 75.6272974, 23.79550653 ], [ 75.64985872, 23.79559315 ], [ 75.65429693, 23.79834161 ], [ 75.65975324, 23.78434244 ], [ 75.67545342, 23.78196134 ], [ 75.67938987, 23.76723551 ], [ 75.68690467, 23.75538438 ], [ 75.69298416, 23.77618106 ], [ 75.69968195, 23.78043124 ], [ 75.70180123, 23.78630278 ], [ 75.69013536, 23.81344635 ], [ 75.69272247, 23.81651441 ], [ 75.70709801, 23.81134117 ], [ 75.7215382, 23.81188472 ], [ 75.72091487, 23.81858189 ], [ 75.72646015, 23.82054071 ], [ 75.71921009, 23.84123098 ], [ 75.72598939, 23.84216057 ], [ 75.73130725, 23.85321572 ], [ 75.73645158, 23.85647967 ], [ 75.73519164, 23.8622205 ], [ 75.72746286, 23.85901845 ], [ 75.71096077, 23.86250302 ], [ 75.70902172, 23.86919727 ], [ 75.70507482, 23.86871908 ], [ 75.70168325, 23.8728684 ], [ 75.70214813, 23.88167818 ], [ 75.70550827, 23.88317321 ], [ 75.70600761, 23.89931754 ], [ 75.71574947, 23.8934678 ], [ 75.71940024, 23.89745642 ], [ 75.72754377, 23.89372824 ], [ 75.73528061, 23.89854997 ], [ 75.7400358, 23.88948715 ], [ 75.75277761, 23.8872383 ], [ 75.76462091, 23.87532316 ], [ 75.76178702, 23.86590479 ], [ 75.76557073, 23.85069639 ], [ 75.78174125, 23.84881132 ], [ 75.7918731, 23.85852516 ], [ 75.79373532, 23.86696742 ], [ 75.81806769, 23.86811025 ], [ 75.82109302, 23.87352962 ], [ 75.83295244, 23.87996482 ], [ 75.8350386, 23.87692185 ], [ 75.83910652, 23.87873535 ], [ 75.84088, 23.87469894 ], [ 75.84461215, 23.87623188 ], [ 75.84473206, 23.8839269 ], [ 75.85309796, 23.88753433 ], [ 75.87048406, 23.89041097 ], [ 75.87669933, 23.88532942 ], [ 75.87673788, 23.88009293 ], [ 75.88617977, 23.87904003 ], [ 75.89491678, 23.88938526 ], [ 75.90520759, 23.88922151 ], [ 75.92378473, 23.89868696 ], [ 75.93753811, 23.896781 ], [ 75.94387697, 23.90299261 ], [ 75.94498624, 23.90934691 ], [ 75.95301951, 23.91188523 ], [ 75.95130866, 23.91556548 ], [ 75.95529535, 23.92083789 ], [ 75.97451526, 23.92901725 ], [ 75.98134353, 23.92896477 ], [ 75.97996809, 23.93593533 ], [ 75.98736243, 23.94097901 ], [ 75.98385762, 23.95122278 ], [ 75.98670309, 23.96039957 ], [ 75.98485616, 23.97376977 ], [ 75.96727333, 23.99127801 ], [ 75.96343565, 24.01870221 ], [ 75.97827537, 24.02651644 ], [ 75.99878113, 24.02075316 ], [ 76.00701819, 24.02325896 ], [ 76.02129058, 24.03472291 ], [ 76.01912031, 24.03756679 ], [ 76.0229908, 24.04870226 ], [ 76.03024943, 24.05179035 ], [ 76.03138764, 24.05789568 ], [ 76.04205509, 24.06594603 ], [ 76.05532952, 24.06541072 ], [ 76.06740464, 24.07044541 ], [ 76.07275207, 24.07665894 ], [ 76.0759605, 24.07091096 ], [ 76.08883164, 24.0768947 ], [ 76.10050552, 24.08702327 ], [ 76.10477499, 24.08729116 ], [ 76.10648534, 24.08422433 ], [ 76.11794868, 24.08697255 ], [ 76.1213127, 24.08454171 ], [ 76.12706297, 24.08806559 ], [ 76.12047654, 24.1081996 ], [ 76.13102521, 24.11678132 ], [ 76.12234272, 24.13781918 ], [ 76.12441033, 24.15917885 ], [ 76.12122683, 24.16290474 ], [ 76.11364276, 24.16380763 ], [ 76.11742506, 24.19418253 ], [ 76.14473141, 24.22257152 ], [ 76.14826186, 24.23161661 ], [ 76.1431083, 24.25582705 ], [ 76.13909626, 24.25633146 ], [ 76.14131338, 24.26727999 ], [ 76.13669459, 24.27088324 ], [ 76.14321311, 24.28301723 ], [ 76.16242885, 24.28468128 ], [ 76.16457203, 24.29463721 ], [ 76.16863398, 24.29671721 ], [ 76.16465305, 24.30701974 ], [ 76.17419615, 24.30739064 ], [ 76.17387137, 24.31235549 ], [ 76.17900691, 24.31606628 ], [ 76.18544827, 24.32930883 ], [ 76.19556712, 24.31054612 ], [ 76.20467605, 24.3010256 ], [ 76.19709622, 24.28765458 ], [ 76.1945719, 24.27318945 ], [ 76.20212621, 24.26882677 ], [ 76.20635415, 24.2289828 ], [ 76.2031888, 24.22058356 ], [ 76.21247063, 24.20973258 ], [ 76.22480207, 24.21653861 ], [ 76.23992751, 24.21888169 ], [ 76.26728275, 24.21043923 ], [ 76.27562231, 24.21088372 ], [ 76.28119339, 24.20682617 ], [ 76.28553454, 24.20964513 ], [ 76.28732308, 24.22995725 ], [ 76.31097666, 24.23771598 ], [ 76.32169815, 24.24543636 ], [ 76.35742219, 24.23978416 ], [ 76.3584292, 24.23564296 ], [ 76.38193418, 24.22127593 ], [ 76.40183594, 24.2154928 ], [ 76.41256433, 24.20028875 ], [ 76.42070985, 24.20858705 ], [ 76.4163707, 24.21103556 ], [ 76.41624136, 24.22056884 ], [ 76.43041981, 24.2213598 ], [ 76.45216825, 24.20917835 ], [ 76.4628624, 24.22329339 ], [ 76.47053432, 24.2259858 ], [ 76.48056347, 24.20795991 ], [ 76.50482045, 24.20313941 ], [ 76.51347921, 24.16556516 ], [ 76.52263651, 24.15740121 ], [ 76.52762805, 24.15704674 ], [ 76.55330107, 24.16427176 ], [ 76.56177693, 24.17340849 ], [ 76.56986979, 24.17807516 ], [ 76.5713052, 24.17460419 ], [ 76.57678, 24.17782915 ], [ 76.57441135, 24.18685619 ], [ 76.56411542, 24.19120482 ], [ 76.57035247, 24.20920465 ], [ 76.58177757, 24.21156268 ], [ 76.5833604, 24.21624546 ], [ 76.58980314, 24.21715184 ], [ 76.59498193, 24.22292119 ], [ 76.59495771, 24.22755143 ], [ 76.58745533, 24.23550556 ], [ 76.58475347, 24.24377914 ], [ 76.59569581, 24.24416711 ], [ 76.61118743, 24.23837279 ], [ 76.61642935, 24.2578525 ], [ 76.62901312, 24.26033859 ], [ 76.63363176, 24.2577311 ], [ 76.63807008, 24.26612474 ], [ 76.64341819, 24.26937882 ], [ 76.64517641, 24.26645355 ], [ 76.6665095, 24.26240781 ], [ 76.69542603, 24.28431264 ], [ 76.7021969, 24.2414306 ], [ 76.69007478, 24.22996261 ], [ 76.67843147, 24.20551948 ], [ 76.67596678, 24.19092587 ], [ 76.68650892, 24.18587497 ], [ 76.69884125, 24.16840964 ], [ 76.71929997, 24.15892301 ], [ 76.7260356, 24.16136075 ], [ 76.72614648, 24.16846909 ], [ 76.75633899, 24.1691122 ], [ 76.76085876, 24.16513692 ], [ 76.75994873, 24.16034263 ], [ 76.76977622, 24.16093402 ], [ 76.77420181, 24.14986692 ], [ 76.78836512, 24.13232102 ], [ 76.79069698, 24.12382199 ], [ 76.80196491, 24.11657565 ], [ 76.81213246, 24.12278977 ], [ 76.83334011, 24.12219875 ], [ 76.83652688, 24.12675206 ], [ 76.85549918, 24.1358086 ], [ 76.87938521, 24.13567916 ], [ 76.87909635, 24.13048926 ], [ 76.90068065, 24.12724281 ], [ 76.90982225, 24.15269773 ], [ 76.90859488, 24.16045151 ], [ 76.91600738, 24.17359467 ], [ 76.9160988, 24.18770576 ], [ 76.93553297, 24.18392778 ], [ 76.94713231, 24.20104256 ], [ 76.94601042, 24.20598651 ], [ 76.92242589, 24.21160052 ], [ 76.92270149, 24.2253784 ], [ 76.91552701, 24.22936764 ], [ 76.91233147, 24.23786651 ], [ 76.9046985, 24.23691223 ], [ 76.88887948, 24.24479277 ], [ 76.88599567, 24.2482247 ], [ 76.88761132, 24.25200041 ], [ 76.87960105, 24.25561422 ], [ 76.87993875, 24.26089736 ], [ 76.87319202, 24.26286893 ], [ 76.87354557, 24.26621216 ], [ 76.863039, 24.27314401 ], [ 76.85654817, 24.30446832 ], [ 76.84148603, 24.32254118 ], [ 76.83795918, 24.34697666 ], [ 76.83240664, 24.35809802 ], [ 76.85176411, 24.37074777 ], [ 76.84536161, 24.37541908 ], [ 76.85099122, 24.3830204 ], [ 76.84509958, 24.40063577 ], [ 76.83750327, 24.40855388 ], [ 76.85041359, 24.42341235 ], [ 76.84089224, 24.44249541 ], [ 76.84391653, 24.45019333 ], [ 76.85183723, 24.45037972 ], [ 76.85324149, 24.46697011 ], [ 76.84792636, 24.47366604 ], [ 76.84645731, 24.48638997 ], [ 76.83537639, 24.48896533 ], [ 76.83659584, 24.49316056 ], [ 76.828127, 24.50321974 ], [ 76.82825077, 24.51313494 ], [ 76.8162945, 24.52440467 ], [ 76.81638561, 24.53356924 ], [ 76.83826831, 24.54586192 ], [ 76.86297864, 24.54957769 ], [ 76.87671357, 24.53905046 ], [ 76.87186507, 24.53232656 ], [ 76.87273139, 24.52776525 ], [ 76.88412419, 24.52154455 ], [ 76.88969537, 24.52488233 ], [ 76.89412328, 24.53827733 ], [ 76.90171705, 24.54585925 ], [ 76.91753188, 24.54341799 ], [ 76.91620501, 24.53894238 ], [ 76.9217525, 24.52058643 ], [ 76.91552269, 24.50187498 ], [ 76.9184348, 24.48071815 ], [ 76.92602049, 24.47419922 ], [ 76.93861314, 24.47233451 ], [ 76.94309004, 24.46513558 ], [ 76.95075551, 24.46568867 ], [ 76.95093462, 24.46179135 ], [ 76.95530974, 24.46446237 ], [ 76.97769248, 24.46131119 ], [ 76.98346388, 24.47281291 ], [ 77.00147317, 24.4732956 ], [ 77.00884369, 24.47689428 ], [ 77.00878479, 24.48204479 ], [ 77.01386353, 24.4839174 ], [ 77.01162173, 24.49219915 ], [ 77.02912518, 24.49628532 ], [ 77.02932208, 24.51683737 ], [ 77.03556182, 24.52098031 ], [ 77.03600439, 24.52722812 ], [ 77.05471882, 24.52650986 ], [ 77.05973351, 24.54587525 ], [ 77.06865173, 24.55731959 ], [ 77.07131768, 24.57245386 ], [ 77.06528789, 24.59388058 ], [ 77.06877954, 24.60898547 ], [ 77.0651014, 24.64384445 ], [ 77.04320229, 24.6803761 ], [ 77.04135988, 24.70011083 ], [ 77.03065678, 24.71222461 ], [ 77.02483855, 24.71441551 ], [ 77.01191924, 24.71251865 ], [ 76.99884632, 24.71786549 ], [ 76.99641019, 24.73216112 ], [ 76.99160766, 24.73535239 ], [ 76.97412487, 24.73610757 ], [ 76.96352693, 24.75654065 ], [ 76.95437929, 24.75951185 ], [ 76.94669811, 24.75878342 ], [ 76.9306298, 24.74332146 ], [ 76.92190188, 24.741544 ], [ 76.90697139, 24.73150292 ], [ 76.89056724, 24.74689581 ], [ 76.85612076, 24.74248624 ], [ 76.84937418, 24.74785704 ], [ 76.84636257, 24.77000457 ], [ 76.82567657, 24.79192779 ], [ 76.80260697, 24.80930606 ], [ 76.79995694, 24.82469712 ], [ 76.8151987, 24.82842346 ], [ 76.82436564, 24.83622226 ], [ 76.83194065, 24.83785861 ], [ 76.84096293, 24.83534579 ], [ 76.86754793, 24.83999505 ], [ 76.88176433, 24.83702494 ], [ 76.89773401, 24.83861353 ], [ 76.91790747, 24.84714431 ], [ 76.92955457, 24.84827212 ], [ 76.9495021, 24.86934048 ], [ 76.9439534, 24.87348975 ], [ 76.93359526, 24.87432349 ], [ 76.93492946, 24.88005996 ], [ 76.93252117, 24.88143025 ], [ 76.92222331, 24.88009778 ], [ 76.91245049, 24.88824257 ], [ 76.91736403, 24.9044208 ], [ 76.92193912, 24.90673915 ], [ 76.92295913, 24.91360243 ], [ 76.92011745, 24.91658857 ], [ 76.90965149, 24.9210409 ], [ 76.89020243, 24.91944873 ], [ 76.88953448, 24.93383694 ], [ 76.88589551, 24.93894295 ], [ 76.87730319, 24.94204852 ], [ 76.86192324, 24.96138138 ], [ 76.86785703, 24.98353047 ], [ 76.86669414, 24.99039548 ], [ 76.85685661, 25.00248322 ], [ 76.87522858, 25.00738276 ], [ 76.87837276, 25.0278375 ], [ 76.87628011, 25.04152238 ], [ 76.94550725, 25.04677775 ], [ 76.9531694, 25.05247569 ], [ 76.95900069, 25.05222759 ], [ 76.96192898, 25.05628445 ], [ 76.96788478, 25.05080058 ], [ 76.97495088, 25.06648631 ], [ 77.00018357, 25.07485381 ], [ 77.01080427, 25.07344666 ], [ 77.02432497, 25.06601264 ], [ 77.03988737, 25.06792301 ], [ 77.04310479, 25.06340243 ], [ 77.06272339, 25.06352116 ], [ 77.08530064, 25.05511335 ], [ 77.08939201, 25.06267868 ], [ 77.09553606, 25.06553723 ], [ 77.12273065, 25.06690981 ], [ 77.13379038, 25.08531917 ], [ 77.14809234, 25.09532169 ], [ 77.15077952, 25.093584 ], [ 77.14968116, 25.08666169 ], [ 77.1669078, 25.08489848 ], [ 77.17140409, 25.09788256 ], [ 77.16830775, 25.10286215 ], [ 77.1745756, 25.11173497 ], [ 77.18504963, 25.10803415 ], [ 77.20549026, 25.11386844 ], [ 77.21488432, 25.10911855 ], [ 77.23867281, 25.10687159 ], [ 77.25950583, 25.11069093 ], [ 77.26950589, 25.11603667 ], [ 77.27411707, 25.11081601 ], [ 77.2887348, 25.10638819 ], [ 77.29825018, 25.08645176 ], [ 77.31128637, 25.07966722 ], [ 77.31447436, 25.08448559 ], [ 77.33480682, 25.09061379 ], [ 77.34089798, 25.09571871 ], [ 77.3576001, 25.09368098 ], [ 77.3757922, 25.10481639 ], [ 77.37601439, 25.11050426 ], [ 77.39307522, 25.11941501 ], [ 77.39963891, 25.11562622 ], [ 77.40245239, 25.10930983 ], [ 77.40657673, 25.11171315 ], [ 77.40223194, 25.12066057 ], [ 77.39070096, 25.12309956 ], [ 77.39620111, 25.13779446 ], [ 77.39324335, 25.15957176 ], [ 77.40006728, 25.16604107 ], [ 77.40023978, 25.18378461 ], [ 77.41701864, 25.18598352 ], [ 77.42198882, 25.18326456 ], [ 77.42653354, 25.18798196 ], [ 77.41838885, 25.19831828 ], [ 77.41149862, 25.22394674 ], [ 77.39419569, 25.22982908 ], [ 77.38226345, 25.24565411 ], [ 77.37096255, 25.24594781 ], [ 77.36632265, 25.26004688 ], [ 77.35527281, 25.26342783 ], [ 77.35428832, 25.27339597 ], [ 77.36278838, 25.27891753 ], [ 77.37404806, 25.2745949 ], [ 77.37665448, 25.28696985 ], [ 77.38100939, 25.29247197 ], [ 77.381374, 25.30568231 ], [ 77.37632977, 25.31816966 ], [ 77.36742543, 25.32859981 ], [ 77.35791157, 25.3258041 ], [ 77.35332978, 25.32054654 ], [ 77.34215017, 25.32175857 ], [ 77.34966418, 25.32895786 ], [ 77.36154334, 25.3588662 ], [ 77.36668163, 25.36062206 ], [ 77.3608109, 25.36454593 ], [ 77.35986951, 25.36912758 ], [ 77.35151374, 25.37015361 ], [ 77.35092593, 25.38528324 ], [ 77.35774263, 25.39882577 ], [ 77.36770268, 25.40196842 ], [ 77.37091679, 25.40838926 ], [ 77.36025811, 25.41918045 ], [ 77.34914239, 25.41624717 ], [ 77.33153323, 25.42724003 ], [ 77.31993696, 25.42778937 ], [ 77.31421023, 25.43140047 ], [ 77.29123398, 25.42274436 ], [ 77.26728213, 25.39585853 ], [ 77.25076836, 25.38768247 ], [ 77.24876994, 25.38074393 ], [ 77.23418259, 25.37883681 ], [ 77.22787727, 25.36850914 ], [ 77.23001606, 25.35988351 ], [ 77.22431569, 25.33538347 ], [ 77.22894583, 25.33807081 ], [ 77.23440431, 25.33367457 ], [ 77.2255666, 25.33022574 ], [ 77.22699861, 25.32598536 ], [ 77.22320133, 25.3187871 ], [ 77.21500487, 25.31979797 ], [ 77.21976243, 25.32538495 ], [ 77.21736428, 25.32958592 ], [ 77.20556172, 25.32643411 ], [ 77.21138784, 25.30935706 ], [ 77.20916954, 25.30618474 ], [ 77.17947748, 25.31166111 ], [ 77.16365671, 25.3086016 ], [ 77.14390863, 25.32066179 ], [ 77.13462503, 25.32100528 ], [ 77.12503992, 25.33059018 ], [ 77.10610187, 25.33124849 ], [ 77.08351554, 25.3367388 ], [ 77.0700158, 25.3187736 ], [ 77.05732049, 25.31598528 ], [ 77.04566071, 25.31939168 ], [ 77.03143027, 25.29456555 ], [ 76.97361324, 25.3003487 ], [ 76.95990348, 25.29680704 ], [ 76.95778477, 25.28435626 ], [ 76.94304975, 25.28217394 ], [ 76.92328607, 25.28545254 ], [ 76.92934776, 25.30298046 ], [ 76.89908634, 25.32421698 ], [ 76.88121941, 25.3241815 ], [ 76.85720792, 25.33274146 ], [ 76.83879441, 25.32626765 ], [ 76.82021468, 25.32617338 ], [ 76.77769247, 25.31549619 ], [ 76.74056938, 25.32765137 ], [ 76.72931264, 25.328572 ], [ 76.71104356, 25.34607327 ], [ 76.70342534, 25.34773048 ], [ 76.70057196, 25.35150458 ], [ 76.66989377, 25.3488592 ], [ 76.66037388, 25.36547887 ], [ 76.65661461, 25.36126768 ], [ 76.65446855, 25.36665528 ], [ 76.64972461, 25.36640842 ], [ 76.64949166, 25.37211645 ], [ 76.64629399, 25.37058876 ], [ 76.64033594, 25.38339466 ], [ 76.62334367, 25.37678798 ], [ 76.6093436, 25.39046933 ], [ 76.59849579, 25.39234805 ], [ 76.59848423, 25.40474112 ], [ 76.58762217, 25.43183134 ], [ 76.58142888, 25.43724874 ], [ 76.56833567, 25.43999302 ], [ 76.55581917, 25.45259273 ], [ 76.55820799, 25.47062214 ], [ 76.55540082, 25.48304235 ], [ 76.54074426, 25.50034684 ], [ 76.5370671, 25.51128229 ], [ 76.52792606, 25.51526011 ], [ 76.51635606, 25.52760768 ], [ 76.52004044, 25.54735989 ], [ 76.50555358, 25.57959189 ], [ 76.51377627, 25.60286321 ], [ 76.51087022, 25.62836005 ], [ 76.50646775, 25.63555235 ], [ 76.49890265, 25.63756045 ], [ 76.49689356, 25.64268363 ], [ 76.5041059, 25.67088748 ], [ 76.47915602, 25.68448159 ], [ 76.4725978, 25.69848336 ], [ 76.47310376, 25.70922661 ], [ 76.47996574, 25.7169169 ], [ 76.50052718, 25.72811197 ], [ 76.52217622, 25.72837339 ], [ 76.52341599, 25.73981952 ], [ 76.51722576, 25.75356701 ], [ 76.51538165, 25.77583496 ], [ 76.52070424, 25.79253305 ], [ 76.53012424, 25.81142308 ], [ 76.55589971, 25.83362234 ], [ 76.58224772, 25.87024374 ], [ 76.59141809, 25.87550893 ], [ 76.61520681, 25.86806488 ], [ 76.62144528, 25.8692811 ], [ 76.6317618, 25.89998216 ], [ 76.64188681, 25.90797229 ], [ 76.67245164, 25.91007807 ], [ 76.70646497, 25.90012177 ], [ 76.7157185, 25.90072373 ], [ 76.73279271, 25.90628047 ], [ 76.7578898, 25.92230473 ], [ 76.75722652, 25.92682535 ], [ 76.74674044, 25.93438361 ], [ 76.74871266, 25.94095341 ], [ 76.77946563, 25.93859662 ], [ 76.79096382, 25.94315634 ], [ 76.80821678, 25.96676124 ], [ 76.80778218, 25.97269162 ], [ 76.80218656, 25.97600934 ], [ 76.80710496, 25.98996043 ], [ 76.82688284, 26.00749152 ], [ 76.83995049, 26.02611068 ], [ 76.8567053, 26.03494521 ], [ 76.8668587, 26.03297289 ], [ 76.88533568, 26.04798298 ], [ 76.88997175, 26.06352468 ], [ 76.89780349, 26.07441441 ], [ 76.90063253, 26.09281366 ], [ 76.91603979, 26.09849506 ], [ 76.94812878, 26.10287006 ], [ 76.97766964, 26.1250383 ], [ 76.99890987, 26.13006006 ], [ 77.00643452, 26.15119258 ], [ 77.03002516, 26.17174706 ], [ 77.05552404, 26.17984683 ], [ 77.08209384, 26.17919116 ], [ 77.09836351, 26.18429584 ], [ 77.11223383, 26.20246039 ], [ 77.11630875, 26.22033215 ], [ 77.13628383, 26.23381926 ], [ 77.16678255, 26.23257339 ], [ 77.17538764, 26.23907825 ], [ 77.19932267, 26.23003595 ], [ 77.21268974, 26.2338068 ], [ 77.21714185, 26.24031383 ], [ 77.27140189, 26.26794245 ], [ 77.29813181, 26.29081649 ], [ 77.31637972, 26.31126088 ], [ 77.31762763, 26.3173352 ], [ 77.31450381, 26.31860371 ], [ 77.32085275, 26.33332127 ], [ 77.32941242, 26.34296222 ], [ 77.33521688, 26.3414825 ], [ 77.3420614, 26.35200117 ], [ 77.35559193, 26.35497355 ], [ 77.36735966, 26.36384299 ], [ 77.37575415, 26.36569072 ], [ 77.39039505, 26.3565262 ], [ 77.39678131, 26.36076078 ], [ 77.41041558, 26.3631661 ], [ 77.44432539, 26.36160319 ], [ 77.44853611, 26.36772478 ], [ 77.43526789, 26.39338753 ], [ 77.43749383, 26.40336415 ], [ 77.46133459, 26.40407164 ], [ 77.48584183, 26.41080295 ], [ 77.52353328, 26.40732373 ], [ 77.5382365, 26.41131858 ], [ 77.54658262, 26.41647456 ], [ 77.55871748, 26.43527705 ], [ 77.57296679, 26.43696658 ], [ 77.58864234, 26.44642884 ], [ 77.61347602, 26.45273181 ], [ 77.62297778, 26.46146164 ], [ 77.63331478, 26.47869799 ], [ 77.65985767, 26.49115575 ], [ 77.67552765, 26.50302469 ], [ 77.68290021, 26.50461281 ], [ 77.69147121, 26.49956589 ], [ 77.71040805, 26.49828586 ], [ 77.72625802, 26.50210878 ], [ 77.73521498, 26.5140236 ], [ 77.74006169, 26.53332106 ], [ 77.74474818, 26.53824764 ], [ 77.75509031, 26.53886457 ], [ 77.76806126, 26.54754877 ], [ 77.78344123, 26.55210365 ], [ 77.81193688, 26.54724797 ], [ 77.82363767, 26.55046022 ], [ 77.8325008, 26.56146803 ], [ 77.83577182, 26.57715627 ], [ 77.82810744, 26.58927714 ], [ 77.8273872, 26.59611791 ], [ 77.83583429, 26.60635579 ], [ 77.84720118, 26.61187729 ], [ 77.89457269, 26.61519498 ], [ 77.89794487, 26.62387822 ], [ 77.89755482, 26.65369906 ], [ 77.90360053, 26.65897689 ], [ 77.914861, 26.66122915 ], [ 77.95357094, 26.65922932 ], [ 77.98320007, 26.67363835 ], [ 77.99483776, 26.69126065 ], [ 78.0006091, 26.694941 ], [ 78.02024744, 26.69207421 ], [ 78.03120984, 26.68644719 ], [ 78.0552953, 26.68388531 ], [ 78.07437304, 26.67056013 ], [ 78.09267005, 26.67626382 ], [ 78.09615731, 26.68488363 ], [ 78.09232237, 26.71864935 ], [ 78.09592661, 26.7278104 ], [ 78.10217727, 26.73772835 ], [ 78.10829295, 26.7376278 ], [ 78.12353507, 26.74699972 ], [ 78.12022703, 26.75518482 ], [ 78.10546529, 26.76027535 ], [ 78.10273156, 26.76397049 ], [ 78.10147175, 26.77973219 ], [ 78.10610374, 26.78999974 ], [ 78.11648023, 26.79663515 ], [ 78.12578191, 26.79663832 ], [ 78.15520387, 26.78405704 ], [ 78.18406122, 26.78404547 ], [ 78.18680764, 26.79508566 ], [ 78.18184724, 26.80293608 ], [ 78.16762472, 26.81431321 ], [ 78.16920603, 26.82154431 ], [ 78.17780034, 26.8258449 ], [ 78.20224735, 26.82175035 ], [ 78.2229364, 26.83063295 ], [ 78.21858203, 26.83450488 ], [ 78.22016895, 26.84378684 ], [ 78.2127249, 26.84614252 ], [ 78.19697749, 26.88218551 ], [ 78.20259592, 26.88170833 ], [ 78.20861857, 26.86887184 ], [ 78.23264211, 26.87428531 ], [ 78.23707285, 26.888982 ], [ 78.24369721, 26.88871935 ], [ 78.24682794, 26.89301266 ], [ 78.25080489, 26.89178549 ], [ 78.25913192, 26.89675424 ], [ 78.2722551, 26.91919507 ], [ 78.26530508, 26.92259626 ], [ 78.26485215, 26.92675881 ], [ 78.25495656, 26.93531978 ], [ 78.2546127, 26.92581608 ], [ 78.24789473, 26.92865672 ], [ 78.23867705, 26.92663158 ], [ 78.23738177, 26.93597832 ], [ 78.23129082, 26.9365901 ], [ 78.22432209, 26.94644558 ], [ 78.2101334, 26.93123545 ], [ 78.19765682, 26.94094076 ], [ 78.18127428, 26.94085131 ], [ 78.1719888, 26.94818269 ], [ 78.15645459, 26.94321939 ], [ 78.1474014, 26.94941829 ], [ 78.12450731, 26.94929493 ], [ 78.11177137, 26.93976856 ], [ 78.11374481, 26.93599903 ], [ 78.12288197, 26.93422943 ], [ 78.12181391, 26.92258863 ], [ 78.10516283, 26.92682735 ], [ 78.10175789, 26.91784183 ], [ 78.1083935, 26.91220352 ], [ 78.11265016, 26.90291671 ], [ 78.11119428, 26.8958868 ], [ 78.10730164, 26.89643954 ], [ 78.1043321, 26.90344066 ], [ 78.10020439, 26.90490808 ], [ 78.09437605, 26.90330611 ], [ 78.09866176, 26.8966008 ], [ 78.09604086, 26.89378953 ], [ 78.06695048, 26.91140186 ], [ 78.06410001, 26.90654261 ], [ 78.04880303, 26.91014257 ], [ 78.05211494, 26.89422311 ], [ 78.05019047, 26.87579193 ], [ 78.05582065, 26.86833576 ], [ 78.04432593, 26.86977149 ], [ 78.03199743, 26.85181278 ], [ 78.02645141, 26.84954442 ], [ 78.02095377, 26.85751599 ], [ 78.03547241, 26.87080476 ], [ 78.03118964, 26.8736398 ], [ 78.02434473, 26.87258147 ], [ 78.02728861, 26.88397553 ], [ 78.03035979, 26.8853705 ], [ 78.02336455, 26.89108012 ], [ 78.02125713, 26.90038178 ], [ 78.01458256, 26.90292109 ], [ 78.00223379, 26.90291355 ], [ 77.98709778, 26.88936319 ], [ 77.97231444, 26.89607642 ], [ 77.97133546, 26.90588052 ], [ 77.94839153, 26.89359402 ], [ 77.94294663, 26.89721862 ], [ 77.93968382, 26.90678969 ], [ 77.92576234, 26.9098311 ], [ 77.91561668, 26.90739789 ], [ 77.91301451, 26.90887256 ], [ 77.91547733, 26.91424545 ], [ 77.9063557, 26.91778895 ], [ 77.90354919, 26.91461219 ], [ 77.9088269, 26.90639369 ], [ 77.90672328, 26.89298164 ], [ 77.90885939, 26.89052748 ], [ 77.90431997, 26.88334445 ], [ 77.89648459, 26.88400753 ], [ 77.89187029, 26.88707679 ], [ 77.89247235, 26.8901687 ], [ 77.88451985, 26.89098729 ], [ 77.87755669, 26.9023785 ], [ 77.86895239, 26.90164584 ], [ 77.86770721, 26.90628888 ], [ 77.85777475, 26.90631841 ], [ 77.85023768, 26.91283912 ], [ 77.84184113, 26.91257826 ], [ 77.8363175, 26.91677555 ], [ 77.83193031, 26.91427827 ], [ 77.82390809, 26.9198888 ], [ 77.8214958, 26.91777848 ], [ 77.81499275, 26.91976447 ], [ 77.81020616, 26.92419685 ], [ 77.79819782, 26.91601105 ], [ 77.79312114, 26.91704859 ], [ 77.77953583, 26.92697812 ], [ 77.78027713, 26.92993086 ], [ 77.76059374, 26.93263178 ], [ 77.75317035, 26.91688513 ], [ 77.74611639, 26.9209353 ], [ 77.74399376, 26.91877312 ], [ 77.73269195, 26.92019904 ], [ 77.72499274, 26.91048987 ], [ 77.71763846, 26.89726954 ], [ 77.72690916, 26.89024369 ], [ 77.72787787, 26.88527231 ], [ 77.72260441, 26.87432834 ], [ 77.70650472, 26.87685466 ], [ 77.70141991, 26.86798593 ], [ 77.69759541, 26.86738545 ], [ 77.69427017, 26.8739783 ], [ 77.68664545, 26.8752596 ], [ 77.68230176, 26.86937316 ], [ 77.67642437, 26.86849322 ], [ 77.67483939, 26.8576477 ], [ 77.6297553, 26.84147612 ], [ 77.62039206, 26.84281133 ], [ 77.61824795, 26.83211777 ], [ 77.61033243, 26.82858713 ], [ 77.60773093, 26.82782472 ], [ 77.60836415, 26.83913077 ], [ 77.59242139, 26.82792183 ], [ 77.57805202, 26.82721288 ], [ 77.57440687, 26.82087829 ], [ 77.55759105, 26.81764767 ], [ 77.54196306, 26.82242544 ], [ 77.52567935, 26.81888162 ], [ 77.51701195, 26.82569365 ], [ 77.51743813, 26.83701784 ], [ 77.52088676, 26.8382639 ], [ 77.52063545, 26.84143364 ], [ 77.5176767, 26.84423943 ], [ 77.50116538, 26.8444644 ], [ 77.50064783, 26.81692325 ], [ 77.48746396, 26.78806164 ], [ 77.48893915, 26.77904595 ], [ 77.50255568, 26.76874373 ], [ 77.48521883, 26.7480239 ], [ 77.45456441, 26.7419271 ], [ 77.45621999, 26.7497483 ], [ 77.47030361, 26.76474938 ], [ 77.46690093, 26.7737438 ], [ 77.4543704, 26.77801891 ], [ 77.44179338, 26.76863867 ], [ 77.43267816, 26.76784775 ], [ 77.43423076, 26.76967099 ], [ 77.43136088, 26.77106679 ], [ 77.43707681, 26.78429744 ], [ 77.43485822, 26.78568265 ], [ 77.44158627, 26.79775522 ], [ 77.44585198, 26.81467717 ], [ 77.43169235, 26.83386549 ], [ 77.4293682, 26.83295547 ], [ 77.42214731, 26.84092491 ], [ 77.43078809, 26.8488019 ], [ 77.42727639, 26.86409709 ], [ 77.43806717, 26.86312713 ], [ 77.44539155, 26.86826755 ], [ 77.44831911, 26.8752772 ], [ 77.45895699, 26.87285006 ], [ 77.46188944, 26.8774981 ], [ 77.46032544, 26.88577537 ], [ 77.46822164, 26.88717622 ], [ 77.49024943, 26.90050195 ], [ 77.5449962, 26.91532276 ], [ 77.55341055, 26.92005401 ], [ 77.58316354, 26.92416758 ], [ 77.59235109, 26.94024434 ], [ 77.60213198, 26.93328423 ], [ 77.62294055, 26.94979422 ], [ 77.6608772, 26.97122909 ], [ 77.66380756, 26.96427144 ], [ 77.67102602, 26.96294199 ], [ 77.67226471, 26.96002018 ], [ 77.67691651, 26.96557205 ], [ 77.67624117, 26.97323073 ], [ 77.69948215, 26.97513225 ], [ 77.72239489, 26.98785724 ], [ 77.72944352, 26.98297485 ], [ 77.74343595, 26.98319119 ], [ 77.74749234, 26.98960434 ], [ 77.74571717, 26.99505613 ], [ 77.75326044, 26.99276148 ], [ 77.75855531, 26.99697663 ], [ 77.75195344, 26.99778964 ], [ 77.75029528, 27.00181555 ], [ 77.7622374, 27.00096996 ], [ 77.76293402, 27.00685413 ], [ 77.75985094, 27.00630503 ], [ 77.75678629, 27.01043689 ], [ 77.75944534, 27.01789226 ], [ 77.74953333, 27.02122316 ], [ 77.75102473, 27.02896865 ], [ 77.74862455, 27.0308384 ], [ 77.7376814, 27.02976203 ], [ 77.73284575, 27.02353942 ], [ 77.72929391, 27.00752846 ], [ 77.73005649, 26.99399418 ], [ 77.7119355, 26.99711553 ], [ 77.70527037, 27.00383211 ], [ 77.70542176, 27.01484839 ], [ 77.68962944, 27.02668712 ], [ 77.69305618, 27.04086564 ], [ 77.67976091, 27.04709461 ], [ 77.67558516, 27.04129764 ], [ 77.67339486, 27.02889134 ], [ 77.66557775, 27.01726304 ], [ 77.64207076, 27.02564388 ], [ 77.63002218, 27.01021847 ], [ 77.62852537, 27.01869829 ], [ 77.62345142, 27.022004 ], [ 77.60181121, 27.02253897 ], [ 77.59604768, 27.02657897 ], [ 77.5967934, 27.03266767 ], [ 77.57918537, 27.03821816 ], [ 77.56331591, 27.02944944 ], [ 77.56713332, 27.04688295 ], [ 77.57289672, 27.04884363 ], [ 77.57529922, 27.05641089 ], [ 77.57275706, 27.06452576 ], [ 77.57718638, 27.06837254 ], [ 77.57168363, 27.07187971 ], [ 77.55873996, 27.07202632 ], [ 77.55358836, 27.07603921 ], [ 77.54467098, 27.07185432 ], [ 77.54163713, 27.06262089 ], [ 77.51933939, 27.066631 ], [ 77.52636418, 27.0782471 ], [ 77.52635244, 27.08463076 ], [ 77.52264832, 27.08918627 ], [ 77.50761148, 27.08889089 ], [ 77.50545812, 27.09233057 ], [ 77.51773464, 27.10247123 ], [ 77.52025876, 27.10436808 ], [ 77.53757689, 27.09836323 ], [ 77.53951726, 27.10580415 ], [ 77.54328195, 27.10423571 ], [ 77.55022875, 27.11118309 ], [ 77.56247515, 27.11017772 ], [ 77.58122093, 27.11925146 ], [ 77.58810703, 27.11652801 ], [ 77.59263259, 27.12023167 ], [ 77.59781597, 27.11802424 ], [ 77.60444997, 27.12422832 ], [ 77.59820454, 27.14135337 ], [ 77.61368203, 27.15061488 ], [ 77.61014669, 27.16282842 ], [ 77.61988798, 27.17349606 ], [ 77.63786539, 27.16385366 ], [ 77.64891737, 27.17025669 ], [ 77.65842241, 27.17013376 ], [ 77.67384196, 27.18286759 ], [ 77.68112509, 27.19441581 ], [ 77.66563835, 27.20901946 ], [ 77.64671157, 27.21025065 ], [ 77.64510262, 27.21680856 ], [ 77.65254649, 27.22610242 ], [ 77.65280595, 27.23482392 ], [ 77.64293068, 27.23490734 ], [ 77.64553774, 27.24328738 ], [ 77.63317178, 27.25812861 ], [ 77.62730168, 27.25951253 ], [ 77.6212367, 27.2552728 ], [ 77.61646336, 27.25779444 ], [ 77.61317923, 27.2658298 ], [ 77.62177095, 27.27505825 ], [ 77.61471411, 27.27892415 ], [ 77.61682321, 27.28646262 ], [ 77.61238161, 27.29057723 ], [ 77.60570301, 27.29056017 ], [ 77.59868512, 27.29718919 ], [ 77.6005096, 27.30073925 ], [ 77.60800043, 27.30058643 ], [ 77.61013974, 27.3060907 ], [ 77.62189282, 27.31306111 ], [ 77.62270405, 27.33619854 ], [ 77.61635852, 27.34043864 ], [ 77.6119542, 27.3361271 ], [ 77.61251067, 27.33200434 ], [ 77.60117774, 27.33425889 ], [ 77.59100882, 27.33026322 ], [ 77.58377375, 27.32131162 ], [ 77.57877761, 27.32267682 ], [ 77.57704316, 27.32795442 ], [ 77.54794961, 27.33689859 ], [ 77.54540555, 27.34962998 ], [ 77.53960878, 27.34805378 ], [ 77.52961108, 27.35174432 ], [ 77.51613165, 27.36261248 ], [ 77.51581516, 27.36791703 ], [ 77.50989966, 27.36981911 ], [ 77.50715273, 27.37708015 ], [ 77.48461672, 27.3835456 ], [ 77.4726859, 27.37718216 ], [ 77.47024779, 27.38349578 ], [ 77.4399702, 27.39034392 ], [ 77.43805147, 27.4089627 ], [ 77.42109545, 27.42203166 ], [ 77.42667567, 27.44510916 ], [ 77.43735906, 27.44764958 ], [ 77.43780756, 27.45633224 ], [ 77.42608155, 27.46295149 ], [ 77.4256946, 27.46690246 ], [ 77.4222269, 27.46126801 ], [ 77.41575564, 27.4726572 ], [ 77.40154204, 27.47651856 ], [ 77.39878845, 27.48284722 ], [ 77.40099168, 27.49728766 ], [ 77.39060017, 27.50469534 ], [ 77.39164119, 27.50815092 ], [ 77.3873843, 27.51290703 ], [ 77.38282961, 27.51569933 ], [ 77.37374953, 27.51192043 ], [ 77.35734506, 27.51658644 ], [ 77.33998607, 27.52663404 ], [ 77.3401603, 27.53890067 ], [ 77.34597563, 27.5387506 ], [ 77.34907932, 27.54306853 ], [ 77.33807377, 27.54975604 ], [ 77.33726596, 27.56977574 ], [ 77.34525804, 27.57238881 ], [ 77.35143939, 27.5813167 ], [ 77.35016961, 27.58345532 ], [ 77.35818978, 27.58897737 ], [ 77.34408067, 27.59707356 ], [ 77.3345217, 27.59131453 ], [ 77.31713525, 27.60668087 ], [ 77.34618504, 27.63951739 ], [ 77.35248367, 27.65115514 ], [ 77.3447756, 27.66093134 ], [ 77.34567268, 27.6734481 ], [ 77.34103455, 27.67661408 ], [ 77.34454597, 27.68121719 ], [ 77.33844908, 27.69843013 ], [ 77.34118376, 27.70330121 ], [ 77.33022539, 27.70907931 ], [ 77.30931533, 27.70670625 ], [ 77.30392557, 27.71080465 ], [ 77.30298462, 27.72592508 ], [ 77.31937253, 27.73362193 ], [ 77.3194448, 27.73668492 ], [ 77.31223188, 27.74193361 ], [ 77.31413288, 27.74465806 ], [ 77.30839218, 27.75099061 ], [ 77.31168977, 27.75805801 ], [ 77.30783456, 27.76722918 ], [ 77.3127409, 27.77397241 ], [ 77.30867123, 27.78448359 ], [ 77.31037116, 27.78821125 ], [ 77.30595459, 27.78847985 ], [ 77.30285607, 27.79406868 ], [ 77.28592797, 27.79624019 ], [ 77.26871347, 27.81492323 ], [ 77.26442748, 27.80467829 ], [ 77.2523664, 27.79072158 ], [ 77.24811664, 27.79205758 ], [ 77.24260303, 27.78486771 ], [ 77.23669413, 27.78538502 ], [ 77.23380999, 27.78793204 ], [ 77.23821916, 27.79313539 ], [ 77.23259158, 27.79737217 ], [ 77.22657082, 27.79944778 ], [ 77.22237224, 27.79675267 ], [ 77.21066321, 27.80195476 ], [ 77.21330726, 27.80850865 ], [ 77.20206629, 27.82462714 ], [ 77.19134379, 27.80995071 ], [ 77.19856278, 27.79969121 ], [ 77.18328878, 27.78765149 ], [ 77.17701735, 27.78633657 ], [ 77.16909, 27.79176725 ], [ 77.17892422, 27.80525014 ], [ 77.18540288, 27.80317648 ], [ 77.18960313, 27.80985684 ], [ 77.17984406, 27.81801424 ], [ 77.16722644, 27.81381811 ], [ 77.159504, 27.81720424 ], [ 77.15657895, 27.81045949 ], [ 77.16151729, 27.80335539 ], [ 77.1585459, 27.78821485 ], [ 77.15649092, 27.78539594 ], [ 77.14356882, 27.78646254 ], [ 77.13525045, 27.77598909 ], [ 77.13189412, 27.77851822 ], [ 77.13450785, 27.78690567 ], [ 77.12284413, 27.79349354 ], [ 77.1084714, 27.78634562 ], [ 77.08115294, 27.80474317 ], [ 77.07460927, 27.81442937 ], [ 77.06385097, 27.81213424 ], [ 77.05555116, 27.81878425 ], [ 77.04479023, 27.82185118 ], [ 77.04271149, 27.81915181 ], [ 77.04569759, 27.81560128 ], [ 77.0386987, 27.81098713 ], [ 77.02656866, 27.77927464 ], [ 77.03441162, 27.77818574 ], [ 77.03575912, 27.78156836 ], [ 77.056129, 27.77123387 ], [ 77.05584479, 27.76345497 ], [ 77.05951582, 27.76096308 ], [ 77.06958106, 27.76746105 ], [ 77.07221924, 27.7645008 ], [ 77.07592461, 27.7665407 ], [ 77.07999106, 27.75743852 ], [ 77.0783203, 27.75082609 ], [ 77.08565332, 27.73812427 ], [ 77.07280634, 27.73118047 ], [ 77.0654231, 27.73143934 ], [ 77.05962512, 27.7265185 ], [ 77.04886131, 27.73152148 ], [ 77.05030983, 27.73507326 ], [ 77.04612962, 27.73733151 ], [ 77.04499693, 27.74338827 ], [ 77.03646527, 27.74864644 ], [ 77.0338251, 27.74524938 ], [ 77.01980772, 27.74580573 ], [ 77.01154233, 27.73182343 ], [ 77.00008972, 27.73700446 ], [ 76.98216207, 27.67919528 ], [ 76.97908747, 27.65363175 ], [ 76.96538018, 27.65876429 ], [ 76.94307264, 27.67385012 ], [ 76.93266057, 27.65630082 ], [ 76.92567169, 27.66133879 ], [ 76.91545201, 27.65262 ], [ 76.91067481, 27.65464424 ], [ 76.9117761, 27.65800246 ], [ 76.906421, 27.66172632 ], [ 76.91060895, 27.66805577 ], [ 76.89832726, 27.6775992 ], [ 76.90594159, 27.68632635 ], [ 76.89003733, 27.69574134 ], [ 76.88958691, 27.70078585 ], [ 76.89430652, 27.7013816 ], [ 76.90834645, 27.69371662 ], [ 76.91612919, 27.69816338 ], [ 76.92032552, 27.69574808 ], [ 76.9244385, 27.69995643 ], [ 76.91875479, 27.70983077 ], [ 76.91105511, 27.71496381 ], [ 76.89430952, 27.71796123 ], [ 76.8923957, 27.73349351 ], [ 76.89669168, 27.73815836 ], [ 76.8995718, 27.7367411 ], [ 76.90140931, 27.74400964 ], [ 76.90082495, 27.76496888 ], [ 76.90363115, 27.76964284 ], [ 76.90225808, 27.77564866 ], [ 76.90758162, 27.78266367 ], [ 76.90614745, 27.78809645 ], [ 76.91332157, 27.78890232 ], [ 76.91149766, 27.79640177 ], [ 76.91897977, 27.80445352 ], [ 76.90999325, 27.81515297 ], [ 76.91420022, 27.83341749 ], [ 76.93565594, 27.82913291 ], [ 76.94229423, 27.84293307 ], [ 76.93763512, 27.8965357 ], [ 76.95045531, 27.89595962 ], [ 76.95158402, 27.91834567 ], [ 76.93151402, 27.92266257 ], [ 76.93073746, 27.9532718 ], [ 76.93786333, 27.98298862 ], [ 76.93347015, 27.98206159 ], [ 76.9307867, 27.9935813 ], [ 76.93644709, 28.0126956 ], [ 76.9395919, 28.04301839 ], [ 76.95383508, 28.06263287 ], [ 76.96193631, 28.11131055 ], [ 76.97040108, 28.13846055 ], [ 76.94822122, 28.14225738 ], [ 76.95093325, 28.14987071 ], [ 76.93197686, 28.15308308 ], [ 76.91972465, 28.16693879 ], [ 76.90664314, 28.17188351 ], [ 76.90244377, 28.18114648 ], [ 76.89245665, 28.18373451 ], [ 76.89229437, 28.1932404 ], [ 76.89863273, 28.19338762 ], [ 76.90197351, 28.19889763 ], [ 76.90616567, 28.19734286 ], [ 76.90675362, 28.20028461 ], [ 76.87844939, 28.20714152 ], [ 76.87269684, 28.20584215 ], [ 76.87489195, 28.21780733 ], [ 76.85835761, 28.22110901 ], [ 76.8382749, 28.21995817 ], [ 76.83131313, 28.20925673 ], [ 76.80839104, 28.21090649 ], [ 76.80476555, 28.19733572 ], [ 76.81301692, 28.19330945 ], [ 76.81224066, 28.19094819 ], [ 76.80608146, 28.18660853 ], [ 76.80122208, 28.18777841 ], [ 76.8003503, 28.19251821 ], [ 76.79752253, 28.19184805 ], [ 76.79247375, 28.18422281 ], [ 76.79569537, 28.18053223 ], [ 76.79501297, 28.16942993 ], [ 76.80061935, 28.16240283 ], [ 76.7948031, 28.14843169 ], [ 76.7837495, 28.15092144 ], [ 76.77635548, 28.14414198 ], [ 76.76243726, 28.14267204 ], [ 76.75311848, 28.13515264 ], [ 76.74354978, 28.12106378 ], [ 76.71574327, 28.12777318 ], [ 76.70300853, 28.10763537 ], [ 76.6981456, 28.11196746 ], [ 76.68499221, 28.0916145 ], [ 76.68735827, 28.08779257 ], [ 76.66336008, 28.09124171 ], [ 76.65719728, 28.08927149 ], [ 76.65163928, 28.06170557 ], [ 76.65190647, 28.05637009 ], [ 76.65855546, 28.04689131 ], [ 76.6543819, 28.03472037 ], [ 76.6630123, 28.02989218 ], [ 76.66814494, 28.01386594 ], [ 76.64066501, 28.00236085 ], [ 76.6049925, 28.0039657 ], [ 76.60082397, 27.99972138 ], [ 76.58876503, 27.99798898 ], [ 76.58262251, 27.99179748 ], [ 76.57927355, 27.97903798 ], [ 76.5634442, 27.97820335 ], [ 76.56046092, 27.9659311 ], [ 76.54470589, 27.96370619 ], [ 76.53806671, 27.96774583 ], [ 76.53603284, 27.97964164 ], [ 76.54107624, 27.98481441 ], [ 76.54272441, 27.99951116 ], [ 76.53692636, 28.00037783 ], [ 76.5453867, 28.0072825 ], [ 76.5392566, 28.0235233 ], [ 76.54380282, 28.03423593 ], [ 76.52925702, 28.04037565 ], [ 76.51929916, 28.03236517 ], [ 76.51045965, 28.02980594 ], [ 76.51051714, 28.03189695 ], [ 76.50256093, 28.03147035 ], [ 76.49740883, 28.04332725 ], [ 76.48007506, 28.04071276 ], [ 76.45466122, 28.04234812 ], [ 76.46150594, 28.05868779 ], [ 76.4894226, 28.05280849 ], [ 76.49685164, 28.05383839 ], [ 76.50147271, 28.06003384 ], [ 76.4788937, 28.07769638 ], [ 76.46716045, 28.07905002 ], [ 76.44783808, 28.08897854 ], [ 76.45203706, 28.09124514 ], [ 76.45704636, 28.10531398 ], [ 76.46367565, 28.10897455 ], [ 76.47614749, 28.1080848 ], [ 76.47891307, 28.10062993 ], [ 76.49931669, 28.10062807 ], [ 76.50180608, 28.11887191 ], [ 76.48709371, 28.11995242 ], [ 76.49191257, 28.12991248 ], [ 76.48221202, 28.13089429 ], [ 76.48121243, 28.12869443 ], [ 76.47204934, 28.13509758 ], [ 76.47576731, 28.14855894 ], [ 76.46505753, 28.15170882 ], [ 76.45884475, 28.14757585 ], [ 76.43630368, 28.14881946 ], [ 76.43144377, 28.14111907 ], [ 76.39973369, 28.14513193 ], [ 76.39462443, 28.13730514 ], [ 76.38972086, 28.13464066 ], [ 76.38364007, 28.13682399 ], [ 76.38072594, 28.13343133 ], [ 76.36631776, 28.13684099 ], [ 76.35660889, 28.14373991 ], [ 76.35821945, 28.1549091 ], [ 76.35425092, 28.1549781 ], [ 76.35771563, 28.16114471 ], [ 76.3452403, 28.16942817 ], [ 76.33344327, 28.17246733 ], [ 76.33081713, 28.17055302 ], [ 76.3087749, 28.17892724 ], [ 76.30530928, 28.17598647 ], [ 76.29224118, 28.179164 ], [ 76.28946452, 28.17033241 ], [ 76.2824348, 28.17129679 ], [ 76.28068886, 28.16579551 ], [ 76.30441789, 28.15933217 ], [ 76.29758417, 28.14915438 ], [ 76.31110476, 28.14557005 ], [ 76.3152284, 28.15038989 ], [ 76.32096737, 28.14858431 ], [ 76.32993624, 28.14275171 ], [ 76.33314253, 28.13358355 ], [ 76.35985819, 28.12492817 ], [ 76.3366338, 28.10267143 ], [ 76.30927025, 28.10821141 ], [ 76.30139567, 28.09809008 ], [ 76.31875859, 28.08883901 ], [ 76.3232293, 28.09055949 ], [ 76.32875203, 28.08776216 ], [ 76.33419019, 28.07992264 ], [ 76.33298792, 28.07686044 ], [ 76.34344547, 28.07022757 ], [ 76.35560094, 28.07072718 ], [ 76.34958425, 28.04589459 ], [ 76.34231233, 28.03059028 ], [ 76.32874611, 28.01880407 ], [ 76.32297674, 28.02155256 ], [ 76.31895872, 28.0156356 ], [ 76.29897688, 28.02273032 ], [ 76.29228298, 28.02584995 ], [ 76.29355634, 28.04921706 ], [ 76.2841803, 28.05151729 ], [ 76.28384291, 28.05699603 ], [ 76.26096151, 28.06755642 ], [ 76.24292805, 28.06437187 ], [ 76.23800149, 28.04973311 ], [ 76.21938756, 28.04931912 ], [ 76.20862267, 28.05228913 ], [ 76.20959046, 28.05587989 ], [ 76.20113044, 28.05844641 ], [ 76.19917574, 28.05574062 ], [ 76.18949385, 28.05648089 ], [ 76.18879245, 28.05329783 ], [ 76.1804055, 28.05454507 ], [ 76.17793972, 28.04562242 ], [ 76.18951616, 28.03447861 ], [ 76.20176595, 28.02937101 ], [ 76.20367529, 28.03777239 ], [ 76.21662755, 28.03548588 ], [ 76.21474038, 28.02660717 ], [ 76.20329987, 28.02804708 ], [ 76.19683182, 28.01550041 ], [ 76.17689069, 28.02157223 ], [ 76.169549, 28.00744941 ], [ 76.16137821, 28.00022007 ], [ 76.15778124, 27.98894178 ], [ 76.16692485, 27.98299213 ], [ 76.16352497, 27.97341992 ], [ 76.1866287, 27.96548961 ], [ 76.18120413, 27.95888981 ], [ 76.17992579, 27.9528946 ], [ 76.18238959, 27.95194249 ], [ 76.17786333, 27.93267031 ], [ 76.17021337, 27.92039274 ], [ 76.16815972, 27.90340291 ], [ 76.20149359, 27.89244606 ], [ 76.20027639, 27.87825959 ], [ 76.19423884, 27.87657552 ], [ 76.19380651, 27.85953094 ], [ 76.21216582, 27.84643342 ], [ 76.20886308, 27.84003274 ], [ 76.22517913, 27.83326848 ], [ 76.21770897, 27.81723863 ], [ 76.2093442, 27.81636205 ], [ 76.19951946, 27.82149955 ], [ 76.18264696, 27.79864312 ], [ 76.17496508, 27.79809277 ], [ 76.16936542, 27.80797057 ], [ 76.15310858, 27.81539971 ], [ 76.153669, 27.81974929 ], [ 76.13226969, 27.82450034 ], [ 76.13539529, 27.83927719 ], [ 76.12779095, 27.84374496 ], [ 76.12333095, 27.85105008 ], [ 76.11427407, 27.85096365 ], [ 76.08784826, 27.86068069 ], [ 76.08565587, 27.84472711 ], [ 76.07489446, 27.84383488 ], [ 76.06064961, 27.8483061 ], [ 76.04808004, 27.83500733 ], [ 76.0407044, 27.84127954 ], [ 76.03624946, 27.83741659 ], [ 76.00954893, 27.84154355 ], [ 76.00464371, 27.83446494 ], [ 75.98106715, 27.84547683 ], [ 75.97137261, 27.8519902 ], [ 75.97248703, 27.86062081 ], [ 75.97936546, 27.86547519 ], [ 75.97762263, 27.87379479 ], [ 75.98441295, 27.88260758 ], [ 75.97531776, 27.89367265 ], [ 75.98731457, 27.90415061 ], [ 75.96806167, 27.9143909 ], [ 75.93831445, 27.9141067 ], [ 75.93450905, 27.91864103 ], [ 75.93967114, 27.92276478 ], [ 75.93230374, 27.92986345 ], [ 75.93906837, 27.94061939 ], [ 75.95176621, 27.94769278 ], [ 75.9579128, 27.93593615 ], [ 75.97273356, 27.9327572 ], [ 75.98302967, 27.95098286 ], [ 75.97786617, 27.95439855 ], [ 75.98198272, 27.96535854 ], [ 75.99998837, 27.97762362 ], [ 75.98989432, 27.98234362 ], [ 75.98592233, 27.97863972 ], [ 75.96581804, 27.98363434 ], [ 75.96674158, 28.00005614 ], [ 75.9776166, 28.0002214 ], [ 75.98995418, 27.9948335 ], [ 75.99553787, 28.00695186 ], [ 75.97124363, 28.01604973 ], [ 75.97273095, 28.02365706 ], [ 75.97694265, 28.03139063 ], [ 75.99351864, 28.03522705 ], [ 75.99462072, 28.0385378 ], [ 75.99764239, 28.03311298 ], [ 76.01632601, 28.03057549 ], [ 76.01707635, 28.05269138 ], [ 76.00778648, 28.05573637 ], [ 76.00830148, 28.05841688 ], [ 76.02536254, 28.05428271 ], [ 76.04073476, 28.07400427 ], [ 76.03536366, 28.08052528 ], [ 76.0232019, 28.08600145 ], [ 76.00987436, 28.06765385 ], [ 76.00724432, 28.05856938 ], [ 75.99888797, 28.05721947 ], [ 75.99286478, 28.04635383 ], [ 75.98442364, 28.04710981 ], [ 75.97486507, 28.05100845 ], [ 75.9883307, 28.06631949 ], [ 75.98341062, 28.08137461 ], [ 75.97225174, 28.083292 ], [ 75.96461106, 28.08049137 ], [ 75.93862481, 28.08796155 ], [ 75.94526329, 28.1063264 ], [ 75.96097751, 28.11457392 ], [ 75.9674206, 28.11387207 ], [ 75.97667563, 28.12477248 ], [ 75.99899242, 28.12279728 ], [ 76.00433704, 28.13200669 ], [ 76.00062124, 28.13325841 ], [ 76.00747424, 28.15307744 ], [ 76.01687456, 28.15022475 ], [ 76.02613934, 28.16464545 ], [ 76.02988848, 28.1641308 ], [ 76.03180144, 28.16788165 ], [ 76.07068307, 28.16511242 ], [ 76.06537213, 28.14154482 ], [ 76.07489235, 28.13711988 ], [ 76.08440659, 28.13694773 ], [ 76.09490331, 28.1414532 ], [ 76.09545455, 28.15085489 ], [ 76.07629844, 28.16841439 ], [ 76.07184864, 28.19434397 ], [ 76.04740206, 28.19819633 ], [ 76.04742806, 28.20271435 ], [ 76.05242756, 28.20404426 ], [ 76.05592547, 28.22016739 ], [ 76.03782214, 28.22272637 ], [ 76.02781712, 28.23260912 ], [ 76.01615101, 28.23706199 ], [ 76.01300031, 28.24614968 ], [ 76.0263181, 28.27505209 ], [ 75.98632585, 28.29306582 ], [ 75.97795129, 28.30201432 ], [ 75.97806997, 28.30935464 ], [ 75.97244304, 28.31860916 ], [ 75.95809457, 28.3137395 ], [ 75.95677659, 28.32679045 ], [ 75.95226346, 28.32923664 ], [ 75.95497602, 28.33383198 ], [ 75.93284045, 28.33684473 ], [ 75.93199412, 28.34284449 ], [ 75.92853498, 28.34314308 ], [ 75.9295476, 28.35908113 ], [ 75.92237441, 28.36644965 ], [ 75.91666275, 28.36747953 ], [ 75.91814988, 28.37203221 ], [ 75.90066803, 28.37178939 ], [ 75.89634878, 28.39011089 ], [ 75.89306535, 28.38973219 ], [ 75.89010991, 28.38308426 ], [ 75.87553027, 28.38727369 ], [ 75.86387407, 28.38529954 ], [ 75.86407185, 28.38896549 ], [ 75.83942197, 28.39449428 ], [ 75.83739551, 28.40212614 ], [ 75.83283101, 28.40539371 ], [ 75.82209176, 28.40308262 ], [ 75.81865313, 28.40995101 ], [ 75.80980048, 28.40587113 ], [ 75.80600363, 28.40588846 ], [ 75.80692339, 28.40917052 ], [ 75.79954828, 28.40718638 ], [ 75.79463557, 28.39968786 ], [ 75.78857604, 28.40123563 ], [ 75.78855101, 28.40418491 ], [ 75.77686325, 28.40045877 ], [ 75.76670002, 28.41426518 ], [ 75.76969729, 28.42281251 ], [ 75.77977231, 28.4275345 ], [ 75.7809643, 28.43294695 ], [ 75.78850472, 28.43359932 ], [ 75.79210975, 28.44462329 ], [ 75.78827797, 28.45359398 ], [ 75.73565086, 28.46888125 ], [ 75.73946324, 28.4847763 ], [ 75.73094678, 28.48619061 ], [ 75.72896146, 28.49074569 ], [ 75.70793108, 28.49374835 ], [ 75.70195985, 28.49181193 ], [ 75.69004772, 28.50000497 ], [ 75.68425299, 28.51093511 ], [ 75.67089967, 28.51736027 ], [ 75.67088229, 28.53154306 ], [ 75.66578063, 28.5360328 ], [ 75.65370246, 28.53658639 ], [ 75.63337563, 28.54463076 ], [ 75.62570262, 28.56583989 ], [ 75.62168651, 28.60210811 ], [ 75.59117179, 28.60560593 ], [ 75.58629635, 28.61320105 ], [ 75.56154744, 28.6132075 ], [ 75.56070616, 28.63595943 ], [ 75.55484306, 28.64388053 ], [ 75.54950886, 28.64149792 ], [ 75.54423045, 28.65418752 ], [ 75.54506737, 28.65947613 ], [ 75.5411875, 28.66052962 ], [ 75.54499808, 28.68314516 ], [ 75.53888384, 28.69481881 ], [ 75.53742645, 28.71805278 ], [ 75.53994513, 28.72492492 ], [ 75.53043317, 28.73829498 ], [ 75.54061322, 28.74926961 ], [ 75.53034201, 28.74747664 ], [ 75.5221954, 28.76108455 ], [ 75.522043, 28.76793488 ], [ 75.51653369, 28.77042466 ], [ 75.51761354, 28.77384437 ], [ 75.5140272, 28.77335712 ], [ 75.51080695, 28.78101668 ], [ 75.50344713, 28.7824442 ], [ 75.50814799, 28.78864099 ], [ 75.50638744, 28.7923154 ], [ 75.51140178, 28.79350402 ], [ 75.50891455, 28.80280189 ], [ 75.51940317, 28.81296105 ], [ 75.52022298, 28.83403927 ], [ 75.51525493, 28.83473575 ], [ 75.51529359, 28.83987876 ], [ 75.50780455, 28.83925879 ], [ 75.5053138, 28.85115219 ], [ 75.49848375, 28.84895757 ], [ 75.49655015, 28.89625955 ], [ 75.48754617, 28.90320633 ], [ 75.48729931, 28.90792694 ], [ 75.4839569, 28.90757738 ], [ 75.47337232, 28.92342433 ], [ 75.47719678, 28.9347419 ], [ 75.49331001, 28.93631362 ], [ 75.49872843, 28.93402992 ], [ 75.50556593, 28.93594332 ], [ 75.50871848, 28.9422884 ], [ 75.51153989, 28.94210428 ], [ 75.5083313, 28.94835123 ], [ 75.51001211, 28.95384075 ], [ 75.52739912, 28.97103981 ], [ 75.52180444, 29.0039086 ], [ 75.50515092, 29.01180816 ], [ 75.47259447, 29.01432363 ], [ 75.45859919, 29.01421137 ], [ 75.44569828, 29.00840523 ], [ 75.44294142, 29.02298325 ], [ 75.44784828, 29.03046703 ], [ 75.44711759, 29.03518163 ], [ 75.45191501, 29.0391894 ], [ 75.44620804, 29.0485893 ], [ 75.44318896, 29.0480631 ], [ 75.44178803, 29.05756359 ], [ 75.43143355, 29.05633011 ], [ 75.41058621, 29.06224954 ], [ 75.39124992, 29.0627673 ], [ 75.3946782, 29.07597833 ], [ 75.39095864, 29.08539751 ], [ 75.39690796, 29.09760838 ], [ 75.39209887, 29.10200814 ], [ 75.39385818, 29.11009542 ], [ 75.40576493, 29.11984406 ], [ 75.40214985, 29.12792993 ], [ 75.38443894, 29.12948301 ], [ 75.37152116, 29.13813169 ], [ 75.37114796, 29.14156823 ], [ 75.37869792, 29.14219635 ], [ 75.38127959, 29.16893037 ], [ 75.40675655, 29.16978157 ], [ 75.40943592, 29.18023948 ], [ 75.41436527, 29.18434914 ], [ 75.40855591, 29.21320666 ], [ 75.39680975, 29.21757597 ], [ 75.3980848, 29.22358 ], [ 75.40230668, 29.22251585 ], [ 75.40211818, 29.22721468 ], [ 75.4087292, 29.23505549 ], [ 75.40867444, 29.24193327 ], [ 75.41197536, 29.24279415 ], [ 75.41056049, 29.25564304 ], [ 75.40605607, 29.25705291 ], [ 75.40545613, 29.26058261 ], [ 75.39316416, 29.26136127 ], [ 75.37895537, 29.25690076 ], [ 75.36233396, 29.24447187 ], [ 75.35996211, 29.22723533 ], [ 75.35587266, 29.22304568 ], [ 75.34974767, 29.22385174 ], [ 75.32814929, 29.23525403 ], [ 75.33866977, 29.25191816 ], [ 75.3405898, 29.28117769 ], [ 75.33501508, 29.28692779 ], [ 75.32294102, 29.28951303 ], [ 75.30671396, 29.27467217 ], [ 75.29834374, 29.27189305 ], [ 75.28833416, 29.27339377 ], [ 75.28409002, 29.24889825 ], [ 75.24512196, 29.25037913 ], [ 75.23837532, 29.23028292 ], [ 75.21008005, 29.23474141 ], [ 75.19849726, 29.25337278 ], [ 75.19567241, 29.26347458 ], [ 75.1881052, 29.26828043 ], [ 75.1686821, 29.25885813 ], [ 75.17434039, 29.25128447 ], [ 75.16291475, 29.24413449 ], [ 75.13782069, 29.23877374 ], [ 75.12436242, 29.23991361 ], [ 75.11958559, 29.22290757 ], [ 75.07551992, 29.22973415 ], [ 75.07321814, 29.24775364 ], [ 75.06123055, 29.26409125 ], [ 75.06046054, 29.27603536 ], [ 75.05008324, 29.28612977 ], [ 75.01986703, 29.28631908 ], [ 74.99864852, 29.27073066 ], [ 74.98310303, 29.28061939 ], [ 74.9611451, 29.28062477 ], [ 74.9483849, 29.30151791 ], [ 74.96086981, 29.32029931 ], [ 74.95450401, 29.33275525 ], [ 74.93986889, 29.34006291 ], [ 74.93833795, 29.36198286 ], [ 74.9167525, 29.37135402 ], [ 74.90016349, 29.38484877 ], [ 74.87760567, 29.38362223 ], [ 74.87138454, 29.39491973 ], [ 74.85059579, 29.40362652 ], [ 74.84478795, 29.39972926 ], [ 74.82035112, 29.39724942 ], [ 74.78752651, 29.36147086 ], [ 74.76217816, 29.35441925 ], [ 74.73928782, 29.35415838 ], [ 74.71943422, 29.37002152 ], [ 74.6909479, 29.3659618 ], [ 74.65820149, 29.37200887 ], [ 74.65206133, 29.35128683 ], [ 74.65448316, 29.33297837 ], [ 74.59925937, 29.32750375 ], [ 74.60720515, 29.35539843 ], [ 74.60287926, 29.3649517 ], [ 74.5852215, 29.37856051 ], [ 74.57786243, 29.38853963 ], [ 74.57363292, 29.40651809 ], [ 74.56628281, 29.42059399 ], [ 74.53667013, 29.42454554 ], [ 74.53462785, 29.44775448 ], [ 74.53675373, 29.45960077 ], [ 74.54375416, 29.46801453 ], [ 74.57318283, 29.46514306 ], [ 74.58462143, 29.45854461 ], [ 74.59585356, 29.48044441 ], [ 74.59536641, 29.48920889 ], [ 74.60038569, 29.4999819 ], [ 74.62188005, 29.52237637 ], [ 74.62304311, 29.53102929 ], [ 74.61490726, 29.53118749 ], [ 74.61178211, 29.53854489 ], [ 74.58989045, 29.547956 ], [ 74.57589222, 29.56015492 ], [ 74.57495443, 29.56424763 ], [ 74.58139133, 29.62648924 ], [ 74.58920537, 29.63178599 ], [ 74.59135001, 29.63957814 ], [ 74.58545361, 29.65452758 ], [ 74.60118264, 29.69043226 ], [ 74.6001474, 29.69909727 ], [ 74.60979533, 29.72180577 ], [ 74.60954191, 29.74337851 ], [ 74.61610269, 29.75219888 ], [ 74.60323497, 29.75802078 ], [ 74.60095334, 29.7659592 ], [ 74.58727836, 29.76694846 ], [ 74.58128724, 29.75236801 ], [ 74.57593744, 29.74836068 ], [ 74.57740419, 29.75403113 ], [ 74.56247905, 29.75563077 ], [ 74.54641996, 29.75305276 ], [ 74.53396756, 29.74044112 ], [ 74.48038099, 29.74353942 ], [ 74.47725861, 29.74535714 ], [ 74.47379234, 29.76838634 ], [ 74.47365015, 29.78674033 ], [ 74.48509385, 29.81505835 ], [ 74.50790291, 29.83309202 ], [ 74.53912877, 29.84063509 ], [ 74.54584564, 29.84565956 ], [ 74.56104761, 29.86968689 ], [ 74.55122587, 29.88229802 ], [ 74.54363263, 29.90148172 ], [ 74.52201258, 29.90229221 ], [ 74.51003123, 29.90823629 ], [ 74.52717257, 29.94283442 ], [ 74.10169448, 29.9671146 ], [ 73.89470854, 29.97388868 ], [ 73.89575526, 29.98130912 ], [ 73.88624942, 29.996141 ], [ 73.88627544, 30.01210745 ], [ 73.8937632, 30.02239107 ], [ 73.90402904, 30.05008376 ], [ 73.92988538, 30.06859559 ], [ 73.95217014, 30.10406822 ], [ 73.9676172, 30.11896535 ], [ 73.97512159, 30.12009472 ] ], [ [ 76.43964255, 28.1101152 ], [ 76.4229072, 28.11429443 ], [ 76.42181298, 28.12251638 ], [ 76.42927652, 28.13851238 ], [ 76.43360172, 28.13641262 ], [ 76.43326255, 28.13034442 ], [ 76.44104283, 28.11987805 ], [ 76.43964255, 28.1101152 ] ] ], [ [ [ 74.85102269, 24.68532958 ], [ 74.85089646, 24.68207355 ], [ 74.8516203, 24.67878716 ], [ 74.8530227, 24.67925011 ], [ 74.85102269, 24.68532958 ] ] ] ] } }
]
}
